Error handling registered!
20:20:41 [INFO ] GuiBase: ##########################################
20:20:41 [INFO ] GuiBase: APP: Forge v.2.0.13-SNAPSHOT-06.22
20:20:41 [INFO ] GuiBase: Java: 17.0.20 (Homebrew)
20:20:41 [INFO ] GuiBase: OS: Mac OS X 15.7.5 aarch64
20:20:41 [INFO ] GuiBase: RAM: 4096 MB max, 12 CPUs
20:20:41 [INFO ] GuiBase: ##########################################
Language 'en-US' loaded successfully.
(ThreadUtil first call): Running with priority 5
Read cards: 33319 archived files in 0 ms (25 parts) using thread pool
Upcoming set Star Trek (TRK) dated in the future. All `upcoming` cards will be added to this set with unknown rarity.
The card A-Alrund's Epiphany was not assigned to any set. Adding it to UNKNOWN set... to fix see res/editions/ folder. 
The card A-Baba Lysaga, Night Witch was not assigned to any set. Adding it to UNKNOWN set... to fix see res/editions/ folder. 
The card A-Divide by Zero was not assigned to any set. Adding it to UNKNOWN set... to fix see res/editions/ folder. 
The card A-Esika's Chariot was not assigned to any set. Adding it to UNKNOWN set... to fix see res/editions/ folder. 
The card A-Faceless Haven was not assigned to any set. Adding it to UNKNOWN set... to fix see res/editions/ folder. 
The card A-Fires of Invention was not assigned to any set. Adding it to UNKNOWN set... to fix see res/editions/ folder. 
The card A-Goldspan Dragon was not assigned to any set. Adding it to UNKNOWN set... to fix see res/editions/ folder. 
The card A-Hullbreaker Horror was not assigned to any set. Adding it to UNKNOWN set... to fix see res/editions/ folder. 
The card A-Kumano Faces Kakkazan was not assigned to any set. Adding it to UNKNOWN set... to fix see res/editions/ folder. 
The card A-Luminarch Aspirant was not assigned to any set. Adding it to UNKNOWN set... to fix see res/editions/ folder. 
The card A-Monster Manual was not assigned to any set. Adding it to UNKNOWN set... to fix see res/editions/ folder. 
The card A-Omnath, Locus of Creation was not assigned to any set. Adding it to UNKNOWN set... to fix see res/editions/ folder. 
The card A-The Meathook Massacre was not assigned to any set. Adding it to UNKNOWN set... to fix see res/editions/ folder. 
The card A-Unholy Heat was not assigned to any set. Adding it to UNKNOWN set... to fix see res/editions/ folder. 
The card Blinding Radiance was not assigned to any set. Adding it to UNKNOWN set... to fix see res/editions/ folder. 
The card Goblin Bruiser was not assigned to any set. Adding it to UNKNOWN set... to fix see res/editions/ folder. 
The card Ogre Painbringer was not assigned to any set. Adding it to UNKNOWN set... to fix see res/editions/ folder. 
The card Titanic Pelagosaur was not assigned to any set. Adding it to UNKNOWN set... to fix see res/editions/ folder. 
The card Treetop Recluse was not assigned to any set. Adding it to UNKNOWN set... to fix see res/editions/ folder. 
Upcoming set Star Trek (TRK) dated in the future. All `upcoming` cards will be added to this set with unknown rarity.
Read cards: 821 files in 0 ms (8 parts) using thread pool
Simulation mode
Ai(1)-Ur-Dragon B3 vs Ai(2)-Kilo Helm B3 vs Ai(3)-Atraxa Counters B3 vs Ai(4)-Meren Graveyard B3 - four games of Commander
Warning: default (ie. inherited from base class) implementation of confirmAction is used by Meren of Clan Nel Toth for forge.ai.ability.PermanentCreatureAi. Consider declaring an overloaded method
Warning: default (ie. inherited from base class) implementation of confirmAction is used by Meren of Clan Nel Toth for forge.ai.ability.PermanentCreatureAi. Consider declaring an overloaded method
Correcting zone for Jhoira, Weatherlight Captain (177)
Warning: default (ie. inherited from base class) implementation of confirmAction is used by Meren of Clan Nel Toth for forge.ai.ability.PermanentCreatureAi. Consider declaring an overloaded method
Warning: default (ie. inherited from base class) implementation of confirmAction is used by Meren of Clan Nel Toth for forge.ai.ability.PermanentCreatureAi. Consider declaring an overloaded method
Warning: default (ie. inherited from base class) implementation of confirmAction is used by Atraxa, Praetors' Voice for forge.ai.ability.PermanentCreatureAi. Consider declaring an overloaded method
Mulligan: Ai(3)-Atraxa Counters B3 has mulliganed down to 7 cards.
Mulligan: Ai(1)-Ur-Dragon B3 has kept a hand of 7 cards
Mulligan: Ai(2)-Kilo Helm B3 has kept a hand of 7 cards
Mulligan: Ai(3)-Atraxa Counters B3 has kept a hand of 7 cards
Mulligan: Ai(4)-Meren Graveyard B3 has kept a hand of 7 cards
Turn: Turn 1 (Ai(1)-Ur-Dragon B3)
Phase: Ai(1)-Ur-Dragon B3's Untap step
Phase: Ai(1)-Ur-Dragon B3's Upkeep step
Phase: Ai(1)-Ur-Dragon B3's Draw step
Phase: Ai(1)-Ur-Dragon B3's Main phase, precombat
Replacement Effect: Arcane Sanctum enters tapped.
Land: Ai(1)-Ur-Dragon B3 played Arcane Sanctum (3)
Phase: Ai(1)-Ur-Dragon B3's Beginning of Combat Step
Phase: Ai(1)-Ur-Dragon B3's Declare Attackers Step
Phase: Ai(1)-Ur-Dragon B3's Declare Blockers Step
Phase: Ai(1)-Ur-Dragon B3's First Strike Damage Step
Phase: Ai(1)-Ur-Dragon B3's Combat Damage Step
Phase: Ai(1)-Ur-Dragon B3's End of Combat Step
Phase: Ai(1)-Ur-Dragon B3's Main phase, postcombat
Phase: Ai(1)-Ur-Dragon B3's End step
Phase: Ai(1)-Ur-Dragon B3's Cleanup step
Turn: Turn 2 (Ai(2)-Kilo Helm B3)
Phase: Ai(2)-Kilo Helm B3's Untap step
Phase: Ai(2)-Kilo Helm B3's Upkeep step
Phase: Ai(2)-Kilo Helm B3's Draw step
Phase: Ai(2)-Kilo Helm B3's Main phase, precombat
Land: Ai(2)-Kilo Helm B3 played Seat of the Synod (186)
Phase: Ai(2)-Kilo Helm B3's Beginning of Combat Step
Phase: Ai(2)-Kilo Helm B3's Declare Attackers Step
Phase: Ai(2)-Kilo Helm B3's Declare Blockers Step
Phase: Ai(2)-Kilo Helm B3's First Strike Damage Step
Phase: Ai(2)-Kilo Helm B3's Combat Damage Step
Phase: Ai(2)-Kilo Helm B3's End of Combat Step
Phase: Ai(2)-Kilo Helm B3's Main phase, postcombat
Phase: Ai(2)-Kilo Helm B3's End step
Phase: Ai(2)-Kilo Helm B3's Cleanup step
Turn: Turn 3 (Ai(3)-Atraxa Counters B3)
Phase: Ai(3)-Atraxa Counters B3's Untap step
Phase: Ai(3)-Atraxa Counters B3's Upkeep step
Phase: Ai(3)-Atraxa Counters B3's Draw step
Phase: Ai(3)-Atraxa Counters B3's Main phase, precombat
Land: Ai(3)-Atraxa Counters B3 played Forest (258)
Phase: Ai(3)-Atraxa Counters B3's Beginning of Combat Step
Phase: Ai(3)-Atraxa Counters B3's Declare Attackers Step
Phase: Ai(3)-Atraxa Counters B3's Declare Blockers Step
Phase: Ai(3)-Atraxa Counters B3's First Strike Damage Step
Phase: Ai(3)-Atraxa Counters B3's Combat Damage Step
Phase: Ai(3)-Atraxa Counters B3's End of Combat Step
Phase: Ai(3)-Atraxa Counters B3's Main phase, postcombat
Mana: Forest (258) - {T}: Add {G}.
Add To Stack: Ai(3)-Atraxa Counters B3 cast Hardened Scales
Mana: Seat of the Synod (186) - {T}: Add {U}.
Add To Stack: Ai(2)-Kilo Helm B3 cast An Offer You Can't Refuse targeting [Hardened Scales]
Zone Change: Send countered spell to Graveyard
Resolve Stack: An Offer You Can't Refuse (193) - Counter Hardened Scales (204). Its controller creates two Treasure tokens.
Phase: Ai(3)-Atraxa Counters B3's End step
Phase: Ai(3)-Atraxa Counters B3's Cleanup step
Turn: Turn 4 (Ai(4)-Meren Graveyard B3)
Phase: Ai(4)-Meren Graveyard B3's Untap step
Phase: Ai(4)-Meren Graveyard B3's Upkeep step
Phase: Ai(4)-Meren Graveyard B3's Draw step
Phase: Ai(4)-Meren Graveyard B3's Main phase, precombat
Replacement Effect: Woodland Cemetery enters tapped unless you control a Swamp or a Forest.
Land: Ai(4)-Meren Graveyard B3 played Woodland Cemetery (380)
Phase: Ai(4)-Meren Graveyard B3's Beginning of Combat Step
Phase: Ai(4)-Meren Graveyard B3's Declare Attackers Step
Phase: Ai(4)-Meren Graveyard B3's Declare Blockers Step
Phase: Ai(4)-Meren Graveyard B3's First Strike Damage Step
Phase: Ai(4)-Meren Graveyard B3's Combat Damage Step
Phase: Ai(4)-Meren Graveyard B3's End of Combat Step
Phase: Ai(4)-Meren Graveyard B3's Main phase, postcombat
Phase: Ai(4)-Meren Graveyard B3's End step
Phase: Ai(4)-Meren Graveyard B3's Cleanup step
Turn: Turn 5 (Ai(1)-Ur-Dragon B3)
Phase: Ai(1)-Ur-Dragon B3's Untap step
Phase: Ai(1)-Ur-Dragon B3's Upkeep step
Phase: Ai(1)-Ur-Dragon B3's Draw step
Phase: Ai(1)-Ur-Dragon B3's Main phase, precombat
Replacement Effect: Sandsteppe Citadel enters tapped.
Land: Ai(1)-Ur-Dragon B3 played Sandsteppe Citadel (11)
Phase: Ai(1)-Ur-Dragon B3's Beginning of Combat Step
Phase: Ai(1)-Ur-Dragon B3's Declare Attackers Step
Phase: Ai(1)-Ur-Dragon B3's Declare Blockers Step
Phase: Ai(1)-Ur-Dragon B3's First Strike Damage Step
Phase: Ai(1)-Ur-Dragon B3's Combat Damage Step
Phase: Ai(1)-Ur-Dragon B3's End of Combat Step
Phase: Ai(1)-Ur-Dragon B3's Main phase, postcombat
Phase: Ai(1)-Ur-Dragon B3's End step
Phase: Ai(1)-Ur-Dragon B3's Cleanup step
Turn: Turn 6 (Ai(2)-Kilo Helm B3)
Phase: Ai(2)-Kilo Helm B3's Untap step
Phase: Ai(2)-Kilo Helm B3's Upkeep step
Phase: Ai(2)-Kilo Helm B3's Draw step
Phase: Ai(2)-Kilo Helm B3's Main phase, precombat
Land: Ai(2)-Kilo Helm B3 played Adarkar Wastes (198)
Phase: Ai(2)-Kilo Helm B3's Beginning of Combat Step
Phase: Ai(2)-Kilo Helm B3's Declare Attackers Step
Phase: Ai(2)-Kilo Helm B3's Declare Blockers Step
Phase: Ai(2)-Kilo Helm B3's First Strike Damage Step
Phase: Ai(2)-Kilo Helm B3's Combat Damage Step
Phase: Ai(2)-Kilo Helm B3's End of Combat Step
Phase: Ai(2)-Kilo Helm B3's Main phase, postcombat
Phase: Ai(2)-Kilo Helm B3's End step
Phase: Ai(2)-Kilo Helm B3's Cleanup step
Turn: Turn 7 (Ai(3)-Atraxa Counters B3)
Phase: Ai(3)-Atraxa Counters B3's Untap step
Phase: Ai(3)-Atraxa Counters B3's Upkeep step
Zone Change: Treasure Token (407) was put into Graveyard from Battlefield.
Mana: Treasure Token (407) - {T}, Sacrifice this token: Add one mana of any color.
Mana: Forest (258) - {T}: Add {G}.
Zone Change: Treasure Token (406) was put into Graveyard from Battlefield.
Mana: Treasure Token (406) - {T}, Sacrifice this token: Add one mana of any color.
Add To Stack: Ai(3)-Atraxa Counters B3 cast Putrefy targeting [Seat of the Synod (186)]
Zone Change: Seat of the Synod (186) was put into Graveyard from Battlefield.
Resolve Stack: Putrefy (267) - Destroy Seat of the Synod (186). It can't be regenerated.
Phase: Ai(3)-Atraxa Counters B3's Draw step
Phase: Ai(3)-Atraxa Counters B3's Main phase, precombat
Land: Ai(3)-Atraxa Counters B3 played Command Tower (211)
Phase: Ai(3)-Atraxa Counters B3's Beginning of Combat Step
Phase: Ai(3)-Atraxa Counters B3's Declare Attackers Step
Phase: Ai(3)-Atraxa Counters B3's Declare Blockers Step
Phase: Ai(3)-Atraxa Counters B3's First Strike Damage Step
Phase: Ai(3)-Atraxa Counters B3's Combat Damage Step
Phase: Ai(3)-Atraxa Counters B3's End of Combat Step
Phase: Ai(3)-Atraxa Counters B3's Main phase, postcombat
Phase: Ai(3)-Atraxa Counters B3's End step
Phase: Ai(3)-Atraxa Counters B3's Cleanup step
Turn: Turn 8 (Ai(4)-Meren Graveyard B3)
Phase: Ai(4)-Meren Graveyard B3's Untap step
Phase: Ai(4)-Meren Graveyard B3's Upkeep step
Phase: Ai(4)-Meren Graveyard B3's Draw step
Phase: Ai(4)-Meren Graveyard B3's Main phase, precombat
Land: Ai(4)-Meren Graveyard B3 played High Market (328)
Phase: Ai(4)-Meren Graveyard B3's Beginning of Combat Step
Phase: Ai(4)-Meren Graveyard B3's Declare Attackers Step
Phase: Ai(4)-Meren Graveyard B3's Declare Blockers Step
Phase: Ai(4)-Meren Graveyard B3's First Strike Damage Step
Phase: Ai(4)-Meren Graveyard B3's Combat Damage Step
Phase: Ai(4)-Meren Graveyard B3's End of Combat Step
Phase: Ai(4)-Meren Graveyard B3's Main phase, postcombat
Mana: Woodland Cemetery (380) - {T}: Add {B} or {G}.
Add To Stack: Ai(4)-Meren Graveyard B3 cast Carrion Feeder
Resolve Stack: Carrion Feeder - Creature 1 / 1
Phase: Ai(4)-Meren Graveyard B3's End step
Phase: Ai(4)-Meren Graveyard B3's Cleanup step
Turn: Turn 9 (Ai(1)-Ur-Dragon B3)
Phase: Ai(1)-Ur-Dragon B3's Untap step
Phase: Ai(1)-Ur-Dragon B3's Upkeep step
Phase: Ai(1)-Ur-Dragon B3's Draw step
Phase: Ai(1)-Ur-Dragon B3's Main phase, precombat
Phase: Ai(1)-Ur-Dragon B3's Beginning of Combat Step
Phase: Ai(1)-Ur-Dragon B3's Declare Attackers Step
Phase: Ai(1)-Ur-Dragon B3's Declare Blockers Step
Phase: Ai(1)-Ur-Dragon B3's First Strike Damage Step
Phase: Ai(1)-Ur-Dragon B3's Combat Damage Step
Phase: Ai(1)-Ur-Dragon B3's End of Combat Step
Phase: Ai(1)-Ur-Dragon B3's Main phase, postcombat
Mana: Sandsteppe Citadel (11) - {T}: Add {W}, {B}, or {G}.
Mana: Arcane Sanctum (3) - {T}: Add {W}, {U}, or {B}.
Add To Stack: Ai(1)-Ur-Dragon B3 cast Fellwar Stone
Resolve Stack: Fellwar Stone
Phase: Ai(1)-Ur-Dragon B3's End step
Phase: Ai(1)-Ur-Dragon B3's Cleanup step
Turn: Turn 10 (Ai(2)-Kilo Helm B3)
Phase: Ai(2)-Kilo Helm B3's Untap step
Phase: Ai(2)-Kilo Helm B3's Upkeep step
Phase: Ai(2)-Kilo Helm B3's Draw step
Phase: Ai(2)-Kilo Helm B3's Main phase, precombat
Land: Ai(2)-Kilo Helm B3 played The Mycosynth Gardens (163)
Phase: Ai(2)-Kilo Helm B3's Beginning of Combat Step
Phase: Ai(2)-Kilo Helm B3's Declare Attackers Step
Phase: Ai(2)-Kilo Helm B3's Declare Blockers Step
Phase: Ai(2)-Kilo Helm B3's First Strike Damage Step
Phase: Ai(2)-Kilo Helm B3's Combat Damage Step
Phase: Ai(2)-Kilo Helm B3's End of Combat Step
Phase: Ai(2)-Kilo Helm B3's Main phase, postcombat
Mana: The Mycosynth Gardens (163) - {T}: Add {C}.
Mana: Adarkar Wastes (198) - {T}: Add {C}.
Discard: Ai(2)-Kilo Helm B3 discards Angel of the Ruins (108).
Add To Stack: Ai(2)-Kilo Helm B3 activated Angel of the Ruins
Resolve Stack: Angel of the Ruins (108) - Ai(2)-Kilo Helm B3 searches their library for a Plains card, reveals it, puts it into their hand, then shuffles.
Phase: Ai(2)-Kilo Helm B3's End step
Phase: Ai(2)-Kilo Helm B3's Cleanup step
Turn: Turn 11 (Ai(3)-Atraxa Counters B3)
Phase: Ai(3)-Atraxa Counters B3's Untap step
Phase: Ai(3)-Atraxa Counters B3's Upkeep step
Phase: Ai(3)-Atraxa Counters B3's Draw step
Phase: Ai(3)-Atraxa Counters B3's Main phase, precombat
Replacement Effect: Opulent Palace enters tapped.
Land: Ai(3)-Atraxa Counters B3 played Opulent Palace (269)
Mana: Forest (258) - {T}: Add {G}.
Mana: Command Tower (211) - {T}: Add one mana of any color in your commander's color identity.
Add To Stack: Ai(3)-Atraxa Counters B3 cast Farseek
Resolve Stack: Farseek (271) - Ai(3)-Atraxa Counters B3 searches their library for a Plains, Island, Swamp or Mountain card, puts it onto the battlefield tapped, then shuffles.
Phase: Ai(3)-Atraxa Counters B3's Beginning of Combat Step
Phase: Ai(3)-Atraxa Counters B3's Declare Attackers Step
Phase: Ai(3)-Atraxa Counters B3's Declare Blockers Step
Phase: Ai(3)-Atraxa Counters B3's First Strike Damage Step
Phase: Ai(3)-Atraxa Counters B3's Combat Damage Step
Phase: Ai(3)-Atraxa Counters B3's End of Combat Step
Phase: Ai(3)-Atraxa Counters B3's Main phase, postcombat
Phase: Ai(3)-Atraxa Counters B3's End step
Phase: Ai(3)-Atraxa Counters B3's Cleanup step
Turn: Turn 12 (Ai(4)-Meren Graveyard B3)
Phase: Ai(4)-Meren Graveyard B3's Untap step
Phase: Ai(4)-Meren Graveyard B3's Upkeep step
Phase: Ai(4)-Meren Graveyard B3's Draw step
Phase: Ai(4)-Meren Graveyard B3's Main phase, precombat
Land: Ai(4)-Meren Graveyard B3 played Forest (363)
Phase: Ai(4)-Meren Graveyard B3's Beginning of Combat Step
Phase: Ai(4)-Meren Graveyard B3's Declare Attackers Step
Combat: Ai(4)-Meren Graveyard B3 assigned Carrion Feeder (323) to attack Ai(1)-Ur-Dragon B3.
Phase: Ai(4)-Meren Graveyard B3's Declare Blockers Step
Combat: Ai(1)-Ur-Dragon B3 didn't block Carrion Feeder (323).
Phase: Ai(4)-Meren Graveyard B3's First Strike Damage Step
Phase: Ai(4)-Meren Graveyard B3's Combat Damage Step
Damage: Carrion Feeder (323) deals 1 combat damage to Ai(1)-Ur-Dragon B3.
Life: Life: Ai(1)-Ur-Dragon B3 40 > 39
Phase: Ai(4)-Meren Graveyard B3's End of Combat Step
Phase: Ai(4)-Meren Graveyard B3's Main phase, postcombat
Mana: Forest (363) - {T}: Add {G}.
Add To Stack: Ai(4)-Meren Graveyard B3 cast Deathrite Shaman
Resolve Stack: Deathrite Shaman - Creature 1 / 2
Mana: Woodland Cemetery (380) - {T}: Add {B} or {G}.
Mana: High Market (328) - {T}: Add {C}.
Add To Stack: Ai(4)-Meren Graveyard B3 cast Sakura-Tribe Elder
Resolve Stack: Sakura-Tribe Elder - Creature 1 / 1
Zone Change: Sakura-Tribe Elder (378) was put into Graveyard from Battlefield.
Add To Stack: Ai(4)-Meren Graveyard B3 activated Sakura-Tribe Elder
Resolve Stack: Sakura-Tribe Elder (378) - Ai(4)-Meren Graveyard B3 searches their library for a basic land card, puts it onto the battlefield tapped, then shuffles.
Phase: Ai(4)-Meren Graveyard B3's End step
Phase: Ai(4)-Meren Graveyard B3's Cleanup step
Turn: Turn 13 (Ai(1)-Ur-Dragon B3)
Phase: Ai(1)-Ur-Dragon B3's Untap step
Phase: Ai(1)-Ur-Dragon B3's Upkeep step
Phase: Ai(1)-Ur-Dragon B3's Draw step
Phase: Ai(1)-Ur-Dragon B3's Main phase, precombat
Land: Ai(1)-Ur-Dragon B3 played Plains (43)
Mana: Fellwar Stone (29) - {T}: Add one mana of any color that a land an opponent controls could produce.
Mana: Plains (43) - {T}: Add {W}.
Mana: Sandsteppe Citadel (11) - {T}: Add {W}, {B}, or {G}.
Mana: Arcane Sanctum (3) - {T}: Add {W}, {U}, or {B}.
Add To Stack: Ai(1)-Ur-Dragon B3 cast Skyshroud Claim
Resolve Stack: Skyshroud Claim (83) - Ai(1)-Ur-Dragon B3 searches their library for  up to two Forest cards, puts them onto the battlefield, then shuffles.
Phase: Ai(1)-Ur-Dragon B3's Beginning of Combat Step
Phase: Ai(1)-Ur-Dragon B3's Declare Attackers Step
Phase: Ai(1)-Ur-Dragon B3's Declare Blockers Step
Phase: Ai(1)-Ur-Dragon B3's First Strike Damage Step
Phase: Ai(1)-Ur-Dragon B3's Combat Damage Step
Phase: Ai(1)-Ur-Dragon B3's End of Combat Step
Phase: Ai(1)-Ur-Dragon B3's Main phase, postcombat
Phase: Ai(1)-Ur-Dragon B3's End step
Phase: Ai(1)-Ur-Dragon B3's Cleanup step
Turn: Turn 14 (Ai(2)-Kilo Helm B3)
Phase: Ai(2)-Kilo Helm B3's Untap step
Phase: Ai(2)-Kilo Helm B3's Upkeep step
Phase: Ai(2)-Kilo Helm B3's Draw step
Phase: Ai(2)-Kilo Helm B3's Main phase, precombat
Replacement Effect: This land enters tapped unless you control two or more basic lands.
Land: Ai(2)-Kilo Helm B3 played Radiant Summit (124)
Phase: Ai(2)-Kilo Helm B3's Beginning of Combat Step
Phase: Ai(2)-Kilo Helm B3's Declare Attackers Step
Phase: Ai(2)-Kilo Helm B3's Declare Blockers Step
Phase: Ai(2)-Kilo Helm B3's First Strike Damage Step
Phase: Ai(2)-Kilo Helm B3's Combat Damage Step
Phase: Ai(2)-Kilo Helm B3's End of Combat Step
Phase: Ai(2)-Kilo Helm B3's Main phase, postcombat
Phase: Ai(2)-Kilo Helm B3's End step
Phase: Ai(2)-Kilo Helm B3's Cleanup step
Turn: Turn 15 (Ai(3)-Atraxa Counters B3)
Phase: Ai(3)-Atraxa Counters B3's Untap step
Phase: Ai(3)-Atraxa Counters B3's Upkeep step
Phase: Ai(3)-Atraxa Counters B3's Draw step
Phase: Ai(3)-Atraxa Counters B3's Main phase, precombat
Replacement Effect: Temple of Plenty enters tapped.
Land: Ai(3)-Atraxa Counters B3 played Temple of Plenty (241)
Add To Stack: Ai(3)-Atraxa Counters B3 triggered Temple of Plenty
Resolve Stack: Ai(3)-Atraxa Counters B3 scried 1 card(s) to the top of the library
Resolve Stack: When Temple of Plenty enters, scry 1. [Zone Changer: Temple of Plenty (241)]
Phase: Ai(3)-Atraxa Counters B3's Beginning of Combat Step
Phase: Ai(3)-Atraxa Counters B3's Declare Attackers Step
Phase: Ai(3)-Atraxa Counters B3's Declare Blockers Step
Phase: Ai(3)-Atraxa Counters B3's First Strike Damage Step
Phase: Ai(3)-Atraxa Counters B3's Combat Damage Step
Phase: Ai(3)-Atraxa Counters B3's End of Combat Step
Phase: Ai(3)-Atraxa Counters B3's Main phase, postcombat
Mana: Plains (253) - {T}: Add {W}.
Mana: Forest (258) - {T}: Add {G}.
Mana: Opulent Palace (269) - {T}: Add {B}, {G}, or {U}.
Add To Stack: Ai(3)-Atraxa Counters B3 cast Astral Cornucopia
Replacement Effect: Astral Cornucopia enters with X charge counters on it.
Resolve Stack: Astral Cornucopia (X=1)
Phase: Ai(3)-Atraxa Counters B3's End step
Phase: Ai(3)-Atraxa Counters B3's Cleanup step
Turn: Turn 16 (Ai(4)-Meren Graveyard B3)
Phase: Ai(4)-Meren Graveyard B3's Untap step
Phase: Ai(4)-Meren Graveyard B3's Upkeep step
Phase: Ai(4)-Meren Graveyard B3's Draw step
Phase: Ai(4)-Meren Graveyard B3's Main phase, precombat
Land: Ai(4)-Meren Graveyard B3 played Swamp (394)
Phase: Ai(4)-Meren Graveyard B3's Beginning of Combat Step
Phase: Ai(4)-Meren Graveyard B3's Declare Attackers Step
Combat: Ai(4)-Meren Graveyard B3 assigned Carrion Feeder (323) and Deathrite Shaman (383) to attack Ai(1)-Ur-Dragon B3.
Phase: Ai(4)-Meren Graveyard B3's Declare Blockers Step
Combat: Ai(1)-Ur-Dragon B3 didn't block Carrion Feeder (323).
Ai(1)-Ur-Dragon B3 didn't block Deathrite Shaman (383).
Phase: Ai(4)-Meren Graveyard B3's First Strike Damage Step
Phase: Ai(4)-Meren Graveyard B3's Combat Damage Step
Damage: Carrion Feeder (323) deals 1 combat damage to Ai(1)-Ur-Dragon B3.
Damage: Deathrite Shaman (383) deals 1 combat damage to Ai(1)-Ur-Dragon B3.
Life: Life: Ai(1)-Ur-Dragon B3 39 > 37
Phase: Ai(4)-Meren Graveyard B3's End of Combat Step
Phase: Ai(4)-Meren Graveyard B3's Main phase, postcombat
Mana: Forest (363) - {T}: Add {G}.
Mana: Swamp (393) - {T}: Add {B}.
Mana: Swamp (394) - {T}: Add {B}.
Mana: Woodland Cemetery (380) - {T}: Add {B} or {G}.
Add To Stack: Ai(4)-Meren Graveyard B3 cast Meren of Clan Nel Toth
Mana: Command Tower (211) - {T}: Add one mana of any color in your commander's color identity.
Mana: Astral Cornucopia (205) - {T}: Choose a color. Add one mana of that color for each charge counter on this artifact.
Add To Stack: Ai(3)-Atraxa Counters B3 cast Counterspell targeting [Meren of Clan Nel Toth - Creature 3 / 4]
Zone Change: Send countered spell to Graveyard
Resolve Stack: Counterspell (218) - Counter Meren of Clan Nel Toth (403).
Phase: Ai(4)-Meren Graveyard B3's End step
Phase: Ai(4)-Meren Graveyard B3's Cleanup step
Turn: Turn 17 (Ai(1)-Ur-Dragon B3)
Phase: Ai(1)-Ur-Dragon B3's Untap step
Phase: Ai(1)-Ur-Dragon B3's Upkeep step
Phase: Ai(1)-Ur-Dragon B3's Draw step
Phase: Ai(1)-Ur-Dragon B3's Main phase, precombat
Land: Ai(1)-Ur-Dragon B3 played Island (56)
Mana: Fellwar Stone (29) - {T}: Add one mana of any color that a land an opponent controls could produce.
Mana: Island (56) - {T}: Add {U}.
Mana: Plains (43) - {T}: Add {W}.
Mana: Forest (49) - {T}: Add {G}.
Add To Stack: Ai(1)-Ur-Dragon B3 cast Rite of Replication targeting [Deathrite Shaman (383)]
Resolve Stack: Rite of Replication (2) - Ai(1)-Ur-Dragon B3 creates a token that's a copy of Deathrite Shaman (383).
Phase: Ai(1)-Ur-Dragon B3's Beginning of Combat Step
Phase: Ai(1)-Ur-Dragon B3's Declare Attackers Step
Phase: Ai(1)-Ur-Dragon B3's Declare Blockers Step
Phase: Ai(1)-Ur-Dragon B3's First Strike Damage Step
Phase: Ai(1)-Ur-Dragon B3's Combat Damage Step
Phase: Ai(1)-Ur-Dragon B3's End of Combat Step
Phase: Ai(1)-Ur-Dragon B3's Main phase, postcombat
Mana: Forest (45) - {T}: Add {G}.
Mana: Sandsteppe Citadel (11) - {T}: Add {W}, {B}, or {G}.
Mana: Arcane Sanctum (3) - {T}: Add {W}, {U}, or {B}.
Add To Stack: Ai(1)-Ur-Dragon B3 cast Urza's Incubator
Replacement Effect: As Urza's Incubator enters, choose a creature type.
Resolve Stack: Urza's Incubator
Phase: Ai(1)-Ur-Dragon B3's End step
Phase: Ai(1)-Ur-Dragon B3's Cleanup step
Turn: Turn 18 (Ai(2)-Kilo Helm B3)
Phase: Ai(2)-Kilo Helm B3's Untap step
Phase: Ai(2)-Kilo Helm B3's Upkeep step
Phase: Ai(2)-Kilo Helm B3's Draw step
Phase: Ai(2)-Kilo Helm B3's Main phase, precombat
Land: Ai(2)-Kilo Helm B3 played Academy Ruins (155)
Phase: Ai(2)-Kilo Helm B3's Beginning of Combat Step
Phase: Ai(2)-Kilo Helm B3's Declare Attackers Step
Phase: Ai(2)-Kilo Helm B3's Declare Blockers Step
Phase: Ai(2)-Kilo Helm B3's First Strike Damage Step
Phase: Ai(2)-Kilo Helm B3's Combat Damage Step
Phase: Ai(2)-Kilo Helm B3's End of Combat Step
Phase: Ai(2)-Kilo Helm B3's Main phase, postcombat
Damage: Adarkar Wastes (198) deals 1 non-combat damage to Ai(2)-Kilo Helm B3.
Life: Life: Ai(2)-Kilo Helm B3 40 > 39
Mana: Adarkar Wastes (198) - {T}: Add {W} or {U}. Adarkar Wastes deals 1 damage to you. 
Mana: Radiant Summit (124) - {T}: Add {R}.
Mana: Academy Ruins (155) - {T}: Add {C}.
Mana: The Mycosynth Gardens (163) - {T}: Add {C}.
Add To Stack: Ai(2)-Kilo Helm B3 cast Jhoira, Weatherlight Captain
Resolve Stack: Jhoira, Weatherlight Captain - Creature 3 / 3
Phase: Ai(2)-Kilo Helm B3's End step
Phase: Ai(2)-Kilo Helm B3's Cleanup step
Turn: Turn 19 (Ai(3)-Atraxa Counters B3)
Phase: Ai(3)-Atraxa Counters B3's Untap step
Phase: Ai(3)-Atraxa Counters B3's Upkeep step
Phase: Ai(3)-Atraxa Counters B3's Draw step
Phase: Ai(3)-Atraxa Counters B3's Main phase, precombat
Phase: Ai(3)-Atraxa Counters B3's Beginning of Combat Step
Phase: Ai(3)-Atraxa Counters B3's Declare Attackers Step
Phase: Ai(3)-Atraxa Counters B3's Declare Blockers Step
Phase: Ai(3)-Atraxa Counters B3's First Strike Damage Step
Phase: Ai(3)-Atraxa Counters B3's Combat Damage Step
Phase: Ai(3)-Atraxa Counters B3's End of Combat Step
Phase: Ai(3)-Atraxa Counters B3's Main phase, postcombat
Mana: Opulent Palace (269) - {T}: Add {B}, {G}, or {U}.
Mana: Command Tower (211) - {T}: Add one mana of any color in your commander's color identity.
Mana: Plains (253) - {T}: Add {W}.
Mana: Forest (258) - {T}: Add {G}.
Add To Stack: Ai(3)-Atraxa Counters B3 cast Atraxa, Praetors' Voice
Resolve Stack: Atraxa, Praetors' Voice - Creature 4 / 4
Phase: Ai(3)-Atraxa Counters B3's End step
Add To Stack: Ai(3)-Atraxa Counters B3 triggered Atraxa, Praetors' Voice
Resolve Stack: At the beginning of your end step, proliferate. (Choose any number of permanents and/or players, then give each another counter of each kind already there.) [Phase: Ai(3)-Atraxa Counters B3]
Phase: Ai(3)-Atraxa Counters B3's Cleanup step
Turn: Turn 20 (Ai(4)-Meren Graveyard B3)
Phase: Ai(4)-Meren Graveyard B3's Untap step
Phase: Ai(4)-Meren Graveyard B3's Upkeep step
Phase: Ai(4)-Meren Graveyard B3's Draw step
Phase: Ai(4)-Meren Graveyard B3's Main phase, precombat
Land: Ai(4)-Meren Graveyard B3 played Forest (358)
Phase: Ai(4)-Meren Graveyard B3's Beginning of Combat Step
Phase: Ai(4)-Meren Graveyard B3's Declare Attackers Step
Combat: Ai(4)-Meren Graveyard B3 assigned Carrion Feeder (323) to attack Ai(1)-Ur-Dragon B3.
Phase: Ai(4)-Meren Graveyard B3's Declare Blockers Step
Combat: Ai(1)-Ur-Dragon B3 didn't block Carrion Feeder (323).
Phase: Ai(4)-Meren Graveyard B3's First Strike Damage Step
Phase: Ai(4)-Meren Graveyard B3's Combat Damage Step
Damage: Carrion Feeder (323) deals 1 combat damage to Ai(1)-Ur-Dragon B3.
Life: Life: Ai(1)-Ur-Dragon B3 37 > 36
Phase: Ai(4)-Meren Graveyard B3's End of Combat Step
Phase: Ai(4)-Meren Graveyard B3's Main phase, postcombat
Mana: Swamp (393) - {T}: Add {B}.
Mana: Forest (363) - {T}: Add {G}.
Mana: Forest (358) - {T}: Add {G}.
Mana: Swamp (394) - {T}: Add {B}.
Mana: Woodland Cemetery (380) - {T}: Add {B} or {G}.
Mana: High Market (328) - {T}: Add {C}.
Add To Stack: Ai(4)-Meren Graveyard B3 cast Meren of Clan Nel Toth
Resolve Stack: Meren of Clan Nel Toth - Creature 3 / 4
Phase: Ai(4)-Meren Graveyard B3's End step
Add To Stack: Ai(4)-Meren Graveyard B3 triggered Meren of Clan Nel Toth targeting [Sakura-Tribe Elder (378)]
Mana: Temple of Plenty (241) - {T}: Add {G} or {W}.
Add To Stack: Ai(3)-Atraxa Counters B3 cast Path to Exile targeting [Meren of Clan Nel Toth (403)]
Zone Change: Deathrite Shaman (383) was put into Graveyard from Battlefield.
Add To Stack: Ai(4)-Meren Graveyard B3 activated Carrion Feeder
Add To Stack: Ai(4)-Meren Graveyard B3 triggered Meren of Clan Nel Toth
Resolve Stack: Whenever another creature you control dies, you get an experience counter. [Zone Changer: Deathrite Shaman (383)]
Resolve Stack: Carrion Feeder (323) - Ai(4)-Meren Graveyard B3 puts a +1/+1 counter on Carrion Feeder (323).
Zone Change: Meren of Clan Nel Toth (403) was put into Graveyard from Battlefield.
Add To Stack: Ai(4)-Meren Graveyard B3 activated Carrion Feeder
Resolve Stack: Carrion Feeder (323) - Ai(4)-Meren Graveyard B3 puts a +1/+1 counter on Carrion Feeder (323).
Resolve Stack: Path to Exile ability fizzles.
Resolve Stack: At the beginning of your end step, choose target creature card in your graveyard. If that card's mana value is less than or equal to the number of experience counters you have, return it to the battlefield. Otherwise, put it into your hand. (Targeting: [[Sakura-Tribe Elder (378)]]) [Phase: Ai(4)-Meren Graveyard B3]
Phase: Ai(4)-Meren Graveyard B3's Cleanup step
Turn: Turn 21 (Ai(1)-Ur-Dragon B3)
Phase: Ai(1)-Ur-Dragon B3's Untap step
Phase: Ai(1)-Ur-Dragon B3's Upkeep step
Mana: Fellwar Stone (29) - {T}: Add one mana of any color that a land an opponent controls could produce.
Mana: Plains (43) - {T}: Add {W}.
Mana: Forest (49) - {T}: Add {G}.
Add To Stack: Ai(1)-Ur-Dragon B3 cast Chaos Warp targeting [Atraxa, Praetors' Voice (302)]
Replacement Effect: If a commander would be put into its owner's hand or library from anywhere, its owner may put it into the command zone instead.
Resolve Stack: Chaos Warp (30) - Shuffle Atraxa, Praetors' Voice (302) into its owner's library. Ai(1)-Ur-Dragon B3 reveals the top card of Ai(3)-Atraxa Counters B3's library.
Phase: Ai(1)-Ur-Dragon B3's Draw step
Phase: Ai(1)-Ur-Dragon B3's Main phase, precombat
Land: Ai(1)-Ur-Dragon B3 played Mountain (80)
Mana: Arcane Sanctum (3) - {T}: Add {W}, {U}, or {B}.
Mana: Island (56) - {T}: Add {U}.
Mana: Forest (45) - {T}: Add {G}.
Add To Stack: Ai(1)-Ur-Dragon B3 cast Dragonlord Silumgar
Resolve Stack: Dragonlord Silumgar - Creature 3 / 5
Add To Stack: Ai(1)-Ur-Dragon B3 triggered Dragonlord Silumgar targeting [Jhoira, Weatherlight Captain (177)]
Resolve Stack: When Dragonlord Silumgar enters, gain control of target creature or planeswalker for as long as you control Dragonlord Silumgar. (Targeting: [[Jhoira, Weatherlight Captain (177)]]) [Zone Changer: Dragonlord Silumgar (72)]
Phase: Ai(1)-Ur-Dragon B3's Beginning of Combat Step
Phase: Ai(1)-Ur-Dragon B3's Declare Attackers Step
Combat: Ai(1)-Ur-Dragon B3 assigned Deathrite Shaman (409) to attack Ai(4)-Meren Graveyard B3.
Phase: Ai(1)-Ur-Dragon B3's Declare Blockers Step
Combat: Ai(4)-Meren Graveyard B3 didn't block Deathrite Shaman (409).
Phase: Ai(1)-Ur-Dragon B3's First Strike Damage Step
Phase: Ai(1)-Ur-Dragon B3's Combat Damage Step
Damage: Deathrite Shaman (409) deals 1 combat damage to Ai(4)-Meren Graveyard B3.
Life: Life: Ai(4)-Meren Graveyard B3 40 > 39
Phase: Ai(1)-Ur-Dragon B3's End of Combat Step
Phase: Ai(1)-Ur-Dragon B3's Main phase, postcombat
Phase: Ai(1)-Ur-Dragon B3's End step
Phase: Ai(1)-Ur-Dragon B3's Cleanup step
Turn: Turn 22 (Ai(2)-Kilo Helm B3)
Phase: Ai(2)-Kilo Helm B3's Untap step
Phase: Ai(2)-Kilo Helm B3's Upkeep step
Phase: Ai(2)-Kilo Helm B3's Draw step
Phase: Ai(2)-Kilo Helm B3's Main phase, precombat
Land: Ai(2)-Kilo Helm B3 played Skycloud Expanse (183)
Phase: Ai(2)-Kilo Helm B3's Beginning of Combat Step
Phase: Ai(2)-Kilo Helm B3's Declare Attackers Step
Phase: Ai(2)-Kilo Helm B3's Declare Blockers Step
Phase: Ai(2)-Kilo Helm B3's First Strike Damage Step
Phase: Ai(2)-Kilo Helm B3's Combat Damage Step
Phase: Ai(2)-Kilo Helm B3's End of Combat Step
Phase: Ai(2)-Kilo Helm B3's Main phase, postcombat
Mana: Radiant Summit (124) - {T}: Add {R}.
Mana: Academy Ruins (155) - {T}: Add {C}.
Mana: The Mycosynth Gardens (163) - {T}: Add {C}.
Mana: Adarkar Wastes (198) - {T}: Add {C}.
Add To Stack: Ai(2)-Kilo Helm B3 cast Lux Cannon
Resolve Stack: Lux Cannon
Phase: Ai(2)-Kilo Helm B3's End step
Phase: Ai(2)-Kilo Helm B3's Cleanup step
Turn: Turn 23 (Ai(3)-Atraxa Counters B3)
Phase: Ai(3)-Atraxa Counters B3's Untap step
Phase: Ai(3)-Atraxa Counters B3's Upkeep step
Phase: Ai(3)-Atraxa Counters B3's Draw step
Phase: Ai(3)-Atraxa Counters B3's Main phase, precombat
Phase: Ai(3)-Atraxa Counters B3's Beginning of Combat Step
Phase: Ai(3)-Atraxa Counters B3's Declare Attackers Step
Phase: Ai(3)-Atraxa Counters B3's Declare Blockers Step
Phase: Ai(3)-Atraxa Counters B3's First Strike Damage Step
Phase: Ai(3)-Atraxa Counters B3's Combat Damage Step
Phase: Ai(3)-Atraxa Counters B3's End of Combat Step
Phase: Ai(3)-Atraxa Counters B3's Main phase, postcombat
Mana: Opulent Palace (269) - {T}: Add {B}, {G}, or {U}.
Mana: Command Tower (211) - {T}: Add one mana of any color in your commander's color identity.
Mana: Plains (253) - {T}: Add {W}.
Mana: Swamp (291) - {T}: Add {B}.
Mana: Forest (258) - {T}: Add {G}.
Add To Stack: Ai(3)-Atraxa Counters B3 cast Inexorable Tide
Add To Stack: Ai(2)-Kilo Helm B3 activated Lux Cannon
Resolve Stack: Lux Cannon (178) - Ai(2)-Kilo Helm B3 puts a charge counter on Lux Cannon (178).
Resolve Stack: Inexorable Tide
Mana: Temple of Plenty (241) - {T}: Add {G} or {W}.
Mana: Astral Cornucopia (205) - {T}: Choose a color. Add one mana of that color for each charge counter on this artifact.
Add To Stack: Ai(3)-Atraxa Counters B3 cast Evolution Sage
Add To Stack: Ai(3)-Atraxa Counters B3 triggered Inexorable Tide
Resolve Stack: Whenever you cast a spell, proliferate. [Card: Evolution Sage (279), Activator: Ai(3)-Atraxa Counters B3, SpellAbility: Evolution Sage - Creature 3 / 2]
Resolve Stack: Evolution Sage - Creature 3 / 2
Phase: Ai(3)-Atraxa Counters B3's End step
Phase: Ai(3)-Atraxa Counters B3's Cleanup step
Turn: Turn 24 (Ai(4)-Meren Graveyard B3)
Phase: Ai(4)-Meren Graveyard B3's Untap step
Phase: Ai(4)-Meren Graveyard B3's Upkeep step
Phase: Ai(4)-Meren Graveyard B3's Draw step
Phase: Ai(4)-Meren Graveyard B3's Main phase, precombat
Phase: Ai(4)-Meren Graveyard B3's Beginning of Combat Step
Phase: Ai(4)-Meren Graveyard B3's Declare Attackers Step
Phase: Ai(4)-Meren Graveyard B3's Declare Blockers Step
Phase: Ai(4)-Meren Graveyard B3's First Strike Damage Step
Phase: Ai(4)-Meren Graveyard B3's Combat Damage Step
Phase: Ai(4)-Meren Graveyard B3's End of Combat Step
Phase: Ai(4)-Meren Graveyard B3's Main phase, postcombat
Land: Ai(4)-Meren Graveyard B3 played Swamp (391)
Mana: Forest (363) - {T}: Add {G}.
Mana: Forest (358) - {T}: Add {G}.
Add To Stack: Ai(4)-Meren Graveyard B3 cast Sakura-Tribe Elder
Resolve Stack: Sakura-Tribe Elder - Creature 1 / 1
Zone Change: Sakura-Tribe Elder (378) was put into Graveyard from Battlefield.
Add To Stack: Ai(4)-Meren Graveyard B3 activated Sakura-Tribe Elder
Resolve Stack: Sakura-Tribe Elder (378) - Ai(4)-Meren Graveyard B3 searches their library for a basic land card, puts it onto the battlefield tapped, then shuffles.
Phase: Ai(4)-Meren Graveyard B3's End step
Phase: Ai(4)-Meren Graveyard B3's Cleanup step
Turn: Turn 25 (Ai(1)-Ur-Dragon B3)
Phase: Ai(1)-Ur-Dragon B3's Untap step
Phase: Ai(1)-Ur-Dragon B3's Upkeep step
Phase: Ai(1)-Ur-Dragon B3's Draw step
Phase: Ai(1)-Ur-Dragon B3's Main phase, precombat
Mana: Fellwar Stone (29) - {T}: Add one mana of any color that a land an opponent controls could produce.
Mana: Mountain (80) - {T}: Add {R}.
Mana: Plains (43) - {T}: Add {W}.
Add To Stack: Ai(1)-Ur-Dragon B3 cast Hellkite Charger
Resolve Stack: Hellkite Charger - Creature 5 / 5
Phase: Ai(1)-Ur-Dragon B3's Beginning of Combat Step
Phase: Ai(1)-Ur-Dragon B3's Declare Attackers Step
Combat: Ai(1)-Ur-Dragon B3 assigned Hellkite Charger (86) and Jhoira, Weatherlight Captain (177) to attack Ai(3)-Atraxa Counters B3.
Add To Stack: Ai(1)-Ur-Dragon B3 triggered Hellkite Charger
Resolve Stack: Whenever Hellkite Charger attacks, you may pay {5}{R}{R}. If you do, untap all attacking creatures and after this phase, there is an additional combat phase. [Attacker: Hellkite Charger (86)]
Phase: Ai(1)-Ur-Dragon B3's Declare Blockers Step
Combat: Ai(3)-Atraxa Counters B3 didn't block Hellkite Charger (86).
Ai(3)-Atraxa Counters B3 didn't block Jhoira, Weatherlight Captain (177).
Phase: Ai(1)-Ur-Dragon B3's First Strike Damage Step
Phase: Ai(1)-Ur-Dragon B3's Combat Damage Step
Damage: Hellkite Charger (86) deals 5 combat damage to Ai(3)-Atraxa Counters B3.
Damage: Jhoira, Weatherlight Captain (177) deals 3 combat damage to Ai(3)-Atraxa Counters B3.
Life: Life: Ai(3)-Atraxa Counters B3 40 > 32
Phase: Ai(1)-Ur-Dragon B3's End of Combat Step
Phase: Ai(1)-Ur-Dragon B3's Main phase, postcombat
Phase: Ai(1)-Ur-Dragon B3's End step
Phase: Ai(1)-Ur-Dragon B3's Cleanup step
Turn: Turn 26 (Ai(2)-Kilo Helm B3)
Phase: Ai(2)-Kilo Helm B3's Untap step
Phase: Ai(2)-Kilo Helm B3's Upkeep step
Phase: Ai(2)-Kilo Helm B3's Draw step
Phase: Ai(2)-Kilo Helm B3's Main phase, precombat
Replacement Effect: Glacial Fortress enters tapped unless you control a Plains or an Island.
Land: Ai(2)-Kilo Helm B3 played Glacial Fortress (179)
Mana: Radiant Summit (124) - {T}: Add {R}.
Mana: Glacial Fortress (179) - {T}: Add {W} or {U}.
Damage: Adarkar Wastes (198) deals 1 non-combat damage to Ai(2)-Kilo Helm B3.
Life: Life: Ai(2)-Kilo Helm B3 39 > 38
Mana: Adarkar Wastes (198) - {T}: Add {W} or {U}. Adarkar Wastes deals 1 damage to you. 
Add To Stack: Ai(2)-Kilo Helm B3 cast Kilo, Apogee Mind
Resolve Stack: Kilo, Apogee Mind - Creature 3 / 3
Phase: Ai(2)-Kilo Helm B3's Beginning of Combat Step
Phase: Ai(2)-Kilo Helm B3's Declare Attackers Step
Phase: Ai(2)-Kilo Helm B3's Declare Blockers Step
Phase: Ai(2)-Kilo Helm B3's First Strike Damage Step
Phase: Ai(2)-Kilo Helm B3's Combat Damage Step
Phase: Ai(2)-Kilo Helm B3's End of Combat Step
Phase: Ai(2)-Kilo Helm B3's Main phase, postcombat
Phase: Ai(2)-Kilo Helm B3's End step
Phase: Ai(2)-Kilo Helm B3's Cleanup step
Turn: Turn 27 (Ai(3)-Atraxa Counters B3)
Phase: Ai(3)-Atraxa Counters B3's Untap step
Phase: Ai(3)-Atraxa Counters B3's Upkeep step
Phase: Ai(3)-Atraxa Counters B3's Draw step
Phase: Ai(3)-Atraxa Counters B3's Main phase, precombat
Land: Ai(3)-Atraxa Counters B3 played Forest (256)
Add To Stack: Ai(3)-Atraxa Counters B3 triggered Evolution Sage
Resolve Stack: Landfall — Whenever a land you control enters, proliferate. (Choose any number of permanents and/or players, then give each another counter of each kind already there.) [Zone Changer: Forest (256)]
Mana: Opulent Palace (269) - {T}: Add {B}, {G}, or {U}.
Mana: Swamp (291) - {T}: Add {B}.
Mana: Plains (253) - {T}: Add {W}.
Mana: Forest (258) - {T}: Add {G}.
Mana: Forest (256) - {T}: Add {G}.
Mana: Temple of Plenty (241) - {T}: Add {G} or {W}.
Add To Stack: Ai(3)-Atraxa Counters B3 cast Atraxa, Praetors' Voice
Add To Stack: Ai(3)-Atraxa Counters B3 triggered Inexorable Tide
Resolve Stack: Whenever you cast a spell, proliferate. [Card: Atraxa, Praetors' Voice (302), Activator: Ai(3)-Atraxa Counters B3, SpellAbility: Atraxa, Praetors' Voice - Creature 4 / 4]
Resolve Stack: Atraxa, Praetors' Voice - Creature 4 / 4
Phase: Ai(3)-Atraxa Counters B3's Beginning of Combat Step
Phase: Ai(3)-Atraxa Counters B3's Declare Attackers Step
Phase: Ai(3)-Atraxa Counters B3's Declare Blockers Step
Phase: Ai(3)-Atraxa Counters B3's First Strike Damage Step
Phase: Ai(3)-Atraxa Counters B3's Combat Damage Step
Phase: Ai(3)-Atraxa Counters B3's End of Combat Step
Phase: Ai(3)-Atraxa Counters B3's Main phase, postcombat
Add To Stack: Ai(2)-Kilo Helm B3 activated Lux Cannon
Resolve Stack: Lux Cannon (178) - Ai(2)-Kilo Helm B3 puts a charge counter on Lux Cannon (178).
Phase: Ai(3)-Atraxa Counters B3's End step
Add To Stack: Ai(3)-Atraxa Counters B3 triggered Atraxa, Praetors' Voice
Resolve Stack: At the beginning of your end step, proliferate. (Choose any number of permanents and/or players, then give each another counter of each kind already there.) [Phase: Ai(3)-Atraxa Counters B3]
Phase: Ai(3)-Atraxa Counters B3's Cleanup step
Turn: Turn 28 (Ai(4)-Meren Graveyard B3)
Phase: Ai(4)-Meren Graveyard B3's Untap step
Phase: Ai(4)-Meren Graveyard B3's Upkeep step
Phase: Ai(4)-Meren Graveyard B3's Draw step
Phase: Ai(4)-Meren Graveyard B3's Main phase, precombat
Phase: Ai(4)-Meren Graveyard B3's Beginning of Combat Step
Phase: Ai(4)-Meren Graveyard B3's Declare Attackers Step
Phase: Ai(4)-Meren Graveyard B3's Declare Blockers Step
Phase: Ai(4)-Meren Graveyard B3's First Strike Damage Step
Phase: Ai(4)-Meren Graveyard B3's Combat Damage Step
Phase: Ai(4)-Meren Graveyard B3's End of Combat Step
Phase: Ai(4)-Meren Graveyard B3's Main phase, postcombat
Land: Ai(4)-Meren Graveyard B3 played Swamp (386)
Mana: Swamp (393) - {T}: Add {B}.
Mana: Swamp (394) - {T}: Add {B}.
Mana: Forest (363) - {T}: Add {G}.
Mana: Forest (358) - {T}: Add {G}.
Mana: Forest (366) - {T}: Add {G}.
Mana: Swamp (391) - {T}: Add {B}.
Add To Stack: Ai(4)-Meren Graveyard B3 cast Grave Titan
Resolve Stack: Grave Titan - Creature 6 / 6
Add To Stack: Ai(4)-Meren Graveyard B3 triggered Grave Titan
Resolve Stack: Whenever Grave Titan enters or attacks, create two 2/2 black Zombie creature tokens. [Zone Changer: Grave Titan (398)]
Mana: Swamp (386) - {T}: Add {B}.
Mana: Woodland Cemetery (380) - {T}: Add {B} or {G}.
Mana: High Market (328) - {T}: Add {C}.
Add To Stack: Ai(4)-Meren Graveyard B3 cast Victimize
Zone Change: Zombie Token (413) was put into Graveyard from Battlefield.
Resolve Stack: Victimize (335) - Ai(4)-Meren Graveyard B3 sacrifices a creature. If you do, return Sakura-Tribe Elder (378) and Deathrite Shaman (383) from the graveyard to the battlefield tapped. 
Zone Change: Sakura-Tribe Elder (378) was put into Graveyard from Battlefield.
Add To Stack: Ai(4)-Meren Graveyard B3 activated Sakura-Tribe Elder
Resolve Stack: Sakura-Tribe Elder (378) - Ai(4)-Meren Graveyard B3 searches their library for a basic land card, puts it onto the battlefield tapped, then shuffles.
Phase: Ai(4)-Meren Graveyard B3's End step
Add To Stack: Ai(1)-Ur-Dragon B3 activated Deathrite Shaman targeting [Seat of the Synod (186)]
Resolve Stack: Deathrite Shaman (409) - Exile Seat of the Synod (186) from the graveyard. Ai(1)-Ur-Dragon B3 adds mana.
Phase: Ai(4)-Meren Graveyard B3's Cleanup step
Turn: Turn 29 (Ai(1)-Ur-Dragon B3)
Phase: Ai(1)-Ur-Dragon B3's Untap step
Phase: Ai(1)-Ur-Dragon B3's Upkeep step
Phase: Ai(1)-Ur-Dragon B3's Draw step
Phase: Ai(1)-Ur-Dragon B3's Main phase, precombat
Land: Ai(1)-Ur-Dragon B3 played Swamp (94)
Phase: Ai(1)-Ur-Dragon B3's Beginning of Combat Step
Phase: Ai(1)-Ur-Dragon B3's Declare Attackers Step
Combat: Ai(1)-Ur-Dragon B3 assigned Hellkite Charger (86) to attack Ai(4)-Meren Graveyard B3.
Add To Stack: Ai(1)-Ur-Dragon B3 triggered Hellkite Charger
Mana: Fellwar Stone (29) - {T}: Add one mana of any color that a land an opponent controls could produce.
Mana: Mountain (80) - {T}: Add {R}.
Mana: Plains (43) - {T}: Add {W}.
Mana: Forest (49) - {T}: Add {G}.
Mana: Forest (45) - {T}: Add {G}.
Mana: Island (56) - {T}: Add {U}.
Mana: Swamp (94) - {T}: Add {B}.
Resolve Stack: Whenever Hellkite Charger attacks, you may pay {5}{R}{R}. If you do, untap all attacking creatures and after this phase, there is an additional combat phase. [Attacker: Hellkite Charger (86)]
Phase: Ai(1)-Ur-Dragon B3's Declare Blockers Step
Combat: Ai(4)-Meren Graveyard B3 didn't block Hellkite Charger (86).
Zone Change: Zombie Token (414) was put into Graveyard from Battlefield.
Add To Stack: Ai(4)-Meren Graveyard B3 activated Carrion Feeder
Resolve Stack: Carrion Feeder (323) - Ai(4)-Meren Graveyard B3 puts a +1/+1 counter on Carrion Feeder (323).
Zone Change: Deathrite Shaman (383) was put into Graveyard from Battlefield.
Add To Stack: Ai(4)-Meren Graveyard B3 activated Carrion Feeder
Resolve Stack: Carrion Feeder (323) - Ai(4)-Meren Graveyard B3 puts a +1/+1 counter on Carrion Feeder (323).
Phase: Ai(1)-Ur-Dragon B3's First Strike Damage Step
Phase: Ai(1)-Ur-Dragon B3's Combat Damage Step
Damage: Hellkite Charger (86) deals 5 combat damage to Ai(4)-Meren Graveyard B3.
Life: Life: Ai(4)-Meren Graveyard B3 39 > 34
Phase: Ai(1)-Ur-Dragon B3's End of Combat Step
Phase: AdditionalAi(1)-Ur-Dragon B3's Beginning of Combat Step
Phase: Ai(1)-Ur-Dragon B3's Declare Attackers Step
Combat: Ai(1)-Ur-Dragon B3 assigned Hellkite Charger (86) to attack Ai(4)-Meren Graveyard B3.
Add To Stack: Ai(1)-Ur-Dragon B3 triggered Hellkite Charger
Resolve Stack: Whenever Hellkite Charger attacks, you may pay {5}{R}{R}. If you do, untap all attacking creatures and after this phase, there is an additional combat phase. [Attacker: Hellkite Charger (86)]
Phase: Ai(1)-Ur-Dragon B3's Declare Blockers Step
Combat: Ai(4)-Meren Graveyard B3 didn't block Hellkite Charger (86).
Phase: Ai(1)-Ur-Dragon B3's First Strike Damage Step
Phase: Ai(1)-Ur-Dragon B3's Combat Damage Step
Damage: Hellkite Charger (86) deals 5 combat damage to Ai(4)-Meren Graveyard B3.
Life: Life: Ai(4)-Meren Graveyard B3 34 > 29
Phase: Ai(1)-Ur-Dragon B3's End of Combat Step
Phase: Ai(1)-Ur-Dragon B3's Main phase, postcombat
Phase: Ai(1)-Ur-Dragon B3's End step
Phase: Ai(1)-Ur-Dragon B3's Cleanup step
Turn: Turn 30 (Ai(2)-Kilo Helm B3)
Phase: Ai(2)-Kilo Helm B3's Untap step
Phase: Ai(2)-Kilo Helm B3's Upkeep step
Phase: Ai(2)-Kilo Helm B3's Draw step
Phase: Ai(2)-Kilo Helm B3's Main phase, precombat
Phase: Ai(2)-Kilo Helm B3's Beginning of Combat Step
Phase: Ai(2)-Kilo Helm B3's Declare Attackers Step
Phase: Ai(2)-Kilo Helm B3's Declare Blockers Step
Phase: Ai(2)-Kilo Helm B3's First Strike Damage Step
Phase: Ai(2)-Kilo Helm B3's Combat Damage Step
Phase: Ai(2)-Kilo Helm B3's End of Combat Step
Phase: Ai(2)-Kilo Helm B3's Main phase, postcombat
Mana: Glacial Fortress (179) - {T}: Add {W} or {U}.
Add To Stack: Ai(2)-Kilo Helm B3 cast Emry, Lurker of the Loch
Resolve Stack: Emry, Lurker of the Loch - Creature 1 / 2
Add To Stack: Ai(2)-Kilo Helm B3 triggered Emry, Lurker of the Loch
Zone Change: Ai(2)-Kilo Helm B3 milled Spire of Industry (113), Teferi's Protection (127), Island (165) and Kappa Cannoneer (199).
Resolve Stack: When Emry, Lurker of the Loch enters, mill four cards. [Zone Changer: Emry, Lurker of the Loch (149)]
Damage: Adarkar Wastes (198) deals 1 non-combat damage to Ai(2)-Kilo Helm B3.
Life: Life: Ai(2)-Kilo Helm B3 38 > 37
Mana: Adarkar Wastes (198) - {T}: Add {W} or {U}. Adarkar Wastes deals 1 damage to you. 
Mana: Radiant Summit (124) - {T}: Add {R}.
Mana: Academy Ruins (155) - {T}: Add {C}.
Mana: The Mycosynth Gardens (163) - {T}: Add {C}.
Add To Stack: Ai(2)-Kilo Helm B3 cast Phyrexian Metamorph
Replacement Effect: You may have Grave Titan enter as a copy of any artifact or creature on the battlefield, except it's an artifact in addition to its other types.
Resolve Stack: Phyrexian Metamorph - Creature 0 / 0
Add To Stack: Ai(2)-Kilo Helm B3 triggered Grave Titan
Resolve Stack: Whenever Grave Titan enters or attacks, create two 2/2 black Zombie creature tokens. [Zone Changer: Grave Titan (128)]
Phase: Ai(2)-Kilo Helm B3's End step
Phase: Ai(2)-Kilo Helm B3's Cleanup step
Turn: Turn 31 (Ai(3)-Atraxa Counters B3)
Phase: Ai(3)-Atraxa Counters B3's Untap step
Phase: Ai(3)-Atraxa Counters B3's Upkeep step
Phase: Ai(3)-Atraxa Counters B3's Draw step
Phase: Ai(3)-Atraxa Counters B3's Main phase, precombat
Land: Ai(3)-Atraxa Counters B3 played Island (262)
Add To Stack: Ai(3)-Atraxa Counters B3 triggered Evolution Sage
Resolve Stack: Landfall — Whenever a land you control enters, proliferate. (Choose any number of permanents and/or players, then give each another counter of each kind already there.) [Zone Changer: Island (262)]
Phase: Ai(3)-Atraxa Counters B3's Beginning of Combat Step
Phase: Ai(3)-Atraxa Counters B3's Declare Attackers Step
Phase: Ai(3)-Atraxa Counters B3's Declare Blockers Step
Phase: Ai(3)-Atraxa Counters B3's First Strike Damage Step
Phase: Ai(3)-Atraxa Counters B3's Combat Damage Step
Phase: Ai(3)-Atraxa Counters B3's End of Combat Step
Phase: Ai(3)-Atraxa Counters B3's Main phase, postcombat
Phase: Ai(3)-Atraxa Counters B3's End step
Add To Stack: Ai(3)-Atraxa Counters B3 triggered Atraxa, Praetors' Voice
Resolve Stack: At the beginning of your end step, proliferate. (Choose any number of permanents and/or players, then give each another counter of each kind already there.) [Phase: Ai(3)-Atraxa Counters B3]
Add To Stack: Ai(2)-Kilo Helm B3 activated Lux Cannon
Resolve Stack: Lux Cannon (178) - Ai(2)-Kilo Helm B3 puts a charge counter on Lux Cannon (178).
Phase: Ai(3)-Atraxa Counters B3's Cleanup step
Turn: Turn 32 (Ai(4)-Meren Graveyard B3)
Phase: Ai(4)-Meren Graveyard B3's Untap step
Phase: Ai(4)-Meren Graveyard B3's Upkeep step
Phase: Ai(4)-Meren Graveyard B3's Draw step
Phase: Ai(4)-Meren Graveyard B3's Main phase, precombat
Phase: Ai(4)-Meren Graveyard B3's Beginning of Combat Step
Phase: Ai(4)-Meren Graveyard B3's Declare Attackers Step
Combat: Ai(4)-Meren Graveyard B3 assigned Carrion Feeder (323) to attack Ai(1)-Ur-Dragon B3.
Phase: Ai(4)-Meren Graveyard B3's Declare Blockers Step
Combat: Ai(1)-Ur-Dragon B3 didn't block Carrion Feeder (323).
Phase: Ai(4)-Meren Graveyard B3's First Strike Damage Step
Phase: Ai(4)-Meren Graveyard B3's Combat Damage Step
Damage: Carrion Feeder (323) deals 5 combat damage to Ai(1)-Ur-Dragon B3.
Life: Life: Ai(1)-Ur-Dragon B3 36 > 31
Phase: Ai(4)-Meren Graveyard B3's End of Combat Step
Phase: Ai(4)-Meren Graveyard B3's Main phase, postcombat
Land: Ai(4)-Meren Graveyard B3 played Forest (365)
Mana: Swamp (393) - {T}: Add {B}.
Mana: Forest (363) - {T}: Add {G}.
Mana: Forest (358) - {T}: Add {G}.
Mana: Forest (366) - {T}: Add {G}.
Mana: Forest (369) - {T}: Add {G}.
Mana: Forest (365) - {T}: Add {G}.
Mana: Swamp (394) - {T}: Add {B}.
Mana: Swamp (391) - {T}: Add {B}.
Add To Stack: Ai(4)-Meren Graveyard B3 cast Meren of Clan Nel Toth
Resolve Stack: Meren of Clan Nel Toth - Creature 3 / 4
Phase: Ai(4)-Meren Graveyard B3's End step
Add To Stack: Ai(4)-Meren Graveyard B3 triggered Meren of Clan Nel Toth targeting [Sakura-Tribe Elder (378)]
Add To Stack: Ai(1)-Ur-Dragon B3 activated Deathrite Shaman targeting [Spire of Industry (113)]
Resolve Stack: Deathrite Shaman (409) - Exile Spire of Industry (113) from the graveyard. Ai(1)-Ur-Dragon B3 adds mana.
Resolve Stack: At the beginning of your end step, choose target creature card in your graveyard. If that card's mana value is less than or equal to the number of experience counters you have, return it to the battlefield. Otherwise, put it into your hand. (Targeting: [[Sakura-Tribe Elder (378)]]) [Phase: Ai(4)-Meren Graveyard B3]
Phase: Ai(4)-Meren Graveyard B3's Cleanup step
Turn: Turn 33 (Ai(1)-Ur-Dragon B3)
Phase: Ai(1)-Ur-Dragon B3's Untap step
Phase: Ai(1)-Ur-Dragon B3's Upkeep step
Phase: Ai(1)-Ur-Dragon B3's Draw step
Phase: Ai(1)-Ur-Dragon B3's Main phase, precombat
Phase: Ai(1)-Ur-Dragon B3's Beginning of Combat Step
Phase: Ai(1)-Ur-Dragon B3's Declare Attackers Step
Combat: Ai(1)-Ur-Dragon B3 assigned Hellkite Charger (86) and Dragonlord Silumgar (72) to attack Ai(2)-Kilo Helm B3.
Add To Stack: Ai(1)-Ur-Dragon B3 triggered Hellkite Charger
Mana: Fellwar Stone (29) - {T}: Add one mana of any color that a land an opponent controls could produce.
Mana: Mountain (80) - {T}: Add {R}.
Mana: Plains (43) - {T}: Add {W}.
Mana: Forest (49) - {T}: Add {G}.
Mana: Forest (45) - {T}: Add {G}.
Mana: Island (56) - {T}: Add {U}.
Mana: Swamp (94) - {T}: Add {B}.
Resolve Stack: Whenever Hellkite Charger attacks, you may pay {5}{R}{R}. If you do, untap all attacking creatures and after this phase, there is an additional combat phase. [Attacker: Hellkite Charger (86)]
Phase: Ai(1)-Ur-Dragon B3's Declare Blockers Step
Combat: Ai(2)-Kilo Helm B3 didn't block Hellkite Charger (86).
Ai(2)-Kilo Helm B3 didn't block Dragonlord Silumgar (72).
Zone Change: Meren of Clan Nel Toth (403) was put into Graveyard from Battlefield.
Add To Stack: Ai(4)-Meren Graveyard B3 activated Carrion Feeder
Resolve Stack: Carrion Feeder (323) - Ai(4)-Meren Graveyard B3 puts a +1/+1 counter on Carrion Feeder (323).
Phase: Ai(1)-Ur-Dragon B3's First Strike Damage Step
Phase: Ai(1)-Ur-Dragon B3's Combat Damage Step
Damage: Hellkite Charger (86) deals 5 combat damage to Ai(2)-Kilo Helm B3.
Damage: Dragonlord Silumgar (72) deals 3 combat damage to Ai(2)-Kilo Helm B3.
Life: Life: Ai(2)-Kilo Helm B3 37 > 29
Phase: Ai(1)-Ur-Dragon B3's End of Combat Step
Phase: AdditionalAi(1)-Ur-Dragon B3's Beginning of Combat Step
Phase: Ai(1)-Ur-Dragon B3's Declare Attackers Step
Combat: Ai(1)-Ur-Dragon B3 assigned Hellkite Charger (86) to attack Ai(2)-Kilo Helm B3.
Add To Stack: Ai(1)-Ur-Dragon B3 triggered Hellkite Charger
Resolve Stack: Whenever Hellkite Charger attacks, you may pay {5}{R}{R}. If you do, untap all attacking creatures and after this phase, there is an additional combat phase. [Attacker: Hellkite Charger (86)]
Phase: Ai(1)-Ur-Dragon B3's Declare Blockers Step
Combat: Ai(2)-Kilo Helm B3 didn't block Hellkite Charger (86).
Phase: Ai(1)-Ur-Dragon B3's First Strike Damage Step
Phase: Ai(1)-Ur-Dragon B3's Combat Damage Step
Damage: Hellkite Charger (86) deals 5 combat damage to Ai(2)-Kilo Helm B3.
Life: Life: Ai(2)-Kilo Helm B3 29 > 24
Phase: Ai(1)-Ur-Dragon B3's End of Combat Step
Phase: Ai(1)-Ur-Dragon B3's Main phase, postcombat
Replacement Effect: Savage Lands enters tapped.
Land: Ai(1)-Ur-Dragon B3 played Savage Lands (8)
Phase: Ai(1)-Ur-Dragon B3's End step
Phase: Ai(1)-Ur-Dragon B3's Cleanup step
Turn: Turn 34 (Ai(2)-Kilo Helm B3)
Phase: Ai(2)-Kilo Helm B3's Untap step
Phase: Ai(2)-Kilo Helm B3's Upkeep step
Add To Stack: Ai(2)-Kilo Helm B3 activated Lux Cannon targeting [Hellkite Charger (86)]
Zone Change: Hellkite Charger (86) was put into Graveyard from Battlefield.
Resolve Stack: Lux Cannon (178) - Destroy Hellkite Charger (86).
Phase: Ai(2)-Kilo Helm B3's Draw step
Phase: Ai(2)-Kilo Helm B3's Main phase, precombat
Mana: Glacial Fortress (179) - {T}: Add {W} or {U}.
Mana: Radiant Summit (124) - {T}: Add {R}.
Mana: Academy Ruins (155) - {T}: Add {C}.
Mana: The Mycosynth Gardens (163) - {T}: Add {C}.
Add To Stack: Ai(2)-Kilo Helm B3 cast Everflowing Chalice
Replacement Effect: Everflowing Chalice enters with a charge counter on it for each time it was kicked.
Resolve Stack: Everflowing Chalice
Phase: Ai(2)-Kilo Helm B3's Beginning of Combat Step
Phase: Ai(2)-Kilo Helm B3's Declare Attackers Step
Phase: Ai(2)-Kilo Helm B3's Declare Blockers Step
Phase: Ai(2)-Kilo Helm B3's First Strike Damage Step
Phase: Ai(2)-Kilo Helm B3's Combat Damage Step
Phase: Ai(2)-Kilo Helm B3's End of Combat Step
Phase: Ai(2)-Kilo Helm B3's Main phase, postcombat
Damage: Adarkar Wastes (198) deals 1 non-combat damage to Ai(2)-Kilo Helm B3.
Life: Life: Ai(2)-Kilo Helm B3 24 > 23
Mana: Adarkar Wastes (198) - {T}: Add {W} or {U}. Adarkar Wastes deals 1 damage to you. 
Mana: Everflowing Chalice (133) - {T}: Add {C} for each charge counter on Everflowing Chalice.
Add To Stack: Ai(2)-Kilo Helm B3 cast Uthros Research Craft
Resolve Stack: Uthros Research Craft
Phase: Ai(2)-Kilo Helm B3's End step
Phase: Ai(2)-Kilo Helm B3's Cleanup step
Turn: Turn 35 (Ai(3)-Atraxa Counters B3)
Phase: Ai(3)-Atraxa Counters B3's Untap step
Phase: Ai(3)-Atraxa Counters B3's Upkeep step
Phase: Ai(3)-Atraxa Counters B3's Draw step
Phase: Ai(3)-Atraxa Counters B3's Main phase, precombat
Land: Ai(3)-Atraxa Counters B3 played Forest (257)
Add To Stack: Ai(3)-Atraxa Counters B3 triggered Evolution Sage
Resolve Stack: Landfall — Whenever a land you control enters, proliferate. (Choose any number of permanents and/or players, then give each another counter of each kind already there.) [Zone Changer: Forest (257)]
Phase: Ai(3)-Atraxa Counters B3's Beginning of Combat Step
Phase: Ai(3)-Atraxa Counters B3's Declare Attackers Step
Combat: Ai(3)-Atraxa Counters B3 assigned Atraxa, Praetors' Voice (302) to attack Ai(2)-Kilo Helm B3.
Phase: Ai(3)-Atraxa Counters B3's Declare Blockers Step
Combat: Ai(2)-Kilo Helm B3 didn't block Atraxa, Praetors' Voice (302).
Phase: Ai(3)-Atraxa Counters B3's First Strike Damage Step
Phase: Ai(3)-Atraxa Counters B3's Combat Damage Step
Damage: Atraxa, Praetors' Voice (302) deals 4 combat damage to Ai(2)-Kilo Helm B3.
Life: Life: Ai(3)-Atraxa Counters B3 32 > 36
Life: Life: Ai(2)-Kilo Helm B3 23 > 19
Phase: Ai(3)-Atraxa Counters B3's End of Combat Step
Phase: Ai(3)-Atraxa Counters B3's Main phase, postcombat
Phase: Ai(3)-Atraxa Counters B3's End step
Add To Stack: Ai(3)-Atraxa Counters B3 triggered Atraxa, Praetors' Voice
Resolve Stack: At the beginning of your end step, proliferate. (Choose any number of permanents and/or players, then give each another counter of each kind already there.) [Phase: Ai(3)-Atraxa Counters B3]
Phase: Ai(3)-Atraxa Counters B3's Cleanup step
Turn: Turn 36 (Ai(4)-Meren Graveyard B3)
Phase: Ai(4)-Meren Graveyard B3's Untap step
Phase: Ai(4)-Meren Graveyard B3's Upkeep step
Phase: Ai(4)-Meren Graveyard B3's Draw step
Phase: Ai(4)-Meren Graveyard B3's Main phase, precombat
Phase: Ai(4)-Meren Graveyard B3's Beginning of Combat Step
Phase: Ai(4)-Meren Graveyard B3's Declare Attackers Step
Combat: Ai(4)-Meren Graveyard B3 assigned Carrion Feeder (323) to attack Ai(2)-Kilo Helm B3.
Phase: Ai(4)-Meren Graveyard B3's Declare Blockers Step
Combat: Ai(2)-Kilo Helm B3 didn't block Carrion Feeder (323).
Phase: Ai(4)-Meren Graveyard B3's First Strike Damage Step
Phase: Ai(4)-Meren Graveyard B3's Combat Damage Step
Damage: Carrion Feeder (323) deals 6 combat damage to Ai(2)-Kilo Helm B3.
Life: Life: Ai(2)-Kilo Helm B3 19 > 13
Phase: Ai(4)-Meren Graveyard B3's End of Combat Step
Phase: Ai(4)-Meren Graveyard B3's Main phase, postcombat
Land: Ai(4)-Meren Graveyard B3 played Swamp (388)
Mana: Swamp (393) - {T}: Add {B}.
Mana: Forest (363) - {T}: Add {G}.
Mana: Swamp (394) - {T}: Add {B}.
Mana: Swamp (391) - {T}: Add {B}.
Mana: Swamp (386) - {T}: Add {B}.
Mana: Swamp (388) - {T}: Add {B}.
Mana: Forest (358) - {T}: Add {G}.
Mana: Forest (366) - {T}: Add {G}.
Mana: Forest (369) - {T}: Add {G}.
Mana: Forest (365) - {T}: Add {G}.
Add To Stack: Ai(4)-Meren Graveyard B3 cast Meren of Clan Nel Toth
Resolve Stack: Meren of Clan Nel Toth - Creature 3 / 4
Mana: Woodland Cemetery (380) - {T}: Add {B} or {G}.
Mana: High Market (328) - {T}: Add {C}.
Add To Stack: Ai(4)-Meren Graveyard B3 cast Sakura-Tribe Elder
Resolve Stack: Sakura-Tribe Elder - Creature 1 / 1
Zone Change: Sakura-Tribe Elder (378) was put into Graveyard from Battlefield.
Add To Stack: Ai(4)-Meren Graveyard B3 activated Sakura-Tribe Elder
Add To Stack: Ai(4)-Meren Graveyard B3 triggered Meren of Clan Nel Toth
Resolve Stack: Whenever another creature you control dies, you get an experience counter. [Zone Changer: Sakura-Tribe Elder (378)]
Resolve Stack: Sakura-Tribe Elder (378) - Ai(4)-Meren Graveyard B3 searches their library for a basic land card, puts it onto the battlefield tapped, then shuffles.
Phase: Ai(4)-Meren Graveyard B3's End step
Add To Stack: Ai(4)-Meren Graveyard B3 triggered Meren of Clan Nel Toth targeting [Sakura-Tribe Elder (378)]
Add To Stack: Ai(1)-Ur-Dragon B3 activated Deathrite Shaman targeting [Island (165)]
Resolve Stack: Deathrite Shaman (409) - Exile Island (165) from the graveyard. Ai(1)-Ur-Dragon B3 adds mana.
Resolve Stack: At the beginning of your end step, choose target creature card in your graveyard. If that card's mana value is less than or equal to the number of experience counters you have, return it to the battlefield. Otherwise, put it into your hand. (Targeting: [[Sakura-Tribe Elder (378)]]) [Phase: Ai(4)-Meren Graveyard B3]
Zone Change: Sakura-Tribe Elder (378) was put into Graveyard from Battlefield.
Add To Stack: Ai(4)-Meren Graveyard B3 activated Sakura-Tribe Elder
Add To Stack: Ai(4)-Meren Graveyard B3 triggered Meren of Clan Nel Toth
Resolve Stack: Whenever another creature you control dies, you get an experience counter. [Zone Changer: Sakura-Tribe Elder (378)]
Resolve Stack: Sakura-Tribe Elder (378) - Ai(4)-Meren Graveyard B3 searches their library for a basic land card, puts it onto the battlefield tapped, then shuffles.
Phase: Ai(4)-Meren Graveyard B3's Cleanup step
Turn: Turn 37 (Ai(1)-Ur-Dragon B3)
Phase: Ai(1)-Ur-Dragon B3's Untap step
Phase: Ai(1)-Ur-Dragon B3's Upkeep step
Phase: Ai(1)-Ur-Dragon B3's Draw step
Phase: Ai(1)-Ur-Dragon B3's Main phase, precombat
Phase: Ai(1)-Ur-Dragon B3's Beginning of Combat Step
Phase: Ai(1)-Ur-Dragon B3's Declare Attackers Step
Combat: Ai(1)-Ur-Dragon B3 assigned Dragonlord Silumgar (72) to attack Ai(2)-Kilo Helm B3.
Phase: Ai(1)-Ur-Dragon B3's Declare Blockers Step
Combat: Ai(2)-Kilo Helm B3 didn't block Dragonlord Silumgar (72).
Zone Change: Meren of Clan Nel Toth (403) was put into Graveyard from Battlefield.
Add To Stack: Ai(4)-Meren Graveyard B3 activated Carrion Feeder
Resolve Stack: Carrion Feeder (323) - Ai(4)-Meren Graveyard B3 puts a +1/+1 counter on Carrion Feeder (323).
Phase: Ai(1)-Ur-Dragon B3's First Strike Damage Step
Phase: Ai(1)-Ur-Dragon B3's Combat Damage Step
Damage: Dragonlord Silumgar (72) deals 3 combat damage to Ai(2)-Kilo Helm B3.
Life: Life: Ai(2)-Kilo Helm B3 13 > 10
Phase: Ai(1)-Ur-Dragon B3's End of Combat Step
Phase: Ai(1)-Ur-Dragon B3's Main phase, postcombat
Mana: Fellwar Stone (29) - {T}: Add one mana of any color that a land an opponent controls could produce.
Mana: Mountain (80) - {T}: Add {R}.
Mana: Plains (43) - {T}: Add {W}.
Mana: Swamp (94) - {T}: Add {B}.
Mana: Forest (49) - {T}: Add {G}.
Mana: Forest (45) - {T}: Add {G}.
Mana: Island (56) - {T}: Add {U}.
Add To Stack: Ai(1)-Ur-Dragon B3 cast The Ur-Dragon
Add To Stack: Ai(1)-Ur-Dragon B3 triggered Jhoira, Weatherlight Captain
Resolve Stack: Whenever you cast a historic spell, draw a card. (Artifacts, legendaries, and Sagas are historic.) [Card: The Ur-Dragon (100), Activator: Ai(1)-Ur-Dragon B3, SpellAbility: The Ur-Dragon - Creature 10 / 10]
Resolve Stack: The Ur-Dragon - Creature 10 / 10
Mana: Arcane Sanctum (3) - {T}: Add {W}, {U}, or {B}.
Mana: Sandsteppe Citadel (11) - {T}: Add {W}, {B}, or {G}.
Mana: Savage Lands (8) - {T}: Add {B}, {R}, or {G}.
Add To Stack: Ai(1)-Ur-Dragon B3 cast Herald's Horn
Add To Stack: Ai(1)-Ur-Dragon B3 triggered Jhoira, Weatherlight Captain
Resolve Stack: Whenever you cast a historic spell, draw a card. (Artifacts, legendaries, and Sagas are historic.) [Card: Herald's Horn (64), Activator: Ai(1)-Ur-Dragon B3, SpellAbility: Herald's Horn]
Replacement Effect: As Herald's Horn enters, choose a creature type.
Resolve Stack: Herald's Horn
Land: Ai(1)-Ur-Dragon B3 played Mountain (81)
Phase: Ai(1)-Ur-Dragon B3's End step
Phase: Ai(1)-Ur-Dragon B3's Cleanup step
Turn: Turn 38 (Ai(2)-Kilo Helm B3)
Phase: Ai(2)-Kilo Helm B3's Untap step
Phase: Ai(2)-Kilo Helm B3's Upkeep step
Phase: Ai(2)-Kilo Helm B3's Draw step
Phase: Ai(2)-Kilo Helm B3's Main phase, precombat
Phase: Ai(2)-Kilo Helm B3's Beginning of Combat Step
Phase: Ai(2)-Kilo Helm B3's Declare Attackers Step
Phase: Ai(2)-Kilo Helm B3's Declare Blockers Step
Phase: Ai(2)-Kilo Helm B3's First Strike Damage Step
Phase: Ai(2)-Kilo Helm B3's Combat Damage Step
Phase: Ai(2)-Kilo Helm B3's End of Combat Step
Phase: Ai(2)-Kilo Helm B3's Main phase, postcombat
Add To Stack: Ai(2)-Kilo Helm B3 activated Emry, Lurker of the Loch targeting [Angel of the Ruins (108)]
Resolve Stack: Emry, Lurker of the Loch (149) - {T}: Choose target artifact card in your graveyard. You may cast that card this turn.
Mana: Glacial Fortress (179) - {T}: Add {W} or {U}.
Mana: Radiant Summit (124) - {T}: Add {W}.
Mana: Academy Ruins (155) - {T}: Add {C}.
Mana: The Mycosynth Gardens (163) - {T}: Add {C}.
Mana: Everflowing Chalice (133) - {T}: Add {C} for each charge counter on Everflowing Chalice.
Mana: Adarkar Wastes (198) - {T}: Add {C}.
Add To Stack: Ai(2)-Kilo Helm B3 cast Angel of the Ruins
Resolve Stack: Angel of the Ruins - Creature 5 / 7
Add To Stack: Ai(2)-Kilo Helm B3 triggered Angel of the Ruins targeting [Urza's Incubator (73), Herald's Horn (64)]
Zone Change: Urza's Incubator (73) was put into Exile from Battlefield.
Zone Change: Herald's Horn (64) was put into Exile from Battlefield.
Resolve Stack: When Angel of the Ruins enters, exile up to two target artifacts and/or enchantments. (Targeting: [[Urza's Incubator (73), Herald's Horn (64)]]) [Zone Changer: Angel of the Ruins (108)]
Phase: Ai(2)-Kilo Helm B3's End step
Phase: Ai(2)-Kilo Helm B3's Cleanup step
Turn: Turn 39 (Ai(3)-Atraxa Counters B3)
Phase: Ai(3)-Atraxa Counters B3's Untap step
Phase: Ai(3)-Atraxa Counters B3's Upkeep step
Phase: Ai(3)-Atraxa Counters B3's Draw step
Phase: Ai(3)-Atraxa Counters B3's Main phase, precombat
Phase: Ai(3)-Atraxa Counters B3's Beginning of Combat Step
Phase: Ai(3)-Atraxa Counters B3's Declare Attackers Step
Phase: Ai(3)-Atraxa Counters B3's Declare Blockers Step
Phase: Ai(3)-Atraxa Counters B3's First Strike Damage Step
Phase: Ai(3)-Atraxa Counters B3's Combat Damage Step
Phase: Ai(3)-Atraxa Counters B3's End of Combat Step
Phase: Ai(3)-Atraxa Counters B3's Main phase, postcombat
Add To Stack: Ai(2)-Kilo Helm B3 activated Lux Cannon
Resolve Stack: Lux Cannon (178) - Ai(2)-Kilo Helm B3 puts a charge counter on Lux Cannon (178).
Phase: Ai(3)-Atraxa Counters B3's End step
Add To Stack: Ai(3)-Atraxa Counters B3 triggered Atraxa, Praetors' Voice
Resolve Stack: At the beginning of your end step, proliferate. (Choose any number of permanents and/or players, then give each another counter of each kind already there.) [Phase: Ai(3)-Atraxa Counters B3]
Phase: Ai(3)-Atraxa Counters B3's Cleanup step
Turn: Turn 40 (Ai(4)-Meren Graveyard B3)
Phase: Ai(4)-Meren Graveyard B3's Untap step
Phase: Ai(4)-Meren Graveyard B3's Upkeep step
Phase: Ai(4)-Meren Graveyard B3's Draw step
Phase: Ai(4)-Meren Graveyard B3's Main phase, precombat
Phase: Ai(4)-Meren Graveyard B3's Beginning of Combat Step
Phase: Ai(4)-Meren Graveyard B3's Declare Attackers Step
Combat: Ai(4)-Meren Graveyard B3 assigned Carrion Feeder (323) to attack Ai(2)-Kilo Helm B3.
Phase: Ai(4)-Meren Graveyard B3's Declare Blockers Step
Combat: Ai(2)-Kilo Helm B3 assigned Zombie Token (417) and Grave Titan (128) to block Carrion Feeder (323).
Phase: Ai(4)-Meren Graveyard B3's First Strike Damage Step
Phase: Ai(4)-Meren Graveyard B3's Combat Damage Step
Damage: Carrion Feeder (323) deals 6 damage to Grave Titan (128).
Damage: Carrion Feeder (323) deals 1 damage to Zombie Token (417).
Damage: Zombie Token (417) deals 2 damage to Carrion Feeder (323).
Damage: Grave Titan (128) deals 6 damage (Deathtouch) to Carrion Feeder (323).
Zone Change: Carrion Feeder (323) was put into Graveyard from Battlefield.
Zone Change: Grave Titan (128) was put into Graveyard from Battlefield.
Phase: Ai(4)-Meren Graveyard B3's End of Combat Step
Phase: Ai(4)-Meren Graveyard B3's Main phase, postcombat
Replacement Effect: Bojuka Bog enters tapped.
Land: Ai(4)-Meren Graveyard B3 played Bojuka Bog (341)
Add To Stack: Ai(4)-Meren Graveyard B3 triggered Bojuka Bog targeting [Ai(1)-Ur-Dragon B3]
Resolve Stack: When Bojuka Bog enters, exile all cards from target player's graveyard. (Targeting: [[Ai(1)-Ur-Dragon B3]]) [Zone Changer: Bojuka Bog (341)]
Mana: Swamp (393) - {T}: Add {B}.
Mana: Forest (363) - {T}: Add {G}.
Mana: Swamp (394) - {T}: Add {B}.
Mana: Swamp (391) - {T}: Add {B}.
Mana: Swamp (386) - {T}: Add {B}.
Mana: Swamp (388) - {T}: Add {B}.
Mana: Swamp (395) - {T}: Add {B}.
Mana: Forest (358) - {T}: Add {G}.
Mana: Forest (366) - {T}: Add {G}.
Mana: Forest (369) - {T}: Add {G}.
Mana: Forest (365) - {T}: Add {G}.
Mana: Forest (360) - {T}: Add {G}.
Add To Stack: Ai(4)-Meren Graveyard B3 cast Meren of Clan Nel Toth
Resolve Stack: Meren of Clan Nel Toth - Creature 3 / 4
Phase: Ai(4)-Meren Graveyard B3's End step
Add To Stack: Ai(4)-Meren Graveyard B3 triggered Meren of Clan Nel Toth targeting [Sakura-Tribe Elder (378)]
Resolve Stack: At the beginning of your end step, choose target creature card in your graveyard. If that card's mana value is less than or equal to the number of experience counters you have, return it to the battlefield. Otherwise, put it into your hand. (Targeting: [[Sakura-Tribe Elder (378)]]) [Phase: Ai(4)-Meren Graveyard B3]
Zone Change: Sakura-Tribe Elder (378) was put into Graveyard from Battlefield.
Add To Stack: Ai(4)-Meren Graveyard B3 activated Sakura-Tribe Elder
Add To Stack: Ai(4)-Meren Graveyard B3 triggered Meren of Clan Nel Toth
Resolve Stack: Whenever another creature you control dies, you get an experience counter. [Zone Changer: Sakura-Tribe Elder (378)]
Resolve Stack: Sakura-Tribe Elder (378) - Ai(4)-Meren Graveyard B3 searches their library for a basic land card, puts it onto the battlefield tapped, then shuffles.
Phase: Ai(4)-Meren Graveyard B3's Cleanup step
Turn: Turn 41 (Ai(1)-Ur-Dragon B3)
Phase: Ai(1)-Ur-Dragon B3's Untap step
Phase: Ai(1)-Ur-Dragon B3's Upkeep step
Phase: Ai(1)-Ur-Dragon B3's Draw step
Phase: Ai(1)-Ur-Dragon B3's Main phase, precombat
Land: Ai(1)-Ur-Dragon B3 played Terramorphic Expanse (99)
Zone Change: Terramorphic Expanse (99) was put into Graveyard from Battlefield.
Add To Stack: Ai(1)-Ur-Dragon B3 activated Terramorphic Expanse
Resolve Stack: Terramorphic Expanse (99) - Ai(1)-Ur-Dragon B3 searches their library for a basic land card, puts it onto the battlefield tapped, then shuffles.
Mana: Fellwar Stone (29) - {T}: Add one mana of any color that a land an opponent controls could produce.
Mana: Mountain (80) - {T}: Add {R}.
Mana: Plains (43) - {T}: Add {W}.
Mana: Forest (49) - {T}: Add {G}.
Mana: Forest (45) - {T}: Add {G}.
Mana: Island (56) - {T}: Add {U}.
Add To Stack: Ai(1)-Ur-Dragon B3 cast Tyrant's Familiar
Resolve Stack: Tyrant's Familiar - Creature 5 / 5
Phase: Ai(1)-Ur-Dragon B3's Beginning of Combat Step
Phase: Ai(1)-Ur-Dragon B3's Declare Attackers Step
Combat: Ai(1)-Ur-Dragon B3 assigned The Ur-Dragon (100), Tyrant's Familiar (77), Dragonlord Silumgar (72), Jhoira, Weatherlight Captain (177) and Deathrite Shaman (409) to attack Ai(2)-Kilo Helm B3.
Add To Stack: Ai(1)-Ur-Dragon B3 triggered Tyrant's Familiar targeting [Angel of the Ruins (108)]
Add To Stack: Ai(1)-Ur-Dragon B3 triggered The Ur-Dragon
Resolve Stack: Whenever one or more Dragons you control attack, draw that many cards, then you may put a permanent card from your hand onto the battlefield. [Number Attackers: [The Ur-Dragon (100), Tyrant's Familiar (77), Dragonlord Silumgar (72)]]
Damage: Tyrant's Familiar (77) deals 7 damage to Angel of the Ruins (108).
Resolve Stack: Whenever Tyrant's Familiar attacks, it deals 7 damage to target creature defending player controls. (Targeting: [[Angel of the Ruins (108)]]) [Attacker: Tyrant's Familiar (77)]
Zone Change: Angel of the Ruins (108) was put into Graveyard from Battlefield.
Phase: Ai(1)-Ur-Dragon B3's Declare Blockers Step
Combat: Ai(2)-Kilo Helm B3 didn't block The Ur-Dragon (100).
Ai(2)-Kilo Helm B3 didn't block Tyrant's Familiar (77).
Ai(2)-Kilo Helm B3 didn't block Dragonlord Silumgar (72).
Ai(2)-Kilo Helm B3 assigned Zombie Token (417) to block Jhoira, Weatherlight Captain (177).
Ai(2)-Kilo Helm B3 assigned Zombie Token (418) to block Deathrite Shaman (409).
Phase: Ai(1)-Ur-Dragon B3's First Strike Damage Step
Phase: Ai(1)-Ur-Dragon B3's Combat Damage Step
Damage: The Ur-Dragon (100) deals 10 combat damage to Ai(2)-Kilo Helm B3.
Damage: Tyrant's Familiar (77) deals 7 combat damage to Ai(2)-Kilo Helm B3.
Damage: Dragonlord Silumgar (72) deals 3 combat damage to Ai(2)-Kilo Helm B3.
Damage: Jhoira, Weatherlight Captain (177) deals 3 damage to Zombie Token (417).
Damage: Deathrite Shaman (409) deals 1 damage to Zombie Token (418).
Damage: Zombie Token (417) deals 2 damage to Jhoira, Weatherlight Captain (177).
Damage: Zombie Token (418) deals 2 damage to Deathrite Shaman (409).
Life: Life: Ai(2)-Kilo Helm B3 10 > -10
Zone Change: Deathrite Shaman (409) was put into Graveyard from Battlefield.
Phase: Ai(1)-Ur-Dragon B3's End of Combat Step
Phase: Ai(1)-Ur-Dragon B3's Main phase, postcombat
Mana: Mountain (81) - {T}: Add {R}.
Mana: Savage Lands (8) - {T}: Add {B}, {R}, or {G}.
Mana: Swamp (94) - {T}: Add {B}.
Mana: Sandsteppe Citadel (11) - {T}: Add {W}, {B}, or {G}.
Mana: Arcane Sanctum (3) - {T}: Add {W}, {U}, or {B}.
Add To Stack: Ai(1)-Ur-Dragon B3 cast Lathliss, Dragon Queen
Resolve Stack: Lathliss, Dragon Queen - Creature 6 / 6
Phase: Ai(1)-Ur-Dragon B3's End step
Phase: Ai(1)-Ur-Dragon B3's Cleanup step
Turn: Turn 42 (Ai(3)-Atraxa Counters B3)
Phase: Ai(3)-Atraxa Counters B3's Untap step
Phase: Ai(3)-Atraxa Counters B3's Upkeep step
Phase: Ai(3)-Atraxa Counters B3's Draw step
Phase: Ai(3)-Atraxa Counters B3's Main phase, precombat
Land: Ai(3)-Atraxa Counters B3 played Exotic Orchard (300)
Add To Stack: Ai(3)-Atraxa Counters B3 triggered Evolution Sage
Resolve Stack: Landfall — Whenever a land you control enters, proliferate. (Choose any number of permanents and/or players, then give each another counter of each kind already there.) [Zone Changer: Exotic Orchard (300)]
Phase: Ai(3)-Atraxa Counters B3's Beginning of Combat Step
Phase: Ai(3)-Atraxa Counters B3's Declare Attackers Step
Phase: Ai(3)-Atraxa Counters B3's Declare Blockers Step
Phase: Ai(3)-Atraxa Counters B3's First Strike Damage Step
Phase: Ai(3)-Atraxa Counters B3's Combat Damage Step
Phase: Ai(3)-Atraxa Counters B3's End of Combat Step
Phase: Ai(3)-Atraxa Counters B3's Main phase, postcombat
Phase: Ai(3)-Atraxa Counters B3's End step
Add To Stack: Ai(3)-Atraxa Counters B3 triggered Atraxa, Praetors' Voice
Resolve Stack: At the beginning of your end step, proliferate. (Choose any number of permanents and/or players, then give each another counter of each kind already there.) [Phase: Ai(3)-Atraxa Counters B3]
Phase: Ai(3)-Atraxa Counters B3's Cleanup step
Turn: Turn 43 (Ai(4)-Meren Graveyard B3)
Phase: Ai(4)-Meren Graveyard B3's Untap step
Phase: Ai(4)-Meren Graveyard B3's Upkeep step
Phase: Ai(4)-Meren Graveyard B3's Draw step
Phase: Ai(4)-Meren Graveyard B3's Main phase, precombat
Phase: Ai(4)-Meren Graveyard B3's Beginning of Combat Step
Phase: Ai(4)-Meren Graveyard B3's Declare Attackers Step
Phase: Ai(4)-Meren Graveyard B3's Declare Blockers Step
Phase: Ai(4)-Meren Graveyard B3's First Strike Damage Step
Phase: Ai(4)-Meren Graveyard B3's Combat Damage Step
Phase: Ai(4)-Meren Graveyard B3's End of Combat Step
Phase: Ai(4)-Meren Graveyard B3's Main phase, postcombat
Mana: Forest (363) - {T}: Add {G}.
Mana: Forest (358) - {T}: Add {G}.
Mana: Forest (366) - {T}: Add {G}.
Add To Stack: Ai(4)-Meren Graveyard B3 cast Yavimaya Elder
Resolve Stack: Yavimaya Elder - Creature 2 / 1
Mana: Forest (369) - {T}: Add {G}.
Mana: Forest (365) - {T}: Add {G}.
Add To Stack: Ai(4)-Meren Graveyard B3 cast Arcane Signet
Resolve Stack: Arcane Signet
Phase: Ai(4)-Meren Graveyard B3's End step
Add To Stack: Ai(4)-Meren Graveyard B3 triggered Meren of Clan Nel Toth targeting [Sakura-Tribe Elder (378)]
Resolve Stack: At the beginning of your end step, choose target creature card in your graveyard. If that card's mana value is less than or equal to the number of experience counters you have, return it to the battlefield. Otherwise, put it into your hand. (Targeting: [[Sakura-Tribe Elder (378)]]) [Phase: Ai(4)-Meren Graveyard B3]
Zone Change: Sakura-Tribe Elder (378) was put into Graveyard from Battlefield.
Add To Stack: Ai(4)-Meren Graveyard B3 activated Sakura-Tribe Elder
Add To Stack: Ai(4)-Meren Graveyard B3 triggered Meren of Clan Nel Toth
Resolve Stack: Whenever another creature you control dies, you get an experience counter. [Zone Changer: Sakura-Tribe Elder (378)]
Resolve Stack: Sakura-Tribe Elder (378) - Ai(4)-Meren Graveyard B3 searches their library for a basic land card, puts it onto the battlefield tapped, then shuffles.
Phase: Ai(4)-Meren Graveyard B3's Cleanup step
Turn: Turn 44 (Ai(1)-Ur-Dragon B3)
Phase: Ai(1)-Ur-Dragon B3's Untap step
Phase: Ai(1)-Ur-Dragon B3's Upkeep step
Phase: Ai(1)-Ur-Dragon B3's Draw step
Phase: Ai(1)-Ur-Dragon B3's Main phase, precombat
Phase: Ai(1)-Ur-Dragon B3's Beginning of Combat Step
Phase: Ai(1)-Ur-Dragon B3's Declare Attackers Step
Combat: Ai(1)-Ur-Dragon B3 assigned The Ur-Dragon (100), Tyrant's Familiar (77), Lathliss, Dragon Queen (33), Deathbringer Regent (35) and Dragonlord Silumgar (72) to attack Ai(4)-Meren Graveyard B3.
Add To Stack: Ai(1)-Ur-Dragon B3 triggered Tyrant's Familiar targeting [Grave Titan (398)]
Add To Stack: Ai(1)-Ur-Dragon B3 triggered The Ur-Dragon
Zone Change: Grave Titan (398) was put into Graveyard from Battlefield.
Add To Stack: Ai(4)-Meren Graveyard B3 activated High Market
Add To Stack: Ai(4)-Meren Graveyard B3 triggered Meren of Clan Nel Toth
Resolve Stack: Whenever another creature you control dies, you get an experience counter. [Zone Changer: Grave Titan (398)]
Life: Life: Ai(4)-Meren Graveyard B3 29 > 30
Resolve Stack: High Market (328) - Ai(4)-Meren Graveyard B3 gains 1 life.
Resolve Stack: Whenever one or more Dragons you control attack, draw that many cards, then you may put a permanent card from your hand onto the battlefield. [Number Attackers: [The Ur-Dragon (100), Tyrant's Familiar (77), Lathliss, Dragon Queen (33), Deathbringer Regent (35), Dragonlord Silumgar (72)]]
Add To Stack: Ai(1)-Ur-Dragon B3 triggered Lathliss, Dragon Queen
Resolve Stack: Whenever another nontoken Dragon you control enters, create a 5/5 red Dragon creature token with flying. [Zone Changer: Kokusho, the Evening Star (22)]
Resolve Stack: Tyrant's Familiar ability fizzles.
Phase: Ai(1)-Ur-Dragon B3's Declare Blockers Step
Combat: Ai(4)-Meren Graveyard B3 didn't block The Ur-Dragon (100).
Ai(4)-Meren Graveyard B3 didn't block Tyrant's Familiar (77).
Ai(4)-Meren Graveyard B3 didn't block Lathliss, Dragon Queen (33).
Ai(4)-Meren Graveyard B3 didn't block Deathbringer Regent (35).
Ai(4)-Meren Graveyard B3 didn't block Dragonlord Silumgar (72).
Mana: Fellwar Stone (29) - {T}: Add one mana of any color that a land an opponent controls could produce.
Mana: Plains (43) - {T}: Add {W}.
Add To Stack: Ai(1)-Ur-Dragon B3 activated Lathliss, Dragon Queen
Resolve Stack: Lathliss, Dragon Queen (33) - Dragons you control get +1/+0 until end of turn.
Mana: Mountain (80) - {T}: Add {R}.
Mana: Plains (41) - {T}: Add {W}.
Add To Stack: Ai(1)-Ur-Dragon B3 activated Lathliss, Dragon Queen
Resolve Stack: Lathliss, Dragon Queen (33) - Dragons you control get +1/+0 until end of turn.
Mana: Mountain (81) - {T}: Add {R}.
Mana: Forest (49) - {T}: Add {G}.
Add To Stack: Ai(1)-Ur-Dragon B3 activated Lathliss, Dragon Queen
Resolve Stack: Lathliss, Dragon Queen (33) - Dragons you control get +1/+0 until end of turn.
Mana: Savage Lands (8) - {T}: Add {B}, {R}, or {G}.
Mana: Forest (45) - {T}: Add {G}.
Add To Stack: Ai(1)-Ur-Dragon B3 activated Lathliss, Dragon Queen
Resolve Stack: Lathliss, Dragon Queen (33) - Dragons you control get +1/+0 until end of turn.
Phase: Ai(1)-Ur-Dragon B3's First Strike Damage Step
Phase: Ai(1)-Ur-Dragon B3's Combat Damage Step
Damage: The Ur-Dragon (100) deals 14 combat damage to Ai(4)-Meren Graveyard B3.
Damage: Tyrant's Familiar (77) deals 11 combat damage to Ai(4)-Meren Graveyard B3.
Damage: Lathliss, Dragon Queen (33) deals 10 combat damage to Ai(4)-Meren Graveyard B3.
Damage: Deathbringer Regent (35) deals 9 combat damage to Ai(4)-Meren Graveyard B3.
Damage: Dragonlord Silumgar (72) deals 7 combat damage to Ai(4)-Meren Graveyard B3.
Life: Life: Ai(4)-Meren Graveyard B3 30 > -21
Phase: Ai(1)-Ur-Dragon B3's End of Combat Step
Phase: Ai(1)-Ur-Dragon B3's Main phase, postcombat
Land: Ai(1)-Ur-Dragon B3 played Plains (44)
Mana: Plains (44) - {T}: Add {W}.
Mana: Swamp (94) - {T}: Add {B}.
Mana: Island (56) - {T}: Add {U}.
Mana: Sandsteppe Citadel (11) - {T}: Add {W}, {B}, or {G}.
Mana: Arcane Sanctum (3) - {T}: Add {W}, {U}, or {B}.
Add To Stack: Ai(1)-Ur-Dragon B3 cast Steel Hellkite
Resolve Stack: Steel Hellkite - Creature 5 / 5
Add To Stack: Ai(1)-Ur-Dragon B3 triggered Lathliss, Dragon Queen
Resolve Stack: Whenever another nontoken Dragon you control enters, create a 5/5 red Dragon creature token with flying. [Zone Changer: Steel Hellkite (52)]
Phase: Ai(1)-Ur-Dragon B3's End step
Phase: Ai(1)-Ur-Dragon B3's Cleanup step
Turn: Turn 45 (Ai(3)-Atraxa Counters B3)
Phase: Ai(3)-Atraxa Counters B3's Untap step
Phase: Ai(3)-Atraxa Counters B3's Upkeep step
Phase: Ai(3)-Atraxa Counters B3's Draw step
Phase: Ai(3)-Atraxa Counters B3's Main phase, precombat
Land: Ai(3)-Atraxa Counters B3 played Forest (259)
Add To Stack: Ai(3)-Atraxa Counters B3 triggered Evolution Sage
Resolve Stack: Landfall — Whenever a land you control enters, proliferate. (Choose any number of permanents and/or players, then give each another counter of each kind already there.) [Zone Changer: Forest (259)]
Phase: Ai(3)-Atraxa Counters B3's Beginning of Combat Step
Phase: Ai(3)-Atraxa Counters B3's Declare Attackers Step
Phase: Ai(3)-Atraxa Counters B3's Declare Blockers Step
Phase: Ai(3)-Atraxa Counters B3's First Strike Damage Step
Phase: Ai(3)-Atraxa Counters B3's Combat Damage Step
Phase: Ai(3)-Atraxa Counters B3's End of Combat Step
Phase: Ai(3)-Atraxa Counters B3's Main phase, postcombat
Phase: Ai(3)-Atraxa Counters B3's End step
Add To Stack: Ai(3)-Atraxa Counters B3 triggered Atraxa, Praetors' Voice
Resolve Stack: At the beginning of your end step, proliferate. (Choose any number of permanents and/or players, then give each another counter of each kind already there.) [Phase: Ai(3)-Atraxa Counters B3]
Phase: Ai(3)-Atraxa Counters B3's Cleanup step
Turn: Turn 46 (Ai(1)-Ur-Dragon B3)
Phase: Ai(1)-Ur-Dragon B3's Untap step
Phase: Ai(1)-Ur-Dragon B3's Upkeep step
Phase: Ai(1)-Ur-Dragon B3's Draw step
Phase: Ai(1)-Ur-Dragon B3's Main phase, precombat
Phase: Ai(1)-Ur-Dragon B3's Beginning of Combat Step
Phase: Ai(1)-Ur-Dragon B3's Declare Attackers Step
Combat: Ai(1)-Ur-Dragon B3 assigned The Ur-Dragon (100), Tyrant's Familiar (77), Lathliss, Dragon Queen (33), Deathbringer Regent (35), Kokusho, the Evening Star (22), Dragon Token (423), Steel Hellkite (52), Dragon Token (426) and Dragonlord Silumgar (72) to attack Ai(3)-Atraxa Counters B3.
Add To Stack: Ai(1)-Ur-Dragon B3 triggered Tyrant's Familiar targeting [Atraxa, Praetors' Voice (302)]
Add To Stack: Ai(1)-Ur-Dragon B3 triggered The Ur-Dragon
Resolve Stack: Whenever one or more Dragons you control attack, draw that many cards, then you may put a permanent card from your hand onto the battlefield. [Number Attackers: [The Ur-Dragon (100), Tyrant's Familiar (77), Lathliss, Dragon Queen (33), Deathbringer Regent (35), Kokusho, the Evening Star (22), Dragon Token (423), Steel Hellkite (52), Dragon Token (426), Dragonlord Silumgar (72)]]
Add To Stack: Ai(1)-Ur-Dragon B3 triggered Lathliss, Dragon Queen
Add To Stack: Ai(1)-Ur-Dragon B3 triggered Broodmate Dragon
Resolve Stack: When Broodmate Dragon enters, create a 4/4 red Dragon creature token with flying. [Zone Changer: Broodmate Dragon (21)]
Resolve Stack: Whenever another nontoken Dragon you control enters, create a 5/5 red Dragon creature token with flying. [Zone Changer: Broodmate Dragon (21)]
Damage: Tyrant's Familiar (77) deals 7 damage to Atraxa, Praetors' Voice (302).
Resolve Stack: Whenever Tyrant's Familiar attacks, it deals 7 damage to target creature defending player controls. (Targeting: [[Atraxa, Praetors' Voice (302)]]) [Attacker: Tyrant's Familiar (77)]
Zone Change: Atraxa, Praetors' Voice (302) was put into Graveyard from Battlefield.
Phase: Ai(1)-Ur-Dragon B3's Declare Blockers Step
Combat: Ai(3)-Atraxa Counters B3 didn't block The Ur-Dragon (100).
Ai(3)-Atraxa Counters B3 didn't block Tyrant's Familiar (77).
Ai(3)-Atraxa Counters B3 didn't block Lathliss, Dragon Queen (33).
Ai(3)-Atraxa Counters B3 didn't block Deathbringer Regent (35).
Ai(3)-Atraxa Counters B3 didn't block Kokusho, the Evening Star (22).
Ai(3)-Atraxa Counters B3 didn't block Dragon Token (423).
Ai(3)-Atraxa Counters B3 didn't block Steel Hellkite (52).
Ai(3)-Atraxa Counters B3 didn't block Dragon Token (426).
Ai(3)-Atraxa Counters B3 didn't block Dragonlord Silumgar (72).
Mana: Fellwar Stone (29) - {T}: Add one mana of any color that a land an opponent controls could produce.
Mana: Swamp (94) - {T}: Add {B}.
Add To Stack: Ai(1)-Ur-Dragon B3 activated Lathliss, Dragon Queen
Resolve Stack: Lathliss, Dragon Queen (33) - Dragons you control get +1/+0 until end of turn.
Mana: Mountain (80) - {T}: Add {R}.
Mana: Forest (49) - {T}: Add {G}.
Add To Stack: Ai(1)-Ur-Dragon B3 activated Lathliss, Dragon Queen
Resolve Stack: Lathliss, Dragon Queen (33) - Dragons you control get +1/+0 until end of turn.
Mana: Mountain (81) - {T}: Add {R}.
Mana: Forest (45) - {T}: Add {G}.
Add To Stack: Ai(1)-Ur-Dragon B3 activated Lathliss, Dragon Queen
Resolve Stack: Lathliss, Dragon Queen (33) - Dragons you control get +1/+0 until end of turn.
Mana: Savage Lands (8) - {T}: Add {B}, {R}, or {G}.
Mana: Plains (43) - {T}: Add {W}.
Add To Stack: Ai(1)-Ur-Dragon B3 activated Lathliss, Dragon Queen
Resolve Stack: Lathliss, Dragon Queen (33) - Dragons you control get +1/+0 until end of turn.
Mana: Plains (41) - {T}: Add {W}.
Mana: Plains (44) - {T}: Add {W}.
Add To Stack: Ai(1)-Ur-Dragon B3 activated Steel Hellkite
Resolve Stack: Steel Hellkite (52) - Steel Hellkite (52) gets +1/+0  until end of turn.
Mana: Island (56) - {T}: Add {U}.
Mana: Sandsteppe Citadel (11) - {T}: Add {W}, {B}, or {G}.
Add To Stack: Ai(1)-Ur-Dragon B3 activated Steel Hellkite
Resolve Stack: Steel Hellkite (52) - Steel Hellkite (52) gets +1/+0  until end of turn.
Phase: Ai(1)-Ur-Dragon B3's First Strike Damage Step
Phase: Ai(1)-Ur-Dragon B3's Combat Damage Step
Damage: The Ur-Dragon (100) deals 14 combat damage to Ai(3)-Atraxa Counters B3.
Damage: Tyrant's Familiar (77) deals 11 combat damage to Ai(3)-Atraxa Counters B3.
Damage: Lathliss, Dragon Queen (33) deals 10 combat damage to Ai(3)-Atraxa Counters B3.
Damage: Deathbringer Regent (35) deals 9 combat damage to Ai(3)-Atraxa Counters B3.
Damage: Kokusho, the Evening Star (22) deals 9 combat damage to Ai(3)-Atraxa Counters B3.
Damage: Dragon Token (423) deals 9 combat damage to Ai(3)-Atraxa Counters B3.
Damage: Steel Hellkite (52) deals 11 combat damage to Ai(3)-Atraxa Counters B3.
Damage: Dragon Token (426) deals 9 combat damage to Ai(3)-Atraxa Counters B3.
Damage: Dragonlord Silumgar (72) deals 7 combat damage to Ai(3)-Atraxa Counters B3.
Life: Life: Ai(3)-Atraxa Counters B3 36 > -53
Player Control: Ai(1)-Ur-Dragon B3 has restored control over themself
Player Control: Ai(2)-Kilo Helm B3 has restored control over themself
Player Control: Ai(3)-Atraxa Counters B3 has restored control over themself
Player Control: Ai(4)-Meren Graveyard B3 has restored control over themself
Game Outcome: Turn 23
Game Outcome: Ai(1)-Ur-Dragon B3 has won because all opponents have lost
Game Outcome: Ai(2)-Kilo Helm B3 has lost because life total reached 0
Game Outcome: Ai(3)-Atraxa Counters B3 has lost because life total reached 0
Game Outcome: Ai(4)-Meren Graveyard B3 has lost because life total reached 0
Match Result: Ai(1)-Ur-Dragon B3: 1 Ai(2)-Kilo Helm B3: 0 Ai(3)-Atraxa Counters B3: 0 Ai(4)-Meren Graveyard B3: 0 

Game Result: Game 1 ended in 37797 ms. Ai(1)-Ur-Dragon B3 has won!

Warning: default (ie. inherited from base class) implementation of confirmAction is used by Meren of Clan Nel Toth for forge.ai.ability.PermanentCreatureAi. Consider declaring an overloaded method
Warning: default (ie. inherited from base class) implementation of confirmAction is used by Meren of Clan Nel Toth for forge.ai.ability.PermanentCreatureAi. Consider declaring an overloaded method
Correcting zone for Flux Channeler (232)
Warning: default (ie. inherited from base class) implementation of confirmAction is used by Atraxa, Praetors' Voice for forge.ai.ability.PermanentCreatureAi. Consider declaring an overloaded method
Warning: default (ie. inherited from base class) implementation of confirmAction is used by Kilo, Apogee Mind for forge.ai.ability.PermanentCreatureAi. Consider declaring an overloaded method
Warning: default (ie. inherited from base class) implementation of confirmAction is used by Meren of Clan Nel Toth for forge.ai.ability.PermanentCreatureAi. Consider declaring an overloaded method
Warning: default (ie. inherited from base class) implementation of confirmAction is used by Atraxa, Praetors' Voice for forge.ai.ability.PermanentCreatureAi. Consider declaring an overloaded method
Warning: default (ie. inherited from base class) implementation of confirmAction is used by Kilo, Apogee Mind for forge.ai.ability.PermanentCreatureAi. Consider declaring an overloaded method
Warning: default (ie. inherited from base class) implementation of confirmAction is used by Atraxa, Praetors' Voice for forge.ai.ability.PermanentCreatureAi. Consider declaring an overloaded method
Warning: default (ie. inherited from base class) implementation of confirmAction is used by Kilo, Apogee Mind for forge.ai.ability.PermanentCreatureAi. Consider declaring an overloaded method
Warning: default (ie. inherited from base class) implementation of confirmAction is used by The Ur-Dragon for forge.ai.ability.PermanentCreatureAi. Consider declaring an overloaded method
Warning: default (ie. inherited from base class) implementation of confirmAction is used by Atraxa, Praetors' Voice for forge.ai.ability.PermanentCreatureAi. Consider declaring an overloaded method
Warning: default (ie. inherited from base class) implementation of confirmAction is used by Meren of Clan Nel Toth for forge.ai.ability.PermanentCreatureAi. Consider declaring an overloaded method
java.util.concurrent.ExecutionException: java.lang.NullPointerException: Cannot invoke "forge.game.card.CounterType.is(forge.game.card.CounterEnumType)" because "type" is null
	at java.base/java.util.concurrent.FutureTask.report(FutureTask.java:122)
	at java.base/java.util.concurrent.FutureTask.get(FutureTask.java:205)
	at forge.ai.AiController.chooseSpellAbilityToPlayFromList(AiController.java:1680)
	at forge.ai.AiController.getSpellAbilityToPlay(AiController.java:1569)
	at forge.ai.AiController.chooseSpellAbilityToPlay(AiController.java:1389)
	at forge.ai.PlayerControllerAi.chooseSpellAbilityToPlay(PlayerControllerAi.java:833)
	at forge.game.phase.PhaseHandler.mainLoopStep(PhaseHandler.java:1063)
	at forge.game.phase.PhaseHandler.mainGameLoop(PhaseHandler.java:1042)
	at forge.game.phase.PhaseHandler.startFirstTurn(PhaseHandler.java:1036)
	at forge.game.GameAction.startGame(GameAction.java:2373)
	at forge.game.Match.startGame(Match.java:92)
	at forge.game.Match.startGame(Match.java:77)
	at forge.view.SimulateMatch.lambda$simulateSingleMatch$0(SimulateMatch.java:182)
	at forge.view.TimeLimitedCodeBlock.lambda$runWithTimeout$0(TimeLimitedCodeBlock.java:18)
	at java.base/java.util.concurrent.FutureTask.run(FutureTask.java:264)
	at java.base/java.util.concurrent.ThreadPoolExecutor.runWorker(ThreadPoolExecutor.java:1136)
	at java.base/java.util.concurrent.ThreadPoolExecutor$Worker.run(ThreadPoolExecutor.java:635)
	at java.base/java.lang.Thread.run(Thread.java:840)
Caused by: java.lang.NullPointerException: Cannot invoke "forge.game.card.CounterType.is(forge.game.card.CounterEnumType)" because "type" is null
	at forge.ai.ComputerUtilCost.checkRemoveCounterCost(ComputerUtilCost.java:100)
	at forge.ai.SpellAbilityAi.willPayCosts(SpellAbilityAi.java:389)
	at forge.ai.SpellAbilityAi.canPlayWithoutRestrict(SpellAbilityAi.java:105)
	at forge.ai.SpellAbilityAi.canPlay(SpellAbilityAi.java:76)
	at forge.ai.SpellAbilityAi.canPlayWithSubs(SpellAbilityAi.java:55)
	at forge.ai.AiController.canPlaySa(AiController.java:911)
	at forge.ai.AiController.canPlayAndPayForFace(AiController.java:855)
	at forge.ai.AiController.canPlayAndPayFor(AiController.java:833)
	at forge.ai.AiController.lambda$chooseSpellAbilityToPlayFromList$9(AiController.java:1661)
	at java.base/java.util.concurrent.FutureTask.run(FutureTask.java:264)
	... 1 more
Warning: default (ie. inherited from base class) implementation of confirmAction is used by Atraxa, Praetors' Voice for forge.ai.ability.PermanentCreatureAi. Consider declaring an overloaded method
java.util.concurrent.ExecutionException: java.lang.NullPointerException: Cannot invoke "forge.game.card.CounterType.is(forge.game.card.CounterEnumType)" because "type" is null
	at java.base/java.util.concurrent.FutureTask.report(FutureTask.java:122)
	at java.base/java.util.concurrent.FutureTask.get(FutureTask.java:205)
	at forge.ai.AiController.chooseSpellAbilityToPlayFromList(AiController.java:1680)
	at forge.ai.AiController.getSpellAbilityToPlay(AiController.java:1569)
	at forge.ai.AiController.chooseSpellAbilityToPlay(AiController.java:1389)
	at forge.ai.PlayerControllerAi.chooseSpellAbilityToPlay(PlayerControllerAi.java:833)
	at forge.game.phase.PhaseHandler.mainLoopStep(PhaseHandler.java:1063)
	at forge.game.phase.PhaseHandler.mainGameLoop(PhaseHandler.java:1042)
	at forge.game.phase.PhaseHandler.startFirstTurn(PhaseHandler.java:1036)
	at forge.game.GameAction.startGame(GameAction.java:2373)
	at forge.game.Match.startGame(Match.java:92)
	at forge.game.Match.startGame(Match.java:77)
	at forge.view.SimulateMatch.lambda$simulateSingleMatch$0(SimulateMatch.java:182)
	at forge.view.TimeLimitedCodeBlock.lambda$runWithTimeout$0(TimeLimitedCodeBlock.java:18)
	at java.base/java.util.concurrent.FutureTask.run(FutureTask.java:264)
	at java.base/java.util.concurrent.ThreadPoolExecutor.runWorker(ThreadPoolExecutor.java:1136)
	at java.base/java.util.concurrent.ThreadPoolExecutor$Worker.run(ThreadPoolExecutor.java:635)
	at java.base/java.lang.Thread.run(Thread.java:840)
Caused by: java.lang.NullPointerException: Cannot invoke "forge.game.card.CounterType.is(forge.game.card.CounterEnumType)" because "type" is null
	at forge.ai.ComputerUtilCost.checkRemoveCounterCost(ComputerUtilCost.java:100)
	at forge.ai.SpellAbilityAi.willPayCosts(SpellAbilityAi.java:389)
	at forge.ai.SpellAbilityAi.canPlayWithoutRestrict(SpellAbilityAi.java:105)
	at forge.ai.SpellAbilityAi.canPlay(SpellAbilityAi.java:76)
	at forge.ai.SpellAbilityAi.canPlayWithSubs(SpellAbilityAi.java:55)
	at forge.ai.AiController.canPlaySa(AiController.java:911)
	at forge.ai.AiController.canPlayAndPayForFace(AiController.java:855)
	at forge.ai.AiController.canPlayAndPayFor(AiController.java:833)
	at forge.ai.AiController.lambda$chooseSpellAbilityToPlayFromList$9(AiController.java:1661)
	at java.base/java.util.concurrent.FutureTask.run(FutureTask.java:264)
	... 1 more
Mulligan: Ai(2)-Kilo Helm B3 has kept a hand of 7 cards
Mulligan: Ai(3)-Atraxa Counters B3 has kept a hand of 7 cards
Mulligan: Ai(4)-Meren Graveyard B3 has kept a hand of 7 cards
Mulligan: Ai(1)-Ur-Dragon B3 has kept a hand of 7 cards
Turn: Turn 1 (Ai(2)-Kilo Helm B3)
Phase: Ai(2)-Kilo Helm B3's Untap step
Phase: Ai(2)-Kilo Helm B3's Upkeep step
Phase: Ai(2)-Kilo Helm B3's Draw step
Phase: Ai(2)-Kilo Helm B3's Main phase, precombat
Land: Ai(2)-Kilo Helm B3 played Academy Ruins (155)
Phase: Ai(2)-Kilo Helm B3's Beginning of Combat Step
Phase: Ai(2)-Kilo Helm B3's Declare Attackers Step
Phase: Ai(2)-Kilo Helm B3's Declare Blockers Step
Phase: Ai(2)-Kilo Helm B3's First Strike Damage Step
Phase: Ai(2)-Kilo Helm B3's Combat Damage Step
Phase: Ai(2)-Kilo Helm B3's End of Combat Step
Phase: Ai(2)-Kilo Helm B3's Main phase, postcombat
Phase: Ai(2)-Kilo Helm B3's End step
Phase: Ai(2)-Kilo Helm B3's Cleanup step
Turn: Turn 2 (Ai(3)-Atraxa Counters B3)
Phase: Ai(3)-Atraxa Counters B3's Untap step
Phase: Ai(3)-Atraxa Counters B3's Upkeep step
Phase: Ai(3)-Atraxa Counters B3's Draw step
Phase: Ai(3)-Atraxa Counters B3's Main phase, precombat
Land: Ai(3)-Atraxa Counters B3 played Yavimaya Coast (221)
Phase: Ai(3)-Atraxa Counters B3's Beginning of Combat Step
Phase: Ai(3)-Atraxa Counters B3's Declare Attackers Step
Phase: Ai(3)-Atraxa Counters B3's Declare Blockers Step
Phase: Ai(3)-Atraxa Counters B3's First Strike Damage Step
Phase: Ai(3)-Atraxa Counters B3's Combat Damage Step
Phase: Ai(3)-Atraxa Counters B3's End of Combat Step
Phase: Ai(3)-Atraxa Counters B3's Main phase, postcombat
Damage: Yavimaya Coast (221) deals 1 non-combat damage to Ai(3)-Atraxa Counters B3.
Life: Life: Ai(3)-Atraxa Counters B3 40 > 39
Mana: Yavimaya Coast (221) - {T}: Add {G} or {U}. Yavimaya Coast deals 1 damage to you. 
Add To Stack: Ai(3)-Atraxa Counters B3 cast Hardened Scales
Resolve Stack: Hardened Scales
Phase: Ai(3)-Atraxa Counters B3's End step
Phase: Ai(3)-Atraxa Counters B3's Cleanup step
Turn: Turn 3 (Ai(4)-Meren Graveyard B3)
Phase: Ai(4)-Meren Graveyard B3's Untap step
Phase: Ai(4)-Meren Graveyard B3's Upkeep step
Phase: Ai(4)-Meren Graveyard B3's Draw step
Phase: Ai(4)-Meren Graveyard B3's Main phase, precombat
Land: Ai(4)-Meren Graveyard B3 played Forest (362)
Phase: Ai(4)-Meren Graveyard B3's Beginning of Combat Step
Phase: Ai(4)-Meren Graveyard B3's Declare Attackers Step
Phase: Ai(4)-Meren Graveyard B3's Declare Blockers Step
Phase: Ai(4)-Meren Graveyard B3's First Strike Damage Step
Phase: Ai(4)-Meren Graveyard B3's Combat Damage Step
Phase: Ai(4)-Meren Graveyard B3's End of Combat Step
Phase: Ai(4)-Meren Graveyard B3's Main phase, postcombat
Mana: Forest (362) - {T}: Add {G}.
Add To Stack: Ai(4)-Meren Graveyard B3 cast Spore Frog
Resolve Stack: Spore Frog - Creature 1 / 1
Phase: Ai(4)-Meren Graveyard B3's End step
Phase: Ai(4)-Meren Graveyard B3's Cleanup step
Turn: Turn 4 (Ai(1)-Ur-Dragon B3)
Phase: Ai(1)-Ur-Dragon B3's Untap step
Phase: Ai(1)-Ur-Dragon B3's Upkeep step
Phase: Ai(1)-Ur-Dragon B3's Draw step
Phase: Ai(1)-Ur-Dragon B3's Main phase, precombat
Land: Ai(1)-Ur-Dragon B3 played Forest (49)
Mana: Forest (49) - {T}: Add {G}.
Resolve Stack: Ai(1)-Ur-Dragon B3 has suspended Search for Tomorrow with 2 time counters on it.
Phase: Ai(1)-Ur-Dragon B3's Beginning of Combat Step
Phase: Ai(1)-Ur-Dragon B3's Declare Attackers Step
Phase: Ai(1)-Ur-Dragon B3's Declare Blockers Step
Phase: Ai(1)-Ur-Dragon B3's First Strike Damage Step
Phase: Ai(1)-Ur-Dragon B3's Combat Damage Step
Phase: Ai(1)-Ur-Dragon B3's End of Combat Step
Phase: Ai(1)-Ur-Dragon B3's Main phase, postcombat
Phase: Ai(1)-Ur-Dragon B3's End step
Phase: Ai(1)-Ur-Dragon B3's Cleanup step
Turn: Turn 5 (Ai(2)-Kilo Helm B3)
Phase: Ai(2)-Kilo Helm B3's Untap step
Phase: Ai(2)-Kilo Helm B3's Upkeep step
Phase: Ai(2)-Kilo Helm B3's Draw step
Phase: Ai(2)-Kilo Helm B3's Main phase, precombat
Land: Ai(2)-Kilo Helm B3 played The Mycosynth Gardens (163)
Phase: Ai(2)-Kilo Helm B3's Beginning of Combat Step
Phase: Ai(2)-Kilo Helm B3's Declare Attackers Step
Phase: Ai(2)-Kilo Helm B3's Declare Blockers Step
Phase: Ai(2)-Kilo Helm B3's First Strike Damage Step
Phase: Ai(2)-Kilo Helm B3's Combat Damage Step
Phase: Ai(2)-Kilo Helm B3's End of Combat Step
Phase: Ai(2)-Kilo Helm B3's Main phase, postcombat
Mana: Academy Ruins (155) - {T}: Add {C}.
Mana: The Mycosynth Gardens (163) - {T}: Add {C}.
Add To Stack: Ai(2)-Kilo Helm B3 cast Coretapper
Resolve Stack: Coretapper - Creature 1 / 1
Phase: Ai(2)-Kilo Helm B3's End step
Phase: Ai(2)-Kilo Helm B3's Cleanup step
Turn: Turn 6 (Ai(3)-Atraxa Counters B3)
Phase: Ai(3)-Atraxa Counters B3's Untap step
Phase: Ai(3)-Atraxa Counters B3's Upkeep step
Phase: Ai(3)-Atraxa Counters B3's Draw step
Phase: Ai(3)-Atraxa Counters B3's Main phase, precombat
Land: Ai(3)-Atraxa Counters B3 played Plains (252)
Damage: Yavimaya Coast (221) deals 1 non-combat damage to Ai(3)-Atraxa Counters B3.
Life: Life: Ai(3)-Atraxa Counters B3 39 > 38
Mana: Yavimaya Coast (221) - {T}: Add {G} or {U}. Yavimaya Coast deals 1 damage to you. 
Mana: Plains (252) - {T}: Add {W}.
Add To Stack: Ai(3)-Atraxa Counters B3 cast Farseek
Resolve Stack: Farseek (271) - Ai(3)-Atraxa Counters B3 searches their library for a Plains, Island, Swamp or Mountain card, puts it onto the battlefield tapped, then shuffles.
Phase: Ai(3)-Atraxa Counters B3's Beginning of Combat Step
Phase: Ai(3)-Atraxa Counters B3's Declare Attackers Step
Phase: Ai(3)-Atraxa Counters B3's Declare Blockers Step
Phase: Ai(3)-Atraxa Counters B3's First Strike Damage Step
Phase: Ai(3)-Atraxa Counters B3's Combat Damage Step
Phase: Ai(3)-Atraxa Counters B3's End of Combat Step
Phase: Ai(3)-Atraxa Counters B3's Main phase, postcombat
Phase: Ai(3)-Atraxa Counters B3's End step
Phase: Ai(3)-Atraxa Counters B3's Cleanup step
Turn: Turn 7 (Ai(4)-Meren Graveyard B3)
Phase: Ai(4)-Meren Graveyard B3's Untap step
Phase: Ai(4)-Meren Graveyard B3's Upkeep step
Phase: Ai(4)-Meren Graveyard B3's Draw step
Phase: Ai(4)-Meren Graveyard B3's Main phase, precombat
Land: Ai(4)-Meren Graveyard B3 played Swamp (394)
Phase: Ai(4)-Meren Graveyard B3's Beginning of Combat Step
Phase: Ai(4)-Meren Graveyard B3's Declare Attackers Step
Phase: Ai(4)-Meren Graveyard B3's Declare Blockers Step
Phase: Ai(4)-Meren Graveyard B3's First Strike Damage Step
Phase: Ai(4)-Meren Graveyard B3's Combat Damage Step
Phase: Ai(4)-Meren Graveyard B3's End of Combat Step
Phase: Ai(4)-Meren Graveyard B3's Main phase, postcombat
Mana: Forest (362) - {T}: Add {G}.
Mana: Swamp (394) - {T}: Add {B}.
Add To Stack: Ai(4)-Meren Graveyard B3 cast Sakura-Tribe Elder
Resolve Stack: Sakura-Tribe Elder - Creature 1 / 1
Zone Change: Sakura-Tribe Elder (378) was put into Graveyard from Battlefield.
Add To Stack: Ai(4)-Meren Graveyard B3 activated Sakura-Tribe Elder
Resolve Stack: Sakura-Tribe Elder (378) - Ai(4)-Meren Graveyard B3 searches their library for a basic land card, puts it onto the battlefield tapped, then shuffles.
Phase: Ai(4)-Meren Graveyard B3's End step
Phase: Ai(4)-Meren Graveyard B3's Cleanup step
Turn: Turn 8 (Ai(1)-Ur-Dragon B3)
Phase: Ai(1)-Ur-Dragon B3's Untap step
Phase: Ai(1)-Ur-Dragon B3's Upkeep step
Add To Stack: Ai(1)-Ur-Dragon B3 triggered Search for Tomorrow
Resolve Stack: At the beginning of your upkeep, if this card is suspended, remove a time counter from it [Phase: Ai(1)-Ur-Dragon B3]
Phase: Ai(1)-Ur-Dragon B3's Draw step
Phase: Ai(1)-Ur-Dragon B3's Main phase, precombat
Replacement Effect: Crumbling Necropolis enters tapped.
Land: Ai(1)-Ur-Dragon B3 played Crumbling Necropolis (37)
Phase: Ai(1)-Ur-Dragon B3's Beginning of Combat Step
Phase: Ai(1)-Ur-Dragon B3's Declare Attackers Step
Phase: Ai(1)-Ur-Dragon B3's Declare Blockers Step
Phase: Ai(1)-Ur-Dragon B3's First Strike Damage Step
Phase: Ai(1)-Ur-Dragon B3's Combat Damage Step
Phase: Ai(1)-Ur-Dragon B3's End of Combat Step
Phase: Ai(1)-Ur-Dragon B3's Main phase, postcombat
Phase: Ai(1)-Ur-Dragon B3's End step
Phase: Ai(1)-Ur-Dragon B3's Cleanup step
Turn: Turn 9 (Ai(2)-Kilo Helm B3)
Phase: Ai(2)-Kilo Helm B3's Untap step
Phase: Ai(2)-Kilo Helm B3's Upkeep step
Phase: Ai(2)-Kilo Helm B3's Draw step
Phase: Ai(2)-Kilo Helm B3's Main phase, precombat
Land: Ai(2)-Kilo Helm B3 played Island (165)
Phase: Ai(2)-Kilo Helm B3's Beginning of Combat Step
Phase: Ai(2)-Kilo Helm B3's Declare Attackers Step
Phase: Ai(2)-Kilo Helm B3's Declare Blockers Step
Phase: Ai(2)-Kilo Helm B3's First Strike Damage Step
Phase: Ai(2)-Kilo Helm B3's Combat Damage Step
Phase: Ai(2)-Kilo Helm B3's End of Combat Step
Phase: Ai(2)-Kilo Helm B3's Main phase, postcombat
Mana: Island (165) - {T}: Add {U}.
Mana: Academy Ruins (155) - {T}: Add {C}.
Add To Stack: Ai(2)-Kilo Helm B3 cast Thrummingbird
Resolve Stack: Thrummingbird - Creature 1 / 1
Phase: Ai(2)-Kilo Helm B3's End step
Phase: Ai(2)-Kilo Helm B3's Cleanup step
Turn: Turn 10 (Ai(3)-Atraxa Counters B3)
Phase: Ai(3)-Atraxa Counters B3's Untap step
Phase: Ai(3)-Atraxa Counters B3's Upkeep step
Phase: Ai(3)-Atraxa Counters B3's Draw step
Phase: Ai(3)-Atraxa Counters B3's Main phase, precombat
Land: Ai(3)-Atraxa Counters B3 played Plains (253)
Phase: Ai(3)-Atraxa Counters B3's Beginning of Combat Step
Phase: Ai(3)-Atraxa Counters B3's Declare Attackers Step
Phase: Ai(3)-Atraxa Counters B3's Declare Blockers Step
Phase: Ai(3)-Atraxa Counters B3's First Strike Damage Step
Phase: Ai(3)-Atraxa Counters B3's Combat Damage Step
Phase: Ai(3)-Atraxa Counters B3's End of Combat Step
Phase: Ai(3)-Atraxa Counters B3's Main phase, postcombat
Damage: Yavimaya Coast (221) deals 1 non-combat damage to Ai(3)-Atraxa Counters B3.
Life: Life: Ai(3)-Atraxa Counters B3 38 > 37
Mana: Yavimaya Coast (221) - {T}: Add {G} or {U}. Yavimaya Coast deals 1 damage to you. 
Mana: Plains (252) - {T}: Add {W}.
Mana: Plains (253) - {T}: Add {W}.
Add To Stack: Ai(3)-Atraxa Counters B3 cast Reclamation Sage
Resolve Stack: Reclamation Sage - Creature 2 / 1
Add To Stack: Ai(3)-Atraxa Counters B3 triggered Reclamation Sage targeting [Coretapper (132)]
Zone Change: Coretapper (132) was put into Graveyard from Battlefield.
Resolve Stack: When Reclamation Sage enters, you may destroy target artifact or enchantment. (Targeting: [[Coretapper (132)]]) [Zone Changer: Reclamation Sage (236)]
Phase: Ai(3)-Atraxa Counters B3's End step
Phase: Ai(3)-Atraxa Counters B3's Cleanup step
Turn: Turn 11 (Ai(4)-Meren Graveyard B3)
Phase: Ai(4)-Meren Graveyard B3's Untap step
Phase: Ai(4)-Meren Graveyard B3's Upkeep step
Phase: Ai(4)-Meren Graveyard B3's Draw step
Phase: Ai(4)-Meren Graveyard B3's Main phase, precombat
Land: Ai(4)-Meren Graveyard B3 played Forest (369)
Phase: Ai(4)-Meren Graveyard B3's Beginning of Combat Step
Phase: Ai(4)-Meren Graveyard B3's Declare Attackers Step
Phase: Ai(4)-Meren Graveyard B3's Declare Blockers Step
Phase: Ai(4)-Meren Graveyard B3's First Strike Damage Step
Phase: Ai(4)-Meren Graveyard B3's Combat Damage Step
Phase: Ai(4)-Meren Graveyard B3's End of Combat Step
Phase: Ai(4)-Meren Graveyard B3's Main phase, postcombat
Mana: Swamp (394) - {T}: Add {B}.
Mana: Forest (362) - {T}: Add {G}.
Mana: Forest (369) - {T}: Add {G}.
Mana: Swamp (386) - {T}: Add {B}.
Add To Stack: Ai(4)-Meren Graveyard B3 cast Meren of Clan Nel Toth
Resolve Stack: Meren of Clan Nel Toth - Creature 3 / 4
Phase: Ai(4)-Meren Graveyard B3's End step
Add To Stack: Ai(4)-Meren Graveyard B3 triggered Meren of Clan Nel Toth targeting [Sakura-Tribe Elder (378)]
Resolve Stack: At the beginning of your end step, choose target creature card in your graveyard. If that card's mana value is less than or equal to the number of experience counters you have, return it to the battlefield. Otherwise, put it into your hand. (Targeting: [[Sakura-Tribe Elder (378)]]) [Phase: Ai(4)-Meren Graveyard B3]
Phase: Ai(4)-Meren Graveyard B3's Cleanup step
Turn: Turn 12 (Ai(1)-Ur-Dragon B3)
Phase: Ai(1)-Ur-Dragon B3's Untap step
Phase: Ai(1)-Ur-Dragon B3's Upkeep step
Add To Stack: Ai(1)-Ur-Dragon B3 triggered Search for Tomorrow
Resolve Stack: At the beginning of your upkeep, if this card is suspended, remove a time counter from it [Phase: Ai(1)-Ur-Dragon B3]
Add To Stack: Ai(1)-Ur-Dragon B3 triggered Search for Tomorrow
Add To Stack: Ai(1)-Ur-Dragon B3 cast Search for Tomorrow
Resolve Stack: When the last time counter is removed from this card, if it's exiled, you may play it without paying its mana cost if able.  If you can't, it remains exiled. If you cast a creature spell this way, it gains haste until you lose control of the spell or the permanent it becomes. [Removed from: Search for Tomorrow (27)]
Resolve Stack: Search for Tomorrow (27) - Ai(1)-Ur-Dragon B3 searches their library for a basic land card, puts it onto the battlefield, then shuffles.
Phase: Ai(1)-Ur-Dragon B3's Draw step
Phase: Ai(1)-Ur-Dragon B3's Main phase, precombat
Land: Ai(1)-Ur-Dragon B3 played Forest (47)
Phase: Ai(1)-Ur-Dragon B3's Beginning of Combat Step
Phase: Ai(1)-Ur-Dragon B3's Declare Attackers Step
Phase: Ai(1)-Ur-Dragon B3's Declare Blockers Step
Phase: Ai(1)-Ur-Dragon B3's First Strike Damage Step
Phase: Ai(1)-Ur-Dragon B3's Combat Damage Step
Phase: Ai(1)-Ur-Dragon B3's End of Combat Step
Phase: Ai(1)-Ur-Dragon B3's Main phase, postcombat
Phase: Ai(1)-Ur-Dragon B3's End step
Phase: Ai(1)-Ur-Dragon B3's Cleanup step
Turn: Turn 13 (Ai(2)-Kilo Helm B3)
Phase: Ai(2)-Kilo Helm B3's Untap step
Phase: Ai(2)-Kilo Helm B3's Upkeep step
Phase: Ai(2)-Kilo Helm B3's Draw step
Phase: Ai(2)-Kilo Helm B3's Main phase, precombat
Land: Ai(2)-Kilo Helm B3 played Inventors' Fair (103)
Phase: Ai(2)-Kilo Helm B3's Beginning of Combat Step
Phase: Ai(2)-Kilo Helm B3's Declare Attackers Step
Combat: Ai(2)-Kilo Helm B3 assigned Thrummingbird (114) to attack Ai(4)-Meren Graveyard B3.
Phase: Ai(2)-Kilo Helm B3's Declare Blockers Step
Combat: Ai(4)-Meren Graveyard B3 didn't block Thrummingbird (114).
Phase: Ai(2)-Kilo Helm B3's First Strike Damage Step
Phase: Ai(2)-Kilo Helm B3's Combat Damage Step
Damage: Thrummingbird (114) deals 1 combat damage to Ai(4)-Meren Graveyard B3.
Life: Life: Ai(4)-Meren Graveyard B3 40 > 39
Add To Stack: Ai(2)-Kilo Helm B3 triggered Thrummingbird
Resolve Stack: Whenever Thrummingbird deals combat damage to a player, proliferate. [Damage Source: Thrummingbird (114), Damaged: Ai(4)-Meren Graveyard B3, Amount: 1]
Phase: Ai(2)-Kilo Helm B3's End of Combat Step
Phase: Ai(2)-Kilo Helm B3's Main phase, postcombat
Mana: Island (165) - {T}: Add {U}.
Mana: Academy Ruins (155) - {T}: Add {C}.
Mana: Inventors' Fair (103) - {T}: Add {C}.
Mana: The Mycosynth Gardens (163) - {T}: Add {C}.
Add To Stack: Ai(2)-Kilo Helm B3 cast Lux Cannon
Resolve Stack: Lux Cannon
Phase: Ai(2)-Kilo Helm B3's End step
Phase: Ai(2)-Kilo Helm B3's Cleanup step
Turn: Turn 14 (Ai(3)-Atraxa Counters B3)
Phase: Ai(3)-Atraxa Counters B3's Untap step
Phase: Ai(3)-Atraxa Counters B3's Upkeep step
Phase: Ai(3)-Atraxa Counters B3's Draw step
Mana: Plains (252) - {T}: Add {W}.
Add To Stack: Ai(3)-Atraxa Counters B3 cast Path to Exile targeting [Meren of Clan Nel Toth (403)]
Zone Change: Meren of Clan Nel Toth (403) was put into Exile from Battlefield.
Resolve Stack: Path to Exile (208) - Exile Meren of Clan Nel Toth (403). Ai(4)-Meren Graveyard B3 may search their library for a basic land card, put that card onto the battlefield tapped, then shuffle their library. 
Phase: Ai(3)-Atraxa Counters B3's Main phase, precombat
Land: Ai(3)-Atraxa Counters B3 played Terramorphic Expanse (301)
Zone Change: Terramorphic Expanse (301) was put into Graveyard from Battlefield.
Add To Stack: Ai(3)-Atraxa Counters B3 activated Terramorphic Expanse
Resolve Stack: Terramorphic Expanse (301) - Ai(3)-Atraxa Counters B3 searches their library for a basic land card, puts it onto the battlefield tapped, then shuffles.
Phase: Ai(3)-Atraxa Counters B3's Beginning of Combat Step
Phase: Ai(3)-Atraxa Counters B3's Declare Attackers Step
Combat: Ai(3)-Atraxa Counters B3 assigned Reclamation Sage (236) to attack Ai(2)-Kilo Helm B3.
Phase: Ai(3)-Atraxa Counters B3's Declare Blockers Step
Combat: Ai(2)-Kilo Helm B3 didn't block Reclamation Sage (236).
Phase: Ai(3)-Atraxa Counters B3's First Strike Damage Step
Phase: Ai(3)-Atraxa Counters B3's Combat Damage Step
Damage: Reclamation Sage (236) deals 2 combat damage to Ai(2)-Kilo Helm B3.
Life: Life: Ai(2)-Kilo Helm B3 40 > 38
Phase: Ai(3)-Atraxa Counters B3's End of Combat Step
Phase: Ai(3)-Atraxa Counters B3's Main phase, postcombat
Mana: Island (262) - {T}: Add {U}.
Mana: Plains (253) - {T}: Add {W}.
Mana: Yavimaya Coast (221) - {T}: Add {C}.
Add To Stack: Ai(3)-Atraxa Counters B3 cast Flux Channeler
Add To Stack: Ai(2)-Kilo Helm B3 activated Lux Cannon
Resolve Stack: Lux Cannon (178) - Ai(2)-Kilo Helm B3 puts a charge counter on Lux Cannon (178).
Resolve Stack: Flux Channeler - Creature 2 / 2
Phase: Ai(3)-Atraxa Counters B3's End step
Phase: Ai(3)-Atraxa Counters B3's Cleanup step
Turn: Turn 15 (Ai(4)-Meren Graveyard B3)
Phase: Ai(4)-Meren Graveyard B3's Untap step
Phase: Ai(4)-Meren Graveyard B3's Upkeep step
Phase: Ai(4)-Meren Graveyard B3's Draw step
Phase: Ai(4)-Meren Graveyard B3's Main phase, precombat
Land: Ai(4)-Meren Graveyard B3 played Swamp (389)
Phase: Ai(4)-Meren Graveyard B3's Beginning of Combat Step
Phase: Ai(4)-Meren Graveyard B3's Declare Attackers Step
Phase: Ai(4)-Meren Graveyard B3's Declare Blockers Step
Phase: Ai(4)-Meren Graveyard B3's First Strike Damage Step
Phase: Ai(4)-Meren Graveyard B3's Combat Damage Step
Phase: Ai(4)-Meren Graveyard B3's End of Combat Step
Phase: Ai(4)-Meren Graveyard B3's Main phase, postcombat
Mana: Swamp (394) - {T}: Add {B}.
Mana: Forest (362) - {T}: Add {G}.
Mana: Forest (369) - {T}: Add {G}.
Mana: Forest (360) - {T}: Add {G}.
Mana: Swamp (386) - {T}: Add {B}.
Mana: Swamp (389) - {T}: Add {B}.
Add To Stack: Ai(4)-Meren Graveyard B3 cast Meren of Clan Nel Toth
Resolve Stack: Meren of Clan Nel Toth - Creature 3 / 4
Phase: Ai(4)-Meren Graveyard B3's End step
Phase: Ai(4)-Meren Graveyard B3's Cleanup step
Turn: Turn 16 (Ai(1)-Ur-Dragon B3)
Phase: Ai(1)-Ur-Dragon B3's Untap step
Phase: Ai(1)-Ur-Dragon B3's Upkeep step
Phase: Ai(1)-Ur-Dragon B3's Draw step
Phase: Ai(1)-Ur-Dragon B3's Main phase, precombat
Land: Ai(1)-Ur-Dragon B3 played Terramorphic Expanse (99)
Zone Change: Terramorphic Expanse (99) was put into Graveyard from Battlefield.
Add To Stack: Ai(1)-Ur-Dragon B3 activated Terramorphic Expanse
Resolve Stack: Terramorphic Expanse (99) - Ai(1)-Ur-Dragon B3 searches their library for a basic land card, puts it onto the battlefield tapped, then shuffles.
Phase: Ai(1)-Ur-Dragon B3's Beginning of Combat Step
Phase: Ai(1)-Ur-Dragon B3's Declare Attackers Step
Phase: Ai(1)-Ur-Dragon B3's Declare Blockers Step
Phase: Ai(1)-Ur-Dragon B3's First Strike Damage Step
Phase: Ai(1)-Ur-Dragon B3's Combat Damage Step
Phase: Ai(1)-Ur-Dragon B3's End of Combat Step
Phase: Ai(1)-Ur-Dragon B3's Main phase, postcombat
Phase: Ai(1)-Ur-Dragon B3's End step
Phase: Ai(1)-Ur-Dragon B3's Cleanup step
Turn: Turn 17 (Ai(2)-Kilo Helm B3)
Phase: Ai(2)-Kilo Helm B3's Untap step
Phase: Ai(2)-Kilo Helm B3's Upkeep step
Phase: Ai(2)-Kilo Helm B3's Draw step
Phase: Ai(2)-Kilo Helm B3's Main phase, precombat
Phase: Ai(2)-Kilo Helm B3's Beginning of Combat Step
Phase: Ai(2)-Kilo Helm B3's Declare Attackers Step
Combat: Ai(2)-Kilo Helm B3 assigned Thrummingbird (114) to attack Ai(4)-Meren Graveyard B3.
Phase: Ai(2)-Kilo Helm B3's Declare Blockers Step
Combat: Ai(4)-Meren Graveyard B3 didn't block Thrummingbird (114).
Phase: Ai(2)-Kilo Helm B3's First Strike Damage Step
Phase: Ai(2)-Kilo Helm B3's Combat Damage Step
Damage: Thrummingbird (114) deals 1 combat damage to Ai(4)-Meren Graveyard B3.
Life: Life: Ai(4)-Meren Graveyard B3 39 > 38
Add To Stack: Ai(2)-Kilo Helm B3 triggered Thrummingbird
Resolve Stack: Whenever Thrummingbird deals combat damage to a player, proliferate. [Damage Source: Thrummingbird (114), Damaged: Ai(4)-Meren Graveyard B3, Amount: 1]
Phase: Ai(2)-Kilo Helm B3's End of Combat Step
Phase: Ai(2)-Kilo Helm B3's Main phase, postcombat
Mana: Island (165) - {T}: Add {U}.
Mana: Academy Ruins (155) - {T}: Add {C}.
Discard: Ai(2)-Kilo Helm B3 discards Angel of the Ruins (108).
Add To Stack: Ai(2)-Kilo Helm B3 activated Angel of the Ruins
Resolve Stack: Angel of the Ruins (108) - Ai(2)-Kilo Helm B3 searches their library for a Plains card, reveals it, puts it into their hand, then shuffles.
Replacement Effect: This land enters tapped unless you control two or more basic lands.
Land: Ai(2)-Kilo Helm B3 played Radiant Summit (124)
Phase: Ai(2)-Kilo Helm B3's End step
Phase: Ai(2)-Kilo Helm B3's Cleanup step
Turn: Turn 18 (Ai(3)-Atraxa Counters B3)
Phase: Ai(3)-Atraxa Counters B3's Untap step
Phase: Ai(3)-Atraxa Counters B3's Upkeep step
Mana: Swamp (289) - {T}: Add {B}.
Damage: Yavimaya Coast (221) deals 1 non-combat damage to Ai(3)-Atraxa Counters B3.
Life: Life: Ai(3)-Atraxa Counters B3 37 > 36
Mana: Yavimaya Coast (221) - {T}: Add {G} or {U}. Yavimaya Coast deals 1 damage to you. 
Mana: Plains (252) - {T}: Add {W}.
Add To Stack: Ai(3)-Atraxa Counters B3 cast Putrefy targeting [Meren of Clan Nel Toth (403)]
Add To Stack: Ai(3)-Atraxa Counters B3 triggered Flux Channeler
Resolve Stack: Whenever you cast a noncreature spell, proliferate. (Choose any number of permanents and/or players, then give each another counter of each kind already there.) [Card: Putrefy (267), Activator: Ai(3)-Atraxa Counters B3, SpellAbility: Destroy target artifact or creature. It can't be regenerated.]
Zone Change: Meren of Clan Nel Toth (403) was put into Graveyard from Battlefield.
Resolve Stack: Putrefy (267) - Destroy Meren of Clan Nel Toth (403). It can't be regenerated.
Phase: Ai(3)-Atraxa Counters B3's Draw step
Phase: Ai(3)-Atraxa Counters B3's Main phase, precombat
Phase: Ai(3)-Atraxa Counters B3's Beginning of Combat Step
Phase: Ai(3)-Atraxa Counters B3's Declare Attackers Step
Combat: Ai(3)-Atraxa Counters B3 assigned Reclamation Sage (236) and Flux Channeler (232) to attack Ai(2)-Kilo Helm B3.
Phase: Ai(3)-Atraxa Counters B3's Declare Blockers Step
Combat: Ai(2)-Kilo Helm B3 didn't block Reclamation Sage (236).
Ai(2)-Kilo Helm B3 didn't block Flux Channeler (232).
Phase: Ai(3)-Atraxa Counters B3's First Strike Damage Step
Phase: Ai(3)-Atraxa Counters B3's Combat Damage Step
Damage: Reclamation Sage (236) deals 2 combat damage to Ai(2)-Kilo Helm B3.
Damage: Flux Channeler (232) deals 2 combat damage to Ai(2)-Kilo Helm B3.
Life: Life: Ai(2)-Kilo Helm B3 38 > 34
Phase: Ai(3)-Atraxa Counters B3's End of Combat Step
Phase: Ai(3)-Atraxa Counters B3's Main phase, postcombat
Mana: Island (262) - {T}: Add {U}.
Mana: Plains (253) - {T}: Add {W}.
Add To Stack: Ai(3)-Atraxa Counters B3 cast Arcane Signet
Add To Stack: Ai(3)-Atraxa Counters B3 triggered Flux Channeler
Add To Stack: Ai(2)-Kilo Helm B3 activated Lux Cannon
Resolve Stack: Lux Cannon (178) - Ai(2)-Kilo Helm B3 puts a charge counter on Lux Cannon (178).
Resolve Stack: Whenever you cast a noncreature spell, proliferate. (Choose any number of permanents and/or players, then give each another counter of each kind already there.) [Card: Arcane Signet (294), Activator: Ai(3)-Atraxa Counters B3, SpellAbility: Arcane Signet]
Resolve Stack: Arcane Signet
Phase: Ai(3)-Atraxa Counters B3's End step
Phase: Ai(3)-Atraxa Counters B3's Cleanup step
Turn: Turn 19 (Ai(4)-Meren Graveyard B3)
Phase: Ai(4)-Meren Graveyard B3's Untap step
Phase: Ai(4)-Meren Graveyard B3's Upkeep step
Phase: Ai(4)-Meren Graveyard B3's Draw step
Phase: Ai(4)-Meren Graveyard B3's Main phase, precombat
Land: Ai(4)-Meren Graveyard B3 played Swamp (396)
Phase: Ai(4)-Meren Graveyard B3's Beginning of Combat Step
Phase: Ai(4)-Meren Graveyard B3's Declare Attackers Step
Combat: Ai(4)-Meren Graveyard B3 assigned Spore Frog (338) to attack Ai(3)-Atraxa Counters B3.
Phase: Ai(4)-Meren Graveyard B3's Declare Blockers Step
Combat: Ai(3)-Atraxa Counters B3 didn't block Spore Frog (338).
Phase: Ai(4)-Meren Graveyard B3's First Strike Damage Step
Phase: Ai(4)-Meren Graveyard B3's Combat Damage Step
Damage: Spore Frog (338) deals 1 combat damage to Ai(3)-Atraxa Counters B3.
Life: Life: Ai(3)-Atraxa Counters B3 36 > 35
Phase: Ai(4)-Meren Graveyard B3's End of Combat Step
Phase: Ai(4)-Meren Graveyard B3's Main phase, postcombat
Mana: Swamp (394) - {T}: Add {B}.
Mana: Swamp (386) - {T}: Add {B}.
Mana: Forest (362) - {T}: Add {G}.
Mana: Forest (369) - {T}: Add {G}.
Mana: Forest (360) - {T}: Add {G}.
Mana: Swamp (389) - {T}: Add {B}.
Mana: Swamp (396) - {T}: Add {B}.
Add To Stack: Ai(4)-Meren Graveyard B3 cast Butcher of Malakir
Resolve Stack: Butcher of Malakir - Creature 5 / 4
Phase: Ai(4)-Meren Graveyard B3's End step
Phase: Ai(4)-Meren Graveyard B3's Cleanup step
Turn: Turn 20 (Ai(1)-Ur-Dragon B3)
Phase: Ai(1)-Ur-Dragon B3's Untap step
Phase: Ai(1)-Ur-Dragon B3's Upkeep step
Phase: Ai(1)-Ur-Dragon B3's Draw step
Phase: Ai(1)-Ur-Dragon B3's Main phase, precombat
Phase: Ai(1)-Ur-Dragon B3's Beginning of Combat Step
Phase: Ai(1)-Ur-Dragon B3's Declare Attackers Step
Phase: Ai(1)-Ur-Dragon B3's Declare Blockers Step
Phase: Ai(1)-Ur-Dragon B3's First Strike Damage Step
Phase: Ai(1)-Ur-Dragon B3's Combat Damage Step
Phase: Ai(1)-Ur-Dragon B3's End of Combat Step
Phase: Ai(1)-Ur-Dragon B3's Main phase, postcombat
Mana: Island (56) - {T}: Add {U}.
Mana: Forest (49) - {T}: Add {G}.
Mana: Forest (47) - {T}: Add {G}.
Mana: Plains (43) - {T}: Add {W}.
Mana: Crumbling Necropolis (37) - {T}: Add {U}, {B}, or {R}.
Add To Stack: Ai(1)-Ur-Dragon B3 cast Keiga, the Tide Star
Resolve Stack: Keiga, the Tide Star - Creature 5 / 5
Phase: Ai(1)-Ur-Dragon B3's End step
Phase: Ai(1)-Ur-Dragon B3's Cleanup step
Turn: Turn 21 (Ai(2)-Kilo Helm B3)
Phase: Ai(2)-Kilo Helm B3's Untap step
Phase: Ai(2)-Kilo Helm B3's Upkeep step
Add To Stack: Ai(2)-Kilo Helm B3 activated Lux Cannon targeting [Butcher of Malakir (350)]
Zone Change: Butcher of Malakir (350) was put into Graveyard from Battlefield.
Resolve Stack: Lux Cannon (178) - Destroy Butcher of Malakir (350).
Add To Stack: Ai(4)-Meren Graveyard B3 triggered Butcher of Malakir
Zone Change: Thrummingbird (114) was put into Graveyard from Battlefield.
Zone Change: Reclamation Sage (236) was put into Graveyard from Battlefield.
Zone Change: Keiga, the Tide Star (14) was put into Graveyard from Battlefield.
Resolve Stack: Whenever Butcher of Malakir or another creature you control dies, each opponent sacrifices a creature. [Zone Changer: Butcher of Malakir (350)]
Add To Stack: Ai(1)-Ur-Dragon B3 triggered Keiga, the Tide Star targeting [Flux Channeler (232)]
Resolve Stack: When Keiga, the Tide Star dies, gain control of target creature. (Targeting: [[Flux Channeler (232)]]) [Zone Changer: Keiga, the Tide Star (14)]
Phase: Ai(2)-Kilo Helm B3's Draw step
Phase: Ai(2)-Kilo Helm B3's Main phase, precombat
Phase: Ai(2)-Kilo Helm B3's Beginning of Combat Step
Phase: Ai(2)-Kilo Helm B3's Declare Attackers Step
Phase: Ai(2)-Kilo Helm B3's Declare Blockers Step
Phase: Ai(2)-Kilo Helm B3's First Strike Damage Step
Phase: Ai(2)-Kilo Helm B3's Combat Damage Step
Phase: Ai(2)-Kilo Helm B3's End of Combat Step
Phase: Ai(2)-Kilo Helm B3's Main phase, postcombat
Mana: Island (165) - {T}: Add {U}.
Mana: Radiant Summit (124) - {T}: Add {R}.
Mana: Academy Ruins (155) - {T}: Add {C}.
Mana: Inventors' Fair (103) - {T}: Add {C}.
Mana: The Mycosynth Gardens (163) - {T}: Add {C}.
Add To Stack: Ai(2)-Kilo Helm B3 cast Dawnsire, Sunstar Dreadnought
Resolve Stack: Dawnsire, Sunstar Dreadnought
Phase: Ai(2)-Kilo Helm B3's End step
Phase: Ai(2)-Kilo Helm B3's Cleanup step
Turn: Turn 22 (Ai(3)-Atraxa Counters B3)
Phase: Ai(3)-Atraxa Counters B3's Untap step
Phase: Ai(3)-Atraxa Counters B3's Upkeep step
Phase: Ai(3)-Atraxa Counters B3's Draw step
Phase: Ai(3)-Atraxa Counters B3's Main phase, precombat
Phase: Ai(3)-Atraxa Counters B3's Beginning of Combat Step
Phase: Ai(3)-Atraxa Counters B3's Declare Attackers Step
Phase: Ai(3)-Atraxa Counters B3's Declare Blockers Step
Phase: Ai(3)-Atraxa Counters B3's First Strike Damage Step
Phase: Ai(3)-Atraxa Counters B3's Combat Damage Step
Phase: Ai(3)-Atraxa Counters B3's End of Combat Step
Phase: Ai(3)-Atraxa Counters B3's Main phase, postcombat
Mana: Swamp (289) - {T}: Add {B}.
Mana: Arcane Signet (294) - {T}: Add one mana of any color in your commander's color identity.
Mana: Plains (252) - {T}: Add {W}.
Mana: Island (262) - {T}: Add {U}.
Add To Stack: Ai(3)-Atraxa Counters B3 cast Atraxa, Praetors' Voice
Resolve Stack: Atraxa, Praetors' Voice - Creature 4 / 4
Phase: Ai(3)-Atraxa Counters B3's End step
Add To Stack: Ai(3)-Atraxa Counters B3 triggered Atraxa, Praetors' Voice
Resolve Stack: At the beginning of your end step, proliferate. (Choose any number of permanents and/or players, then give each another counter of each kind already there.) [Phase: Ai(3)-Atraxa Counters B3]
Phase: Ai(3)-Atraxa Counters B3's Cleanup step
Turn: Turn 23 (Ai(4)-Meren Graveyard B3)
Phase: Ai(4)-Meren Graveyard B3's Untap step
Phase: Ai(4)-Meren Graveyard B3's Upkeep step
Phase: Ai(4)-Meren Graveyard B3's Draw step
Phase: Ai(4)-Meren Graveyard B3's Main phase, precombat
Phase: Ai(4)-Meren Graveyard B3's Beginning of Combat Step
Phase: Ai(4)-Meren Graveyard B3's Declare Attackers Step
Phase: Ai(4)-Meren Graveyard B3's Declare Blockers Step
Phase: Ai(4)-Meren Graveyard B3's First Strike Damage Step
Phase: Ai(4)-Meren Graveyard B3's Combat Damage Step
Phase: Ai(4)-Meren Graveyard B3's End of Combat Step
Phase: Ai(4)-Meren Graveyard B3's Main phase, postcombat
Mana: Swamp (394) - {T}: Add {B}.
Mana: Swamp (386) - {T}: Add {B}.
Mana: Forest (362) - {T}: Add {G}.
Mana: Forest (369) - {T}: Add {G}.
Mana: Forest (360) - {T}: Add {G}.
Mana: Swamp (389) - {T}: Add {B}.
Mana: Swamp (396) - {T}: Add {B}.
Add To Stack: Ai(4)-Meren Graveyard B3 cast Sheoldred, Whispering One
Resolve Stack: Sheoldred, Whispering One - Creature 6 / 6
Phase: Ai(4)-Meren Graveyard B3's End step
Phase: Ai(4)-Meren Graveyard B3's Cleanup step
Turn: Turn 24 (Ai(1)-Ur-Dragon B3)
Phase: Ai(1)-Ur-Dragon B3's Untap step
Phase: Ai(1)-Ur-Dragon B3's Upkeep step
Add To Stack: Ai(4)-Meren Graveyard B3 triggered Sheoldred, Whispering One
Zone Change: Flux Channeler (232) was put into Graveyard from Battlefield.
Resolve Stack: At the beginning of each opponent's upkeep, that player sacrifices a creature. [Phase: Ai(1)-Ur-Dragon B3]
Phase: Ai(1)-Ur-Dragon B3's Draw step
Phase: Ai(1)-Ur-Dragon B3's Main phase, precombat
Phase: Ai(1)-Ur-Dragon B3's Beginning of Combat Step
Phase: Ai(1)-Ur-Dragon B3's Declare Attackers Step
Phase: Ai(1)-Ur-Dragon B3's Declare Blockers Step
Phase: Ai(1)-Ur-Dragon B3's First Strike Damage Step
Phase: Ai(1)-Ur-Dragon B3's Combat Damage Step
Phase: Ai(1)-Ur-Dragon B3's End of Combat Step
Phase: Ai(1)-Ur-Dragon B3's Main phase, postcombat
Mana: Island (56) - {T}: Add {U}.
Mana: Crumbling Necropolis (37) - {T}: Add {U}, {B}, or {R}.
Mana: Forest (49) - {T}: Add {G}.
Mana: Forest (47) - {T}: Add {G}.
Mana: Plains (43) - {T}: Add {W}.
Add To Stack: Ai(1)-Ur-Dragon B3 cast Kindred Discovery
Replacement Effect: As Kindred Discovery enters, choose a creature type.
Resolve Stack: Kindred Discovery
Phase: Ai(1)-Ur-Dragon B3's End step
Phase: Ai(1)-Ur-Dragon B3's Cleanup step
Turn: Turn 25 (Ai(2)-Kilo Helm B3)
Phase: Ai(2)-Kilo Helm B3's Untap step
Phase: Ai(2)-Kilo Helm B3's Upkeep step
Add To Stack: Ai(4)-Meren Graveyard B3 triggered Sheoldred, Whispering One
Resolve Stack: At the beginning of each opponent's upkeep, that player sacrifices a creature. [Phase: Ai(2)-Kilo Helm B3]
Phase: Ai(2)-Kilo Helm B3's Draw step
Phase: Ai(2)-Kilo Helm B3's Main phase, precombat
Land: Ai(2)-Kilo Helm B3 played Great Furnace (197)
Mana: Radiant Summit (124) - {T}: Add {W}.
Mana: Island (165) - {T}: Add {U}.
Mana: Great Furnace (197) - {T}: Add {R}.
Add To Stack: Ai(2)-Kilo Helm B3 cast Kilo, Apogee Mind
Resolve Stack: Kilo, Apogee Mind - Creature 3 / 3
Phase: Ai(2)-Kilo Helm B3's Beginning of Combat Step
Phase: Ai(2)-Kilo Helm B3's Declare Attackers Step
Phase: Ai(2)-Kilo Helm B3's Declare Blockers Step
Phase: Ai(2)-Kilo Helm B3's First Strike Damage Step
Phase: Ai(2)-Kilo Helm B3's Combat Damage Step
Phase: Ai(2)-Kilo Helm B3's End of Combat Step
Phase: Ai(2)-Kilo Helm B3's Main phase, postcombat
Add To Stack: Ai(2)-Kilo Helm B3 activated Dawnsire, Sunstar Dreadnought
Add To Stack: Ai(2)-Kilo Helm B3 triggered Kilo, Apogee Mind
Resolve Stack: Whenever Kilo becomes tapped, proliferate. (Choose any number of permanents and/or players, then give each another counter of each kind already there.) [Tapped: Kilo, Apogee Mind (201)]
Resolve Stack: Dawnsire, Sunstar Dreadnought (115) - Ai(2)-Kilo Helm B3 puts three charge counters on Dawnsire, Sunstar Dreadnought (115).
Phase: Ai(2)-Kilo Helm B3's End step
Phase: Ai(2)-Kilo Helm B3's Cleanup step
Turn: Turn 26 (Ai(3)-Atraxa Counters B3)
Phase: Ai(3)-Atraxa Counters B3's Untap step
Phase: Ai(3)-Atraxa Counters B3's Upkeep step
Add To Stack: Ai(4)-Meren Graveyard B3 triggered Sheoldred, Whispering One
Mana: Swamp (289) - {T}: Add {B}.
Mana: Plains (252) - {T}: Add {W}.
Mana: Island (262) - {T}: Add {U}.
Add To Stack: Ai(3)-Atraxa Counters B3 cast Mortify targeting [Sheoldred, Whispering One (351)]
Add To Stack: Ai(2)-Kilo Helm B3 cast Fierce Guardianship targeting [Destroy target creature or enchantment.]
Zone Change: Send countered spell to Graveyard
Resolve Stack: Fierce Guardianship (121) - Counter Mortify (245).
Zone Change: Atraxa, Praetors' Voice (302) was put into Graveyard from Battlefield.
Resolve Stack: At the beginning of each opponent's upkeep, that player sacrifices a creature. [Phase: Ai(3)-Atraxa Counters B3]
Phase: Ai(3)-Atraxa Counters B3's Draw step
Phase: Ai(3)-Atraxa Counters B3's Main phase, precombat
Phase: Ai(3)-Atraxa Counters B3's Beginning of Combat Step
Phase: Ai(3)-Atraxa Counters B3's Declare Attackers Step
Phase: Ai(3)-Atraxa Counters B3's Declare Blockers Step
Phase: Ai(3)-Atraxa Counters B3's First Strike Damage Step
Phase: Ai(3)-Atraxa Counters B3's Combat Damage Step
Phase: Ai(3)-Atraxa Counters B3's End of Combat Step
Phase: Ai(3)-Atraxa Counters B3's Main phase, postcombat
Land: Ai(3)-Atraxa Counters B3 played Island (264)
Mana: Arcane Signet (294) - {T}: Add one mana of any color in your commander's color identity.
Mana: Plains (253) - {T}: Add {W}.
Mana: Island (264) - {T}: Add {U}.
Add To Stack: Ai(3)-Atraxa Counters B3 cast Evolution Sage
Add To Stack: Ai(2)-Kilo Helm B3 activated Lux Cannon
Resolve Stack: Lux Cannon (178) - Ai(2)-Kilo Helm B3 puts a charge counter on Lux Cannon (178).
Resolve Stack: Evolution Sage - Creature 3 / 2
Phase: Ai(3)-Atraxa Counters B3's End step
Phase: Ai(3)-Atraxa Counters B3's Cleanup step
Turn: Turn 27 (Ai(4)-Meren Graveyard B3)
Phase: Ai(4)-Meren Graveyard B3's Untap step
Phase: Ai(4)-Meren Graveyard B3's Upkeep step
Add To Stack: Ai(4)-Meren Graveyard B3 triggered Sheoldred, Whispering One targeting [Butcher of Malakir (350)]
Resolve Stack: At the beginning of your upkeep, return target creature card from your graveyard to the battlefield. (Targeting: [[Butcher of Malakir (350)]]) [Phase: Ai(4)-Meren Graveyard B3]
Phase: Ai(4)-Meren Graveyard B3's Draw step
Phase: Ai(4)-Meren Graveyard B3's Main phase, precombat
Land: Ai(4)-Meren Graveyard B3 played Forest (367)
Phase: Ai(4)-Meren Graveyard B3's Beginning of Combat Step
Phase: Ai(4)-Meren Graveyard B3's Declare Attackers Step
Combat: Ai(4)-Meren Graveyard B3 assigned Sheoldred, Whispering One (351) and Spore Frog (338) to attack Ai(2)-Kilo Helm B3.
Phase: Ai(4)-Meren Graveyard B3's Declare Blockers Step
Combat: Ai(2)-Kilo Helm B3 didn't block Sheoldred, Whispering One (351).
Ai(2)-Kilo Helm B3 didn't block Spore Frog (338).
Phase: Ai(4)-Meren Graveyard B3's First Strike Damage Step
Phase: Ai(4)-Meren Graveyard B3's Combat Damage Step
Damage: Sheoldred, Whispering One (351) deals 6 combat damage to Ai(2)-Kilo Helm B3.
Damage: Spore Frog (338) deals 1 combat damage to Ai(2)-Kilo Helm B3.
Life: Life: Ai(2)-Kilo Helm B3 34 > 27
Phase: Ai(4)-Meren Graveyard B3's End of Combat Step
Phase: Ai(4)-Meren Graveyard B3's Main phase, postcombat
Mana: Swamp (394) - {T}: Add {B}.
Mana: Forest (362) - {T}: Add {G}.
Mana: Forest (369) - {T}: Add {G}.
Mana: Forest (360) - {T}: Add {G}.
Mana: Forest (367) - {T}: Add {G}.
Mana: Swamp (386) - {T}: Add {B}.
Mana: Swamp (389) - {T}: Add {B}.
Mana: Swamp (396) - {T}: Add {B}.
Add To Stack: Ai(4)-Meren Graveyard B3 cast Meren of Clan Nel Toth
Resolve Stack: Meren of Clan Nel Toth - Creature 3 / 4
Phase: Ai(4)-Meren Graveyard B3's End step
Phase: Ai(4)-Meren Graveyard B3's Cleanup step
Turn: Turn 28 (Ai(1)-Ur-Dragon B3)
Phase: Ai(1)-Ur-Dragon B3's Untap step
Phase: Ai(1)-Ur-Dragon B3's Upkeep step
Add To Stack: Ai(4)-Meren Graveyard B3 triggered Sheoldred, Whispering One
Resolve Stack: At the beginning of each opponent's upkeep, that player sacrifices a creature. [Phase: Ai(1)-Ur-Dragon B3]
Phase: Ai(1)-Ur-Dragon B3's Draw step
Phase: Ai(1)-Ur-Dragon B3's Main phase, precombat
Land: Ai(1)-Ur-Dragon B3 played Swamp (92)
Phase: Ai(1)-Ur-Dragon B3's Beginning of Combat Step
Phase: Ai(1)-Ur-Dragon B3's Declare Attackers Step
Phase: Ai(1)-Ur-Dragon B3's Declare Blockers Step
Phase: Ai(1)-Ur-Dragon B3's First Strike Damage Step
Phase: Ai(1)-Ur-Dragon B3's Combat Damage Step
Phase: Ai(1)-Ur-Dragon B3's End of Combat Step
Phase: Ai(1)-Ur-Dragon B3's Main phase, postcombat
Mana: Swamp (92) - {T}: Add {B}.
Mana: Crumbling Necropolis (37) - {T}: Add {U}, {B}, or {R}.
Mana: Forest (49) - {T}: Add {G}.
Mana: Forest (47) - {T}: Add {G}.
Mana: Island (56) - {T}: Add {U}.
Mana: Plains (43) - {T}: Add {W}.
Add To Stack: Ai(1)-Ur-Dragon B3 cast Deathbringer Regent
Resolve Stack: Deathbringer Regent - Creature 5 / 6
Add To Stack: Ai(1)-Ur-Dragon B3 triggered Deathbringer Regent
Add To Stack: Ai(1)-Ur-Dragon B3 triggered Kindred Discovery
Resolve Stack: Whenever a creature you control of the chosen type enters or attacks, draw a card. [Zone Changer: Deathbringer Regent (35)]
Zone Change: Kilo, Apogee Mind (201) was put into Graveyard from Battlefield.
Zone Change: Evolution Sage (279) was put into Graveyard from Battlefield.
Zone Change: Spore Frog (338) was put into Graveyard from Battlefield.
Zone Change: Sheoldred, Whispering One (351) was put into Graveyard from Battlefield.
Zone Change: Butcher of Malakir (350) was put into Graveyard from Battlefield.
Zone Change: Meren of Clan Nel Toth (403) was put into Graveyard from Battlefield.
Resolve Stack: When Deathbringer Regent enters, if you cast it from your hand and there are five or more other creatures on the battlefield, destroy all other creatures. [Zone Changer: Deathbringer Regent (35)]
Add To Stack: Ai(4)-Meren Graveyard B3 triggered Butcher of Malakir
Add To Stack: Ai(4)-Meren Graveyard B3 triggered Butcher of Malakir
Add To Stack: Ai(4)-Meren Graveyard B3 triggered Butcher of Malakir
Add To Stack: Ai(4)-Meren Graveyard B3 triggered Butcher of Malakir
Add To Stack: Ai(4)-Meren Graveyard B3 triggered Meren of Clan Nel Toth
Add To Stack: Ai(4)-Meren Graveyard B3 triggered Meren of Clan Nel Toth
Add To Stack: Ai(4)-Meren Graveyard B3 triggered Meren of Clan Nel Toth
Resolve Stack: Whenever another creature you control dies, you get an experience counter. [Zone Changer: Butcher of Malakir (350)]
Resolve Stack: Whenever another creature you control dies, you get an experience counter. [Zone Changer: Sheoldred, Whispering One (351)]
Resolve Stack: Whenever another creature you control dies, you get an experience counter. [Zone Changer: Spore Frog (338)]
Zone Change: Deathbringer Regent (35) was put into Graveyard from Battlefield.
Resolve Stack: Whenever Butcher of Malakir or another creature you control dies, each opponent sacrifices a creature. [Zone Changer: Meren of Clan Nel Toth (403)]
Resolve Stack: Whenever Butcher of Malakir or another creature you control dies, each opponent sacrifices a creature. [Zone Changer: Butcher of Malakir (350)]
Resolve Stack: Whenever Butcher of Malakir or another creature you control dies, each opponent sacrifices a creature. [Zone Changer: Sheoldred, Whispering One (351)]
Resolve Stack: Whenever Butcher of Malakir or another creature you control dies, each opponent sacrifices a creature. [Zone Changer: Spore Frog (338)]
Phase: Ai(1)-Ur-Dragon B3's End step
Phase: Ai(1)-Ur-Dragon B3's Cleanup step
Turn: Turn 29 (Ai(2)-Kilo Helm B3)
Phase: Ai(2)-Kilo Helm B3's Untap step
Phase: Ai(2)-Kilo Helm B3's Upkeep step
Add To Stack: Ai(2)-Kilo Helm B3 triggered Inventors' Fair
Life: Life: Ai(2)-Kilo Helm B3 27 > 28
Resolve Stack: At the beginning of your upkeep, if you control three or more artifacts, you gain 1 life. [Phase: Ai(2)-Kilo Helm B3]
Phase: Ai(2)-Kilo Helm B3's Draw step
Phase: Ai(2)-Kilo Helm B3's Main phase, precombat
Mana: Radiant Summit (124) - {T}: Add {W}.
Mana: Island (165) - {T}: Add {U}.
Mana: Great Furnace (197) - {T}: Add {R}.
Mana: Academy Ruins (155) - {T}: Add {C}.
Mana: Inventors' Fair (103) - {T}: Add {C}.
Add To Stack: Ai(2)-Kilo Helm B3 cast Kilo, Apogee Mind
Resolve Stack: Kilo, Apogee Mind - Creature 3 / 3
Phase: Ai(2)-Kilo Helm B3's Beginning of Combat Step
Phase: Ai(2)-Kilo Helm B3's Declare Attackers Step
Combat: Ai(2)-Kilo Helm B3 assigned Kilo, Apogee Mind (201) to attack Ai(1)-Ur-Dragon B3.
Add To Stack: Ai(2)-Kilo Helm B3 triggered Kilo, Apogee Mind
Resolve Stack: Whenever Kilo becomes tapped, proliferate. (Choose any number of permanents and/or players, then give each another counter of each kind already there.) [Tapped: Kilo, Apogee Mind (201)]
Phase: Ai(2)-Kilo Helm B3's Declare Blockers Step
Combat: Ai(1)-Ur-Dragon B3 didn't block Kilo, Apogee Mind (201).
Phase: Ai(2)-Kilo Helm B3's First Strike Damage Step
Phase: Ai(2)-Kilo Helm B3's Combat Damage Step
Damage: Kilo, Apogee Mind (201) deals 3 combat damage to Ai(1)-Ur-Dragon B3.
Life: Life: Ai(1)-Ur-Dragon B3 40 > 37
Phase: Ai(2)-Kilo Helm B3's End of Combat Step
Phase: Ai(2)-Kilo Helm B3's Main phase, postcombat
Phase: Ai(2)-Kilo Helm B3's End step
Phase: Ai(2)-Kilo Helm B3's Cleanup step
Turn: Turn 30 (Ai(3)-Atraxa Counters B3)
Phase: Ai(3)-Atraxa Counters B3's Untap step
Phase: Ai(3)-Atraxa Counters B3's Upkeep step
Phase: Ai(3)-Atraxa Counters B3's Draw step
Phase: Ai(3)-Atraxa Counters B3's Main phase, precombat
Phase: Ai(3)-Atraxa Counters B3's Beginning of Combat Step
Phase: Ai(3)-Atraxa Counters B3's Declare Attackers Step
Phase: Ai(3)-Atraxa Counters B3's Declare Blockers Step
Phase: Ai(3)-Atraxa Counters B3's First Strike Damage Step
Phase: Ai(3)-Atraxa Counters B3's Combat Damage Step
Phase: Ai(3)-Atraxa Counters B3's End of Combat Step
Phase: Ai(3)-Atraxa Counters B3's Main phase, postcombat
Land: Ai(3)-Atraxa Counters B3 played Karn's Bastion (220)
Mana: Swamp (289) - {T}: Add {B}.
Mana: Arcane Signet (294) - {T}: Add one mana of any color in your commander's color identity.
Mana: Plains (252) - {T}: Add {W}.
Mana: Island (262) - {T}: Add {U}.
Mana: Plains (253) - {T}: Add {W}.
Mana: Island (264) - {T}: Add {U}.
Add To Stack: Ai(3)-Atraxa Counters B3 cast Atraxa, Praetors' Voice
Resolve Stack: Atraxa, Praetors' Voice - Creature 4 / 4
Add To Stack: Ai(2)-Kilo Helm B3 activated Lux Cannon
Resolve Stack: Lux Cannon (178) - Ai(2)-Kilo Helm B3 puts a charge counter on Lux Cannon (178).
Phase: Ai(3)-Atraxa Counters B3's End step
Add To Stack: Ai(3)-Atraxa Counters B3 triggered Atraxa, Praetors' Voice
Resolve Stack: At the beginning of your end step, proliferate. (Choose any number of permanents and/or players, then give each another counter of each kind already there.) [Phase: Ai(3)-Atraxa Counters B3]
Phase: Ai(3)-Atraxa Counters B3's Cleanup step
Turn: Turn 31 (Ai(4)-Meren Graveyard B3)
Phase: Ai(4)-Meren Graveyard B3's Untap step
Phase: Ai(4)-Meren Graveyard B3's Upkeep step
Phase: Ai(4)-Meren Graveyard B3's Draw step
Phase: Ai(4)-Meren Graveyard B3's Main phase, precombat
Phase: Ai(4)-Meren Graveyard B3's Beginning of Combat Step
Phase: Ai(4)-Meren Graveyard B3's Declare Attackers Step
Phase: Ai(4)-Meren Graveyard B3's Declare Blockers Step
Phase: Ai(4)-Meren Graveyard B3's First Strike Damage Step
Phase: Ai(4)-Meren Graveyard B3's Combat Damage Step
Phase: Ai(4)-Meren Graveyard B3's End of Combat Step
Phase: Ai(4)-Meren Graveyard B3's Main phase, postcombat
Mana: Forest (362) - {T}: Add {G}.
Mana: Forest (369) - {T}: Add {G}.
Mana: Forest (360) - {T}: Add {G}.
Add To Stack: Ai(4)-Meren Graveyard B3 cast Wood Elves
Resolve Stack: Wood Elves - Creature 1 / 1
Add To Stack: Ai(4)-Meren Graveyard B3 triggered Wood Elves
Resolve Stack: When Wood Elves enters, search your library for a Forest card, put that card onto the battlefield, then shuffle. [Zone Changer: Wood Elves (332)]
Mana: Forest (367) - {T}: Add {G}.
Mana: Forest (359) - {T}: Add {G}.
Mana: Swamp (394) - {T}: Add {B}.
Add To Stack: Ai(4)-Meren Graveyard B3 cast Cultivate
Resolve Stack: Cultivate (337) - Search your library for up to two basic land cards, reveal those cards, put one onto the battlefield tapped and the other into your hand, then shuffle.   
Land: Ai(4)-Meren Graveyard B3 played Swamp (385)
Mana: Swamp (386) - {T}: Add {B}.
Mana: Swamp (389) - {T}: Add {B}.
Mana: Swamp (396) - {T}: Add {B}.
Add To Stack: Ai(4)-Meren Graveyard B3 cast Phyrexian Arena
Resolve Stack: Phyrexian Arena
Phase: Ai(4)-Meren Graveyard B3's End step
Phase: Ai(4)-Meren Graveyard B3's Cleanup step
Turn: Turn 32 (Ai(1)-Ur-Dragon B3)
Phase: Ai(1)-Ur-Dragon B3's Untap step
Phase: Ai(1)-Ur-Dragon B3's Upkeep step
Phase: Ai(1)-Ur-Dragon B3's Draw step
Phase: Ai(1)-Ur-Dragon B3's Main phase, precombat
Phase: Ai(1)-Ur-Dragon B3's Beginning of Combat Step
Phase: Ai(1)-Ur-Dragon B3's Declare Attackers Step
Phase: Ai(1)-Ur-Dragon B3's Declare Blockers Step
Phase: Ai(1)-Ur-Dragon B3's First Strike Damage Step
Phase: Ai(1)-Ur-Dragon B3's Combat Damage Step
Phase: Ai(1)-Ur-Dragon B3's End of Combat Step
Phase: Ai(1)-Ur-Dragon B3's Main phase, postcombat
Replacement Effect: Nomad Outpost enters tapped.
Land: Ai(1)-Ur-Dragon B3 played Nomad Outpost (7)
Mana: Plains (43) - {T}: Add {W}.
Mana: Crumbling Necropolis (37) - {T}: Add {U}, {B}, or {R}.
Mana: Swamp (92) - {T}: Add {B}.
Mana: Island (56) - {T}: Add {U}.
Mana: Forest (49) - {T}: Add {G}.
Add To Stack: Ai(1)-Ur-Dragon B3 cast Scion of the Ur-Dragon
Resolve Stack: Scion of the Ur-Dragon - Creature 4 / 4
Add To Stack: Ai(1)-Ur-Dragon B3 triggered Kindred Discovery
Resolve Stack: Whenever a creature you control of the chosen type enters or attacks, draw a card. [Zone Changer: Scion of the Ur-Dragon (16)]
Phase: Ai(1)-Ur-Dragon B3's End step
Phase: Ai(1)-Ur-Dragon B3's Cleanup step
Turn: Turn 33 (Ai(2)-Kilo Helm B3)
Phase: Ai(2)-Kilo Helm B3's Untap step
Phase: Ai(2)-Kilo Helm B3's Upkeep step
Add To Stack: Ai(2)-Kilo Helm B3 triggered Inventors' Fair
Life: Life: Ai(2)-Kilo Helm B3 28 > 29
Resolve Stack: At the beginning of your upkeep, if you control three or more artifacts, you gain 1 life. [Phase: Ai(2)-Kilo Helm B3]
Add To Stack: Ai(2)-Kilo Helm B3 activated Lux Cannon targeting [Atraxa, Praetors' Voice (302)]
Zone Change: Atraxa, Praetors' Voice (302) was put into Graveyard from Battlefield.
Resolve Stack: Lux Cannon (178) - Destroy Atraxa, Praetors' Voice (302).
Phase: Ai(2)-Kilo Helm B3's Draw step
Phase: Ai(2)-Kilo Helm B3's Main phase, precombat
Replacement Effect: This land enters tapped.
Land: Ai(2)-Kilo Helm B3 played Glittering Massif (147)
Phase: Ai(2)-Kilo Helm B3's Beginning of Combat Step
Phase: Ai(2)-Kilo Helm B3's Declare Attackers Step
Phase: Ai(2)-Kilo Helm B3's Declare Blockers Step
Phase: Ai(2)-Kilo Helm B3's First Strike Damage Step
Phase: Ai(2)-Kilo Helm B3's Combat Damage Step
Phase: Ai(2)-Kilo Helm B3's End of Combat Step
Phase: Ai(2)-Kilo Helm B3's Main phase, postcombat
Mana: Island (165) - {T}: Add {U}.
Mana: Great Furnace (197) - {T}: Add {R}.
Mana: Radiant Summit (124) - {T}: Add {R}.
Mana: Academy Ruins (155) - {T}: Add {C}.
Add To Stack: Ai(2)-Kilo Helm B3 cast Padeem, Consul of Innovation
Resolve Stack: Padeem, Consul of Innovation - Creature 1 / 4
Phase: Ai(2)-Kilo Helm B3's End step
Phase: Ai(2)-Kilo Helm B3's Cleanup step
Turn: Turn 34 (Ai(3)-Atraxa Counters B3)
Phase: Ai(3)-Atraxa Counters B3's Untap step
Phase: Ai(3)-Atraxa Counters B3's Upkeep step
Phase: Ai(3)-Atraxa Counters B3's Draw step
Phase: Ai(3)-Atraxa Counters B3's Main phase, precombat
Phase: Ai(3)-Atraxa Counters B3's Beginning of Combat Step
Phase: Ai(3)-Atraxa Counters B3's Declare Attackers Step
Phase: Ai(3)-Atraxa Counters B3's Declare Blockers Step
Phase: Ai(3)-Atraxa Counters B3's First Strike Damage Step
Phase: Ai(3)-Atraxa Counters B3's Combat Damage Step
Phase: Ai(3)-Atraxa Counters B3's End of Combat Step
Phase: Ai(3)-Atraxa Counters B3's Main phase, postcombat
Mana: Swamp (289) - {T}: Add {B}.
Mana: Arcane Signet (294) - {T}: Add one mana of any color in your commander's color identity.
Mana: Plains (252) - {T}: Add {W}.
Mana: Island (262) - {T}: Add {U}.
Mana: Plains (253) - {T}: Add {W}.
Mana: Island (264) - {T}: Add {U}.
Mana: Karn's Bastion (220) - {T}: Add {C}.
Mana: Yavimaya Coast (221) - {T}: Add {C}.
Add To Stack: Ai(3)-Atraxa Counters B3 cast Atraxa, Praetors' Voice
Resolve Stack: Atraxa, Praetors' Voice - Creature 4 / 4
Phase: Ai(3)-Atraxa Counters B3's End step
Add To Stack: Ai(3)-Atraxa Counters B3 triggered Atraxa, Praetors' Voice
Resolve Stack: At the beginning of your end step, proliferate. (Choose any number of permanents and/or players, then give each another counter of each kind already there.) [Phase: Ai(3)-Atraxa Counters B3]
Phase: Ai(3)-Atraxa Counters B3's Cleanup step
Turn: Turn 35 (Ai(4)-Meren Graveyard B3)
Phase: Ai(4)-Meren Graveyard B3's Untap step
Phase: Ai(4)-Meren Graveyard B3's Upkeep step
Add To Stack: Ai(4)-Meren Graveyard B3 triggered Phyrexian Arena
Life: Life: Ai(4)-Meren Graveyard B3 38 > 37
Resolve Stack: At the beginning of your upkeep, you draw a card and you lose 1 life. [Phase: Ai(4)-Meren Graveyard B3]
Phase: Ai(4)-Meren Graveyard B3's Draw step
Phase: Ai(4)-Meren Graveyard B3's Main phase, precombat
Land: Ai(4)-Meren Graveyard B3 played Llanowar Wastes (376)
Mana: Swamp (394) - {T}: Add {B}.
Mana: Swamp (386) - {T}: Add {B}.
Mana: Forest (362) - {T}: Add {G}.
Mana: Forest (369) - {T}: Add {G}.
Add To Stack: Ai(4)-Meren Graveyard B3 cast Damnation
Zone Change: Wood Elves (332) was put into Graveyard from Battlefield.
Zone Change: Scion of the Ur-Dragon (16) was put into Graveyard from Battlefield.
Zone Change: Kilo, Apogee Mind (201) was put into Graveyard from Battlefield.
Zone Change: Padeem, Consul of Innovation (102) was put into Graveyard from Battlefield.
Zone Change: Atraxa, Praetors' Voice (302) was put into Graveyard from Battlefield.
Resolve Stack: Damnation (324) - Destroy all creatures. They can't be regenerated.
Phase: Ai(4)-Meren Graveyard B3's Beginning of Combat Step
Phase: Ai(4)-Meren Graveyard B3's Declare Attackers Step
Phase: Ai(4)-Meren Graveyard B3's Declare Blockers Step
Phase: Ai(4)-Meren Graveyard B3's First Strike Damage Step
Phase: Ai(4)-Meren Graveyard B3's Combat Damage Step
Phase: Ai(4)-Meren Graveyard B3's End of Combat Step
Phase: Ai(4)-Meren Graveyard B3's Main phase, postcombat
Mana: Forest (360) - {T}: Add {G}.
Mana: Forest (367) - {T}: Add {G}.
Add To Stack: Ai(4)-Meren Graveyard B3 cast Sakura-Tribe Elder
Resolve Stack: Sakura-Tribe Elder - Creature 1 / 1
Zone Change: Sakura-Tribe Elder (378) was put into Graveyard from Battlefield.
Add To Stack: Ai(4)-Meren Graveyard B3 activated Sakura-Tribe Elder
Resolve Stack: Sakura-Tribe Elder (378) - Ai(4)-Meren Graveyard B3 searches their library for a basic land card, puts it onto the battlefield tapped, then shuffles.
Mana: Forest (359) - {T}: Add {G}.
Mana: Swamp (389) - {T}: Add {B}.
Add To Stack: Ai(4)-Meren Graveyard B3 cast Arcane Signet
Resolve Stack: Arcane Signet
Phase: Ai(4)-Meren Graveyard B3's End step
Phase: Ai(4)-Meren Graveyard B3's Cleanup step
Turn: Turn 36 (Ai(1)-Ur-Dragon B3)
Phase: Ai(1)-Ur-Dragon B3's Untap step
Phase: Ai(1)-Ur-Dragon B3's Upkeep step
Phase: Ai(1)-Ur-Dragon B3's Draw step
Phase: Ai(1)-Ur-Dragon B3's Main phase, precombat
Land: Ai(1)-Ur-Dragon B3 played Swamp (94)
Mana: Crumbling Necropolis (37) - {T}: Add {U}, {B}, or {R}.
Mana: Nomad Outpost (7) - {T}: Add {R}, {W}, or {B}.
Mana: Forest (49) - {T}: Add {G}.
Mana: Forest (47) - {T}: Add {G}.
Mana: Island (56) - {T}: Add {U}.
Mana: Plains (43) - {T}: Add {W}.
Add To Stack: Ai(1)-Ur-Dragon B3 cast Tyrant's Familiar
Resolve Stack: Tyrant's Familiar - Creature 5 / 5
Add To Stack: Ai(1)-Ur-Dragon B3 triggered Kindred Discovery
Resolve Stack: Whenever a creature you control of the chosen type enters or attacks, draw a card. [Zone Changer: Tyrant's Familiar (77)]
Phase: Ai(1)-Ur-Dragon B3's Beginning of Combat Step
Phase: Ai(1)-Ur-Dragon B3's Declare Attackers Step
Combat: Ai(1)-Ur-Dragon B3 assigned Tyrant's Familiar (77) to attack Ai(2)-Kilo Helm B3.
Add To Stack: Ai(1)-Ur-Dragon B3 triggered Kindred Discovery
Resolve Stack: Whenever a creature you control of the chosen type enters or attacks, draw a card. [Attacker: Tyrant's Familiar (77)]
Phase: Ai(1)-Ur-Dragon B3's Declare Blockers Step
Combat: Ai(2)-Kilo Helm B3 didn't block Tyrant's Familiar (77).
Phase: Ai(1)-Ur-Dragon B3's First Strike Damage Step
Phase: Ai(1)-Ur-Dragon B3's Combat Damage Step
Damage: Tyrant's Familiar (77) deals 5 combat damage to Ai(2)-Kilo Helm B3.
Life: Life: Ai(2)-Kilo Helm B3 29 > 24
Phase: Ai(1)-Ur-Dragon B3's End of Combat Step
Phase: Ai(1)-Ur-Dragon B3's Main phase, postcombat
Phase: Ai(1)-Ur-Dragon B3's End step
Phase: Ai(1)-Ur-Dragon B3's Cleanup step
Turn: Turn 37 (Ai(2)-Kilo Helm B3)
Phase: Ai(2)-Kilo Helm B3's Untap step
Phase: Ai(2)-Kilo Helm B3's Upkeep step
Add To Stack: Ai(2)-Kilo Helm B3 triggered Inventors' Fair
Life: Life: Ai(2)-Kilo Helm B3 24 > 25
Resolve Stack: At the beginning of your upkeep, if you control three or more artifacts, you gain 1 life. [Phase: Ai(2)-Kilo Helm B3]
Phase: Ai(2)-Kilo Helm B3's Draw step
Phase: Ai(2)-Kilo Helm B3's Main phase, precombat
Mana: Island (165) - {T}: Add {U}.
Mana: Radiant Summit (124) - {T}: Add {W}.
Mana: Great Furnace (197) - {T}: Add {R}.
Mana: Glittering Massif (147) - {T}: Add {R}.
Mana: Academy Ruins (155) - {T}: Add {C}.
Mana: Inventors' Fair (103) - {T}: Add {C}.
Mana: The Mycosynth Gardens (163) - {T}: Add {C}.
Add To Stack: Ai(2)-Kilo Helm B3 cast Kilo, Apogee Mind
Resolve Stack: Kilo, Apogee Mind - Creature 3 / 3
Phase: Ai(2)-Kilo Helm B3's Beginning of Combat Step
Phase: Ai(2)-Kilo Helm B3's Declare Attackers Step
Combat: Ai(2)-Kilo Helm B3 assigned Kilo, Apogee Mind (201) to attack Ai(1)-Ur-Dragon B3.
Add To Stack: Ai(2)-Kilo Helm B3 triggered Kilo, Apogee Mind
Resolve Stack: Whenever Kilo becomes tapped, proliferate. (Choose any number of permanents and/or players, then give each another counter of each kind already there.) [Tapped: Kilo, Apogee Mind (201)]
Phase: Ai(2)-Kilo Helm B3's Declare Blockers Step
Combat: Ai(1)-Ur-Dragon B3 didn't block Kilo, Apogee Mind (201).
Phase: Ai(2)-Kilo Helm B3's First Strike Damage Step
Phase: Ai(2)-Kilo Helm B3's Combat Damage Step
Damage: Kilo, Apogee Mind (201) deals 3 combat damage to Ai(1)-Ur-Dragon B3.
Life: Life: Ai(1)-Ur-Dragon B3 37 > 34
Phase: Ai(2)-Kilo Helm B3's End of Combat Step
Phase: Ai(2)-Kilo Helm B3's Main phase, postcombat
Phase: Ai(2)-Kilo Helm B3's End step
Phase: Ai(2)-Kilo Helm B3's Cleanup step
Turn: Turn 38 (Ai(3)-Atraxa Counters B3)
Phase: Ai(3)-Atraxa Counters B3's Untap step
Phase: Ai(3)-Atraxa Counters B3's Upkeep step
Phase: Ai(3)-Atraxa Counters B3's Draw step
Phase: Ai(3)-Atraxa Counters B3's Main phase, precombat
Phase: Ai(3)-Atraxa Counters B3's Beginning of Combat Step
Phase: Ai(3)-Atraxa Counters B3's Declare Attackers Step
Phase: Ai(3)-Atraxa Counters B3's Declare Blockers Step
Phase: Ai(3)-Atraxa Counters B3's First Strike Damage Step
Phase: Ai(3)-Atraxa Counters B3's Combat Damage Step
Phase: Ai(3)-Atraxa Counters B3's End of Combat Step
Phase: Ai(3)-Atraxa Counters B3's Main phase, postcombat
Mana: Swamp (289) - {T}: Add {B}.
Mana: Arcane Signet (294) - {T}: Add one mana of any color in your commander's color identity.
Mana: Island (262) - {T}: Add {U}.
Add To Stack: Ai(3)-Atraxa Counters B3 cast Painful Truths
Add To Stack: Ai(2)-Kilo Helm B3 activated Lux Cannon
Resolve Stack: Lux Cannon (178) - Ai(2)-Kilo Helm B3 puts a charge counter on Lux Cannon (178).
Life: Life: Ai(3)-Atraxa Counters B3 35 > 32
Resolve Stack: Painful Truths (226) - Ai(3)-Atraxa Counters B3 draws three cards. Ai(3)-Atraxa Counters B3 loses 3 life.
Land: Ai(3)-Atraxa Counters B3 played Forest (259)
Mana: Island (264) - {T}: Add {U}.
Mana: Plains (252) - {T}: Add {W}.
Mana: Plains (253) - {T}: Add {W}.
Add To Stack: Ai(3)-Atraxa Counters B3 cast Chasm Skulker
Resolve Stack: Chasm Skulker - Creature 1 / 1
Mana: Forest (259) - {T}: Add {G}.
Mana: Karn's Bastion (220) - {T}: Add {C}.
Add To Stack: Ai(3)-Atraxa Counters B3 cast Fellwar Stone
Resolve Stack: Fellwar Stone
Mana: Fellwar Stone (224) - {T}: Add one mana of any color that a land an opponent controls could produce.
Damage: Yavimaya Coast (221) deals 1 non-combat damage to Ai(3)-Atraxa Counters B3.
Life: Life: Ai(3)-Atraxa Counters B3 32 > 31
Mana: Yavimaya Coast (221) - {T}: Add {G} or {U}. Yavimaya Coast deals 1 damage to you. 
Add To Stack: Ai(3)-Atraxa Counters B3 cast Winding Constrictor
Resolve Stack: Winding Constrictor - Creature 2 / 3
Phase: Ai(3)-Atraxa Counters B3's End step
Phase: Ai(3)-Atraxa Counters B3's Cleanup step
Turn: Turn 39 (Ai(4)-Meren Graveyard B3)
Phase: Ai(4)-Meren Graveyard B3's Untap step
Phase: Ai(4)-Meren Graveyard B3's Upkeep step
Add To Stack: Ai(4)-Meren Graveyard B3 triggered Phyrexian Arena
Life: Life: Ai(4)-Meren Graveyard B3 37 > 36
Resolve Stack: At the beginning of your upkeep, you draw a card and you lose 1 life. [Phase: Ai(4)-Meren Graveyard B3]
Phase: Ai(4)-Meren Graveyard B3's Draw step
Phase: Ai(4)-Meren Graveyard B3's Main phase, precombat
Phase: Ai(4)-Meren Graveyard B3's Beginning of Combat Step
Phase: Ai(4)-Meren Graveyard B3's Declare Attackers Step
Phase: Ai(4)-Meren Graveyard B3's Declare Blockers Step
Phase: Ai(4)-Meren Graveyard B3's First Strike Damage Step
Phase: Ai(4)-Meren Graveyard B3's Combat Damage Step
Phase: Ai(4)-Meren Graveyard B3's End of Combat Step
Phase: Ai(4)-Meren Graveyard B3's Main phase, postcombat
Land: Ai(4)-Meren Graveyard B3 played Swamp (388)
Mana: Forest (362) - {T}: Add {G}.
Mana: Swamp (394) - {T}: Add {B}.
Mana: Forest (369) - {T}: Add {G}.
Mana: Forest (360) - {T}: Add {G}.
Mana: Forest (367) - {T}: Add {G}.
Mana: Forest (359) - {T}: Add {G}.
Mana: Forest (365) - {T}: Add {G}.
Mana: Swamp (386) - {T}: Add {B}.
Mana: Swamp (389) - {T}: Add {B}.
Mana: Swamp (396) - {T}: Add {B}.
Add To Stack: Ai(4)-Meren Graveyard B3 cast Meren of Clan Nel Toth
Resolve Stack: Meren of Clan Nel Toth - Creature 3 / 4
Mana: Swamp (391) - {T}: Add {B}.
Mana: Swamp (385) - {T}: Add {B}.
Mana: Swamp (388) - {T}: Add {B}.
Add To Stack: Ai(4)-Meren Graveyard B3 cast Merciless Executioner
Resolve Stack: Merciless Executioner - Creature 3 / 1
Add To Stack: Ai(4)-Meren Graveyard B3 triggered Merciless Executioner
Zone Change: Merciless Executioner (313) was put into Graveyard from Battlefield.
Zone Change: Tyrant's Familiar (77) was put into Graveyard from Battlefield.
Zone Change: Kilo, Apogee Mind (201) was put into Graveyard from Battlefield.
Zone Change: Chasm Skulker (235) was put into Graveyard from Battlefield.
Resolve Stack: When Merciless Executioner enters, each player sacrifices a creature. [Zone Changer: Merciless Executioner (313)]
Add To Stack: Ai(4)-Meren Graveyard B3 triggered Meren of Clan Nel Toth
Add To Stack: Ai(3)-Atraxa Counters B3 triggered Chasm Skulker
Resolve Stack: When Chasm Skulker dies, create X 1/1 blue Squid creature tokens with islandwalk, where X is the number of +1/+1 counters on Chasm Skulker. [Zone Changer: Chasm Skulker (235)]
Resolve Stack: Whenever another creature you control dies, you get an experience counter. [Zone Changer: Merciless Executioner (313)]
Phase: Ai(4)-Meren Graveyard B3's End step
Add To Stack: Ai(4)-Meren Graveyard B3 triggered Meren of Clan Nel Toth targeting [Butcher of Malakir (350)]
Resolve Stack: At the beginning of your end step, choose target creature card in your graveyard. If that card's mana value is less than or equal to the number of experience counters you have, return it to the battlefield. Otherwise, put it into your hand. (Targeting: [[Butcher of Malakir (350)]]) [Phase: Ai(4)-Meren Graveyard B3]
Phase: Ai(4)-Meren Graveyard B3's Cleanup step
Turn: Turn 40 (Ai(1)-Ur-Dragon B3)
Phase: Ai(1)-Ur-Dragon B3's Untap step
Phase: Ai(1)-Ur-Dragon B3's Upkeep step
Phase: Ai(1)-Ur-Dragon B3's Draw step
Phase: Ai(1)-Ur-Dragon B3's Main phase, precombat
Land: Ai(1)-Ur-Dragon B3 played Island (54)
Phase: Ai(1)-Ur-Dragon B3's Beginning of Combat Step
Phase: Ai(1)-Ur-Dragon B3's Declare Attackers Step
Phase: Ai(1)-Ur-Dragon B3's Declare Blockers Step
Phase: Ai(1)-Ur-Dragon B3's First Strike Damage Step
Phase: Ai(1)-Ur-Dragon B3's Combat Damage Step
Phase: Ai(1)-Ur-Dragon B3's End of Combat Step
Phase: Ai(1)-Ur-Dragon B3's Main phase, postcombat
Mana: Plains (43) - {T}: Add {W}.
Mana: Forest (49) - {T}: Add {G}.
Mana: Crumbling Necropolis (37) - {T}: Add {U}, {B}, or {R}.
Mana: Island (56) - {T}: Add {U}.
Mana: Swamp (92) - {T}: Add {B}.
Mana: Forest (47) - {T}: Add {G}.
Mana: Island (54) - {T}: Add {U}.
Mana: Swamp (94) - {T}: Add {B}.
Mana: Nomad Outpost (7) - {T}: Add {R}, {W}, or {B}.
Add To Stack: Ai(1)-Ur-Dragon B3 cast The Ur-Dragon
Resolve Stack: The Ur-Dragon - Creature 10 / 10
Add To Stack: Ai(1)-Ur-Dragon B3 triggered Kindred Discovery
Resolve Stack: Whenever a creature you control of the chosen type enters or attacks, draw a card. [Zone Changer: The Ur-Dragon (100)]
Phase: Ai(1)-Ur-Dragon B3's End step
Phase: Ai(1)-Ur-Dragon B3's Cleanup step
Discard: Ai(1)-Ur-Dragon B3 discards Boneyard Scourge (12).
Turn: Turn 41 (Ai(2)-Kilo Helm B3)
Phase: Ai(2)-Kilo Helm B3's Untap step
Phase: Ai(2)-Kilo Helm B3's Upkeep step
Add To Stack: Ai(2)-Kilo Helm B3 triggered Inventors' Fair
Life: Life: Ai(2)-Kilo Helm B3 25 > 26
Resolve Stack: At the beginning of your upkeep, if you control three or more artifacts, you gain 1 life. [Phase: Ai(2)-Kilo Helm B3]
Phase: Ai(2)-Kilo Helm B3's Draw step
Phase: Ai(2)-Kilo Helm B3's Main phase, precombat
Phase: Ai(2)-Kilo Helm B3's Beginning of Combat Step
Phase: Ai(2)-Kilo Helm B3's Declare Attackers Step
Phase: Ai(2)-Kilo Helm B3's Declare Blockers Step
Phase: Ai(2)-Kilo Helm B3's First Strike Damage Step
Phase: Ai(2)-Kilo Helm B3's Combat Damage Step
Phase: Ai(2)-Kilo Helm B3's End of Combat Step
Phase: Ai(2)-Kilo Helm B3's Main phase, postcombat
Mana: Radiant Summit (124) - {T}: Add {W}.
Mana: Island (165) - {T}: Add {U}.
Mana: Great Furnace (197) - {T}: Add {R}.
Mana: Glittering Massif (147) - {T}: Add {R}.
Add To Stack: Ai(2)-Kilo Helm B3 cast Crystalline Crawler
Replacement Effect: Converge — Crystalline Crawler enters with a +1/+1 counter on it for each color of mana spent to cast it.
Resolve Stack: Crystalline Crawler - Creature 1 / 1
Mana: Crystalline Crawler (174) - Remove a +1/+1 counter from Crystalline Crawler: Add one mana of any color.
Mana: Academy Ruins (155) - {T}: Add {C}.
Mana: Inventors' Fair (103) - {T}: Add {C}.
Mana: The Mycosynth Gardens (163) - {T}: Add {C}.
Add To Stack: Ai(2)-Kilo Helm B3 cast Etched Oracle
Replacement Effect: Sunburst (This enters with either a +1/+1 or charge counter on it for each color of mana spent to cast it based on whether it's a creature.)
Resolve Stack: Etched Oracle - Creature 0 / 0
Phase: Ai(2)-Kilo Helm B3's End step
Phase: Ai(2)-Kilo Helm B3's Cleanup step
Turn: Turn 42 (Ai(3)-Atraxa Counters B3)
Phase: Ai(3)-Atraxa Counters B3's Untap step
Phase: Ai(3)-Atraxa Counters B3's Upkeep step
Phase: Ai(3)-Atraxa Counters B3's Draw step
Phase: Ai(3)-Atraxa Counters B3's Main phase, precombat
Phase: Ai(3)-Atraxa Counters B3's Beginning of Combat Step
Phase: Ai(3)-Atraxa Counters B3's Declare Attackers Step
Phase: Ai(3)-Atraxa Counters B3's Declare Blockers Step
Phase: Ai(3)-Atraxa Counters B3's First Strike Damage Step
Phase: Ai(3)-Atraxa Counters B3's Combat Damage Step
Phase: Ai(3)-Atraxa Counters B3's End of Combat Step
Phase: Ai(3)-Atraxa Counters B3's Main phase, postcombat
Replacement Effect: Temple of Plenty enters tapped.
Land: Ai(3)-Atraxa Counters B3 played Temple of Plenty (241)
Add To Stack: Ai(3)-Atraxa Counters B3 triggered Temple of Plenty
Add To Stack: Ai(2)-Kilo Helm B3 activated Lux Cannon
Resolve Stack: Lux Cannon (178) - Ai(2)-Kilo Helm B3 puts a charge counter on Lux Cannon (178).
Resolve Stack: Ai(3)-Atraxa Counters B3 scried 1 card(s) to the top of the library
Resolve Stack: When Temple of Plenty enters, scry 1. [Zone Changer: Temple of Plenty (241)]
Mana: Swamp (289) - {T}: Add {B}.
Mana: Plains (252) - {T}: Add {W}.
Mana: Forest (259) - {T}: Add {G}.
Mana: Island (262) - {T}: Add {U}.
Mana: Plains (253) - {T}: Add {W}.
Mana: Island (264) - {T}: Add {U}.
Mana: Fellwar Stone (224) - {T}: Add one mana of any color that a land an opponent controls could produce.
Mana: Arcane Signet (294) - {T}: Add one mana of any color in your commander's color identity.
Mana: Karn's Bastion (220) - {T}: Add {C}.
Mana: Yavimaya Coast (221) - {T}: Add {C}.
Add To Stack: Ai(3)-Atraxa Counters B3 cast Atraxa, Praetors' Voice
Resolve Stack: Atraxa, Praetors' Voice - Creature 4 / 4
Phase: Ai(3)-Atraxa Counters B3's End step
Add To Stack: Ai(3)-Atraxa Counters B3 triggered Atraxa, Praetors' Voice
Resolve Stack: At the beginning of your end step, proliferate. (Choose any number of permanents and/or players, then give each another counter of each kind already there.) [Phase: Ai(3)-Atraxa Counters B3]
Phase: Ai(3)-Atraxa Counters B3's Cleanup step
Turn: Turn 43 (Ai(4)-Meren Graveyard B3)
Phase: Ai(4)-Meren Graveyard B3's Untap step
Phase: Ai(4)-Meren Graveyard B3's Upkeep step
Add To Stack: Ai(4)-Meren Graveyard B3 triggered Phyrexian Arena
Life: Life: Ai(4)-Meren Graveyard B3 36 > 35
Resolve Stack: At the beginning of your upkeep, you draw a card and you lose 1 life. [Phase: Ai(4)-Meren Graveyard B3]
Phase: Ai(4)-Meren Graveyard B3's Draw step
Phase: Ai(4)-Meren Graveyard B3's Main phase, precombat
Phase: Ai(4)-Meren Graveyard B3's Beginning of Combat Step
Phase: Ai(4)-Meren Graveyard B3's Declare Attackers Step
Phase: Ai(4)-Meren Graveyard B3's Declare Blockers Step
Phase: Ai(4)-Meren Graveyard B3's First Strike Damage Step
Phase: Ai(4)-Meren Graveyard B3's Combat Damage Step
Phase: Ai(4)-Meren Graveyard B3's End of Combat Step
Phase: Ai(4)-Meren Graveyard B3's Main phase, postcombat
Mana: Swamp (394) - {T}: Add {B}.
Mana: Swamp (386) - {T}: Add {B}.
Mana: Swamp (389) - {T}: Add {B}.
Mana: Swamp (396) - {T}: Add {B}.
Mana: Swamp (391) - {T}: Add {B}.
Mana: Swamp (385) - {T}: Add {B}.
Mana: Swamp (388) - {T}: Add {B}.
Add To Stack: Ai(4)-Meren Graveyard B3 cast Butcher of Malakir
Resolve Stack: Butcher of Malakir - Creature 5 / 4
Mana: Forest (362) - {T}: Add {G}.
Mana: Forest (369) - {T}: Add {G}.
Mana: Forest (360) - {T}: Add {G}.
Add To Stack: Ai(4)-Meren Graveyard B3 cast Farhaven Elf
Resolve Stack: Farhaven Elf - Creature 1 / 1
Add To Stack: Ai(4)-Meren Graveyard B3 triggered Farhaven Elf
Resolve Stack: When Farhaven Elf enters, you may search your library for a basic land card, put it onto the battlefield tapped, then shuffle. [Zone Changer: Farhaven Elf (344)]
Mana: Forest (367) - {T}: Add {G}.
Mana: Forest (359) - {T}: Add {G}.
Add To Stack: Ai(4)-Meren Graveyard B3 cast Satyr Wayfinder
Resolve Stack: Satyr Wayfinder - Creature 1 / 1
Add To Stack: Ai(4)-Meren Graveyard B3 triggered Satyr Wayfinder
Resolve Stack: When Satyr Wayfinder enters, reveal the top four cards of your library. You may put a land card from among them into your hand. Put the rest into your graveyard. [Zone Changer: Satyr Wayfinder (320)]
Land: Ai(4)-Meren Graveyard B3 played Westvale Abbey (372)
Phase: Ai(4)-Meren Graveyard B3's End step
Add To Stack: Ai(4)-Meren Graveyard B3 triggered Meren of Clan Nel Toth targeting [Sheoldred, Whispering One (351)]
Resolve Stack: At the beginning of your end step, choose target creature card in your graveyard. If that card's mana value is less than or equal to the number of experience counters you have, return it to the battlefield. Otherwise, put it into your hand. (Targeting: [[Sheoldred, Whispering One (351)]]) [Phase: Ai(4)-Meren Graveyard B3]
Phase: Ai(4)-Meren Graveyard B3's Cleanup step
Turn: Turn 44 (Ai(1)-Ur-Dragon B3)
Phase: Ai(1)-Ur-Dragon B3's Untap step
Phase: Ai(1)-Ur-Dragon B3's Upkeep step
Phase: Ai(1)-Ur-Dragon B3's Draw step
Phase: Ai(1)-Ur-Dragon B3's Main phase, precombat
Mana: Forest (49) - {T}: Add {G}.
Mana: Crumbling Necropolis (37) - {T}: Add {U}, {B}, or {R}.
Mana: Forest (47) - {T}: Add {G}.
Mana: Swamp (92) - {T}: Add {B}.
Mana: Swamp (94) - {T}: Add {B}.
Mana: Island (56) - {T}: Add {U}.
Add To Stack: Ai(1)-Ur-Dragon B3 cast Atarka, World Render
Resolve Stack: Atarka, World Render - Creature 6 / 4
Add To Stack: Ai(1)-Ur-Dragon B3 triggered Kindred Discovery
Resolve Stack: Whenever a creature you control of the chosen type enters or attacks, draw a card. [Zone Changer: Atarka, World Render (68)]
Phase: Ai(1)-Ur-Dragon B3's Beginning of Combat Step
Phase: Ai(1)-Ur-Dragon B3's Declare Attackers Step
Combat: Ai(1)-Ur-Dragon B3 assigned The Ur-Dragon (100) to attack Ai(4)-Meren Graveyard B3.
Add To Stack: Ai(1)-Ur-Dragon B3 triggered The Ur-Dragon
Add To Stack: Ai(1)-Ur-Dragon B3 triggered Kindred Discovery
Add To Stack: Ai(1)-Ur-Dragon B3 triggered Atarka, World Render
Resolve Stack: Whenever a Dragon you control attacks, it gains double strike until end of turn. [Attacker: The Ur-Dragon (100)]
Resolve Stack: Whenever a creature you control of the chosen type enters or attacks, draw a card. [Attacker: The Ur-Dragon (100)]
Resolve Stack: Whenever one or more Dragons you control attack, draw that many cards, then you may put a permanent card from your hand onto the battlefield. [Number Attackers: [The Ur-Dragon (100)]]
Add To Stack: Ai(1)-Ur-Dragon B3 triggered Kindred Discovery
Resolve Stack: Whenever a creature you control of the chosen type enters or attacks, draw a card. [Zone Changer: Lathliss, Dragon Queen (33)]
Phase: Ai(1)-Ur-Dragon B3's Declare Blockers Step
Combat: Ai(4)-Meren Graveyard B3 didn't block The Ur-Dragon (100).
Phase: Ai(1)-Ur-Dragon B3's First Strike Damage Step
Damage: The Ur-Dragon (100) deals 10 combat damage to Ai(4)-Meren Graveyard B3.
Life: Life: Ai(4)-Meren Graveyard B3 35 > 25
Phase: Ai(1)-Ur-Dragon B3's Combat Damage Step
Damage: The Ur-Dragon (100) deals 10 combat damage to Ai(4)-Meren Graveyard B3.
Life: Life: Ai(4)-Meren Graveyard B3 25 > 15
Phase: Ai(1)-Ur-Dragon B3's End of Combat Step
Phase: Ai(1)-Ur-Dragon B3's Main phase, postcombat
Replacement Effect: Seaside Citadel enters tapped.
Land: Ai(1)-Ur-Dragon B3 played Seaside Citadel (74)
Mana: Island (54) - {T}: Add {U}.
Mana: Plains (43) - {T}: Add {W}.
Mana: Nomad Outpost (7) - {T}: Add {R}, {W}, or {B}.
Add To Stack: Ai(1)-Ur-Dragon B3 cast Coalition Relic
Resolve Stack: Coalition Relic
Phase: Ai(1)-Ur-Dragon B3's End step
Phase: Ai(1)-Ur-Dragon B3's Cleanup step
Discard: Ai(1)-Ur-Dragon B3 discards Island (55).
Turn: Turn 45 (Ai(2)-Kilo Helm B3)
Phase: Ai(2)-Kilo Helm B3's Untap step
Phase: Ai(2)-Kilo Helm B3's Upkeep step
Add To Stack: Ai(2)-Kilo Helm B3 triggered Inventors' Fair
Life: Life: Ai(2)-Kilo Helm B3 26 > 27
Resolve Stack: At the beginning of your upkeep, if you control three or more artifacts, you gain 1 life. [Phase: Ai(2)-Kilo Helm B3]
Phase: Ai(2)-Kilo Helm B3's Draw step
Phase: Ai(2)-Kilo Helm B3's Main phase, precombat
Mana: Radiant Summit (124) - {T}: Add {W}.
Mana: Glittering Massif (147) - {T}: Add {W}.
Mana: Island (165) - {T}: Add {U}.
Mana: Great Furnace (197) - {T}: Add {R}.
Mana: Academy Ruins (155) - {T}: Add {C}.
Mana: Inventors' Fair (103) - {T}: Add {C}.
Mana: The Mycosynth Gardens (163) - {T}: Add {C}.
Mana: Crystalline Crawler (174) - Remove a +1/+1 counter from Crystalline Crawler: Add one mana of any color.
Add To Stack: Ai(2)-Kilo Helm B3 cast Organic Extinction
Zone Change: Winding Constrictor (299) was put into Graveyard from Battlefield.
Zone Change: Atraxa, Praetors' Voice (302) was put into Graveyard from Battlefield.
Zone Change: Meren of Clan Nel Toth (403) was put into Graveyard from Battlefield.
Zone Change: Butcher of Malakir (350) was put into Graveyard from Battlefield.
Zone Change: Farhaven Elf (344) was put into Graveyard from Battlefield.
Zone Change: Satyr Wayfinder (320) was put into Graveyard from Battlefield.
Zone Change: The Ur-Dragon (100) was put into Graveyard from Battlefield.
Zone Change: Atarka, World Render (68) was put into Graveyard from Battlefield.
Zone Change: Lathliss, Dragon Queen (33) was put into Graveyard from Battlefield.
Resolve Stack: Organic Extinction (182) - Destroy all nonartifact creatures.
Add To Stack: Ai(4)-Meren Graveyard B3 triggered Butcher of Malakir
Add To Stack: Ai(4)-Meren Graveyard B3 triggered Butcher of Malakir
Add To Stack: Ai(4)-Meren Graveyard B3 triggered Butcher of Malakir
Add To Stack: Ai(4)-Meren Graveyard B3 triggered Butcher of Malakir
Add To Stack: Ai(4)-Meren Graveyard B3 triggered Meren of Clan Nel Toth
Add To Stack: Ai(4)-Meren Graveyard B3 triggered Meren of Clan Nel Toth
Add To Stack: Ai(4)-Meren Graveyard B3 triggered Meren of Clan Nel Toth
Add To Stack: Ai(1)-Ur-Dragon B3 triggered Boneyard Scourge
Add To Stack: Ai(1)-Ur-Dragon B3 triggered Boneyard Scourge
Add To Stack: Ai(1)-Ur-Dragon B3 triggered Boneyard Scourge
Resolve Stack: Whenever a Dragon you control dies while Boneyard Scourge is in your graveyard, you may pay {1}{B}. If you do, return Boneyard Scourge from your graveyard to the battlefield. [Zone Changer: Lathliss, Dragon Queen (33)]
Resolve Stack: Whenever a Dragon you control dies while Boneyard Scourge is in your graveyard, you may pay {1}{B}. If you do, return Boneyard Scourge from your graveyard to the battlefield. [Zone Changer: Atarka, World Render (68)]
Resolve Stack: Whenever a Dragon you control dies while Boneyard Scourge is in your graveyard, you may pay {1}{B}. If you do, return Boneyard Scourge from your graveyard to the battlefield. [Zone Changer: The Ur-Dragon (100)]
Resolve Stack: Whenever another creature you control dies, you get an experience counter. [Zone Changer: Satyr Wayfinder (320)]
Resolve Stack: Whenever another creature you control dies, you get an experience counter. [Zone Changer: Farhaven Elf (344)]
Resolve Stack: Whenever another creature you control dies, you get an experience counter. [Zone Changer: Butcher of Malakir (350)]
Zone Change: Etched Oracle (107) was put into Graveyard from Battlefield.
Resolve Stack: Whenever Butcher of Malakir or another creature you control dies, each opponent sacrifices a creature. [Zone Changer: Satyr Wayfinder (320)]
Zone Change: Crystalline Crawler (174) was put into Graveyard from Battlefield.
Resolve Stack: Whenever Butcher of Malakir or another creature you control dies, each opponent sacrifices a creature. [Zone Changer: Farhaven Elf (344)]
Resolve Stack: Whenever Butcher of Malakir or another creature you control dies, each opponent sacrifices a creature. [Zone Changer: Butcher of Malakir (350)]
Resolve Stack: Whenever Butcher of Malakir or another creature you control dies, each opponent sacrifices a creature. [Zone Changer: Meren of Clan Nel Toth (403)]
Phase: Ai(2)-Kilo Helm B3's Beginning of Combat Step
Phase: Ai(2)-Kilo Helm B3's Declare Attackers Step
Phase: Ai(2)-Kilo Helm B3's Declare Blockers Step
Phase: Ai(2)-Kilo Helm B3's First Strike Damage Step
Phase: Ai(2)-Kilo Helm B3's Combat Damage Step
Phase: Ai(2)-Kilo Helm B3's End of Combat Step
Phase: Ai(2)-Kilo Helm B3's Main phase, postcombat
Add To Stack: Ai(1)-Ur-Dragon B3 activated Coalition Relic
Resolve Stack: Coalition Relic (23) - Ai(1)-Ur-Dragon B3 puts a charge counter on Coalition Relic (23).
Phase: Ai(2)-Kilo Helm B3's End step
Phase: Ai(2)-Kilo Helm B3's Cleanup step
Turn: Turn 46 (Ai(3)-Atraxa Counters B3)
Phase: Ai(3)-Atraxa Counters B3's Untap step
Phase: Ai(3)-Atraxa Counters B3's Upkeep step
Phase: Ai(3)-Atraxa Counters B3's Draw step
Phase: Ai(3)-Atraxa Counters B3's Main phase, precombat
Phase: Ai(3)-Atraxa Counters B3's Beginning of Combat Step
Phase: Ai(3)-Atraxa Counters B3's Declare Attackers Step
Phase: Ai(3)-Atraxa Counters B3's Declare Blockers Step
Phase: Ai(3)-Atraxa Counters B3's First Strike Damage Step
Phase: Ai(3)-Atraxa Counters B3's Combat Damage Step
Phase: Ai(3)-Atraxa Counters B3's End of Combat Step
Phase: Ai(3)-Atraxa Counters B3's Main phase, postcombat
Phase: Ai(3)-Atraxa Counters B3's End step
Phase: Ai(3)-Atraxa Counters B3's Cleanup step
Turn: Turn 47 (Ai(4)-Meren Graveyard B3)
Phase: Ai(4)-Meren Graveyard B3's Untap step
Phase: Ai(4)-Meren Graveyard B3's Upkeep step
Add To Stack: Ai(4)-Meren Graveyard B3 triggered Phyrexian Arena
Life: Life: Ai(4)-Meren Graveyard B3 15 > 14
Resolve Stack: At the beginning of your upkeep, you draw a card and you lose 1 life. [Phase: Ai(4)-Meren Graveyard B3]
Phase: Ai(4)-Meren Graveyard B3's Draw step
Phase: Ai(4)-Meren Graveyard B3's Main phase, precombat
Phase: Ai(4)-Meren Graveyard B3's Beginning of Combat Step
Phase: Ai(4)-Meren Graveyard B3's Declare Attackers Step
Phase: Ai(4)-Meren Graveyard B3's Declare Blockers Step
Phase: Ai(4)-Meren Graveyard B3's First Strike Damage Step
Phase: Ai(4)-Meren Graveyard B3's Combat Damage Step
Phase: Ai(4)-Meren Graveyard B3's End of Combat Step
Phase: Ai(4)-Meren Graveyard B3's Main phase, postcombat
Mana: Swamp (394) - {T}: Add {B}.
Mana: Swamp (386) - {T}: Add {B}.
Mana: Forest (362) - {T}: Add {G}.
Mana: Forest (369) - {T}: Add {G}.
Mana: Forest (360) - {T}: Add {G}.
Mana: Forest (367) - {T}: Add {G}.
Mana: Forest (359) - {T}: Add {G}.
Add To Stack: Ai(4)-Meren Graveyard B3 cast Sheoldred, Whispering One
Resolve Stack: Sheoldred, Whispering One - Creature 6 / 6
Mana: Forest (365) - {T}: Add {G}.
Mana: Forest (370) - {T}: Add {G}.
Mana: Swamp (389) - {T}: Add {B}.
Mana: Swamp (396) - {T}: Add {B}.
Add To Stack: Ai(4)-Meren Graveyard B3 cast Golgari Findbroker
Resolve Stack: Golgari Findbroker - Creature 3 / 4
Add To Stack: Ai(4)-Meren Graveyard B3 triggered Golgari Findbroker targeting [Butcher of Malakir (350)]
Resolve Stack: When Golgari Findbroker enters, return target permanent card from your graveyard to your hand. (Targeting: [[Butcher of Malakir (350)]]) [Zone Changer: Golgari Findbroker (334)]
Mana: Arcane Signet (397) - {T}: Add one mana of any color in your commander's color identity.
Mana: Swamp (391) - {T}: Add {B}.
Mana: Swamp (385) - {T}: Add {B}.
Add To Stack: Ai(4)-Meren Graveyard B3 cast Reclamation Sage
Resolve Stack: Reclamation Sage - Creature 2 / 1
Add To Stack: Ai(4)-Meren Graveyard B3 triggered Reclamation Sage targeting [Kindred Discovery (62)]
Zone Change: Kindred Discovery (62) was put into Graveyard from Battlefield.
Resolve Stack: When Reclamation Sage enters, you may destroy target artifact or enchantment. (Targeting: [[Kindred Discovery (62)]]) [Zone Changer: Reclamation Sage (340)]
Phase: Ai(4)-Meren Graveyard B3's End step
Phase: Ai(4)-Meren Graveyard B3's Cleanup step
Turn: Turn 48 (Ai(1)-Ur-Dragon B3)
Phase: Ai(1)-Ur-Dragon B3's Untap step
Phase: Ai(1)-Ur-Dragon B3's Upkeep step
Add To Stack: Ai(4)-Meren Graveyard B3 triggered Sheoldred, Whispering One
Resolve Stack: At the beginning of each opponent's upkeep, that player sacrifices a creature. [Phase: Ai(1)-Ur-Dragon B3]
Phase: Ai(1)-Ur-Dragon B3's Draw step
Phase: Ai(1)-Ur-Dragon B3's Main phase, precombat
Add To Stack: Ai(1)-Ur-Dragon B3 triggered Coalition Relic
Resolve Stack: At the beginning of your first main phase, remove all charge counters from Coalition Relic. Add one mana of any color for each charge counter removed this way. [Phase: Ai(1)-Ur-Dragon B3]
Land: Ai(1)-Ur-Dragon B3 played Plains (44)
Mana: Swamp (92) - {T}: Add {B}.
Mana: Forest (49) - {T}: Add {G}.
Mana: Forest (47) - {T}: Add {G}.
Mana: Swamp (94) - {T}: Add {B}.
Add To Stack: Ai(1)-Ur-Dragon B3 cast Dragonlord Kolaghan
Resolve Stack: Dragonlord Kolaghan - Creature 6 / 5
Mana: Seaside Citadel (74) - {T}: Add {G}, {W}, or {U}.
Mana: Plains (43) - {T}: Add {W}.
Mana: Plains (44) - {T}: Add {W}.
Mana: Island (56) - {T}: Add {U}.
Add To Stack: Ai(1)-Ur-Dragon B3 cast Dromoka, the Eternal
Resolve Stack: Dromoka, the Eternal - Creature 5 / 5
Mana: Crumbling Necropolis (37) - {T}: Add {U}, {B}, or {R}.
Mana: Nomad Outpost (7) - {T}: Add {R}, {W}, or {B}.
Mana: Island (54) - {T}: Add {U}.
Mana: Coalition Relic (23) - {T}: Add one mana of any color.
Add To Stack: Ai(1)-Ur-Dragon B3 cast Kolaghan, the Storm's Fury
Resolve Stack: Kolaghan, the Storm's Fury - Creature 4 / 5
Phase: Ai(1)-Ur-Dragon B3's Beginning of Combat Step
Phase: Ai(1)-Ur-Dragon B3's Declare Attackers Step
Combat: Ai(1)-Ur-Dragon B3 assigned Dragonlord Kolaghan (32), Dromoka, the Eternal (76) and Kolaghan, the Storm's Fury (36) to attack Ai(4)-Meren Graveyard B3.
Add To Stack: Ai(1)-Ur-Dragon B3 triggered Dromoka, the Eternal
Add To Stack: Ai(1)-Ur-Dragon B3 triggered Dromoka, the Eternal
Add To Stack: Ai(1)-Ur-Dragon B3 triggered Dromoka, the Eternal
Add To Stack: Ai(1)-Ur-Dragon B3 triggered Kolaghan, the Storm's Fury
Add To Stack: Ai(1)-Ur-Dragon B3 triggered Kolaghan, the Storm's Fury
Add To Stack: Ai(1)-Ur-Dragon B3 triggered Kolaghan, the Storm's Fury
Resolve Stack: Whenever a Dragon you control attacks, creatures you control get +1/+0 until end of turn. [Attacker: Kolaghan, the Storm's Fury (36)]
Resolve Stack: Whenever a Dragon you control attacks, creatures you control get +1/+0 until end of turn. [Attacker: Dromoka, the Eternal (76)]
Resolve Stack: Whenever a Dragon you control attacks, creatures you control get +1/+0 until end of turn. [Attacker: Dragonlord Kolaghan (32)]
Resolve Stack: Whenever a Dragon you control attacks, bolster 2. (Choose a creature with the least toughness among creatures you control and put two +1/+1 counters on it.) [Attacker: Kolaghan, the Storm's Fury (36)]
Resolve Stack: Whenever a Dragon you control attacks, bolster 2. (Choose a creature with the least toughness among creatures you control and put two +1/+1 counters on it.) [Attacker: Dromoka, the Eternal (76)]
Resolve Stack: Whenever a Dragon you control attacks, bolster 2. (Choose a creature with the least toughness among creatures you control and put two +1/+1 counters on it.) [Attacker: Dragonlord Kolaghan (32)]
Phase: Ai(1)-Ur-Dragon B3's Declare Blockers Step
Combat: Ai(4)-Meren Graveyard B3 didn't block Dragonlord Kolaghan (32).
Ai(4)-Meren Graveyard B3 didn't block Dromoka, the Eternal (76).
Ai(4)-Meren Graveyard B3 didn't block Kolaghan, the Storm's Fury (36).
Phase: Ai(1)-Ur-Dragon B3's First Strike Damage Step
Phase: Ai(1)-Ur-Dragon B3's Combat Damage Step
Damage: Dragonlord Kolaghan (32) deals 11 combat damage to Ai(4)-Meren Graveyard B3.
Damage: Dromoka, the Eternal (76) deals 10 combat damage to Ai(4)-Meren Graveyard B3.
Damage: Kolaghan, the Storm's Fury (36) deals 9 combat damage to Ai(4)-Meren Graveyard B3.
Life: Life: Ai(4)-Meren Graveyard B3 14 > -16
Phase: Ai(1)-Ur-Dragon B3's End of Combat Step
Phase: Ai(1)-Ur-Dragon B3's Main phase, postcombat
Phase: Ai(1)-Ur-Dragon B3's End step
Phase: Ai(1)-Ur-Dragon B3's Cleanup step
Turn: Turn 49 (Ai(2)-Kilo Helm B3)
Phase: Ai(2)-Kilo Helm B3's Untap step
Phase: Ai(2)-Kilo Helm B3's Upkeep step
Add To Stack: Ai(2)-Kilo Helm B3 triggered Inventors' Fair
Life: Life: Ai(2)-Kilo Helm B3 27 > 28
Resolve Stack: At the beginning of your upkeep, if you control three or more artifacts, you gain 1 life. [Phase: Ai(2)-Kilo Helm B3]
Phase: Ai(2)-Kilo Helm B3's Draw step
Phase: Ai(2)-Kilo Helm B3's Main phase, precombat
Land: Ai(2)-Kilo Helm B3 played Plains (158)
Phase: Ai(2)-Kilo Helm B3's Beginning of Combat Step
Phase: Ai(2)-Kilo Helm B3's Declare Attackers Step
Phase: Ai(2)-Kilo Helm B3's Declare Blockers Step
Phase: Ai(2)-Kilo Helm B3's First Strike Damage Step
Phase: Ai(2)-Kilo Helm B3's Combat Damage Step
Phase: Ai(2)-Kilo Helm B3's End of Combat Step
Phase: Ai(2)-Kilo Helm B3's Main phase, postcombat
Mana: Island (165) - {T}: Add {U}.
Mana: Plains (158) - {T}: Add {W}.
Mana: Great Furnace (197) - {T}: Add {R}.
Mana: Radiant Summit (124) - {T}: Add {R}.
Zone Change: Inventors' Fair (103) was put into Graveyard from Battlefield.
Add To Stack: Ai(2)-Kilo Helm B3 activated Inventors' Fair
Resolve Stack: Inventors' Fair (103) - Ai(2)-Kilo Helm B3 searches their library for an artifact card, reveals it, puts it into their hand, then shuffles.
Mana: Glittering Massif (147) - {T}: Add {R}.
Mana: Academy Ruins (155) - {T}: Add {C}.
Add To Stack: Ai(2)-Kilo Helm B3 cast Moxite Refinery
Resolve Stack: Moxite Refinery
Phase: Ai(2)-Kilo Helm B3's End step
Phase: Ai(2)-Kilo Helm B3's Cleanup step
Turn: Turn 50 (Ai(3)-Atraxa Counters B3)
Phase: Ai(3)-Atraxa Counters B3's Untap step
Phase: Ai(3)-Atraxa Counters B3's Upkeep step
Phase: Ai(3)-Atraxa Counters B3's Draw step
Phase: Ai(3)-Atraxa Counters B3's Main phase, precombat
Land: Ai(3)-Atraxa Counters B3 played Caves of Koilos (248)
Phase: Ai(3)-Atraxa Counters B3's Beginning of Combat Step
Phase: Ai(3)-Atraxa Counters B3's Declare Attackers Step
Phase: Ai(3)-Atraxa Counters B3's Declare Blockers Step
Phase: Ai(3)-Atraxa Counters B3's First Strike Damage Step
Phase: Ai(3)-Atraxa Counters B3's Combat Damage Step
Phase: Ai(3)-Atraxa Counters B3's End of Combat Step
Phase: Ai(3)-Atraxa Counters B3's Main phase, postcombat
Mana: Swamp (289) - {T}: Add {B}.
Mana: Island (262) - {T}: Add {U}.
Mana: Forest (259) - {T}: Add {G}.
Mana: Plains (252) - {T}: Add {W}.
Mana: Plains (253) - {T}: Add {W}.
Mana: Island (264) - {T}: Add {U}.
Mana: Fellwar Stone (224) - {T}: Add one mana of any color that a land an opponent controls could produce.
Mana: Temple of Plenty (241) - {T}: Add {G} or {W}.
Mana: Caves of Koilos (248) - {T}: Add {C}.
Mana: Arcane Signet (294) - {T}: Add one mana of any color in your commander's color identity.
Mana: Karn's Bastion (220) - {T}: Add {C}.
Mana: Yavimaya Coast (221) - {T}: Add {C}.
Add To Stack: Ai(3)-Atraxa Counters B3 cast Atraxa, Praetors' Voice
Resolve Stack: Atraxa, Praetors' Voice - Creature 4 / 4
Add To Stack: Ai(2)-Kilo Helm B3 activated Lux Cannon
Resolve Stack: Lux Cannon (178) - Ai(2)-Kilo Helm B3 puts a charge counter on Lux Cannon (178).
Phase: Ai(3)-Atraxa Counters B3's End step
Add To Stack: Ai(3)-Atraxa Counters B3 triggered Atraxa, Praetors' Voice
Resolve Stack: At the beginning of your end step, proliferate. (Choose any number of permanents and/or players, then give each another counter of each kind already there.) [Phase: Ai(3)-Atraxa Counters B3]
Phase: Ai(3)-Atraxa Counters B3's Cleanup step
Turn: Turn 51 (Ai(1)-Ur-Dragon B3)
Phase: Ai(1)-Ur-Dragon B3's Untap step
Phase: Ai(1)-Ur-Dragon B3's Upkeep step
Phase: Ai(1)-Ur-Dragon B3's Draw step
Phase: Ai(1)-Ur-Dragon B3's Main phase, precombat
Add To Stack: Ai(1)-Ur-Dragon B3 triggered Coalition Relic
Resolve Stack: At the beginning of your first main phase, remove all charge counters from Coalition Relic. Add one mana of any color for each charge counter removed this way. [Phase: Ai(1)-Ur-Dragon B3]
Mana: Crumbling Necropolis (37) - {T}: Add {U}, {B}, or {R}.
Mana: Forest (49) - {T}: Add {G}.
Mana: Swamp (92) - {T}: Add {B}.
Mana: Plains (43) - {T}: Add {W}.
Mana: Island (56) - {T}: Add {U}.
Mana: Swamp (94) - {T}: Add {B}.
Mana: Plains (44) - {T}: Add {W}.
Mana: Forest (47) - {T}: Add {G}.
Mana: Island (54) - {T}: Add {U}.
Mana: Seaside Citadel (74) - {T}: Add {G}, {W}, or {U}.
Mana: Nomad Outpost (7) - {T}: Add {R}, {W}, or {B}.
Add To Stack: Ai(1)-Ur-Dragon B3 cast The Ur-Dragon
Resolve Stack: The Ur-Dragon - Creature 10 / 10
Phase: Ai(1)-Ur-Dragon B3's Beginning of Combat Step
Phase: Ai(1)-Ur-Dragon B3's Declare Attackers Step
Combat: Ai(1)-Ur-Dragon B3 assigned Dromoka, the Eternal (76), Kolaghan, the Storm's Fury (36), The Ur-Dragon (100) and Dragonlord Kolaghan (32) to attack Ai(3)-Atraxa Counters B3.
Add To Stack: Ai(1)-Ur-Dragon B3 triggered The Ur-Dragon
Add To Stack: Ai(1)-Ur-Dragon B3 triggered Dromoka, the Eternal
Add To Stack: Ai(1)-Ur-Dragon B3 triggered Dromoka, the Eternal
Add To Stack: Ai(1)-Ur-Dragon B3 triggered Dromoka, the Eternal
Add To Stack: Ai(1)-Ur-Dragon B3 triggered Dromoka, the Eternal
Add To Stack: Ai(1)-Ur-Dragon B3 triggered Kolaghan, the Storm's Fury
Add To Stack: Ai(1)-Ur-Dragon B3 triggered Kolaghan, the Storm's Fury
Add To Stack: Ai(1)-Ur-Dragon B3 triggered Kolaghan, the Storm's Fury
Add To Stack: Ai(1)-Ur-Dragon B3 triggered Kolaghan, the Storm's Fury
Resolve Stack: Whenever a Dragon you control attacks, creatures you control get +1/+0 until end of turn. [Attacker: Dragonlord Kolaghan (32)]
Resolve Stack: Whenever a Dragon you control attacks, creatures you control get +1/+0 until end of turn. [Attacker: The Ur-Dragon (100)]
Resolve Stack: Whenever a Dragon you control attacks, creatures you control get +1/+0 until end of turn. [Attacker: Kolaghan, the Storm's Fury (36)]
Resolve Stack: Whenever a Dragon you control attacks, creatures you control get +1/+0 until end of turn. [Attacker: Dromoka, the Eternal (76)]
Resolve Stack: Whenever a Dragon you control attacks, bolster 2. (Choose a creature with the least toughness among creatures you control and put two +1/+1 counters on it.) [Attacker: Dragonlord Kolaghan (32)]
Resolve Stack: Whenever a Dragon you control attacks, bolster 2. (Choose a creature with the least toughness among creatures you control and put two +1/+1 counters on it.) [Attacker: The Ur-Dragon (100)]
Resolve Stack: Whenever a Dragon you control attacks, bolster 2. (Choose a creature with the least toughness among creatures you control and put two +1/+1 counters on it.) [Attacker: Kolaghan, the Storm's Fury (36)]
Resolve Stack: Whenever a Dragon you control attacks, bolster 2. (Choose a creature with the least toughness among creatures you control and put two +1/+1 counters on it.) [Attacker: Dromoka, the Eternal (76)]
Resolve Stack: Whenever one or more Dragons you control attack, draw that many cards, then you may put a permanent card from your hand onto the battlefield. [Number Attackers: [Dromoka, the Eternal (76), Kolaghan, the Storm's Fury (36), The Ur-Dragon (100), Dragonlord Kolaghan (32)]]
Add To Stack: Ai(1)-Ur-Dragon B3 triggered Dragonlord Atarka targeting [Atraxa, Praetors' Voice (302)]
Damage: Dragonlord Atarka (58) deals 4 damage to Atraxa, Praetors' Voice (302).
Resolve Stack: When Dragonlord Atarka enters, it deals 5 damage divided as you choose among any number of target creatures and/or planeswalkers your opponents control. (Targeting: [[Atraxa, Praetors' Voice (302)]]) [Zone Changer: Dragonlord Atarka (58)]
Zone Change: Atraxa, Praetors' Voice (302) was put into Graveyard from Battlefield.
Phase: Ai(1)-Ur-Dragon B3's Declare Blockers Step
Combat: Ai(3)-Atraxa Counters B3 didn't block Dromoka, the Eternal (76).
Ai(3)-Atraxa Counters B3 didn't block Kolaghan, the Storm's Fury (36).
Ai(3)-Atraxa Counters B3 didn't block The Ur-Dragon (100).
Ai(3)-Atraxa Counters B3 didn't block Dragonlord Kolaghan (32).
Phase: Ai(1)-Ur-Dragon B3's First Strike Damage Step
Phase: Ai(1)-Ur-Dragon B3's Combat Damage Step
Damage: Dromoka, the Eternal (76) deals 13 combat damage to Ai(3)-Atraxa Counters B3.
Damage: Kolaghan, the Storm's Fury (36) deals 12 combat damage to Ai(3)-Atraxa Counters B3.
Damage: The Ur-Dragon (100) deals 14 combat damage to Ai(3)-Atraxa Counters B3.
Damage: Dragonlord Kolaghan (32) deals 16 combat damage to Ai(3)-Atraxa Counters B3.
Life: Life: Ai(3)-Atraxa Counters B3 31 > -24
Phase: Ai(1)-Ur-Dragon B3's End of Combat Step
Phase: Ai(1)-Ur-Dragon B3's Main phase, postcombat
Replacement Effect: Frontier Bivouac enters tapped.
Land: Ai(1)-Ur-Dragon B3 played Frontier Bivouac (97)
Phase: Ai(1)-Ur-Dragon B3's End step
Phase: Ai(1)-Ur-Dragon B3's Cleanup step
Turn: Turn 52 (Ai(2)-Kilo Helm B3)
Phase: Ai(2)-Kilo Helm B3's Untap step
Phase: Ai(2)-Kilo Helm B3's Upkeep step
Add To Stack: Ai(2)-Kilo Helm B3 activated Lux Cannon targeting [Dragonlord Kolaghan (32)]
Zone Change: Dragonlord Kolaghan (32) was put into Graveyard from Battlefield.
Resolve Stack: Lux Cannon (178) - Destroy Dragonlord Kolaghan (32).
Add To Stack: Ai(1)-Ur-Dragon B3 triggered Boneyard Scourge
Resolve Stack: Whenever a Dragon you control dies while Boneyard Scourge is in your graveyard, you may pay {1}{B}. If you do, return Boneyard Scourge from your graveyard to the battlefield. [Zone Changer: Dragonlord Kolaghan (32)]
Phase: Ai(2)-Kilo Helm B3's Draw step
Phase: Ai(2)-Kilo Helm B3's Main phase, precombat
Phase: Ai(2)-Kilo Helm B3's Beginning of Combat Step
Phase: Ai(2)-Kilo Helm B3's Declare Attackers Step
Phase: Ai(2)-Kilo Helm B3's Declare Blockers Step
Phase: Ai(2)-Kilo Helm B3's First Strike Damage Step
Phase: Ai(2)-Kilo Helm B3's Combat Damage Step
Phase: Ai(2)-Kilo Helm B3's End of Combat Step
Phase: Ai(2)-Kilo Helm B3's Main phase, postcombat
Mana: Island (165) - {T}: Add {U}.
Mana: Plains (158) - {T}: Add {W}.
Mana: Great Furnace (197) - {T}: Add {R}.
Add To Stack: Ai(2)-Kilo Helm B3 cast Chrome Host Seedshark
Add To Stack: Ai(1)-Ur-Dragon B3 activated Coalition Relic
Resolve Stack: Coalition Relic (23) - Ai(1)-Ur-Dragon B3 puts a charge counter on Coalition Relic (23).
Resolve Stack: Chrome Host Seedshark - Creature 2 / 4
Phase: Ai(2)-Kilo Helm B3's End step
Phase: Ai(2)-Kilo Helm B3's Cleanup step
Turn: Turn 53 (Ai(1)-Ur-Dragon B3)
Phase: Ai(1)-Ur-Dragon B3's Untap step
Phase: Ai(1)-Ur-Dragon B3's Upkeep step
Phase: Ai(1)-Ur-Dragon B3's Draw step
Phase: Ai(1)-Ur-Dragon B3's Main phase, precombat
Add To Stack: Ai(1)-Ur-Dragon B3 triggered Coalition Relic
Resolve Stack: At the beginning of your first main phase, remove all charge counters from Coalition Relic. Add one mana of any color for each charge counter removed this way. [Phase: Ai(1)-Ur-Dragon B3]
Mana: Crumbling Necropolis (37) - {T}: Add {U}, {B}, or {R}.
Mana: Plains (43) - {T}: Add {W}.
Add To Stack: Ai(1)-Ur-Dragon B3 cast Dragonspeaker Shaman
Resolve Stack: Dragonspeaker Shaman - Creature 2 / 2
Mana: Forest (49) - {T}: Add {G}.
Mana: Swamp (92) - {T}: Add {B}.
Mana: Swamp (94) - {T}: Add {B}.
Mana: Plains (44) - {T}: Add {W}.
Add To Stack: Ai(1)-Ur-Dragon B3 cast Skyshroud Claim
Resolve Stack: Skyshroud Claim (83) - Ai(1)-Ur-Dragon B3 searches their library for  up to two Forest cards, puts them onto the battlefield, then shuffles.
Phase: Ai(1)-Ur-Dragon B3's Beginning of Combat Step
Phase: Ai(1)-Ur-Dragon B3's Declare Attackers Step
Combat: Ai(1)-Ur-Dragon B3 assigned The Ur-Dragon (100), Dromoka, the Eternal (76), Kolaghan, the Storm's Fury (36) and Dragonlord Atarka (58) to attack Ai(2)-Kilo Helm B3.
Add To Stack: Ai(1)-Ur-Dragon B3 triggered The Ur-Dragon
Add To Stack: Ai(1)-Ur-Dragon B3 triggered Dromoka, the Eternal
Add To Stack: Ai(1)-Ur-Dragon B3 triggered Dromoka, the Eternal
Add To Stack: Ai(1)-Ur-Dragon B3 triggered Dromoka, the Eternal
Add To Stack: Ai(1)-Ur-Dragon B3 triggered Dromoka, the Eternal
Add To Stack: Ai(1)-Ur-Dragon B3 triggered Kolaghan, the Storm's Fury
Add To Stack: Ai(1)-Ur-Dragon B3 triggered Kolaghan, the Storm's Fury
Add To Stack: Ai(1)-Ur-Dragon B3 triggered Kolaghan, the Storm's Fury
Add To Stack: Ai(1)-Ur-Dragon B3 triggered Kolaghan, the Storm's Fury
Resolve Stack: Whenever a Dragon you control attacks, creatures you control get +1/+0 until end of turn. [Attacker: Dragonlord Atarka (58)]
Resolve Stack: Whenever a Dragon you control attacks, creatures you control get +1/+0 until end of turn. [Attacker: Kolaghan, the Storm's Fury (36)]
Resolve Stack: Whenever a Dragon you control attacks, creatures you control get +1/+0 until end of turn. [Attacker: Dromoka, the Eternal (76)]
Resolve Stack: Whenever a Dragon you control attacks, creatures you control get +1/+0 until end of turn. [Attacker: The Ur-Dragon (100)]
Resolve Stack: Whenever a Dragon you control attacks, bolster 2. (Choose a creature with the least toughness among creatures you control and put two +1/+1 counters on it.) [Attacker: Dragonlord Atarka (58)]
Resolve Stack: Whenever a Dragon you control attacks, bolster 2. (Choose a creature with the least toughness among creatures you control and put two +1/+1 counters on it.) [Attacker: Kolaghan, the Storm's Fury (36)]
Resolve Stack: Whenever a Dragon you control attacks, bolster 2. (Choose a creature with the least toughness among creatures you control and put two +1/+1 counters on it.) [Attacker: Dromoka, the Eternal (76)]
Resolve Stack: Whenever a Dragon you control attacks, bolster 2. (Choose a creature with the least toughness among creatures you control and put two +1/+1 counters on it.) [Attacker: The Ur-Dragon (100)]
Resolve Stack: Whenever one or more Dragons you control attack, draw that many cards, then you may put a permanent card from your hand onto the battlefield. [Number Attackers: [The Ur-Dragon (100), Dromoka, the Eternal (76), Kolaghan, the Storm's Fury (36), Dragonlord Atarka (58)]]
Mana: Nomad Outpost (7) - {T}: Add {R}, {W}, or {B}.
Mana: Forest (47) - {T}: Add {G}.
Mana: Forest (48) - {T}: Add {G}.
Mana: Forest (46) - {T}: Add {G}.
Add To Stack: Ai(1)-Ur-Dragon B3 activated Hoard-Smelter Dragon targeting [Dawnsire, Sunstar Dreadnought (115)]
Zone Change: Dawnsire, Sunstar Dreadnought (115) was put into Graveyard from Battlefield.
Resolve Stack: Hoard-Smelter Dragon (25) - Destroy Dawnsire, Sunstar Dreadnought (115). Hoard-Smelter Dragon (25) gets +5/+0  until end of turn.
Mana: Frontier Bivouac (97) - {T}: Add {G}, {U}, or {R}.
Mana: Island (56) - {T}: Add {U}.
Mana: Island (54) - {T}: Add {U}.
Mana: Seaside Citadel (74) - {T}: Add {G}, {W}, or {U}.
Add To Stack: Ai(1)-Ur-Dragon B3 activated Hoard-Smelter Dragon targeting [Lux Cannon (178)]
Zone Change: Lux Cannon (178) was put into Graveyard from Battlefield.
Resolve Stack: Hoard-Smelter Dragon (25) - Destroy Lux Cannon (178). Hoard-Smelter Dragon (25) gets +4/+0  until end of turn.
Phase: Ai(1)-Ur-Dragon B3's Declare Blockers Step
Combat: Ai(2)-Kilo Helm B3 assigned Chrome Host Seedshark (180) to block The Ur-Dragon (100).
Ai(2)-Kilo Helm B3 didn't block Dromoka, the Eternal (76).
Ai(2)-Kilo Helm B3 didn't block Kolaghan, the Storm's Fury (36).
Ai(2)-Kilo Helm B3 didn't block Dragonlord Atarka (58).
Phase: Ai(1)-Ur-Dragon B3's First Strike Damage Step
Phase: Ai(1)-Ur-Dragon B3's Combat Damage Step
Damage: The Ur-Dragon (100) deals 14 damage to Chrome Host Seedshark (180).
Damage: Dromoka, the Eternal (76) deals 13 combat damage to Ai(2)-Kilo Helm B3.
Damage: Kolaghan, the Storm's Fury (36) deals 12 combat damage to Ai(2)-Kilo Helm B3.
Damage: Dragonlord Atarka (58) deals 14 combat damage to Ai(2)-Kilo Helm B3.
Damage: Chrome Host Seedshark (180) deals 2 damage to The Ur-Dragon (100).
Life: Life: Ai(2)-Kilo Helm B3 28 > -11
Player Control: Ai(1)-Ur-Dragon B3 has restored control over themself
Player Control: Ai(2)-Kilo Helm B3 has restored control over themself
Player Control: Ai(3)-Atraxa Counters B3 has restored control over themself
Player Control: Ai(4)-Meren Graveyard B3 has restored control over themself
Game Outcome: Turn 27
Game Outcome: Ai(1)-Ur-Dragon B3 has won because all opponents have lost
Game Outcome: Ai(2)-Kilo Helm B3 has lost because life total reached 0
Game Outcome: Ai(3)-Atraxa Counters B3 has lost because life total reached 0
Game Outcome: Ai(4)-Meren Graveyard B3 has lost because life total reached 0
Match Result: Ai(1)-Ur-Dragon B3: 2 Ai(2)-Kilo Helm B3: 0 Ai(3)-Atraxa Counters B3: 0 Ai(4)-Meren Graveyard B3: 0 

Game Result: Game 2 ended in 60672 ms. Ai(1)-Ur-Dragon B3 has won!

Warning: default (ie. inherited from base class) implementation of confirmAction is used by Atraxa, Praetors' Voice for forge.ai.ability.PermanentCreatureAi. Consider declaring an overloaded method
Warning: default (ie. inherited from base class) implementation of confirmAction is used by Meren of Clan Nel Toth for forge.ai.ability.PermanentCreatureAi. Consider declaring an overloaded method
Mulligan: Ai(4)-Meren Graveyard B3 has mulliganed down to 7 cards.
Mulligan: Ai(2)-Kilo Helm B3 has kept a hand of 7 cards
Mulligan: Ai(3)-Atraxa Counters B3 has kept a hand of 7 cards
Mulligan: Ai(4)-Meren Graveyard B3 has kept a hand of 7 cards
Mulligan: Ai(1)-Ur-Dragon B3 has kept a hand of 7 cards
Turn: Turn 1 (Ai(2)-Kilo Helm B3)
Phase: Ai(2)-Kilo Helm B3's Untap step
Phase: Ai(2)-Kilo Helm B3's Upkeep step
Phase: Ai(2)-Kilo Helm B3's Draw step
Phase: Ai(2)-Kilo Helm B3's Main phase, precombat
Land: Ai(2)-Kilo Helm B3 played Command Tower (109)
Phase: Ai(2)-Kilo Helm B3's Beginning of Combat Step
Phase: Ai(2)-Kilo Helm B3's Declare Attackers Step
Phase: Ai(2)-Kilo Helm B3's Declare Blockers Step
Phase: Ai(2)-Kilo Helm B3's First Strike Damage Step
Phase: Ai(2)-Kilo Helm B3's Combat Damage Step
Phase: Ai(2)-Kilo Helm B3's End of Combat Step
Phase: Ai(2)-Kilo Helm B3's Main phase, postcombat
Phase: Ai(2)-Kilo Helm B3's End step
Phase: Ai(2)-Kilo Helm B3's Cleanup step
Turn: Turn 2 (Ai(3)-Atraxa Counters B3)
Phase: Ai(3)-Atraxa Counters B3's Untap step
Phase: Ai(3)-Atraxa Counters B3's Upkeep step
Phase: Ai(3)-Atraxa Counters B3's Draw step
Phase: Ai(3)-Atraxa Counters B3's Main phase, precombat
Replacement Effect: Opulent Palace enters tapped.
Land: Ai(3)-Atraxa Counters B3 played Opulent Palace (269)
Phase: Ai(3)-Atraxa Counters B3's Beginning of Combat Step
Phase: Ai(3)-Atraxa Counters B3's Declare Attackers Step
Phase: Ai(3)-Atraxa Counters B3's Declare Blockers Step
Phase: Ai(3)-Atraxa Counters B3's First Strike Damage Step
Phase: Ai(3)-Atraxa Counters B3's Combat Damage Step
Phase: Ai(3)-Atraxa Counters B3's End of Combat Step
Phase: Ai(3)-Atraxa Counters B3's Main phase, postcombat
Phase: Ai(3)-Atraxa Counters B3's End step
Phase: Ai(3)-Atraxa Counters B3's Cleanup step
Turn: Turn 3 (Ai(4)-Meren Graveyard B3)
Phase: Ai(4)-Meren Graveyard B3's Untap step
Phase: Ai(4)-Meren Graveyard B3's Upkeep step
Phase: Ai(4)-Meren Graveyard B3's Draw step
Phase: Ai(4)-Meren Graveyard B3's Main phase, precombat
Land: Ai(4)-Meren Graveyard B3 played Swamp (390)
Phase: Ai(4)-Meren Graveyard B3's Beginning of Combat Step
Phase: Ai(4)-Meren Graveyard B3's Declare Attackers Step
Phase: Ai(4)-Meren Graveyard B3's Declare Blockers Step
Phase: Ai(4)-Meren Graveyard B3's First Strike Damage Step
Phase: Ai(4)-Meren Graveyard B3's Combat Damage Step
Phase: Ai(4)-Meren Graveyard B3's End of Combat Step
Phase: Ai(4)-Meren Graveyard B3's Main phase, postcombat
Mana: Swamp (390) - {T}: Add {B}.
Add To Stack: Ai(4)-Meren Graveyard B3 cast Deathrite Shaman
Resolve Stack: Deathrite Shaman - Creature 1 / 2
Phase: Ai(4)-Meren Graveyard B3's End step
Phase: Ai(4)-Meren Graveyard B3's Cleanup step
Turn: Turn 4 (Ai(1)-Ur-Dragon B3)
Phase: Ai(1)-Ur-Dragon B3's Untap step
Phase: Ai(1)-Ur-Dragon B3's Upkeep step
Phase: Ai(1)-Ur-Dragon B3's Draw step
Phase: Ai(1)-Ur-Dragon B3's Main phase, precombat
Replacement Effect: Sandsteppe Citadel enters tapped.
Land: Ai(1)-Ur-Dragon B3 played Sandsteppe Citadel (11)
Phase: Ai(1)-Ur-Dragon B3's Beginning of Combat Step
Phase: Ai(1)-Ur-Dragon B3's Declare Attackers Step
Phase: Ai(1)-Ur-Dragon B3's Declare Blockers Step
Phase: Ai(1)-Ur-Dragon B3's First Strike Damage Step
Phase: Ai(1)-Ur-Dragon B3's Combat Damage Step
Phase: Ai(1)-Ur-Dragon B3's End of Combat Step
Phase: Ai(1)-Ur-Dragon B3's Main phase, postcombat
Phase: Ai(1)-Ur-Dragon B3's End step
Phase: Ai(1)-Ur-Dragon B3's Cleanup step
Turn: Turn 5 (Ai(2)-Kilo Helm B3)
Phase: Ai(2)-Kilo Helm B3's Untap step
Phase: Ai(2)-Kilo Helm B3's Upkeep step
Phase: Ai(2)-Kilo Helm B3's Draw step
Phase: Ai(2)-Kilo Helm B3's Main phase, precombat
Land: Ai(2)-Kilo Helm B3 played Mountain (187)
Phase: Ai(2)-Kilo Helm B3's Beginning of Combat Step
Phase: Ai(2)-Kilo Helm B3's Declare Attackers Step
Phase: Ai(2)-Kilo Helm B3's Declare Blockers Step
Phase: Ai(2)-Kilo Helm B3's First Strike Damage Step
Phase: Ai(2)-Kilo Helm B3's Combat Damage Step
Phase: Ai(2)-Kilo Helm B3's End of Combat Step
Phase: Ai(2)-Kilo Helm B3's Main phase, postcombat
Mana: Command Tower (109) - {T}: Add one mana of any color in your commander's color identity.
Mana: Mountain (187) - {T}: Add {R}.
Add To Stack: Ai(2)-Kilo Helm B3 cast Thrummingbird
Resolve Stack: Thrummingbird - Creature 1 / 1
Phase: Ai(2)-Kilo Helm B3's End step
Phase: Ai(2)-Kilo Helm B3's Cleanup step
Turn: Turn 6 (Ai(3)-Atraxa Counters B3)
Phase: Ai(3)-Atraxa Counters B3's Untap step
Phase: Ai(3)-Atraxa Counters B3's Upkeep step
Phase: Ai(3)-Atraxa Counters B3's Draw step
Phase: Ai(3)-Atraxa Counters B3's Main phase, precombat
Land: Ai(3)-Atraxa Counters B3 played Plains (252)
Phase: Ai(3)-Atraxa Counters B3's Beginning of Combat Step
Phase: Ai(3)-Atraxa Counters B3's Declare Attackers Step
Phase: Ai(3)-Atraxa Counters B3's Declare Blockers Step
Phase: Ai(3)-Atraxa Counters B3's First Strike Damage Step
Phase: Ai(3)-Atraxa Counters B3's Combat Damage Step
Phase: Ai(3)-Atraxa Counters B3's End of Combat Step
Phase: Ai(3)-Atraxa Counters B3's Main phase, postcombat
Mana: Plains (252) - {T}: Add {W}.
Mana: Opulent Palace (269) - {T}: Add {B}, {G}, or {U}.
Add To Stack: Ai(3)-Atraxa Counters B3 cast Arcane Signet
Resolve Stack: Arcane Signet
Phase: Ai(3)-Atraxa Counters B3's End step
Phase: Ai(3)-Atraxa Counters B3's Cleanup step
Turn: Turn 7 (Ai(4)-Meren Graveyard B3)
Phase: Ai(4)-Meren Graveyard B3's Untap step
Phase: Ai(4)-Meren Graveyard B3's Upkeep step
Phase: Ai(4)-Meren Graveyard B3's Draw step
Phase: Ai(4)-Meren Graveyard B3's Main phase, precombat
Land: Ai(4)-Meren Graveyard B3 played Forest (368)
Phase: Ai(4)-Meren Graveyard B3's Beginning of Combat Step
Phase: Ai(4)-Meren Graveyard B3's Declare Attackers Step
Combat: Ai(4)-Meren Graveyard B3 assigned Deathrite Shaman (383) to attack Ai(2)-Kilo Helm B3.
Phase: Ai(4)-Meren Graveyard B3's Declare Blockers Step
Combat: Ai(2)-Kilo Helm B3 didn't block Deathrite Shaman (383).
Phase: Ai(4)-Meren Graveyard B3's First Strike Damage Step
Phase: Ai(4)-Meren Graveyard B3's Combat Damage Step
Damage: Deathrite Shaman (383) deals 1 combat damage to Ai(2)-Kilo Helm B3.
Life: Life: Ai(2)-Kilo Helm B3 40 > 39
Phase: Ai(4)-Meren Graveyard B3's End of Combat Step
Phase: Ai(4)-Meren Graveyard B3's Main phase, postcombat
Mana: Swamp (390) - {T}: Add {B}.
Mana: Forest (368) - {T}: Add {G}.
Add To Stack: Ai(4)-Meren Graveyard B3 cast Night's Whisper
Life: Life: Ai(4)-Meren Graveyard B3 40 > 38
Resolve Stack: Night's Whisper (308) - Ai(4)-Meren Graveyard B3 draws two cards. Ai(4)-Meren Graveyard B3 loses 2 life.
Phase: Ai(4)-Meren Graveyard B3's End step
Phase: Ai(4)-Meren Graveyard B3's Cleanup step
Turn: Turn 8 (Ai(1)-Ur-Dragon B3)
Phase: Ai(1)-Ur-Dragon B3's Untap step
Phase: Ai(1)-Ur-Dragon B3's Upkeep step
Phase: Ai(1)-Ur-Dragon B3's Draw step
Phase: Ai(1)-Ur-Dragon B3's Main phase, precombat
Replacement Effect: Seaside Citadel enters tapped.
Land: Ai(1)-Ur-Dragon B3 played Seaside Citadel (74)
Phase: Ai(1)-Ur-Dragon B3's Beginning of Combat Step
Phase: Ai(1)-Ur-Dragon B3's Declare Attackers Step
Phase: Ai(1)-Ur-Dragon B3's Declare Blockers Step
Phase: Ai(1)-Ur-Dragon B3's First Strike Damage Step
Phase: Ai(1)-Ur-Dragon B3's Combat Damage Step
Phase: Ai(1)-Ur-Dragon B3's End of Combat Step
Phase: Ai(1)-Ur-Dragon B3's Main phase, postcombat
Phase: Ai(1)-Ur-Dragon B3's End step
Phase: Ai(1)-Ur-Dragon B3's Cleanup step
Turn: Turn 9 (Ai(2)-Kilo Helm B3)
Phase: Ai(2)-Kilo Helm B3's Untap step
Phase: Ai(2)-Kilo Helm B3's Upkeep step
Phase: Ai(2)-Kilo Helm B3's Draw step
Phase: Ai(2)-Kilo Helm B3's Main phase, precombat
Replacement Effect: This land enters tapped.
Land: Ai(2)-Kilo Helm B3 played Adagia, Windswept Bastion (160)
Phase: Ai(2)-Kilo Helm B3's Beginning of Combat Step
Phase: Ai(2)-Kilo Helm B3's Declare Attackers Step
Combat: Ai(2)-Kilo Helm B3 assigned Thrummingbird (114) to attack Ai(4)-Meren Graveyard B3.
Phase: Ai(2)-Kilo Helm B3's Declare Blockers Step
Combat: Ai(4)-Meren Graveyard B3 didn't block Thrummingbird (114).
Phase: Ai(2)-Kilo Helm B3's First Strike Damage Step
Phase: Ai(2)-Kilo Helm B3's Combat Damage Step
Damage: Thrummingbird (114) deals 1 combat damage to Ai(4)-Meren Graveyard B3.
Life: Life: Ai(4)-Meren Graveyard B3 38 > 37
Add To Stack: Ai(2)-Kilo Helm B3 triggered Thrummingbird
Resolve Stack: Whenever Thrummingbird deals combat damage to a player, proliferate. [Damage Source: Thrummingbird (114), Damaged: Ai(4)-Meren Graveyard B3, Amount: 1]
Phase: Ai(2)-Kilo Helm B3's End of Combat Step
Phase: Ai(2)-Kilo Helm B3's Main phase, postcombat
Phase: Ai(2)-Kilo Helm B3's End step
Phase: Ai(2)-Kilo Helm B3's Cleanup step
Turn: Turn 10 (Ai(3)-Atraxa Counters B3)
Phase: Ai(3)-Atraxa Counters B3's Untap step
Phase: Ai(3)-Atraxa Counters B3's Upkeep step
Phase: Ai(3)-Atraxa Counters B3's Draw step
Phase: Ai(3)-Atraxa Counters B3's Main phase, precombat
Land: Ai(3)-Atraxa Counters B3 played Forest (258)
Phase: Ai(3)-Atraxa Counters B3's Beginning of Combat Step
Phase: Ai(3)-Atraxa Counters B3's Declare Attackers Step
Phase: Ai(3)-Atraxa Counters B3's Declare Blockers Step
Phase: Ai(3)-Atraxa Counters B3's First Strike Damage Step
Phase: Ai(3)-Atraxa Counters B3's Combat Damage Step
Phase: Ai(3)-Atraxa Counters B3's End of Combat Step
Phase: Ai(3)-Atraxa Counters B3's Main phase, postcombat
Mana: Opulent Palace (269) - {T}: Add {B}, {G}, or {U}.
Mana: Plains (252) - {T}: Add {W}.
Mana: Arcane Signet (294) - {T}: Add one mana of any color in your commander's color identity.
Mana: Forest (258) - {T}: Add {G}.
Add To Stack: Ai(3)-Atraxa Counters B3 cast Atraxa, Praetors' Voice
Resolve Stack: Atraxa, Praetors' Voice - Creature 4 / 4
Phase: Ai(3)-Atraxa Counters B3's End step
Add To Stack: Ai(3)-Atraxa Counters B3 triggered Atraxa, Praetors' Voice
Resolve Stack: At the beginning of your end step, proliferate. (Choose any number of permanents and/or players, then give each another counter of each kind already there.) [Phase: Ai(3)-Atraxa Counters B3]
Phase: Ai(3)-Atraxa Counters B3's Cleanup step
Turn: Turn 11 (Ai(4)-Meren Graveyard B3)
Phase: Ai(4)-Meren Graveyard B3's Untap step
Phase: Ai(4)-Meren Graveyard B3's Upkeep step
Phase: Ai(4)-Meren Graveyard B3's Draw step
Phase: Ai(4)-Meren Graveyard B3's Main phase, precombat
Land: Ai(4)-Meren Graveyard B3 played Swamp (385)
Mana: Swamp (390) - {T}: Add {B}.
Mana: Forest (368) - {T}: Add {G}.
Mana: Swamp (385) - {T}: Add {B}.
Add To Stack: Ai(4)-Meren Graveyard B3 cast Read the Bones
Mana: Command Tower (109) - {T}: Add one mana of any color in your commander's color identity.
Add To Stack: Ai(2)-Kilo Helm B3 cast Swan Song targeting [Scry 2, then draw two cards. You lose 2 life.  ]
Zone Change: Send countered spell to Graveyard
Resolve Stack: Swan Song (146) - Counter Read the Bones (315). 
Phase: Ai(4)-Meren Graveyard B3's Beginning of Combat Step
Phase: Ai(4)-Meren Graveyard B3's Declare Attackers Step
Phase: Ai(4)-Meren Graveyard B3's Declare Blockers Step
Phase: Ai(4)-Meren Graveyard B3's First Strike Damage Step
Phase: Ai(4)-Meren Graveyard B3's Combat Damage Step
Phase: Ai(4)-Meren Graveyard B3's End of Combat Step
Phase: Ai(4)-Meren Graveyard B3's Main phase, postcombat
Phase: Ai(4)-Meren Graveyard B3's End step
Phase: Ai(4)-Meren Graveyard B3's Cleanup step
Turn: Turn 12 (Ai(1)-Ur-Dragon B3)
Phase: Ai(1)-Ur-Dragon B3's Untap step
Phase: Ai(1)-Ur-Dragon B3's Upkeep step
Phase: Ai(1)-Ur-Dragon B3's Draw step
Phase: Ai(1)-Ur-Dragon B3's Main phase, precombat
Land: Ai(1)-Ur-Dragon B3 played Mountain (80)
Phase: Ai(1)-Ur-Dragon B3's Beginning of Combat Step
Phase: Ai(1)-Ur-Dragon B3's Declare Attackers Step
Phase: Ai(1)-Ur-Dragon B3's Declare Blockers Step
Phase: Ai(1)-Ur-Dragon B3's First Strike Damage Step
Phase: Ai(1)-Ur-Dragon B3's Combat Damage Step
Phase: Ai(1)-Ur-Dragon B3's End of Combat Step
Phase: Ai(1)-Ur-Dragon B3's Main phase, postcombat
Phase: Ai(1)-Ur-Dragon B3's End step
Phase: Ai(1)-Ur-Dragon B3's Cleanup step
Turn: Turn 13 (Ai(2)-Kilo Helm B3)
Phase: Ai(2)-Kilo Helm B3's Untap step
Phase: Ai(2)-Kilo Helm B3's Upkeep step
Phase: Ai(2)-Kilo Helm B3's Draw step
Phase: Ai(2)-Kilo Helm B3's Main phase, precombat
Land: Ai(2)-Kilo Helm B3 played Exotic Orchard (200)
Mana: Exotic Orchard (200) - {T}: Add one mana of any color that a land an opponent controls could produce.
Mana: Command Tower (109) - {T}: Add one mana of any color in your commander's color identity.
Mana: Mountain (187) - {T}: Add {R}.
Add To Stack: Ai(2)-Kilo Helm B3 cast Kilo, Apogee Mind
Resolve Stack: Kilo, Apogee Mind - Creature 3 / 3
Phase: Ai(2)-Kilo Helm B3's Beginning of Combat Step
Phase: Ai(2)-Kilo Helm B3's Declare Attackers Step
Phase: Ai(2)-Kilo Helm B3's Declare Blockers Step
Phase: Ai(2)-Kilo Helm B3's First Strike Damage Step
Phase: Ai(2)-Kilo Helm B3's Combat Damage Step
Phase: Ai(2)-Kilo Helm B3's End of Combat Step
Phase: Ai(2)-Kilo Helm B3's Main phase, postcombat
Add To Stack: Ai(2)-Kilo Helm B3 activated Adagia, Windswept Bastion
Resolve Stack: Adagia, Windswept Bastion (160) - Ai(2)-Kilo Helm B3 puts a charge counter on Adagia, Windswept Bastion (160).
Add To Stack: Ai(2)-Kilo Helm B3 activated Adagia, Windswept Bastion
Add To Stack: Ai(2)-Kilo Helm B3 triggered Kilo, Apogee Mind
Resolve Stack: Whenever Kilo becomes tapped, proliferate. (Choose any number of permanents and/or players, then give each another counter of each kind already there.) [Tapped: Kilo, Apogee Mind (201)]
Resolve Stack: Adagia, Windswept Bastion (160) - Ai(2)-Kilo Helm B3 puts three charge counters on Adagia, Windswept Bastion (160).
Phase: Ai(2)-Kilo Helm B3's End step
Phase: Ai(2)-Kilo Helm B3's Cleanup step
Turn: Turn 14 (Ai(3)-Atraxa Counters B3)
Phase: Ai(3)-Atraxa Counters B3's Untap step
Phase: Ai(3)-Atraxa Counters B3's Upkeep step
Phase: Ai(3)-Atraxa Counters B3's Draw step
Phase: Ai(3)-Atraxa Counters B3's Main phase, precombat
Land: Ai(3)-Atraxa Counters B3 played Plains (253)
Mana: Forest (258) - {T}: Add {G}.
Mana: Plains (252) - {T}: Add {W}.
Mana: Plains (253) - {T}: Add {W}.
Add To Stack: Ai(3)-Atraxa Counters B3 cast Tuskguard Captain
Resolve Stack: Tuskguard Captain - Creature 2 / 3
Phase: Ai(3)-Atraxa Counters B3's Beginning of Combat Step
Phase: Ai(3)-Atraxa Counters B3's Declare Attackers Step
Combat: Ai(3)-Atraxa Counters B3 assigned Atraxa, Praetors' Voice (302) to attack Ai(2)-Kilo Helm B3.
Phase: Ai(3)-Atraxa Counters B3's Declare Blockers Step
Combat: Ai(2)-Kilo Helm B3 didn't block Atraxa, Praetors' Voice (302).
Phase: Ai(3)-Atraxa Counters B3's First Strike Damage Step
Phase: Ai(3)-Atraxa Counters B3's Combat Damage Step
Damage: Atraxa, Praetors' Voice (302) deals 4 combat damage to Ai(2)-Kilo Helm B3.
Life: Life: Ai(3)-Atraxa Counters B3 40 > 44
Life: Life: Ai(2)-Kilo Helm B3 39 > 35
Phase: Ai(3)-Atraxa Counters B3's End of Combat Step
Phase: Ai(3)-Atraxa Counters B3's Main phase, postcombat
Mana: Opulent Palace (269) - {T}: Add {B}, {G}, or {U}.
Mana: Arcane Signet (294) - {T}: Add one mana of any color in your commander's color identity.
Add To Stack: Ai(3)-Atraxa Counters B3 cast Simic Ascendancy
Resolve Stack: Simic Ascendancy
Phase: Ai(3)-Atraxa Counters B3's End step
Add To Stack: Ai(3)-Atraxa Counters B3 triggered Atraxa, Praetors' Voice
Resolve Stack: At the beginning of your end step, proliferate. (Choose any number of permanents and/or players, then give each another counter of each kind already there.) [Phase: Ai(3)-Atraxa Counters B3]
Phase: Ai(3)-Atraxa Counters B3's Cleanup step
Turn: Turn 15 (Ai(4)-Meren Graveyard B3)
Phase: Ai(4)-Meren Graveyard B3's Untap step
Phase: Ai(4)-Meren Graveyard B3's Upkeep step
Phase: Ai(4)-Meren Graveyard B3's Draw step
Phase: Ai(4)-Meren Graveyard B3's Main phase, precombat
Land: Ai(4)-Meren Graveyard B3 played Forest (370)
Phase: Ai(4)-Meren Graveyard B3's Beginning of Combat Step
Phase: Ai(4)-Meren Graveyard B3's Declare Attackers Step
Phase: Ai(4)-Meren Graveyard B3's Declare Blockers Step
Phase: Ai(4)-Meren Graveyard B3's First Strike Damage Step
Phase: Ai(4)-Meren Graveyard B3's Combat Damage Step
Phase: Ai(4)-Meren Graveyard B3's End of Combat Step
Phase: Ai(4)-Meren Graveyard B3's Main phase, postcombat
Mana: Swamp (390) - {T}: Add {B}.
Mana: Forest (368) - {T}: Add {G}.
Mana: Forest (370) - {T}: Add {G}.
Mana: Swamp (385) - {T}: Add {B}.
Add To Stack: Ai(4)-Meren Graveyard B3 cast Meren of Clan Nel Toth
Resolve Stack: Meren of Clan Nel Toth - Creature 3 / 4
Phase: Ai(4)-Meren Graveyard B3's End step
Phase: Ai(4)-Meren Graveyard B3's Cleanup step
Turn: Turn 16 (Ai(1)-Ur-Dragon B3)
Phase: Ai(1)-Ur-Dragon B3's Untap step
Phase: Ai(1)-Ur-Dragon B3's Upkeep step
Phase: Ai(1)-Ur-Dragon B3's Draw step
Phase: Ai(1)-Ur-Dragon B3's Main phase, precombat
Land: Ai(1)-Ur-Dragon B3 played Island (55)
Phase: Ai(1)-Ur-Dragon B3's Beginning of Combat Step
Phase: Ai(1)-Ur-Dragon B3's Declare Attackers Step
Phase: Ai(1)-Ur-Dragon B3's Declare Blockers Step
Phase: Ai(1)-Ur-Dragon B3's First Strike Damage Step
Phase: Ai(1)-Ur-Dragon B3's Combat Damage Step
Phase: Ai(1)-Ur-Dragon B3's End of Combat Step
Phase: Ai(1)-Ur-Dragon B3's Main phase, postcombat
Phase: Ai(1)-Ur-Dragon B3's End step
Phase: Ai(1)-Ur-Dragon B3's Cleanup step
Turn: Turn 17 (Ai(2)-Kilo Helm B3)
Phase: Ai(2)-Kilo Helm B3's Untap step
Phase: Ai(2)-Kilo Helm B3's Upkeep step
Phase: Ai(2)-Kilo Helm B3's Draw step
Phase: Ai(2)-Kilo Helm B3's Main phase, precombat
Replacement Effect: This land enters tapped.
Land: Ai(2)-Kilo Helm B3 played Glittering Massif (147)
Phase: Ai(2)-Kilo Helm B3's Beginning of Combat Step
Phase: Ai(2)-Kilo Helm B3's Declare Attackers Step
Phase: Ai(2)-Kilo Helm B3's Declare Blockers Step
Phase: Ai(2)-Kilo Helm B3's First Strike Damage Step
Phase: Ai(2)-Kilo Helm B3's Combat Damage Step
Phase: Ai(2)-Kilo Helm B3's End of Combat Step
Phase: Ai(2)-Kilo Helm B3's Main phase, postcombat
Add To Stack: Ai(2)-Kilo Helm B3 activated Adagia, Windswept Bastion
Resolve Stack: Adagia, Windswept Bastion (160) - Ai(2)-Kilo Helm B3 puts a charge counter on Adagia, Windswept Bastion (160).
Add To Stack: Ai(2)-Kilo Helm B3 activated Adagia, Windswept Bastion
Add To Stack: Ai(2)-Kilo Helm B3 triggered Kilo, Apogee Mind
Resolve Stack: Whenever Kilo becomes tapped, proliferate. (Choose any number of permanents and/or players, then give each another counter of each kind already there.) [Tapped: Kilo, Apogee Mind (201)]
Resolve Stack: Adagia, Windswept Bastion (160) - Ai(2)-Kilo Helm B3 puts three charge counters on Adagia, Windswept Bastion (160).
Mana: Exotic Orchard (200) - {T}: Add one mana of any color that a land an opponent controls could produce.
Mana: Command Tower (109) - {T}: Add one mana of any color in your commander's color identity.
Mana: Mountain (187) - {T}: Add {R}.
Mana: Adagia, Windswept Bastion (160) - {T}: Add {W}.
Add To Stack: Ai(2)-Kilo Helm B3 cast Tekuthal, Inquiry Dominus
Resolve Stack: Tekuthal, Inquiry Dominus - Creature 3 / 5
Add To Stack: Ai(2)-Kilo Helm B3 activated Adagia, Windswept Bastion
Resolve Stack: Adagia, Windswept Bastion (160) - Ai(2)-Kilo Helm B3 puts three charge counters on Adagia, Windswept Bastion (160).
Phase: Ai(2)-Kilo Helm B3's End step
Phase: Ai(2)-Kilo Helm B3's Cleanup step
Turn: Turn 18 (Ai(3)-Atraxa Counters B3)
Phase: Ai(3)-Atraxa Counters B3's Untap step
Phase: Ai(3)-Atraxa Counters B3's Upkeep step
Phase: Ai(3)-Atraxa Counters B3's Draw step
Phase: Ai(3)-Atraxa Counters B3's Main phase, precombat
Phase: Ai(3)-Atraxa Counters B3's Beginning of Combat Step
Phase: Ai(3)-Atraxa Counters B3's Declare Attackers Step
Combat: Ai(3)-Atraxa Counters B3 assigned Tuskguard Captain (247) and Atraxa, Praetors' Voice (302) to attack Ai(2)-Kilo Helm B3.
Phase: Ai(3)-Atraxa Counters B3's Declare Blockers Step
Combat: Ai(2)-Kilo Helm B3 didn't block Tuskguard Captain (247).
Ai(2)-Kilo Helm B3 didn't block Atraxa, Praetors' Voice (302).
Phase: Ai(3)-Atraxa Counters B3's First Strike Damage Step
Phase: Ai(3)-Atraxa Counters B3's Combat Damage Step
Damage: Tuskguard Captain (247) deals 2 combat damage to Ai(2)-Kilo Helm B3.
Damage: Atraxa, Praetors' Voice (302) deals 4 combat damage to Ai(2)-Kilo Helm B3.
Life: Life: Ai(3)-Atraxa Counters B3 44 > 48
Life: Life: Ai(2)-Kilo Helm B3 35 > 29
Phase: Ai(3)-Atraxa Counters B3's End of Combat Step
Phase: Ai(3)-Atraxa Counters B3's Main phase, postcombat
Mana: Opulent Palace (269) - {T}: Add {B}, {G}, or {U}.
Mana: Arcane Signet (294) - {T}: Add one mana of any color in your commander's color identity.
Mana: Plains (252) - {T}: Add {W}.
Mana: Plains (253) - {T}: Add {W}.
Mana: Forest (258) - {T}: Add {G}.
Add To Stack: Ai(3)-Atraxa Counters B3 cast Inexorable Tide
Resolve Stack: Inexorable Tide
Phase: Ai(3)-Atraxa Counters B3's End step
Add To Stack: Ai(3)-Atraxa Counters B3 triggered Atraxa, Praetors' Voice
Resolve Stack: At the beginning of your end step, proliferate. (Choose any number of permanents and/or players, then give each another counter of each kind already there.) [Phase: Ai(3)-Atraxa Counters B3]
Phase: Ai(3)-Atraxa Counters B3's Cleanup step
Turn: Turn 19 (Ai(4)-Meren Graveyard B3)
Phase: Ai(4)-Meren Graveyard B3's Untap step
Phase: Ai(4)-Meren Graveyard B3's Upkeep step
Phase: Ai(4)-Meren Graveyard B3's Draw step
Phase: Ai(4)-Meren Graveyard B3's Main phase, precombat
Land: Ai(4)-Meren Graveyard B3 played Forest (366)
Phase: Ai(4)-Meren Graveyard B3's Beginning of Combat Step
Phase: Ai(4)-Meren Graveyard B3's Declare Attackers Step
Phase: Ai(4)-Meren Graveyard B3's Declare Blockers Step
Phase: Ai(4)-Meren Graveyard B3's First Strike Damage Step
Phase: Ai(4)-Meren Graveyard B3's Combat Damage Step
Phase: Ai(4)-Meren Graveyard B3's End of Combat Step
Phase: Ai(4)-Meren Graveyard B3's Main phase, postcombat
Mana: Swamp (390) - {T}: Add {B}.
Mana: Forest (368) - {T}: Add {G}.
Mana: Forest (370) - {T}: Add {G}.
Mana: Forest (366) - {T}: Add {G}.
Add To Stack: Ai(4)-Meren Graveyard B3 cast Pitiless Plunderer
Resolve Stack: Pitiless Plunderer - Creature 1 / 4
Phase: Ai(4)-Meren Graveyard B3's End step
Phase: Ai(4)-Meren Graveyard B3's Cleanup step
Turn: Turn 20 (Ai(1)-Ur-Dragon B3)
Phase: Ai(1)-Ur-Dragon B3's Untap step
Phase: Ai(1)-Ur-Dragon B3's Upkeep step
Phase: Ai(1)-Ur-Dragon B3's Draw step
Phase: Ai(1)-Ur-Dragon B3's Main phase, precombat
Land: Ai(1)-Ur-Dragon B3 played Plains (42)
Mana: Sandsteppe Citadel (11) - {T}: Add {W}, {B}, or {G}.
Mana: Mountain (80) - {T}: Add {R}.
Mana: Island (55) - {T}: Add {U}.
Mana: Plains (42) - {T}: Add {W}.
Mana: Seaside Citadel (74) - {T}: Add {G}, {W}, or {U}.
Add To Stack: Ai(1)-Ur-Dragon B3 cast Dragonlord Kolaghan
Resolve Stack: Dragonlord Kolaghan - Creature 6 / 5
Phase: Ai(1)-Ur-Dragon B3's Beginning of Combat Step
Phase: Ai(1)-Ur-Dragon B3's Declare Attackers Step
Phase: Ai(1)-Ur-Dragon B3's Declare Blockers Step
Phase: Ai(1)-Ur-Dragon B3's First Strike Damage Step
Phase: Ai(1)-Ur-Dragon B3's Combat Damage Step
Phase: Ai(1)-Ur-Dragon B3's End of Combat Step
Phase: Ai(1)-Ur-Dragon B3's Main phase, postcombat
Phase: Ai(1)-Ur-Dragon B3's End step
Phase: Ai(1)-Ur-Dragon B3's Cleanup step
Turn: Turn 21 (Ai(2)-Kilo Helm B3)
Phase: Ai(2)-Kilo Helm B3's Untap step
Phase: Ai(2)-Kilo Helm B3's Upkeep step
Phase: Ai(2)-Kilo Helm B3's Draw step
Phase: Ai(2)-Kilo Helm B3's Main phase, precombat
Land: Ai(2)-Kilo Helm B3 played Island (165)
Phase: Ai(2)-Kilo Helm B3's Beginning of Combat Step
Phase: Ai(2)-Kilo Helm B3's Declare Attackers Step
Phase: Ai(2)-Kilo Helm B3's Declare Blockers Step
Phase: Ai(2)-Kilo Helm B3's First Strike Damage Step
Phase: Ai(2)-Kilo Helm B3's Combat Damage Step
Phase: Ai(2)-Kilo Helm B3's End of Combat Step
Phase: Ai(2)-Kilo Helm B3's Main phase, postcombat
Mana: Exotic Orchard (200) - {T}: Add one mana of any color that a land an opponent controls could produce.
Mana: Mountain (187) - {T}: Add {R}.
Mana: Island (165) - {T}: Add {U}.
Add To Stack: Ai(2)-Kilo Helm B3 cast Flux Channeler
Resolve Stack: Flux Channeler - Creature 2 / 2
Mana: Glittering Massif (147) - {T}: Add {R}.
Mana: Command Tower (109) - {T}: Add one mana of any color in your commander's color identity.
Mana: Adagia, Windswept Bastion (160) - {T}: Add {W}.
Add To Stack: Ai(2)-Kilo Helm B3 cast Cloud Key
Add To Stack: Ai(2)-Kilo Helm B3 triggered Flux Channeler
Replacement Effect: If you would proliferate, proliferate twice instead.
Resolve Stack: Whenever you cast a noncreature spell, proliferate. (Choose any number of permanents and/or players, then give each another counter of each kind already there.) [Card: Cloud Key (159), Activator: Ai(2)-Kilo Helm B3, SpellAbility: Cloud Key]
Replacement Effect: As Cloud Key enters, choose artifact, creature, enchantment, instant, or sorcery.
Resolve Stack: Cloud Key
Phase: Ai(2)-Kilo Helm B3's End step
Phase: Ai(2)-Kilo Helm B3's Cleanup step
Turn: Turn 22 (Ai(3)-Atraxa Counters B3)
Phase: Ai(3)-Atraxa Counters B3's Untap step
Phase: Ai(3)-Atraxa Counters B3's Upkeep step
Phase: Ai(3)-Atraxa Counters B3's Draw step
Phase: Ai(3)-Atraxa Counters B3's Main phase, precombat
Mana: Opulent Palace (269) - {T}: Add {B}, {G}, or {U}.
Mana: Forest (258) - {T}: Add {G}.
Mana: Plains (252) - {T}: Add {W}.
Mana: Plains (253) - {T}: Add {W}.
Add To Stack: Ai(3)-Atraxa Counters B3 cast Master Biomancer
Add To Stack: Ai(3)-Atraxa Counters B3 triggered Inexorable Tide
Resolve Stack: Whenever you cast a spell, proliferate. [Card: Master Biomancer (209), Activator: Ai(3)-Atraxa Counters B3, SpellAbility: Master Biomancer - Creature 2 / 4]
Resolve Stack: Master Biomancer - Creature 2 / 4
Phase: Ai(3)-Atraxa Counters B3's Beginning of Combat Step
Phase: Ai(3)-Atraxa Counters B3's Declare Attackers Step
Combat: Ai(3)-Atraxa Counters B3 assigned Atraxa, Praetors' Voice (302) to attack Ai(2)-Kilo Helm B3.
Phase: Ai(3)-Atraxa Counters B3's Declare Blockers Step
Combat: Ai(2)-Kilo Helm B3 assigned Thrummingbird (114) and Tekuthal, Inquiry Dominus (131) to block Atraxa, Praetors' Voice (302).
Phase: Ai(3)-Atraxa Counters B3's First Strike Damage Step
Phase: Ai(3)-Atraxa Counters B3's Combat Damage Step
Damage: Atraxa, Praetors' Voice (302) deals 3 damage (Deathtouch) to Thrummingbird (114).
Damage: Atraxa, Praetors' Voice (302) deals 1 damage (Deathtouch) to Tekuthal, Inquiry Dominus (131).
Life: Life: Ai(3)-Atraxa Counters B3 48 > 52
Damage: Thrummingbird (114) deals 1 damage to Atraxa, Praetors' Voice (302).
Damage: Tekuthal, Inquiry Dominus (131) deals 3 damage to Atraxa, Praetors' Voice (302).
Zone Change: Atraxa, Praetors' Voice (302) was put into Graveyard from Battlefield.
Zone Change: Thrummingbird (114) was put into Graveyard from Battlefield.
Zone Change: Tekuthal, Inquiry Dominus (131) was put into Graveyard from Battlefield.
Phase: Ai(3)-Atraxa Counters B3's End of Combat Step
Phase: Ai(3)-Atraxa Counters B3's Main phase, postcombat
Phase: Ai(3)-Atraxa Counters B3's End step
Mana: Swamp (385) - {T}: Add {B}.
Add To Stack: Ai(4)-Meren Graveyard B3 activated Deathrite Shaman targeting [Read the Bones (315)]
Life: Life: Ai(3)-Atraxa Counters B3 52 > 50
Life: Life: Ai(1)-Ur-Dragon B3 40 > 38
Life: Life: Ai(2)-Kilo Helm B3 29 > 27
Resolve Stack: Deathrite Shaman (383) - Exile Read the Bones (315) from the graveyard. Ai(3)-Atraxa Counters B3, Ai(1)-Ur-Dragon B3 and Ai(2)-Kilo Helm B3 each lose 2 life.
Phase: Ai(3)-Atraxa Counters B3's Cleanup step
Turn: Turn 23 (Ai(4)-Meren Graveyard B3)
Phase: Ai(4)-Meren Graveyard B3's Untap step
Phase: Ai(4)-Meren Graveyard B3's Upkeep step
Phase: Ai(4)-Meren Graveyard B3's Draw step
Phase: Ai(4)-Meren Graveyard B3's Main phase, precombat
Land: Ai(4)-Meren Graveyard B3 played Grim Backwoods (357)
Mana: Swamp (390) - {T}: Add {B}.
Mana: Forest (368) - {T}: Add {G}.
Add To Stack: Ai(4)-Meren Graveyard B3 cast Animate Dead targeting [Tekuthal, Inquiry Dominus (131)]
Resolve Stack: Animate Dead (306) -  Attach to Tekuthal, Inquiry Dominus (131)
Add To Stack: Ai(4)-Meren Graveyard B3 triggered Animate Dead
Resolve Stack: When Animate Dead enters, if it's on the battlefield, it loses "enchant creature card in a graveyard" and gains "enchant creature put onto the battlefield with Animate Dead." Return enchanted creature card to the battlefield under your control and attach Animate Dead to it. When Animate Dead leaves the battlefield, that creature's controller sacrifices it. [Zone Changer: Animate Dead (306)]
Phase: Ai(4)-Meren Graveyard B3's Beginning of Combat Step
Phase: Ai(4)-Meren Graveyard B3's Declare Attackers Step
Combat: Ai(4)-Meren Graveyard B3 assigned Bird Token (406) to attack Ai(3)-Atraxa Counters B3.
Phase: Ai(4)-Meren Graveyard B3's Declare Blockers Step
Combat: Ai(3)-Atraxa Counters B3 didn't block Bird Token (406).
Phase: Ai(4)-Meren Graveyard B3's First Strike Damage Step
Phase: Ai(4)-Meren Graveyard B3's Combat Damage Step
Damage: Bird Token (406) deals 2 combat damage to Ai(3)-Atraxa Counters B3.
Life: Life: Ai(3)-Atraxa Counters B3 50 > 48
Phase: Ai(4)-Meren Graveyard B3's End of Combat Step
Phase: Ai(4)-Meren Graveyard B3's Main phase, postcombat
Mana: Swamp (385) - {T}: Add {B}.
Mana: Forest (370) - {T}: Add {G}.
Mana: Forest (366) - {T}: Add {G}.
Add To Stack: Ai(4)-Meren Graveyard B3 cast Bone Shredder
Resolve Stack: Bone Shredder - Creature 1 / 1
Add To Stack: Ai(4)-Meren Graveyard B3 triggered Bone Shredder targeting [Tuskguard Captain (247)]
Zone Change: Tuskguard Captain (247) was put into Graveyard from Battlefield.
Resolve Stack: When Bone Shredder enters, destroy target nonartifact, nonblack creature. (Targeting: [[Tuskguard Captain (247)]]) [Zone Changer: Bone Shredder (311)]
Phase: Ai(4)-Meren Graveyard B3's End step
Phase: Ai(4)-Meren Graveyard B3's Cleanup step
Turn: Turn 24 (Ai(1)-Ur-Dragon B3)
Phase: Ai(1)-Ur-Dragon B3's Untap step
Phase: Ai(1)-Ur-Dragon B3's Upkeep step
Phase: Ai(1)-Ur-Dragon B3's Draw step
Phase: Ai(1)-Ur-Dragon B3's Main phase, precombat
Land: Ai(1)-Ur-Dragon B3 played Evolving Wilds (28)
Zone Change: Evolving Wilds (28) was put into Graveyard from Battlefield.
Add To Stack: Ai(1)-Ur-Dragon B3 activated Evolving Wilds
Resolve Stack: Evolving Wilds (28) - Ai(1)-Ur-Dragon B3 searches their library for a basic land card, puts it onto the battlefield tapped, then shuffles.
Mana: Sandsteppe Citadel (11) - {T}: Add {W}, {B}, or {G}.
Mana: Island (55) - {T}: Add {U}.
Mana: Plains (42) - {T}: Add {W}.
Mana: Mountain (80) - {T}: Add {R}.
Mana: Seaside Citadel (74) - {T}: Add {G}, {W}, or {U}.
Add To Stack: Ai(1)-Ur-Dragon B3 cast Silumgar, the Drifting Death
Resolve Stack: Silumgar, the Drifting Death - Creature 3 / 7
Phase: Ai(1)-Ur-Dragon B3's Beginning of Combat Step
Phase: Ai(1)-Ur-Dragon B3's Declare Attackers Step
Combat: Ai(1)-Ur-Dragon B3 assigned Dragonlord Kolaghan (32) to attack Ai(4)-Meren Graveyard B3.
Add To Stack: Ai(1)-Ur-Dragon B3 triggered Silumgar, the Drifting Death
Resolve Stack: Whenever a Dragon you control attacks, creatures defending player control each get -1/-1 until end of turn. [Attacker: Dragonlord Kolaghan (32)]
Zone Change: Bone Shredder (311) was put into Graveyard from Battlefield.
Add To Stack: Ai(4)-Meren Graveyard B3 triggered Meren of Clan Nel Toth
Add To Stack: Ai(4)-Meren Graveyard B3 triggered Pitiless Plunderer
Resolve Stack: Whenever another creature you control dies, create a Treasure token. [Zone Changer: Bone Shredder (311)]
Resolve Stack: Whenever another creature you control dies, you get an experience counter. [Zone Changer: Bone Shredder (311)]
Phase: Ai(1)-Ur-Dragon B3's Declare Blockers Step
Combat: Ai(4)-Meren Graveyard B3 didn't block Dragonlord Kolaghan (32).
Phase: Ai(1)-Ur-Dragon B3's First Strike Damage Step
Phase: Ai(1)-Ur-Dragon B3's Combat Damage Step
Damage: Dragonlord Kolaghan (32) deals 6 combat damage to Ai(4)-Meren Graveyard B3.
Life: Life: Ai(4)-Meren Graveyard B3 37 > 31
Phase: Ai(1)-Ur-Dragon B3's End of Combat Step
Phase: Ai(1)-Ur-Dragon B3's Main phase, postcombat
Phase: Ai(1)-Ur-Dragon B3's End step
Phase: Ai(1)-Ur-Dragon B3's Cleanup step
Turn: Turn 25 (Ai(2)-Kilo Helm B3)
Phase: Ai(2)-Kilo Helm B3's Untap step
Phase: Ai(2)-Kilo Helm B3's Upkeep step
Phase: Ai(2)-Kilo Helm B3's Draw step
Phase: Ai(2)-Kilo Helm B3's Main phase, precombat
Mana: Exotic Orchard (200) - {T}: Add one mana of any color that a land an opponent controls could produce.
Mana: Mountain (187) - {T}: Add {R}.
Mana: Island (165) - {T}: Add {U}.
Mana: Glittering Massif (147) - {T}: Add {R}.
Add To Stack: Ai(2)-Kilo Helm B3 activated Adagia, Windswept Bastion targeting [Cloud Key (159)]
Replacement Effect: As Cloud Key enters, choose artifact, creature, enchantment, instant, or sorcery.
Resolve Stack: Adagia, Windswept Bastion (160) - Ai(2)-Kilo Helm B3 creates a token that's a copy of Cloud Key (159).
Phase: Ai(2)-Kilo Helm B3's Beginning of Combat Step
Phase: Ai(2)-Kilo Helm B3's Declare Attackers Step
Phase: Ai(2)-Kilo Helm B3's Declare Blockers Step
Phase: Ai(2)-Kilo Helm B3's First Strike Damage Step
Phase: Ai(2)-Kilo Helm B3's Combat Damage Step
Phase: Ai(2)-Kilo Helm B3's End of Combat Step
Phase: Ai(2)-Kilo Helm B3's Main phase, postcombat
Mana: Command Tower (109) - {T}: Add one mana of any color in your commander's color identity.
Add To Stack: Ai(2)-Kilo Helm B3 cast Patrolling Peacemaker
Replacement Effect: Patrolling Peacemaker enters with two +1/+1 counters on it.
Resolve Stack: Patrolling Peacemaker - Creature 0 / 0
Phase: Ai(2)-Kilo Helm B3's End step
Phase: Ai(2)-Kilo Helm B3's Cleanup step
Turn: Turn 26 (Ai(3)-Atraxa Counters B3)
Phase: Ai(3)-Atraxa Counters B3's Untap step
Phase: Ai(3)-Atraxa Counters B3's Upkeep step
Phase: Ai(3)-Atraxa Counters B3's Draw step
Phase: Ai(3)-Atraxa Counters B3's Main phase, precombat
Land: Ai(3)-Atraxa Counters B3 played Llanowar Wastes (272)
Mana: Plains (252) - {T}: Add {W}.
Mana: Plains (253) - {T}: Add {W}.
Mana: Forest (258) - {T}: Add {G}.
Mana: Opulent Palace (269) - {T}: Add {B}, {G}, or {U}.
Mana: Llanowar Wastes (272) - {T}: Add {C}.
Add To Stack: Ai(3)-Atraxa Counters B3 cast Cathars' Crusade
Add To Stack: Ai(3)-Atraxa Counters B3 triggered Inexorable Tide
Resolve Stack: Whenever you cast a spell, proliferate. [Card: Cathars' Crusade (243), Activator: Ai(3)-Atraxa Counters B3, SpellAbility: Cathars' Crusade]
Resolve Stack: Cathars' Crusade
Phase: Ai(3)-Atraxa Counters B3's Beginning of Combat Step
Phase: Ai(3)-Atraxa Counters B3's Declare Attackers Step
Phase: Ai(3)-Atraxa Counters B3's Declare Blockers Step
Phase: Ai(3)-Atraxa Counters B3's First Strike Damage Step
Phase: Ai(3)-Atraxa Counters B3's Combat Damage Step
Phase: Ai(3)-Atraxa Counters B3's End of Combat Step
Phase: Ai(3)-Atraxa Counters B3's Main phase, postcombat
Phase: Ai(3)-Atraxa Counters B3's End step
Add To Stack: Ai(4)-Meren Graveyard B3 activated Deathrite Shaman targeting [Evolving Wilds (28)]
Add To Stack: Ai(2)-Kilo Helm B3 triggered Patrolling Peacemaker
Resolve Stack: Whenever an opponent commits a crime, proliferate. (They commit a crime if they target an opponent, anything an opponent controls, and/or cards in an opponent's graveyard. To proliferate, you choose any number of permanents and/or players, then give each another counter of each kind already there.) [Player: Ai(4)-Meren Graveyard B3]
Resolve Stack: Deathrite Shaman (383) - Exile Evolving Wilds (28) from the graveyard. Ai(4)-Meren Graveyard B3 adds mana.
Phase: Ai(3)-Atraxa Counters B3's Cleanup step
Turn: Turn 27 (Ai(4)-Meren Graveyard B3)
Phase: Ai(4)-Meren Graveyard B3's Untap step
Phase: Ai(4)-Meren Graveyard B3's Upkeep step
Phase: Ai(4)-Meren Graveyard B3's Draw step
Phase: Ai(4)-Meren Graveyard B3's Main phase, precombat
Land: Ai(4)-Meren Graveyard B3 played Exotic Orchard (401)
Phase: Ai(4)-Meren Graveyard B3's Beginning of Combat Step
Phase: Ai(4)-Meren Graveyard B3's Declare Attackers Step
Combat: Ai(4)-Meren Graveyard B3 assigned Bird Token (406) and Tekuthal, Inquiry Dominus (131) to attack Ai(3)-Atraxa Counters B3.
Phase: Ai(4)-Meren Graveyard B3's Declare Blockers Step
Combat: Ai(3)-Atraxa Counters B3 didn't block Bird Token (406).
Ai(3)-Atraxa Counters B3 didn't block Tekuthal, Inquiry Dominus (131).
Phase: Ai(4)-Meren Graveyard B3's First Strike Damage Step
Phase: Ai(4)-Meren Graveyard B3's Combat Damage Step
Damage: Bird Token (406) deals 2 combat damage to Ai(3)-Atraxa Counters B3.
Damage: Tekuthal, Inquiry Dominus (131) deals 2 combat damage to Ai(3)-Atraxa Counters B3.
Life: Life: Ai(3)-Atraxa Counters B3 48 > 44
Phase: Ai(4)-Meren Graveyard B3's End of Combat Step
Phase: Ai(4)-Meren Graveyard B3's Main phase, postcombat
Mana: Swamp (390) - {T}: Add {B}.
Mana: Swamp (385) - {T}: Add {B}.
Mana: Exotic Orchard (401) - {T}: Add one mana of any color that a land an opponent controls could produce.
Mana: Forest (368) - {T}: Add {G}.
Add To Stack: Ai(4)-Meren Graveyard B3 cast Golgari Findbroker
Resolve Stack: Golgari Findbroker - Creature 3 / 4
Add To Stack: Ai(4)-Meren Graveyard B3 triggered Golgari Findbroker targeting [Bone Shredder (311)]
Resolve Stack: When Golgari Findbroker enters, return target permanent card from your graveyard to your hand. (Targeting: [[Bone Shredder (311)]]) [Zone Changer: Golgari Findbroker (334)]
Zone Change: Treasure Token (409) was put into Graveyard from Battlefield.
Mana: Treasure Token (409) - {T}, Sacrifice this token: Add one mana of any color.
Mana: Forest (370) - {T}: Add {G}.
Mana: Forest (366) - {T}: Add {G}.
Add To Stack: Ai(4)-Meren Graveyard B3 cast Bone Shredder
Resolve Stack: Bone Shredder - Creature 1 / 1
Add To Stack: Ai(4)-Meren Graveyard B3 triggered Bone Shredder targeting [Master Biomancer (209)]
Add To Stack: Ai(2)-Kilo Helm B3 triggered Patrolling Peacemaker
Resolve Stack: Whenever an opponent commits a crime, proliferate. (They commit a crime if they target an opponent, anything an opponent controls, and/or cards in an opponent's graveyard. To proliferate, you choose any number of permanents and/or players, then give each another counter of each kind already there.) [Player: Ai(4)-Meren Graveyard B3]
Zone Change: Master Biomancer (209) was put into Graveyard from Battlefield.
Resolve Stack: When Bone Shredder enters, destroy target nonartifact, nonblack creature. (Targeting: [[Master Biomancer (209)]]) [Zone Changer: Bone Shredder (311)]
Phase: Ai(4)-Meren Graveyard B3's End step
Phase: Ai(4)-Meren Graveyard B3's Cleanup step
Turn: Turn 28 (Ai(1)-Ur-Dragon B3)
Phase: Ai(1)-Ur-Dragon B3's Untap step
Phase: Ai(1)-Ur-Dragon B3's Upkeep step
Phase: Ai(1)-Ur-Dragon B3's Draw step
Phase: Ai(1)-Ur-Dragon B3's Main phase, precombat
Mana: Mountain (80) - {T}: Add {R}.
Mana: Sandsteppe Citadel (11) - {T}: Add {W}, {B}, or {G}.
Mana: Island (55) - {T}: Add {U}.
Mana: Swamp (93) - {T}: Add {B}.
Mana: Plains (42) - {T}: Add {W}.
Mana: Seaside Citadel (74) - {T}: Add {G}, {W}, or {U}.
Add To Stack: Ai(1)-Ur-Dragon B3 cast Dragonlord Atarka
Resolve Stack: Dragonlord Atarka - Creature 8 / 8
Add To Stack: Ai(1)-Ur-Dragon B3 triggered Dragonlord Atarka targeting [Patrolling Peacemaker (176), Tekuthal, Inquiry Dominus (131)]
Add To Stack: Ai(2)-Kilo Helm B3 triggered Patrolling Peacemaker
Resolve Stack: Whenever an opponent commits a crime, proliferate. (They commit a crime if they target an opponent, anything an opponent controls, and/or cards in an opponent's graveyard. To proliferate, you choose any number of permanents and/or players, then give each another counter of each kind already there.) [Player: Ai(1)-Ur-Dragon B3]
Damage: Dragonlord Atarka (58) deals 4 damage to Patrolling Peacemaker (176).
Damage: Dragonlord Atarka (58) deals 1 damage to Tekuthal, Inquiry Dominus (131).
Resolve Stack: When Dragonlord Atarka enters, it deals 5 damage divided as you choose among any number of target creatures and/or planeswalkers your opponents control. (Targeting: [[Patrolling Peacemaker (176), Tekuthal, Inquiry Dominus (131)]]) [Zone Changer: Dragonlord Atarka (58)]
Phase: Ai(1)-Ur-Dragon B3's Beginning of Combat Step
Phase: Ai(1)-Ur-Dragon B3's Declare Attackers Step
Combat: Ai(1)-Ur-Dragon B3 assigned Silumgar, the Drifting Death (1), Dragonlord Atarka (58) and Dragonlord Kolaghan (32) to attack Ai(4)-Meren Graveyard B3.
Add To Stack: Ai(1)-Ur-Dragon B3 triggered Silumgar, the Drifting Death
Add To Stack: Ai(1)-Ur-Dragon B3 triggered Silumgar, the Drifting Death
Add To Stack: Ai(1)-Ur-Dragon B3 triggered Silumgar, the Drifting Death
Resolve Stack: Whenever a Dragon you control attacks, creatures defending player control each get -1/-1 until end of turn. [Attacker: Dragonlord Kolaghan (32)]
Zone Change: Bone Shredder (311) was put into Graveyard from Battlefield.
Add To Stack: Ai(4)-Meren Graveyard B3 triggered Meren of Clan Nel Toth
Add To Stack: Ai(4)-Meren Graveyard B3 triggered Pitiless Plunderer
Resolve Stack: Whenever another creature you control dies, create a Treasure token. [Zone Changer: Bone Shredder (311)]
Resolve Stack: Whenever another creature you control dies, you get an experience counter. [Zone Changer: Bone Shredder (311)]
Resolve Stack: Whenever a Dragon you control attacks, creatures defending player control each get -1/-1 until end of turn. [Attacker: Dragonlord Atarka (58)]
Zone Change: Deathrite Shaman (383) was put into Graveyard from Battlefield.
Zone Change: Bird Token (406) was put into Graveyard from Battlefield.
Add To Stack: Ai(4)-Meren Graveyard B3 triggered Meren of Clan Nel Toth
Add To Stack: Ai(4)-Meren Graveyard B3 triggered Meren of Clan Nel Toth
Add To Stack: Ai(4)-Meren Graveyard B3 triggered Pitiless Plunderer
Add To Stack: Ai(4)-Meren Graveyard B3 triggered Pitiless Plunderer
Resolve Stack: Whenever another creature you control dies, create a Treasure token. [Zone Changer: Bird Token (406)]
Resolve Stack: Whenever another creature you control dies, create a Treasure token. [Zone Changer: Deathrite Shaman (383)]
Resolve Stack: Whenever another creature you control dies, you get an experience counter. [Zone Changer: Bird Token (406)]
Resolve Stack: Whenever another creature you control dies, you get an experience counter. [Zone Changer: Deathrite Shaman (383)]
Resolve Stack: Whenever a Dragon you control attacks, creatures defending player control each get -1/-1 until end of turn. [Attacker: Silumgar, the Drifting Death (1)]
Phase: Ai(1)-Ur-Dragon B3's Declare Blockers Step
Combat: Ai(4)-Meren Graveyard B3 didn't block Silumgar, the Drifting Death (1).
Ai(4)-Meren Graveyard B3 didn't block Dragonlord Atarka (58).
Ai(4)-Meren Graveyard B3 didn't block Dragonlord Kolaghan (32).
Phase: Ai(1)-Ur-Dragon B3's First Strike Damage Step
Phase: Ai(1)-Ur-Dragon B3's Combat Damage Step
Damage: Silumgar, the Drifting Death (1) deals 3 combat damage to Ai(4)-Meren Graveyard B3.
Damage: Dragonlord Atarka (58) deals 8 combat damage to Ai(4)-Meren Graveyard B3.
Damage: Dragonlord Kolaghan (32) deals 6 combat damage to Ai(4)-Meren Graveyard B3.
Life: Life: Ai(4)-Meren Graveyard B3 31 > 14
Phase: Ai(1)-Ur-Dragon B3's End of Combat Step
Phase: Ai(1)-Ur-Dragon B3's Main phase, postcombat
Replacement Effect: Crumbling Necropolis enters tapped.
Land: Ai(1)-Ur-Dragon B3 played Crumbling Necropolis (37)
Phase: Ai(1)-Ur-Dragon B3's End step
Phase: Ai(1)-Ur-Dragon B3's Cleanup step
Turn: Turn 29 (Ai(2)-Kilo Helm B3)
Phase: Ai(2)-Kilo Helm B3's Untap step
Phase: Ai(2)-Kilo Helm B3's Upkeep step
Phase: Ai(2)-Kilo Helm B3's Draw step
Phase: Ai(2)-Kilo Helm B3's Main phase, precombat
Mana: Exotic Orchard (200) - {T}: Add one mana of any color that a land an opponent controls could produce.
Mana: Mountain (187) - {T}: Add {R}.
Mana: Island (165) - {T}: Add {U}.
Mana: Glittering Massif (147) - {T}: Add {R}.
Add To Stack: Ai(2)-Kilo Helm B3 activated Adagia, Windswept Bastion targeting [Patrolling Peacemaker (176)]
Replacement Effect: Patrolling Peacemaker enters with two +1/+1 counters on it.
Resolve Stack: Adagia, Windswept Bastion (160) - Ai(2)-Kilo Helm B3 creates a token that's a copy of Patrolling Peacemaker (176).
Phase: Ai(2)-Kilo Helm B3's Beginning of Combat Step
Phase: Ai(2)-Kilo Helm B3's Declare Attackers Step
Combat: Ai(2)-Kilo Helm B3 assigned Patrolling Peacemaker (176), Kilo, Apogee Mind (201) and Flux Channeler (135) to attack Ai(1)-Ur-Dragon B3.
Add To Stack: Ai(2)-Kilo Helm B3 triggered Kilo, Apogee Mind
Resolve Stack: Whenever Kilo becomes tapped, proliferate. (Choose any number of permanents and/or players, then give each another counter of each kind already there.) [Tapped: Kilo, Apogee Mind (201)]
Phase: Ai(2)-Kilo Helm B3's Declare Blockers Step
Combat: Ai(1)-Ur-Dragon B3 didn't block Patrolling Peacemaker (176).
Ai(1)-Ur-Dragon B3 didn't block Kilo, Apogee Mind (201).
Ai(1)-Ur-Dragon B3 didn't block Flux Channeler (135).
Phase: Ai(2)-Kilo Helm B3's First Strike Damage Step
Phase: Ai(2)-Kilo Helm B3's Combat Damage Step
Damage: Patrolling Peacemaker (176) deals 6 combat damage to Ai(1)-Ur-Dragon B3.
Damage: Kilo, Apogee Mind (201) deals 3 combat damage to Ai(1)-Ur-Dragon B3.
Damage: Flux Channeler (135) deals 2 combat damage to Ai(1)-Ur-Dragon B3.
Life: Life: Ai(1)-Ur-Dragon B3 38 > 27
Phase: Ai(2)-Kilo Helm B3's End of Combat Step
Phase: Ai(2)-Kilo Helm B3's Main phase, postcombat
Phase: Ai(2)-Kilo Helm B3's End step
Phase: Ai(2)-Kilo Helm B3's Cleanup step
Turn: Turn 30 (Ai(3)-Atraxa Counters B3)
Phase: Ai(3)-Atraxa Counters B3's Untap step
Phase: Ai(3)-Atraxa Counters B3's Upkeep step
Phase: Ai(3)-Atraxa Counters B3's Draw step
Phase: Ai(3)-Atraxa Counters B3's Main phase, precombat
Land: Ai(3)-Atraxa Counters B3 played Adarkar Wastes (297)
Mana: Opulent Palace (269) - {T}: Add {B}, {G}, or {U}.
Mana: Arcane Signet (294) - {T}: Add one mana of any color in your commander's color identity.
Mana: Plains (252) - {T}: Add {W}.
Mana: Forest (258) - {T}: Add {G}.
Mana: Plains (253) - {T}: Add {W}.
Mana: Adarkar Wastes (297) - {T}: Add {C}.
Add To Stack: Ai(3)-Atraxa Counters B3 cast Atraxa, Praetors' Voice
Add To Stack: Ai(3)-Atraxa Counters B3 triggered Inexorable Tide
Resolve Stack: Whenever you cast a spell, proliferate. [Card: Atraxa, Praetors' Voice (302), Activator: Ai(3)-Atraxa Counters B3, SpellAbility: Atraxa, Praetors' Voice - Creature 4 / 4]
Resolve Stack: Atraxa, Praetors' Voice - Creature 4 / 4
Add To Stack: Ai(3)-Atraxa Counters B3 triggered Cathars' Crusade
Resolve Stack: Whenever a creature you control enters, put a +1/+1 counter on each creature you control. [Zone Changer: Atraxa, Praetors' Voice (302)]
Add To Stack: Ai(3)-Atraxa Counters B3 triggered Simic Ascendancy
Resolve Stack: Whenever one or more +1/+1 counters are put on a creature you control, put that many growth counters on Simic Ascendancy. [Added once: Atraxa, Praetors' Voice (302) Amount: 1]
Phase: Ai(3)-Atraxa Counters B3's Beginning of Combat Step
Phase: Ai(3)-Atraxa Counters B3's Declare Attackers Step
Phase: Ai(3)-Atraxa Counters B3's Declare Blockers Step
Phase: Ai(3)-Atraxa Counters B3's First Strike Damage Step
Phase: Ai(3)-Atraxa Counters B3's Combat Damage Step
Phase: Ai(3)-Atraxa Counters B3's End of Combat Step
Phase: Ai(3)-Atraxa Counters B3's Main phase, postcombat
Phase: Ai(3)-Atraxa Counters B3's End step
Add To Stack: Ai(3)-Atraxa Counters B3 triggered Atraxa, Praetors' Voice
Resolve Stack: At the beginning of your end step, proliferate. (Choose any number of permanents and/or players, then give each another counter of each kind already there.) [Phase: Ai(3)-Atraxa Counters B3]
Add To Stack: Ai(3)-Atraxa Counters B3 triggered Simic Ascendancy
Resolve Stack: Whenever one or more +1/+1 counters are put on a creature you control, put that many growth counters on Simic Ascendancy. [Added once: Atraxa, Praetors' Voice (302) Amount: 1]
Phase: Ai(3)-Atraxa Counters B3's Cleanup step
Turn: Turn 31 (Ai(4)-Meren Graveyard B3)
Phase: Ai(4)-Meren Graveyard B3's Untap step
Phase: Ai(4)-Meren Graveyard B3's Upkeep step
Phase: Ai(4)-Meren Graveyard B3's Draw step
Phase: Ai(4)-Meren Graveyard B3's Main phase, precombat
Mana: Swamp (390) - {T}: Add {B}.
Mana: Swamp (385) - {T}: Add {B}.
Mana: Forest (368) - {T}: Add {G}.
Mana: Forest (370) - {T}: Add {G}.
Add To Stack: Ai(4)-Meren Graveyard B3 cast Damnation
Mana: Command Tower (109) - {T}: Add one mana of any color in your commander's color identity.
Add To Stack: Ai(2)-Kilo Helm B3 cast An Offer You Can't Refuse targeting [Destroy all creatures. They can't be regenerated.]
Add To Stack: Ai(2)-Kilo Helm B3 triggered Flux Channeler
Resolve Stack: Whenever you cast a noncreature spell, proliferate. (Choose any number of permanents and/or players, then give each another counter of each kind already there.) [Card: An Offer You Can't Refuse (193), Activator: Ai(2)-Kilo Helm B3, SpellAbility: Counter target noncreature spell. Its controller creates two Treasure tokens. (They're artifacts with "{T}, Sacrifice this artifact: Add one mana of any color.")]
Zone Change: Send countered spell to Graveyard
Resolve Stack: An Offer You Can't Refuse (193) - Counter Damnation (324). Its controller creates two Treasure tokens.
Phase: Ai(4)-Meren Graveyard B3's Beginning of Combat Step
Phase: Ai(4)-Meren Graveyard B3's Declare Attackers Step
Combat: Ai(4)-Meren Graveyard B3 assigned Meren of Clan Nel Toth (403) and Golgari Findbroker (334) to attack Ai(1)-Ur-Dragon B3.
Phase: Ai(4)-Meren Graveyard B3's Declare Blockers Step
Combat: Ai(1)-Ur-Dragon B3 didn't block Meren of Clan Nel Toth (403).
Ai(1)-Ur-Dragon B3 didn't block Golgari Findbroker (334).
Phase: Ai(4)-Meren Graveyard B3's First Strike Damage Step
Phase: Ai(4)-Meren Graveyard B3's Combat Damage Step
Damage: Meren of Clan Nel Toth (403) deals 3 combat damage to Ai(1)-Ur-Dragon B3.
Damage: Golgari Findbroker (334) deals 3 combat damage to Ai(1)-Ur-Dragon B3.
Life: Life: Ai(1)-Ur-Dragon B3 27 > 21
Phase: Ai(4)-Meren Graveyard B3's End of Combat Step
Phase: Ai(4)-Meren Graveyard B3's Main phase, postcombat
Replacement Effect: Temple of Malady enters tapped.
Land: Ai(4)-Meren Graveyard B3 played Temple of Malady (325)
Add To Stack: Ai(4)-Meren Graveyard B3 triggered Temple of Malady
Resolve Stack: Ai(4)-Meren Graveyard B3 scried 1 card(s) to the bottom of the library
Resolve Stack: When Temple of Malady enters, scry 1. [Zone Changer: Temple of Malady (325)]
Phase: Ai(4)-Meren Graveyard B3's End step
Add To Stack: Ai(4)-Meren Graveyard B3 triggered Meren of Clan Nel Toth targeting [Bone Shredder (311)]
Resolve Stack: At the beginning of your end step, choose target creature card in your graveyard. If that card's mana value is less than or equal to the number of experience counters you have, return it to the battlefield. Otherwise, put it into your hand. (Targeting: [[Bone Shredder (311)]]) [Phase: Ai(4)-Meren Graveyard B3]
Add To Stack: Ai(4)-Meren Graveyard B3 triggered Bone Shredder targeting [Dragonlord Atarka (58)]
Add To Stack: Ai(2)-Kilo Helm B3 triggered Patrolling Peacemaker
Add To Stack: Ai(2)-Kilo Helm B3 triggered Patrolling Peacemaker
Resolve Stack: Whenever an opponent commits a crime, proliferate. (They commit a crime if they target an opponent, anything an opponent controls, and/or cards in an opponent's graveyard. To proliferate, you choose any number of permanents and/or players, then give each another counter of each kind already there.) [Player: Ai(4)-Meren Graveyard B3]
Resolve Stack: Whenever an opponent commits a crime, proliferate. (They commit a crime if they target an opponent, anything an opponent controls, and/or cards in an opponent's graveyard. To proliferate, you choose any number of permanents and/or players, then give each another counter of each kind already there.) [Player: Ai(4)-Meren Graveyard B3]
Zone Change: Dragonlord Atarka (58) was put into Graveyard from Battlefield.
Resolve Stack: When Bone Shredder enters, destroy target nonartifact, nonblack creature. (Targeting: [[Dragonlord Atarka (58)]]) [Zone Changer: Bone Shredder (311)]
Phase: Ai(4)-Meren Graveyard B3's Cleanup step
Turn: Turn 32 (Ai(1)-Ur-Dragon B3)
Phase: Ai(1)-Ur-Dragon B3's Untap step
Phase: Ai(1)-Ur-Dragon B3's Upkeep step
Phase: Ai(1)-Ur-Dragon B3's Draw step
Phase: Ai(1)-Ur-Dragon B3's Main phase, precombat
Mana: Mountain (80) - {T}: Add {R}.
Mana: Crumbling Necropolis (37) - {T}: Add {U}, {B}, or {R}.
Mana: Island (55) - {T}: Add {U}.
Mana: Swamp (93) - {T}: Add {B}.
Mana: Plains (42) - {T}: Add {W}.
Mana: Sandsteppe Citadel (11) - {T}: Add {W}, {B}, or {G}.
Add To Stack: Ai(1)-Ur-Dragon B3 cast Balefire Dragon
Resolve Stack: Balefire Dragon - Creature 6 / 6
Phase: Ai(1)-Ur-Dragon B3's Beginning of Combat Step
Phase: Ai(1)-Ur-Dragon B3's Declare Attackers Step
Combat: Ai(1)-Ur-Dragon B3 assigned Dragonlord Kolaghan (32) and Balefire Dragon (19) to attack Ai(4)-Meren Graveyard B3.
Add To Stack: Ai(1)-Ur-Dragon B3 triggered Silumgar, the Drifting Death
Add To Stack: Ai(1)-Ur-Dragon B3 triggered Silumgar, the Drifting Death
Resolve Stack: Whenever a Dragon you control attacks, creatures defending player control each get -1/-1 until end of turn. [Attacker: Balefire Dragon (19)]
Zone Change: Bone Shredder (311) was put into Graveyard from Battlefield.
Add To Stack: Ai(4)-Meren Graveyard B3 triggered Meren of Clan Nel Toth
Add To Stack: Ai(4)-Meren Graveyard B3 triggered Pitiless Plunderer
Resolve Stack: Whenever another creature you control dies, create a Treasure token. [Zone Changer: Bone Shredder (311)]
Resolve Stack: Whenever another creature you control dies, you get an experience counter. [Zone Changer: Bone Shredder (311)]
Resolve Stack: Whenever a Dragon you control attacks, creatures defending player control each get -1/-1 until end of turn. [Attacker: Dragonlord Kolaghan (32)]
Phase: Ai(1)-Ur-Dragon B3's Declare Blockers Step
Combat: Ai(4)-Meren Graveyard B3 assigned Tekuthal, Inquiry Dominus (131) to block Dragonlord Kolaghan (32).
Ai(4)-Meren Graveyard B3 didn't block Balefire Dragon (19).
Mana: Exotic Orchard (401) - {T}: Add one mana of any color that a land an opponent controls could produce.
Mana: Forest (366) - {T}: Add {G}.
Zone Change: Treasure Token (428) was put into Graveyard from Battlefield.
Mana: Treasure Token (428) - {T}, Sacrifice this token: Add one mana of any color.
Zone Change: Treasure Token (425) was put into Graveyard from Battlefield.
Mana: Treasure Token (425) - {T}, Sacrifice this token: Add one mana of any color.
Zone Change: Tekuthal, Inquiry Dominus (131) was put into Graveyard from Battlefield.
Add To Stack: Ai(4)-Meren Graveyard B3 activated Grim Backwoods
Zone Change: Animate Dead (306) was put into Graveyard from Battlefield.
Add To Stack: Ai(4)-Meren Graveyard B3 triggered Animate Dead
Add To Stack: Ai(4)-Meren Graveyard B3 triggered Meren of Clan Nel Toth
Add To Stack: Ai(4)-Meren Graveyard B3 triggered Pitiless Plunderer
Resolve Stack: Whenever another creature you control dies, create a Treasure token. [Zone Changer: Tekuthal, Inquiry Dominus (131)]
Resolve Stack: Whenever another creature you control dies, you get an experience counter. [Zone Changer: Tekuthal, Inquiry Dominus (131)]
Resolve Stack: When Animate Dead leaves the battlefield, that creature's controller sacrifices it. ([Tekuthal, Inquiry Dominus (131)]) [Zone Changer: Animate Dead (306)]
Resolve Stack: Grim Backwoods (357) - Ai(4)-Meren Graveyard B3 draws a card.
Phase: Ai(1)-Ur-Dragon B3's First Strike Damage Step
Phase: Ai(1)-Ur-Dragon B3's Combat Damage Step
Damage: Balefire Dragon (19) deals 6 combat damage to Ai(4)-Meren Graveyard B3.
Life: Life: Ai(4)-Meren Graveyard B3 14 > 8
Add To Stack: Ai(1)-Ur-Dragon B3 triggered Balefire Dragon
Damage: Balefire Dragon (19) deals 6 damage to Meren of Clan Nel Toth (403).
Damage: Balefire Dragon (19) deals 6 damage to Pitiless Plunderer (400).
Damage: Balefire Dragon (19) deals 6 damage to Golgari Findbroker (334).
Resolve Stack: Whenever Balefire Dragon deals combat damage to a player, it deals that much damage to each creature that player controls. [Damage Source: Balefire Dragon (19), Damaged: Ai(4)-Meren Graveyard B3, Amount: 6]
Zone Change: Meren of Clan Nel Toth (403) was put into Graveyard from Battlefield.
Zone Change: Pitiless Plunderer (400) was put into Graveyard from Battlefield.
Zone Change: Golgari Findbroker (334) was put into Graveyard from Battlefield.
Add To Stack: Ai(4)-Meren Graveyard B3 triggered Meren of Clan Nel Toth
Add To Stack: Ai(4)-Meren Graveyard B3 triggered Meren of Clan Nel Toth
Add To Stack: Ai(4)-Meren Graveyard B3 triggered Pitiless Plunderer
Add To Stack: Ai(4)-Meren Graveyard B3 triggered Pitiless Plunderer
Resolve Stack: Whenever another creature you control dies, create a Treasure token. [Zone Changer: Golgari Findbroker (334)]
Resolve Stack: Whenever another creature you control dies, create a Treasure token. [Zone Changer: Meren of Clan Nel Toth (403)]
Resolve Stack: Whenever another creature you control dies, you get an experience counter. [Zone Changer: Golgari Findbroker (334)]
Resolve Stack: Whenever another creature you control dies, you get an experience counter. [Zone Changer: Pitiless Plunderer (400)]
Phase: Ai(1)-Ur-Dragon B3's End of Combat Step
Phase: Ai(1)-Ur-Dragon B3's Main phase, postcombat
Phase: Ai(1)-Ur-Dragon B3's End step
Phase: Ai(1)-Ur-Dragon B3's Cleanup step
Turn: Turn 33 (Ai(2)-Kilo Helm B3)
Phase: Ai(2)-Kilo Helm B3's Untap step
Phase: Ai(2)-Kilo Helm B3's Upkeep step
Phase: Ai(2)-Kilo Helm B3's Draw step
Phase: Ai(2)-Kilo Helm B3's Main phase, precombat
Mana: Exotic Orchard (200) - {T}: Add one mana of any color that a land an opponent controls could produce.
Mana: Mountain (187) - {T}: Add {R}.
Mana: Island (165) - {T}: Add {U}.
Mana: Glittering Massif (147) - {T}: Add {R}.
Add To Stack: Ai(2)-Kilo Helm B3 activated Adagia, Windswept Bastion targeting [Patrolling Peacemaker (176)]
Replacement Effect: Patrolling Peacemaker enters with two +1/+1 counters on it.
Resolve Stack: Adagia, Windswept Bastion (160) - Ai(2)-Kilo Helm B3 creates a token that's a copy of Patrolling Peacemaker (176).
Zone Change: Patrolling Peacemaker (439) was put into Graveyard from Battlefield.
Phase: Ai(2)-Kilo Helm B3's Beginning of Combat Step
Phase: Ai(2)-Kilo Helm B3's Declare Attackers Step
Combat: Ai(2)-Kilo Helm B3 assigned Patrolling Peacemaker (176) to attack Ai(1)-Ur-Dragon B3.
Phase: Ai(2)-Kilo Helm B3's Declare Blockers Step
Combat: Ai(1)-Ur-Dragon B3 didn't block Patrolling Peacemaker (176).
Phase: Ai(2)-Kilo Helm B3's First Strike Damage Step
Phase: Ai(2)-Kilo Helm B3's Combat Damage Step
Damage: Patrolling Peacemaker (176) deals 9 combat damage to Ai(1)-Ur-Dragon B3.
Life: Life: Ai(1)-Ur-Dragon B3 21 > 12
Phase: Ai(2)-Kilo Helm B3's End of Combat Step
Phase: Ai(2)-Kilo Helm B3's Main phase, postcombat
Add To Stack: Ai(2)-Kilo Helm B3 cast Coretapper
Resolve Stack: Coretapper - Creature 1 / 1
Phase: Ai(2)-Kilo Helm B3's End step
Phase: Ai(2)-Kilo Helm B3's Cleanup step
Turn: Turn 34 (Ai(3)-Atraxa Counters B3)
Phase: Ai(3)-Atraxa Counters B3's Untap step
Phase: Ai(3)-Atraxa Counters B3's Upkeep step
Phase: Ai(3)-Atraxa Counters B3's Draw step
Phase: Ai(3)-Atraxa Counters B3's Main phase, precombat
Land: Ai(3)-Atraxa Counters B3 played Swamp (288)
Mana: Forest (258) - {T}: Add {G}.
Mana: Opulent Palace (269) - {T}: Add {B}, {G}, or {U}.
Mana: Swamp (288) - {T}: Add {B}.
Add To Stack: Ai(3)-Atraxa Counters B3 cast Eternal Witness
Add To Stack: Ai(3)-Atraxa Counters B3 triggered Inexorable Tide
Resolve Stack: Whenever you cast a spell, proliferate. [Card: Eternal Witness (207), Activator: Ai(3)-Atraxa Counters B3, SpellAbility: Eternal Witness - Creature 2 / 1]
Add To Stack: Ai(3)-Atraxa Counters B3 triggered Simic Ascendancy
Resolve Stack: Whenever one or more +1/+1 counters are put on a creature you control, put that many growth counters on Simic Ascendancy. [Added once: Atraxa, Praetors' Voice (302) Amount: 1]
Resolve Stack: Eternal Witness - Creature 2 / 1
Add To Stack: Ai(3)-Atraxa Counters B3 triggered Eternal Witness targeting [Tuskguard Captain (247)]
Add To Stack: Ai(3)-Atraxa Counters B3 triggered Cathars' Crusade
Resolve Stack: Whenever a creature you control enters, put a +1/+1 counter on each creature you control. [Zone Changer: Eternal Witness (207)]
Add To Stack: Ai(3)-Atraxa Counters B3 triggered Simic Ascendancy
Add To Stack: Ai(3)-Atraxa Counters B3 triggered Simic Ascendancy
Resolve Stack: Whenever one or more +1/+1 counters are put on a creature you control, put that many growth counters on Simic Ascendancy. [Added once: Eternal Witness (207) Amount: 1]
Resolve Stack: Whenever one or more +1/+1 counters are put on a creature you control, put that many growth counters on Simic Ascendancy. [Added once: Atraxa, Praetors' Voice (302) Amount: 1]
Resolve Stack: When Eternal Witness enters, you may return target card from your graveyard to your hand. (Targeting: [[Tuskguard Captain (247)]]) [Zone Changer: Eternal Witness (207)]
Mana: Arcane Signet (294) - {T}: Add one mana of any color in your commander's color identity.
Mana: Plains (252) - {T}: Add {W}.
Mana: Plains (253) - {T}: Add {W}.
Add To Stack: Ai(3)-Atraxa Counters B3 cast Tuskguard Captain
Add To Stack: Ai(3)-Atraxa Counters B3 triggered Inexorable Tide
Resolve Stack: Whenever you cast a spell, proliferate. [Card: Tuskguard Captain (247), Activator: Ai(3)-Atraxa Counters B3, SpellAbility: Tuskguard Captain - Creature 2 / 3]
Add To Stack: Ai(3)-Atraxa Counters B3 triggered Simic Ascendancy
Add To Stack: Ai(3)-Atraxa Counters B3 triggered Simic Ascendancy
Resolve Stack: Whenever one or more +1/+1 counters are put on a creature you control, put that many growth counters on Simic Ascendancy. [Added once: Eternal Witness (207) Amount: 1]
Resolve Stack: Whenever one or more +1/+1 counters are put on a creature you control, put that many growth counters on Simic Ascendancy. [Added once: Atraxa, Praetors' Voice (302) Amount: 1]
Resolve Stack: Tuskguard Captain - Creature 2 / 3
Add To Stack: Ai(3)-Atraxa Counters B3 triggered Cathars' Crusade
Resolve Stack: Whenever a creature you control enters, put a +1/+1 counter on each creature you control. [Zone Changer: Tuskguard Captain (247)]
Add To Stack: Ai(3)-Atraxa Counters B3 triggered Simic Ascendancy
Add To Stack: Ai(3)-Atraxa Counters B3 triggered Simic Ascendancy
Add To Stack: Ai(3)-Atraxa Counters B3 triggered Simic Ascendancy
Resolve Stack: Whenever one or more +1/+1 counters are put on a creature you control, put that many growth counters on Simic Ascendancy. [Added once: Tuskguard Captain (247) Amount: 1]
Resolve Stack: Whenever one or more +1/+1 counters are put on a creature you control, put that many growth counters on Simic Ascendancy. [Added once: Eternal Witness (207) Amount: 1]
Resolve Stack: Whenever one or more +1/+1 counters are put on a creature you control, put that many growth counters on Simic Ascendancy. [Added once: Atraxa, Praetors' Voice (302) Amount: 1]
Damage: Adarkar Wastes (297) deals 1 non-combat damage to Ai(3)-Atraxa Counters B3.
Life: Life: Ai(3)-Atraxa Counters B3 44 > 43
Mana: Adarkar Wastes (297) - {T}: Add {W} or {U}. Adarkar Wastes deals 1 damage to you. 
Mana: Llanowar Wastes (272) - {T}: Add {C}.
Add To Stack: Ai(3)-Atraxa Counters B3 cast Mikaeus, the Lunarch
Add To Stack: Ai(3)-Atraxa Counters B3 triggered Inexorable Tide
Resolve Stack: Whenever you cast a spell, proliferate. [Card: Mikaeus, the Lunarch (246), Activator: Ai(3)-Atraxa Counters B3, SpellAbility: Mikaeus, the Lunarch - Creature 0 / 0 (X=0)]
Add To Stack: Ai(3)-Atraxa Counters B3 triggered Simic Ascendancy
Add To Stack: Ai(3)-Atraxa Counters B3 triggered Simic Ascendancy
Add To Stack: Ai(3)-Atraxa Counters B3 triggered Simic Ascendancy
Resolve Stack: Whenever one or more +1/+1 counters are put on a creature you control, put that many growth counters on Simic Ascendancy. [Added once: Tuskguard Captain (247) Amount: 1]
Resolve Stack: Whenever one or more +1/+1 counters are put on a creature you control, put that many growth counters on Simic Ascendancy. [Added once: Eternal Witness (207) Amount: 1]
Resolve Stack: Whenever one or more +1/+1 counters are put on a creature you control, put that many growth counters on Simic Ascendancy. [Added once: Atraxa, Praetors' Voice (302) Amount: 1]
Replacement Effect: Mikaeus, the Lunarch enters with X +1/+1 counters on it.
Resolve Stack: Mikaeus, the Lunarch - Creature 0 / 0 (X=1)
Add To Stack: Ai(3)-Atraxa Counters B3 triggered Cathars' Crusade
Add To Stack: Ai(3)-Atraxa Counters B3 triggered Simic Ascendancy
Resolve Stack: Whenever one or more +1/+1 counters are put on a creature you control, put that many growth counters on Simic Ascendancy. [Added once: Mikaeus, the Lunarch (246) Amount: 1]
Resolve Stack: Whenever a creature you control enters, put a +1/+1 counter on each creature you control. [Zone Changer: Mikaeus, the Lunarch (246)]
Add To Stack: Ai(3)-Atraxa Counters B3 triggered Simic Ascendancy
Add To Stack: Ai(3)-Atraxa Counters B3 triggered Simic Ascendancy
Add To Stack: Ai(3)-Atraxa Counters B3 triggered Simic Ascendancy
Add To Stack: Ai(3)-Atraxa Counters B3 triggered Simic Ascendancy
Resolve Stack: Whenever one or more +1/+1 counters are put on a creature you control, put that many growth counters on Simic Ascendancy. [Added once: Mikaeus, the Lunarch (246) Amount: 1]
Resolve Stack: Whenever one or more +1/+1 counters are put on a creature you control, put that many growth counters on Simic Ascendancy. [Added once: Tuskguard Captain (247) Amount: 1]
Resolve Stack: Whenever one or more +1/+1 counters are put on a creature you control, put that many growth counters on Simic Ascendancy. [Added once: Eternal Witness (207) Amount: 1]
Resolve Stack: Whenever one or more +1/+1 counters are put on a creature you control, put that many growth counters on Simic Ascendancy. [Added once: Atraxa, Praetors' Voice (302) Amount: 1]
Phase: Ai(3)-Atraxa Counters B3's Beginning of Combat Step
Phase: Ai(3)-Atraxa Counters B3's Declare Attackers Step
Combat: Ai(3)-Atraxa Counters B3 assigned Atraxa, Praetors' Voice (302) to attack Ai(1)-Ur-Dragon B3.
Phase: Ai(3)-Atraxa Counters B3's Declare Blockers Step
Combat: Ai(1)-Ur-Dragon B3 assigned Silumgar, the Drifting Death (1) to block Atraxa, Praetors' Voice (302).
Phase: Ai(3)-Atraxa Counters B3's First Strike Damage Step
Phase: Ai(3)-Atraxa Counters B3's Combat Damage Step
Damage: Atraxa, Praetors' Voice (302) deals 11 combat damage to Ai(1)-Ur-Dragon B3.
Damage: Atraxa, Praetors' Voice (302) deals 1 damage (Deathtouch) to Silumgar, the Drifting Death (1).
Life: Life: Ai(3)-Atraxa Counters B3 43 > 55
Damage: Silumgar, the Drifting Death (1) deals 3 damage to Atraxa, Praetors' Voice (302).
Life: Life: Ai(1)-Ur-Dragon B3 12 > 1
Zone Change: Silumgar, the Drifting Death (1) was put into Graveyard from Battlefield.
Phase: Ai(3)-Atraxa Counters B3's End of Combat Step
Phase: Ai(3)-Atraxa Counters B3's Main phase, postcombat
Phase: Ai(3)-Atraxa Counters B3's End step
Add To Stack: Ai(3)-Atraxa Counters B3 triggered Atraxa, Praetors' Voice
Resolve Stack: At the beginning of your end step, proliferate. (Choose any number of permanents and/or players, then give each another counter of each kind already there.) [Phase: Ai(3)-Atraxa Counters B3]
Add To Stack: Ai(3)-Atraxa Counters B3 triggered Simic Ascendancy
Add To Stack: Ai(3)-Atraxa Counters B3 triggered Simic Ascendancy
Add To Stack: Ai(3)-Atraxa Counters B3 triggered Simic Ascendancy
Add To Stack: Ai(3)-Atraxa Counters B3 triggered Simic Ascendancy
Resolve Stack: Whenever one or more +1/+1 counters are put on a creature you control, put that many growth counters on Simic Ascendancy. [Added once: Mikaeus, the Lunarch (246) Amount: 1]
Resolve Stack: Whenever one or more +1/+1 counters are put on a creature you control, put that many growth counters on Simic Ascendancy. [Added once: Tuskguard Captain (247) Amount: 1]
Resolve Stack: Whenever one or more +1/+1 counters are put on a creature you control, put that many growth counters on Simic Ascendancy. [Added once: Eternal Witness (207) Amount: 1]
Resolve Stack: Whenever one or more +1/+1 counters are put on a creature you control, put that many growth counters on Simic Ascendancy. [Added once: Atraxa, Praetors' Voice (302) Amount: 1]
Phase: Ai(3)-Atraxa Counters B3's Cleanup step
Turn: Turn 35 (Ai(4)-Meren Graveyard B3)
Phase: Ai(4)-Meren Graveyard B3's Untap step
Phase: Ai(4)-Meren Graveyard B3's Upkeep step
Phase: Ai(4)-Meren Graveyard B3's Draw step
Phase: Ai(4)-Meren Graveyard B3's Main phase, precombat
Phase: Ai(4)-Meren Graveyard B3's Beginning of Combat Step
Phase: Ai(4)-Meren Graveyard B3's Declare Attackers Step
Phase: Ai(4)-Meren Graveyard B3's Declare Blockers Step
Phase: Ai(4)-Meren Graveyard B3's First Strike Damage Step
Phase: Ai(4)-Meren Graveyard B3's Combat Damage Step
Phase: Ai(4)-Meren Graveyard B3's End of Combat Step
Phase: Ai(4)-Meren Graveyard B3's Main phase, postcombat
Phase: Ai(4)-Meren Graveyard B3's End step
Phase: Ai(4)-Meren Graveyard B3's Cleanup step
Turn: Turn 36 (Ai(1)-Ur-Dragon B3)
Phase: Ai(1)-Ur-Dragon B3's Untap step
Phase: Ai(1)-Ur-Dragon B3's Upkeep step
Phase: Ai(1)-Ur-Dragon B3's Draw step
Phase: Ai(1)-Ur-Dragon B3's Main phase, precombat
Mana: Sandsteppe Citadel (11) - {T}: Add {W}, {B}, or {G}.
Mana: Plains (42) - {T}: Add {W}.
Mana: Island (55) - {T}: Add {U}.
Mana: Swamp (93) - {T}: Add {B}.
Add To Stack: Ai(1)-Ur-Dragon B3 cast Dromoka, the Eternal
Resolve Stack: Dromoka, the Eternal - Creature 5 / 5
Mana: Mountain (80) - {T}: Add {R}.
Mana: Crumbling Necropolis (37) - {T}: Add {U}, {B}, or {R}.
Mana: Seaside Citadel (74) - {T}: Add {G}, {W}, or {U}.
Add To Stack: Ai(1)-Ur-Dragon B3 cast Dragonspeaker Shaman
Resolve Stack: Dragonspeaker Shaman - Creature 2 / 2
Phase: Ai(1)-Ur-Dragon B3's Beginning of Combat Step
Phase: Ai(1)-Ur-Dragon B3's Declare Attackers Step
Phase: Ai(1)-Ur-Dragon B3's Declare Blockers Step
Phase: Ai(1)-Ur-Dragon B3's First Strike Damage Step
Phase: Ai(1)-Ur-Dragon B3's Combat Damage Step
Phase: Ai(1)-Ur-Dragon B3's End of Combat Step
Phase: Ai(1)-Ur-Dragon B3's Main phase, postcombat
Phase: Ai(1)-Ur-Dragon B3's End step
Phase: Ai(1)-Ur-Dragon B3's Cleanup step
Turn: Turn 37 (Ai(2)-Kilo Helm B3)
Phase: Ai(2)-Kilo Helm B3's Untap step
Phase: Ai(2)-Kilo Helm B3's Upkeep step
Phase: Ai(2)-Kilo Helm B3's Draw step
Phase: Ai(2)-Kilo Helm B3's Main phase, precombat
Mana: Mountain (187) - {T}: Add {R}.
Mana: Exotic Orchard (200) - {T}: Add one mana of any color that a land an opponent controls could produce.
Mana: Island (165) - {T}: Add {U}.
Mana: Glittering Massif (147) - {T}: Add {R}.
Mana: Command Tower (109) - {T}: Add one mana of any color in your commander's color identity.
Mana: Adagia, Windswept Bastion (160) - {T}: Add {W}.
Add To Stack: Ai(2)-Kilo Helm B3 cast Everflowing Chalice
Add To Stack: Ai(2)-Kilo Helm B3 triggered Flux Channeler
Resolve Stack: Whenever you cast a noncreature spell, proliferate. (Choose any number of permanents and/or players, then give each another counter of each kind already there.) [Card: Everflowing Chalice (133), Activator: Ai(2)-Kilo Helm B3, SpellAbility: Everflowing Chalice]
Replacement Effect: Everflowing Chalice enters with a charge counter on it for each time it was kicked.
Resolve Stack: Everflowing Chalice
Phase: Ai(2)-Kilo Helm B3's Beginning of Combat Step
Phase: Ai(2)-Kilo Helm B3's Declare Attackers Step
Phase: Ai(2)-Kilo Helm B3's Declare Blockers Step
Phase: Ai(2)-Kilo Helm B3's First Strike Damage Step
Phase: Ai(2)-Kilo Helm B3's Combat Damage Step
Phase: Ai(2)-Kilo Helm B3's End of Combat Step
Phase: Ai(2)-Kilo Helm B3's Main phase, postcombat
Phase: Ai(2)-Kilo Helm B3's End step
Phase: Ai(2)-Kilo Helm B3's Cleanup step
Turn: Turn 38 (Ai(3)-Atraxa Counters B3)
Phase: Ai(3)-Atraxa Counters B3's Untap step
Phase: Ai(3)-Atraxa Counters B3's Upkeep step
Add To Stack: Ai(3)-Atraxa Counters B3 triggered Simic Ascendancy
Player Control: Ai(1)-Ur-Dragon B3 has restored control over themself
Player Control: Ai(2)-Kilo Helm B3 has restored control over themself
Player Control: Ai(3)-Atraxa Counters B3 has restored control over themself
Player Control: Ai(4)-Meren Graveyard B3 has restored control over themself
Game Outcome: Turn 19
Game Outcome: Ai(1)-Ur-Dragon B3 has lost because an opponent has won by spell 'Simic Ascendancy'
Game Outcome: Ai(2)-Kilo Helm B3 has lost because an opponent has won by spell 'Simic Ascendancy'
Game Outcome: Ai(3)-Atraxa Counters B3 has won due to effect of 'Simic Ascendancy'
Game Outcome: Ai(4)-Meren Graveyard B3 has lost because an opponent has won by spell 'Simic Ascendancy'
Match Result: Ai(1)-Ur-Dragon B3: 2 Ai(2)-Kilo Helm B3: 0 Ai(3)-Atraxa Counters B3: 1 Ai(4)-Meren Graveyard B3: 0 
Resolve Stack: At the beginning of your upkeep, if Simic Ascendancy has twenty or more growth counters on it, you win the game. [Phase: Ai(3)-Atraxa Counters B3]

Game Result: Game 3 ended in 26359 ms. Ai(3)-Atraxa Counters B3 has won!

Warning: default (ie. inherited from base class) implementation of confirmAction is used by Kilo, Apogee Mind for forge.ai.ability.PermanentCreatureAi. Consider declaring an overloaded method
Warning: default (ie. inherited from base class) implementation of confirmAction is used by Meren of Clan Nel Toth for forge.ai.ability.PermanentCreatureAi. Consider declaring an overloaded method
Warning: default (ie. inherited from base class) implementation of confirmAction is used by Kilo, Apogee Mind for forge.ai.ability.PermanentCreatureAi. Consider declaring an overloaded method
Warning: default (ie. inherited from base class) implementation of confirmAction is used by Atraxa, Praetors' Voice for forge.ai.ability.PermanentCreatureAi. Consider declaring an overloaded method
Warning: default (ie. inherited from base class) implementation of confirmAction is used by Meren of Clan Nel Toth for forge.ai.ability.PermanentCreatureAi. Consider declaring an overloaded method
Warning: default (ie. inherited from base class) implementation of confirmAction is used by The Ur-Dragon for forge.ai.ability.PermanentCreatureAi. Consider declaring an overloaded method
Warning: default (ie. inherited from base class) implementation of confirmAction is used by Kilo, Apogee Mind for forge.ai.ability.PermanentCreatureAi. Consider declaring an overloaded method
Warning: default (ie. inherited from base class) implementation of confirmAction is used by Atraxa, Praetors' Voice for forge.ai.ability.PermanentCreatureAi. Consider declaring an overloaded method
Warning: default (ie. inherited from base class) implementation of confirmAction is used by The Ur-Dragon for forge.ai.ability.PermanentCreatureAi. Consider declaring an overloaded method
Mulligan: Ai(2)-Kilo Helm B3 has mulliganed down to 7 cards.
Mulligan: Ai(2)-Kilo Helm B3 has mulliganed down to 6 cards.
Mulligan: Ai(1)-Ur-Dragon B3 has kept a hand of 7 cards
Mulligan: Ai(2)-Kilo Helm B3 has kept a hand of 6 cards
Mulligan: Ai(3)-Atraxa Counters B3 has kept a hand of 7 cards
Mulligan: Ai(4)-Meren Graveyard B3 has kept a hand of 7 cards
Turn: Turn 1 (Ai(1)-Ur-Dragon B3)
Phase: Ai(1)-Ur-Dragon B3's Untap step
Phase: Ai(1)-Ur-Dragon B3's Upkeep step
Phase: Ai(1)-Ur-Dragon B3's Draw step
Phase: Ai(1)-Ur-Dragon B3's Main phase, precombat
Land: Ai(1)-Ur-Dragon B3 played Command Tower (10)
Phase: Ai(1)-Ur-Dragon B3's Beginning of Combat Step
Phase: Ai(1)-Ur-Dragon B3's Declare Attackers Step
Phase: Ai(1)-Ur-Dragon B3's Declare Blockers Step
Phase: Ai(1)-Ur-Dragon B3's First Strike Damage Step
Phase: Ai(1)-Ur-Dragon B3's Combat Damage Step
Phase: Ai(1)-Ur-Dragon B3's End of Combat Step
Phase: Ai(1)-Ur-Dragon B3's Main phase, postcombat
Phase: Ai(1)-Ur-Dragon B3's End step
Phase: Ai(1)-Ur-Dragon B3's Cleanup step
Turn: Turn 2 (Ai(2)-Kilo Helm B3)
Phase: Ai(2)-Kilo Helm B3's Untap step
Phase: Ai(2)-Kilo Helm B3's Upkeep step
Phase: Ai(2)-Kilo Helm B3's Draw step
Phase: Ai(2)-Kilo Helm B3's Main phase, precombat
Land: Ai(2)-Kilo Helm B3 played Shivan Reef (137)
Phase: Ai(2)-Kilo Helm B3's Beginning of Combat Step
Phase: Ai(2)-Kilo Helm B3's Declare Attackers Step
Phase: Ai(2)-Kilo Helm B3's Declare Blockers Step
Phase: Ai(2)-Kilo Helm B3's First Strike Damage Step
Phase: Ai(2)-Kilo Helm B3's Combat Damage Step
Phase: Ai(2)-Kilo Helm B3's End of Combat Step
Phase: Ai(2)-Kilo Helm B3's Main phase, postcombat
Phase: Ai(2)-Kilo Helm B3's End step
Phase: Ai(2)-Kilo Helm B3's Cleanup step
Turn: Turn 3 (Ai(3)-Atraxa Counters B3)
Phase: Ai(3)-Atraxa Counters B3's Untap step
Phase: Ai(3)-Atraxa Counters B3's Upkeep step
Phase: Ai(3)-Atraxa Counters B3's Draw step
Phase: Ai(3)-Atraxa Counters B3's Main phase, precombat
Land: Ai(3)-Atraxa Counters B3 played Island (263)
Phase: Ai(3)-Atraxa Counters B3's Beginning of Combat Step
Phase: Ai(3)-Atraxa Counters B3's Declare Attackers Step
Phase: Ai(3)-Atraxa Counters B3's Declare Blockers Step
Phase: Ai(3)-Atraxa Counters B3's First Strike Damage Step
Phase: Ai(3)-Atraxa Counters B3's Combat Damage Step
Phase: Ai(3)-Atraxa Counters B3's End of Combat Step
Phase: Ai(3)-Atraxa Counters B3's Main phase, postcombat
Phase: Ai(3)-Atraxa Counters B3's End step
Phase: Ai(3)-Atraxa Counters B3's Cleanup step
Turn: Turn 4 (Ai(4)-Meren Graveyard B3)
Phase: Ai(4)-Meren Graveyard B3's Untap step
Phase: Ai(4)-Meren Graveyard B3's Upkeep step
Phase: Ai(4)-Meren Graveyard B3's Draw step
Phase: Ai(4)-Meren Graveyard B3's Main phase, precombat
Land: Ai(4)-Meren Graveyard B3 played Swamp (392)
Phase: Ai(4)-Meren Graveyard B3's Beginning of Combat Step
Phase: Ai(4)-Meren Graveyard B3's Declare Attackers Step
Phase: Ai(4)-Meren Graveyard B3's Declare Blockers Step
Phase: Ai(4)-Meren Graveyard B3's First Strike Damage Step
Phase: Ai(4)-Meren Graveyard B3's Combat Damage Step
Phase: Ai(4)-Meren Graveyard B3's End of Combat Step
Phase: Ai(4)-Meren Graveyard B3's Main phase, postcombat
Mana: Swamp (392) - {T}: Add {B}.
Add To Stack: Ai(4)-Meren Graveyard B3 cast Deathrite Shaman
Resolve Stack: Deathrite Shaman - Creature 1 / 2
Phase: Ai(4)-Meren Graveyard B3's End step
Phase: Ai(4)-Meren Graveyard B3's Cleanup step
Turn: Turn 5 (Ai(1)-Ur-Dragon B3)
Phase: Ai(1)-Ur-Dragon B3's Untap step
Phase: Ai(1)-Ur-Dragon B3's Upkeep step
Phase: Ai(1)-Ur-Dragon B3's Draw step
Phase: Ai(1)-Ur-Dragon B3's Main phase, precombat
Land: Ai(1)-Ur-Dragon B3 played Swamp (91)
Phase: Ai(1)-Ur-Dragon B3's Beginning of Combat Step
Phase: Ai(1)-Ur-Dragon B3's Declare Attackers Step
Phase: Ai(1)-Ur-Dragon B3's Declare Blockers Step
Phase: Ai(1)-Ur-Dragon B3's First Strike Damage Step
Phase: Ai(1)-Ur-Dragon B3's Combat Damage Step
Phase: Ai(1)-Ur-Dragon B3's End of Combat Step
Phase: Ai(1)-Ur-Dragon B3's Main phase, postcombat
Phase: Ai(1)-Ur-Dragon B3's End step
Phase: Ai(1)-Ur-Dragon B3's Cleanup step
Turn: Turn 6 (Ai(2)-Kilo Helm B3)
Phase: Ai(2)-Kilo Helm B3's Untap step
Phase: Ai(2)-Kilo Helm B3's Upkeep step
Phase: Ai(2)-Kilo Helm B3's Draw step
Phase: Ai(2)-Kilo Helm B3's Main phase, precombat
Land: Ai(2)-Kilo Helm B3 played Academy Ruins (155)
Phase: Ai(2)-Kilo Helm B3's Beginning of Combat Step
Phase: Ai(2)-Kilo Helm B3's Declare Attackers Step
Phase: Ai(2)-Kilo Helm B3's Declare Blockers Step
Phase: Ai(2)-Kilo Helm B3's First Strike Damage Step
Phase: Ai(2)-Kilo Helm B3's Combat Damage Step
Phase: Ai(2)-Kilo Helm B3's End of Combat Step
Phase: Ai(2)-Kilo Helm B3's Main phase, postcombat
Mana: Shivan Reef (137) - {T}: Add {C}.
Mana: Academy Ruins (155) - {T}: Add {C}.
Add To Stack: Ai(2)-Kilo Helm B3 cast Arcane Signet
Resolve Stack: Arcane Signet
Phase: Ai(2)-Kilo Helm B3's End step
Phase: Ai(2)-Kilo Helm B3's Cleanup step
Turn: Turn 7 (Ai(3)-Atraxa Counters B3)
Phase: Ai(3)-Atraxa Counters B3's Untap step
Phase: Ai(3)-Atraxa Counters B3's Upkeep step
Phase: Ai(3)-Atraxa Counters B3's Draw step
Phase: Ai(3)-Atraxa Counters B3's Main phase, precombat
Land: Ai(3)-Atraxa Counters B3 played Forest (258)
Phase: Ai(3)-Atraxa Counters B3's Beginning of Combat Step
Phase: Ai(3)-Atraxa Counters B3's Declare Attackers Step
Phase: Ai(3)-Atraxa Counters B3's Declare Blockers Step
Phase: Ai(3)-Atraxa Counters B3's First Strike Damage Step
Phase: Ai(3)-Atraxa Counters B3's Combat Damage Step
Phase: Ai(3)-Atraxa Counters B3's End of Combat Step
Phase: Ai(3)-Atraxa Counters B3's Main phase, postcombat
Phase: Ai(3)-Atraxa Counters B3's End step
Phase: Ai(3)-Atraxa Counters B3's Cleanup step
Turn: Turn 8 (Ai(4)-Meren Graveyard B3)
Phase: Ai(4)-Meren Graveyard B3's Untap step
Phase: Ai(4)-Meren Graveyard B3's Upkeep step
Phase: Ai(4)-Meren Graveyard B3's Draw step
Phase: Ai(4)-Meren Graveyard B3's Main phase, precombat
Land: Ai(4)-Meren Graveyard B3 played Forest (365)
Mana: Swamp (392) - {T}: Add {B}.
Add To Stack: Ai(4)-Meren Graveyard B3 cast Skullclamp
Resolve Stack: Skullclamp
Mana: Forest (365) - {T}: Add {G}.
Add To Stack: Ai(4)-Meren Graveyard B3 activated Skullclamp targeting [Deathrite Shaman (383)]
Resolve Stack: Skullclamp (305) -  Attach to Deathrite Shaman (383)
Phase: Ai(4)-Meren Graveyard B3's Beginning of Combat Step
Phase: Ai(4)-Meren Graveyard B3's Declare Attackers Step
Combat: Ai(4)-Meren Graveyard B3 assigned Deathrite Shaman (383) to attack Ai(2)-Kilo Helm B3.
Phase: Ai(4)-Meren Graveyard B3's Declare Blockers Step
Combat: Ai(2)-Kilo Helm B3 didn't block Deathrite Shaman (383).
Phase: Ai(4)-Meren Graveyard B3's First Strike Damage Step
Phase: Ai(4)-Meren Graveyard B3's Combat Damage Step
Damage: Deathrite Shaman (383) deals 2 combat damage to Ai(2)-Kilo Helm B3.
Life: Life: Ai(2)-Kilo Helm B3 40 > 38
Phase: Ai(4)-Meren Graveyard B3's End of Combat Step
Phase: Ai(4)-Meren Graveyard B3's Main phase, postcombat
Phase: Ai(4)-Meren Graveyard B3's End step
Phase: Ai(4)-Meren Graveyard B3's Cleanup step
Turn: Turn 9 (Ai(1)-Ur-Dragon B3)
Phase: Ai(1)-Ur-Dragon B3's Untap step
Phase: Ai(1)-Ur-Dragon B3's Upkeep step
Phase: Ai(1)-Ur-Dragon B3's Draw step
Phase: Ai(1)-Ur-Dragon B3's Main phase, precombat
Land: Ai(1)-Ur-Dragon B3 played Island (55)
Phase: Ai(1)-Ur-Dragon B3's Beginning of Combat Step
Phase: Ai(1)-Ur-Dragon B3's Declare Attackers Step
Phase: Ai(1)-Ur-Dragon B3's Declare Blockers Step
Phase: Ai(1)-Ur-Dragon B3's First Strike Damage Step
Phase: Ai(1)-Ur-Dragon B3's Combat Damage Step
Phase: Ai(1)-Ur-Dragon B3's End of Combat Step
Phase: Ai(1)-Ur-Dragon B3's Main phase, postcombat
Mana: Swamp (91) - {T}: Add {B}.
Mana: Command Tower (10) - {T}: Add one mana of any color in your commander's color identity.
Mana: Island (55) - {T}: Add {U}.
Add To Stack: Ai(1)-Ur-Dragon B3 cast Boneyard Scourge
Resolve Stack: Boneyard Scourge - Creature 4 / 3
Phase: Ai(1)-Ur-Dragon B3's End step
Phase: Ai(1)-Ur-Dragon B3's Cleanup step
Turn: Turn 10 (Ai(2)-Kilo Helm B3)
Phase: Ai(2)-Kilo Helm B3's Untap step
Phase: Ai(2)-Kilo Helm B3's Upkeep step
Phase: Ai(2)-Kilo Helm B3's Draw step
Phase: Ai(2)-Kilo Helm B3's Main phase, precombat
Land: Ai(2)-Kilo Helm B3 played Mountain (189)
Mana: Arcane Signet (195) - {T}: Add one mana of any color in your commander's color identity.
Damage: Shivan Reef (137) deals 1 non-combat damage to Ai(2)-Kilo Helm B3.
Life: Life: Ai(2)-Kilo Helm B3 38 > 37
Mana: Shivan Reef (137) - {T}: Add {U} or {R}. Shivan Reef deals 1 damage to you. 
Mana: Mountain (189) - {T}: Add {R}.
Add To Stack: Ai(2)-Kilo Helm B3 cast Kilo, Apogee Mind
Resolve Stack: Kilo, Apogee Mind - Creature 3 / 3
Phase: Ai(2)-Kilo Helm B3's Beginning of Combat Step
Phase: Ai(2)-Kilo Helm B3's Declare Attackers Step
Phase: Ai(2)-Kilo Helm B3's Declare Blockers Step
Phase: Ai(2)-Kilo Helm B3's First Strike Damage Step
Phase: Ai(2)-Kilo Helm B3's Combat Damage Step
Phase: Ai(2)-Kilo Helm B3's End of Combat Step
Phase: Ai(2)-Kilo Helm B3's Main phase, postcombat
Phase: Ai(2)-Kilo Helm B3's End step
Phase: Ai(2)-Kilo Helm B3's Cleanup step
Turn: Turn 11 (Ai(3)-Atraxa Counters B3)
Phase: Ai(3)-Atraxa Counters B3's Untap step
Phase: Ai(3)-Atraxa Counters B3's Upkeep step
Phase: Ai(3)-Atraxa Counters B3's Draw step
Phase: Ai(3)-Atraxa Counters B3's Main phase, precombat
Land: Ai(3)-Atraxa Counters B3 played Island (264)
Phase: Ai(3)-Atraxa Counters B3's Beginning of Combat Step
Phase: Ai(3)-Atraxa Counters B3's Declare Attackers Step
Phase: Ai(3)-Atraxa Counters B3's Declare Blockers Step
Phase: Ai(3)-Atraxa Counters B3's First Strike Damage Step
Phase: Ai(3)-Atraxa Counters B3's Combat Damage Step
Phase: Ai(3)-Atraxa Counters B3's End of Combat Step
Phase: Ai(3)-Atraxa Counters B3's Main phase, postcombat
Phase: Ai(3)-Atraxa Counters B3's End step
Phase: Ai(3)-Atraxa Counters B3's Cleanup step
Turn: Turn 12 (Ai(4)-Meren Graveyard B3)
Phase: Ai(4)-Meren Graveyard B3's Untap step
Phase: Ai(4)-Meren Graveyard B3's Upkeep step
Phase: Ai(4)-Meren Graveyard B3's Draw step
Phase: Ai(4)-Meren Graveyard B3's Main phase, precombat
Phase: Ai(4)-Meren Graveyard B3's Beginning of Combat Step
Phase: Ai(4)-Meren Graveyard B3's Declare Attackers Step
Phase: Ai(4)-Meren Graveyard B3's Declare Blockers Step
Phase: Ai(4)-Meren Graveyard B3's First Strike Damage Step
Phase: Ai(4)-Meren Graveyard B3's Combat Damage Step
Phase: Ai(4)-Meren Graveyard B3's End of Combat Step
Phase: Ai(4)-Meren Graveyard B3's Main phase, postcombat
Replacement Effect: Golgari Rot Farm enters tapped.
Land: Ai(4)-Meren Graveyard B3 played Golgari Rot Farm (375)
Add To Stack: Ai(4)-Meren Graveyard B3 triggered Golgari Rot Farm
Resolve Stack: When Golgari Rot Farm enters, return a land you control to its owner's hand. [Zone Changer: Golgari Rot Farm (375)]
Phase: Ai(4)-Meren Graveyard B3's End step
Phase: Ai(4)-Meren Graveyard B3's Cleanup step
Turn: Turn 13 (Ai(1)-Ur-Dragon B3)
Phase: Ai(1)-Ur-Dragon B3's Untap step
Phase: Ai(1)-Ur-Dragon B3's Upkeep step
Phase: Ai(1)-Ur-Dragon B3's Draw step
Phase: Ai(1)-Ur-Dragon B3's Main phase, precombat
Land: Ai(1)-Ur-Dragon B3 played Mountain (78)
Mana: Mountain (78) - {T}: Add {R}.
Mana: Command Tower (10) - {T}: Add one mana of any color in your commander's color identity.
Mana: Island (55) - {T}: Add {U}.
Mana: Swamp (91) - {T}: Add {B}.
Add To Stack: Ai(1)-Ur-Dragon B3 cast Stormbreath Dragon
Resolve Stack: Stormbreath Dragon - Creature 4 / 4
Phase: Ai(1)-Ur-Dragon B3's Beginning of Combat Step
Phase: Ai(1)-Ur-Dragon B3's Declare Attackers Step
Combat: Ai(1)-Ur-Dragon B3 assigned Boneyard Scourge (12) and Stormbreath Dragon (88) to attack Ai(2)-Kilo Helm B3.
Phase: Ai(1)-Ur-Dragon B3's Declare Blockers Step
Combat: Ai(2)-Kilo Helm B3 didn't block Boneyard Scourge (12).
Ai(2)-Kilo Helm B3 didn't block Stormbreath Dragon (88).
Phase: Ai(1)-Ur-Dragon B3's First Strike Damage Step
Phase: Ai(1)-Ur-Dragon B3's Combat Damage Step
Damage: Boneyard Scourge (12) deals 4 combat damage to Ai(2)-Kilo Helm B3.
Damage: Stormbreath Dragon (88) deals 4 combat damage to Ai(2)-Kilo Helm B3.
Life: Life: Ai(2)-Kilo Helm B3 37 > 29
Phase: Ai(1)-Ur-Dragon B3's End of Combat Step
Phase: Ai(1)-Ur-Dragon B3's Main phase, postcombat
Phase: Ai(1)-Ur-Dragon B3's End step
Phase: Ai(1)-Ur-Dragon B3's Cleanup step
Turn: Turn 14 (Ai(2)-Kilo Helm B3)
Phase: Ai(2)-Kilo Helm B3's Untap step
Phase: Ai(2)-Kilo Helm B3's Upkeep step
Phase: Ai(2)-Kilo Helm B3's Draw step
Phase: Ai(2)-Kilo Helm B3's Main phase, precombat
Replacement Effect: This land enters tapped unless you control two or more basic lands.
Land: Ai(2)-Kilo Helm B3 played Radiant Summit (124)
Phase: Ai(2)-Kilo Helm B3's Beginning of Combat Step
Phase: Ai(2)-Kilo Helm B3's Declare Attackers Step
Combat: Ai(2)-Kilo Helm B3 assigned Kilo, Apogee Mind (201) to attack Ai(1)-Ur-Dragon B3.
Add To Stack: Ai(2)-Kilo Helm B3 triggered Kilo, Apogee Mind
Resolve Stack: Whenever Kilo becomes tapped, proliferate. (Choose any number of permanents and/or players, then give each another counter of each kind already there.) [Tapped: Kilo, Apogee Mind (201)]
Phase: Ai(2)-Kilo Helm B3's Declare Blockers Step
Combat: Ai(1)-Ur-Dragon B3 didn't block Kilo, Apogee Mind (201).
Phase: Ai(2)-Kilo Helm B3's First Strike Damage Step
Phase: Ai(2)-Kilo Helm B3's Combat Damage Step
Damage: Kilo, Apogee Mind (201) deals 3 combat damage to Ai(1)-Ur-Dragon B3.
Life: Life: Ai(1)-Ur-Dragon B3 40 > 37
Phase: Ai(2)-Kilo Helm B3's End of Combat Step
Phase: Ai(2)-Kilo Helm B3's Main phase, postcombat
Mana: Mountain (189) - {T}: Add {R}.
Mana: Arcane Signet (195) - {T}: Add one mana of any color in your commander's color identity.
Mana: Academy Ruins (155) - {T}: Add {C}.
Add To Stack: Ai(2)-Kilo Helm B3 cast Cloud Key
Replacement Effect: As Cloud Key enters, choose artifact, creature, enchantment, instant, or sorcery.
Resolve Stack: Cloud Key
Phase: Ai(2)-Kilo Helm B3's End step
Phase: Ai(2)-Kilo Helm B3's Cleanup step
Turn: Turn 15 (Ai(3)-Atraxa Counters B3)
Phase: Ai(3)-Atraxa Counters B3's Untap step
Phase: Ai(3)-Atraxa Counters B3's Upkeep step
Phase: Ai(3)-Atraxa Counters B3's Draw step
Phase: Ai(3)-Atraxa Counters B3's Main phase, precombat
Land: Ai(3)-Atraxa Counters B3 played Command Tower (211)
Phase: Ai(3)-Atraxa Counters B3's Beginning of Combat Step
Phase: Ai(3)-Atraxa Counters B3's Declare Attackers Step
Phase: Ai(3)-Atraxa Counters B3's Declare Blockers Step
Phase: Ai(3)-Atraxa Counters B3's First Strike Damage Step
Phase: Ai(3)-Atraxa Counters B3's Combat Damage Step
Phase: Ai(3)-Atraxa Counters B3's End of Combat Step
Phase: Ai(3)-Atraxa Counters B3's Main phase, postcombat
Mana: Island (263) - {T}: Add {U}.
Mana: Island (264) - {T}: Add {U}.
Mana: Forest (258) - {T}: Add {G}.
Mana: Command Tower (211) - {T}: Add one mana of any color in your commander's color identity.
Add To Stack: Ai(3)-Atraxa Counters B3 cast Solemn Simulacrum
Resolve Stack: Solemn Simulacrum - Creature 2 / 2
Add To Stack: Ai(3)-Atraxa Counters B3 triggered Solemn Simulacrum
Resolve Stack: When Solemn Simulacrum enters, you may search your library for a basic land card, put that card onto the battlefield tapped, then shuffle. [Zone Changer: Solemn Simulacrum (228)]
Phase: Ai(3)-Atraxa Counters B3's End step
Phase: Ai(3)-Atraxa Counters B3's Cleanup step
Turn: Turn 16 (Ai(4)-Meren Graveyard B3)
Phase: Ai(4)-Meren Graveyard B3's Untap step
Phase: Ai(4)-Meren Graveyard B3's Upkeep step
Phase: Ai(4)-Meren Graveyard B3's Draw step
Phase: Ai(4)-Meren Graveyard B3's Main phase, precombat
Land: Ai(4)-Meren Graveyard B3 played Swamp (392)
Phase: Ai(4)-Meren Graveyard B3's Beginning of Combat Step
Phase: Ai(4)-Meren Graveyard B3's Declare Attackers Step
Combat: Ai(4)-Meren Graveyard B3 assigned Deathrite Shaman (383) to attack Ai(1)-Ur-Dragon B3.
Phase: Ai(4)-Meren Graveyard B3's Declare Blockers Step
Combat: Ai(1)-Ur-Dragon B3 didn't block Deathrite Shaman (383).
Phase: Ai(4)-Meren Graveyard B3's First Strike Damage Step
Phase: Ai(4)-Meren Graveyard B3's Combat Damage Step
Damage: Deathrite Shaman (383) deals 2 combat damage to Ai(1)-Ur-Dragon B3.
Life: Life: Ai(1)-Ur-Dragon B3 37 > 35
Phase: Ai(4)-Meren Graveyard B3's End of Combat Step
Phase: Ai(4)-Meren Graveyard B3's Main phase, postcombat
Mana: Swamp (392) - {T}: Add {B}.
Mana: Forest (365) - {T}: Add {G}.
Mana: Golgari Rot Farm (375) - {T}: Add {B}{G}.
Add To Stack: Ai(4)-Meren Graveyard B3 cast Meren of Clan Nel Toth
Resolve Stack: Meren of Clan Nel Toth - Creature 3 / 4
Phase: Ai(4)-Meren Graveyard B3's End step
Phase: Ai(4)-Meren Graveyard B3's Cleanup step
Turn: Turn 17 (Ai(1)-Ur-Dragon B3)
Phase: Ai(1)-Ur-Dragon B3's Untap step
Phase: Ai(1)-Ur-Dragon B3's Upkeep step
Phase: Ai(1)-Ur-Dragon B3's Draw step
Phase: Ai(1)-Ur-Dragon B3's Main phase, precombat
Mana: Command Tower (10) - {T}: Add one mana of any color in your commander's color identity.
Mana: Island (55) - {T}: Add {U}.
Mana: Swamp (91) - {T}: Add {B}.
Mana: Mountain (78) - {T}: Add {R}.
Add To Stack: Ai(1)-Ur-Dragon B3 cast Skyshroud Claim
Add To Stack: Ai(2)-Kilo Helm B3 cast Fierce Guardianship targeting [Search your library for up to two Forest cards, put them onto the battlefield, then shuffle.]
Zone Change: Send countered spell to Graveyard
Resolve Stack: Fierce Guardianship (121) - Counter Skyshroud Claim (83).
Phase: Ai(1)-Ur-Dragon B3's Beginning of Combat Step
Phase: Ai(1)-Ur-Dragon B3's Declare Attackers Step
Combat: Ai(1)-Ur-Dragon B3 assigned Boneyard Scourge (12) and Stormbreath Dragon (88) to attack Ai(4)-Meren Graveyard B3.
Phase: Ai(1)-Ur-Dragon B3's Declare Blockers Step
Combat: Ai(4)-Meren Graveyard B3 didn't block Boneyard Scourge (12).
Ai(4)-Meren Graveyard B3 didn't block Stormbreath Dragon (88).
Phase: Ai(1)-Ur-Dragon B3's First Strike Damage Step
Phase: Ai(1)-Ur-Dragon B3's Combat Damage Step
Damage: Boneyard Scourge (12) deals 4 combat damage to Ai(4)-Meren Graveyard B3.
Damage: Stormbreath Dragon (88) deals 4 combat damage to Ai(4)-Meren Graveyard B3.
Life: Life: Ai(4)-Meren Graveyard B3 40 > 32
Phase: Ai(1)-Ur-Dragon B3's End of Combat Step
Phase: Ai(1)-Ur-Dragon B3's Main phase, postcombat
Replacement Effect: Jungle Shrine enters tapped.
Land: Ai(1)-Ur-Dragon B3 played Jungle Shrine (61)
Phase: Ai(1)-Ur-Dragon B3's End step
Phase: Ai(1)-Ur-Dragon B3's Cleanup step
Turn: Turn 18 (Ai(2)-Kilo Helm B3)
Phase: Ai(2)-Kilo Helm B3's Untap step
Phase: Ai(2)-Kilo Helm B3's Upkeep step
Phase: Ai(2)-Kilo Helm B3's Draw step
Phase: Ai(2)-Kilo Helm B3's Main phase, precombat
Mana: Radiant Summit (124) - {T}: Add {W}.
Mana: Mountain (189) - {T}: Add {R}.
Mana: Arcane Signet (195) - {T}: Add one mana of any color in your commander's color identity.
Mana: Academy Ruins (155) - {T}: Add {C}.
Add To Stack: Ai(2)-Kilo Helm B3 cast Alibou, Ancient Witness
Resolve Stack: Alibou, Ancient Witness - Creature 4 / 5
Phase: Ai(2)-Kilo Helm B3's Beginning of Combat Step
Phase: Ai(2)-Kilo Helm B3's Declare Attackers Step
Combat: Ai(2)-Kilo Helm B3 assigned Kilo, Apogee Mind (201) to attack Ai(1)-Ur-Dragon B3.
Add To Stack: Ai(2)-Kilo Helm B3 triggered Kilo, Apogee Mind
Add To Stack: Ai(2)-Kilo Helm B3 triggered Alibou, Ancient Witness targeting [Deathrite Shaman (383)]
Damage: Alibou, Ancient Witness (173) deals 2 damage to Deathrite Shaman (383).
Resolve Stack: Ai(2)-Kilo Helm B3 scried 2 card(s) to the top of the library
Resolve Stack: Whenever one or more artifact creatures you control attack, Alibou, Ancient Witness deals X damage to any target and you scry X, where X is the number of tapped artifacts you control. (Targeting: [[Deathrite Shaman (383)]]) [Number Attackers: [Kilo, Apogee Mind (201)]]
Zone Change: Deathrite Shaman (383) was put into Graveyard from Battlefield.
Add To Stack: Ai(4)-Meren Graveyard B3 triggered Skullclamp
Add To Stack: Ai(4)-Meren Graveyard B3 triggered Meren of Clan Nel Toth
Resolve Stack: Whenever another creature you control dies, you get an experience counter. [Zone Changer: Deathrite Shaman (383)]
Resolve Stack: Whenever equipped creature dies, draw two cards. [Zone Changer: Deathrite Shaman (383)]
Resolve Stack: Whenever Kilo becomes tapped, proliferate. (Choose any number of permanents and/or players, then give each another counter of each kind already there.) [Tapped: Kilo, Apogee Mind (201)]
Phase: Ai(2)-Kilo Helm B3's Declare Blockers Step
Combat: Ai(1)-Ur-Dragon B3 didn't block Kilo, Apogee Mind (201).
Phase: Ai(2)-Kilo Helm B3's First Strike Damage Step
Phase: Ai(2)-Kilo Helm B3's Combat Damage Step
Damage: Kilo, Apogee Mind (201) deals 3 combat damage to Ai(1)-Ur-Dragon B3.
Life: Life: Ai(1)-Ur-Dragon B3 35 > 32
Phase: Ai(2)-Kilo Helm B3's End of Combat Step
Phase: Ai(2)-Kilo Helm B3's Main phase, postcombat
Phase: Ai(2)-Kilo Helm B3's End step
Phase: Ai(2)-Kilo Helm B3's Cleanup step
Turn: Turn 19 (Ai(3)-Atraxa Counters B3)
Phase: Ai(3)-Atraxa Counters B3's Untap step
Phase: Ai(3)-Atraxa Counters B3's Upkeep step
Mana: Command Tower (211) - {T}: Add one mana of any color in your commander's color identity.
Mana: Plains (252) - {T}: Add {W}.
Mana: Island (263) - {T}: Add {U}.
Add To Stack: Ai(3)-Atraxa Counters B3 cast Mortify targeting [Alibou, Ancient Witness (173)]
Zone Change: Alibou, Ancient Witness (173) was put into Graveyard from Battlefield.
Resolve Stack: Mortify (245) - Destroy Alibou, Ancient Witness (173).
Phase: Ai(3)-Atraxa Counters B3's Draw step
Phase: Ai(3)-Atraxa Counters B3's Main phase, precombat
Land: Ai(3)-Atraxa Counters B3 played Island (265)
Phase: Ai(3)-Atraxa Counters B3's Beginning of Combat Step
Phase: Ai(3)-Atraxa Counters B3's Declare Attackers Step
Combat: Ai(3)-Atraxa Counters B3 assigned Solemn Simulacrum (228) to attack Ai(1)-Ur-Dragon B3.
Phase: Ai(3)-Atraxa Counters B3's Declare Blockers Step
Combat: Ai(1)-Ur-Dragon B3 didn't block Solemn Simulacrum (228).
Phase: Ai(3)-Atraxa Counters B3's First Strike Damage Step
Phase: Ai(3)-Atraxa Counters B3's Combat Damage Step
Damage: Solemn Simulacrum (228) deals 2 combat damage to Ai(1)-Ur-Dragon B3.
Life: Life: Ai(1)-Ur-Dragon B3 32 > 30
Phase: Ai(3)-Atraxa Counters B3's End of Combat Step
Phase: Ai(3)-Atraxa Counters B3's Main phase, postcombat
Phase: Ai(3)-Atraxa Counters B3's End step
Phase: Ai(3)-Atraxa Counters B3's Cleanup step
Turn: Turn 20 (Ai(4)-Meren Graveyard B3)
Phase: Ai(4)-Meren Graveyard B3's Untap step
Phase: Ai(4)-Meren Graveyard B3's Upkeep step
Phase: Ai(4)-Meren Graveyard B3's Draw step
Phase: Ai(4)-Meren Graveyard B3's Main phase, precombat
Land: Ai(4)-Meren Graveyard B3 played Forest (363)
Mana: Forest (365) - {T}: Add {G}.
Mana: Forest (363) - {T}: Add {G}.
Mana: Swamp (392) - {T}: Add {B}.
Mana: Golgari Rot Farm (375) - {T}: Add {B}{G}.
Add To Stack: Ai(4)-Meren Graveyard B3 cast Acidic Slime
Resolve Stack: Acidic Slime - Creature 2 / 2
Add To Stack: Ai(4)-Meren Graveyard B3 triggered Acidic Slime targeting [Kilo, Apogee Mind (201)]
Zone Change: Kilo, Apogee Mind (201) was put into Graveyard from Battlefield.
Resolve Stack: When Acidic Slime enters, destroy target artifact, enchantment, or land. (Targeting: [[Kilo, Apogee Mind (201)]]) [Zone Changer: Acidic Slime (354)]
Phase: Ai(4)-Meren Graveyard B3's Beginning of Combat Step
Phase: Ai(4)-Meren Graveyard B3's Declare Attackers Step
Combat: Ai(4)-Meren Graveyard B3 assigned Meren of Clan Nel Toth (403) to attack Ai(1)-Ur-Dragon B3.
Phase: Ai(4)-Meren Graveyard B3's Declare Blockers Step
Combat: Ai(1)-Ur-Dragon B3 didn't block Meren of Clan Nel Toth (403).
Phase: Ai(4)-Meren Graveyard B3's First Strike Damage Step
Phase: Ai(4)-Meren Graveyard B3's Combat Damage Step
Damage: Meren of Clan Nel Toth (403) deals 3 combat damage to Ai(1)-Ur-Dragon B3.
Life: Life: Ai(1)-Ur-Dragon B3 30 > 27
Phase: Ai(4)-Meren Graveyard B3's End of Combat Step
Phase: Ai(4)-Meren Graveyard B3's Main phase, postcombat
Phase: Ai(4)-Meren Graveyard B3's End step
Add To Stack: Ai(4)-Meren Graveyard B3 triggered Meren of Clan Nel Toth targeting [Deathrite Shaman (383)]
Resolve Stack: At the beginning of your end step, choose target creature card in your graveyard. If that card's mana value is less than or equal to the number of experience counters you have, return it to the battlefield. Otherwise, put it into your hand. (Targeting: [[Deathrite Shaman (383)]]) [Phase: Ai(4)-Meren Graveyard B3]
Phase: Ai(4)-Meren Graveyard B3's Cleanup step
Turn: Turn 21 (Ai(1)-Ur-Dragon B3)
Phase: Ai(1)-Ur-Dragon B3's Untap step
Phase: Ai(1)-Ur-Dragon B3's Upkeep step
Phase: Ai(1)-Ur-Dragon B3's Draw step
Phase: Ai(1)-Ur-Dragon B3's Main phase, precombat
Mana: Mountain (78) - {T}: Add {R}.
Mana: Jungle Shrine (61) - {T}: Add {R}, {G}, or {W}.
Mana: Command Tower (10) - {T}: Add one mana of any color in your commander's color identity.
Mana: Island (55) - {T}: Add {U}.
Add To Stack: Ai(1)-Ur-Dragon B3 cast Scourge of Valkas
Resolve Stack: Scourge of Valkas - Creature 4 / 4
Add To Stack: Ai(1)-Ur-Dragon B3 triggered Scourge of Valkas targeting [Ai(2)-Kilo Helm B3]
Damage: Scourge of Valkas (84) deals 3 non-combat damage to Ai(2)-Kilo Helm B3.
Life: Life: Ai(2)-Kilo Helm B3 29 > 26
Resolve Stack: Whenever Scourge of Valkas or another Dragon you control enters, it deals X damage to any target, where X is the number of Dragons you control. (Targeting: [[Ai(2)-Kilo Helm B3]]) [Zone Changer: Scourge of Valkas (84)]
Phase: Ai(1)-Ur-Dragon B3's Beginning of Combat Step
Phase: Ai(1)-Ur-Dragon B3's Declare Attackers Step
Combat: Ai(1)-Ur-Dragon B3 assigned Boneyard Scourge (12) and Stormbreath Dragon (88) to attack Ai(4)-Meren Graveyard B3.
Phase: Ai(1)-Ur-Dragon B3's Declare Blockers Step
Combat: Ai(4)-Meren Graveyard B3 didn't block Boneyard Scourge (12).
Ai(4)-Meren Graveyard B3 didn't block Stormbreath Dragon (88).
Phase: Ai(1)-Ur-Dragon B3's First Strike Damage Step
Phase: Ai(1)-Ur-Dragon B3's Combat Damage Step
Damage: Boneyard Scourge (12) deals 4 combat damage to Ai(4)-Meren Graveyard B3.
Damage: Stormbreath Dragon (88) deals 4 combat damage to Ai(4)-Meren Graveyard B3.
Life: Life: Ai(4)-Meren Graveyard B3 32 > 24
Phase: Ai(1)-Ur-Dragon B3's End of Combat Step
Phase: Ai(1)-Ur-Dragon B3's Main phase, postcombat
Phase: Ai(1)-Ur-Dragon B3's End step
Phase: Ai(1)-Ur-Dragon B3's Cleanup step
Turn: Turn 22 (Ai(2)-Kilo Helm B3)
Phase: Ai(2)-Kilo Helm B3's Untap step
Phase: Ai(2)-Kilo Helm B3's Upkeep step
Phase: Ai(2)-Kilo Helm B3's Draw step
Phase: Ai(2)-Kilo Helm B3's Main phase, precombat
Mana: Radiant Summit (124) - {T}: Add {W}.
Mana: Arcane Signet (195) - {T}: Add one mana of any color in your commander's color identity.
Mana: Mountain (189) - {T}: Add {R}.
Mana: Academy Ruins (155) - {T}: Add {C}.
Add To Stack: Ai(2)-Kilo Helm B3 cast Kilo, Apogee Mind
Resolve Stack: Kilo, Apogee Mind - Creature 3 / 3
Phase: Ai(2)-Kilo Helm B3's Beginning of Combat Step
Phase: Ai(2)-Kilo Helm B3's Declare Attackers Step
Phase: Ai(2)-Kilo Helm B3's Declare Blockers Step
Phase: Ai(2)-Kilo Helm B3's First Strike Damage Step
Phase: Ai(2)-Kilo Helm B3's Combat Damage Step
Phase: Ai(2)-Kilo Helm B3's End of Combat Step
Phase: Ai(2)-Kilo Helm B3's Main phase, postcombat
Phase: Ai(2)-Kilo Helm B3's End step
Phase: Ai(2)-Kilo Helm B3's Cleanup step
Turn: Turn 23 (Ai(3)-Atraxa Counters B3)
Phase: Ai(3)-Atraxa Counters B3's Untap step
Phase: Ai(3)-Atraxa Counters B3's Upkeep step
Phase: Ai(3)-Atraxa Counters B3's Draw step
Phase: Ai(3)-Atraxa Counters B3's Main phase, precombat
Phase: Ai(3)-Atraxa Counters B3's Beginning of Combat Step
Phase: Ai(3)-Atraxa Counters B3's Declare Attackers Step
Phase: Ai(3)-Atraxa Counters B3's Declare Blockers Step
Phase: Ai(3)-Atraxa Counters B3's First Strike Damage Step
Phase: Ai(3)-Atraxa Counters B3's Combat Damage Step
Phase: Ai(3)-Atraxa Counters B3's End of Combat Step
Phase: Ai(3)-Atraxa Counters B3's Main phase, postcombat
Mana: Island (263) - {T}: Add {U}.
Mana: Island (264) - {T}: Add {U}.
Mana: Island (265) - {T}: Add {U}.
Mana: Plains (252) - {T}: Add {W}.
Mana: Forest (258) - {T}: Add {G}.
Mana: Command Tower (211) - {T}: Add one mana of any color in your commander's color identity.
Add To Stack: Ai(3)-Atraxa Counters B3 cast Astral Cornucopia
Replacement Effect: Astral Cornucopia enters with X charge counters on it.
Resolve Stack: Astral Cornucopia (X=2)
Phase: Ai(3)-Atraxa Counters B3's End step
Phase: Ai(3)-Atraxa Counters B3's Cleanup step
Turn: Turn 24 (Ai(4)-Meren Graveyard B3)
Phase: Ai(4)-Meren Graveyard B3's Untap step
Phase: Ai(4)-Meren Graveyard B3's Upkeep step
Phase: Ai(4)-Meren Graveyard B3's Draw step
Phase: Ai(4)-Meren Graveyard B3's Main phase, precombat
Land: Ai(4)-Meren Graveyard B3 played Swamp (395)
Mana: Forest (365) - {T}: Add {G}.
Add To Stack: Ai(4)-Meren Graveyard B3 activated Skullclamp targeting [Meren of Clan Nel Toth (403)]
Resolve Stack: Skullclamp (305) -  Attach to Meren of Clan Nel Toth (403)
Phase: Ai(4)-Meren Graveyard B3's Beginning of Combat Step
Phase: Ai(4)-Meren Graveyard B3's Declare Attackers Step
Phase: Ai(4)-Meren Graveyard B3's Declare Blockers Step
Phase: Ai(4)-Meren Graveyard B3's First Strike Damage Step
Phase: Ai(4)-Meren Graveyard B3's Combat Damage Step
Phase: Ai(4)-Meren Graveyard B3's End of Combat Step
Phase: Ai(4)-Meren Graveyard B3's Main phase, postcombat
Mana: Swamp (392) - {T}: Add {B}.
Mana: Forest (363) - {T}: Add {G}.
Add To Stack: Ai(4)-Meren Graveyard B3 cast Zulaport Cutthroat
Resolve Stack: Zulaport Cutthroat - Creature 1 / 1
Mana: Golgari Rot Farm (375) - {T}: Add {B}{G}.
Mana: Swamp (395) - {T}: Add {B}.
Add To Stack: Ai(4)-Meren Graveyard B3 cast Kodama's Reach
Resolve Stack: Kodama's Reach (381) - Search your library for up to two basic land cards, reveal those cards, put one onto the battlefield tapped and the other into your hand, then shuffle.   
Phase: Ai(4)-Meren Graveyard B3's End step
Phase: Ai(4)-Meren Graveyard B3's Cleanup step
Turn: Turn 25 (Ai(1)-Ur-Dragon B3)
Phase: Ai(1)-Ur-Dragon B3's Untap step
Phase: Ai(1)-Ur-Dragon B3's Upkeep step
Phase: Ai(1)-Ur-Dragon B3's Draw step
Mana: Swamp (91) - {T}: Add {B}.
Mana: Jungle Shrine (61) - {T}: Add {R}, {G}, or {W}.
Mana: Island (55) - {T}: Add {U}.
Add To Stack: Ai(1)-Ur-Dragon B3 cast Anguished Unmaking targeting [Meren of Clan Nel Toth (403)]
Zone Change: Meren of Clan Nel Toth (403) was put into Exile from Battlefield.
Life: Life: Ai(1)-Ur-Dragon B3 27 > 24
Resolve Stack: Anguished Unmaking (96) - Exile Meren of Clan Nel Toth (403). Ai(1)-Ur-Dragon B3 loses 3 life.
Phase: Ai(1)-Ur-Dragon B3's Main phase, precombat
Mana: Command Tower (10) - {T}: Add one mana of any color in your commander's color identity.
Resolve Stack: Ai(1)-Ur-Dragon B3 has suspended Search for Tomorrow with 2 time counters on it.
Phase: Ai(1)-Ur-Dragon B3's Beginning of Combat Step
Phase: Ai(1)-Ur-Dragon B3's Declare Attackers Step
Combat: Ai(1)-Ur-Dragon B3 assigned Boneyard Scourge (12), Stormbreath Dragon (88) and Scourge of Valkas (84) to attack Ai(4)-Meren Graveyard B3.
Phase: Ai(1)-Ur-Dragon B3's Declare Blockers Step
Combat: Ai(4)-Meren Graveyard B3 didn't block Boneyard Scourge (12).
Ai(4)-Meren Graveyard B3 didn't block Stormbreath Dragon (88).
Ai(4)-Meren Graveyard B3 didn't block Scourge of Valkas (84).
Mana: Mountain (78) - {T}: Add {R}.
Add To Stack: Ai(1)-Ur-Dragon B3 activated Scourge of Valkas
Resolve Stack: Scourge of Valkas (84) - Scourge of Valkas (84) gets +1/+0  until end of turn.
Phase: Ai(1)-Ur-Dragon B3's First Strike Damage Step
Phase: Ai(1)-Ur-Dragon B3's Combat Damage Step
Damage: Boneyard Scourge (12) deals 4 combat damage to Ai(4)-Meren Graveyard B3.
Damage: Stormbreath Dragon (88) deals 4 combat damage to Ai(4)-Meren Graveyard B3.
Damage: Scourge of Valkas (84) deals 5 combat damage to Ai(4)-Meren Graveyard B3.
Life: Life: Ai(4)-Meren Graveyard B3 24 > 11
Phase: Ai(1)-Ur-Dragon B3's End of Combat Step
Phase: Ai(1)-Ur-Dragon B3's Main phase, postcombat
Phase: Ai(1)-Ur-Dragon B3's End step
Phase: Ai(1)-Ur-Dragon B3's Cleanup step
Turn: Turn 26 (Ai(2)-Kilo Helm B3)
Phase: Ai(2)-Kilo Helm B3's Untap step
Phase: Ai(2)-Kilo Helm B3's Upkeep step
Phase: Ai(2)-Kilo Helm B3's Draw step
Phase: Ai(2)-Kilo Helm B3's Main phase, precombat
Phase: Ai(2)-Kilo Helm B3's Beginning of Combat Step
Phase: Ai(2)-Kilo Helm B3's Declare Attackers Step
Combat: Ai(2)-Kilo Helm B3 assigned Kilo, Apogee Mind (201) to attack Ai(1)-Ur-Dragon B3.
Add To Stack: Ai(2)-Kilo Helm B3 triggered Kilo, Apogee Mind
Resolve Stack: Whenever Kilo becomes tapped, proliferate. (Choose any number of permanents and/or players, then give each another counter of each kind already there.) [Tapped: Kilo, Apogee Mind (201)]
Phase: Ai(2)-Kilo Helm B3's Declare Blockers Step
Combat: Ai(1)-Ur-Dragon B3 didn't block Kilo, Apogee Mind (201).
Phase: Ai(2)-Kilo Helm B3's First Strike Damage Step
Phase: Ai(2)-Kilo Helm B3's Combat Damage Step
Damage: Kilo, Apogee Mind (201) deals 3 combat damage to Ai(1)-Ur-Dragon B3.
Life: Life: Ai(1)-Ur-Dragon B3 24 > 21
Phase: Ai(2)-Kilo Helm B3's End of Combat Step
Phase: Ai(2)-Kilo Helm B3's Main phase, postcombat
Mana: Arcane Signet (195) - {T}: Add one mana of any color in your commander's color identity.
Add To Stack: Ai(2)-Kilo Helm B3 cast Emry, Lurker of the Loch
Resolve Stack: Emry, Lurker of the Loch - Creature 1 / 2
Add To Stack: Ai(2)-Kilo Helm B3 triggered Emry, Lurker of the Loch
Zone Change: Ai(2)-Kilo Helm B3 milled Depthshaker Titan (106), Jhoira, Weatherlight Captain (177), Chrome Host Seedshark (180) and Enlightened Tutor (169).
Resolve Stack: When Emry, Lurker of the Loch enters, mill four cards. [Zone Changer: Emry, Lurker of the Loch (149)]
Damage: Shivan Reef (137) deals 1 non-combat damage to Ai(2)-Kilo Helm B3.
Life: Life: Ai(2)-Kilo Helm B3 26 > 25
Mana: Shivan Reef (137) - {T}: Add {U} or {R}. Shivan Reef deals 1 damage to you. 
Mana: Mountain (189) - {T}: Add {R}.
Mana: Radiant Summit (124) - {T}: Add {R}.
Add To Stack: Ai(2)-Kilo Helm B3 cast Thirst for Knowledge
Discard: Ai(2)-Kilo Helm B3 discards Insight Engine (136).
Resolve Stack: Thirst for Knowledge (192) - Ai(2)-Kilo Helm B3 draws three cards. Ai(2)-Kilo Helm B3 discards two cards.
Land: Ai(2)-Kilo Helm B3 played Inventors' Fair (103)
Phase: Ai(2)-Kilo Helm B3's End step
Phase: Ai(2)-Kilo Helm B3's Cleanup step
Turn: Turn 27 (Ai(3)-Atraxa Counters B3)
Phase: Ai(3)-Atraxa Counters B3's Untap step
Phase: Ai(3)-Atraxa Counters B3's Upkeep step
Phase: Ai(3)-Atraxa Counters B3's Draw step
Phase: Ai(3)-Atraxa Counters B3's Main phase, precombat
Phase: Ai(3)-Atraxa Counters B3's Beginning of Combat Step
Phase: Ai(3)-Atraxa Counters B3's Declare Attackers Step
Combat: Ai(3)-Atraxa Counters B3 assigned Solemn Simulacrum (228) to attack Ai(1)-Ur-Dragon B3.
Phase: Ai(3)-Atraxa Counters B3's Declare Blockers Step
Combat: Ai(1)-Ur-Dragon B3 didn't block Solemn Simulacrum (228).
Phase: Ai(3)-Atraxa Counters B3's First Strike Damage Step
Phase: Ai(3)-Atraxa Counters B3's Combat Damage Step
Damage: Solemn Simulacrum (228) deals 2 combat damage to Ai(1)-Ur-Dragon B3.
Life: Life: Ai(1)-Ur-Dragon B3 21 > 19
Phase: Ai(3)-Atraxa Counters B3's End of Combat Step
Phase: Ai(3)-Atraxa Counters B3's Main phase, postcombat
Mana: Command Tower (211) - {T}: Add one mana of any color in your commander's color identity.
Mana: Plains (252) - {T}: Add {W}.
Mana: Forest (258) - {T}: Add {G}.
Mana: Island (263) - {T}: Add {U}.
Add To Stack: Ai(3)-Atraxa Counters B3 cast Atraxa, Praetors' Voice
Resolve Stack: Atraxa, Praetors' Voice - Creature 4 / 4
Mana: Astral Cornucopia (205) - {T}: Choose a color. Add one mana of that color for each charge counter on this artifact.
Mana: Island (264) - {T}: Add {U}.
Add To Stack: Ai(3)-Atraxa Counters B3 cast Champion of Lambholt
Resolve Stack: Champion of Lambholt - Creature 1 / 1
Phase: Ai(3)-Atraxa Counters B3's End step
Add To Stack: Ai(3)-Atraxa Counters B3 triggered Atraxa, Praetors' Voice
Resolve Stack: At the beginning of your end step, proliferate. (Choose any number of permanents and/or players, then give each another counter of each kind already there.) [Phase: Ai(3)-Atraxa Counters B3]
Phase: Ai(3)-Atraxa Counters B3's Cleanup step
Turn: Turn 28 (Ai(4)-Meren Graveyard B3)
Phase: Ai(4)-Meren Graveyard B3's Untap step
Phase: Ai(4)-Meren Graveyard B3's Upkeep step
Phase: Ai(4)-Meren Graveyard B3's Draw step
Phase: Ai(4)-Meren Graveyard B3's Main phase, precombat
Land: Ai(4)-Meren Graveyard B3 played Forest (358)
Mana: Forest (365) - {T}: Add {G}.
Add To Stack: Ai(4)-Meren Graveyard B3 activated Skullclamp targeting [Acidic Slime (354)]
Resolve Stack: Skullclamp (305) -  Attach to Acidic Slime (354)
Phase: Ai(4)-Meren Graveyard B3's Beginning of Combat Step
Phase: Ai(4)-Meren Graveyard B3's Declare Attackers Step
Phase: Ai(4)-Meren Graveyard B3's Declare Blockers Step
Phase: Ai(4)-Meren Graveyard B3's First Strike Damage Step
Phase: Ai(4)-Meren Graveyard B3's Combat Damage Step
Phase: Ai(4)-Meren Graveyard B3's End of Combat Step
Phase: Ai(4)-Meren Graveyard B3's Main phase, postcombat
Mana: Swamp (392) - {T}: Add {B}.
Mana: Swamp (395) - {T}: Add {B}.
Mana: Forest (363) - {T}: Add {G}.
Mana: Forest (358) - {T}: Add {G}.
Mana: Swamp (396) - {T}: Add {B}.
Mana: Golgari Rot Farm (375) - {T}: Add {B}{G}.
Add To Stack: Ai(4)-Meren Graveyard B3 cast Butcher of Malakir
Resolve Stack: Butcher of Malakir - Creature 5 / 4
Phase: Ai(4)-Meren Graveyard B3's End step
Phase: Ai(4)-Meren Graveyard B3's Cleanup step
Turn: Turn 29 (Ai(1)-Ur-Dragon B3)
Phase: Ai(1)-Ur-Dragon B3's Untap step
Phase: Ai(1)-Ur-Dragon B3's Upkeep step
Add To Stack: Ai(1)-Ur-Dragon B3 triggered Search for Tomorrow
Resolve Stack: At the beginning of your upkeep, if this card is suspended, remove a time counter from it [Phase: Ai(1)-Ur-Dragon B3]
Phase: Ai(1)-Ur-Dragon B3's Draw step
Phase: Ai(1)-Ur-Dragon B3's Main phase, precombat
Mana: Jungle Shrine (61) - {T}: Add {R}, {G}, or {W}.
Mana: Command Tower (10) - {T}: Add one mana of any color in your commander's color identity.
Mana: Island (55) - {T}: Add {U}.
Mana: Mountain (78) - {T}: Add {R}.
Mana: Swamp (91) - {T}: Add {B}.
Add To Stack: Ai(1)-Ur-Dragon B3 cast Dragonlord Dromoka
Resolve Stack: Dragonlord Dromoka - Creature 5 / 7
Add To Stack: Ai(1)-Ur-Dragon B3 triggered Scourge of Valkas targeting [Butcher of Malakir (350)]
Damage: Dragonlord Dromoka (26) deals 4 damage to Butcher of Malakir (350).
Life: Life: Ai(1)-Ur-Dragon B3 19 > 23
Resolve Stack: Whenever Scourge of Valkas or another Dragon you control enters, it deals X damage to any target, where X is the number of Dragons you control. (Targeting: [[Butcher of Malakir (350)]]) [Zone Changer: Dragonlord Dromoka (26)]
Zone Change: Butcher of Malakir (350) was put into Graveyard from Battlefield.
Add To Stack: Ai(4)-Meren Graveyard B3 triggered Zulaport Cutthroat
Add To Stack: Ai(4)-Meren Graveyard B3 triggered Butcher of Malakir
Zone Change: Boneyard Scourge (12) was put into Graveyard from Battlefield.
Zone Change: Emry, Lurker of the Loch (149) was put into Graveyard from Battlefield.
Zone Change: Solemn Simulacrum (228) was put into Graveyard from Battlefield.
Resolve Stack: Whenever Butcher of Malakir or another creature you control dies, each opponent sacrifices a creature. [Zone Changer: Butcher of Malakir (350)]
Add To Stack: Ai(3)-Atraxa Counters B3 triggered Solemn Simulacrum
Resolve Stack: When Solemn Simulacrum dies, you may draw a card. [Zone Changer: Solemn Simulacrum (228)]
Life: Life: Ai(1)-Ur-Dragon B3 23 > 22
Life: Life: Ai(2)-Kilo Helm B3 25 > 24
Life: Life: Ai(3)-Atraxa Counters B3 40 > 39
Life: Life: Ai(4)-Meren Graveyard B3 11 > 12
Resolve Stack: Whenever Zulaport Cutthroat or another creature you control dies, each opponent loses 1 life and you gain 1 life. [Zone Changer: Butcher of Malakir (350)]
Phase: Ai(1)-Ur-Dragon B3's Beginning of Combat Step
Phase: Ai(1)-Ur-Dragon B3's Declare Attackers Step
Combat: Ai(1)-Ur-Dragon B3 assigned Stormbreath Dragon (88) and Scourge of Valkas (84) to attack Ai(4)-Meren Graveyard B3.
Phase: Ai(1)-Ur-Dragon B3's Declare Blockers Step
Combat: Ai(4)-Meren Graveyard B3 didn't block Stormbreath Dragon (88).
Ai(4)-Meren Graveyard B3 didn't block Scourge of Valkas (84).
Phase: Ai(1)-Ur-Dragon B3's First Strike Damage Step
Phase: Ai(1)-Ur-Dragon B3's Combat Damage Step
Damage: Stormbreath Dragon (88) deals 4 combat damage to Ai(4)-Meren Graveyard B3.
Damage: Scourge of Valkas (84) deals 4 combat damage to Ai(4)-Meren Graveyard B3.
Life: Life: Ai(4)-Meren Graveyard B3 12 > 4
Phase: Ai(1)-Ur-Dragon B3's End of Combat Step
Phase: Ai(1)-Ur-Dragon B3's Main phase, postcombat
Replacement Effect: Arcane Sanctum enters tapped.
Land: Ai(1)-Ur-Dragon B3 played Arcane Sanctum (3)
Phase: Ai(1)-Ur-Dragon B3's End step
Phase: Ai(1)-Ur-Dragon B3's Cleanup step
Turn: Turn 30 (Ai(2)-Kilo Helm B3)
Phase: Ai(2)-Kilo Helm B3's Untap step
Phase: Ai(2)-Kilo Helm B3's Upkeep step
Add To Stack: Ai(2)-Kilo Helm B3 triggered Inventors' Fair
Life: Life: Ai(2)-Kilo Helm B3 24 > 25
Resolve Stack: At the beginning of your upkeep, if you control three or more artifacts, you gain 1 life. [Phase: Ai(2)-Kilo Helm B3]
Phase: Ai(2)-Kilo Helm B3's Draw step
Phase: Ai(2)-Kilo Helm B3's Main phase, precombat
Land: Ai(2)-Kilo Helm B3 played Seat of the Synod (186)
Mana: Mountain (189) - {T}: Add {R}.
Mana: Seat of the Synod (186) - {T}: Add {U}.
Mana: Radiant Summit (124) - {T}: Add {R}.
Mana: Arcane Signet (195) - {T}: Add one mana of any color in your commander's color identity.
Mana: Academy Ruins (155) - {T}: Add {C}.
Mana: Inventors' Fair (103) - {T}: Add {C}.
Mana: Shivan Reef (137) - {T}: Add {C}.
Add To Stack: Ai(2)-Kilo Helm B3 cast Extinguisher Battleship
Resolve Stack: Extinguisher Battleship
Add To Stack: Ai(2)-Kilo Helm B3 triggered Extinguisher Battleship targeting [Golgari Rot Farm (375)]
Zone Change: Golgari Rot Farm (375) was put into Graveyard from Battlefield.
Damage: Extinguisher Battleship (151) deals 4 damage to Stormbreath Dragon (88).
Damage: Extinguisher Battleship (151) deals 4 damage to Scourge of Valkas (84).
Damage: Extinguisher Battleship (151) deals 4 damage to Dragonlord Dromoka (26).
Damage: Extinguisher Battleship (151) deals 4 damage to Kilo, Apogee Mind (201).
Damage: Extinguisher Battleship (151) deals 4 damage to Atraxa, Praetors' Voice (302).
Damage: Extinguisher Battleship (151) deals 4 damage to Champion of Lambholt (280).
Damage: Extinguisher Battleship (151) deals 4 damage to Acidic Slime (354).
Damage: Extinguisher Battleship (151) deals 4 damage to Deathrite Shaman (383).
Damage: Extinguisher Battleship (151) deals 4 damage to Zulaport Cutthroat (329).
Resolve Stack: When this Spacecraft enters, destroy target noncreature permanent. Then this Spacecraft deals 4 damage to each creature. (Targeting: [[Golgari Rot Farm (375)]]) [Zone Changer: Extinguisher Battleship (151)]
Zone Change: Kilo, Apogee Mind (201) was put into Graveyard from Battlefield.
Zone Change: Atraxa, Praetors' Voice (302) was put into Graveyard from Battlefield.
Zone Change: Champion of Lambholt (280) was put into Graveyard from Battlefield.
Zone Change: Acidic Slime (354) was put into Graveyard from Battlefield.
Zone Change: Deathrite Shaman (383) was put into Graveyard from Battlefield.
Zone Change: Zulaport Cutthroat (329) was put into Graveyard from Battlefield.
Zone Change: Stormbreath Dragon (88) was put into Graveyard from Battlefield.
Zone Change: Scourge of Valkas (84) was put into Graveyard from Battlefield.
Add To Stack: Ai(4)-Meren Graveyard B3 triggered Zulaport Cutthroat
Add To Stack: Ai(4)-Meren Graveyard B3 triggered Zulaport Cutthroat
Add To Stack: Ai(4)-Meren Graveyard B3 triggered Zulaport Cutthroat
Add To Stack: Ai(4)-Meren Graveyard B3 triggered Skullclamp
Add To Stack: Ai(1)-Ur-Dragon B3 triggered Boneyard Scourge
Add To Stack: Ai(1)-Ur-Dragon B3 triggered Boneyard Scourge
Resolve Stack: Whenever a Dragon you control dies while Boneyard Scourge is in your graveyard, you may pay {1}{B}. If you do, return Boneyard Scourge from your graveyard to the battlefield. [Zone Changer: Scourge of Valkas (84)]
Resolve Stack: Whenever a Dragon you control dies while Boneyard Scourge is in your graveyard, you may pay {1}{B}. If you do, return Boneyard Scourge from your graveyard to the battlefield. [Zone Changer: Stormbreath Dragon (88)]
Resolve Stack: Whenever equipped creature dies, draw two cards. [Zone Changer: Acidic Slime (354)]
Life: Life: Ai(2)-Kilo Helm B3 25 > 24
Life: Life: Ai(3)-Atraxa Counters B3 39 > 38
Life: Life: Ai(1)-Ur-Dragon B3 22 > 21
Life: Life: Ai(4)-Meren Graveyard B3 4 > 5
Resolve Stack: Whenever Zulaport Cutthroat or another creature you control dies, each opponent loses 1 life and you gain 1 life. [Zone Changer: Zulaport Cutthroat (329)]
Life: Life: Ai(2)-Kilo Helm B3 24 > 23
Life: Life: Ai(3)-Atraxa Counters B3 38 > 37
Life: Life: Ai(1)-Ur-Dragon B3 21 > 20
Life: Life: Ai(4)-Meren Graveyard B3 5 > 6
Resolve Stack: Whenever Zulaport Cutthroat or another creature you control dies, each opponent loses 1 life and you gain 1 life. [Zone Changer: Deathrite Shaman (383)]
Life: Life: Ai(2)-Kilo Helm B3 23 > 22
Life: Life: Ai(3)-Atraxa Counters B3 37 > 36
Life: Life: Ai(1)-Ur-Dragon B3 20 > 19
Life: Life: Ai(4)-Meren Graveyard B3 6 > 7
Resolve Stack: Whenever Zulaport Cutthroat or another creature you control dies, each opponent loses 1 life and you gain 1 life. [Zone Changer: Acidic Slime (354)]
Phase: Ai(2)-Kilo Helm B3's Beginning of Combat Step
Phase: Ai(2)-Kilo Helm B3's Declare Attackers Step
Phase: Ai(2)-Kilo Helm B3's Declare Blockers Step
Phase: Ai(2)-Kilo Helm B3's First Strike Damage Step
Phase: Ai(2)-Kilo Helm B3's Combat Damage Step
Phase: Ai(2)-Kilo Helm B3's End of Combat Step
Phase: Ai(2)-Kilo Helm B3's Main phase, postcombat
Phase: Ai(2)-Kilo Helm B3's End step
Phase: Ai(2)-Kilo Helm B3's Cleanup step
Turn: Turn 31 (Ai(3)-Atraxa Counters B3)
Phase: Ai(3)-Atraxa Counters B3's Untap step
Phase: Ai(3)-Atraxa Counters B3's Upkeep step
Phase: Ai(3)-Atraxa Counters B3's Draw step
Phase: Ai(3)-Atraxa Counters B3's Main phase, precombat
Land: Ai(3)-Atraxa Counters B3 played Yavimaya Coast (221)
Phase: Ai(3)-Atraxa Counters B3's Beginning of Combat Step
Phase: Ai(3)-Atraxa Counters B3's Declare Attackers Step
Phase: Ai(3)-Atraxa Counters B3's Declare Blockers Step
Phase: Ai(3)-Atraxa Counters B3's First Strike Damage Step
Phase: Ai(3)-Atraxa Counters B3's Combat Damage Step
Phase: Ai(3)-Atraxa Counters B3's End of Combat Step
Phase: Ai(3)-Atraxa Counters B3's Main phase, postcombat
Mana: Command Tower (211) - {T}: Add one mana of any color in your commander's color identity.
Mana: Plains (252) - {T}: Add {W}.
Mana: Forest (258) - {T}: Add {G}.
Mana: Island (263) - {T}: Add {U}.
Mana: Island (264) - {T}: Add {U}.
Mana: Island (265) - {T}: Add {U}.
Add To Stack: Ai(3)-Atraxa Counters B3 cast Atraxa, Praetors' Voice
Resolve Stack: Atraxa, Praetors' Voice - Creature 4 / 4
Phase: Ai(3)-Atraxa Counters B3's End step
Add To Stack: Ai(3)-Atraxa Counters B3 triggered Atraxa, Praetors' Voice
Resolve Stack: At the beginning of your end step, proliferate. (Choose any number of permanents and/or players, then give each another counter of each kind already there.) [Phase: Ai(3)-Atraxa Counters B3]
Phase: Ai(3)-Atraxa Counters B3's Cleanup step
Turn: Turn 32 (Ai(4)-Meren Graveyard B3)
Phase: Ai(4)-Meren Graveyard B3's Untap step
Phase: Ai(4)-Meren Graveyard B3's Upkeep step
Phase: Ai(4)-Meren Graveyard B3's Draw step
Phase: Ai(4)-Meren Graveyard B3's Main phase, precombat
Land: Ai(4)-Meren Graveyard B3 played Forest (359)
Phase: Ai(4)-Meren Graveyard B3's Beginning of Combat Step
Phase: Ai(4)-Meren Graveyard B3's Declare Attackers Step
Phase: Ai(4)-Meren Graveyard B3's Declare Blockers Step
Phase: Ai(4)-Meren Graveyard B3's First Strike Damage Step
Phase: Ai(4)-Meren Graveyard B3's Combat Damage Step
Phase: Ai(4)-Meren Graveyard B3's End of Combat Step
Phase: Ai(4)-Meren Graveyard B3's Main phase, postcombat
Mana: Swamp (392) - {T}: Add {B}.
Mana: Forest (365) - {T}: Add {G}.
Mana: Forest (363) - {T}: Add {G}.
Mana: Forest (358) - {T}: Add {G}.
Mana: Forest (359) - {T}: Add {G}.
Mana: Swamp (395) - {T}: Add {B}.
Add To Stack: Ai(4)-Meren Graveyard B3 cast Meren of Clan Nel Toth
Mana: Astral Cornucopia (205) - {T}: Choose a color. Add one mana of that color for each charge counter on this artifact.
Add To Stack: Ai(3)-Atraxa Counters B3 cast Counterspell targeting [Meren of Clan Nel Toth - Creature 3 / 4]
Zone Change: Send countered spell to Graveyard
Resolve Stack: Counterspell (218) - Counter Meren of Clan Nel Toth (403).
Phase: Ai(4)-Meren Graveyard B3's End step
Phase: Ai(4)-Meren Graveyard B3's Cleanup step
Turn: Turn 33 (Ai(1)-Ur-Dragon B3)
Phase: Ai(1)-Ur-Dragon B3's Untap step
Phase: Ai(1)-Ur-Dragon B3's Upkeep step
Add To Stack: Ai(1)-Ur-Dragon B3 triggered Search for Tomorrow
Resolve Stack: At the beginning of your upkeep, if this card is suspended, remove a time counter from it [Phase: Ai(1)-Ur-Dragon B3]
Add To Stack: Ai(1)-Ur-Dragon B3 triggered Search for Tomorrow
Add To Stack: Ai(1)-Ur-Dragon B3 cast Search for Tomorrow
Resolve Stack: When the last time counter is removed from this card, if it's exiled, you may play it without paying its mana cost if able.  If you can't, it remains exiled. If you cast a creature spell this way, it gains haste until you lose control of the spell or the permanent it becomes. [Removed from: Search for Tomorrow (27)]
Resolve Stack: Search for Tomorrow (27) - Ai(1)-Ur-Dragon B3 searches their library for a basic land card, puts it onto the battlefield, then shuffles.
Phase: Ai(1)-Ur-Dragon B3's Draw step
Phase: Ai(1)-Ur-Dragon B3's Main phase, precombat
Phase: Ai(1)-Ur-Dragon B3's Beginning of Combat Step
Phase: Ai(1)-Ur-Dragon B3's Declare Attackers Step
Combat: Ai(1)-Ur-Dragon B3 assigned Dragonlord Dromoka (26) to attack Ai(4)-Meren Graveyard B3.
Phase: Ai(1)-Ur-Dragon B3's Declare Blockers Step
Combat: Ai(4)-Meren Graveyard B3 didn't block Dragonlord Dromoka (26).
Phase: Ai(1)-Ur-Dragon B3's First Strike Damage Step
Phase: Ai(1)-Ur-Dragon B3's Combat Damage Step
Damage: Dragonlord Dromoka (26) deals 5 combat damage to Ai(4)-Meren Graveyard B3.
Life: Life: Ai(1)-Ur-Dragon B3 19 > 24
Life: Life: Ai(4)-Meren Graveyard B3 7 > 2
Phase: Ai(1)-Ur-Dragon B3's End of Combat Step
Phase: Ai(1)-Ur-Dragon B3's Main phase, postcombat
Replacement Effect: Sandsteppe Citadel enters tapped.
Land: Ai(1)-Ur-Dragon B3 played Sandsteppe Citadel (11)
Mana: Jungle Shrine (61) - {T}: Add {R}, {G}, or {W}.
Mana: Command Tower (10) - {T}: Add one mana of any color in your commander's color identity.
Mana: Island (55) - {T}: Add {U}.
Mana: Plains (42) - {T}: Add {W}.
Mana: Mountain (78) - {T}: Add {R}.
Mana: Swamp (91) - {T}: Add {B}.
Mana: Arcane Sanctum (3) - {T}: Add {W}, {U}, or {B}.
Add To Stack: Ai(1)-Ur-Dragon B3 cast Zendikar Resurgent
Resolve Stack: Zendikar Resurgent
Phase: Ai(1)-Ur-Dragon B3's End step
Phase: Ai(1)-Ur-Dragon B3's Cleanup step
Turn: Turn 34 (Ai(2)-Kilo Helm B3)
Phase: Ai(2)-Kilo Helm B3's Untap step
Phase: Ai(2)-Kilo Helm B3's Upkeep step
Add To Stack: Ai(2)-Kilo Helm B3 triggered Inventors' Fair
Life: Life: Ai(2)-Kilo Helm B3 22 > 23
Resolve Stack: At the beginning of your upkeep, if you control three or more artifacts, you gain 1 life. [Phase: Ai(2)-Kilo Helm B3]
Phase: Ai(2)-Kilo Helm B3's Draw step
Phase: Ai(2)-Kilo Helm B3's Main phase, precombat
Land: Ai(2)-Kilo Helm B3 played Ancient Den (190)
Mana: Ancient Den (190) - {T}: Add {W}.
Mana: Seat of the Synod (186) - {T}: Add {U}.
Mana: Mountain (189) - {T}: Add {R}.
Mana: Radiant Summit (124) - {T}: Add {R}.
Mana: Arcane Signet (195) - {T}: Add one mana of any color in your commander's color identity.
Mana: Academy Ruins (155) - {T}: Add {C}.
Add To Stack: Ai(2)-Kilo Helm B3 cast Kilo, Apogee Mind
Resolve Stack: Kilo, Apogee Mind - Creature 3 / 3
Phase: Ai(2)-Kilo Helm B3's Beginning of Combat Step
Phase: Ai(2)-Kilo Helm B3's Declare Attackers Step
Combat: Ai(2)-Kilo Helm B3 assigned Kilo, Apogee Mind (201) to attack Ai(4)-Meren Graveyard B3.
Add To Stack: Ai(2)-Kilo Helm B3 triggered Kilo, Apogee Mind
Resolve Stack: Whenever Kilo becomes tapped, proliferate. (Choose any number of permanents and/or players, then give each another counter of each kind already there.) [Tapped: Kilo, Apogee Mind (201)]
Phase: Ai(2)-Kilo Helm B3's Declare Blockers Step
Combat: Ai(4)-Meren Graveyard B3 didn't block Kilo, Apogee Mind (201).
Phase: Ai(2)-Kilo Helm B3's First Strike Damage Step
Phase: Ai(2)-Kilo Helm B3's Combat Damage Step
Damage: Kilo, Apogee Mind (201) deals 3 combat damage to Ai(4)-Meren Graveyard B3.
Life: Life: Ai(4)-Meren Graveyard B3 2 > -1
Phase: Ai(2)-Kilo Helm B3's End of Combat Step
Phase: Ai(2)-Kilo Helm B3's Main phase, postcombat
Phase: Ai(2)-Kilo Helm B3's End step
Phase: Ai(2)-Kilo Helm B3's Cleanup step
Turn: Turn 35 (Ai(3)-Atraxa Counters B3)
Phase: Ai(3)-Atraxa Counters B3's Untap step
Phase: Ai(3)-Atraxa Counters B3's Upkeep step
Phase: Ai(3)-Atraxa Counters B3's Draw step
Mana: Command Tower (211) - {T}: Add one mana of any color in your commander's color identity.
Mana: Forest (258) - {T}: Add {G}.
Mana: Island (263) - {T}: Add {U}.
Add To Stack: Ai(3)-Atraxa Counters B3 cast Putrefy targeting [Dragonlord Dromoka (26)]
Zone Change: Dragonlord Dromoka (26) was put into Graveyard from Battlefield.
Resolve Stack: Putrefy (267) - Destroy Dragonlord Dromoka (26). It can't be regenerated.
Add To Stack: Ai(1)-Ur-Dragon B3 triggered Boneyard Scourge
Resolve Stack: Whenever a Dragon you control dies while Boneyard Scourge is in your graveyard, you may pay {1}{B}. If you do, return Boneyard Scourge from your graveyard to the battlefield. [Zone Changer: Dragonlord Dromoka (26)]
Phase: Ai(3)-Atraxa Counters B3's Main phase, precombat
Land: Ai(3)-Atraxa Counters B3 played Plains (251)
Phase: Ai(3)-Atraxa Counters B3's Beginning of Combat Step
Phase: Ai(3)-Atraxa Counters B3's Declare Attackers Step
Combat: Ai(3)-Atraxa Counters B3 assigned Atraxa, Praetors' Voice (302) to attack Ai(2)-Kilo Helm B3.
Phase: Ai(3)-Atraxa Counters B3's Declare Blockers Step
Combat: Ai(2)-Kilo Helm B3 didn't block Atraxa, Praetors' Voice (302).
Phase: Ai(3)-Atraxa Counters B3's First Strike Damage Step
Phase: Ai(3)-Atraxa Counters B3's Combat Damage Step
Damage: Atraxa, Praetors' Voice (302) deals 4 combat damage to Ai(2)-Kilo Helm B3.
Life: Life: Ai(3)-Atraxa Counters B3 36 > 40
Life: Life: Ai(2)-Kilo Helm B3 23 > 19
Phase: Ai(3)-Atraxa Counters B3's End of Combat Step
Phase: Ai(3)-Atraxa Counters B3's Main phase, postcombat
Mana: Astral Cornucopia (205) - {T}: Choose a color. Add one mana of that color for each charge counter on this artifact.
Mana: Plains (252) - {T}: Add {W}.
Add To Stack: Ai(3)-Atraxa Counters B3 cast Juniper Order Ranger
Resolve Stack: Juniper Order Ranger - Creature 2 / 4
Phase: Ai(3)-Atraxa Counters B3's End step
Add To Stack: Ai(3)-Atraxa Counters B3 triggered Atraxa, Praetors' Voice
Resolve Stack: At the beginning of your end step, proliferate. (Choose any number of permanents and/or players, then give each another counter of each kind already there.) [Phase: Ai(3)-Atraxa Counters B3]
Phase: Ai(3)-Atraxa Counters B3's Cleanup step
Turn: Turn 36 (Ai(1)-Ur-Dragon B3)
Phase: Ai(1)-Ur-Dragon B3's Untap step
Phase: Ai(1)-Ur-Dragon B3's Upkeep step
Phase: Ai(1)-Ur-Dragon B3's Draw step
Phase: Ai(1)-Ur-Dragon B3's Main phase, precombat
Phase: Ai(1)-Ur-Dragon B3's Beginning of Combat Step
Phase: Ai(1)-Ur-Dragon B3's Declare Attackers Step
Phase: Ai(1)-Ur-Dragon B3's Declare Blockers Step
Phase: Ai(1)-Ur-Dragon B3's First Strike Damage Step
Phase: Ai(1)-Ur-Dragon B3's Combat Damage Step
Phase: Ai(1)-Ur-Dragon B3's End of Combat Step
Phase: Ai(1)-Ur-Dragon B3's Main phase, postcombat
Mana: Island (55) - {T}: Add {U}.
Mana: Jungle Shrine (61) - {T}: Add {R}, {G}, or {W}.
Mana: Mountain (78) - {T}: Add {R}.
Mana: Swamp (91) - {T}: Add {B}.
Mana: Plains (42) - {T}: Add {W}.
Add To Stack: Ai(1)-Ur-Dragon B3 cast The Ur-Dragon
Add To Stack: Ai(1)-Ur-Dragon B3 triggered Zendikar Resurgent
Resolve Stack: Whenever you cast a creature spell, draw a card. [Card: The Ur-Dragon (100), Activator: Ai(1)-Ur-Dragon B3, SpellAbility: The Ur-Dragon - Creature 10 / 10]
Resolve Stack: The Ur-Dragon - Creature 10 / 10
Mana: Arcane Sanctum (3) - {T}: Add {W}, {U}, or {B}.
Mana: Sandsteppe Citadel (11) - {T}: Add {W}, {B}, or {G}.
Add To Stack: Ai(1)-Ur-Dragon B3 cast Kokusho, the Evening Star
Add To Stack: Ai(1)-Ur-Dragon B3 triggered Zendikar Resurgent
Resolve Stack: Whenever you cast a creature spell, draw a card. [Card: Kokusho, the Evening Star (22), Activator: Ai(1)-Ur-Dragon B3, SpellAbility: Kokusho, the Evening Star - Creature 5 / 5]
Resolve Stack: Kokusho, the Evening Star - Creature 5 / 5
Phase: Ai(1)-Ur-Dragon B3's End step
Phase: Ai(1)-Ur-Dragon B3's Cleanup step
Turn: Turn 37 (Ai(2)-Kilo Helm B3)
Phase: Ai(2)-Kilo Helm B3's Untap step
Phase: Ai(2)-Kilo Helm B3's Upkeep step
Add To Stack: Ai(2)-Kilo Helm B3 triggered Inventors' Fair
Life: Life: Ai(2)-Kilo Helm B3 19 > 20
Resolve Stack: At the beginning of your upkeep, if you control three or more artifacts, you gain 1 life. [Phase: Ai(2)-Kilo Helm B3]
Phase: Ai(2)-Kilo Helm B3's Draw step
Phase: Ai(2)-Kilo Helm B3's Main phase, precombat
Land: Ai(2)-Kilo Helm B3 played Exotic Orchard (200)
Phase: Ai(2)-Kilo Helm B3's Beginning of Combat Step
Phase: Ai(2)-Kilo Helm B3's Declare Attackers Step
Phase: Ai(2)-Kilo Helm B3's Declare Blockers Step
Phase: Ai(2)-Kilo Helm B3's First Strike Damage Step
Phase: Ai(2)-Kilo Helm B3's Combat Damage Step
Phase: Ai(2)-Kilo Helm B3's End of Combat Step
Phase: Ai(2)-Kilo Helm B3's Main phase, postcombat
Mana: Mountain (189) - {T}: Add {R}.
Mana: Exotic Orchard (200) - {T}: Add one mana of any color that a land an opponent controls could produce.
Mana: Seat of the Synod (186) - {T}: Add {U}.
Mana: Ancient Den (190) - {T}: Add {W}.
Zone Change: Inventors' Fair (103) was put into Graveyard from Battlefield.
Add To Stack: Ai(2)-Kilo Helm B3 activated Inventors' Fair
Resolve Stack: Inventors' Fair (103) - Ai(2)-Kilo Helm B3 searches their library for an artifact card, reveals it, puts it into their hand, then shuffles.
Phase: Ai(2)-Kilo Helm B3's End step
Phase: Ai(2)-Kilo Helm B3's Cleanup step
Turn: Turn 38 (Ai(3)-Atraxa Counters B3)
Phase: Ai(3)-Atraxa Counters B3's Untap step
Phase: Ai(3)-Atraxa Counters B3's Upkeep step
Phase: Ai(3)-Atraxa Counters B3's Draw step
Phase: Ai(3)-Atraxa Counters B3's Main phase, precombat
Phase: Ai(3)-Atraxa Counters B3's Beginning of Combat Step
Phase: Ai(3)-Atraxa Counters B3's Declare Attackers Step
Phase: Ai(3)-Atraxa Counters B3's Declare Blockers Step
Phase: Ai(3)-Atraxa Counters B3's First Strike Damage Step
Phase: Ai(3)-Atraxa Counters B3's Combat Damage Step
Phase: Ai(3)-Atraxa Counters B3's End of Combat Step
Phase: Ai(3)-Atraxa Counters B3's Main phase, postcombat
Land: Ai(3)-Atraxa Counters B3 played Forest (257)
Mana: Command Tower (211) - {T}: Add one mana of any color in your commander's color identity.
Mana: Forest (258) - {T}: Add {G}.
Mana: Plains (252) - {T}: Add {W}.
Mana: Plains (251) - {T}: Add {W}.
Mana: Island (263) - {T}: Add {U}.
Add To Stack: Ai(3)-Atraxa Counters B3 cast Vraska the Unseen
Replacement Effect: Vraska the Unseen enters with five loyalty counters on it.
Resolve Stack: Vraska the Unseen
Add To Stack: Ai(3)-Atraxa Counters B3 activated Vraska the Unseen targeting [The Ur-Dragon (100)]
Zone Change: The Ur-Dragon (100) was put into Graveyard from Battlefield.
Resolve Stack: Vraska the Unseen (282) - Destroy The Ur-Dragon (100).
Add To Stack: Ai(1)-Ur-Dragon B3 triggered Boneyard Scourge
Mana: Command Tower (10) - {T}: Add one mana of any color in your commander's color identity.
Resolve Stack: Whenever a Dragon you control dies while Boneyard Scourge is in your graveyard, you may pay {1}{B}. If you do, return Boneyard Scourge from your graveyard to the battlefield. [Zone Changer: The Ur-Dragon (100)]
Phase: Ai(3)-Atraxa Counters B3's End step
Add To Stack: Ai(3)-Atraxa Counters B3 triggered Atraxa, Praetors' Voice
Resolve Stack: At the beginning of your end step, proliferate. (Choose any number of permanents and/or players, then give each another counter of each kind already there.) [Phase: Ai(3)-Atraxa Counters B3]
Phase: Ai(3)-Atraxa Counters B3's Cleanup step
Turn: Turn 39 (Ai(1)-Ur-Dragon B3)
Phase: Ai(1)-Ur-Dragon B3's Untap step
Phase: Ai(1)-Ur-Dragon B3's Upkeep step
Phase: Ai(1)-Ur-Dragon B3's Draw step
Phase: Ai(1)-Ur-Dragon B3's Main phase, precombat
Phase: Ai(1)-Ur-Dragon B3's Beginning of Combat Step
Phase: Ai(1)-Ur-Dragon B3's Declare Attackers Step
Phase: Ai(1)-Ur-Dragon B3's Declare Blockers Step
Phase: Ai(1)-Ur-Dragon B3's First Strike Damage Step
Phase: Ai(1)-Ur-Dragon B3's Combat Damage Step
Phase: Ai(1)-Ur-Dragon B3's End of Combat Step
Phase: Ai(1)-Ur-Dragon B3's Main phase, postcombat
Mana: Island (55) - {T}: Add {U}.
Mana: Mountain (78) - {T}: Add {R}.
Mana: Jungle Shrine (61) - {T}: Add {R}, {G}, or {W}.
Mana: Swamp (91) - {T}: Add {B}.
Mana: Plains (42) - {T}: Add {W}.
Mana: Arcane Sanctum (3) - {T}: Add {W}, {U}, or {B}.
Add To Stack: Ai(1)-Ur-Dragon B3 cast The Ur-Dragon
Add To Stack: Ai(1)-Ur-Dragon B3 triggered Zendikar Resurgent
Resolve Stack: Whenever you cast a creature spell, draw a card. [Card: The Ur-Dragon (100), Activator: Ai(1)-Ur-Dragon B3, SpellAbility: The Ur-Dragon - Creature 10 / 10]
Resolve Stack: The Ur-Dragon - Creature 10 / 10
Replacement Effect: Seaside Citadel enters tapped.
Land: Ai(1)-Ur-Dragon B3 played Seaside Citadel (74)
Mana: Command Tower (10) - {T}: Add one mana of any color in your commander's color identity.
Mana: Sandsteppe Citadel (11) - {T}: Add {W}, {B}, or {G}.
Add To Stack: Ai(1)-Ur-Dragon B3 cast Hoard-Smelter Dragon
Add To Stack: Ai(1)-Ur-Dragon B3 triggered Zendikar Resurgent
Resolve Stack: Whenever you cast a creature spell, draw a card. [Card: Hoard-Smelter Dragon (25), Activator: Ai(1)-Ur-Dragon B3, SpellAbility: Hoard-Smelter Dragon - Creature 5 / 5]
Resolve Stack: Hoard-Smelter Dragon - Creature 5 / 5
Phase: Ai(1)-Ur-Dragon B3's End step
Mana: Arcane Signet (195) - {T}: Add one mana of any color in your commander's color identity.
Mana: Radiant Summit (124) - {T}: Add {R}.
Add To Stack: Ai(2)-Kilo Helm B3 activated Academy Ruins targeting [Depthshaker Titan (106)]
Resolve Stack: Academy Ruins (155) - Put Depthshaker Titan (106) from the graveyard on top of its owner's library.
Phase: Ai(1)-Ur-Dragon B3's Cleanup step
Turn: Turn 40 (Ai(2)-Kilo Helm B3)
Phase: Ai(2)-Kilo Helm B3's Untap step
Phase: Ai(2)-Kilo Helm B3's Upkeep step
Phase: Ai(2)-Kilo Helm B3's Draw step
Phase: Ai(2)-Kilo Helm B3's Main phase, precombat
Phase: Ai(2)-Kilo Helm B3's Beginning of Combat Step
Phase: Ai(2)-Kilo Helm B3's Declare Attackers Step
Phase: Ai(2)-Kilo Helm B3's Declare Blockers Step
Phase: Ai(2)-Kilo Helm B3's First Strike Damage Step
Phase: Ai(2)-Kilo Helm B3's Combat Damage Step
Phase: Ai(2)-Kilo Helm B3's End of Combat Step
Phase: Ai(2)-Kilo Helm B3's Main phase, postcombat
Mana: Ancient Den (190) - {T}: Add {W}.
Mana: Exotic Orchard (200) - {T}: Add one mana of any color that a land an opponent controls could produce.
Mana: Seat of the Synod (186) - {T}: Add {U}.
Mana: Mountain (189) - {T}: Add {R}.
Mana: Radiant Summit (124) - {T}: Add {R}.
Mana: Arcane Signet (195) - {T}: Add one mana of any color in your commander's color identity.
Add To Stack: Ai(2)-Kilo Helm B3 cast Angel of the Ruins
Resolve Stack: Angel of the Ruins - Creature 5 / 7
Add To Stack: Ai(2)-Kilo Helm B3 triggered Angel of the Ruins targeting [Zendikar Resurgent (17), Astral Cornucopia (205)]
Mana: Astral Cornucopia (205) - {T}: Choose a color. Add one mana of that color for each charge counter on this artifact.
Zone Change: Zendikar Resurgent (17) was put into Exile from Battlefield.
Zone Change: Astral Cornucopia (205) was put into Exile from Battlefield.
Resolve Stack: When Angel of the Ruins enters, exile up to two target artifacts and/or enchantments. (Targeting: [[Zendikar Resurgent (17), Astral Cornucopia (205)]]) [Zone Changer: Angel of the Ruins (108)]
Phase: Ai(2)-Kilo Helm B3's End step
Phase: Ai(2)-Kilo Helm B3's Cleanup step
Turn: Turn 41 (Ai(3)-Atraxa Counters B3)
Phase: Ai(3)-Atraxa Counters B3's Untap step
Phase: Ai(3)-Atraxa Counters B3's Upkeep step
Phase: Ai(3)-Atraxa Counters B3's Draw step
Phase: Ai(3)-Atraxa Counters B3's Main phase, precombat
Phase: Ai(3)-Atraxa Counters B3's Beginning of Combat Step
Phase: Ai(3)-Atraxa Counters B3's Declare Attackers Step
Phase: Ai(3)-Atraxa Counters B3's Declare Blockers Step
Phase: Ai(3)-Atraxa Counters B3's First Strike Damage Step
Phase: Ai(3)-Atraxa Counters B3's Combat Damage Step
Phase: Ai(3)-Atraxa Counters B3's End of Combat Step
Phase: Ai(3)-Atraxa Counters B3's Main phase, postcombat
Land: Ai(3)-Atraxa Counters B3 played Forest (256)
Add To Stack: Ai(3)-Atraxa Counters B3 activated Vraska the Unseen
Resolve Stack: Vraska the Unseen (282) - Until your next turn, whenever a creature deals combat damage to Vraska the Unseen, destroy that creature.
Phase: Ai(3)-Atraxa Counters B3's End step
Add To Stack: Ai(3)-Atraxa Counters B3 triggered Atraxa, Praetors' Voice
Resolve Stack: At the beginning of your end step, proliferate. (Choose any number of permanents and/or players, then give each another counter of each kind already there.) [Phase: Ai(3)-Atraxa Counters B3]
Phase: Ai(3)-Atraxa Counters B3's Cleanup step
Turn: Turn 42 (Ai(1)-Ur-Dragon B3)
Phase: Ai(1)-Ur-Dragon B3's Untap step
Phase: Ai(1)-Ur-Dragon B3's Upkeep step
Mana: Mountain (78) - {T}: Add {R}.
Mana: Island (55) - {T}: Add {U}.
Mana: Plains (42) - {T}: Add {W}.
Mana: Swamp (91) - {T}: Add {B}.
Add To Stack: Ai(1)-Ur-Dragon B3 activated Hoard-Smelter Dragon targeting [Angel of the Ruins (108)]
Zone Change: Angel of the Ruins (108) was put into Graveyard from Battlefield.
Resolve Stack: Hoard-Smelter Dragon (25) - Destroy Angel of the Ruins (108). Hoard-Smelter Dragon (25) gets +7/+0  until end of turn.
Mana: Jungle Shrine (61) - {T}: Add {R}, {G}, or {W}.
Mana: Seaside Citadel (74) - {T}: Add {G}, {W}, or {U}.
Mana: Arcane Sanctum (3) - {T}: Add {W}, {U}, or {B}.
Mana: Sandsteppe Citadel (11) - {T}: Add {W}, {B}, or {G}.
Add To Stack: Ai(1)-Ur-Dragon B3 activated Hoard-Smelter Dragon targeting [Extinguisher Battleship (151)]
Zone Change: Extinguisher Battleship (151) was put into Graveyard from Battlefield.
Resolve Stack: Hoard-Smelter Dragon (25) - Destroy Extinguisher Battleship (151). Hoard-Smelter Dragon (25) gets +8/+0  until end of turn.
Phase: Ai(1)-Ur-Dragon B3's Draw step
Phase: Ai(1)-Ur-Dragon B3's Main phase, precombat
Phase: Ai(1)-Ur-Dragon B3's Beginning of Combat Step
Phase: Ai(1)-Ur-Dragon B3's Declare Attackers Step
Combat: Ai(1)-Ur-Dragon B3 assigned Kokusho, the Evening Star (22) and Boneyard Scourge (12) to attack Ai(3)-Atraxa Counters B3.
Ai(1)-Ur-Dragon B3 assigned Hoard-Smelter Dragon (25) and The Ur-Dragon (100) to attack Vraska the Unseen (282).
Add To Stack: Ai(1)-Ur-Dragon B3 triggered The Ur-Dragon
Resolve Stack: Whenever one or more Dragons you control attack, draw that many cards, then you may put a permanent card from your hand onto the battlefield. [Number Attackers: [Hoard-Smelter Dragon (25), The Ur-Dragon (100), Kokusho, the Evening Star (22), Boneyard Scourge (12)]]
Add To Stack: Ai(1)-Ur-Dragon B3 triggered Dragonlord Atarka targeting [Kilo, Apogee Mind (201), Atraxa, Praetors' Voice (302)]
Damage: Dragonlord Atarka (58) deals 3 damage to Kilo, Apogee Mind (201).
Damage: Dragonlord Atarka (58) deals 2 damage to Atraxa, Praetors' Voice (302).
Resolve Stack: When Dragonlord Atarka enters, it deals 5 damage divided as you choose among any number of target creatures and/or planeswalkers your opponents control. (Targeting: [[Kilo, Apogee Mind (201), Atraxa, Praetors' Voice (302)]]) [Zone Changer: Dragonlord Atarka (58)]
Zone Change: Kilo, Apogee Mind (201) was put into Graveyard from Battlefield.
Phase: Ai(1)-Ur-Dragon B3's Declare Blockers Step
Combat: Ai(3)-Atraxa Counters B3 didn't block Kokusho, the Evening Star (22).
Ai(3)-Atraxa Counters B3 didn't block Boneyard Scourge (12).
Ai(3)-Atraxa Counters B3 assigned Atraxa, Praetors' Voice (302) to block Hoard-Smelter Dragon (25).
Ai(3)-Atraxa Counters B3 didn't block The Ur-Dragon (100).
Phase: Ai(1)-Ur-Dragon B3's First Strike Damage Step
Phase: Ai(1)-Ur-Dragon B3's Combat Damage Step
Damage: Hoard-Smelter Dragon (25) deals 20 damage to Atraxa, Praetors' Voice (302).
Damage: Kokusho, the Evening Star (22) deals 5 combat damage to Ai(3)-Atraxa Counters B3.
Damage: Boneyard Scourge (12) deals 4 combat damage to Ai(3)-Atraxa Counters B3.
Damage: Atraxa, Praetors' Voice (302) deals 4 damage (Deathtouch) to Hoard-Smelter Dragon (25).
Life: Life: Ai(3)-Atraxa Counters B3 40 > 44
Life: Life: Ai(3)-Atraxa Counters B3 44 > 35
Zone Change: Vraska the Unseen (282) was put into Graveyard from Battlefield.
Zone Change: Hoard-Smelter Dragon (25) was put into Graveyard from Battlefield.
Zone Change: Atraxa, Praetors' Voice (302) was put into Graveyard from Battlefield.
Add To Stack: Ai(3)-Atraxa Counters B3 triggered Vraska the Unseen
Zone Change: The Ur-Dragon (100) was put into Graveyard from Battlefield.
Resolve Stack: Until your next turn, whenever a creature deals combat damage to Vraska the Unseen, destroy that creature. [Damage Source: The Ur-Dragon (100), Damaged: Vraska the Unseen (282), Amount: 10]
Phase: Ai(1)-Ur-Dragon B3's End of Combat Step
Phase: Ai(1)-Ur-Dragon B3's Main phase, postcombat
Land: Ai(1)-Ur-Dragon B3 played Terramorphic Expanse (99)
Zone Change: Terramorphic Expanse (99) was put into Graveyard from Battlefield.
Add To Stack: Ai(1)-Ur-Dragon B3 activated Terramorphic Expanse
Resolve Stack: Terramorphic Expanse (99) - Ai(1)-Ur-Dragon B3 searches their library for a basic land card, puts it onto the battlefield tapped, then shuffles.
Phase: Ai(1)-Ur-Dragon B3's End step
Phase: Ai(1)-Ur-Dragon B3's Cleanup step
Turn: Turn 43 (Ai(2)-Kilo Helm B3)
Phase: Ai(2)-Kilo Helm B3's Untap step
Phase: Ai(2)-Kilo Helm B3's Upkeep step
Phase: Ai(2)-Kilo Helm B3's Draw step
Phase: Ai(2)-Kilo Helm B3's Main phase, precombat
Mana: Ancient Den (190) - {T}: Add {W}.
Mana: Seat of the Synod (186) - {T}: Add {U}.
Mana: Mountain (189) - {T}: Add {R}.
Mana: Exotic Orchard (200) - {T}: Add one mana of any color that a land an opponent controls could produce.
Mana: Radiant Summit (124) - {T}: Add {R}.
Mana: Arcane Signet (195) - {T}: Add one mana of any color in your commander's color identity.
Mana: Academy Ruins (155) - {T}: Add {C}.
Mana: Shivan Reef (137) - {T}: Add {C}.
Add To Stack: Ai(2)-Kilo Helm B3 cast Kilo, Apogee Mind
Resolve Stack: Kilo, Apogee Mind - Creature 3 / 3
Phase: Ai(2)-Kilo Helm B3's Beginning of Combat Step
Phase: Ai(2)-Kilo Helm B3's Declare Attackers Step
Phase: Ai(2)-Kilo Helm B3's Declare Blockers Step
Phase: Ai(2)-Kilo Helm B3's First Strike Damage Step
Phase: Ai(2)-Kilo Helm B3's Combat Damage Step
Phase: Ai(2)-Kilo Helm B3's End of Combat Step
Phase: Ai(2)-Kilo Helm B3's Main phase, postcombat
Phase: Ai(2)-Kilo Helm B3's End step
Phase: Ai(2)-Kilo Helm B3's Cleanup step
Turn: Turn 44 (Ai(3)-Atraxa Counters B3)
Phase: Ai(3)-Atraxa Counters B3's Untap step
Phase: Ai(3)-Atraxa Counters B3's Upkeep step
Phase: Ai(3)-Atraxa Counters B3's Draw step
Mana: Command Tower (211) - {T}: Add one mana of any color in your commander's color identity.
Mana: Plains (252) - {T}: Add {W}.
Mana: Plains (251) - {T}: Add {W}.
Mana: Island (263) - {T}: Add {U}.
Add To Stack: Ai(3)-Atraxa Counters B3 cast Utter End targeting [Dragonlord Atarka (58)]
Zone Change: Dragonlord Atarka (58) was put into Exile from Battlefield.
Resolve Stack: Utter End (238) - Exile Dragonlord Atarka (58).
Phase: Ai(3)-Atraxa Counters B3's Main phase, precombat
Phase: Ai(3)-Atraxa Counters B3's Beginning of Combat Step
Phase: Ai(3)-Atraxa Counters B3's Declare Attackers Step
Combat: Ai(3)-Atraxa Counters B3 assigned Juniper Order Ranger (217) to attack Ai(1)-Ur-Dragon B3.
Phase: Ai(3)-Atraxa Counters B3's Declare Blockers Step
Combat: Ai(1)-Ur-Dragon B3 didn't block Juniper Order Ranger (217).
Phase: Ai(3)-Atraxa Counters B3's First Strike Damage Step
Phase: Ai(3)-Atraxa Counters B3's Combat Damage Step
Damage: Juniper Order Ranger (217) deals 2 combat damage to Ai(1)-Ur-Dragon B3.
Life: Life: Ai(1)-Ur-Dragon B3 24 > 22
Phase: Ai(3)-Atraxa Counters B3's End of Combat Step
Phase: Ai(3)-Atraxa Counters B3's Main phase, postcombat
Phase: Ai(3)-Atraxa Counters B3's End step
Phase: Ai(3)-Atraxa Counters B3's Cleanup step
Turn: Turn 45 (Ai(1)-Ur-Dragon B3)
Phase: Ai(1)-Ur-Dragon B3's Untap step
Phase: Ai(1)-Ur-Dragon B3's Upkeep step
Phase: Ai(1)-Ur-Dragon B3's Draw step
Phase: Ai(1)-Ur-Dragon B3's Main phase, precombat
Mana: Island (55) - {T}: Add {U}.
Mana: Arcane Sanctum (3) - {T}: Add {W}, {U}, or {B}.
Mana: Plains (42) - {T}: Add {W}.
Mana: Forest (47) - {T}: Add {G}.
Mana: Swamp (91) - {T}: Add {B}.
Mana: Mountain (78) - {T}: Add {R}.
Mana: Seaside Citadel (74) - {T}: Add {G}, {W}, or {U}.
Mana: Sandsteppe Citadel (11) - {T}: Add {W}, {B}, or {G}.
Mana: Jungle Shrine (61) - {T}: Add {R}, {G}, or {W}.
Add To Stack: Ai(1)-Ur-Dragon B3 cast Rite of Replication targeting [Boneyard Scourge (12)]
Resolve Stack: Rite of Replication (2) - Ai(1)-Ur-Dragon B3 creates five tokens that are copies of Boneyard Scourge (12).
Phase: Ai(1)-Ur-Dragon B3's Beginning of Combat Step
Phase: Ai(1)-Ur-Dragon B3's Declare Attackers Step
Combat: Ai(1)-Ur-Dragon B3 assigned Kokusho, the Evening Star (22) and Boneyard Scourge (12) to attack Ai(2)-Kilo Helm B3.
Phase: Ai(1)-Ur-Dragon B3's Declare Blockers Step
Combat: Ai(2)-Kilo Helm B3 didn't block Kokusho, the Evening Star (22).
Ai(2)-Kilo Helm B3 didn't block Boneyard Scourge (12).
Phase: Ai(1)-Ur-Dragon B3's First Strike Damage Step
Phase: Ai(1)-Ur-Dragon B3's Combat Damage Step
Damage: Kokusho, the Evening Star (22) deals 5 combat damage to Ai(2)-Kilo Helm B3.
Damage: Boneyard Scourge (12) deals 4 combat damage to Ai(2)-Kilo Helm B3.
Life: Life: Ai(2)-Kilo Helm B3 20 > 11
Phase: Ai(1)-Ur-Dragon B3's End of Combat Step
Phase: Ai(1)-Ur-Dragon B3's Main phase, postcombat
Phase: Ai(1)-Ur-Dragon B3's End step
Phase: Ai(1)-Ur-Dragon B3's Cleanup step
Turn: Turn 46 (Ai(2)-Kilo Helm B3)
Phase: Ai(2)-Kilo Helm B3's Untap step
Phase: Ai(2)-Kilo Helm B3's Upkeep step
Phase: Ai(2)-Kilo Helm B3's Draw step
Phase: Ai(2)-Kilo Helm B3's Main phase, precombat
Land: Ai(2)-Kilo Helm B3 played Island (164)
Phase: Ai(2)-Kilo Helm B3's Beginning of Combat Step
Phase: Ai(2)-Kilo Helm B3's Declare Attackers Step
Phase: Ai(2)-Kilo Helm B3's Declare Blockers Step
Phase: Ai(2)-Kilo Helm B3's First Strike Damage Step
Phase: Ai(2)-Kilo Helm B3's Combat Damage Step
Phase: Ai(2)-Kilo Helm B3's End of Combat Step
Phase: Ai(2)-Kilo Helm B3's Main phase, postcombat
Mana: Exotic Orchard (200) - {T}: Add one mana of any color that a land an opponent controls could produce.
Mana: Seat of the Synod (186) - {T}: Add {U}.
Mana: Island (164) - {T}: Add {U}.
Add To Stack: Ai(2)-Kilo Helm B3 cast Empowered Autogenerator
Replacement Effect: Empowered Autogenerator enters tapped.
Resolve Stack: Empowered Autogenerator
Phase: Ai(2)-Kilo Helm B3's End step
Phase: Ai(2)-Kilo Helm B3's Cleanup step
Turn: Turn 47 (Ai(3)-Atraxa Counters B3)
Phase: Ai(3)-Atraxa Counters B3's Untap step
Phase: Ai(3)-Atraxa Counters B3's Upkeep step
Phase: Ai(3)-Atraxa Counters B3's Draw step
Phase: Ai(3)-Atraxa Counters B3's Main phase, precombat
Mana: Command Tower (211) - {T}: Add one mana of any color in your commander's color identity.
Mana: Plains (252) - {T}: Add {W}.
Mana: Island (263) - {T}: Add {U}.
Mana: Forest (258) - {T}: Add {G}.
Mana: Plains (251) - {T}: Add {W}.
Mana: Island (264) - {T}: Add {U}.
Mana: Island (265) - {T}: Add {U}.
Mana: Forest (257) - {T}: Add {G}.
Add To Stack: Ai(3)-Atraxa Counters B3 cast Atraxa, Praetors' Voice
Resolve Stack: Atraxa, Praetors' Voice - Creature 4 / 4
Add To Stack: Ai(3)-Atraxa Counters B3 triggered Juniper Order Ranger
Resolve Stack: Whenever another creature you control enters, put a +1/+1 counter on that creature and a +1/+1 counter on Juniper Order Ranger. [Zone Changer: Atraxa, Praetors' Voice (302)]
Phase: Ai(3)-Atraxa Counters B3's Beginning of Combat Step
Phase: Ai(3)-Atraxa Counters B3's Declare Attackers Step
Combat: Ai(3)-Atraxa Counters B3 assigned Juniper Order Ranger (217) to attack Ai(1)-Ur-Dragon B3.
Phase: Ai(3)-Atraxa Counters B3's Declare Blockers Step
Combat: Ai(1)-Ur-Dragon B3 didn't block Juniper Order Ranger (217).
Phase: Ai(3)-Atraxa Counters B3's First Strike Damage Step
Phase: Ai(3)-Atraxa Counters B3's Combat Damage Step
Damage: Juniper Order Ranger (217) deals 3 combat damage to Ai(1)-Ur-Dragon B3.
Life: Life: Ai(1)-Ur-Dragon B3 22 > 19
Phase: Ai(3)-Atraxa Counters B3's End of Combat Step
Phase: Ai(3)-Atraxa Counters B3's Main phase, postcombat
Mana: Forest (256) - {T}: Add {G}.
Add To Stack: Ai(3)-Atraxa Counters B3 cast Sol Ring
Resolve Stack: Sol Ring
Phase: Ai(3)-Atraxa Counters B3's End step
Add To Stack: Ai(3)-Atraxa Counters B3 triggered Atraxa, Praetors' Voice
Resolve Stack: At the beginning of your end step, proliferate. (Choose any number of permanents and/or players, then give each another counter of each kind already there.) [Phase: Ai(3)-Atraxa Counters B3]
Phase: Ai(3)-Atraxa Counters B3's Cleanup step
Turn: Turn 48 (Ai(1)-Ur-Dragon B3)
Phase: Ai(1)-Ur-Dragon B3's Untap step
Phase: Ai(1)-Ur-Dragon B3's Upkeep step
Phase: Ai(1)-Ur-Dragon B3's Draw step
Phase: Ai(1)-Ur-Dragon B3's Main phase, precombat
Land: Ai(1)-Ur-Dragon B3 played Mountain (82)
Mana: Forest (47) - {T}: Add {G}.
Mana: Island (55) - {T}: Add {U}.
Add To Stack: Ai(1)-Ur-Dragon B3 cast Farseek
Resolve Stack: Farseek (67) - Ai(1)-Ur-Dragon B3 searches their library for a Plains, Island, Swamp or Mountain card, puts it onto the battlefield tapped, then shuffles.
Phase: Ai(1)-Ur-Dragon B3's Beginning of Combat Step
Phase: Ai(1)-Ur-Dragon B3's Declare Attackers Step
Combat: Ai(1)-Ur-Dragon B3 assigned Kokusho, the Evening Star (22), Boneyard Scourge (12), Boneyard Scourge (413), Boneyard Scourge (414), Boneyard Scourge (415), Boneyard Scourge (416) and Boneyard Scourge (417) to attack Ai(3)-Atraxa Counters B3.
Phase: Ai(1)-Ur-Dragon B3's Declare Blockers Step
Combat: Ai(3)-Atraxa Counters B3 assigned Atraxa, Praetors' Voice (302) to block Kokusho, the Evening Star (22).
Ai(3)-Atraxa Counters B3 didn't block Boneyard Scourge (12).
Ai(3)-Atraxa Counters B3 didn't block Boneyard Scourge (413).
Ai(3)-Atraxa Counters B3 didn't block Boneyard Scourge (414).
Ai(3)-Atraxa Counters B3 didn't block Boneyard Scourge (415).
Ai(3)-Atraxa Counters B3 didn't block Boneyard Scourge (416).
Ai(3)-Atraxa Counters B3 didn't block Boneyard Scourge (417).
Phase: Ai(1)-Ur-Dragon B3's First Strike Damage Step
Phase: Ai(1)-Ur-Dragon B3's Combat Damage Step
Damage: Kokusho, the Evening Star (22) deals 5 damage to Atraxa, Praetors' Voice (302).
Damage: Boneyard Scourge (12) deals 4 combat damage to Ai(3)-Atraxa Counters B3.
Damage: Boneyard Scourge (413) deals 4 combat damage to Ai(3)-Atraxa Counters B3.
Damage: Boneyard Scourge (414) deals 4 combat damage to Ai(3)-Atraxa Counters B3.
Damage: Boneyard Scourge (415) deals 4 combat damage to Ai(3)-Atraxa Counters B3.
Damage: Boneyard Scourge (416) deals 4 combat damage to Ai(3)-Atraxa Counters B3.
Damage: Boneyard Scourge (417) deals 4 combat damage to Ai(3)-Atraxa Counters B3.
Damage: Atraxa, Praetors' Voice (302) deals 6 damage (Deathtouch) to Kokusho, the Evening Star (22).
Life: Life: Ai(3)-Atraxa Counters B3 35 > 41
Life: Life: Ai(3)-Atraxa Counters B3 41 > 17
Zone Change: Kokusho, the Evening Star (22) was put into Graveyard from Battlefield.
Add To Stack: Ai(1)-Ur-Dragon B3 triggered Kokusho, the Evening Star
Life: Life: Ai(2)-Kilo Helm B3 11 > 6
Life: Life: Ai(3)-Atraxa Counters B3 17 > 12
Life: Life: Ai(1)-Ur-Dragon B3 19 > 29
Resolve Stack: When Kokusho, the Evening Star dies, each opponent loses 5 life. You gain life equal to the life lost this way. [Zone Changer: Kokusho, the Evening Star (22)]
Phase: Ai(1)-Ur-Dragon B3's End of Combat Step
Phase: Ai(1)-Ur-Dragon B3's Main phase, postcombat
Mana: Mountain (78) - {T}: Add {R}.
Mana: Mountain (82) - {T}: Add {R}.
Mana: Plains (42) - {T}: Add {W}.
Mana: Swamp (91) - {T}: Add {B}.
Mana: Seaside Citadel (74) - {T}: Add {G}, {W}, or {U}.
Add To Stack: Ai(1)-Ur-Dragon B3 cast Lathliss, Dragon Queen
Resolve Stack: Lathliss, Dragon Queen - Creature 6 / 6
Mana: Jungle Shrine (61) - {T}: Add {R}, {G}, or {W}.
Mana: Arcane Sanctum (3) - {T}: Add {W}, {U}, or {B}.
Mana: Sandsteppe Citadel (11) - {T}: Add {W}, {B}, or {G}.
Mana: Command Tower (10) - {T}: Add one mana of any color in your commander's color identity.
Add To Stack: Ai(1)-Ur-Dragon B3 cast Kolaghan, the Storm's Fury
Resolve Stack: Kolaghan, the Storm's Fury - Creature 4 / 5
Add To Stack: Ai(1)-Ur-Dragon B3 triggered Lathliss, Dragon Queen
Resolve Stack: Whenever another nontoken Dragon you control enters, create a 5/5 red Dragon creature token with flying. [Zone Changer: Kolaghan, the Storm's Fury (36)]
Phase: Ai(1)-Ur-Dragon B3's End step
Mana: Arcane Signet (195) - {T}: Add one mana of any color in your commander's color identity.
Mana: Ancient Den (190) - {T}: Add {W}.
Add To Stack: Ai(2)-Kilo Helm B3 activated Academy Ruins targeting [Angel of the Ruins (108)]
Resolve Stack: Academy Ruins (155) - Put Angel of the Ruins (108) from the graveyard on top of its owner's library.
Phase: Ai(1)-Ur-Dragon B3's Cleanup step
Turn: Turn 49 (Ai(2)-Kilo Helm B3)
Phase: Ai(2)-Kilo Helm B3's Untap step
Phase: Ai(2)-Kilo Helm B3's Upkeep step
Phase: Ai(2)-Kilo Helm B3's Draw step
Phase: Ai(2)-Kilo Helm B3's Main phase, precombat
Phase: Ai(2)-Kilo Helm B3's Beginning of Combat Step
Phase: Ai(2)-Kilo Helm B3's Declare Attackers Step
Phase: Ai(2)-Kilo Helm B3's Declare Blockers Step
Phase: Ai(2)-Kilo Helm B3's First Strike Damage Step
Phase: Ai(2)-Kilo Helm B3's Combat Damage Step
Phase: Ai(2)-Kilo Helm B3's End of Combat Step
Phase: Ai(2)-Kilo Helm B3's Main phase, postcombat
Mana: Ancient Den (190) - {T}: Add {W}.
Mana: Exotic Orchard (200) - {T}: Add one mana of any color that a land an opponent controls could produce.
Mana: Seat of the Synod (186) - {T}: Add {U}.
Mana: Island (164) - {T}: Add {U}.
Mana: Mountain (189) - {T}: Add {R}.
Mana: Radiant Summit (124) - {T}: Add {R}.
Add To Stack: Ai(2)-Kilo Helm B3 cast Angel of the Ruins
Resolve Stack: Angel of the Ruins - Creature 5 / 7
Add To Stack: Ai(2)-Kilo Helm B3 triggered Angel of the Ruins targeting [Sol Ring (215)]
Mana: Sol Ring (215) - {T}: Add {C}{C}.
Zone Change: Sol Ring (215) was put into Exile from Battlefield.
Resolve Stack: When Angel of the Ruins enters, exile up to two target artifacts and/or enchantments. (Targeting: [[Sol Ring (215)]]) [Zone Changer: Angel of the Ruins (108)]
Phase: Ai(2)-Kilo Helm B3's End step
Phase: Ai(2)-Kilo Helm B3's Cleanup step
Turn: Turn 50 (Ai(3)-Atraxa Counters B3)
Phase: Ai(3)-Atraxa Counters B3's Untap step
Phase: Ai(3)-Atraxa Counters B3's Upkeep step
Phase: Ai(3)-Atraxa Counters B3's Draw step
Phase: Ai(3)-Atraxa Counters B3's Main phase, precombat
Phase: Ai(3)-Atraxa Counters B3's Beginning of Combat Step
Phase: Ai(3)-Atraxa Counters B3's Declare Attackers Step
Phase: Ai(3)-Atraxa Counters B3's Declare Blockers Step
Phase: Ai(3)-Atraxa Counters B3's First Strike Damage Step
Phase: Ai(3)-Atraxa Counters B3's Combat Damage Step
Phase: Ai(3)-Atraxa Counters B3's End of Combat Step
Phase: Ai(3)-Atraxa Counters B3's Main phase, postcombat
Mana: Command Tower (211) - {T}: Add one mana of any color in your commander's color identity.
Mana: Forest (258) - {T}: Add {G}.
Mana: Island (263) - {T}: Add {U}.
Add To Stack: Ai(3)-Atraxa Counters B3 cast Painful Truths
Mana: Empowered Autogenerator (161) - {T}: Put a charge counter on Empowered Autogenerator. Add X mana of any one color, where X is the number of charge counters on Empowered Autogenerator. 
Life: Life: Ai(3)-Atraxa Counters B3 12 > 9
Resolve Stack: Painful Truths (226) - Ai(3)-Atraxa Counters B3 draws three cards. Ai(3)-Atraxa Counters B3 loses 3 life.
Mana: Island (264) - {T}: Add {U}.
Mana: Island (265) - {T}: Add {U}.
Mana: Plains (252) - {T}: Add {W}.
Mana: Plains (251) - {T}: Add {W}.
Mana: Forest (257) - {T}: Add {G}.
Mana: Forest (256) - {T}: Add {G}.
Add To Stack: Ai(3)-Atraxa Counters B3 cast Everflowing Chalice
Replacement Effect: Everflowing Chalice enters with a charge counter on it for each time it was kicked.
Resolve Stack: Everflowing Chalice
Damage: Yavimaya Coast (221) deals 1 non-combat damage to Ai(3)-Atraxa Counters B3.
Life: Life: Ai(3)-Atraxa Counters B3 9 > 8
Mana: Yavimaya Coast (221) - {T}: Add {G} or {U}. Yavimaya Coast deals 1 damage to you. 
Mana: Everflowing Chalice (227) - {T}: Add {C} for each charge counter on Everflowing Chalice.
Add To Stack: Ai(3)-Atraxa Counters B3 cast Kodama's Reach
Resolve Stack: Kodama's Reach (285) - Search your library for up to two basic land cards, reveal those cards, put one onto the battlefield tapped and the other into your hand, then shuffle.   
Land: Ai(3)-Atraxa Counters B3 played Swamp (291)
Phase: Ai(3)-Atraxa Counters B3's End step
Add To Stack: Ai(3)-Atraxa Counters B3 triggered Atraxa, Praetors' Voice
Resolve Stack: At the beginning of your end step, proliferate. (Choose any number of permanents and/or players, then give each another counter of each kind already there.) [Phase: Ai(3)-Atraxa Counters B3]
Phase: Ai(3)-Atraxa Counters B3's Cleanup step
Turn: Turn 51 (Ai(1)-Ur-Dragon B3)
Phase: Ai(1)-Ur-Dragon B3's Untap step
Phase: Ai(1)-Ur-Dragon B3's Upkeep step
Phase: Ai(1)-Ur-Dragon B3's Draw step
Phase: Ai(1)-Ur-Dragon B3's Main phase, precombat
Land: Ai(1)-Ur-Dragon B3 played Mountain (79)
Phase: Ai(1)-Ur-Dragon B3's Beginning of Combat Step
Phase: Ai(1)-Ur-Dragon B3's Declare Attackers Step
Combat: Ai(1)-Ur-Dragon B3 assigned Lathliss, Dragon Queen (33), Dragon Token (422), Boneyard Scourge (12), Boneyard Scourge (413), Boneyard Scourge (414), Boneyard Scourge (415), Boneyard Scourge (416), Boneyard Scourge (417) and Kolaghan, the Storm's Fury (36) to attack Ai(2)-Kilo Helm B3.
Add To Stack: Ai(1)-Ur-Dragon B3 triggered Kolaghan, the Storm's Fury
Add To Stack: Ai(1)-Ur-Dragon B3 triggered Kolaghan, the Storm's Fury
Add To Stack: Ai(1)-Ur-Dragon B3 triggered Kolaghan, the Storm's Fury
Add To Stack: Ai(1)-Ur-Dragon B3 triggered Kolaghan, the Storm's Fury
Add To Stack: Ai(1)-Ur-Dragon B3 triggered Kolaghan, the Storm's Fury
Add To Stack: Ai(1)-Ur-Dragon B3 triggered Kolaghan, the Storm's Fury
Add To Stack: Ai(1)-Ur-Dragon B3 triggered Kolaghan, the Storm's Fury
Add To Stack: Ai(1)-Ur-Dragon B3 triggered Kolaghan, the Storm's Fury
Add To Stack: Ai(1)-Ur-Dragon B3 triggered Kolaghan, the Storm's Fury
Resolve Stack: Whenever a Dragon you control attacks, creatures you control get +1/+0 until end of turn. [Attacker: Kolaghan, the Storm's Fury (36)]
Resolve Stack: Whenever a Dragon you control attacks, creatures you control get +1/+0 until end of turn. [Attacker: Boneyard Scourge (417)]
Resolve Stack: Whenever a Dragon you control attacks, creatures you control get +1/+0 until end of turn. [Attacker: Boneyard Scourge (416)]
Resolve Stack: Whenever a Dragon you control attacks, creatures you control get +1/+0 until end of turn. [Attacker: Boneyard Scourge (415)]
Resolve Stack: Whenever a Dragon you control attacks, creatures you control get +1/+0 until end of turn. [Attacker: Boneyard Scourge (414)]
Resolve Stack: Whenever a Dragon you control attacks, creatures you control get +1/+0 until end of turn. [Attacker: Boneyard Scourge (413)]
Resolve Stack: Whenever a Dragon you control attacks, creatures you control get +1/+0 until end of turn. [Attacker: Boneyard Scourge (12)]
Resolve Stack: Whenever a Dragon you control attacks, creatures you control get +1/+0 until end of turn. [Attacker: Dragon Token (422)]
Resolve Stack: Whenever a Dragon you control attacks, creatures you control get +1/+0 until end of turn. [Attacker: Lathliss, Dragon Queen (33)]
Phase: Ai(1)-Ur-Dragon B3's Declare Blockers Step
Combat: Ai(2)-Kilo Helm B3 assigned Angel of the Ruins (108) to block Lathliss, Dragon Queen (33).
Ai(2)-Kilo Helm B3 didn't block Dragon Token (422).
Ai(2)-Kilo Helm B3 didn't block Boneyard Scourge (12).
Ai(2)-Kilo Helm B3 didn't block Boneyard Scourge (413).
Ai(2)-Kilo Helm B3 didn't block Boneyard Scourge (414).
Ai(2)-Kilo Helm B3 didn't block Boneyard Scourge (415).
Ai(2)-Kilo Helm B3 didn't block Boneyard Scourge (416).
Ai(2)-Kilo Helm B3 didn't block Boneyard Scourge (417).
Ai(2)-Kilo Helm B3 didn't block Kolaghan, the Storm's Fury (36).
Mana: Mountain (78) - {T}: Add {R}.
Mana: Swamp (91) - {T}: Add {B}.
Add To Stack: Ai(1)-Ur-Dragon B3 activated Lathliss, Dragon Queen
Resolve Stack: Lathliss, Dragon Queen (33) - Dragons you control get +1/+0 until end of turn.
Mana: Mountain (82) - {T}: Add {R}.
Mana: Island (55) - {T}: Add {U}.
Add To Stack: Ai(1)-Ur-Dragon B3 activated Lathliss, Dragon Queen
Resolve Stack: Lathliss, Dragon Queen (33) - Dragons you control get +1/+0 until end of turn.
Mana: Mountain (79) - {T}: Add {R}.
Mana: Plains (42) - {T}: Add {W}.
Add To Stack: Ai(1)-Ur-Dragon B3 activated Lathliss, Dragon Queen
Resolve Stack: Lathliss, Dragon Queen (33) - Dragons you control get +1/+0 until end of turn.
Mana: Jungle Shrine (61) - {T}: Add {R}, {G}, or {W}.
Mana: Plains (41) - {T}: Add {W}.
Add To Stack: Ai(1)-Ur-Dragon B3 activated Lathliss, Dragon Queen
Resolve Stack: Lathliss, Dragon Queen (33) - Dragons you control get +1/+0 until end of turn.
Mana: Command Tower (10) - {T}: Add one mana of any color in your commander's color identity.
Mana: Forest (47) - {T}: Add {G}.
Add To Stack: Ai(1)-Ur-Dragon B3 activated Lathliss, Dragon Queen
Resolve Stack: Lathliss, Dragon Queen (33) - Dragons you control get +1/+0 until end of turn.
Phase: Ai(1)-Ur-Dragon B3's First Strike Damage Step
Phase: Ai(1)-Ur-Dragon B3's Combat Damage Step
Damage: Lathliss, Dragon Queen (33) deals 20 damage to Angel of the Ruins (108).
Damage: Dragon Token (422) deals 19 combat damage to Ai(2)-Kilo Helm B3.
Damage: Boneyard Scourge (12) deals 18 combat damage to Ai(2)-Kilo Helm B3.
Damage: Boneyard Scourge (413) deals 18 combat damage to Ai(2)-Kilo Helm B3.
Damage: Boneyard Scourge (414) deals 18 combat damage to Ai(2)-Kilo Helm B3.
Damage: Boneyard Scourge (415) deals 18 combat damage to Ai(2)-Kilo Helm B3.
Damage: Boneyard Scourge (416) deals 18 combat damage to Ai(2)-Kilo Helm B3.
Damage: Boneyard Scourge (417) deals 18 combat damage to Ai(2)-Kilo Helm B3.
Damage: Kolaghan, the Storm's Fury (36) deals 18 combat damage to Ai(2)-Kilo Helm B3.
Damage: Angel of the Ruins (108) deals 5 damage to Lathliss, Dragon Queen (33).
Life: Life: Ai(2)-Kilo Helm B3 6 > -139
Phase: Ai(1)-Ur-Dragon B3's End of Combat Step
Phase: Ai(1)-Ur-Dragon B3's Main phase, postcombat
Mana: Arcane Sanctum (3) - {T}: Add {W}, {U}, or {B}.
Mana: Sandsteppe Citadel (11) - {T}: Add {W}, {B}, or {G}.
Mana: Seaside Citadel (74) - {T}: Add {G}, {W}, or {U}.
Add To Stack: Ai(1)-Ur-Dragon B3 cast Urza's Incubator
Replacement Effect: As Urza's Incubator enters, choose a creature type.
Resolve Stack: Urza's Incubator
Phase: Ai(1)-Ur-Dragon B3's End step
Phase: Ai(1)-Ur-Dragon B3's Cleanup step
Turn: Turn 52 (Ai(3)-Atraxa Counters B3)
Phase: Ai(3)-Atraxa Counters B3's Untap step
Phase: Ai(3)-Atraxa Counters B3's Upkeep step
Mana: Swamp (289) - {T}: Add {B}.
Mana: Plains (252) - {T}: Add {W}.
Mana: Plains (251) - {T}: Add {W}.
Add To Stack: Ai(3)-Atraxa Counters B3 cast Anguished Unmaking targeting [Lathliss, Dragon Queen (33)]
Zone Change: Lathliss, Dragon Queen (33) was put into Exile from Battlefield.
Life: Life: Ai(3)-Atraxa Counters B3 8 > 5
Resolve Stack: Anguished Unmaking (296) - Exile Lathliss, Dragon Queen (33). Ai(3)-Atraxa Counters B3 loses 3 life.
Phase: Ai(3)-Atraxa Counters B3's Draw step
Phase: Ai(3)-Atraxa Counters B3's Main phase, precombat
Land: Ai(3)-Atraxa Counters B3 played Evolving Wilds (223)
Zone Change: Evolving Wilds (223) was put into Graveyard from Battlefield.
Add To Stack: Ai(3)-Atraxa Counters B3 activated Evolving Wilds
Resolve Stack: Evolving Wilds (223) - Ai(3)-Atraxa Counters B3 searches their library for a basic land card, puts it onto the battlefield tapped, then shuffles.
Phase: Ai(3)-Atraxa Counters B3's Beginning of Combat Step
Phase: Ai(3)-Atraxa Counters B3's Declare Attackers Step
Combat: Ai(3)-Atraxa Counters B3 assigned Juniper Order Ranger (217) and Atraxa, Praetors' Voice (302) to attack Ai(1)-Ur-Dragon B3.
Phase: Ai(3)-Atraxa Counters B3's Declare Blockers Step
Combat: Ai(1)-Ur-Dragon B3 didn't block Juniper Order Ranger (217).
Ai(1)-Ur-Dragon B3 didn't block Atraxa, Praetors' Voice (302).
Phase: Ai(3)-Atraxa Counters B3's First Strike Damage Step
Phase: Ai(3)-Atraxa Counters B3's Combat Damage Step
Damage: Juniper Order Ranger (217) deals 5 combat damage to Ai(1)-Ur-Dragon B3.
Damage: Atraxa, Praetors' Voice (302) deals 7 combat damage to Ai(1)-Ur-Dragon B3.
Life: Life: Ai(3)-Atraxa Counters B3 5 > 12
Life: Life: Ai(1)-Ur-Dragon B3 29 > 17
Phase: Ai(3)-Atraxa Counters B3's End of Combat Step
Phase: Ai(3)-Atraxa Counters B3's Main phase, postcombat
Phase: Ai(3)-Atraxa Counters B3's End step
Add To Stack: Ai(3)-Atraxa Counters B3 triggered Atraxa, Praetors' Voice
Resolve Stack: At the beginning of your end step, proliferate. (Choose any number of permanents and/or players, then give each another counter of each kind already there.) [Phase: Ai(3)-Atraxa Counters B3]
Phase: Ai(3)-Atraxa Counters B3's Cleanup step
Turn: Turn 53 (Ai(1)-Ur-Dragon B3)
Phase: Ai(1)-Ur-Dragon B3's Untap step
Phase: Ai(1)-Ur-Dragon B3's Upkeep step
Phase: Ai(1)-Ur-Dragon B3's Draw step
Phase: Ai(1)-Ur-Dragon B3's Main phase, precombat
Phase: Ai(1)-Ur-Dragon B3's Beginning of Combat Step
Phase: Ai(1)-Ur-Dragon B3's Declare Attackers Step
Combat: Ai(1)-Ur-Dragon B3 assigned Dragon Token (422), Boneyard Scourge (12), Boneyard Scourge (413), Boneyard Scourge (414), Boneyard Scourge (415), Boneyard Scourge (416), Boneyard Scourge (417) and Kolaghan, the Storm's Fury (36) to attack Ai(3)-Atraxa Counters B3.
Add To Stack: Ai(1)-Ur-Dragon B3 triggered Kolaghan, the Storm's Fury
Add To Stack: Ai(1)-Ur-Dragon B3 triggered Kolaghan, the Storm's Fury
Add To Stack: Ai(1)-Ur-Dragon B3 triggered Kolaghan, the Storm's Fury
Add To Stack: Ai(1)-Ur-Dragon B3 triggered Kolaghan, the Storm's Fury
Add To Stack: Ai(1)-Ur-Dragon B3 triggered Kolaghan, the Storm's Fury
Add To Stack: Ai(1)-Ur-Dragon B3 triggered Kolaghan, the Storm's Fury
Add To Stack: Ai(1)-Ur-Dragon B3 triggered Kolaghan, the Storm's Fury
Add To Stack: Ai(1)-Ur-Dragon B3 triggered Kolaghan, the Storm's Fury
Resolve Stack: Whenever a Dragon you control attacks, creatures you control get +1/+0 until end of turn. [Attacker: Kolaghan, the Storm's Fury (36)]
Resolve Stack: Whenever a Dragon you control attacks, creatures you control get +1/+0 until end of turn. [Attacker: Boneyard Scourge (417)]
Resolve Stack: Whenever a Dragon you control attacks, creatures you control get +1/+0 until end of turn. [Attacker: Boneyard Scourge (416)]
Resolve Stack: Whenever a Dragon you control attacks, creatures you control get +1/+0 until end of turn. [Attacker: Boneyard Scourge (415)]
Resolve Stack: Whenever a Dragon you control attacks, creatures you control get +1/+0 until end of turn. [Attacker: Boneyard Scourge (414)]
Resolve Stack: Whenever a Dragon you control attacks, creatures you control get +1/+0 until end of turn. [Attacker: Boneyard Scourge (413)]
Resolve Stack: Whenever a Dragon you control attacks, creatures you control get +1/+0 until end of turn. [Attacker: Boneyard Scourge (12)]
Resolve Stack: Whenever a Dragon you control attacks, creatures you control get +1/+0 until end of turn. [Attacker: Dragon Token (422)]
Phase: Ai(1)-Ur-Dragon B3's Declare Blockers Step
Combat: Ai(3)-Atraxa Counters B3 assigned Atraxa, Praetors' Voice (302) to block Dragon Token (422).
Ai(3)-Atraxa Counters B3 didn't block Boneyard Scourge (12).
Ai(3)-Atraxa Counters B3 didn't block Boneyard Scourge (413).
Ai(3)-Atraxa Counters B3 didn't block Boneyard Scourge (414).
Ai(3)-Atraxa Counters B3 didn't block Boneyard Scourge (415).
Ai(3)-Atraxa Counters B3 didn't block Boneyard Scourge (416).
Ai(3)-Atraxa Counters B3 didn't block Boneyard Scourge (417).
Ai(3)-Atraxa Counters B3 didn't block Kolaghan, the Storm's Fury (36).
Phase: Ai(1)-Ur-Dragon B3's First Strike Damage Step
Phase: Ai(1)-Ur-Dragon B3's Combat Damage Step
Damage: Dragon Token (422) deals 13 damage to Atraxa, Praetors' Voice (302).
Damage: Boneyard Scourge (12) deals 12 combat damage to Ai(3)-Atraxa Counters B3.
Damage: Boneyard Scourge (413) deals 12 combat damage to Ai(3)-Atraxa Counters B3.
Damage: Boneyard Scourge (414) deals 12 combat damage to Ai(3)-Atraxa Counters B3.
Damage: Boneyard Scourge (415) deals 12 combat damage to Ai(3)-Atraxa Counters B3.
Damage: Boneyard Scourge (416) deals 12 combat damage to Ai(3)-Atraxa Counters B3.
Damage: Boneyard Scourge (417) deals 12 combat damage to Ai(3)-Atraxa Counters B3.
Damage: Kolaghan, the Storm's Fury (36) deals 12 combat damage to Ai(3)-Atraxa Counters B3.
Damage: Atraxa, Praetors' Voice (302) deals 8 damage (Deathtouch) to Dragon Token (422).
Life: Life: Ai(3)-Atraxa Counters B3 12 > 20
Life: Life: Ai(3)-Atraxa Counters B3 20 > -64
Player Control: Ai(1)-Ur-Dragon B3 has restored control over themself
Player Control: Ai(2)-Kilo Helm B3 has restored control over themself
Player Control: Ai(3)-Atraxa Counters B3 has restored control over themself
Player Control: Ai(4)-Meren Graveyard B3 has restored control over themself
Game Outcome: Turn 27
Game Outcome: Ai(1)-Ur-Dragon B3 has won because all opponents have lost
Game Outcome: Ai(2)-Kilo Helm B3 has lost because life total reached 0
Game Outcome: Ai(3)-Atraxa Counters B3 has lost because life total reached 0
Game Outcome: Ai(4)-Meren Graveyard B3 has lost because life total reached 0
Match Result: Ai(1)-Ur-Dragon B3: 3 Ai(2)-Kilo Helm B3: 0 Ai(3)-Atraxa Counters B3: 1 Ai(4)-Meren Graveyard B3: 0 

Game Result: Game 4 ended in 52309 ms. Ai(1)-Ur-Dragon B3 has won!

