Error handling registered!
09:37:03 [INFO ] GuiBase: ##########################################
09:37:03 [INFO ] GuiBase: APP: Forge v.2.0.13-SNAPSHOT-06.22
09:37:03 [INFO ] GuiBase: Java: 17.0.20 (Homebrew)
09:37:03 [INFO ] GuiBase: OS: Mac OS X 15.7.5 aarch64
09:37:03 [INFO ] GuiBase: RAM: 4096 MB max, 12 CPUs
09:37:03 [INFO ] GuiBase: ##########################################
Language 'en-US' loaded successfully.
(ThreadUtil first call): Running with priority 5
Read cards: 33319 archived files in 0 ms (25 parts) using thread pool
Upcoming set Star Trek (TRK) dated in the future. All `upcoming` cards will be added to this set with unknown rarity.
The card A-Alrund's Epiphany was not assigned to any set. Adding it to UNKNOWN set... to fix see res/editions/ folder. 
The card A-Baba Lysaga, Night Witch was not assigned to any set. Adding it to UNKNOWN set... to fix see res/editions/ folder. 
The card A-Divide by Zero was not assigned to any set. Adding it to UNKNOWN set... to fix see res/editions/ folder. 
The card A-Esika's Chariot was not assigned to any set. Adding it to UNKNOWN set... to fix see res/editions/ folder. 
The card A-Faceless Haven was not assigned to any set. Adding it to UNKNOWN set... to fix see res/editions/ folder. 
The card A-Fires of Invention was not assigned to any set. Adding it to UNKNOWN set... to fix see res/editions/ folder. 
The card A-Goldspan Dragon was not assigned to any set. Adding it to UNKNOWN set... to fix see res/editions/ folder. 
The card A-Hullbreaker Horror was not assigned to any set. Adding it to UNKNOWN set... to fix see res/editions/ folder. 
The card A-Kumano Faces Kakkazan was not assigned to any set. Adding it to UNKNOWN set... to fix see res/editions/ folder. 
The card A-Luminarch Aspirant was not assigned to any set. Adding it to UNKNOWN set... to fix see res/editions/ folder. 
The card A-Monster Manual was not assigned to any set. Adding it to UNKNOWN set... to fix see res/editions/ folder. 
The card A-Omnath, Locus of Creation was not assigned to any set. Adding it to UNKNOWN set... to fix see res/editions/ folder. 
The card A-The Meathook Massacre was not assigned to any set. Adding it to UNKNOWN set... to fix see res/editions/ folder. 
The card A-Unholy Heat was not assigned to any set. Adding it to UNKNOWN set... to fix see res/editions/ folder. 
The card Blinding Radiance was not assigned to any set. Adding it to UNKNOWN set... to fix see res/editions/ folder. 
The card Goblin Bruiser was not assigned to any set. Adding it to UNKNOWN set... to fix see res/editions/ folder. 
The card Ogre Painbringer was not assigned to any set. Adding it to UNKNOWN set... to fix see res/editions/ folder. 
The card Titanic Pelagosaur was not assigned to any set. Adding it to UNKNOWN set... to fix see res/editions/ folder. 
The card Treetop Recluse was not assigned to any set. Adding it to UNKNOWN set... to fix see res/editions/ folder. 
Upcoming set Star Trek (TRK) dated in the future. All `upcoming` cards will be added to this set with unknown rarity.
Read cards: 821 files in 0 ms (8 parts) using thread pool
Simulation mode
An unsupported card was requested: "Empty the Laboratories" from "null". 

Forge could not find this card in the Database. Any chance you might have mistyped the card name?
An unsupported card was requested: "Empty the Laboratories" from "[N.A.]". 

Forge could not find this card in the Database. Any chance you might have mistyped the card name?
Ai(1)-Wilhelt Zombies B3 vs Ai(2)-Wyleth Voltron B3 vs Ai(3)-Drana Vampires vs Ai(4)-Kilo Helm Final - four games of Commander
Warning: default (ie. inherited from base class) implementation of confirmAction is used by Wyleth, Soul of Steel for forge.ai.ability.PermanentCreatureAi. Consider declaring an overloaded method
Warning: default (ie. inherited from base class) implementation of confirmAction is used by Drana, Liberator of Malakir for forge.ai.ability.PermanentCreatureAi. Consider declaring an overloaded method
Warning: default (ie. inherited from base class) implementation of confirmAction is used by Wyleth, Soul of Steel for forge.ai.ability.PermanentCreatureAi. Consider declaring an overloaded method
Warning: default (ie. inherited from base class) implementation of confirmAction is used by Wilhelt, the Rotcleaver for forge.ai.ability.PermanentCreatureAi. Consider declaring an overloaded method
Warning: default (ie. inherited from base class) implementation of confirmAction is used by Drana, Liberator of Malakir for forge.ai.ability.PermanentCreatureAi. Consider declaring an overloaded method
Warning: default (ie. inherited from base class) implementation of confirmAction is used by Kilo, Apogee Mind for forge.ai.ability.PermanentCreatureAi. Consider declaring an overloaded method
Warning: default (ie. inherited from base class) implementation of confirmAction is used by Kilo, Apogee Mind for forge.ai.ability.PermanentCreatureAi. Consider declaring an overloaded method
Warning: default (ie. inherited from base class) implementation of confirmAction is used by Wyleth, Soul of Steel for forge.ai.ability.PermanentCreatureAi. Consider declaring an overloaded method
Warning: default (ie. inherited from base class) implementation of confirmAction is used by Kilo, Apogee Mind for forge.ai.ability.PermanentCreatureAi. Consider declaring an overloaded method
Warning: default (ie. inherited from base class) implementation of confirmAction is used by Drana, Liberator of Malakir for forge.ai.ability.PermanentCreatureAi. Consider declaring an overloaded method
No AI assigned for API: Incubate
Warning: default (ie. inherited from base class) implementation of chooseSingleCard is used by Ripples of Potential for forge.ai.ability.PhasesAi. Consider declaring an overloaded method
Warning: default (ie. inherited from base class) implementation of chooseSingleCard is used by Ripples of Potential for forge.ai.ability.PhasesAi. Consider declaring an overloaded method
Warning: default (ie. inherited from base class) implementation of chooseSingleCard is used by Ripples of Potential for forge.ai.ability.PhasesAi. Consider declaring an overloaded method
Warning: default (ie. inherited from base class) implementation of confirmAction is used by Wilhelt, the Rotcleaver for forge.ai.ability.PermanentCreatureAi. Consider declaring an overloaded method
Warning: default (ie. inherited from base class) implementation of confirmAction is used by Drana, Liberator of Malakir for forge.ai.ability.PermanentCreatureAi. Consider declaring an overloaded method
Mulligan: Ai(1)-Wilhelt Zombies B3 has kept a hand of 7 cards
Mulligan: Ai(2)-Wyleth Voltron B3 has kept a hand of 7 cards
Mulligan: Ai(3)-Drana Vampires has kept a hand of 7 cards
Mulligan: Ai(4)-Kilo Helm Final has kept a hand of 7 cards
Turn: Turn 1 (Ai(1)-Wilhelt Zombies B3)
Phase: Ai(1)-Wilhelt Zombies B3's Untap step
Phase: Ai(1)-Wilhelt Zombies B3's Upkeep step
Phase: Ai(1)-Wilhelt Zombies B3's Draw step
Phase: Ai(1)-Wilhelt Zombies B3's Main phase, precombat
Land: Ai(1)-Wilhelt Zombies B3 played Command Tower (12)
Phase: Ai(1)-Wilhelt Zombies B3's Beginning of Combat Step
Phase: Ai(1)-Wilhelt Zombies B3's Declare Attackers Step
Phase: Ai(1)-Wilhelt Zombies B3's Declare Blockers Step
Phase: Ai(1)-Wilhelt Zombies B3's First Strike Damage Step
Phase: Ai(1)-Wilhelt Zombies B3's Combat Damage Step
Phase: Ai(1)-Wilhelt Zombies B3's End of Combat Step
Phase: Ai(1)-Wilhelt Zombies B3's Main phase, postcombat
Phase: Ai(1)-Wilhelt Zombies B3's End step
Phase: Ai(1)-Wilhelt Zombies B3's Cleanup step
Turn: Turn 2 (Ai(2)-Wyleth Voltron B3)
Phase: Ai(2)-Wyleth Voltron B3's Untap step
Phase: Ai(2)-Wyleth Voltron B3's Upkeep step
Phase: Ai(2)-Wyleth Voltron B3's Draw step
Phase: Ai(2)-Wyleth Voltron B3's Main phase, precombat
Land: Ai(2)-Wyleth Voltron B3 played Battlefield Forge (119)
Phase: Ai(2)-Wyleth Voltron B3's Beginning of Combat Step
Phase: Ai(2)-Wyleth Voltron B3's Declare Attackers Step
Phase: Ai(2)-Wyleth Voltron B3's Declare Blockers Step
Phase: Ai(2)-Wyleth Voltron B3's First Strike Damage Step
Phase: Ai(2)-Wyleth Voltron B3's Combat Damage Step
Phase: Ai(2)-Wyleth Voltron B3's End of Combat Step
Phase: Ai(2)-Wyleth Voltron B3's Main phase, postcombat
Mana: Battlefield Forge (119) - {T}: Add {C}.
Add To Stack: Ai(2)-Wyleth Voltron B3 cast Bloodforged Battle-Axe
Resolve Stack: Bloodforged Battle-Axe
Phase: Ai(2)-Wyleth Voltron B3's End step
Phase: Ai(2)-Wyleth Voltron B3's Cleanup step
Turn: Turn 3 (Ai(3)-Drana Vampires)
Phase: Ai(3)-Drana Vampires' Untap step
Phase: Ai(3)-Drana Vampires' Upkeep step
Phase: Ai(3)-Drana Vampires' Draw step
Phase: Ai(3)-Drana Vampires' Main phase, precombat
Land: Ai(3)-Drana Vampires played Swamp (291)
Phase: Ai(3)-Drana Vampires' Beginning of Combat Step
Phase: Ai(3)-Drana Vampires' Declare Attackers Step
Phase: Ai(3)-Drana Vampires' Declare Blockers Step
Phase: Ai(3)-Drana Vampires' First Strike Damage Step
Phase: Ai(3)-Drana Vampires' Combat Damage Step
Phase: Ai(3)-Drana Vampires' End of Combat Step
Phase: Ai(3)-Drana Vampires' Main phase, postcombat
Phase: Ai(3)-Drana Vampires' End step
Phase: Ai(3)-Drana Vampires' Cleanup step
Turn: Turn 4 (Ai(4)-Kilo Helm Final)
Phase: Ai(4)-Kilo Helm Final's Untap step
Phase: Ai(4)-Kilo Helm Final's Upkeep step
Phase: Ai(4)-Kilo Helm Final's Draw step
Phase: Ai(4)-Kilo Helm Final's Main phase, precombat
Land: Ai(4)-Kilo Helm Final played Cascade Bluffs (324)
Phase: Ai(4)-Kilo Helm Final's Beginning of Combat Step
Phase: Ai(4)-Kilo Helm Final's Declare Attackers Step
Phase: Ai(4)-Kilo Helm Final's Declare Blockers Step
Phase: Ai(4)-Kilo Helm Final's First Strike Damage Step
Phase: Ai(4)-Kilo Helm Final's Combat Damage Step
Phase: Ai(4)-Kilo Helm Final's End of Combat Step
Phase: Ai(4)-Kilo Helm Final's Main phase, postcombat
Mana: Cascade Bluffs (324) - {T}: Add {C}.
Add To Stack: Ai(4)-Kilo Helm Final cast Sol Ring
Resolve Stack: Sol Ring
Phase: Ai(4)-Kilo Helm Final's End step
Phase: Ai(4)-Kilo Helm Final's Cleanup step
Turn: Turn 5 (Ai(1)-Wilhelt Zombies B3)
Phase: Ai(1)-Wilhelt Zombies B3's Untap step
Phase: Ai(1)-Wilhelt Zombies B3's Upkeep step
Phase: Ai(1)-Wilhelt Zombies B3's Draw step
Phase: Ai(1)-Wilhelt Zombies B3's Main phase, precombat
Land: Ai(1)-Wilhelt Zombies B3 played Unholy Grotto (16)
Phase: Ai(1)-Wilhelt Zombies B3's Beginning of Combat Step
Phase: Ai(1)-Wilhelt Zombies B3's Declare Attackers Step
Phase: Ai(1)-Wilhelt Zombies B3's Declare Blockers Step
Phase: Ai(1)-Wilhelt Zombies B3's First Strike Damage Step
Phase: Ai(1)-Wilhelt Zombies B3's Combat Damage Step
Phase: Ai(1)-Wilhelt Zombies B3's End of Combat Step
Phase: Ai(1)-Wilhelt Zombies B3's Main phase, postcombat
Phase: Ai(1)-Wilhelt Zombies B3's End step
Phase: Ai(1)-Wilhelt Zombies B3's Cleanup step
Turn: Turn 6 (Ai(2)-Wyleth Voltron B3)
Phase: Ai(2)-Wyleth Voltron B3's Untap step
Phase: Ai(2)-Wyleth Voltron B3's Upkeep step
Phase: Ai(2)-Wyleth Voltron B3's Draw step
Phase: Ai(2)-Wyleth Voltron B3's Main phase, precombat
Land: Ai(2)-Wyleth Voltron B3 played Plains (160)
Phase: Ai(2)-Wyleth Voltron B3's Beginning of Combat Step
Phase: Ai(2)-Wyleth Voltron B3's Declare Attackers Step
Phase: Ai(2)-Wyleth Voltron B3's Declare Blockers Step
Phase: Ai(2)-Wyleth Voltron B3's First Strike Damage Step
Phase: Ai(2)-Wyleth Voltron B3's Combat Damage Step
Phase: Ai(2)-Wyleth Voltron B3's End of Combat Step
Phase: Ai(2)-Wyleth Voltron B3's Main phase, postcombat
Mana: Plains (160) - {T}: Add {W}.
Mana: Battlefield Forge (119) - {T}: Add {C}.
Add To Stack: Ai(2)-Wyleth Voltron B3 cast Leonin Shikari
Resolve Stack: Leonin Shikari - Creature 2 / 2
Phase: Ai(2)-Wyleth Voltron B3's End step
Phase: Ai(2)-Wyleth Voltron B3's Cleanup step
Turn: Turn 7 (Ai(3)-Drana Vampires)
Phase: Ai(3)-Drana Vampires' Untap step
Phase: Ai(3)-Drana Vampires' Upkeep step
Phase: Ai(3)-Drana Vampires' Draw step
Phase: Ai(3)-Drana Vampires' Main phase, precombat
Land: Ai(3)-Drana Vampires played Swamp (280)
Phase: Ai(3)-Drana Vampires' Beginning of Combat Step
Phase: Ai(3)-Drana Vampires' Declare Attackers Step
Phase: Ai(3)-Drana Vampires' Declare Blockers Step
Phase: Ai(3)-Drana Vampires' First Strike Damage Step
Phase: Ai(3)-Drana Vampires' Combat Damage Step
Phase: Ai(3)-Drana Vampires' End of Combat Step
Phase: Ai(3)-Drana Vampires' Main phase, postcombat
Phase: Ai(3)-Drana Vampires' End step
Phase: Ai(3)-Drana Vampires' Cleanup step
Turn: Turn 8 (Ai(4)-Kilo Helm Final)
Phase: Ai(4)-Kilo Helm Final's Untap step
Phase: Ai(4)-Kilo Helm Final's Upkeep step
Phase: Ai(4)-Kilo Helm Final's Draw step
Phase: Ai(4)-Kilo Helm Final's Main phase, precombat
Land: Ai(4)-Kilo Helm Final played Plains (356)
Phase: Ai(4)-Kilo Helm Final's Beginning of Combat Step
Phase: Ai(4)-Kilo Helm Final's Declare Attackers Step
Phase: Ai(4)-Kilo Helm Final's Declare Blockers Step
Phase: Ai(4)-Kilo Helm Final's First Strike Damage Step
Phase: Ai(4)-Kilo Helm Final's Combat Damage Step
Phase: Ai(4)-Kilo Helm Final's End of Combat Step
Phase: Ai(4)-Kilo Helm Final's Main phase, postcombat
Phase: Ai(4)-Kilo Helm Final's End step
Phase: Ai(4)-Kilo Helm Final's Cleanup step
Turn: Turn 9 (Ai(1)-Wilhelt Zombies B3)
Phase: Ai(1)-Wilhelt Zombies B3's Untap step
Phase: Ai(1)-Wilhelt Zombies B3's Upkeep step
Phase: Ai(1)-Wilhelt Zombies B3's Draw step
Phase: Ai(1)-Wilhelt Zombies B3's Main phase, precombat
Land: Ai(1)-Wilhelt Zombies B3 played Swamp (77)
Mana: Swamp (77) - {T}: Add {B}.
Mana: Command Tower (12) - {T}: Add one mana of any color in your commander's color identity.
Mana: Unholy Grotto (16) - {T}: Add {C}.
Add To Stack: Ai(1)-Wilhelt Zombies B3 cast Hero's Downfall targeting [Leonin Shikari (173)]
Zone Change: Leonin Shikari (173) was put into Graveyard from Battlefield.
Resolve Stack: Hero's Downfall (67) - Destroy Leonin Shikari (173).
Phase: Ai(1)-Wilhelt Zombies B3's Beginning of Combat Step
Phase: Ai(1)-Wilhelt Zombies B3's Declare Attackers Step
Phase: Ai(1)-Wilhelt Zombies B3's Declare Blockers Step
Phase: Ai(1)-Wilhelt Zombies B3's First Strike Damage Step
Phase: Ai(1)-Wilhelt Zombies B3's Combat Damage Step
Phase: Ai(1)-Wilhelt Zombies B3's End of Combat Step
Phase: Ai(1)-Wilhelt Zombies B3's Main phase, postcombat
Phase: Ai(1)-Wilhelt Zombies B3's End step
Phase: Ai(1)-Wilhelt Zombies B3's Cleanup step
Turn: Turn 10 (Ai(2)-Wyleth Voltron B3)
Phase: Ai(2)-Wyleth Voltron B3's Untap step
Phase: Ai(2)-Wyleth Voltron B3's Upkeep step
Phase: Ai(2)-Wyleth Voltron B3's Draw step
Phase: Ai(2)-Wyleth Voltron B3's Main phase, precombat
Land: Ai(2)-Wyleth Voltron B3 played Mountain (185)
Phase: Ai(2)-Wyleth Voltron B3's Beginning of Combat Step
Phase: Ai(2)-Wyleth Voltron B3's Declare Attackers Step
Phase: Ai(2)-Wyleth Voltron B3's Declare Blockers Step
Phase: Ai(2)-Wyleth Voltron B3's First Strike Damage Step
Phase: Ai(2)-Wyleth Voltron B3's Combat Damage Step
Phase: Ai(2)-Wyleth Voltron B3's End of Combat Step
Phase: Ai(2)-Wyleth Voltron B3's Main phase, postcombat
Mana: Plains (160) - {T}: Add {W}.
Mana: Mountain (185) - {T}: Add {R}.
Mana: Battlefield Forge (119) - {T}: Add {C}.
Add To Stack: Ai(2)-Wyleth Voltron B3 cast Wyleth, Soul of Steel
Resolve Stack: Wyleth, Soul of Steel - Creature 2 / 2
Phase: Ai(2)-Wyleth Voltron B3's End step
Phase: Ai(2)-Wyleth Voltron B3's Cleanup step
Turn: Turn 11 (Ai(3)-Drana Vampires)
Phase: Ai(3)-Drana Vampires' Untap step
Phase: Ai(3)-Drana Vampires' Upkeep step
Phase: Ai(3)-Drana Vampires' Draw step
Phase: Ai(3)-Drana Vampires' Main phase, precombat
Land: Ai(3)-Drana Vampires played Swamp (294)
Mana: Swamp (291) - {T}: Add {B}.
Mana: Swamp (280) - {T}: Add {B}.
Mana: Swamp (294) - {T}: Add {B}.
Add To Stack: Ai(3)-Drana Vampires cast Quag Sickness targeting [Wyleth, Soul of Steel (200)]
Resolve Stack: Quag Sickness (232) -  Attach to Wyleth, Soul of Steel (200)
Zone Change: Wyleth, Soul of Steel (200) was put into Graveyard from Battlefield.
Zone Change: Quag Sickness (232) was put into Graveyard from Battlefield.
Phase: Ai(3)-Drana Vampires' Beginning of Combat Step
Phase: Ai(3)-Drana Vampires' Declare Attackers Step
Phase: Ai(3)-Drana Vampires' Declare Blockers Step
Phase: Ai(3)-Drana Vampires' First Strike Damage Step
Phase: Ai(3)-Drana Vampires' Combat Damage Step
Phase: Ai(3)-Drana Vampires' End of Combat Step
Phase: Ai(3)-Drana Vampires' Main phase, postcombat
Phase: Ai(3)-Drana Vampires' End step
Phase: Ai(3)-Drana Vampires' Cleanup step
Turn: Turn 12 (Ai(4)-Kilo Helm Final)
Phase: Ai(4)-Kilo Helm Final's Untap step
Phase: Ai(4)-Kilo Helm Final's Upkeep step
Phase: Ai(4)-Kilo Helm Final's Draw step
Phase: Ai(4)-Kilo Helm Final's Main phase, precombat
Land: Ai(4)-Kilo Helm Final played Karn's Bastion (321)
Phase: Ai(4)-Kilo Helm Final's Beginning of Combat Step
Phase: Ai(4)-Kilo Helm Final's Declare Attackers Step
Phase: Ai(4)-Kilo Helm Final's Declare Blockers Step
Phase: Ai(4)-Kilo Helm Final's First Strike Damage Step
Phase: Ai(4)-Kilo Helm Final's Combat Damage Step
Phase: Ai(4)-Kilo Helm Final's End of Combat Step
Phase: Ai(4)-Kilo Helm Final's Main phase, postcombat
Mana: Sol Ring (310) - {T}: Add {C}{C}.
Add To Stack: Ai(4)-Kilo Helm Final cast Arcane Signet
Resolve Stack: Arcane Signet
Mana: Arcane Signet (396) - {T}: Add one mana of any color in your commander's color identity.
Mana: Plains (356) - {T}: Add {W}.
Mana: Cascade Bluffs (324) - {T}: Add {C}.
Add To Stack: Ai(4)-Kilo Helm Final cast Uthros Research Craft
Resolve Stack: Uthros Research Craft
Phase: Ai(4)-Kilo Helm Final's End step
Phase: Ai(4)-Kilo Helm Final's Cleanup step
Turn: Turn 13 (Ai(1)-Wilhelt Zombies B3)
Phase: Ai(1)-Wilhelt Zombies B3's Untap step
Phase: Ai(1)-Wilhelt Zombies B3's Upkeep step
Phase: Ai(1)-Wilhelt Zombies B3's Draw step
Phase: Ai(1)-Wilhelt Zombies B3's Main phase, precombat
Land: Ai(1)-Wilhelt Zombies B3 played Swamp (83)
Phase: Ai(1)-Wilhelt Zombies B3's Beginning of Combat Step
Phase: Ai(1)-Wilhelt Zombies B3's Declare Attackers Step
Phase: Ai(1)-Wilhelt Zombies B3's Declare Blockers Step
Phase: Ai(1)-Wilhelt Zombies B3's First Strike Damage Step
Phase: Ai(1)-Wilhelt Zombies B3's Combat Damage Step
Phase: Ai(1)-Wilhelt Zombies B3's End of Combat Step
Phase: Ai(1)-Wilhelt Zombies B3's Main phase, postcombat
Mana: Command Tower (12) - {T}: Add one mana of any color in your commander's color identity.
Mana: Swamp (77) - {T}: Add {B}.
Mana: Swamp (83) - {T}: Add {B}.
Mana: Unholy Grotto (16) - {T}: Add {C}.
Add To Stack: Ai(1)-Wilhelt Zombies B3 cast Wilhelt, the Rotcleaver
Resolve Stack: Wilhelt, the Rotcleaver - Creature 3 / 3
Phase: Ai(1)-Wilhelt Zombies B3's End step
Add To Stack: Ai(1)-Wilhelt Zombies B3 triggered Wilhelt, the Rotcleaver
Resolve Stack: At the beginning of your end step, you may sacrifice a Zombie. If you do, draw a card. [Phase: Ai(1)-Wilhelt Zombies B3]
Phase: Ai(1)-Wilhelt Zombies B3's Cleanup step
Turn: Turn 14 (Ai(2)-Wyleth Voltron B3)
Phase: Ai(2)-Wyleth Voltron B3's Untap step
Phase: Ai(2)-Wyleth Voltron B3's Upkeep step
Phase: Ai(2)-Wyleth Voltron B3's Draw step
Phase: Ai(2)-Wyleth Voltron B3's Main phase, precombat
Land: Ai(2)-Wyleth Voltron B3 played Inventors' Fair (102)
Phase: Ai(2)-Wyleth Voltron B3's Beginning of Combat Step
Phase: Ai(2)-Wyleth Voltron B3's Declare Attackers Step
Phase: Ai(2)-Wyleth Voltron B3's Declare Blockers Step
Phase: Ai(2)-Wyleth Voltron B3's First Strike Damage Step
Phase: Ai(2)-Wyleth Voltron B3's Combat Damage Step
Phase: Ai(2)-Wyleth Voltron B3's End of Combat Step
Phase: Ai(2)-Wyleth Voltron B3's Main phase, postcombat
Mana: Plains (160) - {T}: Add {W}.
Mana: Mountain (185) - {T}: Add {R}.
Mana: Inventors' Fair (102) - {T}: Add {C}.
Add To Stack: Ai(2)-Wyleth Voltron B3 cast Fireshrieker
Resolve Stack: Fireshrieker
Phase: Ai(2)-Wyleth Voltron B3's End step
Phase: Ai(2)-Wyleth Voltron B3's Cleanup step
Turn: Turn 15 (Ai(3)-Drana Vampires)
Phase: Ai(3)-Drana Vampires' Untap step
Phase: Ai(3)-Drana Vampires' Upkeep step
Phase: Ai(3)-Drana Vampires' Draw step
Phase: Ai(3)-Drana Vampires' Main phase, precombat
Land: Ai(3)-Drana Vampires played Swamp (295)
Phase: Ai(3)-Drana Vampires' Beginning of Combat Step
Phase: Ai(3)-Drana Vampires' Declare Attackers Step
Phase: Ai(3)-Drana Vampires' Declare Blockers Step
Phase: Ai(3)-Drana Vampires' First Strike Damage Step
Phase: Ai(3)-Drana Vampires' Combat Damage Step
Phase: Ai(3)-Drana Vampires' End of Combat Step
Phase: Ai(3)-Drana Vampires' Main phase, postcombat
Mana: Swamp (291) - {T}: Add {B}.
Mana: Swamp (280) - {T}: Add {B}.
Mana: Swamp (294) - {T}: Add {B}.
Add To Stack: Ai(3)-Drana Vampires cast Drana, Liberator of Malakir
Resolve Stack: Drana, Liberator of Malakir - Creature 2 / 3
Phase: Ai(3)-Drana Vampires' End step
Phase: Ai(3)-Drana Vampires' Cleanup step
Turn: Turn 16 (Ai(4)-Kilo Helm Final)
Phase: Ai(4)-Kilo Helm Final's Untap step
Phase: Ai(4)-Kilo Helm Final's Upkeep step
Phase: Ai(4)-Kilo Helm Final's Draw step
Phase: Ai(4)-Kilo Helm Final's Main phase, precombat
Replacement Effect: This land enters tapped unless you control two or more basic lands.
Land: Ai(4)-Kilo Helm Final played Radiant Summit (322)
Phase: Ai(4)-Kilo Helm Final's Beginning of Combat Step
Phase: Ai(4)-Kilo Helm Final's Declare Attackers Step
Phase: Ai(4)-Kilo Helm Final's Declare Blockers Step
Phase: Ai(4)-Kilo Helm Final's First Strike Damage Step
Phase: Ai(4)-Kilo Helm Final's Combat Damage Step
Phase: Ai(4)-Kilo Helm Final's End of Combat Step
Phase: Ai(4)-Kilo Helm Final's Main phase, postcombat
Mana: Sol Ring (310) - {T}: Add {C}{C}.
Mana: Plains (356) - {T}: Add {W}.
Mana: Arcane Signet (396) - {T}: Add one mana of any color in your commander's color identity.
Add To Stack: Ai(4)-Kilo Helm Final cast Mindless Automaton
Replacement Effect: Mindless Automaton enters with two +1/+1 counters on it.
Resolve Stack: Mindless Automaton - Creature 0 / 0
Add To Stack: Ai(4)-Kilo Helm Final activated Mindless Automaton
Zone Change: Mindless Automaton (370) was put into Graveyard from Battlefield.
Resolve Stack: Mindless Automaton (370) - Ai(4)-Kilo Helm Final draws a card.
Phase: Ai(4)-Kilo Helm Final's End step
Phase: Ai(4)-Kilo Helm Final's Cleanup step
Turn: Turn 17 (Ai(1)-Wilhelt Zombies B3)
Phase: Ai(1)-Wilhelt Zombies B3's Untap step
Phase: Ai(1)-Wilhelt Zombies B3's Upkeep step
Phase: Ai(1)-Wilhelt Zombies B3's Draw step
Mana: Swamp (77) - {T}: Add {B}.
Mana: Swamp (83) - {T}: Add {B}.
Add To Stack: Ai(1)-Wilhelt Zombies B3 cast Go for the Throat targeting [Drana, Liberator of Malakir (301)]
Zone Change: Drana, Liberator of Malakir (301) was put into Graveyard from Battlefield.
Resolve Stack: Go for the Throat (54) - Destroy Drana, Liberator of Malakir (301).
Phase: Ai(1)-Wilhelt Zombies B3's Main phase, precombat
Land: Ai(1)-Wilhelt Zombies B3 played Swamp (91)
Phase: Ai(1)-Wilhelt Zombies B3's Beginning of Combat Step
Phase: Ai(1)-Wilhelt Zombies B3's Declare Attackers Step
Combat: Ai(1)-Wilhelt Zombies B3 assigned Wilhelt, the Rotcleaver (99) to attack Ai(4)-Kilo Helm Final.
Phase: Ai(1)-Wilhelt Zombies B3's Declare Blockers Step
Combat: Ai(4)-Kilo Helm Final didn't block Wilhelt, the Rotcleaver (99).
Phase: Ai(1)-Wilhelt Zombies B3's First Strike Damage Step
Phase: Ai(1)-Wilhelt Zombies B3's Combat Damage Step
Damage: Wilhelt, the Rotcleaver (99) deals 3 combat damage to Ai(4)-Kilo Helm Final.
Life: Life: Ai(4)-Kilo Helm Final 40 > 37
Phase: Ai(1)-Wilhelt Zombies B3's End of Combat Step
Phase: Ai(1)-Wilhelt Zombies B3's Main phase, postcombat
Mana: Swamp (91) - {T}: Add {B}.
Mana: Command Tower (12) - {T}: Add one mana of any color in your commander's color identity.
Mana: Unholy Grotto (16) - {T}: Add {C}.
Add To Stack: Ai(1)-Wilhelt Zombies B3 cast Midnight Reaper
Resolve Stack: Midnight Reaper - Creature 3 / 2
Phase: Ai(1)-Wilhelt Zombies B3's End step
Add To Stack: Ai(1)-Wilhelt Zombies B3 triggered Wilhelt, the Rotcleaver
Resolve Stack: At the beginning of your end step, you may sacrifice a Zombie. If you do, draw a card. [Phase: Ai(1)-Wilhelt Zombies B3]
Phase: Ai(1)-Wilhelt Zombies B3's Cleanup step
Turn: Turn 18 (Ai(2)-Wyleth Voltron B3)
Phase: Ai(2)-Wyleth Voltron B3's Untap step
Phase: Ai(2)-Wyleth Voltron B3's Upkeep step
Phase: Ai(2)-Wyleth Voltron B3's Draw step
Phase: Ai(2)-Wyleth Voltron B3's Main phase, precombat
Land: Ai(2)-Wyleth Voltron B3 played Plains (151)
Phase: Ai(2)-Wyleth Voltron B3's Beginning of Combat Step
Phase: Ai(2)-Wyleth Voltron B3's Declare Attackers Step
Phase: Ai(2)-Wyleth Voltron B3's Declare Blockers Step
Phase: Ai(2)-Wyleth Voltron B3's First Strike Damage Step
Phase: Ai(2)-Wyleth Voltron B3's Combat Damage Step
Phase: Ai(2)-Wyleth Voltron B3's End of Combat Step
Phase: Ai(2)-Wyleth Voltron B3's Main phase, postcombat
Mana: Mountain (185) - {T}: Add {R}.
Mana: Plains (160) - {T}: Add {W}.
Mana: Plains (151) - {T}: Add {W}.
Mana: Inventors' Fair (102) - {T}: Add {C}.
Mana: Battlefield Forge (119) - {T}: Add {C}.
Add To Stack: Ai(2)-Wyleth Voltron B3 cast Wyleth, Soul of Steel
Resolve Stack: Wyleth, Soul of Steel - Creature 2 / 2
Phase: Ai(2)-Wyleth Voltron B3's End step
Phase: Ai(2)-Wyleth Voltron B3's Cleanup step
Turn: Turn 19 (Ai(3)-Drana Vampires)
Phase: Ai(3)-Drana Vampires' Untap step
Phase: Ai(3)-Drana Vampires' Upkeep step
Phase: Ai(3)-Drana Vampires' Draw step
Phase: Ai(3)-Drana Vampires' Main phase, precombat
Land: Ai(3)-Drana Vampires played Swamp (277)
Phase: Ai(3)-Drana Vampires' Beginning of Combat Step
Phase: Ai(3)-Drana Vampires' Declare Attackers Step
Phase: Ai(3)-Drana Vampires' Declare Blockers Step
Phase: Ai(3)-Drana Vampires' First Strike Damage Step
Phase: Ai(3)-Drana Vampires' Combat Damage Step
Phase: Ai(3)-Drana Vampires' End of Combat Step
Phase: Ai(3)-Drana Vampires' Main phase, postcombat
Mana: Swamp (291) - {T}: Add {B}.
Mana: Swamp (280) - {T}: Add {B}.
Mana: Swamp (294) - {T}: Add {B}.
Mana: Swamp (295) - {T}: Add {B}.
Mana: Swamp (277) - {T}: Add {B}.
Add To Stack: Ai(3)-Drana Vampires cast Drana, Liberator of Malakir
Resolve Stack: Drana, Liberator of Malakir - Creature 2 / 3
Phase: Ai(3)-Drana Vampires' End step
Phase: Ai(3)-Drana Vampires' Cleanup step
Turn: Turn 20 (Ai(4)-Kilo Helm Final)
Phase: Ai(4)-Kilo Helm Final's Untap step
Phase: Ai(4)-Kilo Helm Final's Upkeep step
Phase: Ai(4)-Kilo Helm Final's Draw step
Phase: Ai(4)-Kilo Helm Final's Main phase, precombat
Mana: Arcane Signet (396) - {T}: Add one mana of any color in your commander's color identity.
Mana: Radiant Summit (322) - {T}: Add {R}.
Mana: Plains (356) - {T}: Add {W}.
Add To Stack: Ai(4)-Kilo Helm Final cast Kilo, Apogee Mind
Resolve Stack: Kilo, Apogee Mind - Creature 3 / 3
Phase: Ai(4)-Kilo Helm Final's Beginning of Combat Step
Phase: Ai(4)-Kilo Helm Final's Declare Attackers Step
Phase: Ai(4)-Kilo Helm Final's Declare Blockers Step
Phase: Ai(4)-Kilo Helm Final's First Strike Damage Step
Phase: Ai(4)-Kilo Helm Final's Combat Damage Step
Phase: Ai(4)-Kilo Helm Final's End of Combat Step
Phase: Ai(4)-Kilo Helm Final's Main phase, postcombat
Replacement Effect: Silverbluff Bridge enters tapped.
Land: Ai(4)-Kilo Helm Final played Silverbluff Bridge (327)
Add To Stack: Ai(4)-Kilo Helm Final activated Uthros Research Craft
Add To Stack: Ai(4)-Kilo Helm Final triggered Kilo, Apogee Mind
Resolve Stack: Whenever Kilo becomes tapped, proliferate. (Choose any number of permanents and/or players, then give each another counter of each kind already there.) [Tapped: Kilo, Apogee Mind (402)]
Resolve Stack: Uthros Research Craft (395) - Ai(4)-Kilo Helm Final puts three charge counters on Uthros Research Craft (395).
Mana: Sol Ring (310) - {T}: Add {C}{C}.
Add To Stack: Ai(4)-Kilo Helm Final cast Adamantium Bonding Tank
Add To Stack: Ai(4)-Kilo Helm Final triggered Uthros Research Craft
Resolve Stack: Whenever you cast an artifact spell, draw a card. Put a charge counter on this Spacecraft. [Card: Adamantium Bonding Tank (375), Activator: Ai(4)-Kilo Helm Final, SpellAbility: The Ozolith]
Resolve Stack: The Ozolith
Phase: Ai(4)-Kilo Helm Final's End step
Phase: Ai(4)-Kilo Helm Final's Cleanup step
Turn: Turn 21 (Ai(1)-Wilhelt Zombies B3)
Phase: Ai(1)-Wilhelt Zombies B3's Untap step
Phase: Ai(1)-Wilhelt Zombies B3's Upkeep step
Phase: Ai(1)-Wilhelt Zombies B3's Draw step
Phase: Ai(1)-Wilhelt Zombies B3's Main phase, precombat
Mana: Swamp (77) - {T}: Add {B}.
Mana: Swamp (83) - {T}: Add {B}.
Mana: Swamp (91) - {T}: Add {B}.
Mana: Command Tower (12) - {T}: Add one mana of any color in your commander's color identity.
Add To Stack: Ai(1)-Wilhelt Zombies B3 cast Undead Warchief
Resolve Stack: Undead Warchief - Creature 1 / 1
Phase: Ai(1)-Wilhelt Zombies B3's Beginning of Combat Step
Phase: Ai(1)-Wilhelt Zombies B3's Declare Attackers Step
Combat: Ai(1)-Wilhelt Zombies B3 assigned Wilhelt, the Rotcleaver (99) and Midnight Reaper (62) to attack Ai(4)-Kilo Helm Final.
Phase: Ai(1)-Wilhelt Zombies B3's Declare Blockers Step
Combat: Ai(4)-Kilo Helm Final didn't block Wilhelt, the Rotcleaver (99).
Ai(4)-Kilo Helm Final didn't block Midnight Reaper (62).
Phase: Ai(1)-Wilhelt Zombies B3's First Strike Damage Step
Phase: Ai(1)-Wilhelt Zombies B3's Combat Damage Step
Damage: Wilhelt, the Rotcleaver (99) deals 5 combat damage to Ai(4)-Kilo Helm Final.
Damage: Midnight Reaper (62) deals 5 combat damage to Ai(4)-Kilo Helm Final.
Life: Life: Ai(4)-Kilo Helm Final 37 > 27
Phase: Ai(1)-Wilhelt Zombies B3's End of Combat Step
Phase: Ai(1)-Wilhelt Zombies B3's Main phase, postcombat
Phase: Ai(1)-Wilhelt Zombies B3's End step
Add To Stack: Ai(1)-Wilhelt Zombies B3 triggered Wilhelt, the Rotcleaver
Resolve Stack: At the beginning of your end step, you may sacrifice a Zombie. If you do, draw a card. [Phase: Ai(1)-Wilhelt Zombies B3]
Phase: Ai(1)-Wilhelt Zombies B3's Cleanup step
Turn: Turn 22 (Ai(2)-Wyleth Voltron B3)
Phase: Ai(2)-Wyleth Voltron B3's Untap step
Phase: Ai(2)-Wyleth Voltron B3's Upkeep step
Phase: Ai(2)-Wyleth Voltron B3's Draw step
Phase: Ai(2)-Wyleth Voltron B3's Main phase, precombat
Land: Ai(2)-Wyleth Voltron B3 played Plains (154)
Mana: Mountain (185) - {T}: Add {R}.
Mana: Plains (160) - {T}: Add {W}.
Add To Stack: Ai(2)-Wyleth Voltron B3 activated Bloodforged Battle-Axe targeting [Wyleth, Soul of Steel (200)]
Resolve Stack: Bloodforged Battle-Axe (132) -  Attach to Wyleth, Soul of Steel (200)
Mana: Plains (151) - {T}: Add {W}.
Mana: Plains (154) - {T}: Add {W}.
Add To Stack: Ai(2)-Wyleth Voltron B3 activated Fireshrieker targeting [Wyleth, Soul of Steel (200)]
Resolve Stack: Fireshrieker (147) -  Attach to Wyleth, Soul of Steel (200)
Phase: Ai(2)-Wyleth Voltron B3's Beginning of Combat Step
Phase: Ai(2)-Wyleth Voltron B3's Declare Attackers Step
Combat: Ai(2)-Wyleth Voltron B3 assigned Wyleth, Soul of Steel (200) to attack Ai(1)-Wilhelt Zombies B3.
Add To Stack: Ai(2)-Wyleth Voltron B3 triggered Wyleth, Soul of Steel
Resolve Stack: Whenever Wyleth, Soul of Steel attacks, draw a card for each Aura and Equipment attached to it. [Attacker: Wyleth, Soul of Steel (200)]
Phase: Ai(2)-Wyleth Voltron B3's Declare Blockers Step
Combat: Ai(1)-Wilhelt Zombies B3 didn't block Wyleth, Soul of Steel (200).
Phase: Ai(2)-Wyleth Voltron B3's First Strike Damage Step
Damage: Wyleth, Soul of Steel (200) deals 4 combat damage to Ai(1)-Wilhelt Zombies B3.
Life: Life: Ai(1)-Wilhelt Zombies B3 40 > 36
Add To Stack: Ai(2)-Wyleth Voltron B3 triggered Bloodforged Battle-Axe
Resolve Stack: Whenever equipped creature deals combat damage to a player, create a token that's a copy of Bloodforged Battle-Axe. [Damage Source: Wyleth, Soul of Steel (200), Damaged: Ai(1)-Wilhelt Zombies B3, Amount: 4]
Phase: Ai(2)-Wyleth Voltron B3's Combat Damage Step
Damage: Wyleth, Soul of Steel (200) deals 4 combat damage to Ai(1)-Wilhelt Zombies B3.
Life: Life: Ai(1)-Wilhelt Zombies B3 36 > 32
Add To Stack: Ai(2)-Wyleth Voltron B3 triggered Bloodforged Battle-Axe
Resolve Stack: Whenever equipped creature deals combat damage to a player, create a token that's a copy of Bloodforged Battle-Axe. [Damage Source: Wyleth, Soul of Steel (200), Damaged: Ai(1)-Wilhelt Zombies B3, Amount: 4]
Phase: Ai(2)-Wyleth Voltron B3's End of Combat Step
Phase: Ai(2)-Wyleth Voltron B3's Main phase, postcombat
Damage: Battlefield Forge (119) deals 1 non-combat damage to Ai(2)-Wyleth Voltron B3.
Life: Life: Ai(2)-Wyleth Voltron B3 40 > 39
Mana: Battlefield Forge (119) - {T}: Add {R} or {W}. Battlefield Forge deals 1 damage to you. 
Add To Stack: Ai(2)-Wyleth Voltron B3 cast Kor Duelist
Resolve Stack: Kor Duelist - Creature 1 / 1
Phase: Ai(2)-Wyleth Voltron B3's End step
Phase: Ai(2)-Wyleth Voltron B3's Cleanup step
Turn: Turn 23 (Ai(3)-Drana Vampires)
Phase: Ai(3)-Drana Vampires' Untap step
Phase: Ai(3)-Drana Vampires' Upkeep step
Phase: Ai(3)-Drana Vampires' Draw step
Phase: Ai(3)-Drana Vampires' Main phase, precombat
Land: Ai(3)-Drana Vampires played Swamp (293)
Mana: Swamp (291) - {T}: Add {B}.
Mana: Swamp (280) - {T}: Add {B}.
Mana: Swamp (294) - {T}: Add {B}.
Mana: Swamp (295) - {T}: Add {B}.
Add To Stack: Ai(3)-Drana Vampires cast Whip of Erebos
Resolve Stack: Whip of Erebos
Phase: Ai(3)-Drana Vampires' Beginning of Combat Step
Phase: Ai(3)-Drana Vampires' Declare Attackers Step
Combat: Ai(3)-Drana Vampires assigned Drana, Liberator of Malakir (301) to attack Ai(2)-Wyleth Voltron B3.
Phase: Ai(3)-Drana Vampires' Declare Blockers Step
Combat: Ai(2)-Wyleth Voltron B3 didn't block Drana, Liberator of Malakir (301).
Phase: Ai(3)-Drana Vampires' First Strike Damage Step
Damage: Drana, Liberator of Malakir (301) deals 2 combat damage to Ai(2)-Wyleth Voltron B3.
Life: Life: Ai(3)-Drana Vampires 40 > 42
Life: Life: Ai(2)-Wyleth Voltron B3 39 > 37
Add To Stack: Ai(3)-Drana Vampires triggered Drana, Liberator of Malakir
Resolve Stack: Whenever Drana, Liberator of Malakir deals combat damage to a player, put a +1/+1 counter on each attacking creature you control. [Damage Source: Drana, Liberator of Malakir (301), Damaged: Ai(2)-Wyleth Voltron B3, Amount: 2]
Phase: Ai(3)-Drana Vampires' Combat Damage Step
Phase: Ai(3)-Drana Vampires' End of Combat Step
Phase: Ai(3)-Drana Vampires' Main phase, postcombat
Mana: Swamp (277) - {T}: Add {B}.
Mana: Swamp (293) - {T}: Add {B}.
Add To Stack: Ai(3)-Drana Vampires cast Night's Whisper
Life: Life: Ai(3)-Drana Vampires 42 > 40
Resolve Stack: Night's Whisper (203) - Ai(3)-Drana Vampires draws two cards. Ai(3)-Drana Vampires loses 2 life.
Phase: Ai(3)-Drana Vampires' End step
Phase: Ai(3)-Drana Vampires' Cleanup step
Turn: Turn 24 (Ai(4)-Kilo Helm Final)
Phase: Ai(4)-Kilo Helm Final's Untap step
Phase: Ai(4)-Kilo Helm Final's Upkeep step
Mana: Plains (356) - {T}: Add {W}.
Add To Stack: Ai(4)-Kilo Helm Final cast Swords to Plowshares targeting [Wyleth, Soul of Steel (200)]
Zone Change: Wyleth, Soul of Steel (200) was put into Exile from Battlefield.
Life: Life: Ai(2)-Wyleth Voltron B3 37 > 41
Resolve Stack: Swords to Plowshares (348) - Exile Wyleth, Soul of Steel (200). Ai(2)-Wyleth Voltron B3 gains life equal to its power.
Phase: Ai(4)-Kilo Helm Final's Draw step
Phase: Ai(4)-Kilo Helm Final's Main phase, precombat
Land: Ai(4)-Kilo Helm Final played Plains (357)
Mana: Sol Ring (310) - {T}: Add {C}{C}.
Mana: Plains (357) - {T}: Add {W}.
Mana: Silverbluff Bridge (327) - {T}: Add {U} or {R}.
Mana: Radiant Summit (322) - {T}: Add {R}.
Mana: Arcane Signet (396) - {T}: Add one mana of any color in your commander's color identity.
Mana: Cascade Bluffs (324) - {T}: Add {C}.
Mana: Karn's Bastion (321) - {T}: Add {C}.
Add To Stack: Ai(4)-Kilo Helm Final cast Extinguisher Battleship
Add To Stack: Ai(4)-Kilo Helm Final triggered Uthros Research Craft
Resolve Stack: Whenever you cast an artifact spell, draw a card. Put a charge counter on this Spacecraft. [Card: Extinguisher Battleship (351), Activator: Ai(4)-Kilo Helm Final, SpellAbility: Extinguisher Battleship]
Resolve Stack: Extinguisher Battleship
Add To Stack: Ai(4)-Kilo Helm Final triggered Extinguisher Battleship targeting [Whip of Erebos (216)]
Zone Change: Whip of Erebos (216) was put into Graveyard from Battlefield.
Damage: Extinguisher Battleship (351) deals 4 damage to Wilhelt, the Rotcleaver (99).
Damage: Extinguisher Battleship (351) deals 4 damage to Midnight Reaper (62).
Damage: Extinguisher Battleship (351) deals 4 damage to Undead Warchief (96).
Damage: Extinguisher Battleship (351) deals 4 damage to Kor Duelist (167).
Damage: Extinguisher Battleship (351) deals 4 damage to Drana, Liberator of Malakir (301).
Damage: Extinguisher Battleship (351) deals 4 damage to Kilo, Apogee Mind (402).
Resolve Stack: When this Spacecraft enters, destroy target noncreature permanent. Then this Spacecraft deals 4 damage to each creature. (Targeting: [[Whip of Erebos (216)]]) [Zone Changer: Extinguisher Battleship (351)]
Zone Change: Kilo, Apogee Mind (402) was put into Graveyard from Battlefield.
Zone Change: Wilhelt, the Rotcleaver (99) was put into Graveyard from Battlefield.
Zone Change: Midnight Reaper (62) was put into Graveyard from Battlefield.
Zone Change: Undead Warchief (96) was put into Graveyard from Battlefield.
Zone Change: Kor Duelist (167) was put into Graveyard from Battlefield.
Zone Change: Drana, Liberator of Malakir (301) was put into Graveyard from Battlefield.
Add To Stack: Ai(1)-Wilhelt Zombies B3 triggered Midnight Reaper
Add To Stack: Ai(1)-Wilhelt Zombies B3 triggered Midnight Reaper
Add To Stack: Ai(1)-Wilhelt Zombies B3 triggered Midnight Reaper
Add To Stack: Ai(1)-Wilhelt Zombies B3 triggered Wilhelt, the Rotcleaver
Add To Stack: Ai(1)-Wilhelt Zombies B3 triggered Wilhelt, the Rotcleaver
Resolve Stack: Whenever another Zombie you control dies, if it didn't have decayed, create a 2/2 black Zombie creature token with decayed. (It can't block. When it attacks, sacrifice it at end of combat.) [Zone Changer: Undead Warchief (96)]
Resolve Stack: Whenever another Zombie you control dies, if it didn't have decayed, create a 2/2 black Zombie creature token with decayed. (It can't block. When it attacks, sacrifice it at end of combat.) [Zone Changer: Midnight Reaper (62)]
Damage: Midnight Reaper (62) deals 1 non-combat damage to Ai(1)-Wilhelt Zombies B3.
Life: Life: Ai(1)-Wilhelt Zombies B3 32 > 31
Resolve Stack: Whenever a nontoken creature you control dies, Midnight Reaper deals 1 damage to you and you draw a card. [Zone Changer: Undead Warchief (96)]
Damage: Midnight Reaper (62) deals 1 non-combat damage to Ai(1)-Wilhelt Zombies B3.
Life: Life: Ai(1)-Wilhelt Zombies B3 31 > 30
Resolve Stack: Whenever a nontoken creature you control dies, Midnight Reaper deals 1 damage to you and you draw a card. [Zone Changer: Midnight Reaper (62)]
Damage: Midnight Reaper (62) deals 1 non-combat damage to Ai(1)-Wilhelt Zombies B3.
Life: Life: Ai(1)-Wilhelt Zombies B3 30 > 29
Resolve Stack: Whenever a nontoken creature you control dies, Midnight Reaper deals 1 damage to you and you draw a card. [Zone Changer: Wilhelt, the Rotcleaver (99)]
Phase: Ai(4)-Kilo Helm Final's Beginning of Combat Step
Phase: Ai(4)-Kilo Helm Final's Declare Attackers Step
Phase: Ai(4)-Kilo Helm Final's Declare Blockers Step
Phase: Ai(4)-Kilo Helm Final's First Strike Damage Step
Phase: Ai(4)-Kilo Helm Final's Combat Damage Step
Phase: Ai(4)-Kilo Helm Final's End of Combat Step
Phase: Ai(4)-Kilo Helm Final's Main phase, postcombat
Phase: Ai(4)-Kilo Helm Final's End step
Phase: Ai(4)-Kilo Helm Final's Cleanup step
Turn: Turn 25 (Ai(1)-Wilhelt Zombies B3)
Phase: Ai(1)-Wilhelt Zombies B3's Untap step
Phase: Ai(1)-Wilhelt Zombies B3's Upkeep step
Phase: Ai(1)-Wilhelt Zombies B3's Draw step
Phase: Ai(1)-Wilhelt Zombies B3's Main phase, precombat
Replacement Effect: Sunken Hollow enters tapped unless you control two or more basic lands.
Land: Ai(1)-Wilhelt Zombies B3 played Sunken Hollow (18)
Phase: Ai(1)-Wilhelt Zombies B3's Beginning of Combat Step
Phase: Ai(1)-Wilhelt Zombies B3's Declare Attackers Step
Combat: Ai(1)-Wilhelt Zombies B3 assigned Zombie Token (411) and Zombie Token (413) to attack Ai(4)-Kilo Helm Final.
Add To Stack: Ai(1)-Wilhelt Zombies B3 triggered Zombie Token
Add To Stack: Ai(1)-Wilhelt Zombies B3 triggered Zombie Token
Resolve Stack: When a creature with decayed attacks, sacrifice it at end of combat. [Attacker: Zombie Token (413)]
Resolve Stack: When a creature with decayed attacks, sacrifice it at end of combat. [Attacker: Zombie Token (411)]
Phase: Ai(1)-Wilhelt Zombies B3's Declare Blockers Step
Combat: Ai(4)-Kilo Helm Final didn't block Zombie Token (411).
Ai(4)-Kilo Helm Final didn't block Zombie Token (413).
Phase: Ai(1)-Wilhelt Zombies B3's First Strike Damage Step
Phase: Ai(1)-Wilhelt Zombies B3's Combat Damage Step
Damage: Zombie Token (411) deals 2 combat damage to Ai(4)-Kilo Helm Final.
Damage: Zombie Token (413) deals 2 combat damage to Ai(4)-Kilo Helm Final.
Life: Life: Ai(4)-Kilo Helm Final 27 > 23
Phase: Ai(1)-Wilhelt Zombies B3's End of Combat Step
Add To Stack: Ai(1)-Wilhelt Zombies B3 triggered Zombie Token
Add To Stack: Ai(1)-Wilhelt Zombies B3 triggered Zombie Token
Zone Change: Zombie Token (411) was put into Graveyard from Battlefield.
Resolve Stack: At end of combat, sacrifice Zombie Token. [Phase: Ai(1)-Wilhelt Zombies B3]
Zone Change: Zombie Token (413) was put into Graveyard from Battlefield.
Resolve Stack: At end of combat, sacrifice Zombie Token. [Phase: Ai(1)-Wilhelt Zombies B3]
Phase: Ai(1)-Wilhelt Zombies B3's Main phase, postcombat
Mana: Swamp (77) - {T}: Add {B}.
Mana: Swamp (83) - {T}: Add {B}.
Mana: Swamp (91) - {T}: Add {B}.
Mana: Command Tower (12) - {T}: Add one mana of any color in your commander's color identity.
Mana: Sunken Hollow (18) - {T}: Add {B}.
Add To Stack: Ai(1)-Wilhelt Zombies B3 cast Gray Merchant of Asphodel
Resolve Stack: Gray Merchant of Asphodel - Creature 2 / 4
Add To Stack: Ai(1)-Wilhelt Zombies B3 triggered Gray Merchant of Asphodel
Life: Life: Ai(2)-Wyleth Voltron B3 41 > 39
Life: Life: Ai(3)-Drana Vampires 40 > 38
Life: Life: Ai(4)-Kilo Helm Final 23 > 21
Life: Life: Ai(1)-Wilhelt Zombies B3 29 > 35
Resolve Stack: When Gray Merchant of Asphodel enters, each opponent loses X life, where X is your devotion to black. You gain life equal to the life lost this way. [Zone Changer: Gray Merchant of Asphodel (15)]
Phase: Ai(1)-Wilhelt Zombies B3's End step
Phase: Ai(1)-Wilhelt Zombies B3's Cleanup step
Turn: Turn 26 (Ai(2)-Wyleth Voltron B3)
Phase: Ai(2)-Wyleth Voltron B3's Untap step
Phase: Ai(2)-Wyleth Voltron B3's Upkeep step
Add To Stack: Ai(2)-Wyleth Voltron B3 triggered Inventors' Fair
Life: Life: Ai(2)-Wyleth Voltron B3 39 > 40
Resolve Stack: At the beginning of your upkeep, if you control three or more artifacts, you gain 1 life. [Phase: Ai(2)-Wyleth Voltron B3]
Phase: Ai(2)-Wyleth Voltron B3's Draw step
Phase: Ai(2)-Wyleth Voltron B3's Main phase, precombat
Land: Ai(2)-Wyleth Voltron B3 played Plains (165)
Phase: Ai(2)-Wyleth Voltron B3's Beginning of Combat Step
Phase: Ai(2)-Wyleth Voltron B3's Declare Attackers Step
Phase: Ai(2)-Wyleth Voltron B3's Declare Blockers Step
Phase: Ai(2)-Wyleth Voltron B3's First Strike Damage Step
Phase: Ai(2)-Wyleth Voltron B3's Combat Damage Step
Phase: Ai(2)-Wyleth Voltron B3's End of Combat Step
Phase: Ai(2)-Wyleth Voltron B3's Main phase, postcombat
Mana: Plains (160) - {T}: Add {W}.
Mana: Plains (151) - {T}: Add {W}.
Mana: Plains (154) - {T}: Add {W}.
Mana: Plains (165) - {T}: Add {W}.
Mana: Mountain (185) - {T}: Add {R}.
Add To Stack: Ai(2)-Wyleth Voltron B3 cast Stonehewer Giant
Resolve Stack: Stonehewer Giant - Creature 4 / 4
Damage: Battlefield Forge (119) deals 1 non-combat damage to Ai(2)-Wyleth Voltron B3.
Life: Life: Ai(2)-Wyleth Voltron B3 40 > 39
Mana: Battlefield Forge (119) - {T}: Add {R} or {W}. Battlefield Forge deals 1 damage to you. 
Add To Stack: Ai(2)-Wyleth Voltron B3 cast Steelshaper's Gift
Resolve Stack: Steelshaper's Gift (139) - Ai(2)-Wyleth Voltron B3 searches their library for an Equipment card, reveals it, puts it into their hand, then shuffles.
Phase: Ai(2)-Wyleth Voltron B3's End step
Phase: Ai(2)-Wyleth Voltron B3's Cleanup step
Turn: Turn 27 (Ai(3)-Drana Vampires)
Phase: Ai(3)-Drana Vampires' Untap step
Phase: Ai(3)-Drana Vampires' Upkeep step
Phase: Ai(3)-Drana Vampires' Draw step
Phase: Ai(3)-Drana Vampires' Main phase, precombat
Land: Ai(3)-Drana Vampires played Swamp (275)
Mana: Swamp (291) - {T}: Add {B}.
Mana: Swamp (280) - {T}: Add {B}.
Mana: Swamp (294) - {T}: Add {B}.
Mana: Swamp (295) - {T}: Add {B}.
Add To Stack: Ai(3)-Drana Vampires cast Crypt Ghast
Resolve Stack: Crypt Ghast - Creature 2 / 2
Mana: Swamp (277) - {T}: Add {B}.
Mana: Swamp (293) - {T}: Add {B}.
Add To Stack: Ai(3)-Drana Vampires cast Vampire Nocturnus
Add To Stack: Ai(3)-Drana Vampires triggered Crypt Ghast
Mana: Swamp (275) - {T}: Add {B}.
Life: Life: Ai(4)-Kilo Helm Final 21 > 20
Life: Life: Ai(1)-Wilhelt Zombies B3 35 > 34
Life: Life: Ai(2)-Wyleth Voltron B3 39 > 38
Life: Life: Ai(3)-Drana Vampires 38 > 41
Resolve Stack: Extort (Whenever you cast a spell, you may pay {W/B}. If you do, each opponent loses 1 life and you gain that much life.) [Card: Vampire Nocturnus (207), Activator: Ai(3)-Drana Vampires, SpellAbility: Vampire Nocturnus - Creature 3 / 3]
Resolve Stack: Vampire Nocturnus - Creature 3 / 3
Phase: Ai(3)-Drana Vampires' Beginning of Combat Step
Phase: Ai(3)-Drana Vampires' Declare Attackers Step
Phase: Ai(3)-Drana Vampires' Declare Blockers Step
Phase: Ai(3)-Drana Vampires' First Strike Damage Step
Phase: Ai(3)-Drana Vampires' Combat Damage Step
Phase: Ai(3)-Drana Vampires' End of Combat Step
Phase: Ai(3)-Drana Vampires' Main phase, postcombat
Phase: Ai(3)-Drana Vampires' End step
Phase: Ai(3)-Drana Vampires' Cleanup step
Turn: Turn 28 (Ai(4)-Kilo Helm Final)
Phase: Ai(4)-Kilo Helm Final's Untap step
Phase: Ai(4)-Kilo Helm Final's Upkeep step
Phase: Ai(4)-Kilo Helm Final's Draw step
Phase: Ai(4)-Kilo Helm Final's Main phase, precombat
Mana: Silverbluff Bridge (327) - {T}: Add {U} or {R}.
Mana: Radiant Summit (322) - {T}: Add {R}.
Mana: Plains (356) - {T}: Add {W}.
Mana: Sol Ring (310) - {T}: Add {C}{C}.
Add To Stack: Ai(4)-Kilo Helm Final cast Kilo, Apogee Mind
Add To Stack: Ai(4)-Kilo Helm Final triggered Uthros Research Craft
Resolve Stack: Whenever you cast an artifact spell, draw a card. Put a charge counter on this Spacecraft. [Card: Kilo, Apogee Mind (402), Activator: Ai(4)-Kilo Helm Final, SpellAbility: Kilo, Apogee Mind - Creature 3 / 3]
Resolve Stack: Kilo, Apogee Mind - Creature 3 / 3
Phase: Ai(4)-Kilo Helm Final's Beginning of Combat Step
Phase: Ai(4)-Kilo Helm Final's Declare Attackers Step
Phase: Ai(4)-Kilo Helm Final's Declare Blockers Step
Phase: Ai(4)-Kilo Helm Final's First Strike Damage Step
Phase: Ai(4)-Kilo Helm Final's Combat Damage Step
Phase: Ai(4)-Kilo Helm Final's End of Combat Step
Phase: Ai(4)-Kilo Helm Final's Main phase, postcombat
Mana: Arcane Signet (396) - {T}: Add one mana of any color in your commander's color identity.
Mana: Plains (357) - {T}: Add {W}.
Add To Stack: Ai(4)-Kilo Helm Final cast Etherium Sculptor
Add To Stack: Ai(4)-Kilo Helm Final triggered Uthros Research Craft
Resolve Stack: Whenever you cast an artifact spell, draw a card. Put a charge counter on this Spacecraft. [Card: Etherium Sculptor (362), Activator: Ai(4)-Kilo Helm Final, SpellAbility: Etherium Sculptor - Creature 1 / 2]
Resolve Stack: Etherium Sculptor - Creature 1 / 2
Phase: Ai(4)-Kilo Helm Final's End step
Phase: Ai(4)-Kilo Helm Final's Cleanup step
Turn: Turn 29 (Ai(1)-Wilhelt Zombies B3)
Phase: Ai(1)-Wilhelt Zombies B3's Untap step
Phase: Ai(1)-Wilhelt Zombies B3's Upkeep step
Phase: Ai(1)-Wilhelt Zombies B3's Draw step
Phase: Ai(1)-Wilhelt Zombies B3's Main phase, precombat
Land: Ai(1)-Wilhelt Zombies B3 played Swamp (76)
Mana: Swamp (77) - {T}: Add {B}.
Mana: Swamp (83) - {T}: Add {B}.
Mana: Swamp (91) - {T}: Add {B}.
Add To Stack: Ai(1)-Wilhelt Zombies B3 cast Read the Bones
Resolve Stack: Ai(1)-Wilhelt Zombies B3 scried 2 card(s) to the top of the library
Life: Life: Ai(1)-Wilhelt Zombies B3 34 > 32
Resolve Stack: Read the Bones (10) - Ai(1)-Wilhelt Zombies B3 scries 2. Ai(1)-Wilhelt Zombies B3 draws two cards. Ai(1)-Wilhelt Zombies B3 loses 2 life.
Mana: Swamp (76) - {T}: Add {B}.
Mana: Command Tower (12) - {T}: Add one mana of any color in your commander's color identity.
Mana: Sunken Hollow (18) - {T}: Add {B}.
Mana: Unholy Grotto (16) - {T}: Add {C}.
Add To Stack: Ai(1)-Wilhelt Zombies B3 cast Damnation
Zone Change: Gray Merchant of Asphodel (15) was put into Graveyard from Battlefield.
Zone Change: Stonehewer Giant (121) was put into Graveyard from Battlefield.
Zone Change: Crypt Ghast (202) was put into Graveyard from Battlefield.
Zone Change: Vampire Nocturnus (207) was put into Graveyard from Battlefield.
Zone Change: Kilo, Apogee Mind (402) was put into Graveyard from Battlefield.
Zone Change: Etherium Sculptor (362) was put into Graveyard from Battlefield.
Resolve Stack: Damnation (20) - Destroy all creatures. They can't be regenerated.
Phase: Ai(1)-Wilhelt Zombies B3's Beginning of Combat Step
Phase: Ai(1)-Wilhelt Zombies B3's Declare Attackers Step
Phase: Ai(1)-Wilhelt Zombies B3's Declare Blockers Step
Phase: Ai(1)-Wilhelt Zombies B3's First Strike Damage Step
Phase: Ai(1)-Wilhelt Zombies B3's Combat Damage Step
Phase: Ai(1)-Wilhelt Zombies B3's End of Combat Step
Phase: Ai(1)-Wilhelt Zombies B3's Main phase, postcombat
Phase: Ai(1)-Wilhelt Zombies B3's End step
Phase: Ai(1)-Wilhelt Zombies B3's Cleanup step
Turn: Turn 30 (Ai(2)-Wyleth Voltron B3)
Phase: Ai(2)-Wyleth Voltron B3's Untap step
Phase: Ai(2)-Wyleth Voltron B3's Upkeep step
Add To Stack: Ai(2)-Wyleth Voltron B3 triggered Inventors' Fair
Life: Life: Ai(2)-Wyleth Voltron B3 38 > 39
Resolve Stack: At the beginning of your upkeep, if you control three or more artifacts, you gain 1 life. [Phase: Ai(2)-Wyleth Voltron B3]
Phase: Ai(2)-Wyleth Voltron B3's Draw step
Phase: Ai(2)-Wyleth Voltron B3's Main phase, precombat
Land: Ai(2)-Wyleth Voltron B3 played Plains (157)
Phase: Ai(2)-Wyleth Voltron B3's Beginning of Combat Step
Phase: Ai(2)-Wyleth Voltron B3's Declare Attackers Step
Phase: Ai(2)-Wyleth Voltron B3's Declare Blockers Step
Phase: Ai(2)-Wyleth Voltron B3's First Strike Damage Step
Phase: Ai(2)-Wyleth Voltron B3's Combat Damage Step
Phase: Ai(2)-Wyleth Voltron B3's End of Combat Step
Phase: Ai(2)-Wyleth Voltron B3's Main phase, postcombat
Mana: Plains (160) - {T}: Add {W}.
Mana: Plains (151) - {T}: Add {W}.
Mana: Plains (154) - {T}: Add {W}.
Mana: Plains (165) - {T}: Add {W}.
Add To Stack: Ai(2)-Wyleth Voltron B3 cast Balan, Wandering Knight
Resolve Stack: Balan, Wandering Knight - Creature 3 / 3
Mana: Plains (157) - {T}: Add {W}.
Mana: Mountain (185) - {T}: Add {R}.
Mana: Inventors' Fair (102) - {T}: Add {C}.
Mana: Battlefield Forge (119) - {T}: Add {C}.
Add To Stack: Ai(2)-Wyleth Voltron B3 cast Hammer of Nazahn
Resolve Stack: Hammer of Nazahn
Add To Stack: Ai(2)-Wyleth Voltron B3 triggered Hammer of Nazahn targeting [Balan, Wandering Knight (101)]
Resolve Stack: Whenever Hammer of Nazahn or another Equipment you control enters, you may attach that Equipment to target creature you control. (Targeting: [[Balan, Wandering Knight (101)]]) [Zone Changer: Hammer of Nazahn (106)]
Phase: Ai(2)-Wyleth Voltron B3's End step
Phase: Ai(2)-Wyleth Voltron B3's Cleanup step
Turn: Turn 31 (Ai(3)-Drana Vampires)
Phase: Ai(3)-Drana Vampires' Untap step
Phase: Ai(3)-Drana Vampires' Upkeep step
Phase: Ai(3)-Drana Vampires' Draw step
Phase: Ai(3)-Drana Vampires' Main phase, precombat
Land: Ai(3)-Drana Vampires played Swamp (287)
Phase: Ai(3)-Drana Vampires' Beginning of Combat Step
Phase: Ai(3)-Drana Vampires' Declare Attackers Step
Phase: Ai(3)-Drana Vampires' Declare Blockers Step
Phase: Ai(3)-Drana Vampires' First Strike Damage Step
Phase: Ai(3)-Drana Vampires' Combat Damage Step
Phase: Ai(3)-Drana Vampires' End of Combat Step
Phase: Ai(3)-Drana Vampires' Main phase, postcombat
Mana: Swamp (291) - {T}: Add {B}.
Mana: Swamp (280) - {T}: Add {B}.
Mana: Swamp (294) - {T}: Add {B}.
Mana: Swamp (295) - {T}: Add {B}.
Mana: Swamp (277) - {T}: Add {B}.
Mana: Swamp (293) - {T}: Add {B}.
Add To Stack: Ai(3)-Drana Vampires cast Nirkana Revenant
Resolve Stack: Nirkana Revenant - Creature 4 / 4
Mana: Swamp (275) - {T}: Add {B}.
Mana: Swamp (287) - {T}: Add {B}.
Add To Stack: Ai(3)-Drana Vampires cast Solemn Simulacrum
Resolve Stack: Solemn Simulacrum - Creature 2 / 2
Add To Stack: Ai(3)-Drana Vampires triggered Solemn Simulacrum
Resolve Stack: When Solemn Simulacrum enters, you may search your library for a basic land card, put that card onto the battlefield tapped, then shuffle. [Zone Changer: Solemn Simulacrum (225)]
Phase: Ai(3)-Drana Vampires' End step
Phase: Ai(3)-Drana Vampires' Cleanup step
Turn: Turn 32 (Ai(4)-Kilo Helm Final)
Phase: Ai(4)-Kilo Helm Final's Untap step
Phase: Ai(4)-Kilo Helm Final's Upkeep step
Phase: Ai(4)-Kilo Helm Final's Draw step
Phase: Ai(4)-Kilo Helm Final's Main phase, precombat
Mana: Silverbluff Bridge (327) - {T}: Add {U} or {R}.
Mana: Radiant Summit (322) - {T}: Add {R}.
Mana: Plains (356) - {T}: Add {W}.
Mana: Sol Ring (310) - {T}: Add {C}{C}.
Mana: Plains (357) - {T}: Add {W}.
Mana: Arcane Signet (396) - {T}: Add one mana of any color in your commander's color identity.
Add To Stack: Ai(4)-Kilo Helm Final cast Kilo, Apogee Mind
Add To Stack: Ai(4)-Kilo Helm Final triggered Uthros Research Craft
Resolve Stack: Whenever you cast an artifact spell, draw a card. Put a charge counter on this Spacecraft. [Card: Kilo, Apogee Mind (402), Activator: Ai(4)-Kilo Helm Final, SpellAbility: Kilo, Apogee Mind - Creature 3 / 3]
Resolve Stack: Kilo, Apogee Mind - Creature 3 / 3
Phase: Ai(4)-Kilo Helm Final's Beginning of Combat Step
Phase: Ai(4)-Kilo Helm Final's Declare Attackers Step
Phase: Ai(4)-Kilo Helm Final's Declare Blockers Step
Phase: Ai(4)-Kilo Helm Final's First Strike Damage Step
Phase: Ai(4)-Kilo Helm Final's Combat Damage Step
Phase: Ai(4)-Kilo Helm Final's End of Combat Step
Phase: Ai(4)-Kilo Helm Final's Main phase, postcombat
Mana: Cascade Bluffs (324) - {T}: Add {C}.
Mana: Karn's Bastion (321) - {T}: Add {C}.
Add To Stack: Ai(4)-Kilo Helm Final cast Walking Ballista
Add To Stack: Ai(4)-Kilo Helm Final triggered Uthros Research Craft
Resolve Stack: Whenever you cast an artifact spell, draw a card. Put a charge counter on this Spacecraft. [Card: Walking Ballista (338), Activator: Ai(4)-Kilo Helm Final, SpellAbility: Walking Ballista - Creature 0 / 0 (X=0)]
Replacement Effect: Walking Ballista enters with X +1/+1 counters on it.
Resolve Stack: Walking Ballista - Creature 0 / 0 (X=1)
Phase: Ai(4)-Kilo Helm Final's End step
Phase: Ai(4)-Kilo Helm Final's Cleanup step
Turn: Turn 33 (Ai(1)-Wilhelt Zombies B3)
Phase: Ai(1)-Wilhelt Zombies B3's Untap step
Phase: Ai(1)-Wilhelt Zombies B3's Upkeep step
Phase: Ai(1)-Wilhelt Zombies B3's Draw step
Phase: Ai(1)-Wilhelt Zombies B3's Main phase, precombat
Land: Ai(1)-Wilhelt Zombies B3 played Swamp (79)
Phase: Ai(1)-Wilhelt Zombies B3's Beginning of Combat Step
Phase: Ai(1)-Wilhelt Zombies B3's Declare Attackers Step
Phase: Ai(1)-Wilhelt Zombies B3's Declare Blockers Step
Phase: Ai(1)-Wilhelt Zombies B3's First Strike Damage Step
Phase: Ai(1)-Wilhelt Zombies B3's Combat Damage Step
Phase: Ai(1)-Wilhelt Zombies B3's End of Combat Step
Phase: Ai(1)-Wilhelt Zombies B3's Main phase, postcombat
Mana: Command Tower (12) - {T}: Add one mana of any color in your commander's color identity.
Mana: Swamp (77) - {T}: Add {B}.
Mana: Swamp (83) - {T}: Add {B}.
Mana: Swamp (91) - {T}: Add {B}.
Mana: Swamp (76) - {T}: Add {B}.
Mana: Swamp (79) - {T}: Add {B}.
Add To Stack: Ai(1)-Wilhelt Zombies B3 cast Wilhelt, the Rotcleaver
Resolve Stack: Wilhelt, the Rotcleaver - Creature 3 / 3
Mana: Sunken Hollow (18) - {T}: Add {B}.
Mana: Unholy Grotto (16) - {T}: Add {C}.
Add To Stack: Ai(1)-Wilhelt Zombies B3 cast Sky Diamond
Add To Stack: Ai(4)-Kilo Helm Final cast Fierce Guardianship targeting [Sky Diamond]
Zone Change: Send countered spell to Graveyard
Resolve Stack: Fierce Guardianship (319) - Counter Sky Diamond (92).
Phase: Ai(1)-Wilhelt Zombies B3's End step
Add To Stack: Ai(1)-Wilhelt Zombies B3 triggered Wilhelt, the Rotcleaver
Resolve Stack: At the beginning of your end step, you may sacrifice a Zombie. If you do, draw a card. [Phase: Ai(1)-Wilhelt Zombies B3]
Phase: Ai(1)-Wilhelt Zombies B3's Cleanup step
Turn: Turn 34 (Ai(2)-Wyleth Voltron B3)
Phase: Ai(2)-Wyleth Voltron B3's Untap step
Phase: Ai(2)-Wyleth Voltron B3's Upkeep step
Add To Stack: Ai(2)-Wyleth Voltron B3 triggered Inventors' Fair
Life: Life: Ai(2)-Wyleth Voltron B3 39 > 40
Resolve Stack: At the beginning of your upkeep, if you control three or more artifacts, you gain 1 life. [Phase: Ai(2)-Wyleth Voltron B3]
Phase: Ai(2)-Wyleth Voltron B3's Draw step
Phase: Ai(2)-Wyleth Voltron B3's Main phase, precombat
Mana: Plains (160) - {T}: Add {W}.
Mana: Plains (151) - {T}: Add {W}.
Add To Stack: Ai(2)-Wyleth Voltron B3 activated Balan, Wandering Knight
Resolve Stack: Balan, Wandering Knight (101) - {1}{W}: Attach all Equipment you control to Balan.
Mana: Plains (154) - {T}: Add {W}.
Mana: Plains (165) - {T}: Add {W}.
Mana: Plains (157) - {T}: Add {W}.
Add To Stack: Ai(2)-Wyleth Voltron B3 cast Champion's Helm
Resolve Stack: Champion's Helm
Add To Stack: Ai(2)-Wyleth Voltron B3 triggered Hammer of Nazahn targeting [Balan, Wandering Knight (101)]
Resolve Stack: Whenever Hammer of Nazahn or another Equipment you control enters, you may attach that Equipment to target creature you control. (Targeting: [[Balan, Wandering Knight (101)]]) [Zone Changer: Champion's Helm (175)]
Phase: Ai(2)-Wyleth Voltron B3's Beginning of Combat Step
Phase: Ai(2)-Wyleth Voltron B3's Declare Attackers Step
Combat: Ai(2)-Wyleth Voltron B3 assigned Balan, Wandering Knight (101) to attack Ai(4)-Kilo Helm Final.
Phase: Ai(2)-Wyleth Voltron B3's Declare Blockers Step
Combat: Ai(4)-Kilo Helm Final assigned Walking Ballista (338) to block Balan, Wandering Knight (101).
Add To Stack: Ai(4)-Kilo Helm Final activated Walking Ballista targeting [Ai(1)-Wilhelt Zombies B3]
Zone Change: Walking Ballista (338) was put into Graveyard from Battlefield.
Damage: Walking Ballista (338) deals 1 non-combat damage to Ai(1)-Wilhelt Zombies B3.
Life: Life: Ai(1)-Wilhelt Zombies B3 32 > 31
Resolve Stack: Walking Ballista (338) - Walking Ballista (338) deals 1 damage to Ai(1)-Wilhelt Zombies B3.
Phase: Ai(2)-Wyleth Voltron B3's First Strike Damage Step
Phase: Ai(2)-Wyleth Voltron B3's Combat Damage Step
Phase: Ai(2)-Wyleth Voltron B3's End of Combat Step
Phase: Ai(2)-Wyleth Voltron B3's Main phase, postcombat
Phase: Ai(2)-Wyleth Voltron B3's End step
Phase: Ai(2)-Wyleth Voltron B3's Cleanup step
Turn: Turn 35 (Ai(3)-Drana Vampires)
Phase: Ai(3)-Drana Vampires' Untap step
Phase: Ai(3)-Drana Vampires' Upkeep step
Phase: Ai(3)-Drana Vampires' Draw step
Phase: Ai(3)-Drana Vampires' Main phase, precombat
Phase: Ai(3)-Drana Vampires' Beginning of Combat Step
Phase: Ai(3)-Drana Vampires' Declare Attackers Step
Combat: Ai(3)-Drana Vampires assigned Nirkana Revenant (235) and Solemn Simulacrum (225) to attack Ai(2)-Wyleth Voltron B3.
Phase: Ai(3)-Drana Vampires' Declare Blockers Step
Combat: Ai(2)-Wyleth Voltron B3 didn't block Nirkana Revenant (235).
Ai(2)-Wyleth Voltron B3 didn't block Solemn Simulacrum (225).
Mana: Swamp (291) - {T}: Add {B}.
Add To Stack: Ai(3)-Drana Vampires activated Nirkana Revenant
Resolve Stack: Nirkana Revenant (235) - Nirkana Revenant (235) gets +1/+1  until end of turn.
Add To Stack: Ai(3)-Drana Vampires activated Nirkana Revenant
Resolve Stack: Nirkana Revenant (235) - Nirkana Revenant (235) gets +1/+1  until end of turn.
Mana: Swamp (280) - {T}: Add {B}.
Add To Stack: Ai(3)-Drana Vampires activated Nirkana Revenant
Resolve Stack: Nirkana Revenant (235) - Nirkana Revenant (235) gets +1/+1  until end of turn.
Add To Stack: Ai(3)-Drana Vampires activated Nirkana Revenant
Resolve Stack: Nirkana Revenant (235) - Nirkana Revenant (235) gets +1/+1  until end of turn.
Mana: Swamp (294) - {T}: Add {B}.
Add To Stack: Ai(3)-Drana Vampires activated Nirkana Revenant
Resolve Stack: Nirkana Revenant (235) - Nirkana Revenant (235) gets +1/+1  until end of turn.
Add To Stack: Ai(3)-Drana Vampires activated Nirkana Revenant
Resolve Stack: Nirkana Revenant (235) - Nirkana Revenant (235) gets +1/+1  until end of turn.
Mana: Swamp (295) - {T}: Add {B}.
Add To Stack: Ai(3)-Drana Vampires activated Nirkana Revenant
Resolve Stack: Nirkana Revenant (235) - Nirkana Revenant (235) gets +1/+1  until end of turn.
Add To Stack: Ai(3)-Drana Vampires activated Nirkana Revenant
Resolve Stack: Nirkana Revenant (235) - Nirkana Revenant (235) gets +1/+1  until end of turn.
Mana: Swamp (277) - {T}: Add {B}.
Add To Stack: Ai(3)-Drana Vampires activated Nirkana Revenant
Resolve Stack: Nirkana Revenant (235) - Nirkana Revenant (235) gets +1/+1  until end of turn.
Add To Stack: Ai(3)-Drana Vampires activated Nirkana Revenant
Resolve Stack: Nirkana Revenant (235) - Nirkana Revenant (235) gets +1/+1  until end of turn.
Phase: Ai(3)-Drana Vampires' First Strike Damage Step
Phase: Ai(3)-Drana Vampires' Combat Damage Step
Damage: Nirkana Revenant (235) deals 14 combat damage to Ai(2)-Wyleth Voltron B3.
Damage: Solemn Simulacrum (225) deals 2 combat damage to Ai(2)-Wyleth Voltron B3.
Life: Life: Ai(2)-Wyleth Voltron B3 40 > 24
Phase: Ai(3)-Drana Vampires' End of Combat Step
Phase: Ai(3)-Drana Vampires' Main phase, postcombat
Mana: Swamp (293) - {T}: Add {B}.
Mana: Swamp (275) - {T}: Add {B}.
Mana: Swamp (287) - {T}: Add {B}.
Mana: Swamp (270) - {T}: Add {B}.
Add To Stack: Ai(3)-Drana Vampires cast Butcher of Malakir
Resolve Stack: Butcher of Malakir - Creature 5 / 4
Phase: Ai(3)-Drana Vampires' End step
Phase: Ai(3)-Drana Vampires' Cleanup step
Turn: Turn 36 (Ai(4)-Kilo Helm Final)
Phase: Ai(4)-Kilo Helm Final's Untap step
Phase: Ai(4)-Kilo Helm Final's Upkeep step
Mana: Silverbluff Bridge (327) - {T}: Add {U} or {R}.
Mana: Sol Ring (310) - {T}: Add {C}{C}.
Add To Stack: Ai(4)-Kilo Helm Final cast Chaos Warp targeting [Butcher of Malakir (236)]
Resolve Stack: Chaos Warp (333) - Shuffle Butcher of Malakir (236) into its owner's library. Ai(4)-Kilo Helm Final reveals the top card of Ai(3)-Drana Vampires' library.
Phase: Ai(4)-Kilo Helm Final's Draw step
Phase: Ai(4)-Kilo Helm Final's Main phase, precombat
Phase: Ai(4)-Kilo Helm Final's Beginning of Combat Step
Phase: Ai(4)-Kilo Helm Final's Declare Attackers Step
Phase: Ai(4)-Kilo Helm Final's Declare Blockers Step
Phase: Ai(4)-Kilo Helm Final's First Strike Damage Step
Phase: Ai(4)-Kilo Helm Final's Combat Damage Step
Phase: Ai(4)-Kilo Helm Final's End of Combat Step
Phase: Ai(4)-Kilo Helm Final's Main phase, postcombat
Mana: Arcane Signet (396) - {T}: Add one mana of any color in your commander's color identity.
Mana: Radiant Summit (322) - {T}: Add {R}.
Mana: Plains (356) - {T}: Add {W}.
Mana: Plains (357) - {T}: Add {W}.
Add To Stack: Ai(4)-Kilo Helm Final cast Cayth, Famed Mechanist
Resolve Stack: Cayth, Famed Mechanist - Creature 3 / 3
Add To Stack: Ai(4)-Kilo Helm Final triggered Cayth, Famed Mechanist
Resolve Stack: Fabricate 1 (When this creature enters, put a +1/+1 counter on it, or create a 1/1 colorless Servo artifact creature token.) [Zone Changer: Cayth, Famed Mechanist (315)]
Phase: Ai(4)-Kilo Helm Final's End step
Phase: Ai(4)-Kilo Helm Final's Cleanup step
Turn: Turn 37 (Ai(1)-Wilhelt Zombies B3)
Phase: Ai(1)-Wilhelt Zombies B3's Untap step
Phase: Ai(1)-Wilhelt Zombies B3's Upkeep step
Phase: Ai(1)-Wilhelt Zombies B3's Draw step
Phase: Ai(1)-Wilhelt Zombies B3's Main phase, precombat
Land: Ai(1)-Wilhelt Zombies B3 played Island (39)
Phase: Ai(1)-Wilhelt Zombies B3's Beginning of Combat Step
Phase: Ai(1)-Wilhelt Zombies B3's Declare Attackers Step
Combat: Ai(1)-Wilhelt Zombies B3 assigned Wilhelt, the Rotcleaver (99) to attack Ai(2)-Wyleth Voltron B3.
Phase: Ai(1)-Wilhelt Zombies B3's Declare Blockers Step
Combat: Ai(2)-Wyleth Voltron B3 didn't block Wilhelt, the Rotcleaver (99).
Phase: Ai(1)-Wilhelt Zombies B3's First Strike Damage Step
Phase: Ai(1)-Wilhelt Zombies B3's Combat Damage Step
Damage: Wilhelt, the Rotcleaver (99) deals 3 combat damage to Ai(2)-Wyleth Voltron B3.
Life: Life: Ai(2)-Wyleth Voltron B3 24 > 21
Phase: Ai(1)-Wilhelt Zombies B3's End of Combat Step
Phase: Ai(1)-Wilhelt Zombies B3's Main phase, postcombat
Mana: Swamp (77) - {T}: Add {B}.
Mana: Swamp (83) - {T}: Add {B}.
Mana: Island (39) - {T}: Add {U}.
Mana: Swamp (91) - {T}: Add {B}.
Add To Stack: Ai(1)-Wilhelt Zombies B3 cast Endless Ranks of the Dead
Resolve Stack: Endless Ranks of the Dead
Mana: Swamp (76) - {T}: Add {B}.
Mana: Swamp (79) - {T}: Add {B}.
Mana: Command Tower (12) - {T}: Add one mana of any color in your commander's color identity.
Add To Stack: Ai(1)-Wilhelt Zombies B3 cast Phyrexian Arena
Resolve Stack: Phyrexian Arena
Mana: Sunken Hollow (18) - {T}: Add {B}.
Mana: Unholy Grotto (16) - {T}: Add {C}.
Add To Stack: Ai(1)-Wilhelt Zombies B3 cast Feed the Swarm targeting [Cayth, Famed Mechanist (315)]
Zone Change: Cayth, Famed Mechanist (315) was put into Graveyard from Battlefield.
Life: Life: Ai(1)-Wilhelt Zombies B3 31 > 27
Resolve Stack: Feed the Swarm (30) - Destroy Cayth, Famed Mechanist (315). Ai(1)-Wilhelt Zombies B3 loses 4 life.
Phase: Ai(1)-Wilhelt Zombies B3's End step
Add To Stack: Ai(1)-Wilhelt Zombies B3 triggered Wilhelt, the Rotcleaver
Resolve Stack: At the beginning of your end step, you may sacrifice a Zombie. If you do, draw a card. [Phase: Ai(1)-Wilhelt Zombies B3]
Phase: Ai(1)-Wilhelt Zombies B3's Cleanup step
Turn: Turn 38 (Ai(2)-Wyleth Voltron B3)
Phase: Ai(2)-Wyleth Voltron B3's Untap step
Phase: Ai(2)-Wyleth Voltron B3's Upkeep step
Add To Stack: Ai(2)-Wyleth Voltron B3 triggered Inventors' Fair
Life: Life: Ai(2)-Wyleth Voltron B3 21 > 22
Resolve Stack: At the beginning of your upkeep, if you control three or more artifacts, you gain 1 life. [Phase: Ai(2)-Wyleth Voltron B3]
Phase: Ai(2)-Wyleth Voltron B3's Draw step
Phase: Ai(2)-Wyleth Voltron B3's Main phase, precombat
Phase: Ai(2)-Wyleth Voltron B3's Beginning of Combat Step
Phase: Ai(2)-Wyleth Voltron B3's Declare Attackers Step
Combat: Ai(2)-Wyleth Voltron B3 assigned Balan, Wandering Knight (101) to attack Ai(4)-Kilo Helm Final.
Phase: Ai(2)-Wyleth Voltron B3's Declare Blockers Step
Combat: Ai(4)-Kilo Helm Final assigned Servo Token (422) to block Balan, Wandering Knight (101).
Phase: Ai(2)-Wyleth Voltron B3's First Strike Damage Step
Damage: Balan, Wandering Knight (101) deals 13 damage to Servo Token (422).
Zone Change: Servo Token (422) was put into Graveyard from Battlefield.
Phase: Ai(2)-Wyleth Voltron B3's Combat Damage Step
Phase: Ai(2)-Wyleth Voltron B3's End of Combat Step
Phase: Ai(2)-Wyleth Voltron B3's Main phase, postcombat
Mana: Mountain (185) - {T}: Add {R}.
Mana: Plains (160) - {T}: Add {W}.
Mana: Plains (151) - {T}: Add {W}.
Mana: Plains (154) - {T}: Add {W}.
Mana: Plains (165) - {T}: Add {W}.
Mana: Plains (157) - {T}: Add {W}.
Mana: Inventors' Fair (102) - {T}: Add {C}.
Add To Stack: Ai(2)-Wyleth Voltron B3 cast Wyleth, Soul of Steel
Resolve Stack: Wyleth, Soul of Steel - Creature 2 / 2
Phase: Ai(2)-Wyleth Voltron B3's End step
Phase: Ai(2)-Wyleth Voltron B3's Cleanup step
Turn: Turn 39 (Ai(3)-Drana Vampires)
Phase: Ai(3)-Drana Vampires' Untap step
Phase: Ai(3)-Drana Vampires' Upkeep step
Phase: Ai(3)-Drana Vampires' Draw step
Phase: Ai(3)-Drana Vampires' Main phase, precombat
Phase: Ai(3)-Drana Vampires' Beginning of Combat Step
Phase: Ai(3)-Drana Vampires' Declare Attackers Step
Combat: Ai(3)-Drana Vampires assigned Nirkana Revenant (235) to attack Ai(2)-Wyleth Voltron B3.
Phase: Ai(3)-Drana Vampires' Declare Blockers Step
Combat: Ai(2)-Wyleth Voltron B3 didn't block Nirkana Revenant (235).
Mana: Swamp (291) - {T}: Add {B}.
Add To Stack: Ai(3)-Drana Vampires activated Nirkana Revenant
Resolve Stack: Nirkana Revenant (235) - Nirkana Revenant (235) gets +1/+1  until end of turn.
Add To Stack: Ai(3)-Drana Vampires activated Nirkana Revenant
Resolve Stack: Nirkana Revenant (235) - Nirkana Revenant (235) gets +1/+1  until end of turn.
Mana: Swamp (280) - {T}: Add {B}.
Add To Stack: Ai(3)-Drana Vampires activated Nirkana Revenant
Resolve Stack: Nirkana Revenant (235) - Nirkana Revenant (235) gets +1/+1  until end of turn.
Add To Stack: Ai(3)-Drana Vampires activated Nirkana Revenant
Resolve Stack: Nirkana Revenant (235) - Nirkana Revenant (235) gets +1/+1  until end of turn.
Mana: Swamp (294) - {T}: Add {B}.
Add To Stack: Ai(3)-Drana Vampires activated Nirkana Revenant
Resolve Stack: Nirkana Revenant (235) - Nirkana Revenant (235) gets +1/+1  until end of turn.
Add To Stack: Ai(3)-Drana Vampires activated Nirkana Revenant
Resolve Stack: Nirkana Revenant (235) - Nirkana Revenant (235) gets +1/+1  until end of turn.
Mana: Swamp (295) - {T}: Add {B}.
Add To Stack: Ai(3)-Drana Vampires activated Nirkana Revenant
Resolve Stack: Nirkana Revenant (235) - Nirkana Revenant (235) gets +1/+1  until end of turn.
Add To Stack: Ai(3)-Drana Vampires activated Nirkana Revenant
Resolve Stack: Nirkana Revenant (235) - Nirkana Revenant (235) gets +1/+1  until end of turn.
Mana: Swamp (277) - {T}: Add {B}.
Add To Stack: Ai(3)-Drana Vampires activated Nirkana Revenant
Resolve Stack: Nirkana Revenant (235) - Nirkana Revenant (235) gets +1/+1  until end of turn.
Add To Stack: Ai(3)-Drana Vampires activated Nirkana Revenant
Resolve Stack: Nirkana Revenant (235) - Nirkana Revenant (235) gets +1/+1  until end of turn.
Mana: Swamp (293) - {T}: Add {B}.
Add To Stack: Ai(3)-Drana Vampires activated Nirkana Revenant
Resolve Stack: Nirkana Revenant (235) - Nirkana Revenant (235) gets +1/+1  until end of turn.
Phase: Ai(3)-Drana Vampires' First Strike Damage Step
Phase: Ai(3)-Drana Vampires' Combat Damage Step
Damage: Nirkana Revenant (235) deals 15 combat damage to Ai(2)-Wyleth Voltron B3.
Life: Life: Ai(2)-Wyleth Voltron B3 22 > 7
Phase: Ai(3)-Drana Vampires' End of Combat Step
Phase: Ai(3)-Drana Vampires' Main phase, postcombat
Mana: Swamp (275) - {T}: Add {B}.
Mana: Swamp (287) - {T}: Add {B}.
Add To Stack: Ai(3)-Drana Vampires cast Barony Vampire
Resolve Stack: Barony Vampire - Creature 3 / 2
Mana: Swamp (270) - {T}: Add {B}.
Add To Stack: Ai(3)-Drana Vampires cast Child of Night
Resolve Stack: Child of Night - Creature 2 / 1
Phase: Ai(3)-Drana Vampires' End step
Phase: Ai(3)-Drana Vampires' Cleanup step
Turn: Turn 40 (Ai(4)-Kilo Helm Final)
Phase: Ai(4)-Kilo Helm Final's Untap step
Phase: Ai(4)-Kilo Helm Final's Upkeep step
Phase: Ai(4)-Kilo Helm Final's Draw step
Phase: Ai(4)-Kilo Helm Final's Main phase, precombat
Land: Ai(4)-Kilo Helm Final played Inkmoth Nexus (343)
Phase: Ai(4)-Kilo Helm Final's Beginning of Combat Step
Phase: Ai(4)-Kilo Helm Final's Declare Attackers Step
Phase: Ai(4)-Kilo Helm Final's Declare Blockers Step
Phase: Ai(4)-Kilo Helm Final's First Strike Damage Step
Phase: Ai(4)-Kilo Helm Final's Combat Damage Step
Phase: Ai(4)-Kilo Helm Final's End of Combat Step
Phase: Ai(4)-Kilo Helm Final's Main phase, postcombat
Mana: Silverbluff Bridge (327) - {T}: Add {U} or {R}.
Mana: Arcane Signet (396) - {T}: Add one mana of any color in your commander's color identity.
Mana: Sol Ring (310) - {T}: Add {C}{C}.
Add To Stack: Ai(4)-Kilo Helm Final cast Tekuthal, Inquiry Dominus
Resolve Stack: Tekuthal, Inquiry Dominus - Creature 3 / 5
Mana: Plains (356) - {T}: Add {W}.
Mana: Plains (357) - {T}: Add {W}.
Mana: Radiant Summit (322) - {T}: Add {R}.
Mana: Cascade Bluffs (324) - {T}: Add {C}.
Add To Stack: Ai(4)-Kilo Helm Final cast Unwinding Clock
Add To Stack: Ai(4)-Kilo Helm Final triggered Uthros Research Craft
Resolve Stack: Whenever you cast an artifact spell, draw a card. Put a charge counter on this Spacecraft. [Card: Unwinding Clock (371), Activator: Ai(4)-Kilo Helm Final, SpellAbility: Unwinding Clock]
Resolve Stack: Unwinding Clock
Phase: Ai(4)-Kilo Helm Final's End step
Phase: Ai(4)-Kilo Helm Final's Cleanup step
Turn: Turn 41 (Ai(1)-Wilhelt Zombies B3)
Phase: Ai(1)-Wilhelt Zombies B3's Untap step
Phase: Ai(1)-Wilhelt Zombies B3's Upkeep step
Add To Stack: Ai(1)-Wilhelt Zombies B3 triggered Phyrexian Arena
Add To Stack: Ai(1)-Wilhelt Zombies B3 triggered Endless Ranks of the Dead
Resolve Stack: At the beginning of your upkeep, create X 2/2 black Zombie creature tokens, where X is half the number of Zombies you control, rounded down. [Phase: Ai(1)-Wilhelt Zombies B3]
Life: Life: Ai(1)-Wilhelt Zombies B3 27 > 26
Resolve Stack: At the beginning of your upkeep, you draw a card and you lose 1 life. [Phase: Ai(1)-Wilhelt Zombies B3]
Phase: Ai(1)-Wilhelt Zombies B3's Draw step
Phase: Ai(1)-Wilhelt Zombies B3's Main phase, precombat
Land: Ai(1)-Wilhelt Zombies B3 played Swamp (88)
Mana: Island (39) - {T}: Add {U}.
Mana: Swamp (77) - {T}: Add {B}.
Mana: Swamp (83) - {T}: Add {B}.
Add To Stack: Ai(1)-Wilhelt Zombies B3 cast Diregraf Captain
Resolve Stack: Diregraf Captain - Creature 2 / 2
Phase: Ai(1)-Wilhelt Zombies B3's Beginning of Combat Step
Phase: Ai(1)-Wilhelt Zombies B3's Declare Attackers Step
Combat: Ai(1)-Wilhelt Zombies B3 assigned Wilhelt, the Rotcleaver (99) to attack Ai(2)-Wyleth Voltron B3.
Phase: Ai(1)-Wilhelt Zombies B3's Declare Blockers Step
Combat: Ai(2)-Wyleth Voltron B3 assigned Wyleth, Soul of Steel (200) to block Wilhelt, the Rotcleaver (99).
Add To Stack: Ai(2)-Wyleth Voltron B3 cast Flawless Maneuver
Mana: Silverbluff Bridge (327) - {T}: Add {U} or {R}.
Add To Stack: Ai(4)-Kilo Helm Final cast An Offer You Can't Refuse targeting [Creatures you control gain indestructible until end of turn. (If you control a commander, you may cast this spell without paying its mana cost.) ]
Zone Change: Send countered spell to Graveyard
Resolve Stack: An Offer You Can't Refuse (394) - Counter Flawless Maneuver (105). Its controller creates two Treasure tokens.
Phase: Ai(1)-Wilhelt Zombies B3's First Strike Damage Step
Phase: Ai(1)-Wilhelt Zombies B3's Combat Damage Step
Damage: Wilhelt, the Rotcleaver (99) deals 4 damage to Wyleth, Soul of Steel (200).
Damage: Wyleth, Soul of Steel (200) deals 2 damage to Wilhelt, the Rotcleaver (99).
Zone Change: Wyleth, Soul of Steel (200) was put into Graveyard from Battlefield.
Phase: Ai(1)-Wilhelt Zombies B3's End of Combat Step
Phase: Ai(1)-Wilhelt Zombies B3's Main phase, postcombat
Phase: Ai(1)-Wilhelt Zombies B3's End step
Add To Stack: Ai(1)-Wilhelt Zombies B3 triggered Wilhelt, the Rotcleaver
Resolve Stack: At the beginning of your end step, you may sacrifice a Zombie. If you do, draw a card. [Phase: Ai(1)-Wilhelt Zombies B3]
Phase: Ai(1)-Wilhelt Zombies B3's Cleanup step
Turn: Turn 42 (Ai(2)-Wyleth Voltron B3)
Phase: Ai(2)-Wyleth Voltron B3's Untap step
Phase: Ai(2)-Wyleth Voltron B3's Upkeep step
Add To Stack: Ai(2)-Wyleth Voltron B3 triggered Inventors' Fair
Life: Life: Ai(2)-Wyleth Voltron B3 7 > 8
Resolve Stack: At the beginning of your upkeep, if you control three or more artifacts, you gain 1 life. [Phase: Ai(2)-Wyleth Voltron B3]
Phase: Ai(2)-Wyleth Voltron B3's Draw step
Phase: Ai(2)-Wyleth Voltron B3's Main phase, precombat
Land: Ai(2)-Wyleth Voltron B3 played Mountain (176)
Phase: Ai(2)-Wyleth Voltron B3's Beginning of Combat Step
Phase: Ai(2)-Wyleth Voltron B3's Declare Attackers Step
Phase: Ai(2)-Wyleth Voltron B3's Declare Blockers Step
Phase: Ai(2)-Wyleth Voltron B3's First Strike Damage Step
Phase: Ai(2)-Wyleth Voltron B3's Combat Damage Step
Phase: Ai(2)-Wyleth Voltron B3's End of Combat Step
Phase: Ai(2)-Wyleth Voltron B3's Main phase, postcombat
Mana: Mountain (185) - {T}: Add {R}.
Mana: Plains (160) - {T}: Add {W}.
Mana: Plains (151) - {T}: Add {W}.
Mana: Plains (154) - {T}: Add {W}.
Mana: Plains (165) - {T}: Add {W}.
Mana: Plains (157) - {T}: Add {W}.
Mana: Mountain (176) - {T}: Add {R}.
Mana: Inventors' Fair (102) - {T}: Add {C}.
Mana: Battlefield Forge (119) - {T}: Add {C}.
Add To Stack: Ai(2)-Wyleth Voltron B3 cast Wyleth, Soul of Steel
Resolve Stack: Wyleth, Soul of Steel - Creature 2 / 2
Zone Change: Treasure Token (427) was put into Graveyard from Battlefield.
Mana: Treasure Token (427) - {T}, Sacrifice this token: Add one mana of any color.
Zone Change: Treasure Token (426) was put into Graveyard from Battlefield.
Mana: Treasure Token (426) - {T}, Sacrifice this token: Add one mana of any color.
Add To Stack: Ai(2)-Wyleth Voltron B3 cast Auriok Steelshaper
Resolve Stack: Auriok Steelshaper - Creature 1 / 1
Phase: Ai(2)-Wyleth Voltron B3's End step
Phase: Ai(2)-Wyleth Voltron B3's Cleanup step
Turn: Turn 43 (Ai(3)-Drana Vampires)
Phase: Ai(3)-Drana Vampires' Untap step
Phase: Ai(3)-Drana Vampires' Upkeep step
Mana: Swamp (291) - {T}: Add {B}.
Add To Stack: Ai(3)-Drana Vampires cast Tragic Slip targeting [Auriok Steelshaper (117)]
Mana: Silverbluff Bridge (327) - {T}: Add {U} or {R}.
Add To Stack: Ai(4)-Kilo Helm Final cast Swan Song targeting [Target creature gets -1/-1 until end of turn. Morbid — That creature gets -13/-13 instead if a creature died this turn.]
Zone Change: Send countered spell to Graveyard
Resolve Stack: Swan Song (346) - Counter Tragic Slip (234). 
Phase: Ai(3)-Drana Vampires' Draw step
Phase: Ai(3)-Drana Vampires' Main phase, precombat
Land: Ai(3)-Drana Vampires played Swamp (255)
Phase: Ai(3)-Drana Vampires' Beginning of Combat Step
Phase: Ai(3)-Drana Vampires' Declare Attackers Step
Phase: Ai(3)-Drana Vampires' Declare Blockers Step
Phase: Ai(3)-Drana Vampires' First Strike Damage Step
Phase: Ai(3)-Drana Vampires' Combat Damage Step
Phase: Ai(3)-Drana Vampires' End of Combat Step
Phase: Ai(3)-Drana Vampires' Main phase, postcombat
Mana: Swamp (280) - {T}: Add {B}.
Mana: Swamp (294) - {T}: Add {B}.
Mana: Swamp (295) - {T}: Add {B}.
Mana: Swamp (277) - {T}: Add {B}.
Add To Stack: Ai(3)-Drana Vampires cast Drana, Liberator of Malakir
Resolve Stack: Drana, Liberator of Malakir - Creature 2 / 3
Phase: Ai(3)-Drana Vampires' End step
Phase: Ai(3)-Drana Vampires' Cleanup step
Turn: Turn 44 (Ai(4)-Kilo Helm Final)
Phase: Ai(4)-Kilo Helm Final's Untap step
Phase: Ai(4)-Kilo Helm Final's Upkeep step
Phase: Ai(4)-Kilo Helm Final's Draw step
Phase: Ai(4)-Kilo Helm Final's Main phase, precombat
Phase: Ai(4)-Kilo Helm Final's Beginning of Combat Step
Mana: Sol Ring (310) - {T}: Add {C}{C}.
Add To Stack: Ai(4)-Kilo Helm Final activated Inkmoth Nexus
Resolve Stack: Inkmoth Nexus (343) - Inkmoth Nexus (343) has base power and toughness 1/1  and becomes a creature artifact Phyrexian Blinkmoth and  gains flying and infect until end of turn.
Phase: Ai(4)-Kilo Helm Final's Declare Attackers Step
Combat: Ai(4)-Kilo Helm Final assigned Tekuthal, Inquiry Dominus (329) to attack Ai(2)-Wyleth Voltron B3.
Phase: Ai(4)-Kilo Helm Final's Declare Blockers Step
Combat: Ai(2)-Wyleth Voltron B3 didn't block Tekuthal, Inquiry Dominus (329).
Phase: Ai(4)-Kilo Helm Final's First Strike Damage Step
Phase: Ai(4)-Kilo Helm Final's Combat Damage Step
Damage: Tekuthal, Inquiry Dominus (329) deals 3 combat damage to Ai(2)-Wyleth Voltron B3.
Life: Life: Ai(2)-Wyleth Voltron B3 8 > 5
Phase: Ai(4)-Kilo Helm Final's End of Combat Step
Phase: Ai(4)-Kilo Helm Final's Main phase, postcombat
Mana: Silverbluff Bridge (327) - {T}: Add {U} or {R}.
Add To Stack: Ai(4)-Kilo Helm Final cast Thought Monitor
Add To Stack: Ai(4)-Kilo Helm Final triggered Uthros Research Craft
Resolve Stack: Whenever you cast an artifact spell, draw a card. Put a charge counter on this Spacecraft. [Card: Thought Monitor (397), Activator: Ai(4)-Kilo Helm Final, SpellAbility: Thought Monitor - Creature 2 / 2]
Resolve Stack: Thought Monitor - Creature 2 / 2
Add To Stack: Ai(4)-Kilo Helm Final triggered Thought Monitor
Resolve Stack: When Thought Monitor enters, draw two cards. [Zone Changer: Thought Monitor (397)]
Land: Ai(4)-Kilo Helm Final played Inventors' Fair (304)
Mana: Radiant Summit (322) - {T}: Add {R}.
Mana: Plains (356) - {T}: Add {W}.
Mana: Plains (357) - {T}: Add {W}.
Mana: Arcane Signet (396) - {T}: Add one mana of any color in your commander's color identity.
Mana: Cascade Bluffs (324) - {T}: Add {C}.
Add To Stack: Ai(4)-Kilo Helm Final cast Alibou, Ancient Witness
Add To Stack: Ai(4)-Kilo Helm Final triggered Uthros Research Craft
Resolve Stack: Whenever you cast an artifact spell, draw a card. Put a charge counter on this Spacecraft. [Card: Alibou, Ancient Witness (373), Activator: Ai(4)-Kilo Helm Final, SpellAbility: Alibou, Ancient Witness - Creature 4 / 5]
Resolve Stack: Alibou, Ancient Witness - Creature 4 / 5
Mana: Karn's Bastion (321) - {T}: Add {C}.
Mana: Inventors' Fair (304) - {T}: Add {C}.
Mana: Inkmoth Nexus (343) - {T}: Add {C}.
Add To Stack: Ai(4)-Kilo Helm Final cast Cloud Key
Add To Stack: Ai(4)-Kilo Helm Final triggered Uthros Research Craft
Resolve Stack: Whenever you cast an artifact spell, draw a card. Put a charge counter on this Spacecraft. [Card: Cloud Key (359), Activator: Ai(4)-Kilo Helm Final, SpellAbility: Cloud Key]
Replacement Effect: As Cloud Key enters, choose artifact, creature, enchantment, instant, or sorcery.
Resolve Stack: Cloud Key
Phase: Ai(4)-Kilo Helm Final's End step
Mana: Swamp (91) - {T}: Add {B}.
Add To Stack: Ai(1)-Wilhelt Zombies B3 activated Unholy Grotto targeting [Gray Merchant of Asphodel (15)]
Resolve Stack: Unholy Grotto (16) - Put Gray Merchant of Asphodel (15) from the graveyard on top of its owner's library.
Phase: Ai(4)-Kilo Helm Final's Cleanup step
Turn: Turn 45 (Ai(1)-Wilhelt Zombies B3)
Phase: Ai(1)-Wilhelt Zombies B3's Untap step
Phase: Ai(1)-Wilhelt Zombies B3's Upkeep step
Add To Stack: Ai(1)-Wilhelt Zombies B3 triggered Phyrexian Arena
Add To Stack: Ai(1)-Wilhelt Zombies B3 triggered Endless Ranks of the Dead
Resolve Stack: At the beginning of your upkeep, create X 2/2 black Zombie creature tokens, where X is half the number of Zombies you control, rounded down. [Phase: Ai(1)-Wilhelt Zombies B3]
Life: Life: Ai(1)-Wilhelt Zombies B3 26 > 25
Resolve Stack: At the beginning of your upkeep, you draw a card and you lose 1 life. [Phase: Ai(1)-Wilhelt Zombies B3]
Phase: Ai(1)-Wilhelt Zombies B3's Draw step
Phase: Ai(1)-Wilhelt Zombies B3's Main phase, precombat
Mana: Swamp (77) - {T}: Add {B}.
Mana: Swamp (83) - {T}: Add {B}.
Mana: Island (39) - {T}: Add {U}.
Mana: Swamp (91) - {T}: Add {B}.
Mana: Swamp (76) - {T}: Add {B}.
Add To Stack: Ai(1)-Wilhelt Zombies B3 cast Liliana's Mastery
Resolve Stack: Liliana's Mastery
Add To Stack: Ai(1)-Wilhelt Zombies B3 triggered Liliana's Mastery
Resolve Stack: When Liliana's Mastery enters, create two 2/2 black Zombie creature tokens. [Zone Changer: Liliana's Mastery (65)]
Mana: Swamp (79) - {T}: Add {B}.
Mana: Swamp (88) - {T}: Add {B}.
Mana: Command Tower (12) - {T}: Add one mana of any color in your commander's color identity.
Mana: Sunken Hollow (18) - {T}: Add {B}.
Mana: Unholy Grotto (16) - {T}: Add {C}.
Add To Stack: Ai(1)-Wilhelt Zombies B3 cast Gray Merchant of Asphodel
Resolve Stack: Gray Merchant of Asphodel - Creature 2 / 4
Add To Stack: Ai(1)-Wilhelt Zombies B3 triggered Gray Merchant of Asphodel
Life: Life: Ai(2)-Wyleth Voltron B3 5 > -5
Life: Life: Ai(3)-Drana Vampires 41 > 31
Life: Life: Ai(4)-Kilo Helm Final 20 > 10
Life: Life: Ai(1)-Wilhelt Zombies B3 25 > 55
Resolve Stack: When Gray Merchant of Asphodel enters, each opponent loses X life, where X is your devotion to black. You gain life equal to the life lost this way. [Zone Changer: Gray Merchant of Asphodel (15)]
Phase: Ai(1)-Wilhelt Zombies B3's Beginning of Combat Step
Phase: Ai(1)-Wilhelt Zombies B3's Declare Attackers Step
Combat: Ai(1)-Wilhelt Zombies B3 assigned Diregraf Captain (17) to attack Ai(4)-Kilo Helm Final.
Phase: Ai(1)-Wilhelt Zombies B3's Declare Blockers Step
Combat: Ai(4)-Kilo Helm Final assigned Kilo, Apogee Mind (402) to block Diregraf Captain (17).
Phase: Ai(1)-Wilhelt Zombies B3's First Strike Damage Step
Phase: Ai(1)-Wilhelt Zombies B3's Combat Damage Step
Damage: Diregraf Captain (17) deals 3 damage (Deathtouch) to Kilo, Apogee Mind (402).
Damage: Kilo, Apogee Mind (402) deals 3 damage to Diregraf Captain (17).
Zone Change: Diregraf Captain (17) was put into Graveyard from Battlefield.
Zone Change: Kilo, Apogee Mind (402) was put into Graveyard from Battlefield.
Add To Stack: Ai(1)-Wilhelt Zombies B3 triggered Wilhelt, the Rotcleaver
Resolve Stack: Whenever another Zombie you control dies, if it didn't have decayed, create a 2/2 black Zombie creature token with decayed. (It can't block. When it attacks, sacrifice it at end of combat.) [Zone Changer: Diregraf Captain (17)]
Phase: Ai(1)-Wilhelt Zombies B3's End of Combat Step
Phase: Ai(1)-Wilhelt Zombies B3's Main phase, postcombat
Phase: Ai(1)-Wilhelt Zombies B3's End step
Add To Stack: Ai(1)-Wilhelt Zombies B3 triggered Wilhelt, the Rotcleaver
Resolve Stack: At the beginning of your end step, you may sacrifice a Zombie. If you do, draw a card. [Phase: Ai(1)-Wilhelt Zombies B3]
Phase: Ai(1)-Wilhelt Zombies B3's Cleanup step
Turn: Turn 46 (Ai(3)-Drana Vampires)
Phase: Ai(3)-Drana Vampires' Untap step
Phase: Ai(3)-Drana Vampires' Upkeep step
Phase: Ai(3)-Drana Vampires' Draw step
Phase: Ai(3)-Drana Vampires' Main phase, precombat
Phase: Ai(3)-Drana Vampires' Beginning of Combat Step
Phase: Ai(3)-Drana Vampires' Declare Attackers Step
Phase: Ai(3)-Drana Vampires' Declare Blockers Step
Phase: Ai(3)-Drana Vampires' First Strike Damage Step
Phase: Ai(3)-Drana Vampires' Combat Damage Step
Phase: Ai(3)-Drana Vampires' End of Combat Step
Phase: Ai(3)-Drana Vampires' Main phase, postcombat
Phase: Ai(3)-Drana Vampires' End step
Phase: Ai(3)-Drana Vampires' Cleanup step
Turn: Turn 47 (Ai(4)-Kilo Helm Final)
Phase: Ai(4)-Kilo Helm Final's Untap step
Phase: Ai(4)-Kilo Helm Final's Upkeep step
Add To Stack: Ai(4)-Kilo Helm Final triggered Inventors' Fair
Life: Life: Ai(4)-Kilo Helm Final 10 > 11
Resolve Stack: At the beginning of your upkeep, if you control three or more artifacts, you gain 1 life. [Phase: Ai(4)-Kilo Helm Final]
Phase: Ai(4)-Kilo Helm Final's Draw step
Phase: Ai(4)-Kilo Helm Final's Main phase, precombat
Land: Ai(4)-Kilo Helm Final played Mountain (388)
Mana: Silverbluff Bridge (327) - {T}: Add {U} or {R}.
Mana: Sol Ring (310) - {T}: Add {C}{C}.
Add To Stack: Ai(4)-Kilo Helm Final cast Chrome Host Seedshark
Resolve Stack: Chrome Host Seedshark - Creature 2 / 4
Mana: Arcane Signet (396) - {T}: Add one mana of any color in your commander's color identity.
Mana: Mountain (388) - {T}: Add {R}.
Mana: Plains (356) - {T}: Add {W}.
Mana: Plains (357) - {T}: Add {W}.
Mana: Radiant Summit (322) - {T}: Add {R}.
Mana: Cascade Bluffs (324) - {T}: Add {C}.
Mana: Karn's Bastion (321) - {T}: Add {C}.
Mana: Inkmoth Nexus (343) - {T}: Add {C}.
Add To Stack: Ai(4)-Kilo Helm Final cast Kilo, Apogee Mind
Add To Stack: Ai(4)-Kilo Helm Final triggered Uthros Research Craft
Resolve Stack: Whenever you cast an artifact spell, draw a card. Put a charge counter on this Spacecraft. [Card: Kilo, Apogee Mind (402), Activator: Ai(4)-Kilo Helm Final, SpellAbility: Kilo, Apogee Mind - Creature 3 / 3]
Resolve Stack: Kilo, Apogee Mind - Creature 3 / 3
Phase: Ai(4)-Kilo Helm Final's Beginning of Combat Step
Phase: Ai(4)-Kilo Helm Final's Declare Attackers Step
Combat: Ai(4)-Kilo Helm Final assigned Uthros Research Craft (395) and Tekuthal, Inquiry Dominus (329) to attack Ai(1)-Wilhelt Zombies B3.
Add To Stack: Ai(4)-Kilo Helm Final triggered Alibou, Ancient Witness targeting [Nirkana Revenant (235)]
Mana: Swamp (291) - {T}: Add {B}.
Add To Stack: Ai(3)-Drana Vampires activated Nirkana Revenant
Resolve Stack: Nirkana Revenant (235) - Nirkana Revenant (235) gets +1/+1  until end of turn.
Damage: Alibou, Ancient Witness (373) deals 4 damage to Nirkana Revenant (235).
Resolve Stack: Ai(4)-Kilo Helm Final scried 1 card(s) to the top of the library and 3 card(s) to the bottom of the library
Resolve Stack: Whenever one or more artifact creatures you control attack, Alibou, Ancient Witness deals X damage to any target and you scry X, where X is the number of tapped artifacts you control. (Targeting: [[Nirkana Revenant (235)]]) [Number Attackers: [Uthros Research Craft (395)]]
Phase: Ai(4)-Kilo Helm Final's Declare Blockers Step
Combat: Ai(1)-Wilhelt Zombies B3 didn't block Uthros Research Craft (395).
Ai(1)-Wilhelt Zombies B3 didn't block Tekuthal, Inquiry Dominus (329).
Phase: Ai(4)-Kilo Helm Final's First Strike Damage Step
Phase: Ai(4)-Kilo Helm Final's Combat Damage Step
Damage: Uthros Research Craft (395) deals 11 combat damage to Ai(1)-Wilhelt Zombies B3.
Damage: Tekuthal, Inquiry Dominus (329) deals 3 combat damage to Ai(1)-Wilhelt Zombies B3.
Life: Life: Ai(1)-Wilhelt Zombies B3 55 > 41
Phase: Ai(4)-Kilo Helm Final's End of Combat Step
Phase: Ai(4)-Kilo Helm Final's Main phase, postcombat
Phase: Ai(4)-Kilo Helm Final's End step
Phase: Ai(4)-Kilo Helm Final's Cleanup step
Turn: Turn 48 (Ai(1)-Wilhelt Zombies B3)
Phase: Ai(1)-Wilhelt Zombies B3's Untap step
Phase: Ai(1)-Wilhelt Zombies B3's Upkeep step
Add To Stack: Ai(1)-Wilhelt Zombies B3 triggered Phyrexian Arena
Add To Stack: Ai(1)-Wilhelt Zombies B3 triggered Endless Ranks of the Dead
Resolve Stack: At the beginning of your upkeep, create X 2/2 black Zombie creature tokens, where X is half the number of Zombies you control, rounded down. [Phase: Ai(1)-Wilhelt Zombies B3]
Life: Life: Ai(1)-Wilhelt Zombies B3 41 > 40
Resolve Stack: At the beginning of your upkeep, you draw a card and you lose 1 life. [Phase: Ai(1)-Wilhelt Zombies B3]
Phase: Ai(1)-Wilhelt Zombies B3's Draw step
Phase: Ai(1)-Wilhelt Zombies B3's Main phase, precombat
Land: Ai(1)-Wilhelt Zombies B3 played Island (51)
Phase: Ai(1)-Wilhelt Zombies B3's Beginning of Combat Step
Phase: Ai(1)-Wilhelt Zombies B3's Declare Attackers Step
Phase: Ai(1)-Wilhelt Zombies B3's Declare Blockers Step
Phase: Ai(1)-Wilhelt Zombies B3's First Strike Damage Step
Phase: Ai(1)-Wilhelt Zombies B3's Combat Damage Step
Phase: Ai(1)-Wilhelt Zombies B3's End of Combat Step
Phase: Ai(1)-Wilhelt Zombies B3's Main phase, postcombat
Mana: Sol Ring (310) - {T}: Add {C}{C}.
Mana: Silverbluff Bridge (327) - {T}: Add {U} or {R}.
Mana: Arcane Signet (396) - {T}: Add one mana of any color in your commander's color identity.
Zone Change: Inventors' Fair (304) was put into Graveyard from Battlefield.
Add To Stack: Ai(4)-Kilo Helm Final activated Inventors' Fair
Resolve Stack: Inventors' Fair (304) - Ai(4)-Kilo Helm Final searches their library for an artifact card, reveals it, puts it into their hand, then shuffles.
Phase: Ai(1)-Wilhelt Zombies B3's End step
Add To Stack: Ai(1)-Wilhelt Zombies B3 triggered Wilhelt, the Rotcleaver
Resolve Stack: At the beginning of your end step, you may sacrifice a Zombie. If you do, draw a card. [Phase: Ai(1)-Wilhelt Zombies B3]
Phase: Ai(1)-Wilhelt Zombies B3's Cleanup step
Turn: Turn 49 (Ai(3)-Drana Vampires)
Phase: Ai(3)-Drana Vampires' Untap step
Phase: Ai(3)-Drana Vampires' Upkeep step
Phase: Ai(3)-Drana Vampires' Draw step
Phase: Ai(3)-Drana Vampires' Main phase, precombat
Phase: Ai(3)-Drana Vampires' Beginning of Combat Step
Phase: Ai(3)-Drana Vampires' Declare Attackers Step
Combat: Ai(3)-Drana Vampires assigned Bird Token (429) and Drana, Liberator of Malakir (301) to attack Ai(1)-Wilhelt Zombies B3.
Phase: Ai(3)-Drana Vampires' Declare Blockers Step
Combat: Ai(1)-Wilhelt Zombies B3 didn't block Bird Token (429).
Ai(1)-Wilhelt Zombies B3 didn't block Drana, Liberator of Malakir (301).
Phase: Ai(3)-Drana Vampires' First Strike Damage Step
Damage: Drana, Liberator of Malakir (301) deals 2 combat damage to Ai(1)-Wilhelt Zombies B3.
Life: Life: Ai(1)-Wilhelt Zombies B3 40 > 38
Add To Stack: Ai(3)-Drana Vampires triggered Drana, Liberator of Malakir
Resolve Stack: Whenever Drana, Liberator of Malakir deals combat damage to a player, put a +1/+1 counter on each attacking creature you control. [Damage Source: Drana, Liberator of Malakir (301), Damaged: Ai(1)-Wilhelt Zombies B3, Amount: 2]
Phase: Ai(3)-Drana Vampires' Combat Damage Step
Damage: Bird Token (429) deals 3 combat damage to Ai(1)-Wilhelt Zombies B3.
Life: Life: Ai(1)-Wilhelt Zombies B3 38 > 35
Phase: Ai(3)-Drana Vampires' End of Combat Step
Phase: Ai(3)-Drana Vampires' Main phase, postcombat
Mana: Swamp (291) - {T}: Add {B}.
Mana: Swamp (280) - {T}: Add {B}.
Add To Stack: Ai(3)-Drana Vampires cast Ambition's Cost
Life: Life: Ai(3)-Drana Vampires 31 > 28
Resolve Stack: Ambition's Cost (299) - Ai(3)-Drana Vampires draws three cards. Ai(3)-Drana Vampires loses 3 life.
Land: Ai(3)-Drana Vampires played Swamp (265)
Mana: Swamp (294) - {T}: Add {B}.
Add To Stack: Ai(3)-Drana Vampires cast Arcane Signet
Resolve Stack: Arcane Signet
Phase: Ai(3)-Drana Vampires' End step
Phase: Ai(3)-Drana Vampires' Cleanup step
Turn: Turn 50 (Ai(4)-Kilo Helm Final)
Phase: Ai(4)-Kilo Helm Final's Untap step
Phase: Ai(4)-Kilo Helm Final's Upkeep step
Phase: Ai(4)-Kilo Helm Final's Draw step
Phase: Ai(4)-Kilo Helm Final's Main phase, precombat
Land: Ai(4)-Kilo Helm Final played Spire of Industry (312)
Mana: Plains (356) - {T}: Add {W}.
Mana: Plains (357) - {T}: Add {W}.
Mana: Sol Ring (310) - {T}: Add {C}{C}.
Mana: Mountain (388) - {T}: Add {R}.
Mana: Silverbluff Bridge (327) - {T}: Add {U} or {R}.
Add To Stack: Ai(4)-Kilo Helm Final cast Angel of the Ruins
Add To Stack: Ai(4)-Kilo Helm Final triggered Uthros Research Craft
Resolve Stack: Whenever you cast an artifact spell, draw a card. Put a charge counter on this Spacecraft. [Card: Angel of the Ruins (307), Activator: Ai(4)-Kilo Helm Final, SpellAbility: Angel of the Ruins - Creature 5 / 7]
Resolve Stack: Angel of the Ruins - Creature 5 / 7
Add To Stack: Ai(4)-Kilo Helm Final triggered Angel of the Ruins targeting [Liliana's Mastery (65), Endless Ranks of the Dead (31)]
Zone Change: Liliana's Mastery (65) was put into Exile from Battlefield.
Zone Change: Endless Ranks of the Dead (31) was put into Exile from Battlefield.
Resolve Stack: When Angel of the Ruins enters, exile up to two target artifacts and/or enchantments. (Targeting: [[Liliana's Mastery (65), Endless Ranks of the Dead (31)]]) [Zone Changer: Angel of the Ruins (307)]
Mana: Radiant Summit (322) - {T}: Add {R}.
Mana: Arcane Signet (396) - {T}: Add one mana of any color in your commander's color identity.
Add To Stack: Ai(4)-Kilo Helm Final cast Foundry Inspector
Add To Stack: Ai(4)-Kilo Helm Final triggered Uthros Research Craft
Resolve Stack: Whenever you cast an artifact spell, draw a card. Put a charge counter on this Spacecraft. [Card: Foundry Inspector (337), Activator: Ai(4)-Kilo Helm Final, SpellAbility: Foundry Inspector - Creature 3 / 2]
Resolve Stack: Foundry Inspector - Creature 3 / 2
Mana: Cascade Bluffs (324) - {T}: Add {C}.
Mana: Karn's Bastion (321) - {T}: Add {C}.
Mana: Inkmoth Nexus (343) - {T}: Add {C}.
Mana: Spire of Industry (312) - {T}: Add {C}.
Add To Stack: Ai(4)-Kilo Helm Final cast Hangarback Walker
Add To Stack: Ai(4)-Kilo Helm Final triggered Uthros Research Craft
Resolve Stack: Whenever you cast an artifact spell, draw a card. Put a charge counter on this Spacecraft. [Card: Hangarback Walker (372), Activator: Ai(4)-Kilo Helm Final, SpellAbility: Hangarback Walker - Creature 0 / 0 (X=0)]
Replacement Effect: Hangarback Walker enters with X +1/+1 counters on it.
Resolve Stack: Hangarback Walker - Creature 0 / 0 (X=3)
Phase: Ai(4)-Kilo Helm Final's Beginning of Combat Step
Mana: Swamp (295) - {T}: Add {B}.
Mana: Swamp (277) - {T}: Add {B}.
Add To Stack: Ai(3)-Drana Vampires cast Hero's Downfall targeting [Uthros Research Craft (395)]
Zone Change: Uthros Research Craft (395) was put into Graveyard from Battlefield.
Resolve Stack: Hero's Downfall (251) - Destroy Uthros Research Craft (395).
Add To Stack: Ai(4)-Kilo Helm Final triggered Adamantium Bonding Tank
Resolve Stack: Whenever a creature you control leaves the battlefield, if it had counters on it, put those counters on Adamantium Bonding Tank. [Zone Changer: Uthros Research Craft (395)]
Phase: Ai(4)-Kilo Helm Final's Declare Attackers Step
Combat: Ai(4)-Kilo Helm Final assigned Angel of the Ruins (307), Alibou, Ancient Witness (373) and Tekuthal, Inquiry Dominus (329) to attack Ai(1)-Wilhelt Zombies B3.
Add To Stack: Ai(4)-Kilo Helm Final triggered Alibou, Ancient Witness targeting [Drana, Liberator of Malakir (301)]
Damage: Alibou, Ancient Witness (373) deals 5 damage to Drana, Liberator of Malakir (301).
Resolve Stack: Ai(4)-Kilo Helm Final scried 2 card(s) to the top of the library and 3 card(s) to the bottom of the library
Resolve Stack: Whenever one or more artifact creatures you control attack, Alibou, Ancient Witness deals X damage to any target and you scry X, where X is the number of tapped artifacts you control. (Targeting: [[Drana, Liberator of Malakir (301)]]) [Number Attackers: [Angel of the Ruins (307), Alibou, Ancient Witness (373)]]
Zone Change: Drana, Liberator of Malakir (301) was put into Graveyard from Battlefield.
Phase: Ai(4)-Kilo Helm Final's Declare Blockers Step
Combat: Ai(1)-Wilhelt Zombies B3 didn't block Angel of the Ruins (307).
Ai(1)-Wilhelt Zombies B3 didn't block Alibou, Ancient Witness (373).
Ai(1)-Wilhelt Zombies B3 didn't block Tekuthal, Inquiry Dominus (329).
Phase: Ai(4)-Kilo Helm Final's First Strike Damage Step
Phase: Ai(4)-Kilo Helm Final's Combat Damage Step
Damage: Angel of the Ruins (307) deals 5 combat damage to Ai(1)-Wilhelt Zombies B3.
Damage: Alibou, Ancient Witness (373) deals 4 combat damage to Ai(1)-Wilhelt Zombies B3.
Damage: Tekuthal, Inquiry Dominus (329) deals 3 combat damage to Ai(1)-Wilhelt Zombies B3.
Life: Life: Ai(1)-Wilhelt Zombies B3 35 > 23
Phase: Ai(4)-Kilo Helm Final's End of Combat Step
Phase: Ai(4)-Kilo Helm Final's Main phase, postcombat
Phase: Ai(4)-Kilo Helm Final's End step
Mana: Swamp (77) - {T}: Add {B}.
Add To Stack: Ai(1)-Wilhelt Zombies B3 activated Unholy Grotto targeting [Diregraf Captain (17)]
Resolve Stack: Unholy Grotto (16) - Put Diregraf Captain (17) from the graveyard on top of its owner's library.
Phase: Ai(4)-Kilo Helm Final's Cleanup step
Turn: Turn 51 (Ai(1)-Wilhelt Zombies B3)
Phase: Ai(1)-Wilhelt Zombies B3's Untap step
Phase: Ai(1)-Wilhelt Zombies B3's Upkeep step
Add To Stack: Ai(1)-Wilhelt Zombies B3 triggered Phyrexian Arena
Mana: Silverbluff Bridge (327) - {T}: Add {U} or {R}.
Mana: Sol Ring (310) - {T}: Add {C}{C}.
Add To Stack: Ai(4)-Kilo Helm Final cast Ripples of Potential
Add To Stack: Ai(4)-Kilo Helm Final triggered Chrome Host Seedshark
Resolve Stack: Whenever you cast a noncreature spell, incubate X, where X is that spell's mana value. (Create an Incubator token with X +1/+1 counters on it and "{2}: Transform this artifact." It transforms into a 0/0 Phyrexian artifact creature.) [Card: Ripples of Potential (341), Activator: Ai(4)-Kilo Helm Final, SpellAbility: Proliferate, then choose any number of permanents you control that had a counter put on them this way. Those permanents phase out. (To proliferate, choose any number of permanents and/or players, then give each another counter of each kind already there. Treat phased-out permanents and anything attached to them as though they don't exist until their controller's next turn.)  ]
Replacement Effect: If you would proliferate, proliferate twice instead.
Resolve Stack: Ripples of Potential (341) - Proliferate. (Choose any number of permanents and/or players, then give each another counter of each kind already there.)  phase out. 
Life: Life: Ai(1)-Wilhelt Zombies B3 23 > 22
Resolve Stack: At the beginning of your upkeep, you draw a card and you lose 1 life. [Phase: Ai(1)-Wilhelt Zombies B3]
Phase: Ai(1)-Wilhelt Zombies B3's Draw step
Phase: Ai(1)-Wilhelt Zombies B3's Main phase, precombat
Land: Ai(1)-Wilhelt Zombies B3 played Exotic Orchard (98)
Mana: Island (39) - {T}: Add {U}.
Mana: Swamp (77) - {T}: Add {B}.
Mana: Island (51) - {T}: Add {U}.
Add To Stack: Ai(1)-Wilhelt Zombies B3 cast Diregraf Captain
Resolve Stack: Diregraf Captain - Creature 2 / 2
Phase: Ai(1)-Wilhelt Zombies B3's Beginning of Combat Step
Phase: Ai(1)-Wilhelt Zombies B3's Declare Attackers Step
Phase: Ai(1)-Wilhelt Zombies B3's Declare Blockers Step
Phase: Ai(1)-Wilhelt Zombies B3's First Strike Damage Step
Phase: Ai(1)-Wilhelt Zombies B3's Combat Damage Step
Phase: Ai(1)-Wilhelt Zombies B3's End of Combat Step
Phase: Ai(1)-Wilhelt Zombies B3's Main phase, postcombat
Mana: Exotic Orchard (98) - {T}: Add one mana of any color that a land an opponent controls could produce.
Mana: Swamp (83) - {T}: Add {B}.
Add To Stack: Ai(1)-Wilhelt Zombies B3 cast Corpse Knight
Resolve Stack: Corpse Knight - Creature 2 / 2
Mana: Swamp (91) - {T}: Add {B}.
Mana: Swamp (76) - {T}: Add {B}.
Add To Stack: Ai(1)-Wilhelt Zombies B3 cast Charcoal Diamond
Replacement Effect: Charcoal Diamond enters tapped.
Resolve Stack: Charcoal Diamond
Phase: Ai(1)-Wilhelt Zombies B3's End step
Add To Stack: Ai(1)-Wilhelt Zombies B3 triggered Wilhelt, the Rotcleaver
Resolve Stack: At the beginning of your end step, you may sacrifice a Zombie. If you do, draw a card. [Phase: Ai(1)-Wilhelt Zombies B3]
Phase: Ai(1)-Wilhelt Zombies B3's Cleanup step
Turn: Turn 52 (Ai(3)-Drana Vampires)
Phase: Ai(3)-Drana Vampires' Untap step
Phase: Ai(3)-Drana Vampires' Upkeep step
Phase: Ai(3)-Drana Vampires' Draw step
Phase: Ai(3)-Drana Vampires' Main phase, precombat
Land: Ai(3)-Drana Vampires played Swamp (256)
Phase: Ai(3)-Drana Vampires' Beginning of Combat Step
Phase: Ai(3)-Drana Vampires' Declare Attackers Step
Combat: Ai(3)-Drana Vampires assigned Bird Token (429) to attack Ai(1)-Wilhelt Zombies B3.
Phase: Ai(3)-Drana Vampires' Declare Blockers Step
Combat: Ai(1)-Wilhelt Zombies B3 didn't block Bird Token (429).
Phase: Ai(3)-Drana Vampires' First Strike Damage Step
Phase: Ai(3)-Drana Vampires' Combat Damage Step
Damage: Bird Token (429) deals 3 combat damage to Ai(1)-Wilhelt Zombies B3.
Life: Life: Ai(1)-Wilhelt Zombies B3 22 > 19
Phase: Ai(3)-Drana Vampires' End of Combat Step
Phase: Ai(3)-Drana Vampires' Main phase, postcombat
Mana: Swamp (291) - {T}: Add {B}.
Mana: Swamp (280) - {T}: Add {B}.
Mana: Swamp (294) - {T}: Add {B}.
Mana: Swamp (295) - {T}: Add {B}.
Mana: Swamp (277) - {T}: Add {B}.
Add To Stack: Ai(3)-Drana Vampires cast Drana, Liberator of Malakir
Resolve Stack: Drana, Liberator of Malakir - Creature 2 / 3
Phase: Ai(3)-Drana Vampires' End step
Phase: Ai(3)-Drana Vampires' Cleanup step
Turn: Turn 53 (Ai(4)-Kilo Helm Final)
Phase: Ai(4)-Kilo Helm Final's Untap step
Phase: Ai(4)-Kilo Helm Final's Upkeep step
Mana: Sol Ring (310) - {T}: Add {C}{C}.
Add To Stack: Ai(4)-Kilo Helm Final activated Incubator Token
Resolve Stack: Phyrexian Token (447) - Transform Phyrexian Token (447).
Phase: Ai(4)-Kilo Helm Final's Draw step
Phase: Ai(4)-Kilo Helm Final's Main phase, precombat
Land: Ai(4)-Kilo Helm Final played Mountain (390)
Mana: Plains (356) - {T}: Add {W}.
Mana: Plains (357) - {T}: Add {W}.
Mana: Mountain (388) - {T}: Add {R}.
Mana: Mountain (390) - {T}: Add {R}.
Mana: Silverbluff Bridge (327) - {T}: Add {U} or {R}.
Mana: Radiant Summit (322) - {T}: Add {R}.
Add To Stack: Ai(4)-Kilo Helm Final cast Organic Extinction
Add To Stack: Ai(4)-Kilo Helm Final triggered Chrome Host Seedshark
Mana: Swamp (79) - {T}: Add {B}.
Mana: Swamp (88) - {T}: Add {B}.
Zone Change: Charcoal Diamond (56) was put into Graveyard from Battlefield.
Add To Stack: Ai(1)-Wilhelt Zombies B3 cast Deadly Dispute
Resolve Stack: Deadly Dispute (2) - Draw two cards and create a Treasure token. 
Resolve Stack: Whenever you cast a noncreature spell, incubate X, where X is that spell's mana value. (Create an Incubator token with X +1/+1 counters on it and "{2}: Transform this artifact." It transforms into a 0/0 Phyrexian artifact creature.) [Card: Organic Extinction (383), Activator: Ai(4)-Kilo Helm Final, SpellAbility: Destroy all nonartifact creatures.]
Zone Change: Tekuthal, Inquiry Dominus (329) was put into Graveyard from Battlefield.
Zone Change: Chrome Host Seedshark (381) was put into Graveyard from Battlefield.
Zone Change: Wilhelt, the Rotcleaver (99) was put into Graveyard from Battlefield.
Zone Change: Zombie Token (432) was put into Graveyard from Battlefield.
Zone Change: Zombie Token (436) was put into Graveyard from Battlefield.
Zone Change: Zombie Token (437) was put into Graveyard from Battlefield.
Zone Change: Gray Merchant of Asphodel (15) was put into Graveyard from Battlefield.
Zone Change: Zombie Token (440) was put into Graveyard from Battlefield.
Zone Change: Zombie Token (443) was put into Graveyard from Battlefield.
Zone Change: Zombie Token (444) was put into Graveyard from Battlefield.
Zone Change: Zombie Token (445) was put into Graveyard from Battlefield.
Zone Change: Diregraf Captain (17) was put into Graveyard from Battlefield.
Zone Change: Corpse Knight (97) was put into Graveyard from Battlefield.
Zone Change: Nirkana Revenant (235) was put into Graveyard from Battlefield.
Zone Change: Barony Vampire (211) was put into Graveyard from Battlefield.
Zone Change: Child of Night (300) was put into Graveyard from Battlefield.
Zone Change: Bird Token (429) was put into Graveyard from Battlefield.
Zone Change: Drana, Liberator of Malakir (301) was put into Graveyard from Battlefield.
Resolve Stack: Organic Extinction (383) - Destroy all nonartifact creatures.
Add To Stack: Ai(1)-Wilhelt Zombies B3 triggered Diregraf Captain targeting [Ai(3)-Drana Vampires]
Add To Stack: Ai(1)-Wilhelt Zombies B3 triggered Diregraf Captain targeting [Ai(3)-Drana Vampires]
Add To Stack: Ai(1)-Wilhelt Zombies B3 triggered Diregraf Captain targeting [Ai(3)-Drana Vampires]
Add To Stack: Ai(1)-Wilhelt Zombies B3 triggered Diregraf Captain targeting [Ai(3)-Drana Vampires]
Add To Stack: Ai(1)-Wilhelt Zombies B3 triggered Diregraf Captain targeting [Ai(3)-Drana Vampires]
Add To Stack: Ai(1)-Wilhelt Zombies B3 triggered Diregraf Captain targeting [Ai(3)-Drana Vampires]
Add To Stack: Ai(1)-Wilhelt Zombies B3 triggered Diregraf Captain targeting [Ai(3)-Drana Vampires]
Add To Stack: Ai(1)-Wilhelt Zombies B3 triggered Diregraf Captain targeting [Ai(3)-Drana Vampires]
Add To Stack: Ai(1)-Wilhelt Zombies B3 triggered Diregraf Captain targeting [Ai(3)-Drana Vampires]
Add To Stack: Ai(1)-Wilhelt Zombies B3 triggered Diregraf Captain targeting [Ai(3)-Drana Vampires]
Add To Stack: Ai(1)-Wilhelt Zombies B3 triggered Wilhelt, the Rotcleaver
Add To Stack: Ai(1)-Wilhelt Zombies B3 triggered Wilhelt, the Rotcleaver
Add To Stack: Ai(1)-Wilhelt Zombies B3 triggered Wilhelt, the Rotcleaver
Add To Stack: Ai(1)-Wilhelt Zombies B3 triggered Wilhelt, the Rotcleaver
Add To Stack: Ai(1)-Wilhelt Zombies B3 triggered Wilhelt, the Rotcleaver
Add To Stack: Ai(1)-Wilhelt Zombies B3 triggered Wilhelt, the Rotcleaver
Add To Stack: Ai(1)-Wilhelt Zombies B3 triggered Wilhelt, the Rotcleaver
Add To Stack: Ai(1)-Wilhelt Zombies B3 triggered Wilhelt, the Rotcleaver
Add To Stack: Ai(1)-Wilhelt Zombies B3 triggered Wilhelt, the Rotcleaver
Mana: Arcane Signet (396) - {T}: Add one mana of any color in your commander's color identity.
Mana: Cascade Bluffs (324) - {T}: Add {C}.
Mana: Inkmoth Nexus (343) - {T}: Add {C}.
Mana: Spire of Industry (312) - {T}: Add {C}.
Add To Stack: Ai(4)-Kilo Helm Final activated Karn's Bastion
Resolve Stack: Karn's Bastion (321) - Proliferate. (Choose any number of permanents and/or players, then give each another counter of each kind already there.)
Resolve Stack: Whenever another Zombie you control dies, if it didn't have decayed, create a 2/2 black Zombie creature token with decayed. (It can't block. When it attacks, sacrifice it at end of combat.) [Zone Changer: Corpse Knight (97)]
Resolve Stack: Whenever another Zombie you control dies, if it didn't have decayed, create a 2/2 black Zombie creature token with decayed. (It can't block. When it attacks, sacrifice it at end of combat.) [Zone Changer: Diregraf Captain (17)]
Resolve Stack: Whenever another Zombie you control dies, if it didn't have decayed, create a 2/2 black Zombie creature token with decayed. (It can't block. When it attacks, sacrifice it at end of combat.) [Zone Changer: Zombie Token (445)]
Resolve Stack: Whenever another Zombie you control dies, if it didn't have decayed, create a 2/2 black Zombie creature token with decayed. (It can't block. When it attacks, sacrifice it at end of combat.) [Zone Changer: Zombie Token (444)]
Resolve Stack: Whenever another Zombie you control dies, if it didn't have decayed, create a 2/2 black Zombie creature token with decayed. (It can't block. When it attacks, sacrifice it at end of combat.) [Zone Changer: Zombie Token (443)]
Resolve Stack: Whenever another Zombie you control dies, if it didn't have decayed, create a 2/2 black Zombie creature token with decayed. (It can't block. When it attacks, sacrifice it at end of combat.) [Zone Changer: Gray Merchant of Asphodel (15)]
Resolve Stack: Whenever another Zombie you control dies, if it didn't have decayed, create a 2/2 black Zombie creature token with decayed. (It can't block. When it attacks, sacrifice it at end of combat.) [Zone Changer: Zombie Token (437)]
Resolve Stack: Whenever another Zombie you control dies, if it didn't have decayed, create a 2/2 black Zombie creature token with decayed. (It can't block. When it attacks, sacrifice it at end of combat.) [Zone Changer: Zombie Token (436)]
Resolve Stack: Whenever another Zombie you control dies, if it didn't have decayed, create a 2/2 black Zombie creature token with decayed. (It can't block. When it attacks, sacrifice it at end of combat.) [Zone Changer: Zombie Token (432)]
Life: Life: Ai(3)-Drana Vampires 28 > 27
Resolve Stack: Whenever another Zombie you control dies, target opponent loses 1 life. (Targeting: [[Ai(3)-Drana Vampires]]) [Zone Changer: Corpse Knight (97)]
Life: Life: Ai(3)-Drana Vampires 27 > 26
Resolve Stack: Whenever another Zombie you control dies, target opponent loses 1 life. (Targeting: [[Ai(3)-Drana Vampires]]) [Zone Changer: Zombie Token (445)]
Life: Life: Ai(3)-Drana Vampires 26 > 25
Resolve Stack: Whenever another Zombie you control dies, target opponent loses 1 life. (Targeting: [[Ai(3)-Drana Vampires]]) [Zone Changer: Zombie Token (444)]
Life: Life: Ai(3)-Drana Vampires 25 > 24
Resolve Stack: Whenever another Zombie you control dies, target opponent loses 1 life. (Targeting: [[Ai(3)-Drana Vampires]]) [Zone Changer: Zombie Token (443)]
Life: Life: Ai(3)-Drana Vampires 24 > 23
Resolve Stack: Whenever another Zombie you control dies, target opponent loses 1 life. (Targeting: [[Ai(3)-Drana Vampires]]) [Zone Changer: Zombie Token (440)]
Life: Life: Ai(3)-Drana Vampires 23 > 22
Resolve Stack: Whenever another Zombie you control dies, target opponent loses 1 life. (Targeting: [[Ai(3)-Drana Vampires]]) [Zone Changer: Gray Merchant of Asphodel (15)]
Life: Life: Ai(3)-Drana Vampires 22 > 21
Resolve Stack: Whenever another Zombie you control dies, target opponent loses 1 life. (Targeting: [[Ai(3)-Drana Vampires]]) [Zone Changer: Zombie Token (437)]
Life: Life: Ai(3)-Drana Vampires 21 > 20
Resolve Stack: Whenever another Zombie you control dies, target opponent loses 1 life. (Targeting: [[Ai(3)-Drana Vampires]]) [Zone Changer: Zombie Token (436)]
Life: Life: Ai(3)-Drana Vampires 20 > 19
Resolve Stack: Whenever another Zombie you control dies, target opponent loses 1 life. (Targeting: [[Ai(3)-Drana Vampires]]) [Zone Changer: Zombie Token (432)]
Life: Life: Ai(3)-Drana Vampires 19 > 18
Resolve Stack: Whenever another Zombie you control dies, target opponent loses 1 life. (Targeting: [[Ai(3)-Drana Vampires]]) [Zone Changer: Wilhelt, the Rotcleaver (99)]
Phase: Ai(4)-Kilo Helm Final's Beginning of Combat Step
Add To Stack: Ai(4)-Kilo Helm Final triggered Adamantium Bonding Tank targeting [Angel of the Ruins (307)]
Resolve Stack: At the beginning of combat on your turn, if Adamantium Bonding Tank has counters on it, you may move all counters from Adamantium Bonding Tank onto target creature. (Targeting: [[Angel of the Ruins (307)]]) [Phase: Ai(4)-Kilo Helm Final]
Phase: Ai(4)-Kilo Helm Final's Declare Attackers Step
Combat: Ai(4)-Kilo Helm Final assigned Hangarback Walker (372), Angel of the Ruins (307), Phyrexian Token (447), Alibou, Ancient Witness (373), Kilo, Apogee Mind (402), Foundry Inspector (337) and Thought Monitor (397) to attack Ai(1)-Wilhelt Zombies B3.
Add To Stack: Ai(4)-Kilo Helm Final triggered Kilo, Apogee Mind
Add To Stack: Ai(4)-Kilo Helm Final triggered Alibou, Ancient Witness targeting [Ai(3)-Drana Vampires]
Damage: Alibou, Ancient Witness (373) deals 14 non-combat damage to Ai(3)-Drana Vampires.
Life: Life: Ai(3)-Drana Vampires 18 > 4
Resolve Stack: Ai(4)-Kilo Helm Final scried 7 card(s) to the top of the library and 7 card(s) to the bottom of the library
Resolve Stack: Whenever one or more artifact creatures you control attack, Alibou, Ancient Witness deals X damage to any target and you scry X, where X is the number of tapped artifacts you control. (Targeting: [[Ai(3)-Drana Vampires]]) [Number Attackers: [Hangarback Walker (372), Angel of the Ruins (307), Phyrexian Token (447), Alibou, Ancient Witness (373), Kilo, Apogee Mind (402), Foundry Inspector (337), Thought Monitor (397)]]
Resolve Stack: Whenever Kilo becomes tapped, proliferate. (Choose any number of permanents and/or players, then give each another counter of each kind already there.) [Tapped: Kilo, Apogee Mind (402)]
Phase: Ai(4)-Kilo Helm Final's Declare Blockers Step
Combat: Ai(1)-Wilhelt Zombies B3 didn't block Hangarback Walker (372).
Ai(1)-Wilhelt Zombies B3 didn't block Angel of the Ruins (307).
Ai(1)-Wilhelt Zombies B3 didn't block Phyrexian Token (447).
Ai(1)-Wilhelt Zombies B3 didn't block Alibou, Ancient Witness (373).
Ai(1)-Wilhelt Zombies B3 didn't block Kilo, Apogee Mind (402).
Ai(1)-Wilhelt Zombies B3 didn't block Foundry Inspector (337).
Ai(1)-Wilhelt Zombies B3 didn't block Thought Monitor (397).
Phase: Ai(4)-Kilo Helm Final's First Strike Damage Step
Phase: Ai(4)-Kilo Helm Final's Combat Damage Step
Damage: Hangarback Walker (372) deals 7 combat damage to Ai(1)-Wilhelt Zombies B3.
Damage: Angel of the Ruins (307) deals 5 combat damage to Ai(1)-Wilhelt Zombies B3.
Damage: Phyrexian Token (447) deals 6 combat damage to Ai(1)-Wilhelt Zombies B3.
Damage: Alibou, Ancient Witness (373) deals 4 combat damage to Ai(1)-Wilhelt Zombies B3.
Damage: Kilo, Apogee Mind (402) deals 3 combat damage to Ai(1)-Wilhelt Zombies B3.
Damage: Foundry Inspector (337) deals 3 combat damage to Ai(1)-Wilhelt Zombies B3.
Damage: Thought Monitor (397) deals 2 combat damage to Ai(1)-Wilhelt Zombies B3.
Life: Life: Ai(1)-Wilhelt Zombies B3 19 > -11
Phase: Ai(4)-Kilo Helm Final's End of Combat Step
Phase: Ai(4)-Kilo Helm Final's Main phase, postcombat
Phase: Ai(4)-Kilo Helm Final's End step
Phase: Ai(4)-Kilo Helm Final's Cleanup step
Turn: Turn 54 (Ai(3)-Drana Vampires)
Phase: Ai(3)-Drana Vampires' Untap step
Phase: Ai(3)-Drana Vampires' Upkeep step
Mana: Sol Ring (310) - {T}: Add {C}{C}.
Add To Stack: Ai(4)-Kilo Helm Final activated Incubator Token
Resolve Stack: Phyrexian Token (451) - Transform Phyrexian Token (451).
Phase: Ai(3)-Drana Vampires' Draw step
Phase: Ai(3)-Drana Vampires' Main phase, precombat
Phase: Ai(3)-Drana Vampires' Beginning of Combat Step
Phase: Ai(3)-Drana Vampires' Declare Attackers Step
Phase: Ai(3)-Drana Vampires' Declare Blockers Step
Phase: Ai(3)-Drana Vampires' First Strike Damage Step
Phase: Ai(3)-Drana Vampires' Combat Damage Step
Phase: Ai(3)-Drana Vampires' End of Combat Step
Phase: Ai(3)-Drana Vampires' Main phase, postcombat
Mana: Swamp (291) - {T}: Add {B}.
Mana: Swamp (280) - {T}: Add {B}.
Mana: Swamp (294) - {T}: Add {B}.
Mana: Swamp (295) - {T}: Add {B}.
Mana: Swamp (277) - {T}: Add {B}.
Mana: Swamp (293) - {T}: Add {B}.
Mana: Swamp (275) - {T}: Add {B}.
Mana: Swamp (287) - {T}: Add {B}.
Mana: Swamp (270) - {T}: Add {B}.
Mana: Swamp (255) - {T}: Add {B}.
Mana: Swamp (265) - {T}: Add {B}.
Add To Stack: Ai(3)-Drana Vampires cast Drana, Liberator of Malakir
Resolve Stack: Drana, Liberator of Malakir - Creature 2 / 3
Mana: Arcane Signet (298) - {T}: Add one mana of any color in your commander's color identity.
Add To Stack: Ai(3)-Drana Vampires cast Pulse Tracker
Resolve Stack: Pulse Tracker - Creature 1 / 1
Phase: Ai(3)-Drana Vampires' End step
Mana: Silverbluff Bridge (327) - {T}: Add {U} or {R}.
Add To Stack: Ai(4)-Kilo Helm Final activated Hangarback Walker
Resolve Stack: Hangarback Walker (372) - Ai(4)-Kilo Helm Final puts a +1/+1 counter on Hangarback Walker (372).
Phase: Ai(3)-Drana Vampires' Cleanup step
Turn: Turn 55 (Ai(4)-Kilo Helm Final)
Phase: Ai(4)-Kilo Helm Final's Untap step
Phase: Ai(4)-Kilo Helm Final's Upkeep step
Mana: Sol Ring (310) - {T}: Add {C}{C}.
Mana: Mountain (388) - {T}: Add {R}.
Mana: Mountain (390) - {T}: Add {R}.
Add To Stack: Ai(4)-Kilo Helm Final activated Karn's Bastion
Resolve Stack: Karn's Bastion (321) - Proliferate. (Choose any number of permanents and/or players, then give each another counter of each kind already there.)
Phase: Ai(4)-Kilo Helm Final's Draw step
Phase: Ai(4)-Kilo Helm Final's Main phase, precombat
Mana: Plains (356) - {T}: Add {W}.
Mana: Silverbluff Bridge (327) - {T}: Add {U} or {R}.
Add To Stack: Ai(4)-Kilo Helm Final cast Crystalline Crawler
Replacement Effect: Converge — Crystalline Crawler enters with a +1/+1 counter on it for each color of mana spent to cast it.
Resolve Stack: Crystalline Crawler - Creature 1 / 1
Mana: Plains (357) - {T}: Add {W}.
Add To Stack: Ai(4)-Kilo Helm Final cast Surge Conductor
Resolve Stack: Surge Conductor - Creature 3 / 2
Phase: Ai(4)-Kilo Helm Final's Beginning of Combat Step
Phase: Ai(4)-Kilo Helm Final's Declare Attackers Step
Combat: Ai(4)-Kilo Helm Final assigned Phyrexian Token (451), Hangarback Walker (372), Phyrexian Token (447), Angel of the Ruins (307), Alibou, Ancient Witness (373), Kilo, Apogee Mind (402), Foundry Inspector (337), Crystalline Crawler (374), Surge Conductor (386) and Thought Monitor (397) to attack Ai(3)-Drana Vampires.
Add To Stack: Ai(4)-Kilo Helm Final triggered Kilo, Apogee Mind
Add To Stack: Ai(4)-Kilo Helm Final triggered Alibou, Ancient Witness targeting [Ai(3)-Drana Vampires]
Damage: Alibou, Ancient Witness (373) deals 12 non-combat damage to Ai(3)-Drana Vampires.
Life: Life: Ai(3)-Drana Vampires 4 > -8
Resolve Stack: Ai(4)-Kilo Helm Final scried 10 card(s) to the top of the library and 2 card(s) to the bottom of the library
Resolve Stack: Whenever one or more artifact creatures you control attack, Alibou, Ancient Witness deals X damage to any target and you scry X, where X is the number of tapped artifacts you control. (Targeting: [[Ai(3)-Drana Vampires]]) [Number Attackers: [Phyrexian Token (451), Hangarback Walker (372), Phyrexian Token (447), Angel of the Ruins (307), Alibou, Ancient Witness (373), Kilo, Apogee Mind (402), Foundry Inspector (337), Crystalline Crawler (374), Surge Conductor (386), Thought Monitor (397)]]
Player Control: Ai(1)-Wilhelt Zombies B3 has restored control over themself
Player Control: Ai(2)-Wyleth Voltron B3 has restored control over themself
Player Control: Ai(3)-Drana Vampires has restored control over themself
Player Control: Ai(4)-Kilo Helm Final has restored control over themself
Game Outcome: Turn 28
Game Outcome: Ai(1)-Wilhelt Zombies B3 has lost because life total reached 0
Game Outcome: Ai(2)-Wyleth Voltron B3 has lost because life total reached 0
Game Outcome: Ai(3)-Drana Vampires has lost because life total reached 0
Game Outcome: Ai(4)-Kilo Helm Final has won because all opponents have lost
Match Result: Ai(1)-Wilhelt Zombies B3: 0 Ai(2)-Wyleth Voltron B3: 0 Ai(3)-Drana Vampires: 0 Ai(4)-Kilo Helm Final: 1 

Game Result: Game 1 ended in 153173 ms. Ai(4)-Kilo Helm Final has won!

Warning: default (ie. inherited from base class) implementation of confirmAction is used by Wilhelt, the Rotcleaver for forge.ai.ability.PermanentCreatureAi. Consider declaring an overloaded method
Warning: default (ie. inherited from base class) implementation of confirmAction is used by Wyleth, Soul of Steel for forge.ai.ability.PermanentCreatureAi. Consider declaring an overloaded method
Warning: default (ie. inherited from base class) implementation of confirmAction is used by Drana, Liberator of Malakir for forge.ai.ability.PermanentCreatureAi. Consider declaring an overloaded method
Warning: default (ie. inherited from base class) implementation of confirmAction is used by Kilo, Apogee Mind for forge.ai.ability.PermanentCreatureAi. Consider declaring an overloaded method
Warning: default (ie. inherited from base class) implementation of confirmAction is used by Wilhelt, the Rotcleaver for forge.ai.ability.PermanentCreatureAi. Consider declaring an overloaded method
Warning: default (ie. inherited from base class) implementation of confirmAction is used by Wyleth, Soul of Steel for forge.ai.ability.PermanentCreatureAi. Consider declaring an overloaded method
Warning: default (ie. inherited from base class) implementation of confirmAction is used by Kilo, Apogee Mind for forge.ai.ability.PermanentCreatureAi. Consider declaring an overloaded method
Warning: default (ie. inherited from base class) implementation of confirmAction is used by Wilhelt, the Rotcleaver for forge.ai.ability.PermanentCreatureAi. Consider declaring an overloaded method
Warning: default (ie. inherited from base class) implementation of confirmAction is used by Wyleth, Soul of Steel for forge.ai.ability.PermanentCreatureAi. Consider declaring an overloaded method
Warning: default (ie. inherited from base class) implementation of confirmAction is used by Kilo, Apogee Mind for forge.ai.ability.PermanentCreatureAi. Consider declaring an overloaded method
Warning: default (ie. inherited from base class) implementation of confirmAction is used by Wyleth, Soul of Steel for forge.ai.ability.PermanentCreatureAi. Consider declaring an overloaded method
Warning: default (ie. inherited from base class) implementation of chooseSingleCard is used by Ripples of Potential for forge.ai.ability.PhasesAi. Consider declaring an overloaded method
Warning: default (ie. inherited from base class) implementation of chooseSingleCard is used by Ripples of Potential for forge.ai.ability.PhasesAi. Consider declaring an overloaded method
Warning: default (ie. inherited from base class) implementation of chooseSingleCard is used by Ripples of Potential for forge.ai.ability.PhasesAi. Consider declaring an overloaded method
Mulligan: Ai(4)-Kilo Helm Final has mulliganed down to 7 cards.
Mulligan: Ai(1)-Wilhelt Zombies B3 has kept a hand of 7 cards
Mulligan: Ai(2)-Wyleth Voltron B3 has kept a hand of 7 cards
Mulligan: Ai(3)-Drana Vampires has kept a hand of 7 cards
Mulligan: Ai(4)-Kilo Helm Final has kept a hand of 7 cards
Turn: Turn 1 (Ai(1)-Wilhelt Zombies B3)
Phase: Ai(1)-Wilhelt Zombies B3's Untap step
Phase: Ai(1)-Wilhelt Zombies B3's Upkeep step
Phase: Ai(1)-Wilhelt Zombies B3's Draw step
Phase: Ai(1)-Wilhelt Zombies B3's Main phase, precombat
Replacement Effect: Temple of Deceit enters tapped.
Land: Ai(1)-Wilhelt Zombies B3 played Temple of Deceit (11)
Add To Stack: Ai(1)-Wilhelt Zombies B3 triggered Temple of Deceit
Resolve Stack: Ai(1)-Wilhelt Zombies B3 scried 1 card(s) to the bottom of the library
Resolve Stack: When Temple of Deceit enters, scry 1. [Zone Changer: Temple of Deceit (11)]
Phase: Ai(1)-Wilhelt Zombies B3's Beginning of Combat Step
Phase: Ai(1)-Wilhelt Zombies B3's Declare Attackers Step
Phase: Ai(1)-Wilhelt Zombies B3's Declare Blockers Step
Phase: Ai(1)-Wilhelt Zombies B3's First Strike Damage Step
Phase: Ai(1)-Wilhelt Zombies B3's Combat Damage Step
Phase: Ai(1)-Wilhelt Zombies B3's End of Combat Step
Phase: Ai(1)-Wilhelt Zombies B3's Main phase, postcombat
Phase: Ai(1)-Wilhelt Zombies B3's End step
Phase: Ai(1)-Wilhelt Zombies B3's Cleanup step
Turn: Turn 2 (Ai(2)-Wyleth Voltron B3)
Phase: Ai(2)-Wyleth Voltron B3's Untap step
Phase: Ai(2)-Wyleth Voltron B3's Upkeep step
Phase: Ai(2)-Wyleth Voltron B3's Draw step
Phase: Ai(2)-Wyleth Voltron B3's Main phase, precombat
Land: Ai(2)-Wyleth Voltron B3 played Command Tower (113)
Phase: Ai(2)-Wyleth Voltron B3's Beginning of Combat Step
Phase: Ai(2)-Wyleth Voltron B3's Declare Attackers Step
Phase: Ai(2)-Wyleth Voltron B3's Declare Blockers Step
Phase: Ai(2)-Wyleth Voltron B3's First Strike Damage Step
Phase: Ai(2)-Wyleth Voltron B3's Combat Damage Step
Phase: Ai(2)-Wyleth Voltron B3's End of Combat Step
Phase: Ai(2)-Wyleth Voltron B3's Main phase, postcombat
Mana: Command Tower (113) - {T}: Add one mana of any color in your commander's color identity.
Add To Stack: Ai(2)-Wyleth Voltron B3 cast Shadowspear
Resolve Stack: Shadowspear
Phase: Ai(2)-Wyleth Voltron B3's End step
Phase: Ai(2)-Wyleth Voltron B3's Cleanup step
Turn: Turn 3 (Ai(3)-Drana Vampires)
Phase: Ai(3)-Drana Vampires' Untap step
Phase: Ai(3)-Drana Vampires' Upkeep step
Phase: Ai(3)-Drana Vampires' Draw step
Phase: Ai(3)-Drana Vampires' Main phase, precombat
Land: Ai(3)-Drana Vampires played Swamp (282)
Phase: Ai(3)-Drana Vampires' Beginning of Combat Step
Phase: Ai(3)-Drana Vampires' Declare Attackers Step
Phase: Ai(3)-Drana Vampires' Declare Blockers Step
Phase: Ai(3)-Drana Vampires' First Strike Damage Step
Phase: Ai(3)-Drana Vampires' Combat Damage Step
Phase: Ai(3)-Drana Vampires' End of Combat Step
Phase: Ai(3)-Drana Vampires' Main phase, postcombat
Phase: Ai(3)-Drana Vampires' End step
Phase: Ai(3)-Drana Vampires' Cleanup step
Turn: Turn 4 (Ai(4)-Kilo Helm Final)
Phase: Ai(4)-Kilo Helm Final's Untap step
Phase: Ai(4)-Kilo Helm Final's Upkeep step
Phase: Ai(4)-Kilo Helm Final's Draw step
Phase: Ai(4)-Kilo Helm Final's Main phase, precombat
Replacement Effect: Sulfur Falls enters tapped unless you control an Island or a Mountain.
Land: Ai(4)-Kilo Helm Final played Sulfur Falls (320)
Phase: Ai(4)-Kilo Helm Final's Beginning of Combat Step
Phase: Ai(4)-Kilo Helm Final's Declare Attackers Step
Phase: Ai(4)-Kilo Helm Final's Declare Blockers Step
Phase: Ai(4)-Kilo Helm Final's First Strike Damage Step
Phase: Ai(4)-Kilo Helm Final's Combat Damage Step
Phase: Ai(4)-Kilo Helm Final's End of Combat Step
Phase: Ai(4)-Kilo Helm Final's Main phase, postcombat
Phase: Ai(4)-Kilo Helm Final's End step
Phase: Ai(4)-Kilo Helm Final's Cleanup step
Turn: Turn 5 (Ai(1)-Wilhelt Zombies B3)
Phase: Ai(1)-Wilhelt Zombies B3's Untap step
Phase: Ai(1)-Wilhelt Zombies B3's Upkeep step
Phase: Ai(1)-Wilhelt Zombies B3's Draw step
Phase: Ai(1)-Wilhelt Zombies B3's Main phase, precombat
Land: Ai(1)-Wilhelt Zombies B3 played Swamp (71)
Phase: Ai(1)-Wilhelt Zombies B3's Beginning of Combat Step
Phase: Ai(1)-Wilhelt Zombies B3's Declare Attackers Step
Phase: Ai(1)-Wilhelt Zombies B3's Declare Blockers Step
Phase: Ai(1)-Wilhelt Zombies B3's First Strike Damage Step
Phase: Ai(1)-Wilhelt Zombies B3's Combat Damage Step
Phase: Ai(1)-Wilhelt Zombies B3's End of Combat Step
Phase: Ai(1)-Wilhelt Zombies B3's Main phase, postcombat
Mana: Swamp (71) - {T}: Add {B}.
Mana: Temple of Deceit (11) - {T}: Add {U} or {B}.
Add To Stack: Ai(1)-Wilhelt Zombies B3 cast Arcane Signet
Resolve Stack: Arcane Signet
Phase: Ai(1)-Wilhelt Zombies B3's End step
Phase: Ai(1)-Wilhelt Zombies B3's Cleanup step
Turn: Turn 6 (Ai(2)-Wyleth Voltron B3)
Phase: Ai(2)-Wyleth Voltron B3's Untap step
Phase: Ai(2)-Wyleth Voltron B3's Upkeep step
Phase: Ai(2)-Wyleth Voltron B3's Draw step
Phase: Ai(2)-Wyleth Voltron B3's Main phase, precombat
Land: Ai(2)-Wyleth Voltron B3 played Inventors' Fair (102)
Phase: Ai(2)-Wyleth Voltron B3's Beginning of Combat Step
Phase: Ai(2)-Wyleth Voltron B3's Declare Attackers Step
Phase: Ai(2)-Wyleth Voltron B3's Declare Blockers Step
Phase: Ai(2)-Wyleth Voltron B3's First Strike Damage Step
Phase: Ai(2)-Wyleth Voltron B3's Combat Damage Step
Phase: Ai(2)-Wyleth Voltron B3's End of Combat Step
Phase: Ai(2)-Wyleth Voltron B3's Main phase, postcombat
Phase: Ai(2)-Wyleth Voltron B3's End step
Phase: Ai(2)-Wyleth Voltron B3's Cleanup step
Turn: Turn 7 (Ai(3)-Drana Vampires)
Phase: Ai(3)-Drana Vampires' Untap step
Phase: Ai(3)-Drana Vampires' Upkeep step
Phase: Ai(3)-Drana Vampires' Draw step
Phase: Ai(3)-Drana Vampires' Main phase, precombat
Land: Ai(3)-Drana Vampires played Swamp (296)
Phase: Ai(3)-Drana Vampires' Beginning of Combat Step
Phase: Ai(3)-Drana Vampires' Declare Attackers Step
Phase: Ai(3)-Drana Vampires' Declare Blockers Step
Phase: Ai(3)-Drana Vampires' First Strike Damage Step
Phase: Ai(3)-Drana Vampires' Combat Damage Step
Phase: Ai(3)-Drana Vampires' End of Combat Step
Phase: Ai(3)-Drana Vampires' Main phase, postcombat
Mana: Swamp (282) - {T}: Add {B}.
Mana: Swamp (296) - {T}: Add {B}.
Add To Stack: Ai(3)-Drana Vampires cast Mind Stone
Resolve Stack: Mind Stone
Phase: Ai(3)-Drana Vampires' End step
Phase: Ai(3)-Drana Vampires' Cleanup step
Turn: Turn 8 (Ai(4)-Kilo Helm Final)
Phase: Ai(4)-Kilo Helm Final's Untap step
Phase: Ai(4)-Kilo Helm Final's Upkeep step
Phase: Ai(4)-Kilo Helm Final's Draw step
Phase: Ai(4)-Kilo Helm Final's Main phase, precombat
Land: Ai(4)-Kilo Helm Final played Academy Ruins (355)
Phase: Ai(4)-Kilo Helm Final's Beginning of Combat Step
Phase: Ai(4)-Kilo Helm Final's Declare Attackers Step
Phase: Ai(4)-Kilo Helm Final's Declare Blockers Step
Phase: Ai(4)-Kilo Helm Final's First Strike Damage Step
Phase: Ai(4)-Kilo Helm Final's Combat Damage Step
Phase: Ai(4)-Kilo Helm Final's End of Combat Step
Phase: Ai(4)-Kilo Helm Final's Main phase, postcombat
Mana: Sulfur Falls (320) - {T}: Add {U} or {R}.
Mana: Academy Ruins (355) - {T}: Add {C}.
Add To Stack: Ai(4)-Kilo Helm Final cast Hangarback Walker
Replacement Effect: Hangarback Walker enters with X +1/+1 counters on it.
Resolve Stack: Hangarback Walker - Creature 0 / 0 (X=1)
Phase: Ai(4)-Kilo Helm Final's End step
Phase: Ai(4)-Kilo Helm Final's Cleanup step
Turn: Turn 9 (Ai(1)-Wilhelt Zombies B3)
Phase: Ai(1)-Wilhelt Zombies B3's Untap step
Phase: Ai(1)-Wilhelt Zombies B3's Upkeep step
Phase: Ai(1)-Wilhelt Zombies B3's Draw step
Phase: Ai(1)-Wilhelt Zombies B3's Main phase, precombat
Phase: Ai(1)-Wilhelt Zombies B3's Beginning of Combat Step
Phase: Ai(1)-Wilhelt Zombies B3's Declare Attackers Step
Phase: Ai(1)-Wilhelt Zombies B3's Declare Blockers Step
Phase: Ai(1)-Wilhelt Zombies B3's First Strike Damage Step
Phase: Ai(1)-Wilhelt Zombies B3's Combat Damage Step
Phase: Ai(1)-Wilhelt Zombies B3's End of Combat Step
Phase: Ai(1)-Wilhelt Zombies B3's Main phase, postcombat
Land: Ai(1)-Wilhelt Zombies B3 played Island (45)
Mana: Swamp (71) - {T}: Add {B}.
Mana: Island (45) - {T}: Add {U}.
Mana: Temple of Deceit (11) - {T}: Add {U} or {B}.
Mana: Arcane Signet (93) - {T}: Add one mana of any color in your commander's color identity.
Add To Stack: Ai(1)-Wilhelt Zombies B3 cast Wilhelt, the Rotcleaver
Resolve Stack: Wilhelt, the Rotcleaver - Creature 3 / 3
Phase: Ai(1)-Wilhelt Zombies B3's End step
Add To Stack: Ai(1)-Wilhelt Zombies B3 triggered Wilhelt, the Rotcleaver
Resolve Stack: At the beginning of your end step, you may sacrifice a Zombie. If you do, draw a card. [Phase: Ai(1)-Wilhelt Zombies B3]
Phase: Ai(1)-Wilhelt Zombies B3's Cleanup step
Turn: Turn 10 (Ai(2)-Wyleth Voltron B3)
Phase: Ai(2)-Wyleth Voltron B3's Untap step
Phase: Ai(2)-Wyleth Voltron B3's Upkeep step
Phase: Ai(2)-Wyleth Voltron B3's Draw step
Phase: Ai(2)-Wyleth Voltron B3's Main phase, precombat
Replacement Effect: Clifftop Retreat enters tapped unless you control a Mountain or a Plains.
Land: Ai(2)-Wyleth Voltron B3 played Clifftop Retreat (128)
Phase: Ai(2)-Wyleth Voltron B3's Beginning of Combat Step
Phase: Ai(2)-Wyleth Voltron B3's Declare Attackers Step
Phase: Ai(2)-Wyleth Voltron B3's Declare Blockers Step
Phase: Ai(2)-Wyleth Voltron B3's First Strike Damage Step
Phase: Ai(2)-Wyleth Voltron B3's Combat Damage Step
Phase: Ai(2)-Wyleth Voltron B3's End of Combat Step
Phase: Ai(2)-Wyleth Voltron B3's Main phase, postcombat
Phase: Ai(2)-Wyleth Voltron B3's End step
Phase: Ai(2)-Wyleth Voltron B3's Cleanup step
Turn: Turn 11 (Ai(3)-Drana Vampires)
Phase: Ai(3)-Drana Vampires' Untap step
Phase: Ai(3)-Drana Vampires' Upkeep step
Phase: Ai(3)-Drana Vampires' Draw step
Mana: Swamp (282) - {T}: Add {B}.
Mana: Swamp (296) - {T}: Add {B}.
Add To Stack: Ai(3)-Drana Vampires cast Victim of Night targeting [Hangarback Walker (372)]
Zone Change: Hangarback Walker (372) was put into Graveyard from Battlefield.
Resolve Stack: Victim of Night (217) - Destroy Hangarback Walker (372).
Add To Stack: Ai(4)-Kilo Helm Final triggered Hangarback Walker
Resolve Stack: When Hangarback Walker dies, create a 1/1 colorless Thopter artifact creature token with flying for each +1/+1 counter on Hangarback Walker. [Zone Changer: Hangarback Walker (372)]
Phase: Ai(3)-Drana Vampires' Main phase, precombat
Land: Ai(3)-Drana Vampires played Swamp (280)
Phase: Ai(3)-Drana Vampires' Beginning of Combat Step
Phase: Ai(3)-Drana Vampires' Declare Attackers Step
Phase: Ai(3)-Drana Vampires' Declare Blockers Step
Phase: Ai(3)-Drana Vampires' First Strike Damage Step
Phase: Ai(3)-Drana Vampires' Combat Damage Step
Phase: Ai(3)-Drana Vampires' End of Combat Step
Phase: Ai(3)-Drana Vampires' Main phase, postcombat
Phase: Ai(3)-Drana Vampires' End step
Phase: Ai(3)-Drana Vampires' Cleanup step
Turn: Turn 12 (Ai(4)-Kilo Helm Final)
Phase: Ai(4)-Kilo Helm Final's Untap step
Phase: Ai(4)-Kilo Helm Final's Upkeep step
Phase: Ai(4)-Kilo Helm Final's Draw step
Phase: Ai(4)-Kilo Helm Final's Main phase, precombat
Land: Ai(4)-Kilo Helm Final played Plains (358)
Phase: Ai(4)-Kilo Helm Final's Beginning of Combat Step
Phase: Ai(4)-Kilo Helm Final's Declare Attackers Step
Combat: Ai(4)-Kilo Helm Final assigned Thopter Token (410) to attack Ai(1)-Wilhelt Zombies B3.
Phase: Ai(4)-Kilo Helm Final's Declare Blockers Step
Combat: Ai(1)-Wilhelt Zombies B3 didn't block Thopter Token (410).
Phase: Ai(4)-Kilo Helm Final's First Strike Damage Step
Phase: Ai(4)-Kilo Helm Final's Combat Damage Step
Damage: Thopter Token (410) deals 1 combat damage to Ai(1)-Wilhelt Zombies B3.
Life: Life: Ai(1)-Wilhelt Zombies B3 40 > 39
Phase: Ai(4)-Kilo Helm Final's End of Combat Step
Phase: Ai(4)-Kilo Helm Final's Main phase, postcombat
Phase: Ai(4)-Kilo Helm Final's End step
Phase: Ai(4)-Kilo Helm Final's Cleanup step
Turn: Turn 13 (Ai(1)-Wilhelt Zombies B3)
Phase: Ai(1)-Wilhelt Zombies B3's Untap step
Phase: Ai(1)-Wilhelt Zombies B3's Upkeep step
Phase: Ai(1)-Wilhelt Zombies B3's Draw step
Phase: Ai(1)-Wilhelt Zombies B3's Main phase, precombat
Land: Ai(1)-Wilhelt Zombies B3 played Island (41)
Phase: Ai(1)-Wilhelt Zombies B3's Beginning of Combat Step
Phase: Ai(1)-Wilhelt Zombies B3's Declare Attackers Step
Combat: Ai(1)-Wilhelt Zombies B3 assigned Wilhelt, the Rotcleaver (99) to attack Ai(4)-Kilo Helm Final.
Phase: Ai(1)-Wilhelt Zombies B3's Declare Blockers Step
Combat: Ai(4)-Kilo Helm Final didn't block Wilhelt, the Rotcleaver (99).
Phase: Ai(1)-Wilhelt Zombies B3's First Strike Damage Step
Phase: Ai(1)-Wilhelt Zombies B3's Combat Damage Step
Damage: Wilhelt, the Rotcleaver (99) deals 3 combat damage to Ai(4)-Kilo Helm Final.
Life: Life: Ai(4)-Kilo Helm Final 40 > 37
Phase: Ai(1)-Wilhelt Zombies B3's End of Combat Step
Phase: Ai(1)-Wilhelt Zombies B3's Main phase, postcombat
Mana: Swamp (71) - {T}: Add {B}.
Mana: Temple of Deceit (11) - {T}: Add {U} or {B}.
Mana: Island (45) - {T}: Add {U}.
Mana: Island (41) - {T}: Add {U}.
Mana: Arcane Signet (93) - {T}: Add one mana of any color in your commander's color identity.
Add To Stack: Ai(1)-Wilhelt Zombies B3 cast From Under the Floorboards
Life: Life: Ai(1)-Wilhelt Zombies B3 39 > 42
Resolve Stack: From Under the Floorboards (33) - Ai(1)-Wilhelt Zombies B3 creates three tapped 2/2 black Zombie creature tokens and you gain 3 life. If From Under the Floorboards's madness cost was paid, instead create X of those tokens and you gain X life. Ai(1)-Wilhelt Zombies B3 gains 3 life.
Phase: Ai(1)-Wilhelt Zombies B3's End step
Add To Stack: Ai(1)-Wilhelt Zombies B3 triggered Wilhelt, the Rotcleaver
Mana: Plains (358) - {T}: Add {W}.
Mana: Sulfur Falls (320) - {T}: Add {U} or {R}.
Discard: Ai(4)-Kilo Helm Final discards Angel of the Ruins (307).
Add To Stack: Ai(4)-Kilo Helm Final activated Angel of the Ruins
Resolve Stack: Angel of the Ruins (307) - Ai(4)-Kilo Helm Final searches their library for a Plains card, reveals it, puts it into their hand, then shuffles.
Resolve Stack: At the beginning of your end step, you may sacrifice a Zombie. If you do, draw a card. [Phase: Ai(1)-Wilhelt Zombies B3]
Phase: Ai(1)-Wilhelt Zombies B3's Cleanup step
Turn: Turn 14 (Ai(2)-Wyleth Voltron B3)
Phase: Ai(2)-Wyleth Voltron B3's Untap step
Phase: Ai(2)-Wyleth Voltron B3's Upkeep step
Phase: Ai(2)-Wyleth Voltron B3's Draw step
Phase: Ai(2)-Wyleth Voltron B3's Main phase, precombat
Land: Ai(2)-Wyleth Voltron B3 played Mountain (178)
Phase: Ai(2)-Wyleth Voltron B3's Beginning of Combat Step
Phase: Ai(2)-Wyleth Voltron B3's Declare Attackers Step
Phase: Ai(2)-Wyleth Voltron B3's Declare Blockers Step
Phase: Ai(2)-Wyleth Voltron B3's First Strike Damage Step
Phase: Ai(2)-Wyleth Voltron B3's Combat Damage Step
Phase: Ai(2)-Wyleth Voltron B3's End of Combat Step
Phase: Ai(2)-Wyleth Voltron B3's Main phase, postcombat
Mana: Command Tower (113) - {T}: Add one mana of any color in your commander's color identity.
Mana: Mountain (178) - {T}: Add {R}.
Mana: Clifftop Retreat (128) - {T}: Add {R} or {W}.
Add To Stack: Ai(2)-Wyleth Voltron B3 cast Wyleth, Soul of Steel
Resolve Stack: Wyleth, Soul of Steel - Creature 2 / 2
Phase: Ai(2)-Wyleth Voltron B3's End step
Phase: Ai(2)-Wyleth Voltron B3's Cleanup step
Turn: Turn 15 (Ai(3)-Drana Vampires)
Phase: Ai(3)-Drana Vampires' Untap step
Phase: Ai(3)-Drana Vampires' Upkeep step
Phase: Ai(3)-Drana Vampires' Draw step
Phase: Ai(3)-Drana Vampires' Main phase, precombat
Land: Ai(3)-Drana Vampires played Swamp (278)
Mana: Swamp (282) - {T}: Add {B}.
Mana: Swamp (296) - {T}: Add {B}.
Mana: Swamp (280) - {T}: Add {B}.
Add To Stack: Ai(3)-Drana Vampires cast Underworld Connections targeting [Swamp (282)]
Resolve Stack: Underworld Connections (248) -  Attach to Swamp (282)
Phase: Ai(3)-Drana Vampires' Beginning of Combat Step
Phase: Ai(3)-Drana Vampires' Declare Attackers Step
Phase: Ai(3)-Drana Vampires' Declare Blockers Step
Phase: Ai(3)-Drana Vampires' First Strike Damage Step
Phase: Ai(3)-Drana Vampires' Combat Damage Step
Phase: Ai(3)-Drana Vampires' End of Combat Step
Phase: Ai(3)-Drana Vampires' Main phase, postcombat
Phase: Ai(3)-Drana Vampires' End step
Phase: Ai(3)-Drana Vampires' Cleanup step
Turn: Turn 16 (Ai(4)-Kilo Helm Final)
Phase: Ai(4)-Kilo Helm Final's Untap step
Phase: Ai(4)-Kilo Helm Final's Upkeep step
Phase: Ai(4)-Kilo Helm Final's Draw step
Phase: Ai(4)-Kilo Helm Final's Main phase, precombat
Land: Ai(4)-Kilo Helm Final played Inventors' Fair (304)
Phase: Ai(4)-Kilo Helm Final's Beginning of Combat Step
Phase: Ai(4)-Kilo Helm Final's Declare Attackers Step
Combat: Ai(4)-Kilo Helm Final assigned Thopter Token (410) to attack Ai(1)-Wilhelt Zombies B3.
Phase: Ai(4)-Kilo Helm Final's Declare Blockers Step
Combat: Ai(1)-Wilhelt Zombies B3 didn't block Thopter Token (410).
Phase: Ai(4)-Kilo Helm Final's First Strike Damage Step
Phase: Ai(4)-Kilo Helm Final's Combat Damage Step
Damage: Thopter Token (410) deals 1 combat damage to Ai(1)-Wilhelt Zombies B3.
Life: Life: Ai(1)-Wilhelt Zombies B3 42 > 41
Phase: Ai(4)-Kilo Helm Final's End of Combat Step
Phase: Ai(4)-Kilo Helm Final's Main phase, postcombat
Phase: Ai(4)-Kilo Helm Final's End step
Phase: Ai(4)-Kilo Helm Final's Cleanup step
Turn: Turn 17 (Ai(1)-Wilhelt Zombies B3)
Phase: Ai(1)-Wilhelt Zombies B3's Untap step
Phase: Ai(1)-Wilhelt Zombies B3's Upkeep step
Phase: Ai(1)-Wilhelt Zombies B3's Draw step
Phase: Ai(1)-Wilhelt Zombies B3's Main phase, precombat
Phase: Ai(1)-Wilhelt Zombies B3's Beginning of Combat Step
Phase: Ai(1)-Wilhelt Zombies B3's Declare Attackers Step
Combat: Ai(1)-Wilhelt Zombies B3 assigned Wilhelt, the Rotcleaver (99), Zombie Token (415), Zombie Token (416) and Zombie Token (417) to attack Ai(2)-Wyleth Voltron B3.
Phase: Ai(1)-Wilhelt Zombies B3's Declare Blockers Step
Combat: Ai(2)-Wyleth Voltron B3 didn't block Wilhelt, the Rotcleaver (99).
Ai(2)-Wyleth Voltron B3 didn't block Zombie Token (415).
Ai(2)-Wyleth Voltron B3 didn't block Zombie Token (416).
Ai(2)-Wyleth Voltron B3 didn't block Zombie Token (417).
Phase: Ai(1)-Wilhelt Zombies B3's First Strike Damage Step
Phase: Ai(1)-Wilhelt Zombies B3's Combat Damage Step
Damage: Wilhelt, the Rotcleaver (99) deals 3 combat damage to Ai(2)-Wyleth Voltron B3.
Damage: Zombie Token (415) deals 2 combat damage to Ai(2)-Wyleth Voltron B3.
Damage: Zombie Token (416) deals 2 combat damage to Ai(2)-Wyleth Voltron B3.
Damage: Zombie Token (417) deals 2 combat damage to Ai(2)-Wyleth Voltron B3.
Life: Life: Ai(2)-Wyleth Voltron B3 40 > 31
Phase: Ai(1)-Wilhelt Zombies B3's End of Combat Step
Phase: Ai(1)-Wilhelt Zombies B3's Main phase, postcombat
Land: Ai(1)-Wilhelt Zombies B3 played Swamp (76)
Mana: Swamp (71) - {T}: Add {B}.
Mana: Island (45) - {T}: Add {U}.
Mana: Island (41) - {T}: Add {U}.
Add To Stack: Ai(1)-Wilhelt Zombies B3 cast Gleaming Overseer
Resolve Stack: Gleaming Overseer - Creature 1 / 4
Add To Stack: Ai(1)-Wilhelt Zombies B3 triggered Gleaming Overseer
Resolve Stack: When Gleaming Overseer enters, amass Zombies 1. (Put a +1/+1 counter on an Army you control. If you don't control one, create a 0/0 black Zombie Army creature token first.) [Zone Changer: Gleaming Overseer (29)]
Phase: Ai(1)-Wilhelt Zombies B3's End step
Add To Stack: Ai(1)-Wilhelt Zombies B3 triggered Wilhelt, the Rotcleaver
Resolve Stack: At the beginning of your end step, you may sacrifice a Zombie. If you do, draw a card. [Phase: Ai(1)-Wilhelt Zombies B3]
Phase: Ai(1)-Wilhelt Zombies B3's Cleanup step
Turn: Turn 18 (Ai(2)-Wyleth Voltron B3)
Phase: Ai(2)-Wyleth Voltron B3's Untap step
Phase: Ai(2)-Wyleth Voltron B3's Upkeep step
Phase: Ai(2)-Wyleth Voltron B3's Draw step
Phase: Ai(2)-Wyleth Voltron B3's Main phase, precombat
Land: Ai(2)-Wyleth Voltron B3 played Plains (156)
Mana: Mountain (178) - {T}: Add {R}.
Mana: Plains (156) - {T}: Add {W}.
Add To Stack: Ai(2)-Wyleth Voltron B3 activated Shadowspear targeting [Wyleth, Soul of Steel (200)]
Resolve Stack: Shadowspear (110) -  Attach to Wyleth, Soul of Steel (200)
Phase: Ai(2)-Wyleth Voltron B3's Beginning of Combat Step
Phase: Ai(2)-Wyleth Voltron B3's Declare Attackers Step
Combat: Ai(2)-Wyleth Voltron B3 assigned Wyleth, Soul of Steel (200) to attack Ai(1)-Wilhelt Zombies B3.
Add To Stack: Ai(2)-Wyleth Voltron B3 triggered Wyleth, Soul of Steel
Resolve Stack: Whenever Wyleth, Soul of Steel attacks, draw a card for each Aura and Equipment attached to it. [Attacker: Wyleth, Soul of Steel (200)]
Phase: Ai(2)-Wyleth Voltron B3's Declare Blockers Step
Combat: Ai(1)-Wilhelt Zombies B3 assigned Gleaming Overseer (29) to block Wyleth, Soul of Steel (200).
Phase: Ai(2)-Wyleth Voltron B3's First Strike Damage Step
Phase: Ai(2)-Wyleth Voltron B3's Combat Damage Step
Damage: Wyleth, Soul of Steel (200) deals 3 damage to Gleaming Overseer (29).
Life: Life: Ai(2)-Wyleth Voltron B3 31 > 34
Damage: Gleaming Overseer (29) deals 1 damage to Wyleth, Soul of Steel (200).
Phase: Ai(2)-Wyleth Voltron B3's End of Combat Step
Phase: Ai(2)-Wyleth Voltron B3's Main phase, postcombat
Mana: Command Tower (113) - {T}: Add one mana of any color in your commander's color identity.
Mana: Clifftop Retreat (128) - {T}: Add {R} or {W}.
Add To Stack: Ai(2)-Wyleth Voltron B3 cast Auriok Steelshaper
Resolve Stack: Auriok Steelshaper - Creature 1 / 1
Phase: Ai(2)-Wyleth Voltron B3's End step
Phase: Ai(2)-Wyleth Voltron B3's Cleanup step
Turn: Turn 19 (Ai(3)-Drana Vampires)
Phase: Ai(3)-Drana Vampires' Untap step
Phase: Ai(3)-Drana Vampires' Upkeep step
Phase: Ai(3)-Drana Vampires' Draw step
Phase: Ai(3)-Drana Vampires' Main phase, precombat
Land: Ai(3)-Drana Vampires played Swamp (254)
Phase: Ai(3)-Drana Vampires' Beginning of Combat Step
Phase: Ai(3)-Drana Vampires' Declare Attackers Step
Phase: Ai(3)-Drana Vampires' Declare Blockers Step
Phase: Ai(3)-Drana Vampires' First Strike Damage Step
Phase: Ai(3)-Drana Vampires' Combat Damage Step
Phase: Ai(3)-Drana Vampires' End of Combat Step
Phase: Ai(3)-Drana Vampires' Main phase, postcombat
Life: Life: Ai(3)-Drana Vampires 40 > 39
Add To Stack: Ai(3)-Drana Vampires activated Swamp
Resolve Stack: Swamp (282) - Ai(3)-Drana Vampires draws a card.
Mana: Swamp (296) - {T}: Add {B}.
Mana: Swamp (280) - {T}: Add {B}.
Mana: Swamp (278) - {T}: Add {B}.
Add To Stack: Ai(3)-Drana Vampires cast Drana, Liberator of Malakir
Resolve Stack: Drana, Liberator of Malakir - Creature 2 / 3
Phase: Ai(3)-Drana Vampires' End step
Mana: Sulfur Falls (320) - {T}: Add {U} or {R}.
Mana: Plains (358) - {T}: Add {W}.
Add To Stack: Ai(4)-Kilo Helm Final activated Academy Ruins targeting [Angel of the Ruins (307)]
Resolve Stack: Academy Ruins (355) - Put Angel of the Ruins (307) from the graveyard on top of its owner's library.
Phase: Ai(3)-Drana Vampires' Cleanup step
Turn: Turn 20 (Ai(4)-Kilo Helm Final)
Phase: Ai(4)-Kilo Helm Final's Untap step
Phase: Ai(4)-Kilo Helm Final's Upkeep step
Phase: Ai(4)-Kilo Helm Final's Draw step
Phase: Ai(4)-Kilo Helm Final's Main phase, precombat
Land: Ai(4)-Kilo Helm Final played Great Furnace (398)
Mana: Plains (358) - {T}: Add {W}.
Mana: Sulfur Falls (320) - {T}: Add {U} or {R}.
Mana: Great Furnace (398) - {T}: Add {R}.
Add To Stack: Ai(4)-Kilo Helm Final cast Kilo, Apogee Mind
Resolve Stack: Kilo, Apogee Mind - Creature 3 / 3
Phase: Ai(4)-Kilo Helm Final's Beginning of Combat Step
Phase: Ai(4)-Kilo Helm Final's Declare Attackers Step
Combat: Ai(4)-Kilo Helm Final assigned Thopter Token (410) to attack Ai(1)-Wilhelt Zombies B3.
Phase: Ai(4)-Kilo Helm Final's Declare Blockers Step
Combat: Ai(1)-Wilhelt Zombies B3 didn't block Thopter Token (410).
Phase: Ai(4)-Kilo Helm Final's First Strike Damage Step
Phase: Ai(4)-Kilo Helm Final's Combat Damage Step
Damage: Thopter Token (410) deals 1 combat damage to Ai(1)-Wilhelt Zombies B3.
Life: Life: Ai(1)-Wilhelt Zombies B3 41 > 40
Phase: Ai(4)-Kilo Helm Final's End of Combat Step
Phase: Ai(4)-Kilo Helm Final's Main phase, postcombat
Phase: Ai(4)-Kilo Helm Final's End step
Phase: Ai(4)-Kilo Helm Final's Cleanup step
Turn: Turn 21 (Ai(1)-Wilhelt Zombies B3)
Phase: Ai(1)-Wilhelt Zombies B3's Untap step
Phase: Ai(1)-Wilhelt Zombies B3's Upkeep step
Phase: Ai(1)-Wilhelt Zombies B3's Draw step
Phase: Ai(1)-Wilhelt Zombies B3's Main phase, precombat
Phase: Ai(1)-Wilhelt Zombies B3's Beginning of Combat Step
Phase: Ai(1)-Wilhelt Zombies B3's Declare Attackers Step
Combat: Ai(1)-Wilhelt Zombies B3 assigned Wilhelt, the Rotcleaver (99) to attack Ai(3)-Drana Vampires.
Phase: Ai(1)-Wilhelt Zombies B3's Declare Blockers Step
Combat: Ai(3)-Drana Vampires didn't block Wilhelt, the Rotcleaver (99).
Phase: Ai(1)-Wilhelt Zombies B3's First Strike Damage Step
Phase: Ai(1)-Wilhelt Zombies B3's Combat Damage Step
Damage: Wilhelt, the Rotcleaver (99) deals 3 combat damage to Ai(3)-Drana Vampires.
Life: Life: Ai(3)-Drana Vampires 39 > 36
Phase: Ai(1)-Wilhelt Zombies B3's End of Combat Step
Phase: Ai(1)-Wilhelt Zombies B3's Main phase, postcombat
Land: Ai(1)-Wilhelt Zombies B3 played Island (50)
Phase: Ai(1)-Wilhelt Zombies B3's End step
Add To Stack: Ai(1)-Wilhelt Zombies B3 triggered Wilhelt, the Rotcleaver
Resolve Stack: At the beginning of your end step, you may sacrifice a Zombie. If you do, draw a card. [Phase: Ai(1)-Wilhelt Zombies B3]
Phase: Ai(1)-Wilhelt Zombies B3's Cleanup step
Turn: Turn 22 (Ai(2)-Wyleth Voltron B3)
Phase: Ai(2)-Wyleth Voltron B3's Untap step
Phase: Ai(2)-Wyleth Voltron B3's Upkeep step
Phase: Ai(2)-Wyleth Voltron B3's Draw step
Phase: Ai(2)-Wyleth Voltron B3's Main phase, precombat
Land: Ai(2)-Wyleth Voltron B3 played Mountain (177)
Phase: Ai(2)-Wyleth Voltron B3's Beginning of Combat Step
Phase: Ai(2)-Wyleth Voltron B3's Declare Attackers Step
Combat: Ai(2)-Wyleth Voltron B3 assigned Wyleth, Soul of Steel (200) to attack Ai(1)-Wilhelt Zombies B3.
Add To Stack: Ai(2)-Wyleth Voltron B3 triggered Wyleth, Soul of Steel
Resolve Stack: Whenever Wyleth, Soul of Steel attacks, draw a card for each Aura and Equipment attached to it. [Attacker: Wyleth, Soul of Steel (200)]
Phase: Ai(2)-Wyleth Voltron B3's Declare Blockers Step
Combat: Ai(1)-Wilhelt Zombies B3 assigned Gleaming Overseer (29) to block Wyleth, Soul of Steel (200).
Phase: Ai(2)-Wyleth Voltron B3's First Strike Damage Step
Phase: Ai(2)-Wyleth Voltron B3's Combat Damage Step
Damage: Wyleth, Soul of Steel (200) deals 3 damage to Gleaming Overseer (29).
Life: Life: Ai(2)-Wyleth Voltron B3 34 > 37
Damage: Gleaming Overseer (29) deals 1 damage to Wyleth, Soul of Steel (200).
Phase: Ai(2)-Wyleth Voltron B3's End of Combat Step
Phase: Ai(2)-Wyleth Voltron B3's Main phase, postcombat
Mana: Plains (156) - {T}: Add {W}.
Mana: Command Tower (113) - {T}: Add one mana of any color in your commander's color identity.
Mana: Mountain (178) - {T}: Add {R}.
Mana: Mountain (177) - {T}: Add {R}.
Add To Stack: Ai(2)-Wyleth Voltron B3 cast Balan, Wandering Knight
Resolve Stack: Balan, Wandering Knight - Creature 3 / 3
Phase: Ai(2)-Wyleth Voltron B3's End step
Phase: Ai(2)-Wyleth Voltron B3's Cleanup step
Turn: Turn 23 (Ai(3)-Drana Vampires)
Phase: Ai(3)-Drana Vampires' Untap step
Phase: Ai(3)-Drana Vampires' Upkeep step
Phase: Ai(3)-Drana Vampires' Draw step
Phase: Ai(3)-Drana Vampires' Main phase, precombat
Land: Ai(3)-Drana Vampires played Swamp (293)
Phase: Ai(3)-Drana Vampires' Beginning of Combat Step
Phase: Ai(3)-Drana Vampires' Declare Attackers Step
Combat: Ai(3)-Drana Vampires assigned Drana, Liberator of Malakir (301) to attack Ai(1)-Wilhelt Zombies B3.
Phase: Ai(3)-Drana Vampires' Declare Blockers Step
Combat: Ai(1)-Wilhelt Zombies B3 didn't block Drana, Liberator of Malakir (301).
Phase: Ai(3)-Drana Vampires' First Strike Damage Step
Damage: Drana, Liberator of Malakir (301) deals 2 combat damage to Ai(1)-Wilhelt Zombies B3.
Life: Life: Ai(1)-Wilhelt Zombies B3 40 > 38
Add To Stack: Ai(3)-Drana Vampires triggered Drana, Liberator of Malakir
Resolve Stack: Whenever Drana, Liberator of Malakir deals combat damage to a player, put a +1/+1 counter on each attacking creature you control. [Damage Source: Drana, Liberator of Malakir (301), Damaged: Ai(1)-Wilhelt Zombies B3, Amount: 2]
Phase: Ai(3)-Drana Vampires' Combat Damage Step
Phase: Ai(3)-Drana Vampires' End of Combat Step
Phase: Ai(3)-Drana Vampires' Main phase, postcombat
Life: Life: Ai(3)-Drana Vampires 36 > 35
Add To Stack: Ai(3)-Drana Vampires activated Swamp
Resolve Stack: Swamp (282) - Ai(3)-Drana Vampires draws a card.
Mana: Swamp (296) - {T}: Add {B}.
Mana: Swamp (280) - {T}: Add {B}.
Mana: Swamp (278) - {T}: Add {B}.
Mana: Swamp (254) - {T}: Add {B}.
Add To Stack: Ai(3)-Drana Vampires cast Kalitas, Traitor of Ghet
Resolve Stack: Kalitas, Traitor of Ghet - Creature 3 / 4
Mana: Swamp (293) - {T}: Add {B}.
Mana: Mind Stone (205) - {T}: Add {C}.
Add To Stack: Ai(3)-Drana Vampires cast Feast of Blood targeting [Wilhelt, the Rotcleaver (99)]
Mana: Swamp (71) - {T}: Add {B}.
Zone Change: Zombie Army Token (421) was put into Graveyard from Battlefield.
Add To Stack: Ai(1)-Wilhelt Zombies B3 cast Village Rites
Add To Stack: Ai(1)-Wilhelt Zombies B3 triggered Wilhelt, the Rotcleaver
Resolve Stack: Whenever another Zombie you control dies, if it didn't have decayed, create a 2/2 black Zombie creature token with decayed. (It can't block. When it attacks, sacrifice it at end of combat.) [Zone Changer: Zombie Army Token (421)]
Resolve Stack: Village Rites (58) - Ai(1)-Wilhelt Zombies B3 draws two cards.
Zone Change: Wilhelt, the Rotcleaver (99) was put into Exile from Battlefield.
Replacement Effect: If a nontoken creature an opponent controls would die, instead exile that card and create a 2/2 black Zombie creature token.
Life: Life: Ai(3)-Drana Vampires 35 > 39
Resolve Stack: Feast of Blood (227) - Destroy Wilhelt, the Rotcleaver (99). Ai(3)-Drana Vampires gains 4 life.
Phase: Ai(3)-Drana Vampires' End step
Phase: Ai(3)-Drana Vampires' Cleanup step
Turn: Turn 24 (Ai(4)-Kilo Helm Final)
Phase: Ai(4)-Kilo Helm Final's Untap step
Phase: Ai(4)-Kilo Helm Final's Upkeep step
Add To Stack: Ai(4)-Kilo Helm Final triggered Inventors' Fair
Life: Life: Ai(4)-Kilo Helm Final 37 > 38
Resolve Stack: At the beginning of your upkeep, if you control three or more artifacts, you gain 1 life. [Phase: Ai(4)-Kilo Helm Final]
Phase: Ai(4)-Kilo Helm Final's Draw step
Phase: Ai(4)-Kilo Helm Final's Main phase, precombat
Replacement Effect: This land enters tapped unless you control two or more basic lands.
Land: Ai(4)-Kilo Helm Final played Radiant Summit (322)
Phase: Ai(4)-Kilo Helm Final's Beginning of Combat Step
Phase: Ai(4)-Kilo Helm Final's Declare Attackers Step
Combat: Ai(4)-Kilo Helm Final assigned Thopter Token (410) to attack Ai(1)-Wilhelt Zombies B3.
Phase: Ai(4)-Kilo Helm Final's Declare Blockers Step
Combat: Ai(1)-Wilhelt Zombies B3 didn't block Thopter Token (410).
Phase: Ai(4)-Kilo Helm Final's First Strike Damage Step
Phase: Ai(4)-Kilo Helm Final's Combat Damage Step
Damage: Thopter Token (410) deals 1 combat damage to Ai(1)-Wilhelt Zombies B3.
Life: Life: Ai(1)-Wilhelt Zombies B3 38 > 37
Phase: Ai(4)-Kilo Helm Final's End of Combat Step
Phase: Ai(4)-Kilo Helm Final's Main phase, postcombat
Mana: Sulfur Falls (320) - {T}: Add {U} or {R}.
Mana: Great Furnace (398) - {T}: Add {R}.
Mana: Plains (358) - {T}: Add {W}.
Mana: Academy Ruins (355) - {T}: Add {C}.
Add To Stack: Ai(4)-Kilo Helm Final cast Jhoira, Weatherlight Captain
Resolve Stack: Jhoira, Weatherlight Captain - Creature 3 / 3
Phase: Ai(4)-Kilo Helm Final's End step
Phase: Ai(4)-Kilo Helm Final's Cleanup step
Turn: Turn 25 (Ai(1)-Wilhelt Zombies B3)
Phase: Ai(1)-Wilhelt Zombies B3's Untap step
Phase: Ai(1)-Wilhelt Zombies B3's Upkeep step
Phase: Ai(1)-Wilhelt Zombies B3's Draw step
Phase: Ai(1)-Wilhelt Zombies B3's Main phase, precombat
Phase: Ai(1)-Wilhelt Zombies B3's Beginning of Combat Step
Phase: Ai(1)-Wilhelt Zombies B3's Declare Attackers Step
Phase: Ai(1)-Wilhelt Zombies B3's Declare Blockers Step
Phase: Ai(1)-Wilhelt Zombies B3's First Strike Damage Step
Phase: Ai(1)-Wilhelt Zombies B3's Combat Damage Step
Phase: Ai(1)-Wilhelt Zombies B3's End of Combat Step
Phase: Ai(1)-Wilhelt Zombies B3's Main phase, postcombat
Land: Ai(1)-Wilhelt Zombies B3 played Swamp (72)
Mana: Swamp (71) - {T}: Add {B}.
Mana: Island (45) - {T}: Add {U}.
Mana: Island (41) - {T}: Add {U}.
Mana: Island (50) - {T}: Add {U}.
Mana: Swamp (76) - {T}: Add {B}.
Mana: Swamp (72) - {T}: Add {B}.
Add To Stack: Ai(1)-Wilhelt Zombies B3 cast Wilhelt, the Rotcleaver
Resolve Stack: Wilhelt, the Rotcleaver - Creature 3 / 3
Mana: Temple of Deceit (11) - {T}: Add {U} or {B}.
Mana: Arcane Signet (93) - {T}: Add one mana of any color in your commander's color identity.
Add To Stack: Ai(1)-Wilhelt Zombies B3 cast Sign in Blood targeting [Ai(1)-Wilhelt Zombies B3]
Life: Life: Ai(1)-Wilhelt Zombies B3 37 > 35
Resolve Stack: Sign in Blood (59) - Ai(1)-Wilhelt Zombies B3 draws two cards. Ai(1)-Wilhelt Zombies B3 loses 2 life.
Phase: Ai(1)-Wilhelt Zombies B3's End step
Add To Stack: Ai(1)-Wilhelt Zombies B3 triggered Wilhelt, the Rotcleaver
Resolve Stack: At the beginning of your end step, you may sacrifice a Zombie. If you do, draw a card. [Phase: Ai(1)-Wilhelt Zombies B3]
Phase: Ai(1)-Wilhelt Zombies B3's Cleanup step
Turn: Turn 26 (Ai(2)-Wyleth Voltron B3)
Phase: Ai(2)-Wyleth Voltron B3's Untap step
Phase: Ai(2)-Wyleth Voltron B3's Upkeep step
Phase: Ai(2)-Wyleth Voltron B3's Draw step
Phase: Ai(2)-Wyleth Voltron B3's Main phase, precombat
Land: Ai(2)-Wyleth Voltron B3 played Plains (154)
Mana: Plains (156) - {T}: Add {W}.
Mana: Mountain (178) - {T}: Add {R}.
Mana: Mountain (177) - {T}: Add {R}.
Add To Stack: Ai(2)-Wyleth Voltron B3 cast Maul of the Skyclaves
Resolve Stack: Maul of the Skyclaves
Add To Stack: Ai(2)-Wyleth Voltron B3 triggered Maul of the Skyclaves targeting [Auriok Steelshaper (117)]
Resolve Stack: When Maul of the Skyclaves enters, attach it to target creature you control. (Targeting: [[Auriok Steelshaper (117)]]) [Zone Changer: Maul of the Skyclaves (138)]
Mana: Plains (154) - {T}: Add {W}.
Mana: Command Tower (113) - {T}: Add one mana of any color in your commander's color identity.
Add To Stack: Ai(2)-Wyleth Voltron B3 activated Balan, Wandering Knight
Resolve Stack: Balan, Wandering Knight (101) - {1}{W}: Attach all Equipment you control to Balan.
Phase: Ai(2)-Wyleth Voltron B3's Beginning of Combat Step
Phase: Ai(2)-Wyleth Voltron B3's Declare Attackers Step
Combat: Ai(2)-Wyleth Voltron B3 assigned Balan, Wandering Knight (101) to attack Ai(1)-Wilhelt Zombies B3.
Phase: Ai(2)-Wyleth Voltron B3's Declare Blockers Step
Combat: Ai(1)-Wilhelt Zombies B3 didn't block Balan, Wandering Knight (101).
Phase: Ai(2)-Wyleth Voltron B3's First Strike Damage Step
Damage: Balan, Wandering Knight (101) deals 6 combat damage to Ai(1)-Wilhelt Zombies B3.
Life: Life: Ai(2)-Wyleth Voltron B3 37 > 43
Life: Life: Ai(1)-Wilhelt Zombies B3 35 > 29
Phase: Ai(2)-Wyleth Voltron B3's Combat Damage Step
Damage: Balan, Wandering Knight (101) deals 6 combat damage to Ai(1)-Wilhelt Zombies B3.
Life: Life: Ai(2)-Wyleth Voltron B3 43 > 49
Life: Life: Ai(1)-Wilhelt Zombies B3 29 > 23
Phase: Ai(2)-Wyleth Voltron B3's End of Combat Step
Phase: Ai(2)-Wyleth Voltron B3's Main phase, postcombat
Phase: Ai(2)-Wyleth Voltron B3's End step
Phase: Ai(2)-Wyleth Voltron B3's Cleanup step
Turn: Turn 27 (Ai(3)-Drana Vampires)
Phase: Ai(3)-Drana Vampires' Untap step
Phase: Ai(3)-Drana Vampires' Upkeep step
Phase: Ai(3)-Drana Vampires' Draw step
Phase: Ai(3)-Drana Vampires' Main phase, precombat
Land: Ai(3)-Drana Vampires played Swamp (262)
Phase: Ai(3)-Drana Vampires' Beginning of Combat Step
Phase: Ai(3)-Drana Vampires' Declare Attackers Step
Combat: Ai(3)-Drana Vampires assigned Drana, Liberator of Malakir (301) and Kalitas, Traitor of Ghet (253) to attack Ai(2)-Wyleth Voltron B3.
Phase: Ai(3)-Drana Vampires' Declare Blockers Step
Combat: Ai(2)-Wyleth Voltron B3 didn't block Drana, Liberator of Malakir (301).
Ai(2)-Wyleth Voltron B3 didn't block Kalitas, Traitor of Ghet (253).
Phase: Ai(3)-Drana Vampires' First Strike Damage Step
Damage: Drana, Liberator of Malakir (301) deals 3 combat damage to Ai(2)-Wyleth Voltron B3.
Life: Life: Ai(2)-Wyleth Voltron B3 49 > 46
Add To Stack: Ai(3)-Drana Vampires triggered Drana, Liberator of Malakir
Resolve Stack: Whenever Drana, Liberator of Malakir deals combat damage to a player, put a +1/+1 counter on each attacking creature you control. [Damage Source: Drana, Liberator of Malakir (301), Damaged: Ai(2)-Wyleth Voltron B3, Amount: 3]
Phase: Ai(3)-Drana Vampires' Combat Damage Step
Damage: Kalitas, Traitor of Ghet (253) deals 4 combat damage to Ai(2)-Wyleth Voltron B3.
Life: Life: Ai(3)-Drana Vampires 39 > 43
Life: Life: Ai(2)-Wyleth Voltron B3 46 > 42
Phase: Ai(3)-Drana Vampires' End of Combat Step
Phase: Ai(3)-Drana Vampires' Main phase, postcombat
Life: Life: Ai(3)-Drana Vampires 43 > 42
Add To Stack: Ai(3)-Drana Vampires activated Swamp
Resolve Stack: Swamp (282) - Ai(3)-Drana Vampires draws a card.
Mana: Swamp (296) - {T}: Add {B}.
Mana: Swamp (280) - {T}: Add {B}.
Mana: Swamp (278) - {T}: Add {B}.
Add To Stack: Ai(3)-Drana Vampires cast Captivating Vampire
Resolve Stack: Captivating Vampire - Creature 2 / 2
Mana: Swamp (254) - {T}: Add {B}.
Mana: Swamp (293) - {T}: Add {B}.
Mana: Swamp (262) - {T}: Add {B}.
Add To Stack: Ai(3)-Drana Vampires cast Phyrexian Arena
Resolve Stack: Phyrexian Arena
Phase: Ai(3)-Drana Vampires' End step
Phase: Ai(3)-Drana Vampires' Cleanup step
Turn: Turn 28 (Ai(4)-Kilo Helm Final)
Phase: Ai(4)-Kilo Helm Final's Untap step
Phase: Ai(4)-Kilo Helm Final's Upkeep step
Add To Stack: Ai(4)-Kilo Helm Final triggered Inventors' Fair
Life: Life: Ai(4)-Kilo Helm Final 38 > 39
Resolve Stack: At the beginning of your upkeep, if you control three or more artifacts, you gain 1 life. [Phase: Ai(4)-Kilo Helm Final]
Phase: Ai(4)-Kilo Helm Final's Draw step
Phase: Ai(4)-Kilo Helm Final's Main phase, precombat
Phase: Ai(4)-Kilo Helm Final's Beginning of Combat Step
Phase: Ai(4)-Kilo Helm Final's Declare Attackers Step
Combat: Ai(4)-Kilo Helm Final assigned Kilo, Apogee Mind (402), Jhoira, Weatherlight Captain (378) and Thopter Token (410) to attack Ai(3)-Drana Vampires.
Add To Stack: Ai(4)-Kilo Helm Final triggered Kilo, Apogee Mind
Resolve Stack: Whenever Kilo becomes tapped, proliferate. (Choose any number of permanents and/or players, then give each another counter of each kind already there.) [Tapped: Kilo, Apogee Mind (402)]
Phase: Ai(4)-Kilo Helm Final's Declare Blockers Step
Combat: Ai(3)-Drana Vampires didn't block Kilo, Apogee Mind (402).
Ai(3)-Drana Vampires didn't block Jhoira, Weatherlight Captain (378).
Ai(3)-Drana Vampires didn't block Thopter Token (410).
Phase: Ai(4)-Kilo Helm Final's First Strike Damage Step
Phase: Ai(4)-Kilo Helm Final's Combat Damage Step
Damage: Kilo, Apogee Mind (402) deals 3 combat damage to Ai(3)-Drana Vampires.
Damage: Jhoira, Weatherlight Captain (378) deals 3 combat damage to Ai(3)-Drana Vampires.
Damage: Thopter Token (410) deals 1 combat damage to Ai(3)-Drana Vampires.
Life: Life: Ai(3)-Drana Vampires 42 > 35
Phase: Ai(4)-Kilo Helm Final's End of Combat Step
Phase: Ai(4)-Kilo Helm Final's Main phase, postcombat
Replacement Effect: Razortide Bridge enters tapped.
Land: Ai(4)-Kilo Helm Final played Razortide Bridge (323)
Mana: Sulfur Falls (320) - {T}: Add {U} or {R}.
Mana: Great Furnace (398) - {T}: Add {R}.
Mana: Plains (358) - {T}: Add {W}.
Mana: Radiant Summit (322) - {T}: Add {R}.
Mana: Academy Ruins (355) - {T}: Add {C}.
Mana: Inventors' Fair (304) - {T}: Add {C}.
Add To Stack: Ai(4)-Kilo Helm Final cast Kappa Cannoneer
Add To Stack: Ai(4)-Kilo Helm Final triggered Jhoira, Weatherlight Captain
Resolve Stack: Whenever you cast a historic spell, draw a card. (Artifacts, legendaries, and Sagas are historic.) [Card: Kappa Cannoneer (400), Activator: Ai(4)-Kilo Helm Final, SpellAbility: Kappa Cannoneer - Creature 4 / 4]
Resolve Stack: Kappa Cannoneer - Creature 4 / 4
Add To Stack: Ai(4)-Kilo Helm Final triggered Kappa Cannoneer
Resolve Stack: Whenever an artifact you control enters, put a +1/+1 counter on Kappa Cannoneer and it can't be blocked this turn. [Zone Changer: Kappa Cannoneer (400)]
Phase: Ai(4)-Kilo Helm Final's End step
Phase: Ai(4)-Kilo Helm Final's Cleanup step
Turn: Turn 29 (Ai(1)-Wilhelt Zombies B3)
Phase: Ai(1)-Wilhelt Zombies B3's Untap step
Phase: Ai(1)-Wilhelt Zombies B3's Upkeep step
Phase: Ai(1)-Wilhelt Zombies B3's Draw step
Phase: Ai(1)-Wilhelt Zombies B3's Main phase, precombat
Land: Ai(1)-Wilhelt Zombies B3 played Island (43)
Phase: Ai(1)-Wilhelt Zombies B3's Beginning of Combat Step
Phase: Ai(1)-Wilhelt Zombies B3's Declare Attackers Step
Combat: Ai(1)-Wilhelt Zombies B3 assigned Wilhelt, the Rotcleaver (99) to attack Ai(3)-Drana Vampires.
Phase: Ai(1)-Wilhelt Zombies B3's Declare Blockers Step
Combat: Ai(3)-Drana Vampires didn't block Wilhelt, the Rotcleaver (99).
Phase: Ai(1)-Wilhelt Zombies B3's First Strike Damage Step
Phase: Ai(1)-Wilhelt Zombies B3's Combat Damage Step
Damage: Wilhelt, the Rotcleaver (99) deals 3 combat damage to Ai(3)-Drana Vampires.
Life: Life: Ai(3)-Drana Vampires 35 > 32
Phase: Ai(1)-Wilhelt Zombies B3's End of Combat Step
Phase: Ai(1)-Wilhelt Zombies B3's Main phase, postcombat
Mana: Island (45) - {T}: Add {U}.
Mana: Island (41) - {T}: Add {U}.
Mana: Island (50) - {T}: Add {U}.
Mana: Island (43) - {T}: Add {U}.
Mana: Swamp (71) - {T}: Add {B}.
Mana: Swamp (76) - {T}: Add {B}.
Add To Stack: Ai(1)-Wilhelt Zombies B3 cast Rooftop Storm
Resolve Stack: Rooftop Storm
Mana: Swamp (72) - {T}: Add {B}.
Mana: Temple of Deceit (11) - {T}: Add {U} or {B}.
Mana: Arcane Signet (93) - {T}: Add one mana of any color in your commander's color identity.
Add To Stack: Ai(1)-Wilhelt Zombies B3 cast Ashnod's Altar
Resolve Stack: Ashnod's Altar
Phase: Ai(1)-Wilhelt Zombies B3's End step
Add To Stack: Ai(1)-Wilhelt Zombies B3 triggered Wilhelt, the Rotcleaver
Resolve Stack: At the beginning of your end step, you may sacrifice a Zombie. If you do, draw a card. [Phase: Ai(1)-Wilhelt Zombies B3]
Phase: Ai(1)-Wilhelt Zombies B3's Cleanup step
Turn: Turn 30 (Ai(2)-Wyleth Voltron B3)
Phase: Ai(2)-Wyleth Voltron B3's Untap step
Phase: Ai(2)-Wyleth Voltron B3's Upkeep step
Phase: Ai(2)-Wyleth Voltron B3's Draw step
Phase: Ai(2)-Wyleth Voltron B3's Main phase, precombat
Land: Ai(2)-Wyleth Voltron B3 played Mountain (191)
Mana: Plains (156) - {T}: Add {W}.
Mana: Plains (154) - {T}: Add {W}.
Mana: Mountain (178) - {T}: Add {R}.
Mana: Mountain (177) - {T}: Add {R}.
Mana: Mountain (191) - {T}: Add {R}.
Mana: Command Tower (113) - {T}: Add one mana of any color in your commander's color identity.
Add To Stack: Ai(2)-Wyleth Voltron B3 cast Austere Command
Zone Change: Underworld Connections (248) was put into Graveyard from Battlefield.
Zone Change: Phyrexian Arena (246) was put into Graveyard from Battlefield.
Zone Change: Rooftop Storm (25) was put into Graveyard from Battlefield.
Zone Change: Wyleth, Soul of Steel (200) was put into Exile from Battlefield.
Replacement Effect: If a nontoken creature an opponent controls would die, instead exile that card and create a 2/2 black Zombie creature token.
Zone Change: Auriok Steelshaper (117) was put into Exile from Battlefield.
Replacement Effect: If a nontoken creature an opponent controls would die, instead exile that card and create a 2/2 black Zombie creature token.
Zone Change: Drana, Liberator of Malakir (301) was put into Graveyard from Battlefield.
Zone Change: Zombie Token (426) was put into Graveyard from Battlefield.
Zone Change: Captivating Vampire (230) was put into Graveyard from Battlefield.
Zone Change: Thopter Token (410) was put into Graveyard from Battlefield.
Zone Change: Kilo, Apogee Mind (402) was put into Exile from Battlefield.
Replacement Effect: If a nontoken creature an opponent controls would die, instead exile that card and create a 2/2 black Zombie creature token.
Zone Change: Zombie Token (415) was put into Graveyard from Battlefield.
Zone Change: Zombie Token (416) was put into Graveyard from Battlefield.
Zone Change: Zombie Token (417) was put into Graveyard from Battlefield.
Zone Change: Gleaming Overseer (29) was put into Exile from Battlefield.
Replacement Effect: If a nontoken creature an opponent controls would die, instead exile that card and create a 2/2 black Zombie creature token.
Zone Change: Zombie Token (424) was put into Graveyard from Battlefield.
Resolve Stack: Austere Command (137) -  Destroy all enchantments. Destroy all creatures with mana value 3 or less.
Add To Stack: Ai(1)-Wilhelt Zombies B3 triggered Wilhelt, the Rotcleaver
Add To Stack: Ai(1)-Wilhelt Zombies B3 triggered Wilhelt, the Rotcleaver
Add To Stack: Ai(1)-Wilhelt Zombies B3 triggered Wilhelt, the Rotcleaver
Resolve Stack: Whenever another Zombie you control dies, if it didn't have decayed, create a 2/2 black Zombie creature token with decayed. (It can't block. When it attacks, sacrifice it at end of combat.) [Zone Changer: Zombie Token (417)]
Resolve Stack: Whenever another Zombie you control dies, if it didn't have decayed, create a 2/2 black Zombie creature token with decayed. (It can't block. When it attacks, sacrifice it at end of combat.) [Zone Changer: Zombie Token (416)]
Resolve Stack: Whenever another Zombie you control dies, if it didn't have decayed, create a 2/2 black Zombie creature token with decayed. (It can't block. When it attacks, sacrifice it at end of combat.) [Zone Changer: Zombie Token (415)]
Mana: Clifftop Retreat (128) - {T}: Add {R} or {W}.
Mana: Inventors' Fair (102) - {T}: Add {C}.
Add To Stack: Ai(2)-Wyleth Voltron B3 cast Swiftfoot Boots
Resolve Stack: Swiftfoot Boots
Phase: Ai(2)-Wyleth Voltron B3's Beginning of Combat Step
Phase: Ai(2)-Wyleth Voltron B3's Declare Attackers Step
Combat: Ai(2)-Wyleth Voltron B3 assigned Balan, Wandering Knight (101) to attack Ai(3)-Drana Vampires.
Phase: Ai(2)-Wyleth Voltron B3's Declare Blockers Step
Combat: Ai(3)-Drana Vampires didn't block Balan, Wandering Knight (101).
Phase: Ai(2)-Wyleth Voltron B3's First Strike Damage Step
Damage: Balan, Wandering Knight (101) deals 6 combat damage to Ai(3)-Drana Vampires.
Life: Life: Ai(2)-Wyleth Voltron B3 42 > 48
Life: Life: Ai(3)-Drana Vampires 32 > 26
Phase: Ai(2)-Wyleth Voltron B3's Combat Damage Step
Damage: Balan, Wandering Knight (101) deals 6 combat damage to Ai(3)-Drana Vampires.
Life: Life: Ai(2)-Wyleth Voltron B3 48 > 54
Life: Life: Ai(3)-Drana Vampires 26 > 20
Phase: Ai(2)-Wyleth Voltron B3's End of Combat Step
Phase: Ai(2)-Wyleth Voltron B3's Main phase, postcombat
Phase: Ai(2)-Wyleth Voltron B3's End step
Phase: Ai(2)-Wyleth Voltron B3's Cleanup step
Turn: Turn 31 (Ai(3)-Drana Vampires)
Phase: Ai(3)-Drana Vampires' Untap step
Phase: Ai(3)-Drana Vampires' Upkeep step
Phase: Ai(3)-Drana Vampires' Draw step
Phase: Ai(3)-Drana Vampires' Main phase, precombat
Land: Ai(3)-Drana Vampires played Swamp (294)
Phase: Ai(3)-Drana Vampires' Beginning of Combat Step
Phase: Ai(3)-Drana Vampires' Declare Attackers Step
Combat: Ai(3)-Drana Vampires assigned Kalitas, Traitor of Ghet (253), Zombie Token (429), Zombie Token (431), Zombie Token (433) and Zombie Token (435) to attack Ai(2)-Wyleth Voltron B3.
Phase: Ai(3)-Drana Vampires' Declare Blockers Step
Combat: Ai(2)-Wyleth Voltron B3 didn't block Kalitas, Traitor of Ghet (253).
Ai(2)-Wyleth Voltron B3 didn't block Zombie Token (429).
Ai(2)-Wyleth Voltron B3 didn't block Zombie Token (431).
Ai(2)-Wyleth Voltron B3 didn't block Zombie Token (433).
Ai(2)-Wyleth Voltron B3 didn't block Zombie Token (435).
Phase: Ai(3)-Drana Vampires' First Strike Damage Step
Phase: Ai(3)-Drana Vampires' Combat Damage Step
Damage: Kalitas, Traitor of Ghet (253) deals 4 combat damage to Ai(2)-Wyleth Voltron B3.
Life: Life: Ai(3)-Drana Vampires 20 > 24
Damage: Zombie Token (429) deals 2 combat damage to Ai(2)-Wyleth Voltron B3.
Damage: Zombie Token (431) deals 2 combat damage to Ai(2)-Wyleth Voltron B3.
Damage: Zombie Token (433) deals 2 combat damage to Ai(2)-Wyleth Voltron B3.
Damage: Zombie Token (435) deals 2 combat damage to Ai(2)-Wyleth Voltron B3.
Life: Life: Ai(2)-Wyleth Voltron B3 54 > 42
Phase: Ai(3)-Drana Vampires' End of Combat Step
Phase: Ai(3)-Drana Vampires' Main phase, postcombat
Mana: Swamp (282) - {T}: Add {B}.
Mana: Swamp (296) - {T}: Add {B}.
Mana: Swamp (280) - {T}: Add {B}.
Mana: Swamp (278) - {T}: Add {B}.
Mana: Swamp (254) - {T}: Add {B}.
Add To Stack: Ai(3)-Drana Vampires cast Drana, Liberator of Malakir
Resolve Stack: Drana, Liberator of Malakir - Creature 2 / 3
Phase: Ai(3)-Drana Vampires' End step
Phase: Ai(3)-Drana Vampires' Cleanup step
Turn: Turn 32 (Ai(4)-Kilo Helm Final)
Phase: Ai(4)-Kilo Helm Final's Untap step
Phase: Ai(4)-Kilo Helm Final's Upkeep step
Add To Stack: Ai(4)-Kilo Helm Final triggered Inventors' Fair
Life: Life: Ai(4)-Kilo Helm Final 39 > 40
Resolve Stack: At the beginning of your upkeep, if you control three or more artifacts, you gain 1 life. [Phase: Ai(4)-Kilo Helm Final]
Phase: Ai(4)-Kilo Helm Final's Draw step
Phase: Ai(4)-Kilo Helm Final's Main phase, precombat
Mana: Plains (358) - {T}: Add {W}.
Mana: Razortide Bridge (323) - {T}: Add {W} or {U}.
Mana: Great Furnace (398) - {T}: Add {R}.
Mana: Sulfur Falls (320) - {T}: Add {U} or {R}.
Mana: Radiant Summit (322) - {T}: Add {R}.
Mana: Academy Ruins (355) - {T}: Add {C}.
Mana: Inventors' Fair (304) - {T}: Add {C}.
Add To Stack: Ai(4)-Kilo Helm Final cast Angel of the Ruins
Add To Stack: Ai(4)-Kilo Helm Final triggered Jhoira, Weatherlight Captain
Resolve Stack: Whenever you cast a historic spell, draw a card. (Artifacts, legendaries, and Sagas are historic.) [Card: Angel of the Ruins (307), Activator: Ai(4)-Kilo Helm Final, SpellAbility: Angel of the Ruins - Creature 5 / 7]
Resolve Stack: Angel of the Ruins - Creature 5 / 7
Add To Stack: Ai(4)-Kilo Helm Final triggered Angel of the Ruins targeting [Maul of the Skyclaves (138), Mind Stone (205)]
Add To Stack: Ai(4)-Kilo Helm Final triggered Kappa Cannoneer
Mana: Swamp (293) - {T}: Add {B}.
Zone Change: Mind Stone (205) was put into Graveyard from Battlefield.
Add To Stack: Ai(3)-Drana Vampires activated Mind Stone
Resolve Stack: Mind Stone (205) - Ai(3)-Drana Vampires draws a card.
Resolve Stack: Whenever an artifact you control enters, put a +1/+1 counter on Kappa Cannoneer and it can't be blocked this turn. [Zone Changer: Angel of the Ruins (307)]
Zone Change: Maul of the Skyclaves (138) was put into Exile from Battlefield.
Resolve Stack: When Angel of the Ruins enters, exile up to two target artifacts and/or enchantments. (Targeting: [[Maul of the Skyclaves (138)]]) [Zone Changer: Angel of the Ruins (307)]
Phase: Ai(4)-Kilo Helm Final's Beginning of Combat Step
Phase: Ai(4)-Kilo Helm Final's Declare Attackers Step
Combat: Ai(4)-Kilo Helm Final assigned Kappa Cannoneer (400) and Jhoira, Weatherlight Captain (378) to attack Ai(3)-Drana Vampires.
Phase: Ai(4)-Kilo Helm Final's Declare Blockers Step
Combat: Ai(3)-Drana Vampires didn't block Kappa Cannoneer (400).
Ai(3)-Drana Vampires didn't block Jhoira, Weatherlight Captain (378).
Phase: Ai(4)-Kilo Helm Final's First Strike Damage Step
Phase: Ai(4)-Kilo Helm Final's Combat Damage Step
Damage: Kappa Cannoneer (400) deals 6 combat damage to Ai(3)-Drana Vampires.
Damage: Jhoira, Weatherlight Captain (378) deals 3 combat damage to Ai(3)-Drana Vampires.
Life: Life: Ai(3)-Drana Vampires 24 > 15
Phase: Ai(4)-Kilo Helm Final's End of Combat Step
Phase: Ai(4)-Kilo Helm Final's Main phase, postcombat
Replacement Effect: Silverbluff Bridge enters tapped.
Land: Ai(4)-Kilo Helm Final played Silverbluff Bridge (327)
Add To Stack: Ai(4)-Kilo Helm Final triggered Kappa Cannoneer
Resolve Stack: Whenever an artifact you control enters, put a +1/+1 counter on Kappa Cannoneer and it can't be blocked this turn. [Zone Changer: Silverbluff Bridge (327)]
Phase: Ai(4)-Kilo Helm Final's End step
Phase: Ai(4)-Kilo Helm Final's Cleanup step
Turn: Turn 33 (Ai(1)-Wilhelt Zombies B3)
Phase: Ai(1)-Wilhelt Zombies B3's Untap step
Phase: Ai(1)-Wilhelt Zombies B3's Upkeep step
Phase: Ai(1)-Wilhelt Zombies B3's Draw step
Phase: Ai(1)-Wilhelt Zombies B3's Main phase, precombat
Phase: Ai(1)-Wilhelt Zombies B3's Beginning of Combat Step
Phase: Ai(1)-Wilhelt Zombies B3's Declare Attackers Step
Combat: Ai(1)-Wilhelt Zombies B3 assigned Wilhelt, the Rotcleaver (99) to attack Ai(3)-Drana Vampires.
Phase: Ai(1)-Wilhelt Zombies B3's Declare Blockers Step
Combat: Ai(3)-Drana Vampires didn't block Wilhelt, the Rotcleaver (99).
Phase: Ai(1)-Wilhelt Zombies B3's First Strike Damage Step
Phase: Ai(1)-Wilhelt Zombies B3's Combat Damage Step
Damage: Wilhelt, the Rotcleaver (99) deals 3 combat damage to Ai(3)-Drana Vampires.
Life: Life: Ai(3)-Drana Vampires 15 > 12
Phase: Ai(1)-Wilhelt Zombies B3's End of Combat Step
Phase: Ai(1)-Wilhelt Zombies B3's Main phase, postcombat
Land: Ai(1)-Wilhelt Zombies B3 played Swamp (75)
Mana: Swamp (71) - {T}: Add {B}.
Mana: Island (45) - {T}: Add {U}.
Add To Stack: Ai(1)-Wilhelt Zombies B3 cast Doomed Dissenter
Resolve Stack: Doomed Dissenter - Creature 1 / 1
Phase: Ai(1)-Wilhelt Zombies B3's End step
Add To Stack: Ai(1)-Wilhelt Zombies B3 triggered Wilhelt, the Rotcleaver
Resolve Stack: At the beginning of your end step, you may sacrifice a Zombie. If you do, draw a card. [Phase: Ai(1)-Wilhelt Zombies B3]
Phase: Ai(1)-Wilhelt Zombies B3's Cleanup step
Turn: Turn 34 (Ai(2)-Wyleth Voltron B3)
Phase: Ai(2)-Wyleth Voltron B3's Untap step
Phase: Ai(2)-Wyleth Voltron B3's Upkeep step
Phase: Ai(2)-Wyleth Voltron B3's Draw step
Phase: Ai(2)-Wyleth Voltron B3's Main phase, precombat
Land: Ai(2)-Wyleth Voltron B3 played Slayers' Stronghold (170)
Mana: Plains (156) - {T}: Add {W}.
Mana: Mountain (178) - {T}: Add {R}.
Mana: Mountain (177) - {T}: Add {R}.
Mana: Plains (154) - {T}: Add {W}.
Mana: Mountain (191) - {T}: Add {R}.
Add To Stack: Ai(2)-Wyleth Voltron B3 cast Wyleth, Soul of Steel
Resolve Stack: Wyleth, Soul of Steel - Creature 2 / 2
Mana: Command Tower (113) - {T}: Add one mana of any color in your commander's color identity.
Mana: Clifftop Retreat (128) - {T}: Add {R} or {W}.
Add To Stack: Ai(2)-Wyleth Voltron B3 activated Balan, Wandering Knight
Resolve Stack: Balan, Wandering Knight (101) - {1}{W}: Attach all Equipment you control to Balan.
Phase: Ai(2)-Wyleth Voltron B3's Beginning of Combat Step
Phase: Ai(2)-Wyleth Voltron B3's Declare Attackers Step
Combat: Ai(2)-Wyleth Voltron B3 assigned Balan, Wandering Knight (101) to attack Ai(3)-Drana Vampires.
Phase: Ai(2)-Wyleth Voltron B3's Declare Blockers Step
Combat: Ai(3)-Drana Vampires didn't block Balan, Wandering Knight (101).
Phase: Ai(2)-Wyleth Voltron B3's First Strike Damage Step
Damage: Balan, Wandering Knight (101) deals 4 combat damage to Ai(3)-Drana Vampires.
Life: Life: Ai(2)-Wyleth Voltron B3 42 > 46
Life: Life: Ai(3)-Drana Vampires 12 > 8
Phase: Ai(2)-Wyleth Voltron B3's Combat Damage Step
Damage: Balan, Wandering Knight (101) deals 4 combat damage to Ai(3)-Drana Vampires.
Life: Life: Ai(2)-Wyleth Voltron B3 46 > 50
Life: Life: Ai(3)-Drana Vampires 8 > 4
Phase: Ai(2)-Wyleth Voltron B3's End of Combat Step
Phase: Ai(2)-Wyleth Voltron B3's Main phase, postcombat
Phase: Ai(2)-Wyleth Voltron B3's End step
Phase: Ai(2)-Wyleth Voltron B3's Cleanup step
Turn: Turn 35 (Ai(3)-Drana Vampires)
Phase: Ai(3)-Drana Vampires' Untap step
Phase: Ai(3)-Drana Vampires' Upkeep step
Phase: Ai(3)-Drana Vampires' Draw step
Phase: Ai(3)-Drana Vampires' Main phase, precombat
Land: Ai(3)-Drana Vampires played Swamp (289)
Phase: Ai(3)-Drana Vampires' Beginning of Combat Step
Phase: Ai(3)-Drana Vampires' Declare Attackers Step
Combat: Ai(3)-Drana Vampires assigned Kalitas, Traitor of Ghet (253), Zombie Token (429) and Zombie Token (431) to attack Ai(1)-Wilhelt Zombies B3.
Phase: Ai(3)-Drana Vampires' Declare Blockers Step
Combat: Ai(1)-Wilhelt Zombies B3 didn't block Kalitas, Traitor of Ghet (253).
Ai(1)-Wilhelt Zombies B3 didn't block Zombie Token (429).
Ai(1)-Wilhelt Zombies B3 didn't block Zombie Token (431).
Phase: Ai(3)-Drana Vampires' First Strike Damage Step
Phase: Ai(3)-Drana Vampires' Combat Damage Step
Damage: Kalitas, Traitor of Ghet (253) deals 4 combat damage to Ai(1)-Wilhelt Zombies B3.
Life: Life: Ai(3)-Drana Vampires 4 > 8
Damage: Zombie Token (429) deals 2 combat damage to Ai(1)-Wilhelt Zombies B3.
Damage: Zombie Token (431) deals 2 combat damage to Ai(1)-Wilhelt Zombies B3.
Life: Life: Ai(1)-Wilhelt Zombies B3 23 > 15
Phase: Ai(3)-Drana Vampires' End of Combat Step
Phase: Ai(3)-Drana Vampires' Main phase, postcombat
Mana: Swamp (282) - {T}: Add {B}.
Mana: Swamp (296) - {T}: Add {B}.
Mana: Swamp (280) - {T}: Add {B}.
Mana: Swamp (278) - {T}: Add {B}.
Add To Stack: Ai(3)-Drana Vampires cast Diabolic Tutor
Resolve Stack: Diabolic Tutor (223) - Ai(3)-Drana Vampires searches their library for a card, reveals it, puts it into their hand, then shuffles.
Mana: Swamp (254) - {T}: Add {B}.
Mana: Swamp (293) - {T}: Add {B}.
Mana: Swamp (262) - {T}: Add {B}.
Mana: Swamp (294) - {T}: Add {B}.
Add To Stack: Ai(3)-Drana Vampires cast Erebos, God of the Dead
Resolve Stack: Erebos, God of the Dead - Creature 5 / 7
Phase: Ai(3)-Drana Vampires' End step
Phase: Ai(3)-Drana Vampires' Cleanup step
Turn: Turn 36 (Ai(4)-Kilo Helm Final)
Phase: Ai(4)-Kilo Helm Final's Untap step
Phase: Ai(4)-Kilo Helm Final's Upkeep step
Add To Stack: Ai(4)-Kilo Helm Final triggered Inventors' Fair
Resolve Stack: At the beginning of your upkeep, if you control three or more artifacts, you gain 1 life. [Phase: Ai(4)-Kilo Helm Final]
Phase: Ai(4)-Kilo Helm Final's Draw step
Phase: Ai(4)-Kilo Helm Final's Main phase, precombat
Mana: Plains (358) - {T}: Add {W}.
Mana: Sulfur Falls (320) - {T}: Add {U} or {R}.
Mana: Great Furnace (398) - {T}: Add {R}.
Mana: Silverbluff Bridge (327) - {T}: Add {U} or {R}.
Mana: Razortide Bridge (323) - {T}: Add {W} or {U}.
Add To Stack: Ai(4)-Kilo Helm Final cast Kilo, Apogee Mind
Add To Stack: Ai(4)-Kilo Helm Final triggered Jhoira, Weatherlight Captain
Resolve Stack: Whenever you cast a historic spell, draw a card. (Artifacts, legendaries, and Sagas are historic.) [Card: Kilo, Apogee Mind (402), Activator: Ai(4)-Kilo Helm Final, SpellAbility: Kilo, Apogee Mind - Creature 3 / 3]
Resolve Stack: Kilo, Apogee Mind - Creature 3 / 3
Add To Stack: Ai(4)-Kilo Helm Final triggered Kappa Cannoneer
Resolve Stack: Whenever an artifact you control enters, put a +1/+1 counter on Kappa Cannoneer and it can't be blocked this turn. [Zone Changer: Kilo, Apogee Mind (402)]
Phase: Ai(4)-Kilo Helm Final's Beginning of Combat Step
Phase: Ai(4)-Kilo Helm Final's Declare Attackers Step
Combat: Ai(4)-Kilo Helm Final assigned Kappa Cannoneer (400), Angel of the Ruins (307), Jhoira, Weatherlight Captain (378) and Kilo, Apogee Mind (402) to attack Ai(3)-Drana Vampires.
Add To Stack: Ai(4)-Kilo Helm Final triggered Kilo, Apogee Mind
Resolve Stack: Whenever Kilo becomes tapped, proliferate. (Choose any number of permanents and/or players, then give each another counter of each kind already there.) [Tapped: Kilo, Apogee Mind (402)]
Phase: Ai(4)-Kilo Helm Final's Declare Blockers Step
Combat: Ai(3)-Drana Vampires didn't block Kappa Cannoneer (400).
Ai(3)-Drana Vampires assigned Drana, Liberator of Malakir (301) to block Angel of the Ruins (307).
Ai(3)-Drana Vampires assigned Zombie Token (433) and Erebos, God of the Dead (242) to block Jhoira, Weatherlight Captain (378).
Ai(3)-Drana Vampires assigned Zombie Token (435) to block Kilo, Apogee Mind (402).
Phase: Ai(4)-Kilo Helm Final's First Strike Damage Step
Damage: Drana, Liberator of Malakir (301) deals 2 damage to Angel of the Ruins (307).
Phase: Ai(4)-Kilo Helm Final's Combat Damage Step
Damage: Kappa Cannoneer (400) deals 9 combat damage to Ai(3)-Drana Vampires.
Damage: Angel of the Ruins (307) deals 5 damage to Drana, Liberator of Malakir (301).
Damage: Jhoira, Weatherlight Captain (378) deals 2 damage to Zombie Token (433).
Damage: Jhoira, Weatherlight Captain (378) deals 1 damage to Erebos, God of the Dead (242).
Damage: Kilo, Apogee Mind (402) deals 3 damage to Zombie Token (435).
Damage: Zombie Token (433) deals 2 damage to Jhoira, Weatherlight Captain (378).
Damage: Erebos, God of the Dead (242) deals 5 damage to Jhoira, Weatherlight Captain (378).
Damage: Zombie Token (435) deals 2 damage to Kilo, Apogee Mind (402).
Life: Life: Ai(3)-Drana Vampires 8 > -1
Zone Change: Jhoira, Weatherlight Captain (378) was put into Graveyard from Battlefield.
Phase: Ai(4)-Kilo Helm Final's End of Combat Step
Phase: Ai(4)-Kilo Helm Final's Main phase, postcombat
Phase: Ai(4)-Kilo Helm Final's End step
Phase: Ai(4)-Kilo Helm Final's Cleanup step
Turn: Turn 37 (Ai(1)-Wilhelt Zombies B3)
Phase: Ai(1)-Wilhelt Zombies B3's Untap step
Phase: Ai(1)-Wilhelt Zombies B3's Upkeep step
Phase: Ai(1)-Wilhelt Zombies B3's Draw step
Phase: Ai(1)-Wilhelt Zombies B3's Main phase, precombat
Phase: Ai(1)-Wilhelt Zombies B3's Beginning of Combat Step
Phase: Ai(1)-Wilhelt Zombies B3's Declare Attackers Step
Combat: Ai(1)-Wilhelt Zombies B3 assigned Zombie Token (440), Zombie Token (442), Zombie Token (444) and Wilhelt, the Rotcleaver (99) to attack Ai(4)-Kilo Helm Final.
Add To Stack: Ai(1)-Wilhelt Zombies B3 triggered Zombie Token
Add To Stack: Ai(1)-Wilhelt Zombies B3 triggered Zombie Token
Add To Stack: Ai(1)-Wilhelt Zombies B3 triggered Zombie Token
Resolve Stack: When a creature with decayed attacks, sacrifice it at end of combat. [Attacker: Zombie Token (444)]
Resolve Stack: When a creature with decayed attacks, sacrifice it at end of combat. [Attacker: Zombie Token (442)]
Resolve Stack: When a creature with decayed attacks, sacrifice it at end of combat. [Attacker: Zombie Token (440)]
Phase: Ai(1)-Wilhelt Zombies B3's Declare Blockers Step
Combat: Ai(4)-Kilo Helm Final didn't block Zombie Token (440).
Ai(4)-Kilo Helm Final didn't block Zombie Token (442).
Ai(4)-Kilo Helm Final didn't block Zombie Token (444).
Ai(4)-Kilo Helm Final didn't block Wilhelt, the Rotcleaver (99).
Phase: Ai(1)-Wilhelt Zombies B3's First Strike Damage Step
Phase: Ai(1)-Wilhelt Zombies B3's Combat Damage Step
Damage: Zombie Token (440) deals 2 combat damage to Ai(4)-Kilo Helm Final.
Damage: Zombie Token (442) deals 2 combat damage to Ai(4)-Kilo Helm Final.
Damage: Zombie Token (444) deals 2 combat damage to Ai(4)-Kilo Helm Final.
Damage: Wilhelt, the Rotcleaver (99) deals 3 combat damage to Ai(4)-Kilo Helm Final.
Life: Life: Ai(4)-Kilo Helm Final 40 > 31
Phase: Ai(1)-Wilhelt Zombies B3's End of Combat Step
Add To Stack: Ai(1)-Wilhelt Zombies B3 triggered Zombie Token
Add To Stack: Ai(1)-Wilhelt Zombies B3 triggered Zombie Token
Add To Stack: Ai(1)-Wilhelt Zombies B3 triggered Zombie Token
Zone Change: Zombie Token (440) was put into Graveyard from Battlefield.
Resolve Stack: At end of combat, sacrifice Zombie Token. [Phase: Ai(1)-Wilhelt Zombies B3]
Zone Change: Zombie Token (442) was put into Graveyard from Battlefield.
Resolve Stack: At end of combat, sacrifice Zombie Token. [Phase: Ai(1)-Wilhelt Zombies B3]
Zone Change: Zombie Token (444) was put into Graveyard from Battlefield.
Resolve Stack: At end of combat, sacrifice Zombie Token. [Phase: Ai(1)-Wilhelt Zombies B3]
Phase: Ai(1)-Wilhelt Zombies B3's Main phase, postcombat
Land: Ai(1)-Wilhelt Zombies B3 played Swamp (88)
Mana: Swamp (71) - {T}: Add {B}.
Mana: Swamp (76) - {T}: Add {B}.
Mana: Island (45) - {T}: Add {U}.
Mana: Island (41) - {T}: Add {U}.
Add To Stack: Ai(1)-Wilhelt Zombies B3 cast Mutilate
Resolve Stack: Mutilate (37) - All creatures get -1/-1 until end of turn for each Swamp you control.
Zone Change: Wilhelt, the Rotcleaver (99) was put into Graveyard from Battlefield.
Zone Change: Doomed Dissenter (35) was put into Graveyard from Battlefield.
Zone Change: Balan, Wandering Knight (101) was put into Graveyard from Battlefield.
Zone Change: Wyleth, Soul of Steel (200) was put into Graveyard from Battlefield.
Zone Change: Kilo, Apogee Mind (402) was put into Graveyard from Battlefield.
Add To Stack: Ai(1)-Wilhelt Zombies B3 triggered Doomed Dissenter
Resolve Stack: When Doomed Dissenter dies, create a 2/2 black Zombie creature token. [Zone Changer: Doomed Dissenter (35)]
Mana: Island (50) - {T}: Add {U}.
Mana: Swamp (72) - {T}: Add {B}.
Mana: Island (43) - {T}: Add {U}.
Mana: Swamp (75) - {T}: Add {B}.
Mana: Swamp (88) - {T}: Add {B}.
Mana: Temple of Deceit (11) - {T}: Add {U} or {B}.
Mana: Arcane Signet (93) - {T}: Add one mana of any color in your commander's color identity.
Zone Change: Zombie Token (450) was put into Graveyard from Battlefield.
Mana: Ashnod's Altar (7) - Sacrifice a creature: Add {C}{C}.
Add To Stack: Ai(1)-Wilhelt Zombies B3 cast Wilhelt, the Rotcleaver
Resolve Stack: Wilhelt, the Rotcleaver - Creature 3 / 3
Phase: Ai(1)-Wilhelt Zombies B3's End step
Add To Stack: Ai(1)-Wilhelt Zombies B3 triggered Wilhelt, the Rotcleaver
Resolve Stack: At the beginning of your end step, you may sacrifice a Zombie. If you do, draw a card. [Phase: Ai(1)-Wilhelt Zombies B3]
Phase: Ai(1)-Wilhelt Zombies B3's Cleanup step
Turn: Turn 38 (Ai(2)-Wyleth Voltron B3)
Phase: Ai(2)-Wyleth Voltron B3's Untap step
Phase: Ai(2)-Wyleth Voltron B3's Upkeep step
Phase: Ai(2)-Wyleth Voltron B3's Draw step
Phase: Ai(2)-Wyleth Voltron B3's Main phase, precombat
Land: Ai(2)-Wyleth Voltron B3 played Plains (155)
Mana: Plains (156) - {T}: Add {W}.
Mana: Mountain (178) - {T}: Add {R}.
Mana: Mountain (177) - {T}: Add {R}.
Mana: Plains (154) - {T}: Add {W}.
Mana: Mountain (191) - {T}: Add {R}.
Mana: Plains (155) - {T}: Add {W}.
Mana: Command Tower (113) - {T}: Add one mana of any color in your commander's color identity.
Add To Stack: Ai(2)-Wyleth Voltron B3 cast Wyleth, Soul of Steel
Resolve Stack: Wyleth, Soul of Steel - Creature 2 / 2
Mana: Clifftop Retreat (128) - {T}: Add {R} or {W}.
Mana: Inventors' Fair (102) - {T}: Add {C}.
Add To Stack: Ai(2)-Wyleth Voltron B3 activated Shadowspear targeting [Wyleth, Soul of Steel (200)]
Resolve Stack: Shadowspear (110) -  Attach to Wyleth, Soul of Steel (200)
Mana: Slayers' Stronghold (170) - {T}: Add {C}.
Add To Stack: Ai(2)-Wyleth Voltron B3 activated Swiftfoot Boots targeting [Wyleth, Soul of Steel (200)]
Resolve Stack: Swiftfoot Boots (109) -  Attach to Wyleth, Soul of Steel (200)
Phase: Ai(2)-Wyleth Voltron B3's Beginning of Combat Step
Phase: Ai(2)-Wyleth Voltron B3's Declare Attackers Step
Combat: Ai(2)-Wyleth Voltron B3 assigned Wyleth, Soul of Steel (200) to attack Ai(4)-Kilo Helm Final.
Add To Stack: Ai(2)-Wyleth Voltron B3 triggered Wyleth, Soul of Steel
Resolve Stack: Whenever Wyleth, Soul of Steel attacks, draw a card for each Aura and Equipment attached to it. [Attacker: Wyleth, Soul of Steel (200)]
Phase: Ai(2)-Wyleth Voltron B3's Declare Blockers Step
Combat: Ai(4)-Kilo Helm Final didn't block Wyleth, Soul of Steel (200).
Phase: Ai(2)-Wyleth Voltron B3's First Strike Damage Step
Phase: Ai(2)-Wyleth Voltron B3's Combat Damage Step
Damage: Wyleth, Soul of Steel (200) deals 3 combat damage to Ai(4)-Kilo Helm Final.
Life: Life: Ai(2)-Wyleth Voltron B3 50 > 53
Life: Life: Ai(4)-Kilo Helm Final 31 > 28
Phase: Ai(2)-Wyleth Voltron B3's End of Combat Step
Phase: Ai(2)-Wyleth Voltron B3's Main phase, postcombat
Phase: Ai(2)-Wyleth Voltron B3's End step
Phase: Ai(2)-Wyleth Voltron B3's Cleanup step
Turn: Turn 39 (Ai(4)-Kilo Helm Final)
Phase: Ai(4)-Kilo Helm Final's Untap step
Phase: Ai(4)-Kilo Helm Final's Upkeep step
Add To Stack: Ai(4)-Kilo Helm Final triggered Inventors' Fair
Life: Life: Ai(4)-Kilo Helm Final 28 > 29
Resolve Stack: At the beginning of your upkeep, if you control three or more artifacts, you gain 1 life. [Phase: Ai(4)-Kilo Helm Final]
Phase: Ai(4)-Kilo Helm Final's Draw step
Phase: Ai(4)-Kilo Helm Final's Main phase, precombat
Mana: Plains (358) - {T}: Add {W}.
Mana: Sulfur Falls (320) - {T}: Add {U} or {R}.
Mana: Great Furnace (398) - {T}: Add {R}.
Mana: Silverbluff Bridge (327) - {T}: Add {U} or {R}.
Mana: Razortide Bridge (323) - {T}: Add {W} or {U}.
Mana: Radiant Summit (322) - {T}: Add {R}.
Mana: Academy Ruins (355) - {T}: Add {C}.
Add To Stack: Ai(4)-Kilo Helm Final cast Kilo, Apogee Mind
Resolve Stack: Kilo, Apogee Mind - Creature 3 / 3
Add To Stack: Ai(4)-Kilo Helm Final triggered Kappa Cannoneer
Resolve Stack: Whenever an artifact you control enters, put a +1/+1 counter on Kappa Cannoneer and it can't be blocked this turn. [Zone Changer: Kilo, Apogee Mind (402)]
Phase: Ai(4)-Kilo Helm Final's Beginning of Combat Step
Phase: Ai(4)-Kilo Helm Final's Declare Attackers Step
Combat: Ai(4)-Kilo Helm Final assigned Kappa Cannoneer (400), Angel of the Ruins (307) and Kilo, Apogee Mind (402) to attack Ai(2)-Wyleth Voltron B3.
Add To Stack: Ai(4)-Kilo Helm Final triggered Kilo, Apogee Mind
Resolve Stack: Whenever Kilo becomes tapped, proliferate. (Choose any number of permanents and/or players, then give each another counter of each kind already there.) [Tapped: Kilo, Apogee Mind (402)]
Phase: Ai(4)-Kilo Helm Final's Declare Blockers Step
Combat: Ai(2)-Wyleth Voltron B3 didn't block Kappa Cannoneer (400).
Ai(2)-Wyleth Voltron B3 didn't block Angel of the Ruins (307).
Ai(2)-Wyleth Voltron B3 didn't block Kilo, Apogee Mind (402).
Phase: Ai(4)-Kilo Helm Final's First Strike Damage Step
Phase: Ai(4)-Kilo Helm Final's Combat Damage Step
Damage: Kappa Cannoneer (400) deals 11 combat damage to Ai(2)-Wyleth Voltron B3.
Damage: Angel of the Ruins (307) deals 5 combat damage to Ai(2)-Wyleth Voltron B3.
Damage: Kilo, Apogee Mind (402) deals 3 combat damage to Ai(2)-Wyleth Voltron B3.
Life: Life: Ai(2)-Wyleth Voltron B3 53 > 34
Phase: Ai(4)-Kilo Helm Final's End of Combat Step
Phase: Ai(4)-Kilo Helm Final's Main phase, postcombat
Phase: Ai(4)-Kilo Helm Final's End step
Phase: Ai(4)-Kilo Helm Final's Cleanup step
Discard: Ai(4)-Kilo Helm Final discards Organic Extinction (383).
Turn: Turn 40 (Ai(1)-Wilhelt Zombies B3)
Phase: Ai(1)-Wilhelt Zombies B3's Untap step
Phase: Ai(1)-Wilhelt Zombies B3's Upkeep step
Phase: Ai(1)-Wilhelt Zombies B3's Draw step
Phase: Ai(1)-Wilhelt Zombies B3's Main phase, precombat
Phase: Ai(1)-Wilhelt Zombies B3's Beginning of Combat Step
Phase: Ai(1)-Wilhelt Zombies B3's Declare Attackers Step
Phase: Ai(1)-Wilhelt Zombies B3's Declare Blockers Step
Phase: Ai(1)-Wilhelt Zombies B3's First Strike Damage Step
Phase: Ai(1)-Wilhelt Zombies B3's Combat Damage Step
Phase: Ai(1)-Wilhelt Zombies B3's End of Combat Step
Phase: Ai(1)-Wilhelt Zombies B3's Main phase, postcombat
Land: Ai(1)-Wilhelt Zombies B3 played Swamp (79)
Phase: Ai(1)-Wilhelt Zombies B3's End step
Add To Stack: Ai(1)-Wilhelt Zombies B3 triggered Wilhelt, the Rotcleaver
Resolve Stack: At the beginning of your end step, you may sacrifice a Zombie. If you do, draw a card. [Phase: Ai(1)-Wilhelt Zombies B3]
Phase: Ai(1)-Wilhelt Zombies B3's Cleanup step
Turn: Turn 41 (Ai(2)-Wyleth Voltron B3)
Phase: Ai(2)-Wyleth Voltron B3's Untap step
Phase: Ai(2)-Wyleth Voltron B3's Upkeep step
Phase: Ai(2)-Wyleth Voltron B3's Draw step
Phase: Ai(2)-Wyleth Voltron B3's Main phase, precombat
Land: Ai(2)-Wyleth Voltron B3 played Mountain (182)
Mana: Plains (156) - {T}: Add {W}.
Mana: Mountain (178) - {T}: Add {R}.
Add To Stack: Ai(2)-Wyleth Voltron B3 cast Sunspear Shikari
Resolve Stack: Sunspear Shikari - Creature 2 / 2
Phase: Ai(2)-Wyleth Voltron B3's Beginning of Combat Step
Phase: Ai(2)-Wyleth Voltron B3's Declare Attackers Step
Combat: Ai(2)-Wyleth Voltron B3 assigned Wyleth, Soul of Steel (200) to attack Ai(4)-Kilo Helm Final.
Add To Stack: Ai(2)-Wyleth Voltron B3 triggered Wyleth, Soul of Steel
Resolve Stack: Whenever Wyleth, Soul of Steel attacks, draw a card for each Aura and Equipment attached to it. [Attacker: Wyleth, Soul of Steel (200)]
Mana: Mountain (177) - {T}: Add {R}.
Mana: Mountain (191) - {T}: Add {R}.
Add To Stack: Ai(2)-Wyleth Voltron B3 cast Wear targeting [Kappa Cannoneer (400)]
Add To Stack: Ai(4)-Kilo Helm Final triggered Kappa Cannoneer
Mana: Plains (154) - {T}: Add {W}.
Mana: Plains (155) - {T}: Add {W}.
Mana: Mountain (182) - {T}: Add {R}.
Mana: Command Tower (113) - {T}: Add one mana of any color in your commander's color identity.
Resolve Stack: Ward {4} (Whenever this permanent becomes the target of a spell or ability an opponent controls, counter it unless that player pays {4}.) [Source: Wear (104), Target: Kappa Cannoneer (400)]
Zone Change: Kappa Cannoneer (400) was put into Graveyard from Battlefield.
Resolve Stack: Wear (104) - Destroy Kappa Cannoneer (400).
Phase: Ai(2)-Wyleth Voltron B3's Declare Blockers Step
Combat: Ai(4)-Kilo Helm Final didn't block Wyleth, Soul of Steel (200).
Phase: Ai(2)-Wyleth Voltron B3's First Strike Damage Step
Phase: Ai(2)-Wyleth Voltron B3's Combat Damage Step
Damage: Wyleth, Soul of Steel (200) deals 3 combat damage to Ai(4)-Kilo Helm Final.
Life: Life: Ai(2)-Wyleth Voltron B3 34 > 37
Life: Life: Ai(4)-Kilo Helm Final 29 > 26
Phase: Ai(2)-Wyleth Voltron B3's End of Combat Step
Phase: Ai(2)-Wyleth Voltron B3's Main phase, postcombat
Mana: Clifftop Retreat (128) - {T}: Add {R} or {W}.
Mana: Inventors' Fair (102) - {T}: Add {C}.
Add To Stack: Ai(2)-Wyleth Voltron B3 cast Talisman of Conviction
Resolve Stack: Talisman of Conviction
Mana: Talisman of Conviction (111) - {T}: Add {C}.
Mana: Slayers' Stronghold (170) - {T}: Add {C}.
Add To Stack: Ai(2)-Wyleth Voltron B3 cast Mind Stone
Resolve Stack: Mind Stone
Phase: Ai(2)-Wyleth Voltron B3's End step
Phase: Ai(2)-Wyleth Voltron B3's Cleanup step
Turn: Turn 42 (Ai(4)-Kilo Helm Final)
Phase: Ai(4)-Kilo Helm Final's Untap step
Phase: Ai(4)-Kilo Helm Final's Upkeep step
Add To Stack: Ai(4)-Kilo Helm Final triggered Inventors' Fair
Life: Life: Ai(4)-Kilo Helm Final 26 > 27
Resolve Stack: At the beginning of your upkeep, if you control three or more artifacts, you gain 1 life. [Phase: Ai(4)-Kilo Helm Final]
Phase: Ai(4)-Kilo Helm Final's Draw step
Phase: Ai(4)-Kilo Helm Final's Main phase, precombat
Phase: Ai(4)-Kilo Helm Final's Beginning of Combat Step
Phase: Ai(4)-Kilo Helm Final's Declare Attackers Step
Combat: Ai(4)-Kilo Helm Final assigned Angel of the Ruins (307) and Kilo, Apogee Mind (402) to attack Ai(2)-Wyleth Voltron B3.
Add To Stack: Ai(4)-Kilo Helm Final triggered Kilo, Apogee Mind
Resolve Stack: Whenever Kilo becomes tapped, proliferate. (Choose any number of permanents and/or players, then give each another counter of each kind already there.) [Tapped: Kilo, Apogee Mind (402)]
Phase: Ai(4)-Kilo Helm Final's Declare Blockers Step
Combat: Ai(2)-Wyleth Voltron B3 didn't block Angel of the Ruins (307).
Ai(2)-Wyleth Voltron B3 didn't block Kilo, Apogee Mind (402).
Phase: Ai(4)-Kilo Helm Final's First Strike Damage Step
Phase: Ai(4)-Kilo Helm Final's Combat Damage Step
Damage: Angel of the Ruins (307) deals 5 combat damage to Ai(2)-Wyleth Voltron B3.
Damage: Kilo, Apogee Mind (402) deals 3 combat damage to Ai(2)-Wyleth Voltron B3.
Life: Life: Ai(2)-Wyleth Voltron B3 37 > 29
Phase: Ai(4)-Kilo Helm Final's End of Combat Step
Phase: Ai(4)-Kilo Helm Final's Main phase, postcombat
Mana: Sulfur Falls (320) - {T}: Add {U} or {R}.
Mana: Razortide Bridge (323) - {T}: Add {W} or {U}.
Mana: Plains (358) - {T}: Add {W}.
Mana: Great Furnace (398) - {T}: Add {R}.
Mana: Silverbluff Bridge (327) - {T}: Add {U} or {R}.
Add To Stack: Ai(4)-Kilo Helm Final cast Inexorable Tide
Resolve Stack: Inexorable Tide
Phase: Ai(4)-Kilo Helm Final's End step
Phase: Ai(4)-Kilo Helm Final's Cleanup step
Turn: Turn 43 (Ai(1)-Wilhelt Zombies B3)
Phase: Ai(1)-Wilhelt Zombies B3's Untap step
Phase: Ai(1)-Wilhelt Zombies B3's Upkeep step
Phase: Ai(1)-Wilhelt Zombies B3's Draw step
Phase: Ai(1)-Wilhelt Zombies B3's Main phase, precombat
Phase: Ai(1)-Wilhelt Zombies B3's Beginning of Combat Step
Phase: Ai(1)-Wilhelt Zombies B3's Declare Attackers Step
Combat: Ai(1)-Wilhelt Zombies B3 assigned Wilhelt, the Rotcleaver (99) to attack Ai(4)-Kilo Helm Final.
Phase: Ai(1)-Wilhelt Zombies B3's Declare Blockers Step
Combat: Ai(4)-Kilo Helm Final didn't block Wilhelt, the Rotcleaver (99).
Phase: Ai(1)-Wilhelt Zombies B3's First Strike Damage Step
Phase: Ai(1)-Wilhelt Zombies B3's Combat Damage Step
Damage: Wilhelt, the Rotcleaver (99) deals 3 combat damage to Ai(4)-Kilo Helm Final.
Life: Life: Ai(4)-Kilo Helm Final 27 > 24
Phase: Ai(1)-Wilhelt Zombies B3's End of Combat Step
Phase: Ai(1)-Wilhelt Zombies B3's Main phase, postcombat
Phase: Ai(1)-Wilhelt Zombies B3's End step
Add To Stack: Ai(1)-Wilhelt Zombies B3 triggered Wilhelt, the Rotcleaver
Resolve Stack: At the beginning of your end step, you may sacrifice a Zombie. If you do, draw a card. [Phase: Ai(1)-Wilhelt Zombies B3]
Phase: Ai(1)-Wilhelt Zombies B3's Cleanup step
Turn: Turn 44 (Ai(2)-Wyleth Voltron B3)
Phase: Ai(2)-Wyleth Voltron B3's Untap step
Phase: Ai(2)-Wyleth Voltron B3's Upkeep step
Add To Stack: Ai(2)-Wyleth Voltron B3 triggered Inventors' Fair
Life: Life: Ai(2)-Wyleth Voltron B3 29 > 30
Resolve Stack: At the beginning of your upkeep, if you control three or more artifacts, you gain 1 life. [Phase: Ai(2)-Wyleth Voltron B3]
Phase: Ai(2)-Wyleth Voltron B3's Draw step
Mana: Plains (156) - {T}: Add {W}.
Add To Stack: Ai(2)-Wyleth Voltron B3 cast Path to Exile targeting [Angel of the Ruins (307)]
Zone Change: Angel of the Ruins (307) was put into Exile from Battlefield.
Resolve Stack: Path to Exile (108) - Exile Angel of the Ruins (307). Ai(4)-Kilo Helm Final may search their library for a basic land card, put that card onto the battlefield tapped, then shuffle their library. 
Phase: Ai(2)-Wyleth Voltron B3's Main phase, precombat
Land: Ai(2)-Wyleth Voltron B3 played Mountain (190)
Mana: Plains (154) - {T}: Add {W}.
Add To Stack: Ai(2)-Wyleth Voltron B3 cast Kor Duelist
Resolve Stack: Kor Duelist - Creature 1 / 1
Mana: Mountain (178) - {T}: Add {R}.
Mana: Mountain (177) - {T}: Add {R}.
Mana: Mountain (191) - {T}: Add {R}.
Mana: Plains (155) - {T}: Add {W}.
Zone Change: Inventors' Fair (102) was put into Graveyard from Battlefield.
Add To Stack: Ai(2)-Wyleth Voltron B3 activated Inventors' Fair
Resolve Stack: Inventors' Fair (102) - Ai(2)-Wyleth Voltron B3 searches their library for an artifact card, reveals it, puts it into their hand, then shuffles.
Phase: Ai(2)-Wyleth Voltron B3's Beginning of Combat Step
Phase: Ai(2)-Wyleth Voltron B3's Declare Attackers Step
Combat: Ai(2)-Wyleth Voltron B3 assigned Wyleth, Soul of Steel (200) and Sunspear Shikari (143) to attack Ai(1)-Wilhelt Zombies B3.
Add To Stack: Ai(2)-Wyleth Voltron B3 triggered Wyleth, Soul of Steel
Resolve Stack: Whenever Wyleth, Soul of Steel attacks, draw a card for each Aura and Equipment attached to it. [Attacker: Wyleth, Soul of Steel (200)]
Phase: Ai(2)-Wyleth Voltron B3's Declare Blockers Step
Combat: Ai(1)-Wilhelt Zombies B3 didn't block Wyleth, Soul of Steel (200).
Ai(1)-Wilhelt Zombies B3 didn't block Sunspear Shikari (143).
Phase: Ai(2)-Wyleth Voltron B3's First Strike Damage Step
Phase: Ai(2)-Wyleth Voltron B3's Combat Damage Step
Damage: Wyleth, Soul of Steel (200) deals 3 combat damage to Ai(1)-Wilhelt Zombies B3.
Life: Life: Ai(2)-Wyleth Voltron B3 30 > 33
Damage: Sunspear Shikari (143) deals 2 combat damage to Ai(1)-Wilhelt Zombies B3.
Life: Life: Ai(1)-Wilhelt Zombies B3 15 > 10
Phase: Ai(2)-Wyleth Voltron B3's End of Combat Step
Phase: Ai(2)-Wyleth Voltron B3's Main phase, postcombat
Phase: Ai(2)-Wyleth Voltron B3's End step
Phase: Ai(2)-Wyleth Voltron B3's Cleanup step
Turn: Turn 45 (Ai(4)-Kilo Helm Final)
Phase: Ai(4)-Kilo Helm Final's Untap step
Phase: Ai(4)-Kilo Helm Final's Upkeep step
Add To Stack: Ai(4)-Kilo Helm Final triggered Inventors' Fair
Life: Life: Ai(4)-Kilo Helm Final 24 > 25
Resolve Stack: At the beginning of your upkeep, if you control three or more artifacts, you gain 1 life. [Phase: Ai(4)-Kilo Helm Final]
Phase: Ai(4)-Kilo Helm Final's Draw step
Phase: Ai(4)-Kilo Helm Final's Main phase, precombat
Land: Ai(4)-Kilo Helm Final played Mountain (390)
Mana: Island (365) - {T}: Add {U}.
Mana: Plains (358) - {T}: Add {W}.
Mana: Great Furnace (398) - {T}: Add {R}.
Mana: Mountain (390) - {T}: Add {R}.
Add To Stack: Ai(4)-Kilo Helm Final cast Padeem, Consul of Innovation
Add To Stack: Ai(4)-Kilo Helm Final triggered Inexorable Tide
Resolve Stack: Whenever you cast a spell, proliferate. [Card: Padeem, Consul of Innovation (303), Activator: Ai(4)-Kilo Helm Final, SpellAbility: Padeem, Consul of Innovation - Creature 1 / 4]
Resolve Stack: Padeem, Consul of Innovation - Creature 1 / 4
Mana: Sulfur Falls (320) - {T}: Add {U} or {R}.
Mana: Razortide Bridge (323) - {T}: Add {W} or {U}.
Mana: Silverbluff Bridge (327) - {T}: Add {U} or {R}.
Mana: Radiant Summit (322) - {T}: Add {R}.
Add To Stack: Ai(4)-Kilo Helm Final cast Mindless Automaton
Add To Stack: Ai(4)-Kilo Helm Final triggered Inexorable Tide
Resolve Stack: Whenever you cast a spell, proliferate. [Card: Mindless Automaton (370), Activator: Ai(4)-Kilo Helm Final, SpellAbility: Mindless Automaton - Creature 0 / 0]
Replacement Effect: Mindless Automaton enters with two +1/+1 counters on it.
Resolve Stack: Mindless Automaton - Creature 0 / 0
Add To Stack: Ai(4)-Kilo Helm Final activated Mindless Automaton
Zone Change: Mindless Automaton (370) was put into Graveyard from Battlefield.
Resolve Stack: Mindless Automaton (370) - Ai(4)-Kilo Helm Final draws a card.
Phase: Ai(4)-Kilo Helm Final's Beginning of Combat Step
Phase: Ai(4)-Kilo Helm Final's Declare Attackers Step
Combat: Ai(4)-Kilo Helm Final assigned Kilo, Apogee Mind (402) to attack Ai(2)-Wyleth Voltron B3.
Add To Stack: Ai(4)-Kilo Helm Final triggered Kilo, Apogee Mind
Resolve Stack: Whenever Kilo becomes tapped, proliferate. (Choose any number of permanents and/or players, then give each another counter of each kind already there.) [Tapped: Kilo, Apogee Mind (402)]
Phase: Ai(4)-Kilo Helm Final's Declare Blockers Step
Combat: Ai(2)-Wyleth Voltron B3 didn't block Kilo, Apogee Mind (402).
Phase: Ai(4)-Kilo Helm Final's First Strike Damage Step
Phase: Ai(4)-Kilo Helm Final's Combat Damage Step
Damage: Kilo, Apogee Mind (402) deals 3 combat damage to Ai(2)-Wyleth Voltron B3.
Life: Life: Ai(2)-Wyleth Voltron B3 33 > 30
Phase: Ai(4)-Kilo Helm Final's End of Combat Step
Phase: Ai(4)-Kilo Helm Final's Main phase, postcombat
Phase: Ai(4)-Kilo Helm Final's End step
Phase: Ai(4)-Kilo Helm Final's Cleanup step
Turn: Turn 46 (Ai(1)-Wilhelt Zombies B3)
Phase: Ai(1)-Wilhelt Zombies B3's Untap step
Phase: Ai(1)-Wilhelt Zombies B3's Upkeep step
Phase: Ai(1)-Wilhelt Zombies B3's Draw step
Phase: Ai(1)-Wilhelt Zombies B3's Main phase, precombat
Phase: Ai(1)-Wilhelt Zombies B3's Beginning of Combat Step
Phase: Ai(1)-Wilhelt Zombies B3's Declare Attackers Step
Combat: Ai(1)-Wilhelt Zombies B3 assigned Wilhelt, the Rotcleaver (99) to attack Ai(2)-Wyleth Voltron B3.
Phase: Ai(1)-Wilhelt Zombies B3's Declare Blockers Step
Combat: Ai(2)-Wyleth Voltron B3 didn't block Wilhelt, the Rotcleaver (99).
Phase: Ai(1)-Wilhelt Zombies B3's First Strike Damage Step
Phase: Ai(1)-Wilhelt Zombies B3's Combat Damage Step
Damage: Wilhelt, the Rotcleaver (99) deals 3 combat damage to Ai(2)-Wyleth Voltron B3.
Life: Life: Ai(2)-Wyleth Voltron B3 30 > 27
Phase: Ai(1)-Wilhelt Zombies B3's End of Combat Step
Phase: Ai(1)-Wilhelt Zombies B3's Main phase, postcombat
Mana: Swamp (71) - {T}: Add {B}.
Mana: Swamp (76) - {T}: Add {B}.
Add To Stack: Ai(1)-Wilhelt Zombies B3 cast Undead Augur
Resolve Stack: Undead Augur - Creature 2 / 2
Phase: Ai(1)-Wilhelt Zombies B3's End step
Add To Stack: Ai(1)-Wilhelt Zombies B3 triggered Wilhelt, the Rotcleaver
Resolve Stack: At the beginning of your end step, you may sacrifice a Zombie. If you do, draw a card. [Phase: Ai(1)-Wilhelt Zombies B3]
Phase: Ai(1)-Wilhelt Zombies B3's Cleanup step
Turn: Turn 47 (Ai(2)-Wyleth Voltron B3)
Phase: Ai(2)-Wyleth Voltron B3's Untap step
Phase: Ai(2)-Wyleth Voltron B3's Upkeep step
Phase: Ai(2)-Wyleth Voltron B3's Draw step
Phase: Ai(2)-Wyleth Voltron B3's Main phase, precombat
Land: Ai(2)-Wyleth Voltron B3 played Plains (159)
Phase: Ai(2)-Wyleth Voltron B3's Beginning of Combat Step
Phase: Ai(2)-Wyleth Voltron B3's Declare Attackers Step
Combat: Ai(2)-Wyleth Voltron B3 assigned Wyleth, Soul of Steel (200) and Sunspear Shikari (143) to attack Ai(1)-Wilhelt Zombies B3.
Add To Stack: Ai(2)-Wyleth Voltron B3 triggered Wyleth, Soul of Steel
Resolve Stack: Whenever Wyleth, Soul of Steel attacks, draw a card for each Aura and Equipment attached to it. [Attacker: Wyleth, Soul of Steel (200)]
Phase: Ai(2)-Wyleth Voltron B3's Declare Blockers Step
Combat: Ai(1)-Wilhelt Zombies B3 didn't block Wyleth, Soul of Steel (200).
Ai(1)-Wilhelt Zombies B3 assigned Undead Augur (8) to block Sunspear Shikari (143).
Phase: Ai(2)-Wyleth Voltron B3's First Strike Damage Step
Phase: Ai(2)-Wyleth Voltron B3's Combat Damage Step
Damage: Wyleth, Soul of Steel (200) deals 3 combat damage to Ai(1)-Wilhelt Zombies B3.
Life: Life: Ai(2)-Wyleth Voltron B3 27 > 30
Damage: Sunspear Shikari (143) deals 2 damage to Undead Augur (8).
Damage: Undead Augur (8) deals 2 damage to Sunspear Shikari (143).
Life: Life: Ai(1)-Wilhelt Zombies B3 10 > 7
Zone Change: Sunspear Shikari (143) was put into Graveyard from Battlefield.
Zone Change: Undead Augur (8) was put into Graveyard from Battlefield.
Add To Stack: Ai(1)-Wilhelt Zombies B3 triggered Undead Augur
Add To Stack: Ai(1)-Wilhelt Zombies B3 triggered Wilhelt, the Rotcleaver
Resolve Stack: Whenever another Zombie you control dies, if it didn't have decayed, create a 2/2 black Zombie creature token with decayed. (It can't block. When it attacks, sacrifice it at end of combat.) [Zone Changer: Undead Augur (8)]
Life: Life: Ai(1)-Wilhelt Zombies B3 7 > 6
Resolve Stack: Whenever Undead Augur or another Zombie you control dies, you draw a card and you lose 1 life. [Zone Changer: Undead Augur (8)]
Phase: Ai(2)-Wyleth Voltron B3's End of Combat Step
Phase: Ai(2)-Wyleth Voltron B3's Main phase, postcombat
Mana: Plains (156) - {T}: Add {W}.
Mana: Plains (154) - {T}: Add {W}.
Mana: Plains (155) - {T}: Add {W}.
Mana: Plains (159) - {T}: Add {W}.
Add To Stack: Ai(2)-Wyleth Voltron B3 cast Hammer of Nazahn
Resolve Stack: Hammer of Nazahn
Add To Stack: Ai(2)-Wyleth Voltron B3 triggered Hammer of Nazahn targeting [Kor Duelist (167)]
Resolve Stack: Whenever Hammer of Nazahn or another Equipment you control enters, you may attach that Equipment to target creature you control. (Targeting: [[Kor Duelist (167)]]) [Zone Changer: Hammer of Nazahn (106)]
Phase: Ai(2)-Wyleth Voltron B3's End step
Phase: Ai(2)-Wyleth Voltron B3's Cleanup step
Turn: Turn 48 (Ai(4)-Kilo Helm Final)
Phase: Ai(4)-Kilo Helm Final's Untap step
Phase: Ai(4)-Kilo Helm Final's Upkeep step
Add To Stack: Ai(4)-Kilo Helm Final triggered Inventors' Fair
Life: Life: Ai(4)-Kilo Helm Final 25 > 26
Resolve Stack: At the beginning of your upkeep, if you control three or more artifacts, you gain 1 life. [Phase: Ai(4)-Kilo Helm Final]
Phase: Ai(4)-Kilo Helm Final's Draw step
Phase: Ai(4)-Kilo Helm Final's Main phase, precombat
Mana: Great Furnace (398) - {T}: Add {R}.
Mana: Mountain (390) - {T}: Add {R}.
Mana: Island (365) - {T}: Add {U}.
Mana: Plains (358) - {T}: Add {W}.
Add To Stack: Ai(4)-Kilo Helm Final cast Unwinding Clock
Add To Stack: Ai(4)-Kilo Helm Final triggered Inexorable Tide
Resolve Stack: Whenever you cast a spell, proliferate. [Card: Unwinding Clock (371), Activator: Ai(4)-Kilo Helm Final, SpellAbility: Unwinding Clock]
Resolve Stack: Unwinding Clock
Mana: Sulfur Falls (320) - {T}: Add {U} or {R}.
Mana: Silverbluff Bridge (327) - {T}: Add {U} or {R}.
Mana: Razortide Bridge (323) - {T}: Add {W} or {U}.
Add To Stack: Ai(4)-Kilo Helm Final cast Insight Engine
Add To Stack: Ai(4)-Kilo Helm Final triggered Inexorable Tide
Resolve Stack: Whenever you cast a spell, proliferate. [Card: Insight Engine (335), Activator: Ai(4)-Kilo Helm Final, SpellAbility: Insight Engine]
Resolve Stack: Insight Engine
Phase: Ai(4)-Kilo Helm Final's Beginning of Combat Step
Phase: Ai(4)-Kilo Helm Final's Declare Attackers Step
Phase: Ai(4)-Kilo Helm Final's Declare Blockers Step
Phase: Ai(4)-Kilo Helm Final's First Strike Damage Step
Phase: Ai(4)-Kilo Helm Final's Combat Damage Step
Phase: Ai(4)-Kilo Helm Final's End of Combat Step
Phase: Ai(4)-Kilo Helm Final's Main phase, postcombat
Mana: Radiant Summit (322) - {T}: Add {W}.
Add To Stack: Ai(4)-Kilo Helm Final cast Enlightened Tutor
Add To Stack: Ai(4)-Kilo Helm Final triggered Inexorable Tide
Resolve Stack: Whenever you cast a spell, proliferate. [Card: Enlightened Tutor (368), Activator: Ai(4)-Kilo Helm Final, SpellAbility: Search your library for an artifact or enchantment card, reveal it, then shuffle and put that card on top.]
Resolve Stack: Enlightened Tutor (368) - Ai(4)-Kilo Helm Final searches their library for an artifact or enchantment card, reveals it, puts it , then shuffles.
Phase: Ai(4)-Kilo Helm Final's End step
Phase: Ai(4)-Kilo Helm Final's Cleanup step
Turn: Turn 49 (Ai(1)-Wilhelt Zombies B3)
Phase: Ai(1)-Wilhelt Zombies B3's Untap step
Phase: Ai(1)-Wilhelt Zombies B3's Upkeep step
Mana: Razortide Bridge (323) - {T}: Add {W} or {U}.
Mana: Great Furnace (398) - {T}: Add {R}.
Mana: Silverbluff Bridge (327) - {T}: Add {U} or {R}.
Add To Stack: Ai(4)-Kilo Helm Final cast Thirst for Knowledge
Add To Stack: Ai(4)-Kilo Helm Final triggered Inexorable Tide
Resolve Stack: Whenever you cast a spell, proliferate. [Card: Thirst for Knowledge (393), Activator: Ai(4)-Kilo Helm Final, SpellAbility: Draw three cards. Then discard two cards unless you discard an artifact card. ]
Discard: Ai(4)-Kilo Helm Final discards Etherium Sculptor (362).
Resolve Stack: Thirst for Knowledge (393) - Ai(4)-Kilo Helm Final draws three cards. Ai(4)-Kilo Helm Final discards two cards.
Mana: Academy Ruins (355) - {T}: Add {C}.
Mana: Inventors' Fair (304) - {T}: Add {C}.
Add To Stack: Ai(4)-Kilo Helm Final activated Insight Engine
Resolve Stack: Insight Engine (335) - Ai(4)-Kilo Helm Final puts a charge counter on Insight Engine (335) for each charge counter on it. Ai(4)-Kilo Helm Final draws a card.
Phase: Ai(1)-Wilhelt Zombies B3's Draw step
Phase: Ai(1)-Wilhelt Zombies B3's Main phase, precombat
Mana: Swamp (71) - {T}: Add {B}.
Mana: Swamp (76) - {T}: Add {B}.
Mana: Island (45) - {T}: Add {U}.
Mana: Island (41) - {T}: Add {U}.
Mana: Island (50) - {T}: Add {U}.
Add To Stack: Ai(1)-Wilhelt Zombies B3 cast Noxious Ghoul
Resolve Stack: Noxious Ghoul - Creature 3 / 3
Add To Stack: Ai(1)-Wilhelt Zombies B3 triggered Noxious Ghoul
Resolve Stack: Whenever Noxious Ghoul or another Zombie enters, all non-Zombie creatures get -1/-1 until end of turn. [Zone Changer: Noxious Ghoul (69)]
Zone Change: Kor Duelist (167) was put into Graveyard from Battlefield.
Phase: Ai(1)-Wilhelt Zombies B3's Beginning of Combat Step
Phase: Ai(1)-Wilhelt Zombies B3's Declare Attackers Step
Combat: Ai(1)-Wilhelt Zombies B3 assigned Wilhelt, the Rotcleaver (99) to attack Ai(4)-Kilo Helm Final.
Phase: Ai(1)-Wilhelt Zombies B3's Declare Blockers Step
Combat: Ai(4)-Kilo Helm Final didn't block Wilhelt, the Rotcleaver (99).
Phase: Ai(1)-Wilhelt Zombies B3's First Strike Damage Step
Phase: Ai(1)-Wilhelt Zombies B3's Combat Damage Step
Damage: Wilhelt, the Rotcleaver (99) deals 3 combat damage to Ai(4)-Kilo Helm Final.
Life: Life: Ai(4)-Kilo Helm Final 26 > 23
Phase: Ai(1)-Wilhelt Zombies B3's End of Combat Step
Phase: Ai(1)-Wilhelt Zombies B3's Main phase, postcombat
Replacement Effect: As Watery Grave enters, you may pay 2 life. If you don't, it enters tapped.
Land: Ai(1)-Wilhelt Zombies B3 played Watery Grave (5)
Mana: Swamp (72) - {T}: Add {B}.
Mana: Island (43) - {T}: Add {U}.
Mana: Swamp (75) - {T}: Add {B}.
Mana: Swamp (88) - {T}: Add {B}.
Mana: Swamp (79) - {T}: Add {B}.
Add To Stack: Ai(1)-Wilhelt Zombies B3 cast Ravenous Rotbelly
Resolve Stack: Ravenous Rotbelly - Creature 4 / 5
Add To Stack: Ai(1)-Wilhelt Zombies B3 triggered Ravenous Rotbelly
Add To Stack: Ai(1)-Wilhelt Zombies B3 triggered Noxious Ghoul
Resolve Stack: Whenever Noxious Ghoul or another Zombie enters, all non-Zombie creatures get -1/-1 until end of turn. [Zone Changer: Ravenous Rotbelly (55)]
Zone Change: Zombie Token (454) was put into Graveyard from Battlefield.
Zone Change: Wilhelt, the Rotcleaver (99) was put into Graveyard from Battlefield.
Zone Change: Noxious Ghoul (69) was put into Graveyard from Battlefield.
Resolve Stack: When Ravenous Rotbelly enters, you may sacrifice up to three Zombies. When you sacrifice one or more Zombies this way, each opponent sacrifices that many creatures. [Zone Changer: Ravenous Rotbelly (55)]
Add To Stack: Ai(1)-Wilhelt Zombies B3 triggered Ravenous Rotbelly
Add To Stack: Ai(1)-Wilhelt Zombies B3 triggered Wilhelt, the Rotcleaver
Resolve Stack: Whenever another Zombie you control dies, if it didn't have decayed, create a 2/2 black Zombie creature token with decayed. (It can't block. When it attacks, sacrifice it at end of combat.) [Zone Changer: Noxious Ghoul (69)]
Zone Change: Wyleth, Soul of Steel (200) was put into Graveyard from Battlefield.
Zone Change: Padeem, Consul of Innovation (303) was put into Graveyard from Battlefield.
Zone Change: Kilo, Apogee Mind (402) was put into Graveyard from Battlefield.
Resolve Stack: When you sacrifice one or more Zombies this way, each opponent sacrifices that many creatures. ([Zombie Token (454), Wilhelt, the Rotcleaver (99), Noxious Ghoul (69)])
Phase: Ai(1)-Wilhelt Zombies B3's End step
Phase: Ai(1)-Wilhelt Zombies B3's Cleanup step
Turn: Turn 50 (Ai(2)-Wyleth Voltron B3)
Phase: Ai(2)-Wyleth Voltron B3's Untap step
Phase: Ai(2)-Wyleth Voltron B3's Upkeep step
Mana: Great Furnace (398) - {T}: Add {R}.
Mana: Silverbluff Bridge (327) - {T}: Add {U} or {R}.
Add To Stack: Ai(4)-Kilo Helm Final activated Insight Engine
Resolve Stack: Insight Engine (335) - Ai(4)-Kilo Helm Final puts a charge counter on Insight Engine (335) for each charge counter on it. Ai(4)-Kilo Helm Final draws two cards.
Phase: Ai(2)-Wyleth Voltron B3's Draw step
Phase: Ai(2)-Wyleth Voltron B3's Main phase, precombat
Land: Ai(2)-Wyleth Voltron B3 played Plains (158)
Mana: Plains (156) - {T}: Add {W}.
Mana: Mountain (178) - {T}: Add {R}.
Mana: Plains (154) - {T}: Add {W}.
Mana: Plains (155) - {T}: Add {W}.
Mana: Plains (159) - {T}: Add {W}.
Mana: Plains (158) - {T}: Add {W}.
Mana: Mountain (177) - {T}: Add {R}.
Mana: Mountain (191) - {T}: Add {R}.
Mana: Mountain (182) - {T}: Add {R}.
Add To Stack: Ai(2)-Wyleth Voltron B3 cast Wyleth, Soul of Steel
Resolve Stack: Wyleth, Soul of Steel - Creature 2 / 2
Mana: Mountain (190) - {T}: Add {R}.
Mana: Command Tower (113) - {T}: Add one mana of any color in your commander's color identity.
Mana: Clifftop Retreat (128) - {T}: Add {R} or {W}.
Mana: Talisman of Conviction (111) - {T}: Add {C}.
Add To Stack: Ai(2)-Wyleth Voltron B3 activated Hammer of Nazahn targeting [Wyleth, Soul of Steel (200)]
Resolve Stack: Hammer of Nazahn (106) -  Attach to Wyleth, Soul of Steel (200)
Mana: Slayers' Stronghold (170) - {T}: Add {C}.
Mana: Mind Stone (107) - {T}: Add {C}.
Add To Stack: Ai(2)-Wyleth Voltron B3 activated Shadowspear targeting [Wyleth, Soul of Steel (200)]
Resolve Stack: Shadowspear (110) -  Attach to Wyleth, Soul of Steel (200)
Phase: Ai(2)-Wyleth Voltron B3's Beginning of Combat Step
Phase: Ai(2)-Wyleth Voltron B3's Declare Attackers Step
Phase: Ai(2)-Wyleth Voltron B3's Declare Blockers Step
Phase: Ai(2)-Wyleth Voltron B3's First Strike Damage Step
Phase: Ai(2)-Wyleth Voltron B3's Combat Damage Step
Phase: Ai(2)-Wyleth Voltron B3's End of Combat Step
Phase: Ai(2)-Wyleth Voltron B3's Main phase, postcombat
Phase: Ai(2)-Wyleth Voltron B3's End step
Phase: Ai(2)-Wyleth Voltron B3's Cleanup step
Turn: Turn 51 (Ai(4)-Kilo Helm Final)
Phase: Ai(4)-Kilo Helm Final's Untap step
Phase: Ai(4)-Kilo Helm Final's Upkeep step
Add To Stack: Ai(4)-Kilo Helm Final triggered Inventors' Fair
Life: Life: Ai(4)-Kilo Helm Final 23 > 24
Resolve Stack: At the beginning of your upkeep, if you control three or more artifacts, you gain 1 life. [Phase: Ai(4)-Kilo Helm Final]
Phase: Ai(4)-Kilo Helm Final's Draw step
Phase: Ai(4)-Kilo Helm Final's Main phase, precombat
Land: Ai(4)-Kilo Helm Final played The Mycosynth Gardens (363)
Mana: Plains (358) - {T}: Add {W}.
Mana: Great Furnace (398) - {T}: Add {R}.
Mana: Mountain (390) - {T}: Add {R}.
Mana: Island (365) - {T}: Add {U}.
Mana: Sulfur Falls (320) - {T}: Add {U} or {R}.
Add To Stack: Ai(4)-Kilo Helm Final cast Alibou, Ancient Witness
Add To Stack: Ai(4)-Kilo Helm Final triggered Inexorable Tide
Resolve Stack: Whenever you cast a spell, proliferate. [Card: Alibou, Ancient Witness (373), Activator: Ai(4)-Kilo Helm Final, SpellAbility: Alibou, Ancient Witness - Creature 4 / 5]
Resolve Stack: Alibou, Ancient Witness - Creature 4 / 5
Mana: Razortide Bridge (323) - {T}: Add {W} or {U}.
Mana: Silverbluff Bridge (327) - {T}: Add {U} or {R}.
Mana: Radiant Summit (322) - {T}: Add {R}.
Mana: Academy Ruins (355) - {T}: Add {C}.
Add To Stack: Ai(4)-Kilo Helm Final cast Phyrexian Metamorph
Add To Stack: Ai(4)-Kilo Helm Final triggered Inexorable Tide
Resolve Stack: Whenever you cast a spell, proliferate. [Card: Phyrexian Metamorph (326), Activator: Ai(4)-Kilo Helm Final, SpellAbility: Phyrexian Metamorph - Creature 0 / 0]
Replacement Effect: You may have Ravenous Rotbelly enter as a copy of any artifact or creature on the battlefield, except it's an artifact in addition to its other types.
Resolve Stack: Phyrexian Metamorph - Creature 0 / 0
Add To Stack: Ai(4)-Kilo Helm Final triggered Ravenous Rotbelly
Zone Change: Ravenous Rotbelly (326) was put into Graveyard from Battlefield.
Resolve Stack: When Ravenous Rotbelly enters, you may sacrifice up to three Zombies. When you sacrifice one or more Zombies this way, each opponent sacrifices that many creatures. [Zone Changer: Ravenous Rotbelly (326)]
Add To Stack: Ai(4)-Kilo Helm Final triggered Ravenous Rotbelly
Zone Change: Zombie Token (457) was put into Graveyard from Battlefield.
Zone Change: Wyleth, Soul of Steel (200) was put into Graveyard from Battlefield.
Resolve Stack: When you sacrifice one or more Zombies this way, each opponent sacrifices that many creatures. ([Ravenous Rotbelly (326)])
Phase: Ai(4)-Kilo Helm Final's Beginning of Combat Step
Phase: Ai(4)-Kilo Helm Final's Declare Attackers Step
Phase: Ai(4)-Kilo Helm Final's Declare Blockers Step
Phase: Ai(4)-Kilo Helm Final's First Strike Damage Step
Phase: Ai(4)-Kilo Helm Final's Combat Damage Step
Phase: Ai(4)-Kilo Helm Final's End of Combat Step
Phase: Ai(4)-Kilo Helm Final's Main phase, postcombat
Phase: Ai(4)-Kilo Helm Final's End step
Phase: Ai(4)-Kilo Helm Final's Cleanup step
Turn: Turn 52 (Ai(1)-Wilhelt Zombies B3)
Phase: Ai(1)-Wilhelt Zombies B3's Untap step
Phase: Ai(1)-Wilhelt Zombies B3's Upkeep step
Mana: Great Furnace (398) - {T}: Add {R}.
Mana: Silverbluff Bridge (327) - {T}: Add {U} or {R}.
Add To Stack: Ai(4)-Kilo Helm Final activated Insight Engine
Resolve Stack: Insight Engine (335) - Ai(4)-Kilo Helm Final puts a charge counter on Insight Engine (335) for each charge counter on it. Ai(4)-Kilo Helm Final draws five cards.
Phase: Ai(1)-Wilhelt Zombies B3's Draw step
Phase: Ai(1)-Wilhelt Zombies B3's Main phase, precombat
Phase: Ai(1)-Wilhelt Zombies B3's Beginning of Combat Step
Phase: Ai(1)-Wilhelt Zombies B3's Declare Attackers Step
Phase: Ai(1)-Wilhelt Zombies B3's Declare Blockers Step
Phase: Ai(1)-Wilhelt Zombies B3's First Strike Damage Step
Phase: Ai(1)-Wilhelt Zombies B3's Combat Damage Step
Phase: Ai(1)-Wilhelt Zombies B3's End of Combat Step
Phase: Ai(1)-Wilhelt Zombies B3's Main phase, postcombat
Mana: Island (45) - {T}: Add {U}.
Mana: Swamp (71) - {T}: Add {B}.
Mana: Island (41) - {T}: Add {U}.
Mana: Island (50) - {T}: Add {U}.
Mana: Island (43) - {T}: Add {U}.
Mana: Swamp (76) - {T}: Add {B}.
Mana: Swamp (72) - {T}: Add {B}.
Mana: Swamp (75) - {T}: Add {B}.
Mana: Swamp (88) - {T}: Add {B}.
Mana: Swamp (79) - {T}: Add {B}.
Add To Stack: Ai(1)-Wilhelt Zombies B3 cast Wilhelt, the Rotcleaver
Resolve Stack: Wilhelt, the Rotcleaver - Creature 3 / 3
Mana: Temple of Deceit (11) - {T}: Add {U} or {B}.
Add To Stack: Ai(1)-Wilhelt Zombies B3 cast Shambling Ghast
Resolve Stack: Shambling Ghast - Creature 1 / 1
Phase: Ai(1)-Wilhelt Zombies B3's End step
Add To Stack: Ai(1)-Wilhelt Zombies B3 triggered Wilhelt, the Rotcleaver
Resolve Stack: At the beginning of your end step, you may sacrifice a Zombie. If you do, draw a card. [Phase: Ai(1)-Wilhelt Zombies B3]
Phase: Ai(1)-Wilhelt Zombies B3's Cleanup step
Turn: Turn 53 (Ai(2)-Wyleth Voltron B3)
Phase: Ai(2)-Wyleth Voltron B3's Untap step
Phase: Ai(2)-Wyleth Voltron B3's Upkeep step
Phase: Ai(2)-Wyleth Voltron B3's Draw step
Phase: Ai(2)-Wyleth Voltron B3's Main phase, precombat
Land: Ai(2)-Wyleth Voltron B3 played Mountain (179)
Mana: Plains (156) - {T}: Add {W}.
Mana: Mountain (178) - {T}: Add {R}.
Mana: Plains (154) - {T}: Add {W}.
Mana: Plains (155) - {T}: Add {W}.
Mana: Plains (159) - {T}: Add {W}.
Mana: Plains (158) - {T}: Add {W}.
Mana: Mountain (177) - {T}: Add {R}.
Mana: Mountain (191) - {T}: Add {R}.
Mana: Mountain (182) - {T}: Add {R}.
Mana: Mountain (190) - {T}: Add {R}.
Mana: Mountain (179) - {T}: Add {R}.
Add To Stack: Ai(2)-Wyleth Voltron B3 cast Wyleth, Soul of Steel
Mana: Great Furnace (398) - {T}: Add {R}.
Mana: Silverbluff Bridge (327) - {T}: Add {U} or {R}.
Mana: Razortide Bridge (323) - {T}: Add {W} or {U}.
Add To Stack: Ai(4)-Kilo Helm Final cast Chaos Warp targeting [Ravenous Rotbelly (55)]
Add To Stack: Ai(4)-Kilo Helm Final triggered Inexorable Tide
Resolve Stack: Whenever you cast a spell, proliferate. [Card: Chaos Warp (333), Activator: Ai(4)-Kilo Helm Final, SpellAbility: The owner of target permanent shuffles it into their library, then reveals the top card of their library. If it's a permanent card, they put it onto the battlefield. ]
Resolve Stack: Chaos Warp (333) - Shuffle Ravenous Rotbelly (55) into its owner's library. Ai(4)-Kilo Helm Final reveals the top card of Ai(1)-Wilhelt Zombies B3's library.
Resolve Stack: Wyleth, Soul of Steel - Creature 2 / 2
Mana: Command Tower (113) - {T}: Add one mana of any color in your commander's color identity.
Mana: Clifftop Retreat (128) - {T}: Add {R} or {W}.
Mana: Talisman of Conviction (111) - {T}: Add {C}.
Mana: Slayers' Stronghold (170) - {T}: Add {C}.
Add To Stack: Ai(2)-Wyleth Voltron B3 activated Hammer of Nazahn targeting [Wyleth, Soul of Steel (200)]
Resolve Stack: Hammer of Nazahn (106) -  Attach to Wyleth, Soul of Steel (200)
Mana: Mind Stone (107) - {T}: Add {C}.
Add To Stack: Ai(2)-Wyleth Voltron B3 activated Swiftfoot Boots targeting [Wyleth, Soul of Steel (200)]
Resolve Stack: Swiftfoot Boots (109) -  Attach to Wyleth, Soul of Steel (200)
Phase: Ai(2)-Wyleth Voltron B3's Beginning of Combat Step
Phase: Ai(2)-Wyleth Voltron B3's Declare Attackers Step
Combat: Ai(2)-Wyleth Voltron B3 assigned Wyleth, Soul of Steel (200) to attack Ai(4)-Kilo Helm Final.
Add To Stack: Ai(2)-Wyleth Voltron B3 triggered Wyleth, Soul of Steel
Resolve Stack: Whenever Wyleth, Soul of Steel attacks, draw a card for each Aura and Equipment attached to it. [Attacker: Wyleth, Soul of Steel (200)]
Phase: Ai(2)-Wyleth Voltron B3's Declare Blockers Step
Combat: Ai(4)-Kilo Helm Final assigned Alibou, Ancient Witness (373) to block Wyleth, Soul of Steel (200).
Phase: Ai(2)-Wyleth Voltron B3's First Strike Damage Step
Phase: Ai(2)-Wyleth Voltron B3's Combat Damage Step
Damage: Wyleth, Soul of Steel (200) deals 4 damage to Alibou, Ancient Witness (373).
Damage: Alibou, Ancient Witness (373) deals 4 damage to Wyleth, Soul of Steel (200).
Phase: Ai(2)-Wyleth Voltron B3's End of Combat Step
Phase: Ai(2)-Wyleth Voltron B3's Main phase, postcombat
Phase: Ai(2)-Wyleth Voltron B3's End step
Phase: Ai(2)-Wyleth Voltron B3's Cleanup step
Turn: Turn 54 (Ai(4)-Kilo Helm Final)
Phase: Ai(4)-Kilo Helm Final's Untap step
Phase: Ai(4)-Kilo Helm Final's Upkeep step
Add To Stack: Ai(4)-Kilo Helm Final triggered Inventors' Fair
Life: Life: Ai(4)-Kilo Helm Final 24 > 25
Resolve Stack: At the beginning of your upkeep, if you control three or more artifacts, you gain 1 life. [Phase: Ai(4)-Kilo Helm Final]
Phase: Ai(4)-Kilo Helm Final's Draw step
Phase: Ai(4)-Kilo Helm Final's Main phase, precombat
Land: Ai(4)-Kilo Helm Final played Spire of Industry (312)
Mana: Plains (358) - {T}: Add {W}.
Mana: Great Furnace (398) - {T}: Add {R}.
Mana: Mountain (390) - {T}: Add {R}.
Mana: Island (365) - {T}: Add {U}.
Mana: Sulfur Falls (320) - {T}: Add {U} or {R}.
Mana: Silverbluff Bridge (327) - {T}: Add {U} or {R}.
Mana: Razortide Bridge (323) - {T}: Add {W} or {U}.
Add To Stack: Ai(4)-Kilo Helm Final cast Wake the Past
Add To Stack: Ai(4)-Kilo Helm Final triggered Inexorable Tide
Resolve Stack: Whenever you cast a spell, proliferate. [Card: Wake the Past (352), Activator: Ai(4)-Kilo Helm Final, SpellAbility: Return all artifact cards from your graveyard to the battlefield. They gain haste until end of turn.  ]
Replacement Effect: Hangarback Walker enters with X +1/+1 counters on it.
Replacement Effect: Mindless Automaton enters with two +1/+1 counters on it.
Replacement Effect: You may have Unwinding Clock enter as a copy of any artifact or creature on the battlefield, except it's an artifact in addition to its other types.
Resolve Stack: Wake the Past (352) - Return all artifact cards from your graveyard to the battlefield. They gain haste until end of turn.  
Zone Change: Hangarback Walker (372) was put into Graveyard from Battlefield.
Add To Stack: Ai(4)-Kilo Helm Final triggered Kappa Cannoneer
Add To Stack: Ai(4)-Kilo Helm Final triggered Kappa Cannoneer
Add To Stack: Ai(4)-Kilo Helm Final triggered Kappa Cannoneer
Add To Stack: Ai(4)-Kilo Helm Final triggered Kappa Cannoneer
Add To Stack: Ai(4)-Kilo Helm Final triggered Kappa Cannoneer
Add To Stack: Ai(4)-Kilo Helm Final triggered Hangarback Walker
Resolve Stack: When Hangarback Walker dies, create a 1/1 colorless Thopter artifact creature token with flying for each +1/+1 counter on Hangarback Walker. [Zone Changer: Hangarback Walker (372)]
Resolve Stack: Whenever an artifact you control enters, put a +1/+1 counter on Kappa Cannoneer and it can't be blocked this turn. [Zone Changer: Unwinding Clock (326)]
Resolve Stack: Whenever an artifact you control enters, put a +1/+1 counter on Kappa Cannoneer and it can't be blocked this turn. [Zone Changer: Etherium Sculptor (362)]
Resolve Stack: Whenever an artifact you control enters, put a +1/+1 counter on Kappa Cannoneer and it can't be blocked this turn. [Zone Changer: Mindless Automaton (370)]
Resolve Stack: Whenever an artifact you control enters, put a +1/+1 counter on Kappa Cannoneer and it can't be blocked this turn. [Zone Changer: Kappa Cannoneer (400)]
Resolve Stack: Whenever an artifact you control enters, put a +1/+1 counter on Kappa Cannoneer and it can't be blocked this turn. [Zone Changer: Hangarback Walker (372)]
Mana: Radiant Summit (322) - {T}: Add {R}.
Mana: Academy Ruins (355) - {T}: Add {C}.
Mana: Inventors' Fair (304) - {T}: Add {C}.
Mana: The Mycosynth Gardens (363) - {T}: Add {C}.
Add To Stack: Ai(4)-Kilo Helm Final cast Dawnsire, Sunstar Dreadnought
Add To Stack: Ai(4)-Kilo Helm Final triggered Inexorable Tide
Resolve Stack: Whenever you cast a spell, proliferate. [Card: Dawnsire, Sunstar Dreadnought (314), Activator: Ai(4)-Kilo Helm Final, SpellAbility: Dawnsire, Sunstar Dreadnought]
Resolve Stack: Dawnsire, Sunstar Dreadnought
Add To Stack: Ai(4)-Kilo Helm Final triggered Kappa Cannoneer
Resolve Stack: Whenever an artifact you control enters, put a +1/+1 counter on Kappa Cannoneer and it can't be blocked this turn. [Zone Changer: Dawnsire, Sunstar Dreadnought (314)]
Phase: Ai(4)-Kilo Helm Final's Beginning of Combat Step
Phase: Ai(4)-Kilo Helm Final's Declare Attackers Step
Combat: Ai(4)-Kilo Helm Final assigned Kappa Cannoneer (400), Alibou, Ancient Witness (373), Mindless Automaton (370) and Etherium Sculptor (362) to attack Ai(2)-Wyleth Voltron B3.
Add To Stack: Ai(4)-Kilo Helm Final triggered Alibou, Ancient Witness targeting [Ai(1)-Wilhelt Zombies B3]
Damage: Alibou, Ancient Witness (373) deals 7 non-combat damage to Ai(1)-Wilhelt Zombies B3.
Life: Life: Ai(1)-Wilhelt Zombies B3 6 > -1
Resolve Stack: Ai(4)-Kilo Helm Final scried 4 card(s) to the top of the library and 3 card(s) to the bottom of the library
Resolve Stack: Whenever one or more artifact creatures you control attack, Alibou, Ancient Witness deals X damage to any target and you scry X, where X is the number of tapped artifacts you control. (Targeting: [[Ai(1)-Wilhelt Zombies B3]]) [Number Attackers: [Kappa Cannoneer (400), Alibou, Ancient Witness (373), Mindless Automaton (370), Etherium Sculptor (362)]]
Phase: Ai(4)-Kilo Helm Final's Declare Blockers Step
Combat: Ai(2)-Wyleth Voltron B3 didn't block Kappa Cannoneer (400).
Ai(2)-Wyleth Voltron B3 didn't block Alibou, Ancient Witness (373).
Ai(2)-Wyleth Voltron B3 didn't block Mindless Automaton (370).
Ai(2)-Wyleth Voltron B3 didn't block Etherium Sculptor (362).
Phase: Ai(4)-Kilo Helm Final's First Strike Damage Step
Phase: Ai(4)-Kilo Helm Final's Combat Damage Step
Damage: Kappa Cannoneer (400) deals 11 combat damage to Ai(2)-Wyleth Voltron B3.
Damage: Alibou, Ancient Witness (373) deals 4 combat damage to Ai(2)-Wyleth Voltron B3.
Damage: Mindless Automaton (370) deals 3 combat damage to Ai(2)-Wyleth Voltron B3.
Damage: Etherium Sculptor (362) deals 1 combat damage to Ai(2)-Wyleth Voltron B3.
Life: Life: Ai(2)-Wyleth Voltron B3 30 > 11
Phase: Ai(4)-Kilo Helm Final's End of Combat Step
Phase: Ai(4)-Kilo Helm Final's Main phase, postcombat
Phase: Ai(4)-Kilo Helm Final's End step
Phase: Ai(4)-Kilo Helm Final's Cleanup step
Discard: Ai(4)-Kilo Helm Final discards Seat of the Synod (387).
Turn: Turn 55 (Ai(2)-Wyleth Voltron B3)
Phase: Ai(2)-Wyleth Voltron B3's Untap step
Phase: Ai(2)-Wyleth Voltron B3's Upkeep step
Add To Stack: Ai(4)-Kilo Helm Final activated Mindless Automaton
Resolve Stack: Mindless Automaton (370) - Ai(4)-Kilo Helm Final draws a card.
Mana: Razortide Bridge (323) - {T}: Add {W} or {U}.
Mana: Great Furnace (398) - {T}: Add {R}.
Add To Stack: Ai(4)-Kilo Helm Final cast Ripples of Potential
Add To Stack: Ai(4)-Kilo Helm Final triggered Inexorable Tide
Resolve Stack: Whenever you cast a spell, proliferate. [Card: Ripples of Potential (341), Activator: Ai(4)-Kilo Helm Final, SpellAbility: Proliferate, then choose any number of permanents you control that had a counter put on them this way. Those permanents phase out. (To proliferate, choose any number of permanents and/or players, then give each another counter of each kind already there. Treat phased-out permanents and anything attached to them as though they don't exist until their controller's next turn.)  ]
Resolve Stack: Ripples of Potential (341) - Proliferate. (Choose any number of permanents and/or players, then give each another counter of each kind already there.)  phase out. 
Phase: Ai(2)-Wyleth Voltron B3's Draw step
Phase: Ai(2)-Wyleth Voltron B3's Main phase, precombat
Land: Ai(2)-Wyleth Voltron B3 played Plains (162)
Mana: Plains (156) - {T}: Add {W}.
Mana: Plains (154) - {T}: Add {W}.
Add To Stack: Ai(2)-Wyleth Voltron B3 activated Shadowspear targeting [Wyleth, Soul of Steel (200)]
Resolve Stack: Shadowspear (110) -  Attach to Wyleth, Soul of Steel (200)
Mana: Plains (155) - {T}: Add {W}.
Add To Stack: Ai(2)-Wyleth Voltron B3 cast Bloodforged Battle-Axe
Resolve Stack: Bloodforged Battle-Axe
Add To Stack: Ai(2)-Wyleth Voltron B3 triggered Hammer of Nazahn targeting [Wyleth, Soul of Steel (200)]
Resolve Stack: Whenever Hammer of Nazahn or another Equipment you control enters, you may attach that Equipment to target creature you control. (Targeting: [[Wyleth, Soul of Steel (200)]]) [Zone Changer: Bloodforged Battle-Axe (132)]
Phase: Ai(2)-Wyleth Voltron B3's Beginning of Combat Step
Phase: Ai(2)-Wyleth Voltron B3's Declare Attackers Step
Combat: Ai(2)-Wyleth Voltron B3 assigned Wyleth, Soul of Steel (200) to attack Ai(4)-Kilo Helm Final.
Add To Stack: Ai(2)-Wyleth Voltron B3 triggered Wyleth, Soul of Steel
Resolve Stack: Whenever Wyleth, Soul of Steel attacks, draw a card for each Aura and Equipment attached to it. [Attacker: Wyleth, Soul of Steel (200)]
Phase: Ai(2)-Wyleth Voltron B3's Declare Blockers Step
Combat: Ai(4)-Kilo Helm Final didn't block Wyleth, Soul of Steel (200).
Phase: Ai(2)-Wyleth Voltron B3's First Strike Damage Step
Phase: Ai(2)-Wyleth Voltron B3's Combat Damage Step
Damage: Wyleth, Soul of Steel (200) deals 7 combat damage to Ai(4)-Kilo Helm Final.
Life: Life: Ai(2)-Wyleth Voltron B3 11 > 18
Life: Life: Ai(4)-Kilo Helm Final 25 > 18
Add To Stack: Ai(2)-Wyleth Voltron B3 triggered Bloodforged Battle-Axe
Resolve Stack: Whenever equipped creature deals combat damage to a player, create a token that's a copy of Bloodforged Battle-Axe. [Damage Source: Wyleth, Soul of Steel (200), Damaged: Ai(4)-Kilo Helm Final, Amount: 7]
Add To Stack: Ai(2)-Wyleth Voltron B3 triggered Hammer of Nazahn targeting [Wyleth, Soul of Steel (200)]
Resolve Stack: Whenever Hammer of Nazahn or another Equipment you control enters, you may attach that Equipment to target creature you control. (Targeting: [[Wyleth, Soul of Steel (200)]]) [Zone Changer: Bloodforged Battle-Axe (467)]
Phase: Ai(2)-Wyleth Voltron B3's End of Combat Step
Phase: Ai(2)-Wyleth Voltron B3's Main phase, postcombat
Mana: Plains (159) - {T}: Add {W}.
Mana: Plains (158) - {T}: Add {W}.
Mana: Plains (162) - {T}: Add {W}.
Add To Stack: Ai(2)-Wyleth Voltron B3 cast Danitha Capashen, Paragon
Resolve Stack: Danitha Capashen, Paragon - Creature 2 / 2
Mana: Command Tower (113) - {T}: Add one mana of any color in your commander's color identity.
Add To Stack: Ai(2)-Wyleth Voltron B3 cast Kitesail Apprentice
Resolve Stack: Kitesail Apprentice - Creature 1 / 1
Phase: Ai(2)-Wyleth Voltron B3's End step
Phase: Ai(2)-Wyleth Voltron B3's Cleanup step
Discard: Ai(2)-Wyleth Voltron B3 discards Mountain (183).
Turn: Turn 56 (Ai(4)-Kilo Helm Final)
Phase: Ai(4)-Kilo Helm Final's Untap step
Phase: Ai(4)-Kilo Helm Final's Upkeep step
Add To Stack: Ai(4)-Kilo Helm Final triggered Inventors' Fair
Life: Life: Ai(4)-Kilo Helm Final 18 > 19
Resolve Stack: At the beginning of your upkeep, if you control three or more artifacts, you gain 1 life. [Phase: Ai(4)-Kilo Helm Final]
Phase: Ai(4)-Kilo Helm Final's Draw step
Phase: Ai(4)-Kilo Helm Final's Main phase, precombat
Mana: Plains (358) - {T}: Add {W}.
Mana: Island (365) - {T}: Add {U}.
Mana: Great Furnace (398) - {T}: Add {R}.
Mana: Mountain (390) - {T}: Add {R}.
Mana: Sulfur Falls (320) - {T}: Add {U} or {R}.
Mana: Silverbluff Bridge (327) - {T}: Add {U} or {R}.
Mana: Razortide Bridge (323) - {T}: Add {W} or {U}.
Mana: Radiant Summit (322) - {T}: Add {R}.
Add To Stack: Ai(4)-Kilo Helm Final cast Kilo, Apogee Mind
Add To Stack: Ai(4)-Kilo Helm Final triggered Inexorable Tide
Resolve Stack: Whenever you cast a spell, proliferate. [Card: Kilo, Apogee Mind (402), Activator: Ai(4)-Kilo Helm Final, SpellAbility: Kilo, Apogee Mind - Creature 3 / 3]
Resolve Stack: Kilo, Apogee Mind - Creature 3 / 3
Add To Stack: Ai(4)-Kilo Helm Final triggered Kappa Cannoneer
Resolve Stack: Whenever an artifact you control enters, put a +1/+1 counter on Kappa Cannoneer and it can't be blocked this turn. [Zone Changer: Kilo, Apogee Mind (402)]
Life: Life: Ai(4)-Kilo Helm Final 19 > 18
Mana: Spire of Industry (312) - {T}, Pay 1 life: Add one mana of any color. Activate only if you control an artifact.
Mana: Academy Ruins (355) - {T}: Add {C}.
Mana: Inventors' Fair (304) - {T}: Add {C}.
Mana: The Mycosynth Gardens (363) - {T}: Add {C}.
Add To Stack: Ai(4)-Kilo Helm Final cast Illustrious Wanderglyph
Add To Stack: Ai(4)-Kilo Helm Final triggered Inexorable Tide
Resolve Stack: Whenever you cast a spell, proliferate. [Card: Illustrious Wanderglyph (331), Activator: Ai(4)-Kilo Helm Final, SpellAbility: Illustrious Wanderglyph - Creature 2 / 2]
Resolve Stack: Illustrious Wanderglyph - Creature 2 / 2
Add To Stack: Ai(4)-Kilo Helm Final triggered Kappa Cannoneer
Resolve Stack: Whenever an artifact you control enters, put a +1/+1 counter on Kappa Cannoneer and it can't be blocked this turn. [Zone Changer: Illustrious Wanderglyph (331)]
Phase: Ai(4)-Kilo Helm Final's Beginning of Combat Step
Phase: Ai(4)-Kilo Helm Final's Declare Attackers Step
Combat: Ai(4)-Kilo Helm Final assigned Kappa Cannoneer (400), Mindless Automaton (370), Alibou, Ancient Witness (373), Kilo, Apogee Mind (402), Etherium Sculptor (362) and Illustrious Wanderglyph (331) to attack Ai(2)-Wyleth Voltron B3.
Add To Stack: Ai(4)-Kilo Helm Final triggered Kilo, Apogee Mind
Add To Stack: Ai(4)-Kilo Helm Final triggered Alibou, Ancient Witness targeting [Danitha Capashen, Paragon (199)]
Mana: Clifftop Retreat (128) - {T}: Add {R} or {W}.
Mana: Mountain (178) - {T}: Add {R}.
Mana: Mountain (177) - {T}: Add {R}.
Mana: Mountain (191) - {T}: Add {R}.
Add To Stack: Ai(2)-Wyleth Voltron B3 cast Akroma's Will
Resolve Stack: Akroma's Will (112) -  Creatures you control gain flying, vigilance, and double strike until end of turn. Creatures you control gain lifelink, indestructible, and protection from each color until end of turn.
Resolve Stack: Alibou, Ancient Witness ability fizzles.
Resolve Stack: Whenever Kilo becomes tapped, proliferate. (Choose any number of permanents and/or players, then give each another counter of each kind already there.) [Tapped: Kilo, Apogee Mind (402)]
Phase: Ai(4)-Kilo Helm Final's Declare Blockers Step
Combat: Ai(2)-Wyleth Voltron B3 didn't block Kappa Cannoneer (400).
Ai(2)-Wyleth Voltron B3 assigned Kitesail Apprentice (195) to block Mindless Automaton (370).
Ai(2)-Wyleth Voltron B3 assigned Danitha Capashen, Paragon (199) to block Alibou, Ancient Witness (373).
Ai(2)-Wyleth Voltron B3 didn't block Kilo, Apogee Mind (402).
Ai(2)-Wyleth Voltron B3 didn't block Etherium Sculptor (362).
Ai(2)-Wyleth Voltron B3 didn't block Illustrious Wanderglyph (331).
Damage: Talisman of Conviction (111) deals 1 non-combat damage to Ai(2)-Wyleth Voltron B3.
Life: Life: Ai(2)-Wyleth Voltron B3 18 > 17
Mana: Talisman of Conviction (111) - {T}: Add {R} or {W}. Talisman of Conviction deals 1 damage to you. 
Mana: Mountain (182) - {T}: Add {R}.
Add To Stack: Ai(2)-Wyleth Voltron B3 activated Slayers' Stronghold targeting [Danitha Capashen, Paragon (199)]
Resolve Stack: Slayers' Stronghold (170) - Danitha Capashen, Paragon (199) gets +2/+0 and gains vigilance and haste until end of turn.
Phase: Ai(4)-Kilo Helm Final's First Strike Damage Step
Damage: Kitesail Apprentice (195) deals 1 damage to Mindless Automaton (370).
Life: Life: Ai(2)-Wyleth Voltron B3 17 > 18
Damage: Danitha Capashen, Paragon (199) deals 4 damage to Alibou, Ancient Witness (373).
Life: Life: Ai(2)-Wyleth Voltron B3 18 > 22
Phase: Ai(4)-Kilo Helm Final's Combat Damage Step
Replacement Effect: Protection from each color
Damage: Kappa Cannoneer (400) deals 20 combat damage to Ai(2)-Wyleth Voltron B3.
Damage: Mindless Automaton (370) deals 8 damage to Kitesail Apprentice (195).
Damage: Kilo, Apogee Mind (402) deals 5 combat damage to Ai(2)-Wyleth Voltron B3.
Damage: Etherium Sculptor (362) deals 3 combat damage to Ai(2)-Wyleth Voltron B3.
Damage: Illustrious Wanderglyph (331) deals 2 combat damage to Ai(2)-Wyleth Voltron B3.
Damage: Kitesail Apprentice (195) deals 1 damage to Mindless Automaton (370).
Life: Life: Ai(2)-Wyleth Voltron B3 22 > 23
Damage: Danitha Capashen, Paragon (199) deals 4 damage to Alibou, Ancient Witness (373).
Life: Life: Ai(2)-Wyleth Voltron B3 23 > 27
Life: Life: Ai(2)-Wyleth Voltron B3 27 > -3
Player Control: Ai(1)-Wilhelt Zombies B3 has restored control over themself
Player Control: Ai(2)-Wyleth Voltron B3 has restored control over themself
Player Control: Ai(3)-Drana Vampires has restored control over themself
Player Control: Ai(4)-Kilo Helm Final has restored control over themself
Game Outcome: Turn 28
Game Outcome: Ai(1)-Wilhelt Zombies B3 has lost because life total reached 0
Game Outcome: Ai(2)-Wyleth Voltron B3 has lost because life total reached 0
Game Outcome: Ai(3)-Drana Vampires has lost because life total reached 0
Game Outcome: Ai(4)-Kilo Helm Final has won because all opponents have lost
Match Result: Ai(1)-Wilhelt Zombies B3: 0 Ai(2)-Wyleth Voltron B3: 0 Ai(3)-Drana Vampires: 0 Ai(4)-Kilo Helm Final: 2 

Game Result: Game 2 ended in 65747 ms. Ai(4)-Kilo Helm Final has won!

Warning: default (ie. inherited from base class) implementation of confirmAction is used by Drana, Liberator of Malakir for forge.ai.ability.PermanentCreatureAi. Consider declaring an overloaded method
Warning: default (ie. inherited from base class) implementation of confirmAction is used by Wyleth, Soul of Steel for forge.ai.ability.PermanentCreatureAi. Consider declaring an overloaded method
Warning: default (ie. inherited from base class) implementation of confirmAction is used by Kilo, Apogee Mind for forge.ai.ability.PermanentCreatureAi. Consider declaring an overloaded method
Warning: default (ie. inherited from base class) implementation of confirmAction is used by Wyleth, Soul of Steel for forge.ai.ability.PermanentCreatureAi. Consider declaring an overloaded method
Warning: default (ie. inherited from base class) implementation of confirmAction is used by Kilo, Apogee Mind for forge.ai.ability.PermanentCreatureAi. Consider declaring an overloaded method
Warning: default (ie. inherited from base class) implementation of confirmAction is used by Kilo, Apogee Mind for forge.ai.ability.PermanentCreatureAi. Consider declaring an overloaded method
Mulligan: Ai(1)-Wilhelt Zombies B3 has mulliganed down to 7 cards.
Mulligan: Ai(1)-Wilhelt Zombies B3 has kept a hand of 7 cards
Mulligan: Ai(2)-Wyleth Voltron B3 has kept a hand of 7 cards
Mulligan: Ai(3)-Drana Vampires has kept a hand of 7 cards
Mulligan: Ai(4)-Kilo Helm Final has kept a hand of 7 cards
Turn: Turn 1 (Ai(1)-Wilhelt Zombies B3)
Phase: Ai(1)-Wilhelt Zombies B3's Untap step
Phase: Ai(1)-Wilhelt Zombies B3's Upkeep step
Phase: Ai(1)-Wilhelt Zombies B3's Draw step
Phase: Ai(1)-Wilhelt Zombies B3's Main phase, precombat
Land: Ai(1)-Wilhelt Zombies B3 played Swamp (89)
Phase: Ai(1)-Wilhelt Zombies B3's Beginning of Combat Step
Phase: Ai(1)-Wilhelt Zombies B3's Declare Attackers Step
Phase: Ai(1)-Wilhelt Zombies B3's Declare Blockers Step
Phase: Ai(1)-Wilhelt Zombies B3's First Strike Damage Step
Phase: Ai(1)-Wilhelt Zombies B3's Combat Damage Step
Phase: Ai(1)-Wilhelt Zombies B3's End of Combat Step
Phase: Ai(1)-Wilhelt Zombies B3's Main phase, postcombat
Mana: Swamp (89) - {T}: Add {B}.
Add To Stack: Ai(1)-Wilhelt Zombies B3 cast Cryptbreaker
Resolve Stack: Cryptbreaker - Creature 1 / 1
Phase: Ai(1)-Wilhelt Zombies B3's End step
Phase: Ai(1)-Wilhelt Zombies B3's Cleanup step
Turn: Turn 2 (Ai(2)-Wyleth Voltron B3)
Phase: Ai(2)-Wyleth Voltron B3's Untap step
Phase: Ai(2)-Wyleth Voltron B3's Upkeep step
Phase: Ai(2)-Wyleth Voltron B3's Draw step
Phase: Ai(2)-Wyleth Voltron B3's Main phase, precombat
Land: Ai(2)-Wyleth Voltron B3 played Mountain (186)
Phase: Ai(2)-Wyleth Voltron B3's Beginning of Combat Step
Phase: Ai(2)-Wyleth Voltron B3's Declare Attackers Step
Phase: Ai(2)-Wyleth Voltron B3's Declare Blockers Step
Phase: Ai(2)-Wyleth Voltron B3's First Strike Damage Step
Phase: Ai(2)-Wyleth Voltron B3's Combat Damage Step
Phase: Ai(2)-Wyleth Voltron B3's End of Combat Step
Phase: Ai(2)-Wyleth Voltron B3's Main phase, postcombat
Mana: Mountain (186) - {T}: Add {R}.
Add To Stack: Ai(2)-Wyleth Voltron B3 cast Shadowspear
Resolve Stack: Shadowspear
Phase: Ai(2)-Wyleth Voltron B3's End step
Phase: Ai(2)-Wyleth Voltron B3's Cleanup step
Turn: Turn 3 (Ai(3)-Drana Vampires)
Phase: Ai(3)-Drana Vampires' Untap step
Phase: Ai(3)-Drana Vampires' Upkeep step
Phase: Ai(3)-Drana Vampires' Draw step
Phase: Ai(3)-Drana Vampires' Main phase, precombat
Land: Ai(3)-Drana Vampires played Swamp (254)
Mana: Swamp (254) - {T}: Add {B}.
Add To Stack: Ai(3)-Drana Vampires cast Tragic Slip targeting [Cryptbreaker (95)]
Resolve Stack: Tragic Slip (234) - Cryptbreaker (95) gets -1/-1  until end of turn.
Zone Change: Cryptbreaker (95) was put into Graveyard from Battlefield.
Phase: Ai(3)-Drana Vampires' Beginning of Combat Step
Phase: Ai(3)-Drana Vampires' Declare Attackers Step
Phase: Ai(3)-Drana Vampires' Declare Blockers Step
Phase: Ai(3)-Drana Vampires' First Strike Damage Step
Phase: Ai(3)-Drana Vampires' Combat Damage Step
Phase: Ai(3)-Drana Vampires' End of Combat Step
Phase: Ai(3)-Drana Vampires' Main phase, postcombat
Phase: Ai(3)-Drana Vampires' End step
Phase: Ai(3)-Drana Vampires' Cleanup step
Turn: Turn 4 (Ai(4)-Kilo Helm Final)
Phase: Ai(4)-Kilo Helm Final's Untap step
Phase: Ai(4)-Kilo Helm Final's Upkeep step
Phase: Ai(4)-Kilo Helm Final's Draw step
Phase: Ai(4)-Kilo Helm Final's Main phase, precombat
Land: Ai(4)-Kilo Helm Final played Cascade Bluffs (324)
Phase: Ai(4)-Kilo Helm Final's Beginning of Combat Step
Phase: Ai(4)-Kilo Helm Final's Declare Attackers Step
Phase: Ai(4)-Kilo Helm Final's Declare Blockers Step
Phase: Ai(4)-Kilo Helm Final's First Strike Damage Step
Phase: Ai(4)-Kilo Helm Final's Combat Damage Step
Phase: Ai(4)-Kilo Helm Final's End of Combat Step
Phase: Ai(4)-Kilo Helm Final's Main phase, postcombat
Phase: Ai(4)-Kilo Helm Final's End step
Phase: Ai(4)-Kilo Helm Final's Cleanup step
Turn: Turn 5 (Ai(1)-Wilhelt Zombies B3)
Phase: Ai(1)-Wilhelt Zombies B3's Untap step
Phase: Ai(1)-Wilhelt Zombies B3's Upkeep step
Phase: Ai(1)-Wilhelt Zombies B3's Draw step
Phase: Ai(1)-Wilhelt Zombies B3's Main phase, precombat
Land: Ai(1)-Wilhelt Zombies B3 played Swamp (81)
Phase: Ai(1)-Wilhelt Zombies B3's Beginning of Combat Step
Phase: Ai(1)-Wilhelt Zombies B3's Declare Attackers Step
Phase: Ai(1)-Wilhelt Zombies B3's Declare Blockers Step
Phase: Ai(1)-Wilhelt Zombies B3's First Strike Damage Step
Phase: Ai(1)-Wilhelt Zombies B3's Combat Damage Step
Phase: Ai(1)-Wilhelt Zombies B3's End of Combat Step
Phase: Ai(1)-Wilhelt Zombies B3's Main phase, postcombat
Mana: Swamp (89) - {T}: Add {B}.
Mana: Swamp (81) - {T}: Add {B}.
Add To Stack: Ai(1)-Wilhelt Zombies B3 cast Charcoal Diamond
Replacement Effect: Charcoal Diamond enters tapped.
Resolve Stack: Charcoal Diamond
Phase: Ai(1)-Wilhelt Zombies B3's End step
Phase: Ai(1)-Wilhelt Zombies B3's Cleanup step
Turn: Turn 6 (Ai(2)-Wyleth Voltron B3)
Phase: Ai(2)-Wyleth Voltron B3's Untap step
Phase: Ai(2)-Wyleth Voltron B3's Upkeep step
Phase: Ai(2)-Wyleth Voltron B3's Draw step
Phase: Ai(2)-Wyleth Voltron B3's Main phase, precombat
Land: Ai(2)-Wyleth Voltron B3 played Plains (156)
Mana: Mountain (186) - {T}: Add {R}.
Mana: Plains (156) - {T}: Add {W}.
Add To Stack: Ai(2)-Wyleth Voltron B3 cast Wear targeting [Charcoal Diamond (56)]
Zone Change: Charcoal Diamond (56) was put into Graveyard from Battlefield.
Resolve Stack: Wear (104) - Destroy Charcoal Diamond (56).
Phase: Ai(2)-Wyleth Voltron B3's Beginning of Combat Step
Phase: Ai(2)-Wyleth Voltron B3's Declare Attackers Step
Phase: Ai(2)-Wyleth Voltron B3's Declare Blockers Step
Phase: Ai(2)-Wyleth Voltron B3's First Strike Damage Step
Phase: Ai(2)-Wyleth Voltron B3's Combat Damage Step
Phase: Ai(2)-Wyleth Voltron B3's End of Combat Step
Phase: Ai(2)-Wyleth Voltron B3's Main phase, postcombat
Phase: Ai(2)-Wyleth Voltron B3's End step
Phase: Ai(2)-Wyleth Voltron B3's Cleanup step
Turn: Turn 7 (Ai(3)-Drana Vampires)
Phase: Ai(3)-Drana Vampires' Untap step
Phase: Ai(3)-Drana Vampires' Upkeep step
Phase: Ai(3)-Drana Vampires' Draw step
Phase: Ai(3)-Drana Vampires' Main phase, precombat
Land: Ai(3)-Drana Vampires played Swamp (289)
Phase: Ai(3)-Drana Vampires' Beginning of Combat Step
Phase: Ai(3)-Drana Vampires' Declare Attackers Step
Phase: Ai(3)-Drana Vampires' Declare Blockers Step
Phase: Ai(3)-Drana Vampires' First Strike Damage Step
Phase: Ai(3)-Drana Vampires' Combat Damage Step
Phase: Ai(3)-Drana Vampires' End of Combat Step
Phase: Ai(3)-Drana Vampires' Main phase, postcombat
Mana: Swamp (254) - {T}: Add {B}.
Mana: Swamp (289) - {T}: Add {B}.
Add To Stack: Ai(3)-Drana Vampires cast Charcoal Diamond
Replacement Effect: Charcoal Diamond enters tapped.
Resolve Stack: Charcoal Diamond
Phase: Ai(3)-Drana Vampires' End step
Phase: Ai(3)-Drana Vampires' Cleanup step
Turn: Turn 8 (Ai(4)-Kilo Helm Final)
Phase: Ai(4)-Kilo Helm Final's Untap step
Phase: Ai(4)-Kilo Helm Final's Upkeep step
Phase: Ai(4)-Kilo Helm Final's Draw step
Phase: Ai(4)-Kilo Helm Final's Main phase, precombat
Land: Ai(4)-Kilo Helm Final played Command Tower (308)
Phase: Ai(4)-Kilo Helm Final's Beginning of Combat Step
Phase: Ai(4)-Kilo Helm Final's Declare Attackers Step
Phase: Ai(4)-Kilo Helm Final's Declare Blockers Step
Phase: Ai(4)-Kilo Helm Final's First Strike Damage Step
Phase: Ai(4)-Kilo Helm Final's Combat Damage Step
Phase: Ai(4)-Kilo Helm Final's End of Combat Step
Phase: Ai(4)-Kilo Helm Final's Main phase, postcombat
Phase: Ai(4)-Kilo Helm Final's End step
Phase: Ai(4)-Kilo Helm Final's Cleanup step
Turn: Turn 9 (Ai(1)-Wilhelt Zombies B3)
Phase: Ai(1)-Wilhelt Zombies B3's Untap step
Phase: Ai(1)-Wilhelt Zombies B3's Upkeep step
Phase: Ai(1)-Wilhelt Zombies B3's Draw step
Phase: Ai(1)-Wilhelt Zombies B3's Main phase, precombat
Phase: Ai(1)-Wilhelt Zombies B3's Beginning of Combat Step
Phase: Ai(1)-Wilhelt Zombies B3's Declare Attackers Step
Phase: Ai(1)-Wilhelt Zombies B3's Declare Blockers Step
Phase: Ai(1)-Wilhelt Zombies B3's First Strike Damage Step
Phase: Ai(1)-Wilhelt Zombies B3's Combat Damage Step
Phase: Ai(1)-Wilhelt Zombies B3's End of Combat Step
Phase: Ai(1)-Wilhelt Zombies B3's Main phase, postcombat
Phase: Ai(1)-Wilhelt Zombies B3's End step
Phase: Ai(1)-Wilhelt Zombies B3's Cleanup step
Turn: Turn 10 (Ai(2)-Wyleth Voltron B3)
Phase: Ai(2)-Wyleth Voltron B3's Untap step
Phase: Ai(2)-Wyleth Voltron B3's Upkeep step
Phase: Ai(2)-Wyleth Voltron B3's Draw step
Phase: Ai(2)-Wyleth Voltron B3's Main phase, precombat
Land: Ai(2)-Wyleth Voltron B3 played Mountain (187)
Phase: Ai(2)-Wyleth Voltron B3's Beginning of Combat Step
Phase: Ai(2)-Wyleth Voltron B3's Declare Attackers Step
Phase: Ai(2)-Wyleth Voltron B3's Declare Blockers Step
Phase: Ai(2)-Wyleth Voltron B3's First Strike Damage Step
Phase: Ai(2)-Wyleth Voltron B3's Combat Damage Step
Phase: Ai(2)-Wyleth Voltron B3's End of Combat Step
Phase: Ai(2)-Wyleth Voltron B3's Main phase, postcombat
Mana: Plains (156) - {T}: Add {W}.
Mana: Mountain (186) - {T}: Add {R}.
Mana: Mountain (187) - {T}: Add {R}.
Add To Stack: Ai(2)-Wyleth Voltron B3 cast Wyleth, Soul of Steel
Resolve Stack: Wyleth, Soul of Steel - Creature 2 / 2
Phase: Ai(2)-Wyleth Voltron B3's End step
Phase: Ai(2)-Wyleth Voltron B3's Cleanup step
Turn: Turn 11 (Ai(3)-Drana Vampires)
Phase: Ai(3)-Drana Vampires' Untap step
Phase: Ai(3)-Drana Vampires' Upkeep step
Phase: Ai(3)-Drana Vampires' Draw step
Phase: Ai(3)-Drana Vampires' Main phase, precombat
Land: Ai(3)-Drana Vampires played Swamp (259)
Phase: Ai(3)-Drana Vampires' Beginning of Combat Step
Phase: Ai(3)-Drana Vampires' Declare Attackers Step
Phase: Ai(3)-Drana Vampires' Declare Blockers Step
Phase: Ai(3)-Drana Vampires' First Strike Damage Step
Phase: Ai(3)-Drana Vampires' Combat Damage Step
Phase: Ai(3)-Drana Vampires' End of Combat Step
Phase: Ai(3)-Drana Vampires' Main phase, postcombat
Mana: Swamp (254) - {T}: Add {B}.
Mana: Swamp (289) - {T}: Add {B}.
Mana: Charcoal Diamond (240) - {T}: Add {B}.
Add To Stack: Ai(3)-Drana Vampires cast Drana, Liberator of Malakir
Resolve Stack: Drana, Liberator of Malakir - Creature 2 / 3
Phase: Ai(3)-Drana Vampires' End step
Phase: Ai(3)-Drana Vampires' Cleanup step
Turn: Turn 12 (Ai(4)-Kilo Helm Final)
Phase: Ai(4)-Kilo Helm Final's Untap step
Phase: Ai(4)-Kilo Helm Final's Upkeep step
Phase: Ai(4)-Kilo Helm Final's Draw step
Phase: Ai(4)-Kilo Helm Final's Main phase, precombat
Land: Ai(4)-Kilo Helm Final played Mountain (390)
Phase: Ai(4)-Kilo Helm Final's Beginning of Combat Step
Phase: Ai(4)-Kilo Helm Final's Declare Attackers Step
Phase: Ai(4)-Kilo Helm Final's Declare Blockers Step
Phase: Ai(4)-Kilo Helm Final's First Strike Damage Step
Phase: Ai(4)-Kilo Helm Final's Combat Damage Step
Phase: Ai(4)-Kilo Helm Final's End of Combat Step
Phase: Ai(4)-Kilo Helm Final's Main phase, postcombat
Mana: Command Tower (308) - {T}: Add one mana of any color in your commander's color identity.
Mana: Mountain (390) - {T}: Add {R}.
Mana: Cascade Bluffs (324) - {T}: Add {C}.
Add To Stack: Ai(4)-Kilo Helm Final cast Flux Channeler
Resolve Stack: Flux Channeler - Creature 2 / 2
Phase: Ai(4)-Kilo Helm Final's End step
Phase: Ai(4)-Kilo Helm Final's Cleanup step
Turn: Turn 13 (Ai(1)-Wilhelt Zombies B3)
Phase: Ai(1)-Wilhelt Zombies B3's Untap step
Phase: Ai(1)-Wilhelt Zombies B3's Upkeep step
Phase: Ai(1)-Wilhelt Zombies B3's Draw step
Phase: Ai(1)-Wilhelt Zombies B3's Main phase, precombat
Land: Ai(1)-Wilhelt Zombies B3 played Swamp (78)
Mana: Swamp (89) - {T}: Add {B}.
Mana: Swamp (81) - {T}: Add {B}.
Add To Stack: Ai(1)-Wilhelt Zombies B3 cast Feed the Swarm targeting [Drana, Liberator of Malakir (301)]
Zone Change: Drana, Liberator of Malakir (301) was put into Graveyard from Battlefield.
Life: Life: Ai(1)-Wilhelt Zombies B3 40 > 37
Resolve Stack: Feed the Swarm (30) - Destroy Drana, Liberator of Malakir (301). Ai(1)-Wilhelt Zombies B3 loses 3 life.
Phase: Ai(1)-Wilhelt Zombies B3's Beginning of Combat Step
Phase: Ai(1)-Wilhelt Zombies B3's Declare Attackers Step
Phase: Ai(1)-Wilhelt Zombies B3's Declare Blockers Step
Phase: Ai(1)-Wilhelt Zombies B3's First Strike Damage Step
Phase: Ai(1)-Wilhelt Zombies B3's Combat Damage Step
Phase: Ai(1)-Wilhelt Zombies B3's End of Combat Step
Phase: Ai(1)-Wilhelt Zombies B3's Main phase, postcombat
Phase: Ai(1)-Wilhelt Zombies B3's End step
Phase: Ai(1)-Wilhelt Zombies B3's Cleanup step
Turn: Turn 14 (Ai(2)-Wyleth Voltron B3)
Phase: Ai(2)-Wyleth Voltron B3's Untap step
Phase: Ai(2)-Wyleth Voltron B3's Upkeep step
Phase: Ai(2)-Wyleth Voltron B3's Draw step
Phase: Ai(2)-Wyleth Voltron B3's Main phase, precombat
Land: Ai(2)-Wyleth Voltron B3 played Mountain (180)
Mana: Mountain (186) - {T}: Add {R}.
Mana: Mountain (187) - {T}: Add {R}.
Add To Stack: Ai(2)-Wyleth Voltron B3 activated Shadowspear targeting [Wyleth, Soul of Steel (200)]
Resolve Stack: Shadowspear (110) -  Attach to Wyleth, Soul of Steel (200)
Phase: Ai(2)-Wyleth Voltron B3's Beginning of Combat Step
Phase: Ai(2)-Wyleth Voltron B3's Declare Attackers Step
Combat: Ai(2)-Wyleth Voltron B3 assigned Wyleth, Soul of Steel (200) to attack Ai(4)-Kilo Helm Final.
Add To Stack: Ai(2)-Wyleth Voltron B3 triggered Wyleth, Soul of Steel
Resolve Stack: Whenever Wyleth, Soul of Steel attacks, draw a card for each Aura and Equipment attached to it. [Attacker: Wyleth, Soul of Steel (200)]
Phase: Ai(2)-Wyleth Voltron B3's Declare Blockers Step
Combat: Ai(4)-Kilo Helm Final didn't block Wyleth, Soul of Steel (200).
Phase: Ai(2)-Wyleth Voltron B3's First Strike Damage Step
Phase: Ai(2)-Wyleth Voltron B3's Combat Damage Step
Damage: Wyleth, Soul of Steel (200) deals 3 combat damage to Ai(4)-Kilo Helm Final.
Life: Life: Ai(2)-Wyleth Voltron B3 40 > 43
Life: Life: Ai(4)-Kilo Helm Final 40 > 37
Phase: Ai(2)-Wyleth Voltron B3's End of Combat Step
Phase: Ai(2)-Wyleth Voltron B3's Main phase, postcombat
Mana: Plains (156) - {T}: Add {W}.
Mana: Mountain (180) - {T}: Add {R}.
Add To Stack: Ai(2)-Wyleth Voltron B3 cast Stoneforge Mystic
Resolve Stack: Stoneforge Mystic - Creature 1 / 2
Add To Stack: Ai(2)-Wyleth Voltron B3 triggered Stoneforge Mystic
Resolve Stack: When Stoneforge Mystic enters, you may search your library for an Equipment card, reveal it, put it into your hand, then shuffle. [Zone Changer: Stoneforge Mystic (114)]
Phase: Ai(2)-Wyleth Voltron B3's End step
Phase: Ai(2)-Wyleth Voltron B3's Cleanup step
Turn: Turn 15 (Ai(3)-Drana Vampires)
Phase: Ai(3)-Drana Vampires' Untap step
Phase: Ai(3)-Drana Vampires' Upkeep step
Phase: Ai(3)-Drana Vampires' Draw step
Phase: Ai(3)-Drana Vampires' Main phase, precombat
Land: Ai(3)-Drana Vampires played Swamp (276)
Mana: Swamp (254) - {T}: Add {B}.
Mana: Swamp (289) - {T}: Add {B}.
Mana: Charcoal Diamond (240) - {T}: Add {B}.
Mana: Swamp (259) - {T}: Add {B}.
Add To Stack: Ai(3)-Drana Vampires cast Mutilate
Resolve Stack: Mutilate (237) - All creatures get -1/-1 until end of turn for each Swamp you control.
Zone Change: Flux Channeler (334) was put into Graveyard from Battlefield.
Zone Change: Wyleth, Soul of Steel (200) was put into Graveyard from Battlefield.
Zone Change: Stoneforge Mystic (114) was put into Graveyard from Battlefield.
Phase: Ai(3)-Drana Vampires' Beginning of Combat Step
Phase: Ai(3)-Drana Vampires' Declare Attackers Step
Phase: Ai(3)-Drana Vampires' Declare Blockers Step
Phase: Ai(3)-Drana Vampires' First Strike Damage Step
Phase: Ai(3)-Drana Vampires' Combat Damage Step
Phase: Ai(3)-Drana Vampires' End of Combat Step
Phase: Ai(3)-Drana Vampires' Main phase, postcombat
Phase: Ai(3)-Drana Vampires' End step
Phase: Ai(3)-Drana Vampires' Cleanup step
Turn: Turn 16 (Ai(4)-Kilo Helm Final)
Phase: Ai(4)-Kilo Helm Final's Untap step
Phase: Ai(4)-Kilo Helm Final's Upkeep step
Phase: Ai(4)-Kilo Helm Final's Draw step
Phase: Ai(4)-Kilo Helm Final's Main phase, precombat
Replacement Effect: Clifftop Retreat enters tapped unless you control a Mountain or a Plains.
Land: Ai(4)-Kilo Helm Final played Clifftop Retreat (328)
Mana: Command Tower (308) - {T}: Add one mana of any color in your commander's color identity.
Mana: Clifftop Retreat (328) - {T}: Add {R} or {W}.
Mana: Mountain (390) - {T}: Add {R}.
Add To Stack: Ai(4)-Kilo Helm Final cast Kilo, Apogee Mind
Resolve Stack: Kilo, Apogee Mind - Creature 3 / 3
Phase: Ai(4)-Kilo Helm Final's Beginning of Combat Step
Phase: Ai(4)-Kilo Helm Final's Declare Attackers Step
Combat: Ai(4)-Kilo Helm Final assigned Kilo, Apogee Mind (402) to attack Ai(2)-Wyleth Voltron B3.
Add To Stack: Ai(4)-Kilo Helm Final triggered Kilo, Apogee Mind
Resolve Stack: Whenever Kilo becomes tapped, proliferate. (Choose any number of permanents and/or players, then give each another counter of each kind already there.) [Tapped: Kilo, Apogee Mind (402)]
Phase: Ai(4)-Kilo Helm Final's Declare Blockers Step
Combat: Ai(2)-Wyleth Voltron B3 didn't block Kilo, Apogee Mind (402).
Phase: Ai(4)-Kilo Helm Final's First Strike Damage Step
Phase: Ai(4)-Kilo Helm Final's Combat Damage Step
Damage: Kilo, Apogee Mind (402) deals 3 combat damage to Ai(2)-Wyleth Voltron B3.
Life: Life: Ai(2)-Wyleth Voltron B3 43 > 40
Phase: Ai(4)-Kilo Helm Final's End of Combat Step
Phase: Ai(4)-Kilo Helm Final's Main phase, postcombat
Phase: Ai(4)-Kilo Helm Final's End step
Phase: Ai(4)-Kilo Helm Final's Cleanup step
Turn: Turn 17 (Ai(1)-Wilhelt Zombies B3)
Phase: Ai(1)-Wilhelt Zombies B3's Untap step
Phase: Ai(1)-Wilhelt Zombies B3's Upkeep step
Phase: Ai(1)-Wilhelt Zombies B3's Draw step
Phase: Ai(1)-Wilhelt Zombies B3's Main phase, precombat
Land: Ai(1)-Wilhelt Zombies B3 played Swamp (77)
Phase: Ai(1)-Wilhelt Zombies B3's Beginning of Combat Step
Mana: Swamp (89) - {T}: Add {B}.
Mana: Swamp (81) - {T}: Add {B}.
Mana: Swamp (78) - {T}: Add {B}.
Add To Stack: Ai(1)-Wilhelt Zombies B3 cast Murder targeting [Kilo, Apogee Mind (402)]
Add To Stack: Ai(4)-Kilo Helm Final cast Fierce Guardianship targeting [Destroy target creature.]
Zone Change: Send countered spell to Graveyard
Resolve Stack: Fierce Guardianship (319) - Counter Murder (23).
Phase: Ai(1)-Wilhelt Zombies B3's Declare Attackers Step
Phase: Ai(1)-Wilhelt Zombies B3's Declare Blockers Step
Phase: Ai(1)-Wilhelt Zombies B3's First Strike Damage Step
Phase: Ai(1)-Wilhelt Zombies B3's Combat Damage Step
Phase: Ai(1)-Wilhelt Zombies B3's End of Combat Step
Phase: Ai(1)-Wilhelt Zombies B3's Main phase, postcombat
Phase: Ai(1)-Wilhelt Zombies B3's End step
Phase: Ai(1)-Wilhelt Zombies B3's Cleanup step
Turn: Turn 18 (Ai(2)-Wyleth Voltron B3)
Phase: Ai(2)-Wyleth Voltron B3's Untap step
Phase: Ai(2)-Wyleth Voltron B3's Upkeep step
Phase: Ai(2)-Wyleth Voltron B3's Draw step
Phase: Ai(2)-Wyleth Voltron B3's Main phase, precombat
Land: Ai(2)-Wyleth Voltron B3 played Mountain (182)
Phase: Ai(2)-Wyleth Voltron B3's Beginning of Combat Step
Phase: Ai(2)-Wyleth Voltron B3's Declare Attackers Step
Phase: Ai(2)-Wyleth Voltron B3's Declare Blockers Step
Phase: Ai(2)-Wyleth Voltron B3's First Strike Damage Step
Phase: Ai(2)-Wyleth Voltron B3's Combat Damage Step
Phase: Ai(2)-Wyleth Voltron B3's End of Combat Step
Phase: Ai(2)-Wyleth Voltron B3's Main phase, postcombat
Mana: Plains (156) - {T}: Add {W}.
Mana: Mountain (186) - {T}: Add {R}.
Mana: Mountain (187) - {T}: Add {R}.
Mana: Mountain (180) - {T}: Add {R}.
Mana: Mountain (182) - {T}: Add {R}.
Add To Stack: Ai(2)-Wyleth Voltron B3 cast Wyleth, Soul of Steel
Resolve Stack: Wyleth, Soul of Steel - Creature 2 / 2
Phase: Ai(2)-Wyleth Voltron B3's End step
Phase: Ai(2)-Wyleth Voltron B3's Cleanup step
Turn: Turn 19 (Ai(3)-Drana Vampires)
Phase: Ai(3)-Drana Vampires' Untap step
Phase: Ai(3)-Drana Vampires' Upkeep step
Phase: Ai(3)-Drana Vampires' Draw step
Phase: Ai(3)-Drana Vampires' Main phase, precombat
Land: Ai(3)-Drana Vampires played Swamp (280)
Phase: Ai(3)-Drana Vampires' Beginning of Combat Step
Phase: Ai(3)-Drana Vampires' Declare Attackers Step
Phase: Ai(3)-Drana Vampires' Declare Blockers Step
Phase: Ai(3)-Drana Vampires' First Strike Damage Step
Phase: Ai(3)-Drana Vampires' Combat Damage Step
Phase: Ai(3)-Drana Vampires' End of Combat Step
Phase: Ai(3)-Drana Vampires' Main phase, postcombat
Mana: Swamp (254) - {T}: Add {B}.
Mana: Swamp (289) - {T}: Add {B}.
Mana: Charcoal Diamond (240) - {T}: Add {B}.
Mana: Swamp (259) - {T}: Add {B}.
Mana: Swamp (276) - {T}: Add {B}.
Mana: Swamp (280) - {T}: Add {B}.
Add To Stack: Ai(3)-Drana Vampires cast Corrupt targeting [Kilo, Apogee Mind (402)]
Damage: Corrupt (228) deals 5 damage to Kilo, Apogee Mind (402).
Life: Life: Ai(3)-Drana Vampires 40 > 45
Resolve Stack: Corrupt (228) - Corrupt (228) deals 5 damage to Kilo, Apogee Mind (402). You gain life equal to the damage dealt this way.
Zone Change: Kilo, Apogee Mind (402) was put into Graveyard from Battlefield.
Phase: Ai(3)-Drana Vampires' End step
Phase: Ai(3)-Drana Vampires' Cleanup step
Turn: Turn 20 (Ai(4)-Kilo Helm Final)
Phase: Ai(4)-Kilo Helm Final's Untap step
Phase: Ai(4)-Kilo Helm Final's Upkeep step
Phase: Ai(4)-Kilo Helm Final's Draw step
Phase: Ai(4)-Kilo Helm Final's Main phase, precombat
Land: Ai(4)-Kilo Helm Final played Exotic Orchard (401)
Mana: Mountain (390) - {T}: Add {R}.
Mana: Exotic Orchard (401) - {T}: Add one mana of any color that a land an opponent controls could produce.
Mana: Clifftop Retreat (328) - {T}: Add {R} or {W}.
Mana: Command Tower (308) - {T}: Add one mana of any color in your commander's color identity.
Add To Stack: Ai(4)-Kilo Helm Final cast Everflowing Chalice
Replacement Effect: Everflowing Chalice enters with a charge counter on it for each time it was kicked.
Resolve Stack: Everflowing Chalice
Phase: Ai(4)-Kilo Helm Final's Beginning of Combat Step
Phase: Ai(4)-Kilo Helm Final's Declare Attackers Step
Phase: Ai(4)-Kilo Helm Final's Declare Blockers Step
Phase: Ai(4)-Kilo Helm Final's First Strike Damage Step
Phase: Ai(4)-Kilo Helm Final's Combat Damage Step
Phase: Ai(4)-Kilo Helm Final's End of Combat Step
Phase: Ai(4)-Kilo Helm Final's Main phase, postcombat
Mana: Cascade Bluffs (324) - {T}: Add {C}.
Mana: Everflowing Chalice (332) - {T}: Add {C} for each charge counter on Everflowing Chalice.
Add To Stack: Ai(4)-Kilo Helm Final cast Tezzeret, Cruel Captain
Replacement Effect: Tezzeret, Cruel Captain enters with four loyalty counters on it.
Resolve Stack: Tezzeret, Cruel Captain
Add To Stack: Ai(4)-Kilo Helm Final activated Tezzeret, Cruel Captain
Resolve Stack: Tezzeret, Cruel Captain (353) - Search your library for an artifact card with mana value 1 or less, reveal it, put it into your hand, then shuffle.
Phase: Ai(4)-Kilo Helm Final's End step
Phase: Ai(4)-Kilo Helm Final's Cleanup step
Turn: Turn 21 (Ai(1)-Wilhelt Zombies B3)
Phase: Ai(1)-Wilhelt Zombies B3's Untap step
Phase: Ai(1)-Wilhelt Zombies B3's Upkeep step
Phase: Ai(1)-Wilhelt Zombies B3's Draw step
Phase: Ai(1)-Wilhelt Zombies B3's Main phase, precombat
Mana: Swamp (89) - {T}: Add {B}.
Mana: Swamp (81) - {T}: Add {B}.
Mana: Swamp (78) - {T}: Add {B}.
Mana: Swamp (77) - {T}: Add {B}.
Add To Stack: Ai(1)-Wilhelt Zombies B3 cast Damnation
Zone Change: Wyleth, Soul of Steel (200) was put into Graveyard from Battlefield.
Resolve Stack: Damnation (20) - Destroy all creatures. They can't be regenerated.
Phase: Ai(1)-Wilhelt Zombies B3's Beginning of Combat Step
Phase: Ai(1)-Wilhelt Zombies B3's Declare Attackers Step
Phase: Ai(1)-Wilhelt Zombies B3's Declare Blockers Step
Phase: Ai(1)-Wilhelt Zombies B3's First Strike Damage Step
Phase: Ai(1)-Wilhelt Zombies B3's Combat Damage Step
Phase: Ai(1)-Wilhelt Zombies B3's End of Combat Step
Phase: Ai(1)-Wilhelt Zombies B3's Main phase, postcombat
Phase: Ai(1)-Wilhelt Zombies B3's End step
Phase: Ai(1)-Wilhelt Zombies B3's Cleanup step
Turn: Turn 22 (Ai(2)-Wyleth Voltron B3)
Phase: Ai(2)-Wyleth Voltron B3's Untap step
Phase: Ai(2)-Wyleth Voltron B3's Upkeep step
Phase: Ai(2)-Wyleth Voltron B3's Draw step
Phase: Ai(2)-Wyleth Voltron B3's Main phase, precombat
Phase: Ai(2)-Wyleth Voltron B3's Beginning of Combat Step
Phase: Ai(2)-Wyleth Voltron B3's Declare Attackers Step
Phase: Ai(2)-Wyleth Voltron B3's Declare Blockers Step
Phase: Ai(2)-Wyleth Voltron B3's First Strike Damage Step
Phase: Ai(2)-Wyleth Voltron B3's Combat Damage Step
Phase: Ai(2)-Wyleth Voltron B3's End of Combat Step
Phase: Ai(2)-Wyleth Voltron B3's Main phase, postcombat
Mana: Plains (156) - {T}: Add {W}.
Mana: Mountain (186) - {T}: Add {R}.
Add To Stack: Ai(2)-Wyleth Voltron B3 cast Sram, Senior Edificer
Resolve Stack: Sram, Senior Edificer - Creature 2 / 2
Mana: Mountain (187) - {T}: Add {R}.
Mana: Mountain (180) - {T}: Add {R}.
Mana: Mountain (182) - {T}: Add {R}.
Add To Stack: Ai(2)-Wyleth Voltron B3 cast Darksteel Plate
Add To Stack: Ai(2)-Wyleth Voltron B3 triggered Sram, Senior Edificer
Resolve Stack: Whenever you cast an Aura, Equipment, or Vehicle spell, draw a card. [Card: Darksteel Plate (103), Activator: Ai(2)-Wyleth Voltron B3, SpellAbility: Darksteel Plate]
Resolve Stack: Darksteel Plate
Phase: Ai(2)-Wyleth Voltron B3's End step
Phase: Ai(2)-Wyleth Voltron B3's Cleanup step
Turn: Turn 23 (Ai(3)-Drana Vampires)
Phase: Ai(3)-Drana Vampires' Untap step
Phase: Ai(3)-Drana Vampires' Upkeep step
Phase: Ai(3)-Drana Vampires' Draw step
Phase: Ai(3)-Drana Vampires' Main phase, precombat
Land: Ai(3)-Drana Vampires played Swamp (257)
Phase: Ai(3)-Drana Vampires' Beginning of Combat Step
Phase: Ai(3)-Drana Vampires' Declare Attackers Step
Phase: Ai(3)-Drana Vampires' Declare Blockers Step
Phase: Ai(3)-Drana Vampires' First Strike Damage Step
Phase: Ai(3)-Drana Vampires' Combat Damage Step
Phase: Ai(3)-Drana Vampires' End of Combat Step
Phase: Ai(3)-Drana Vampires' Main phase, postcombat
Mana: Swamp (254) - {T}: Add {B}.
Mana: Swamp (289) - {T}: Add {B}.
Mana: Charcoal Diamond (240) - {T}: Add {B}.
Mana: Swamp (259) - {T}: Add {B}.
Add To Stack: Ai(3)-Drana Vampires cast Erebos, God of the Dead
Resolve Stack: Erebos, God of the Dead - Creature 5 / 7
Mana: Swamp (276) - {T}: Add {B}.
Mana: Swamp (280) - {T}: Add {B}.
Mana: Swamp (257) - {T}: Add {B}.
Add To Stack: Ai(3)-Drana Vampires cast Captivating Vampire
Resolve Stack: Captivating Vampire - Creature 2 / 2
Phase: Ai(3)-Drana Vampires' End step
Phase: Ai(3)-Drana Vampires' Cleanup step
Turn: Turn 24 (Ai(4)-Kilo Helm Final)
Phase: Ai(4)-Kilo Helm Final's Untap step
Phase: Ai(4)-Kilo Helm Final's Upkeep step
Phase: Ai(4)-Kilo Helm Final's Draw step
Phase: Ai(4)-Kilo Helm Final's Main phase, precombat
Replacement Effect: Razortide Bridge enters tapped.
Land: Ai(4)-Kilo Helm Final played Razortide Bridge (323)
Add To Stack: Ai(4)-Kilo Helm Final triggered Tezzeret, Cruel Captain
Resolve Stack: Whenever an artifact you control enters, put a loyalty counter on Tezzeret. [Zone Changer: Razortide Bridge (323)]
Add To Stack: Ai(4)-Kilo Helm Final activated Tezzeret, Cruel Captain targeting [Razortide Bridge (323)]
Resolve Stack: Tezzeret, Cruel Captain (353) - Untap Razortide Bridge (323). Ai(4)-Kilo Helm Final puts a +1/+1 counter on .
Mana: Razortide Bridge (323) - {T}: Add {W} or {U}.
Mana: Exotic Orchard (401) - {T}: Add one mana of any color that a land an opponent controls could produce.
Mana: Mountain (390) - {T}: Add {R}.
Mana: Clifftop Retreat (328) - {T}: Add {R} or {W}.
Mana: Command Tower (308) - {T}: Add one mana of any color in your commander's color identity.
Add To Stack: Ai(4)-Kilo Helm Final cast Kilo, Apogee Mind
Resolve Stack: Kilo, Apogee Mind - Creature 3 / 3
Add To Stack: Ai(4)-Kilo Helm Final triggered Tezzeret, Cruel Captain
Resolve Stack: Whenever an artifact you control enters, put a loyalty counter on Tezzeret. [Zone Changer: Kilo, Apogee Mind (402)]
Phase: Ai(4)-Kilo Helm Final's Beginning of Combat Step
Phase: Ai(4)-Kilo Helm Final's Declare Attackers Step
Combat: Ai(4)-Kilo Helm Final assigned Kilo, Apogee Mind (402) to attack Ai(2)-Wyleth Voltron B3.
Add To Stack: Ai(4)-Kilo Helm Final triggered Kilo, Apogee Mind
Resolve Stack: Whenever Kilo becomes tapped, proliferate. (Choose any number of permanents and/or players, then give each another counter of each kind already there.) [Tapped: Kilo, Apogee Mind (402)]
Phase: Ai(4)-Kilo Helm Final's Declare Blockers Step
Combat: Ai(2)-Wyleth Voltron B3 didn't block Kilo, Apogee Mind (402).
Phase: Ai(4)-Kilo Helm Final's First Strike Damage Step
Phase: Ai(4)-Kilo Helm Final's Combat Damage Step
Damage: Kilo, Apogee Mind (402) deals 3 combat damage to Ai(2)-Wyleth Voltron B3.
Life: Life: Ai(2)-Wyleth Voltron B3 40 > 37
Phase: Ai(4)-Kilo Helm Final's End of Combat Step
Phase: Ai(4)-Kilo Helm Final's Main phase, postcombat
Mana: Cascade Bluffs (324) - {T}: Add {C}.
Mana: Everflowing Chalice (332) - {T}: Add {C} for each charge counter on Everflowing Chalice.
Add To Stack: Ai(4)-Kilo Helm Final cast Walking Ballista
Replacement Effect: Walking Ballista enters with X +1/+1 counters on it.
Resolve Stack: Walking Ballista - Creature 0 / 0 (X=2)
Add To Stack: Ai(4)-Kilo Helm Final triggered Tezzeret, Cruel Captain
Resolve Stack: Whenever an artifact you control enters, put a loyalty counter on Tezzeret. [Zone Changer: Walking Ballista (338)]
Phase: Ai(4)-Kilo Helm Final's End step
Phase: Ai(4)-Kilo Helm Final's Cleanup step
Turn: Turn 25 (Ai(1)-Wilhelt Zombies B3)
Phase: Ai(1)-Wilhelt Zombies B3's Untap step
Phase: Ai(1)-Wilhelt Zombies B3's Upkeep step
Phase: Ai(1)-Wilhelt Zombies B3's Draw step
Phase: Ai(1)-Wilhelt Zombies B3's Main phase, precombat
Phase: Ai(1)-Wilhelt Zombies B3's Beginning of Combat Step
Phase: Ai(1)-Wilhelt Zombies B3's Declare Attackers Step
Phase: Ai(1)-Wilhelt Zombies B3's Declare Blockers Step
Phase: Ai(1)-Wilhelt Zombies B3's First Strike Damage Step
Phase: Ai(1)-Wilhelt Zombies B3's Combat Damage Step
Phase: Ai(1)-Wilhelt Zombies B3's End of Combat Step
Phase: Ai(1)-Wilhelt Zombies B3's Main phase, postcombat
Mana: Swamp (89) - {T}: Add {B}.
Mana: Swamp (81) - {T}: Add {B}.
Mana: Swamp (78) - {T}: Add {B}.
Add To Stack: Ai(1)-Wilhelt Zombies B3 cast Lord of the Accursed
Resolve Stack: Lord of the Accursed - Creature 2 / 3
Phase: Ai(1)-Wilhelt Zombies B3's End step
Phase: Ai(1)-Wilhelt Zombies B3's Cleanup step
Turn: Turn 26 (Ai(2)-Wyleth Voltron B3)
Phase: Ai(2)-Wyleth Voltron B3's Untap step
Phase: Ai(2)-Wyleth Voltron B3's Upkeep step
Mana: Plains (156) - {T}: Add {W}.
Add To Stack: Ai(2)-Wyleth Voltron B3 cast Path to Exile targeting [Kilo, Apogee Mind (402)]
Zone Change: Kilo, Apogee Mind (402) was put into Exile from Battlefield.
Resolve Stack: Path to Exile (108) - Exile Kilo, Apogee Mind (402). Ai(4)-Kilo Helm Final may search their library for a basic land card, put that card onto the battlefield tapped, then shuffle their library. 
Phase: Ai(2)-Wyleth Voltron B3's Draw step
Phase: Ai(2)-Wyleth Voltron B3's Main phase, precombat
Land: Ai(2)-Wyleth Voltron B3 played Mountain (184)
Mana: Mountain (186) - {T}: Add {R}.
Mana: Mountain (187) - {T}: Add {R}.
Add To Stack: Ai(2)-Wyleth Voltron B3 activated Shadowspear targeting [Sram, Senior Edificer (168)]
Resolve Stack: Shadowspear (110) -  Attach to Sram, Senior Edificer (168)
Mana: Mountain (180) - {T}: Add {R}.
Mana: Mountain (182) - {T}: Add {R}.
Add To Stack: Ai(2)-Wyleth Voltron B3 activated Darksteel Plate targeting [Sram, Senior Edificer (168)]
Resolve Stack: Darksteel Plate (103) -  Attach to Sram, Senior Edificer (168)
Phase: Ai(2)-Wyleth Voltron B3's Beginning of Combat Step
Phase: Ai(2)-Wyleth Voltron B3's Declare Attackers Step
Combat: Ai(2)-Wyleth Voltron B3 assigned Sram, Senior Edificer (168) to attack Tezzeret, Cruel Captain (353).
Phase: Ai(2)-Wyleth Voltron B3's Declare Blockers Step
Combat: Ai(4)-Kilo Helm Final didn't block Sram, Senior Edificer (168).
Phase: Ai(2)-Wyleth Voltron B3's First Strike Damage Step
Phase: Ai(2)-Wyleth Voltron B3's Combat Damage Step
Phase: Ai(2)-Wyleth Voltron B3's End of Combat Step
Phase: Ai(2)-Wyleth Voltron B3's Main phase, postcombat
Phase: Ai(2)-Wyleth Voltron B3's End step
Phase: Ai(2)-Wyleth Voltron B3's Cleanup step
Turn: Turn 27 (Ai(3)-Drana Vampires)
Phase: Ai(3)-Drana Vampires' Untap step
Phase: Ai(3)-Drana Vampires' Upkeep step
Mana: Swamp (254) - {T}: Add {B}.
Mana: Swamp (289) - {T}: Add {B}.
Life: Life: Ai(3)-Drana Vampires 45 > 43
Add To Stack: Ai(3)-Drana Vampires activated Erebos, God of the Dead
Resolve Stack: Erebos, God of the Dead (242) - Ai(3)-Drana Vampires draws a card.
Mana: Charcoal Diamond (240) - {T}: Add {B}.
Mana: Swamp (259) - {T}: Add {B}.
Life: Life: Ai(3)-Drana Vampires 43 > 41
Add To Stack: Ai(3)-Drana Vampires activated Erebos, God of the Dead
Resolve Stack: Erebos, God of the Dead (242) - Ai(3)-Drana Vampires draws a card.
Mana: Swamp (276) - {T}: Add {B}.
Mana: Swamp (280) - {T}: Add {B}.
Life: Life: Ai(3)-Drana Vampires 41 > 39
Add To Stack: Ai(3)-Drana Vampires activated Erebos, God of the Dead
Resolve Stack: Erebos, God of the Dead (242) - Ai(3)-Drana Vampires draws a card.
Phase: Ai(3)-Drana Vampires' Draw step
Phase: Ai(3)-Drana Vampires' Main phase, precombat
Land: Ai(3)-Drana Vampires played Swamp (272)
Mana: Swamp (257) - {T}: Add {B}.
Mana: Swamp (272) - {T}: Add {B}.
Life: Life: Ai(3)-Drana Vampires 39 > 37
Add To Stack: Ai(3)-Drana Vampires activated Erebos, God of the Dead
Resolve Stack: Erebos, God of the Dead (242) - Ai(3)-Drana Vampires draws a card.
Phase: Ai(3)-Drana Vampires' Beginning of Combat Step
Phase: Ai(3)-Drana Vampires' Declare Attackers Step
Phase: Ai(3)-Drana Vampires' Declare Blockers Step
Phase: Ai(3)-Drana Vampires' First Strike Damage Step
Phase: Ai(3)-Drana Vampires' Combat Damage Step
Phase: Ai(3)-Drana Vampires' End of Combat Step
Phase: Ai(3)-Drana Vampires' Main phase, postcombat
Phase: Ai(3)-Drana Vampires' End step
Phase: Ai(3)-Drana Vampires' Cleanup step
Turn: Turn 28 (Ai(4)-Kilo Helm Final)
Phase: Ai(4)-Kilo Helm Final's Untap step
Phase: Ai(4)-Kilo Helm Final's Upkeep step
Phase: Ai(4)-Kilo Helm Final's Draw step
Phase: Ai(4)-Kilo Helm Final's Main phase, precombat
Mana: Mountain (390) - {T}: Add {R}.
Mana: Exotic Orchard (401) - {T}: Add one mana of any color that a land an opponent controls could produce.
Mana: Plains (357) - {T}: Add {W}.
Mana: Clifftop Retreat (328) - {T}: Add {R} or {W}.
Mana: Razortide Bridge (323) - {T}: Add {W} or {U}.
Mana: Command Tower (308) - {T}: Add one mana of any color in your commander's color identity.
Mana: Cascade Bluffs (324) - {T}: Add {C}.
Mana: Everflowing Chalice (332) - {T}: Add {C} for each charge counter on Everflowing Chalice.
Add To Stack: Ai(4)-Kilo Helm Final cast Extinguisher Battleship
Resolve Stack: Extinguisher Battleship
Add To Stack: Ai(4)-Kilo Helm Final triggered Extinguisher Battleship targeting [Charcoal Diamond (240)]
Add To Stack: Ai(4)-Kilo Helm Final triggered Tezzeret, Cruel Captain
Resolve Stack: Whenever an artifact you control enters, put a loyalty counter on Tezzeret. [Zone Changer: Extinguisher Battleship (351)]
Zone Change: Charcoal Diamond (240) was put into Graveyard from Battlefield.
Damage: Extinguisher Battleship (351) deals 4 damage to Lord of the Accursed (57).
Damage: Extinguisher Battleship (351) deals 4 damage to Sram, Senior Edificer (168).
Damage: Extinguisher Battleship (351) deals 4 damage to Captivating Vampire (230).
Damage: Extinguisher Battleship (351) deals 4 damage to Walking Ballista (338).
Resolve Stack: When this Spacecraft enters, destroy target noncreature permanent. Then this Spacecraft deals 4 damage to each creature. (Targeting: [[Charcoal Diamond (240)]]) [Zone Changer: Extinguisher Battleship (351)]
Zone Change: Walking Ballista (338) was put into Graveyard from Battlefield.
Zone Change: Lord of the Accursed (57) was put into Graveyard from Battlefield.
Zone Change: Captivating Vampire (230) was put into Graveyard from Battlefield.
Add To Stack: Ai(4)-Kilo Helm Final activated Tezzeret, Cruel Captain targeting [Razortide Bridge (323)]
Resolve Stack: Tezzeret, Cruel Captain (353) - Untap Razortide Bridge (323). Ai(4)-Kilo Helm Final puts a +1/+1 counter on .
Phase: Ai(4)-Kilo Helm Final's Beginning of Combat Step
Phase: Ai(4)-Kilo Helm Final's Declare Attackers Step
Phase: Ai(4)-Kilo Helm Final's Declare Blockers Step
Phase: Ai(4)-Kilo Helm Final's First Strike Damage Step
Phase: Ai(4)-Kilo Helm Final's Combat Damage Step
Phase: Ai(4)-Kilo Helm Final's End of Combat Step
Phase: Ai(4)-Kilo Helm Final's Main phase, postcombat
Phase: Ai(4)-Kilo Helm Final's End step
Phase: Ai(4)-Kilo Helm Final's Cleanup step
Turn: Turn 29 (Ai(1)-Wilhelt Zombies B3)
Phase: Ai(1)-Wilhelt Zombies B3's Untap step
Phase: Ai(1)-Wilhelt Zombies B3's Upkeep step
Phase: Ai(1)-Wilhelt Zombies B3's Draw step
Phase: Ai(1)-Wilhelt Zombies B3's Main phase, precombat
Phase: Ai(1)-Wilhelt Zombies B3's Beginning of Combat Step
Phase: Ai(1)-Wilhelt Zombies B3's Declare Attackers Step
Phase: Ai(1)-Wilhelt Zombies B3's Declare Blockers Step
Phase: Ai(1)-Wilhelt Zombies B3's First Strike Damage Step
Phase: Ai(1)-Wilhelt Zombies B3's Combat Damage Step
Phase: Ai(1)-Wilhelt Zombies B3's End of Combat Step
Phase: Ai(1)-Wilhelt Zombies B3's Main phase, postcombat
Phase: Ai(1)-Wilhelt Zombies B3's End step
Phase: Ai(1)-Wilhelt Zombies B3's Cleanup step
Turn: Turn 30 (Ai(2)-Wyleth Voltron B3)
Phase: Ai(2)-Wyleth Voltron B3's Untap step
Phase: Ai(2)-Wyleth Voltron B3's Upkeep step
Phase: Ai(2)-Wyleth Voltron B3's Draw step
Phase: Ai(2)-Wyleth Voltron B3's Main phase, precombat
Mana: Mountain (186) - {T}: Add {R}.
Mana: Mountain (187) - {T}: Add {R}.
Mana: Mountain (180) - {T}: Add {R}.
Mana: Mountain (182) - {T}: Add {R}.
Add To Stack: Ai(2)-Wyleth Voltron B3 cast Hammer of Nazahn
Add To Stack: Ai(2)-Wyleth Voltron B3 triggered Sram, Senior Edificer
Resolve Stack: Whenever you cast an Aura, Equipment, or Vehicle spell, draw a card. [Card: Hammer of Nazahn (106), Activator: Ai(2)-Wyleth Voltron B3, SpellAbility: Hammer of Nazahn]
Resolve Stack: Hammer of Nazahn
Add To Stack: Ai(2)-Wyleth Voltron B3 triggered Hammer of Nazahn targeting [Sram, Senior Edificer (168)]
Resolve Stack: Whenever Hammer of Nazahn or another Equipment you control enters, you may attach that Equipment to target creature you control. (Targeting: [[Sram, Senior Edificer (168)]]) [Zone Changer: Hammer of Nazahn (106)]
Phase: Ai(2)-Wyleth Voltron B3's Beginning of Combat Step
Phase: Ai(2)-Wyleth Voltron B3's Declare Attackers Step
Combat: Ai(2)-Wyleth Voltron B3 assigned Sram, Senior Edificer (168) to attack Tezzeret, Cruel Captain (353).
Phase: Ai(2)-Wyleth Voltron B3's Declare Blockers Step
Combat: Ai(4)-Kilo Helm Final didn't block Sram, Senior Edificer (168).
Phase: Ai(2)-Wyleth Voltron B3's First Strike Damage Step
Phase: Ai(2)-Wyleth Voltron B3's Combat Damage Step
Zone Change: Tezzeret, Cruel Captain (353) was put into Graveyard from Battlefield.
Phase: Ai(2)-Wyleth Voltron B3's End of Combat Step
Phase: Ai(2)-Wyleth Voltron B3's Main phase, postcombat
Mana: Plains (156) - {T}: Add {W}.
Add To Stack: Ai(2)-Wyleth Voltron B3 cast Steelshaper's Gift
Resolve Stack: Steelshaper's Gift (139) - Ai(2)-Wyleth Voltron B3 searches their library for an Equipment card, reveals it, puts it into their hand, then shuffles.
Phase: Ai(2)-Wyleth Voltron B3's End step
Phase: Ai(2)-Wyleth Voltron B3's Cleanup step
Turn: Turn 31 (Ai(3)-Drana Vampires)
Phase: Ai(3)-Drana Vampires' Untap step
Phase: Ai(3)-Drana Vampires' Upkeep step
Mana: Swamp (254) - {T}: Add {B}.
Mana: Swamp (289) - {T}: Add {B}.
Life: Life: Ai(3)-Drana Vampires 37 > 35
Add To Stack: Ai(3)-Drana Vampires activated Erebos, God of the Dead
Resolve Stack: Erebos, God of the Dead (242) - Ai(3)-Drana Vampires draws a card.
Mana: Swamp (259) - {T}: Add {B}.
Mana: Swamp (276) - {T}: Add {B}.
Life: Life: Ai(3)-Drana Vampires 35 > 33
Add To Stack: Ai(3)-Drana Vampires activated Erebos, God of the Dead
Resolve Stack: Erebos, God of the Dead (242) - Ai(3)-Drana Vampires draws a card.
Phase: Ai(3)-Drana Vampires' Draw step
Phase: Ai(3)-Drana Vampires' Main phase, precombat
Land: Ai(3)-Drana Vampires played Swamp (263)
Mana: Swamp (280) - {T}: Add {B}.
Mana: Swamp (257) - {T}: Add {B}.
Mana: Swamp (272) - {T}: Add {B}.
Mana: Swamp (263) - {T}: Add {B}.
Add To Stack: Ai(3)-Drana Vampires cast Vampire Nocturnus
Resolve Stack: Vampire Nocturnus - Creature 3 / 3
Phase: Ai(3)-Drana Vampires' Beginning of Combat Step
Phase: Ai(3)-Drana Vampires' Declare Attackers Step
Phase: Ai(3)-Drana Vampires' Declare Blockers Step
Phase: Ai(3)-Drana Vampires' First Strike Damage Step
Phase: Ai(3)-Drana Vampires' Combat Damage Step
Phase: Ai(3)-Drana Vampires' End of Combat Step
Phase: Ai(3)-Drana Vampires' Main phase, postcombat
Phase: Ai(3)-Drana Vampires' End step
Phase: Ai(3)-Drana Vampires' Cleanup step
Turn: Turn 32 (Ai(4)-Kilo Helm Final)
Phase: Ai(4)-Kilo Helm Final's Untap step
Phase: Ai(4)-Kilo Helm Final's Upkeep step
Phase: Ai(4)-Kilo Helm Final's Draw step
Phase: Ai(4)-Kilo Helm Final's Main phase, precombat
Mana: Razortide Bridge (323) - {T}: Add {W} or {U}.
Mana: Mountain (390) - {T}: Add {R}.
Mana: Exotic Orchard (401) - {T}: Add one mana of any color that a land an opponent controls could produce.
Mana: Plains (357) - {T}: Add {W}.
Mana: Clifftop Retreat (328) - {T}: Add {R} or {W}.
Mana: Command Tower (308) - {T}: Add one mana of any color in your commander's color identity.
Mana: Cascade Bluffs (324) - {T}: Add {C}.
Add To Stack: Ai(4)-Kilo Helm Final cast Kilo, Apogee Mind
Resolve Stack: Kilo, Apogee Mind - Creature 3 / 3
Phase: Ai(4)-Kilo Helm Final's Beginning of Combat Step
Phase: Ai(4)-Kilo Helm Final's Declare Attackers Step
Combat: Ai(4)-Kilo Helm Final assigned Kilo, Apogee Mind (402) to attack Ai(2)-Wyleth Voltron B3.
Add To Stack: Ai(4)-Kilo Helm Final triggered Kilo, Apogee Mind
Resolve Stack: Whenever Kilo becomes tapped, proliferate. (Choose any number of permanents and/or players, then give each another counter of each kind already there.) [Tapped: Kilo, Apogee Mind (402)]
Phase: Ai(4)-Kilo Helm Final's Declare Blockers Step
Combat: Ai(2)-Wyleth Voltron B3 didn't block Kilo, Apogee Mind (402).
Phase: Ai(4)-Kilo Helm Final's First Strike Damage Step
Phase: Ai(4)-Kilo Helm Final's Combat Damage Step
Damage: Kilo, Apogee Mind (402) deals 3 combat damage to Ai(2)-Wyleth Voltron B3.
Life: Life: Ai(2)-Wyleth Voltron B3 37 > 34
Phase: Ai(4)-Kilo Helm Final's End of Combat Step
Phase: Ai(4)-Kilo Helm Final's Main phase, postcombat
Phase: Ai(4)-Kilo Helm Final's End step
Phase: Ai(4)-Kilo Helm Final's Cleanup step
Turn: Turn 33 (Ai(1)-Wilhelt Zombies B3)
Phase: Ai(1)-Wilhelt Zombies B3's Untap step
Phase: Ai(1)-Wilhelt Zombies B3's Upkeep step
Phase: Ai(1)-Wilhelt Zombies B3's Draw step
Phase: Ai(1)-Wilhelt Zombies B3's Main phase, precombat
Replacement Effect: Temple of Deceit enters tapped.
Land: Ai(1)-Wilhelt Zombies B3 played Temple of Deceit (11)
Add To Stack: Ai(1)-Wilhelt Zombies B3 triggered Temple of Deceit
Resolve Stack: Ai(1)-Wilhelt Zombies B3 scried 1 card(s) to the top of the library
Resolve Stack: When Temple of Deceit enters, scry 1. [Zone Changer: Temple of Deceit (11)]
Phase: Ai(1)-Wilhelt Zombies B3's Beginning of Combat Step
Phase: Ai(1)-Wilhelt Zombies B3's Declare Attackers Step
Phase: Ai(1)-Wilhelt Zombies B3's Declare Blockers Step
Phase: Ai(1)-Wilhelt Zombies B3's First Strike Damage Step
Phase: Ai(1)-Wilhelt Zombies B3's Combat Damage Step
Phase: Ai(1)-Wilhelt Zombies B3's End of Combat Step
Phase: Ai(1)-Wilhelt Zombies B3's Main phase, postcombat
Phase: Ai(1)-Wilhelt Zombies B3's End step
Phase: Ai(1)-Wilhelt Zombies B3's Cleanup step
Turn: Turn 34 (Ai(2)-Wyleth Voltron B3)
Phase: Ai(2)-Wyleth Voltron B3's Untap step
Phase: Ai(2)-Wyleth Voltron B3's Upkeep step
Mana: Plains (156) - {T}: Add {W}.
Add To Stack: Ai(2)-Wyleth Voltron B3 cast Swords to Plowshares targeting [Vampire Nocturnus (207)]
Zone Change: Vampire Nocturnus (207) was put into Exile from Battlefield.
Life: Life: Ai(3)-Drana Vampires 33 > 38
Resolve Stack: Swords to Plowshares (145) - Exile Vampire Nocturnus (207). Ai(3)-Drana Vampires gains life equal to its power.
Phase: Ai(2)-Wyleth Voltron B3's Draw step
Phase: Ai(2)-Wyleth Voltron B3's Main phase, precombat
Land: Ai(2)-Wyleth Voltron B3 played Plains (154)
Mana: Mountain (186) - {T}: Add {R}.
Mana: Mountain (187) - {T}: Add {R}.
Mana: Mountain (180) - {T}: Add {R}.
Add To Stack: Ai(2)-Wyleth Voltron B3 cast Champion's Helm
Add To Stack: Ai(2)-Wyleth Voltron B3 triggered Sram, Senior Edificer
Resolve Stack: Whenever you cast an Aura, Equipment, or Vehicle spell, draw a card. [Card: Champion's Helm (175), Activator: Ai(2)-Wyleth Voltron B3, SpellAbility: Champion's Helm]
Resolve Stack: Champion's Helm
Add To Stack: Ai(2)-Wyleth Voltron B3 triggered Hammer of Nazahn targeting [Sram, Senior Edificer (168)]
Resolve Stack: Whenever Hammer of Nazahn or another Equipment you control enters, you may attach that Equipment to target creature you control. (Targeting: [[Sram, Senior Edificer (168)]]) [Zone Changer: Champion's Helm (175)]
Mana: Plains (154) - {T}: Add {W}.
Mana: Mountain (182) - {T}: Add {R}.
Mana: Mountain (184) - {T}: Add {R}.
Add To Stack: Ai(2)-Wyleth Voltron B3 cast Maul of the Skyclaves
Add To Stack: Ai(2)-Wyleth Voltron B3 triggered Sram, Senior Edificer
Resolve Stack: Whenever you cast an Aura, Equipment, or Vehicle spell, draw a card. [Card: Maul of the Skyclaves (138), Activator: Ai(2)-Wyleth Voltron B3, SpellAbility: Maul of the Skyclaves]
Resolve Stack: Maul of the Skyclaves
Add To Stack: Ai(2)-Wyleth Voltron B3 triggered Maul of the Skyclaves targeting [Sram, Senior Edificer (168)]
Add To Stack: Ai(2)-Wyleth Voltron B3 triggered Hammer of Nazahn targeting [Sram, Senior Edificer (168)]
Resolve Stack: Whenever Hammer of Nazahn or another Equipment you control enters, you may attach that Equipment to target creature you control. (Targeting: [[Sram, Senior Edificer (168)]]) [Zone Changer: Maul of the Skyclaves (138)]
Resolve Stack: When Maul of the Skyclaves enters, attach it to target creature you control. (Targeting: [[Sram, Senior Edificer (168)]]) [Zone Changer: Maul of the Skyclaves (138)]
Phase: Ai(2)-Wyleth Voltron B3's Beginning of Combat Step
Phase: Ai(2)-Wyleth Voltron B3's Declare Attackers Step
Combat: Ai(2)-Wyleth Voltron B3 assigned Sram, Senior Edificer (168) to attack Ai(4)-Kilo Helm Final.
Phase: Ai(2)-Wyleth Voltron B3's Declare Blockers Step
Combat: Ai(4)-Kilo Helm Final didn't block Sram, Senior Edificer (168).
Phase: Ai(2)-Wyleth Voltron B3's First Strike Damage Step
Damage: Sram, Senior Edificer (168) deals 9 combat damage to Ai(4)-Kilo Helm Final.
Life: Life: Ai(4)-Kilo Helm Final 37 > 28
Phase: Ai(2)-Wyleth Voltron B3's Combat Damage Step
Phase: Ai(2)-Wyleth Voltron B3's End of Combat Step
Phase: Ai(2)-Wyleth Voltron B3's Main phase, postcombat
Phase: Ai(2)-Wyleth Voltron B3's End step
Phase: Ai(2)-Wyleth Voltron B3's Cleanup step
Turn: Turn 35 (Ai(3)-Drana Vampires)
Phase: Ai(3)-Drana Vampires' Untap step
Phase: Ai(3)-Drana Vampires' Upkeep step
Mana: Swamp (254) - {T}: Add {B}.
Mana: Swamp (289) - {T}: Add {B}.
Life: Life: Ai(3)-Drana Vampires 38 > 36
Add To Stack: Ai(3)-Drana Vampires activated Erebos, God of the Dead
Resolve Stack: Erebos, God of the Dead (242) - Ai(3)-Drana Vampires draws a card.
Phase: Ai(3)-Drana Vampires' Draw step
Phase: Ai(3)-Drana Vampires' Main phase, precombat
Land: Ai(3)-Drana Vampires played Swamp (269)
Mana: Swamp (259) - {T}: Add {B}.
Mana: Swamp (276) - {T}: Add {B}.
Mana: Swamp (280) - {T}: Add {B}.
Mana: Swamp (257) - {T}: Add {B}.
Mana: Swamp (272) - {T}: Add {B}.
Mana: Swamp (263) - {T}: Add {B}.
Mana: Swamp (269) - {T}: Add {B}.
Add To Stack: Ai(3)-Drana Vampires cast Baneful Omen
Resolve Stack: Baneful Omen
Phase: Ai(3)-Drana Vampires' Beginning of Combat Step
Phase: Ai(3)-Drana Vampires' Declare Attackers Step
Phase: Ai(3)-Drana Vampires' Declare Blockers Step
Phase: Ai(3)-Drana Vampires' First Strike Damage Step
Phase: Ai(3)-Drana Vampires' Combat Damage Step
Phase: Ai(3)-Drana Vampires' End of Combat Step
Phase: Ai(3)-Drana Vampires' Main phase, postcombat
Phase: Ai(3)-Drana Vampires' End step
Add To Stack: Ai(3)-Drana Vampires triggered Baneful Omen
Life: Life: Ai(4)-Kilo Helm Final 28 > 27
Life: Life: Ai(1)-Wilhelt Zombies B3 37 > 36
Life: Life: Ai(2)-Wyleth Voltron B3 34 > 33
Resolve Stack: At the beginning of your end step, you may reveal the top card of your library. If you do, each opponent loses life equal to that card's mana value. [Phase: Ai(3)-Drana Vampires]
Phase: Ai(3)-Drana Vampires' Cleanup step
Turn: Turn 36 (Ai(4)-Kilo Helm Final)
Phase: Ai(4)-Kilo Helm Final's Untap step
Phase: Ai(4)-Kilo Helm Final's Upkeep step
Phase: Ai(4)-Kilo Helm Final's Draw step
Phase: Ai(4)-Kilo Helm Final's Main phase, precombat
Mana: Exotic Orchard (401) - {T}: Add one mana of any color that a land an opponent controls could produce.
Mana: Mountain (390) - {T}: Add {R}.
Mana: Plains (357) - {T}: Add {W}.
Mana: Clifftop Retreat (328) - {T}: Add {R} or {W}.
Mana: Razortide Bridge (323) - {T}: Add {W} or {U}.
Add To Stack: Ai(4)-Kilo Helm Final cast Illustrious Wanderglyph
Resolve Stack: Illustrious Wanderglyph - Creature 2 / 2
Phase: Ai(4)-Kilo Helm Final's Beginning of Combat Step
Phase: Ai(4)-Kilo Helm Final's Declare Attackers Step
Combat: Ai(4)-Kilo Helm Final assigned Kilo, Apogee Mind (402) to attack Ai(2)-Wyleth Voltron B3.
Add To Stack: Ai(4)-Kilo Helm Final triggered Kilo, Apogee Mind
Resolve Stack: Whenever Kilo becomes tapped, proliferate. (Choose any number of permanents and/or players, then give each another counter of each kind already there.) [Tapped: Kilo, Apogee Mind (402)]
Phase: Ai(4)-Kilo Helm Final's Declare Blockers Step
Combat: Ai(2)-Wyleth Voltron B3 didn't block Kilo, Apogee Mind (402).
Phase: Ai(4)-Kilo Helm Final's First Strike Damage Step
Phase: Ai(4)-Kilo Helm Final's Combat Damage Step
Damage: Kilo, Apogee Mind (402) deals 5 combat damage to Ai(2)-Wyleth Voltron B3.
Life: Life: Ai(2)-Wyleth Voltron B3 33 > 28
Phase: Ai(4)-Kilo Helm Final's End of Combat Step
Phase: Ai(4)-Kilo Helm Final's Main phase, postcombat
Add To Stack: Ai(4)-Kilo Helm Final activated Extinguisher Battleship
Resolve Stack: Extinguisher Battleship (351) - Ai(4)-Kilo Helm Final puts two charge counters on Extinguisher Battleship (351).
Mana: Command Tower (308) - {T}: Add one mana of any color in your commander's color identity.
Mana: Cascade Bluffs (324) - {T}: Add {C}.
Add To Stack: Ai(4)-Kilo Helm Final cast Thought Monitor
Resolve Stack: Thought Monitor - Creature 2 / 2
Add To Stack: Ai(4)-Kilo Helm Final triggered Thought Monitor
Resolve Stack: When Thought Monitor enters, draw two cards. [Zone Changer: Thought Monitor (397)]
Replacement Effect: This land enters tapped.
Land: Ai(4)-Kilo Helm Final played Uthros, Titanic Godcore (340)
Add To Stack: Ai(4)-Kilo Helm Final activated Extinguisher Battleship
Resolve Stack: Extinguisher Battleship (351) - Ai(4)-Kilo Helm Final puts four charge counters on Extinguisher Battleship (351).
Add To Stack: Ai(4)-Kilo Helm Final activated Uthros, Titanic Godcore
Resolve Stack: Uthros, Titanic Godcore (340) - Ai(4)-Kilo Helm Final puts twelve charge counters on Uthros, Titanic Godcore (340).
Mana: Everflowing Chalice (332) - {T}: Add {C} for each charge counter on Everflowing Chalice.
Add To Stack: Ai(4)-Kilo Helm Final cast Dawnsire, Sunstar Dreadnought
Resolve Stack: Dawnsire, Sunstar Dreadnought
Phase: Ai(4)-Kilo Helm Final's End step
Phase: Ai(4)-Kilo Helm Final's Cleanup step
Turn: Turn 37 (Ai(1)-Wilhelt Zombies B3)
Phase: Ai(1)-Wilhelt Zombies B3's Untap step
Phase: Ai(1)-Wilhelt Zombies B3's Upkeep step
Add To Stack: Ai(4)-Kilo Helm Final triggered Illustrious Wanderglyph
Resolve Stack: At the beginning of each upkeep, create a 1/1 colorless Gnome artifact creature token. [Phase: Ai(1)-Wilhelt Zombies B3]
Phase: Ai(1)-Wilhelt Zombies B3's Draw step
Phase: Ai(1)-Wilhelt Zombies B3's Main phase, precombat
Phase: Ai(1)-Wilhelt Zombies B3's Beginning of Combat Step
Phase: Ai(1)-Wilhelt Zombies B3's Declare Attackers Step
Phase: Ai(1)-Wilhelt Zombies B3's Declare Blockers Step
Phase: Ai(1)-Wilhelt Zombies B3's First Strike Damage Step
Phase: Ai(1)-Wilhelt Zombies B3's Combat Damage Step
Phase: Ai(1)-Wilhelt Zombies B3's End of Combat Step
Phase: Ai(1)-Wilhelt Zombies B3's Main phase, postcombat
Mana: Swamp (89) - {T}: Add {B}.
Mana: Swamp (81) - {T}: Add {B}.
Mana: Swamp (78) - {T}: Add {B}.
Mana: Swamp (77) - {T}: Add {B}.
Mana: Temple of Deceit (11) - {T}: Add {U} or {B}.
Add To Stack: Ai(1)-Wilhelt Zombies B3 cast Gray Merchant of Asphodel
Resolve Stack: Gray Merchant of Asphodel - Creature 2 / 4
Add To Stack: Ai(1)-Wilhelt Zombies B3 triggered Gray Merchant of Asphodel
Life: Life: Ai(2)-Wyleth Voltron B3 28 > 26
Life: Life: Ai(3)-Drana Vampires 36 > 34
Life: Life: Ai(4)-Kilo Helm Final 27 > 25
Resolve Stack: When Gray Merchant of Asphodel enters, each opponent loses X life, where X is your devotion to black. You gain life equal to the life lost this way. [Zone Changer: Gray Merchant of Asphodel (15)]
Phase: Ai(1)-Wilhelt Zombies B3's End step
Phase: Ai(1)-Wilhelt Zombies B3's Cleanup step
Turn: Turn 38 (Ai(2)-Wyleth Voltron B3)
Phase: Ai(2)-Wyleth Voltron B3's Untap step
Phase: Ai(2)-Wyleth Voltron B3's Upkeep step
Add To Stack: Ai(4)-Kilo Helm Final triggered Illustrious Wanderglyph
Resolve Stack: At the beginning of each upkeep, create a 1/1 colorless Gnome artifact creature token. [Phase: Ai(2)-Wyleth Voltron B3]
Phase: Ai(2)-Wyleth Voltron B3's Draw step
Phase: Ai(2)-Wyleth Voltron B3's Main phase, precombat
Land: Ai(2)-Wyleth Voltron B3 played Command Tower (113)
Mana: Mountain (186) - {T}: Add {R}.
Mana: Mountain (187) - {T}: Add {R}.
Mana: Mountain (180) - {T}: Add {R}.
Add To Stack: Ai(2)-Wyleth Voltron B3 cast Sword of Hearth and Home
Add To Stack: Ai(2)-Wyleth Voltron B3 triggered Sram, Senior Edificer
Resolve Stack: Whenever you cast an Aura, Equipment, or Vehicle spell, draw a card. [Card: Sword of Hearth and Home (193), Activator: Ai(2)-Wyleth Voltron B3, SpellAbility: Sword of Hearth and Home]
Resolve Stack: Sword of Hearth and Home
Add To Stack: Ai(2)-Wyleth Voltron B3 triggered Hammer of Nazahn targeting [Sram, Senior Edificer (168)]
Resolve Stack: Whenever Hammer of Nazahn or another Equipment you control enters, you may attach that Equipment to target creature you control. (Targeting: [[Sram, Senior Edificer (168)]]) [Zone Changer: Sword of Hearth and Home (193)]
Phase: Ai(2)-Wyleth Voltron B3's Beginning of Combat Step
Phase: Ai(2)-Wyleth Voltron B3's Declare Attackers Step
Phase: Ai(2)-Wyleth Voltron B3's Declare Blockers Step
Phase: Ai(2)-Wyleth Voltron B3's First Strike Damage Step
Phase: Ai(2)-Wyleth Voltron B3's Combat Damage Step
Phase: Ai(2)-Wyleth Voltron B3's End of Combat Step
Phase: Ai(2)-Wyleth Voltron B3's Main phase, postcombat
Phase: Ai(2)-Wyleth Voltron B3's End step
Phase: Ai(2)-Wyleth Voltron B3's Cleanup step
Turn: Turn 39 (Ai(3)-Drana Vampires)
Phase: Ai(3)-Drana Vampires' Untap step
Phase: Ai(3)-Drana Vampires' Upkeep step
Add To Stack: Ai(4)-Kilo Helm Final triggered Illustrious Wanderglyph
Mana: Swamp (254) - {T}: Add {B}.
Mana: Swamp (289) - {T}: Add {B}.
Life: Life: Ai(3)-Drana Vampires 34 > 32
Add To Stack: Ai(3)-Drana Vampires activated Erebos, God of the Dead
Resolve Stack: Erebos, God of the Dead (242) - Ai(3)-Drana Vampires draws a card.
Resolve Stack: At the beginning of each upkeep, create a 1/1 colorless Gnome artifact creature token. [Phase: Ai(3)-Drana Vampires]
Phase: Ai(3)-Drana Vampires' Draw step
Mana: Swamp (259) - {T}: Add {B}.
Mana: Swamp (276) - {T}: Add {B}.
Add To Stack: Ai(3)-Drana Vampires cast Doom Blade targeting [Extinguisher Battleship (351)]
Zone Change: Extinguisher Battleship (351) was put into Graveyard from Battlefield.
Resolve Stack: Doom Blade (233) - Destroy Extinguisher Battleship (351).
Phase: Ai(3)-Drana Vampires' Main phase, precombat
Land: Ai(3)-Drana Vampires played Swamp (296)
Mana: Swamp (280) - {T}: Add {B}.
Mana: Swamp (257) - {T}: Add {B}.
Mana: Swamp (272) - {T}: Add {B}.
Mana: Swamp (263) - {T}: Add {B}.
Mana: Swamp (269) - {T}: Add {B}.
Add To Stack: Ai(3)-Drana Vampires cast Black Market
Resolve Stack: Black Market
Phase: Ai(3)-Drana Vampires' Beginning of Combat Step
Phase: Ai(3)-Drana Vampires' Declare Attackers Step
Phase: Ai(3)-Drana Vampires' Declare Blockers Step
Phase: Ai(3)-Drana Vampires' First Strike Damage Step
Phase: Ai(3)-Drana Vampires' Combat Damage Step
Phase: Ai(3)-Drana Vampires' End of Combat Step
Phase: Ai(3)-Drana Vampires' Main phase, postcombat
Phase: Ai(3)-Drana Vampires' End step
Add To Stack: Ai(3)-Drana Vampires triggered Baneful Omen
Resolve Stack: At the beginning of your end step, you may reveal the top card of your library. If you do, each opponent loses life equal to that card's mana value. [Phase: Ai(3)-Drana Vampires]
Phase: Ai(3)-Drana Vampires' Cleanup step
Turn: Turn 40 (Ai(4)-Kilo Helm Final)
Phase: Ai(4)-Kilo Helm Final's Untap step
Phase: Ai(4)-Kilo Helm Final's Upkeep step
Add To Stack: Ai(4)-Kilo Helm Final triggered Illustrious Wanderglyph
Resolve Stack: At the beginning of each upkeep, create a 1/1 colorless Gnome artifact creature token. [Phase: Ai(4)-Kilo Helm Final]
Phase: Ai(4)-Kilo Helm Final's Draw step
Phase: Ai(4)-Kilo Helm Final's Main phase, precombat
Replacement Effect: Glacial Fortress enters tapped unless you control a Plains or an Island.
Land: Ai(4)-Kilo Helm Final played Glacial Fortress (380)
Phase: Ai(4)-Kilo Helm Final's Beginning of Combat Step
Phase: Ai(4)-Kilo Helm Final's Declare Attackers Step
Combat: Ai(4)-Kilo Helm Final assigned Kilo, Apogee Mind (402), Thought Monitor (397), Gnome Token (425), Gnome Token (432), Gnome Token (435) and Illustrious Wanderglyph (331) to attack Ai(2)-Wyleth Voltron B3.
Add To Stack: Ai(4)-Kilo Helm Final triggered Kilo, Apogee Mind
Resolve Stack: Whenever Kilo becomes tapped, proliferate. (Choose any number of permanents and/or players, then give each another counter of each kind already there.) [Tapped: Kilo, Apogee Mind (402)]
Phase: Ai(4)-Kilo Helm Final's Declare Blockers Step
Combat: Ai(2)-Wyleth Voltron B3 assigned Sram, Senior Edificer (168) to block Kilo, Apogee Mind (402).
Ai(2)-Wyleth Voltron B3 didn't block Thought Monitor (397).
Ai(2)-Wyleth Voltron B3 didn't block Gnome Token (425).
Ai(2)-Wyleth Voltron B3 didn't block Gnome Token (432).
Ai(2)-Wyleth Voltron B3 didn't block Gnome Token (435).
Ai(2)-Wyleth Voltron B3 didn't block Illustrious Wanderglyph (331).
Phase: Ai(4)-Kilo Helm Final's First Strike Damage Step
Phase: Ai(4)-Kilo Helm Final's Combat Damage Step
Replacement Effect: Protection from white
Damage: Thought Monitor (397) deals 4 combat damage to Ai(2)-Wyleth Voltron B3.
Damage: Gnome Token (425) deals 3 combat damage to Ai(2)-Wyleth Voltron B3.
Damage: Gnome Token (432) deals 3 combat damage to Ai(2)-Wyleth Voltron B3.
Damage: Gnome Token (435) deals 3 combat damage to Ai(2)-Wyleth Voltron B3.
Damage: Illustrious Wanderglyph (331) deals 2 combat damage to Ai(2)-Wyleth Voltron B3.
Damage: Sram, Senior Edificer (168) deals 9 damage to Kilo, Apogee Mind (402).
Life: Life: Ai(2)-Wyleth Voltron B3 26 > 11
Zone Change: Kilo, Apogee Mind (402) was put into Graveyard from Battlefield.
Add To Stack: Ai(3)-Drana Vampires triggered Black Market
Resolve Stack: Whenever a creature dies, put a charge counter on Black Market. [Zone Changer: Kilo, Apogee Mind (402)]
Phase: Ai(4)-Kilo Helm Final's End of Combat Step
Phase: Ai(4)-Kilo Helm Final's Main phase, postcombat
Mana: Mountain (390) - {T}: Add {R}.
Mana: Exotic Orchard (401) - {T}: Add one mana of any color that a land an opponent controls could produce.
Mana: Plains (357) - {T}: Add {W}.
Mana: Clifftop Retreat (328) - {T}: Add {R} or {W}.
Mana: Razortide Bridge (323) - {T}: Add {W} or {U}.
Mana: Glacial Fortress (380) - {T}: Add {W} or {U}.
Mana: Command Tower (308) - {T}: Add one mana of any color in your commander's color identity.
Mana: Cascade Bluffs (324) - {T}: Add {C}.
Mana: Uthros, Titanic Godcore (340) - {T}: Add {U}.
Add To Stack: Ai(4)-Kilo Helm Final cast Kilo, Apogee Mind
Resolve Stack: Kilo, Apogee Mind - Creature 3 / 3
Mana: Everflowing Chalice (332) - {T}: Add {C} for each charge counter on Everflowing Chalice.
Add To Stack: Ai(4)-Kilo Helm Final cast Coretapper
Resolve Stack: Coretapper - Creature 1 / 1
Phase: Ai(4)-Kilo Helm Final's End step
Phase: Ai(4)-Kilo Helm Final's Cleanup step
Turn: Turn 41 (Ai(1)-Wilhelt Zombies B3)
Phase: Ai(1)-Wilhelt Zombies B3's Untap step
Phase: Ai(1)-Wilhelt Zombies B3's Upkeep step
Add To Stack: Ai(4)-Kilo Helm Final triggered Illustrious Wanderglyph
Resolve Stack: At the beginning of each upkeep, create a 1/1 colorless Gnome artifact creature token. [Phase: Ai(1)-Wilhelt Zombies B3]
Phase: Ai(1)-Wilhelt Zombies B3's Draw step
Phase: Ai(1)-Wilhelt Zombies B3's Main phase, precombat
Mana: Swamp (89) - {T}: Add {B}.
Mana: Swamp (81) - {T}: Add {B}.
Mana: Swamp (78) - {T}: Add {B}.
Mana: Swamp (77) - {T}: Add {B}.
Mana: Temple of Deceit (11) - {T}: Add {U} or {B}.
Add To Stack: Ai(1)-Wilhelt Zombies B3 cast Liliana's Mastery
Resolve Stack: Liliana's Mastery
Add To Stack: Ai(1)-Wilhelt Zombies B3 triggered Liliana's Mastery
Resolve Stack: When Liliana's Mastery enters, create two 2/2 black Zombie creature tokens. [Zone Changer: Liliana's Mastery (65)]
Phase: Ai(1)-Wilhelt Zombies B3's Beginning of Combat Step
Phase: Ai(1)-Wilhelt Zombies B3's Declare Attackers Step
Phase: Ai(1)-Wilhelt Zombies B3's Declare Blockers Step
Phase: Ai(1)-Wilhelt Zombies B3's First Strike Damage Step
Phase: Ai(1)-Wilhelt Zombies B3's Combat Damage Step
Phase: Ai(1)-Wilhelt Zombies B3's End of Combat Step
Phase: Ai(1)-Wilhelt Zombies B3's Main phase, postcombat
Phase: Ai(1)-Wilhelt Zombies B3's End step
Phase: Ai(1)-Wilhelt Zombies B3's Cleanup step
Turn: Turn 42 (Ai(2)-Wyleth Voltron B3)
Phase: Ai(2)-Wyleth Voltron B3's Untap step
Phase: Ai(2)-Wyleth Voltron B3's Upkeep step
Add To Stack: Ai(4)-Kilo Helm Final triggered Illustrious Wanderglyph
Resolve Stack: At the beginning of each upkeep, create a 1/1 colorless Gnome artifact creature token. [Phase: Ai(2)-Wyleth Voltron B3]
Phase: Ai(2)-Wyleth Voltron B3's Draw step
Phase: Ai(2)-Wyleth Voltron B3's Main phase, precombat
Land: Ai(2)-Wyleth Voltron B3 played Plains (153)
Phase: Ai(2)-Wyleth Voltron B3's Beginning of Combat Step
Phase: Ai(2)-Wyleth Voltron B3's Declare Attackers Step
Phase: Ai(2)-Wyleth Voltron B3's Declare Blockers Step
Phase: Ai(2)-Wyleth Voltron B3's First Strike Damage Step
Phase: Ai(2)-Wyleth Voltron B3's Combat Damage Step
Phase: Ai(2)-Wyleth Voltron B3's End of Combat Step
Phase: Ai(2)-Wyleth Voltron B3's Main phase, postcombat
Mana: Plains (156) - {T}: Add {W}.
Mana: Mountain (186) - {T}: Add {R}.
Mana: Mountain (187) - {T}: Add {R}.
Mana: Mountain (180) - {T}: Add {R}.
Mana: Mountain (182) - {T}: Add {R}.
Mana: Mountain (184) - {T}: Add {R}.
Mana: Plains (154) - {T}: Add {W}.
Add To Stack: Ai(2)-Wyleth Voltron B3 cast Wyleth, Soul of Steel
Resolve Stack: Wyleth, Soul of Steel - Creature 2 / 2
Phase: Ai(2)-Wyleth Voltron B3's End step
Phase: Ai(2)-Wyleth Voltron B3's Cleanup step
Turn: Turn 43 (Ai(3)-Drana Vampires)
Phase: Ai(3)-Drana Vampires' Untap step
Phase: Ai(3)-Drana Vampires' Upkeep step
Add To Stack: Ai(4)-Kilo Helm Final triggered Illustrious Wanderglyph
Mana: Swamp (254) - {T}: Add {B}.
Mana: Swamp (289) - {T}: Add {B}.
Life: Life: Ai(3)-Drana Vampires 32 > 30
Add To Stack: Ai(3)-Drana Vampires activated Erebos, God of the Dead
Resolve Stack: Erebos, God of the Dead (242) - Ai(3)-Drana Vampires draws a card.
Mana: Swamp (259) - {T}: Add {B}.
Mana: Swamp (276) - {T}: Add {B}.
Life: Life: Ai(3)-Drana Vampires 30 > 28
Add To Stack: Ai(3)-Drana Vampires activated Erebos, God of the Dead
Resolve Stack: Erebos, God of the Dead (242) - Ai(3)-Drana Vampires draws a card.
Resolve Stack: At the beginning of each upkeep, create a 1/1 colorless Gnome artifact creature token. [Phase: Ai(3)-Drana Vampires]
Phase: Ai(3)-Drana Vampires' Draw step
Phase: Ai(3)-Drana Vampires' Main phase, precombat
Add To Stack: Ai(3)-Drana Vampires triggered Black Market
Resolve Stack: At the beginning of your first main phase, add {B} for each charge counter on Black Market. [Phase: Ai(3)-Drana Vampires]
Land: Ai(3)-Drana Vampires played Swamp (292)
Mana: Swamp (280) - {T}: Add {B}.
Mana: Swamp (257) - {T}: Add {B}.
Mana: Swamp (272) - {T}: Add {B}.
Mana: Swamp (263) - {T}: Add {B}.
Add To Stack: Ai(3)-Drana Vampires cast Drana, Liberator of Malakir
Resolve Stack: Drana, Liberator of Malakir - Creature 2 / 3
Mana: Swamp (269) - {T}: Add {B}.
Mana: Swamp (296) - {T}: Add {B}.
Mana: Swamp (292) - {T}: Add {B}.
Add To Stack: Ai(3)-Drana Vampires cast Barony Vampire
Resolve Stack: Barony Vampire - Creature 3 / 2
Phase: Ai(3)-Drana Vampires' Beginning of Combat Step
Phase: Ai(3)-Drana Vampires' Declare Attackers Step
Phase: Ai(3)-Drana Vampires' Declare Blockers Step
Phase: Ai(3)-Drana Vampires' First Strike Damage Step
Phase: Ai(3)-Drana Vampires' Combat Damage Step
Phase: Ai(3)-Drana Vampires' End of Combat Step
Phase: Ai(3)-Drana Vampires' Main phase, postcombat
Phase: Ai(3)-Drana Vampires' End step
Add To Stack: Ai(3)-Drana Vampires triggered Baneful Omen
Life: Life: Ai(4)-Kilo Helm Final 25 > 23
Life: Life: Ai(1)-Wilhelt Zombies B3 36 > 34
Life: Life: Ai(2)-Wyleth Voltron B3 11 > 9
Resolve Stack: At the beginning of your end step, you may reveal the top card of your library. If you do, each opponent loses life equal to that card's mana value. [Phase: Ai(3)-Drana Vampires]
Phase: Ai(3)-Drana Vampires' Cleanup step
Turn: Turn 44 (Ai(4)-Kilo Helm Final)
Phase: Ai(4)-Kilo Helm Final's Untap step
Phase: Ai(4)-Kilo Helm Final's Upkeep step
Add To Stack: Ai(4)-Kilo Helm Final triggered Illustrious Wanderglyph
Resolve Stack: At the beginning of each upkeep, create a 1/1 colorless Gnome artifact creature token. [Phase: Ai(4)-Kilo Helm Final]
Phase: Ai(4)-Kilo Helm Final's Draw step
Phase: Ai(4)-Kilo Helm Final's Main phase, precombat
Replacement Effect: Silverbluff Bridge enters tapped.
Land: Ai(4)-Kilo Helm Final played Silverbluff Bridge (327)
Phase: Ai(4)-Kilo Helm Final's Beginning of Combat Step
Phase: Ai(4)-Kilo Helm Final's Declare Attackers Step
Combat: Ai(4)-Kilo Helm Final assigned Kilo, Apogee Mind (402), Thought Monitor (397), Gnome Token (425), Gnome Token (432), Gnome Token (435), Gnome Token (438), Coretapper (330), Gnome Token (441), Gnome Token (452), Gnome Token (455) and Illustrious Wanderglyph (331) to attack Ai(2)-Wyleth Voltron B3.
Add To Stack: Ai(4)-Kilo Helm Final triggered Kilo, Apogee Mind
Resolve Stack: Whenever Kilo becomes tapped, proliferate. (Choose any number of permanents and/or players, then give each another counter of each kind already there.) [Tapped: Kilo, Apogee Mind (402)]
Phase: Ai(4)-Kilo Helm Final's Declare Blockers Step
Combat: Ai(2)-Wyleth Voltron B3 assigned Wyleth, Soul of Steel (200) to block Kilo, Apogee Mind (402).
Ai(2)-Wyleth Voltron B3 didn't block Thought Monitor (397).
Ai(2)-Wyleth Voltron B3 assigned Sram, Senior Edificer (168) to block Gnome Token (425).
Ai(2)-Wyleth Voltron B3 didn't block Gnome Token (432).
Ai(2)-Wyleth Voltron B3 didn't block Gnome Token (435).
Ai(2)-Wyleth Voltron B3 didn't block Gnome Token (438).
Ai(2)-Wyleth Voltron B3 didn't block Coretapper (330).
Ai(2)-Wyleth Voltron B3 didn't block Gnome Token (441).
Ai(2)-Wyleth Voltron B3 didn't block Gnome Token (452).
Ai(2)-Wyleth Voltron B3 didn't block Gnome Token (455).
Ai(2)-Wyleth Voltron B3 didn't block Illustrious Wanderglyph (331).
Mana: Command Tower (113) - {T}: Add one mana of any color in your commander's color identity.
Mana: Plains (153) - {T}: Add {W}.
Add To Stack: Ai(2)-Wyleth Voltron B3 cast Boros Charm
Resolve Stack: Boros Charm (172) -  Permanents you control gain indestructible until end of turn.
Phase: Ai(4)-Kilo Helm Final's First Strike Damage Step
Phase: Ai(4)-Kilo Helm Final's Combat Damage Step
Damage: Kilo, Apogee Mind (402) deals 5 damage to Wyleth, Soul of Steel (200).
Damage: Thought Monitor (397) deals 4 combat damage to Ai(2)-Wyleth Voltron B3.
Damage: Gnome Token (425) deals 3 damage to Sram, Senior Edificer (168).
Damage: Gnome Token (432) deals 3 combat damage to Ai(2)-Wyleth Voltron B3.
Damage: Gnome Token (435) deals 3 combat damage to Ai(2)-Wyleth Voltron B3.
Damage: Gnome Token (438) deals 3 combat damage to Ai(2)-Wyleth Voltron B3.
Damage: Coretapper (330) deals 3 combat damage to Ai(2)-Wyleth Voltron B3.
Damage: Gnome Token (441) deals 3 combat damage to Ai(2)-Wyleth Voltron B3.
Damage: Gnome Token (452) deals 3 combat damage to Ai(2)-Wyleth Voltron B3.
Damage: Gnome Token (455) deals 3 combat damage to Ai(2)-Wyleth Voltron B3.
Damage: Illustrious Wanderglyph (331) deals 2 combat damage to Ai(2)-Wyleth Voltron B3.
Damage: Wyleth, Soul of Steel (200) deals 2 damage to Kilo, Apogee Mind (402).
Damage: Sram, Senior Edificer (168) deals 9 damage to Gnome Token (425).
Life: Life: Ai(2)-Wyleth Voltron B3 9 > -18
Zone Change: Gnome Token (425) was put into Graveyard from Battlefield.
Add To Stack: Ai(3)-Drana Vampires triggered Black Market
Resolve Stack: Whenever a creature dies, put a charge counter on Black Market. [Zone Changer: Gnome Token (425)]
Phase: Ai(4)-Kilo Helm Final's End of Combat Step
Phase: Ai(4)-Kilo Helm Final's Main phase, postcombat
Mana: Exotic Orchard (401) - {T}: Add one mana of any color that a land an opponent controls could produce.
Mana: Mountain (390) - {T}: Add {R}.
Mana: Plains (357) - {T}: Add {W}.
Add To Stack: Ai(4)-Kilo Helm Final cast Simulacrum Synthesizer
Resolve Stack: Simulacrum Synthesizer
Add To Stack: Ai(4)-Kilo Helm Final triggered Simulacrum Synthesizer
Resolve Stack: Ai(4)-Kilo Helm Final scried 1 card(s) to the top of the library and 1 card(s) to the bottom of the library
Resolve Stack: When Simulacrum Synthesizer enters, scry 2. (Look at the top two cards of your library, then put any number of them on the bottom of your library and the rest on top in any order.) [Zone Changer: Simulacrum Synthesizer (306)]
Mana: Clifftop Retreat (328) - {T}: Add {R} or {W}.
Mana: Razortide Bridge (323) - {T}: Add {W} or {U}.
Add To Stack: Ai(4)-Kilo Helm Final cast Arcane Signet
Resolve Stack: Arcane Signet
Phase: Ai(4)-Kilo Helm Final's End step
Phase: Ai(4)-Kilo Helm Final's Cleanup step
Turn: Turn 45 (Ai(1)-Wilhelt Zombies B3)
Phase: Ai(1)-Wilhelt Zombies B3's Untap step
Phase: Ai(1)-Wilhelt Zombies B3's Upkeep step
Add To Stack: Ai(4)-Kilo Helm Final triggered Illustrious Wanderglyph
Resolve Stack: At the beginning of each upkeep, create a 1/1 colorless Gnome artifact creature token. [Phase: Ai(1)-Wilhelt Zombies B3]
Phase: Ai(1)-Wilhelt Zombies B3's Draw step
Phase: Ai(1)-Wilhelt Zombies B3's Main phase, precombat
Land: Ai(1)-Wilhelt Zombies B3 played Island (53)
Mana: Island (53) - {T}: Add {U}.
Mana: Swamp (89) - {T}: Add {B}.
Mana: Swamp (81) - {T}: Add {B}.
Mana: Swamp (78) - {T}: Add {B}.
Add To Stack: Ai(1)-Wilhelt Zombies B3 cast Wilhelt, the Rotcleaver
Resolve Stack: Wilhelt, the Rotcleaver - Creature 3 / 3
Mana: Swamp (77) - {T}: Add {B}.
Mana: Temple of Deceit (11) - {T}: Add {U} or {B}.
Add To Stack: Ai(1)-Wilhelt Zombies B3 cast Shepherd of Rot
Resolve Stack: Shepherd of Rot - Creature 1 / 1
Phase: Ai(1)-Wilhelt Zombies B3's Beginning of Combat Step
Phase: Ai(1)-Wilhelt Zombies B3's Declare Attackers Step
Phase: Ai(1)-Wilhelt Zombies B3's Declare Blockers Step
Phase: Ai(1)-Wilhelt Zombies B3's First Strike Damage Step
Phase: Ai(1)-Wilhelt Zombies B3's Combat Damage Step
Phase: Ai(1)-Wilhelt Zombies B3's End of Combat Step
Phase: Ai(1)-Wilhelt Zombies B3's Main phase, postcombat
Phase: Ai(1)-Wilhelt Zombies B3's End step
Add To Stack: Ai(1)-Wilhelt Zombies B3 triggered Wilhelt, the Rotcleaver
Resolve Stack: At the beginning of your end step, you may sacrifice a Zombie. If you do, draw a card. [Phase: Ai(1)-Wilhelt Zombies B3]
Phase: Ai(1)-Wilhelt Zombies B3's Cleanup step
Turn: Turn 46 (Ai(3)-Drana Vampires)
Phase: Ai(3)-Drana Vampires' Untap step
Phase: Ai(3)-Drana Vampires' Upkeep step
Add To Stack: Ai(4)-Kilo Helm Final triggered Illustrious Wanderglyph
Mana: Swamp (254) - {T}: Add {B}.
Mana: Swamp (289) - {T}: Add {B}.
Life: Life: Ai(3)-Drana Vampires 28 > 26
Add To Stack: Ai(3)-Drana Vampires activated Erebos, God of the Dead
Resolve Stack: Erebos, God of the Dead (242) - Ai(3)-Drana Vampires draws a card.
Resolve Stack: At the beginning of each upkeep, create a 1/1 colorless Gnome artifact creature token. [Phase: Ai(3)-Drana Vampires]
Phase: Ai(3)-Drana Vampires' Draw step
Phase: Ai(3)-Drana Vampires' Main phase, precombat
Add To Stack: Ai(3)-Drana Vampires triggered Black Market
Resolve Stack: At the beginning of your first main phase, add {B} for each charge counter on Black Market. [Phase: Ai(3)-Drana Vampires]
Land: Ai(3)-Drana Vampires played Swamp (282)
Mana: Swamp (259) - {T}: Add {B}.
Add To Stack: Ai(3)-Drana Vampires cast Phyrexian Arena
Resolve Stack: Phyrexian Arena
Mana: Swamp (276) - {T}: Add {B}.
Mana: Swamp (280) - {T}: Add {B}.
Life: Life: Ai(3)-Drana Vampires 26 > 24
Add To Stack: Ai(3)-Drana Vampires activated Erebos, God of the Dead
Resolve Stack: Erebos, God of the Dead (242) - Ai(3)-Drana Vampires draws a card.
Mana: Swamp (257) - {T}: Add {B}.
Mana: Swamp (272) - {T}: Add {B}.
Mana: Swamp (263) - {T}: Add {B}.
Mana: Swamp (269) - {T}: Add {B}.
Add To Stack: Ai(3)-Drana Vampires cast Crypt Ghast
Resolve Stack: Crypt Ghast - Creature 2 / 2
Mana: Swamp (296) - {T}: Add {B}.
Mana: Swamp (292) - {T}: Add {B}.
Add To Stack: Ai(3)-Drana Vampires cast Read the Bones
Add To Stack: Ai(3)-Drana Vampires triggered Crypt Ghast
Life: Life: Ai(4)-Kilo Helm Final 23 > 22
Life: Life: Ai(1)-Wilhelt Zombies B3 34 > 33
Life: Life: Ai(3)-Drana Vampires 24 > 26
Resolve Stack: Extort (Whenever you cast a spell, you may pay {W/B}. If you do, each opponent loses 1 life and you gain that much life.) [Card: Read the Bones (208), Activator: Ai(3)-Drana Vampires, SpellAbility: Scry 2, then draw two cards. You lose 2 life.  ]
Resolve Stack: Ai(3)-Drana Vampires scried 1 card(s) to the top of the library and 1 card(s) to the bottom of the library
Life: Life: Ai(3)-Drana Vampires 26 > 24
Resolve Stack: Read the Bones (208) - Ai(3)-Drana Vampires scries 2. Ai(3)-Drana Vampires draws two cards. Ai(3)-Drana Vampires loses 2 life.
Phase: Ai(3)-Drana Vampires' Beginning of Combat Step
Phase: Ai(3)-Drana Vampires' Declare Attackers Step
Phase: Ai(3)-Drana Vampires' Declare Blockers Step
Phase: Ai(3)-Drana Vampires' First Strike Damage Step
Phase: Ai(3)-Drana Vampires' Combat Damage Step
Phase: Ai(3)-Drana Vampires' End of Combat Step
Phase: Ai(3)-Drana Vampires' Main phase, postcombat
Phase: Ai(3)-Drana Vampires' End step
Add To Stack: Ai(3)-Drana Vampires triggered Baneful Omen
Life: Life: Ai(4)-Kilo Helm Final 22 > 20
Life: Life: Ai(1)-Wilhelt Zombies B3 33 > 31
Resolve Stack: At the beginning of your end step, you may reveal the top card of your library. If you do, each opponent loses life equal to that card's mana value. [Phase: Ai(3)-Drana Vampires]
Phase: Ai(3)-Drana Vampires' Cleanup step
Turn: Turn 47 (Ai(4)-Kilo Helm Final)
Phase: Ai(4)-Kilo Helm Final's Untap step
Phase: Ai(4)-Kilo Helm Final's Upkeep step
Add To Stack: Ai(4)-Kilo Helm Final triggered Illustrious Wanderglyph
Mana: Swamp (282) - {T}: Add {B}.
Life: Life: Ai(3)-Drana Vampires 24 > 22
Add To Stack: Ai(3)-Drana Vampires activated Erebos, God of the Dead
Resolve Stack: Erebos, God of the Dead (242) - Ai(3)-Drana Vampires draws a card.
Resolve Stack: At the beginning of each upkeep, create a 1/1 colorless Gnome artifact creature token. [Phase: Ai(4)-Kilo Helm Final]
Phase: Ai(4)-Kilo Helm Final's Draw step
Phase: Ai(4)-Kilo Helm Final's Main phase, precombat
Phase: Ai(4)-Kilo Helm Final's Beginning of Combat Step
Phase: Ai(4)-Kilo Helm Final's Declare Attackers Step
Combat: Ai(4)-Kilo Helm Final assigned Kilo, Apogee Mind (402), Thought Monitor (397), Gnome Token (432), Gnome Token (435), Gnome Token (438), Coretapper (330), Gnome Token (441), Gnome Token (452), Gnome Token (455), Gnome Token (458), Gnome Token (461), Gnome Token (469) and Illustrious Wanderglyph (331) to attack Ai(3)-Drana Vampires.
Add To Stack: Ai(4)-Kilo Helm Final triggered Kilo, Apogee Mind
Resolve Stack: Whenever Kilo becomes tapped, proliferate. (Choose any number of permanents and/or players, then give each another counter of each kind already there.) [Tapped: Kilo, Apogee Mind (402)]
Phase: Ai(4)-Kilo Helm Final's Declare Blockers Step
Combat: Ai(3)-Drana Vampires assigned Crypt Ghast (202) to block Kilo, Apogee Mind (402).
Ai(3)-Drana Vampires assigned Drana, Liberator of Malakir (301) to block Thought Monitor (397).
Ai(3)-Drana Vampires assigned Barony Vampire (211) to block Gnome Token (432).
Ai(3)-Drana Vampires assigned Erebos, God of the Dead (242) to block Gnome Token (435).
Ai(3)-Drana Vampires didn't block Gnome Token (438).
Ai(3)-Drana Vampires didn't block Coretapper (330).
Ai(3)-Drana Vampires didn't block Gnome Token (441).
Ai(3)-Drana Vampires didn't block Gnome Token (452).
Ai(3)-Drana Vampires didn't block Gnome Token (455).
Ai(3)-Drana Vampires didn't block Gnome Token (458).
Ai(3)-Drana Vampires didn't block Gnome Token (461).
Ai(3)-Drana Vampires didn't block Gnome Token (469).
Ai(3)-Drana Vampires didn't block Illustrious Wanderglyph (331).
Phase: Ai(4)-Kilo Helm Final's First Strike Damage Step
Damage: Drana, Liberator of Malakir (301) deals 2 damage to Thought Monitor (397).
Phase: Ai(4)-Kilo Helm Final's Combat Damage Step
Damage: Kilo, Apogee Mind (402) deals 5 damage to Crypt Ghast (202).
Damage: Thought Monitor (397) deals 4 damage to Drana, Liberator of Malakir (301).
Damage: Gnome Token (432) deals 3 damage to Barony Vampire (211).
Damage: Gnome Token (435) deals 3 damage to Erebos, God of the Dead (242).
Damage: Gnome Token (438) deals 3 combat damage to Ai(3)-Drana Vampires.
Damage: Coretapper (330) deals 3 combat damage to Ai(3)-Drana Vampires.
Damage: Gnome Token (441) deals 3 combat damage to Ai(3)-Drana Vampires.
Damage: Gnome Token (452) deals 3 combat damage to Ai(3)-Drana Vampires.
Damage: Gnome Token (455) deals 3 combat damage to Ai(3)-Drana Vampires.
Damage: Gnome Token (458) deals 3 combat damage to Ai(3)-Drana Vampires.
Damage: Gnome Token (461) deals 3 combat damage to Ai(3)-Drana Vampires.
Damage: Gnome Token (469) deals 3 combat damage to Ai(3)-Drana Vampires.
Damage: Illustrious Wanderglyph (331) deals 2 combat damage to Ai(3)-Drana Vampires.
Damage: Crypt Ghast (202) deals 2 damage to Kilo, Apogee Mind (402).
Damage: Barony Vampire (211) deals 3 damage to Gnome Token (432).
Damage: Erebos, God of the Dead (242) deals 5 damage to Gnome Token (435).
Life: Life: Ai(3)-Drana Vampires 22 > -4
Zone Change: Gnome Token (432) was put into Graveyard from Battlefield.
Zone Change: Gnome Token (435) was put into Graveyard from Battlefield.
Phase: Ai(4)-Kilo Helm Final's End of Combat Step
Phase: Ai(4)-Kilo Helm Final's Main phase, postcombat
Phase: Ai(4)-Kilo Helm Final's End step
Phase: Ai(4)-Kilo Helm Final's Cleanup step
Turn: Turn 48 (Ai(1)-Wilhelt Zombies B3)
Phase: Ai(1)-Wilhelt Zombies B3's Untap step
Phase: Ai(1)-Wilhelt Zombies B3's Upkeep step
Add To Stack: Ai(4)-Kilo Helm Final triggered Illustrious Wanderglyph
Resolve Stack: At the beginning of each upkeep, create a 1/1 colorless Gnome artifact creature token. [Phase: Ai(1)-Wilhelt Zombies B3]
Phase: Ai(1)-Wilhelt Zombies B3's Draw step
Phase: Ai(1)-Wilhelt Zombies B3's Main phase, precombat
Land: Ai(1)-Wilhelt Zombies B3 played Swamp (90)
Mana: Island (53) - {T}: Add {U}.
Mana: Swamp (89) - {T}: Add {B}.
Mana: Swamp (81) - {T}: Add {B}.
Add To Stack: Ai(1)-Wilhelt Zombies B3 cast Diregraf Captain
Resolve Stack: Diregraf Captain - Creature 2 / 2
Phase: Ai(1)-Wilhelt Zombies B3's Beginning of Combat Step
Phase: Ai(1)-Wilhelt Zombies B3's Declare Attackers Step
Phase: Ai(1)-Wilhelt Zombies B3's Declare Blockers Step
Phase: Ai(1)-Wilhelt Zombies B3's First Strike Damage Step
Phase: Ai(1)-Wilhelt Zombies B3's Combat Damage Step
Phase: Ai(1)-Wilhelt Zombies B3's End of Combat Step
Phase: Ai(1)-Wilhelt Zombies B3's Main phase, postcombat
Mana: Swamp (78) - {T}: Add {B}.
Add To Stack: Ai(1)-Wilhelt Zombies B3 cast Sol Ring
Resolve Stack: Sol Ring
Mana: Swamp (77) - {T}: Add {B}.
Mana: Swamp (90) - {T}: Add {B}.
Mana: Sol Ring (14) - {T}: Add {C}{C}.
Mana: Temple of Deceit (11) - {T}: Add {U} or {B}.
Add To Stack: Ai(1)-Wilhelt Zombies B3 cast From Under the Floorboards
Life: Life: Ai(1)-Wilhelt Zombies B3 31 > 34
Resolve Stack: From Under the Floorboards (33) - Ai(1)-Wilhelt Zombies B3 creates three tapped 2/2 black Zombie creature tokens and you gain 3 life. If From Under the Floorboards's madness cost was paid, instead create X of those tokens and you gain X life. Ai(1)-Wilhelt Zombies B3 gains 3 life.
Phase: Ai(1)-Wilhelt Zombies B3's End step
Add To Stack: Ai(1)-Wilhelt Zombies B3 triggered Wilhelt, the Rotcleaver
Resolve Stack: At the beginning of your end step, you may sacrifice a Zombie. If you do, draw a card. [Phase: Ai(1)-Wilhelt Zombies B3]
Phase: Ai(1)-Wilhelt Zombies B3's Cleanup step
Turn: Turn 49 (Ai(4)-Kilo Helm Final)
Phase: Ai(4)-Kilo Helm Final's Untap step
Phase: Ai(4)-Kilo Helm Final's Upkeep step
Add To Stack: Ai(4)-Kilo Helm Final triggered Illustrious Wanderglyph
Resolve Stack: At the beginning of each upkeep, create a 1/1 colorless Gnome artifact creature token. [Phase: Ai(4)-Kilo Helm Final]
Phase: Ai(4)-Kilo Helm Final's Draw step
Phase: Ai(4)-Kilo Helm Final's Main phase, precombat
Phase: Ai(4)-Kilo Helm Final's Beginning of Combat Step
Phase: Ai(4)-Kilo Helm Final's Declare Attackers Step
Combat: Ai(4)-Kilo Helm Final assigned Thought Monitor (397) to attack Ai(1)-Wilhelt Zombies B3.
Phase: Ai(4)-Kilo Helm Final's Declare Blockers Step
Combat: Ai(1)-Wilhelt Zombies B3 didn't block Thought Monitor (397).
Phase: Ai(4)-Kilo Helm Final's First Strike Damage Step
Phase: Ai(4)-Kilo Helm Final's Combat Damage Step
Damage: Thought Monitor (397) deals 4 combat damage to Ai(1)-Wilhelt Zombies B3.
Life: Life: Ai(1)-Wilhelt Zombies B3 34 > 30
Phase: Ai(4)-Kilo Helm Final's End of Combat Step
Phase: Ai(4)-Kilo Helm Final's Main phase, postcombat
Mana: Exotic Orchard (401) - {T}: Add one mana of any color that a land an opponent controls could produce.
Mana: Mountain (390) - {T}: Add {R}.
Mana: Plains (357) - {T}: Add {W}.
Mana: Silverbluff Bridge (327) - {T}: Add {U} or {R}.
Mana: Clifftop Retreat (328) - {T}: Add {R} or {W}.
Add To Stack: Ai(4)-Kilo Helm Final cast Deepglow Skate
Resolve Stack: Deepglow Skate - Creature 3 / 3
Add To Stack: Ai(4)-Kilo Helm Final triggered Deepglow Skate targeting [Uthros, Titanic Godcore (340), Everflowing Chalice (332)]
Resolve Stack: When Deepglow Skate enters, double the number of each kind of counter on any number of target permanents. (Targeting: [[Uthros, Titanic Godcore (340), Everflowing Chalice (332)]]) [Zone Changer: Deepglow Skate (317)]
Phase: Ai(4)-Kilo Helm Final's End step
Add To Stack: Ai(1)-Wilhelt Zombies B3 activated Shepherd of Rot
Life: Life: Ai(4)-Kilo Helm Final 20 > 11
Life: Life: Ai(1)-Wilhelt Zombies B3 30 > 21
Resolve Stack: Shepherd of Rot (28) - Ai(4)-Kilo Helm Final and Ai(1)-Wilhelt Zombies B3 each lose 9 life.
Phase: Ai(4)-Kilo Helm Final's Cleanup step
Turn: Turn 50 (Ai(1)-Wilhelt Zombies B3)
Phase: Ai(1)-Wilhelt Zombies B3's Untap step
Phase: Ai(1)-Wilhelt Zombies B3's Upkeep step
Add To Stack: Ai(4)-Kilo Helm Final triggered Illustrious Wanderglyph
Resolve Stack: At the beginning of each upkeep, create a 1/1 colorless Gnome artifact creature token. [Phase: Ai(1)-Wilhelt Zombies B3]
Phase: Ai(1)-Wilhelt Zombies B3's Draw step
Phase: Ai(1)-Wilhelt Zombies B3's Main phase, precombat
Phase: Ai(1)-Wilhelt Zombies B3's Beginning of Combat Step
Phase: Ai(1)-Wilhelt Zombies B3's Declare Attackers Step
Phase: Ai(1)-Wilhelt Zombies B3's Declare Blockers Step
Phase: Ai(1)-Wilhelt Zombies B3's First Strike Damage Step
Phase: Ai(1)-Wilhelt Zombies B3's Combat Damage Step
Phase: Ai(1)-Wilhelt Zombies B3's End of Combat Step
Phase: Ai(1)-Wilhelt Zombies B3's Main phase, postcombat
Add To Stack: Ai(4)-Kilo Helm Final activated Coretapper targeting [Dawnsire, Sunstar Dreadnought (314)]
Resolve Stack: Coretapper (330) - Ai(4)-Kilo Helm Final puts a charge counter on Dawnsire, Sunstar Dreadnought (314).
Phase: Ai(1)-Wilhelt Zombies B3's End step
Add To Stack: Ai(1)-Wilhelt Zombies B3 triggered Wilhelt, the Rotcleaver
Resolve Stack: At the beginning of your end step, you may sacrifice a Zombie. If you do, draw a card. [Phase: Ai(1)-Wilhelt Zombies B3]
Phase: Ai(1)-Wilhelt Zombies B3's Cleanup step
Turn: Turn 51 (Ai(4)-Kilo Helm Final)
Phase: Ai(4)-Kilo Helm Final's Untap step
Phase: Ai(4)-Kilo Helm Final's Upkeep step
Add To Stack: Ai(4)-Kilo Helm Final triggered Illustrious Wanderglyph
Resolve Stack: At the beginning of each upkeep, create a 1/1 colorless Gnome artifact creature token. [Phase: Ai(4)-Kilo Helm Final]
Phase: Ai(4)-Kilo Helm Final's Draw step
Phase: Ai(4)-Kilo Helm Final's Main phase, precombat
Phase: Ai(4)-Kilo Helm Final's Beginning of Combat Step
Phase: Ai(4)-Kilo Helm Final's Declare Attackers Step
Combat: Ai(4)-Kilo Helm Final assigned Kilo, Apogee Mind (402), Thought Monitor (397), Gnome Token (438), Coretapper (330), Gnome Token (441), Gnome Token (452), Gnome Token (455), Gnome Token (458), Gnome Token (461), Gnome Token (469), Gnome Token (472), Gnome Token (475), Gnome Token (488), Deepglow Skate (317), Gnome Token (491) and Illustrious Wanderglyph (331) to attack Ai(1)-Wilhelt Zombies B3.
Add To Stack: Ai(4)-Kilo Helm Final triggered Kilo, Apogee Mind
Resolve Stack: Whenever Kilo becomes tapped, proliferate. (Choose any number of permanents and/or players, then give each another counter of each kind already there.) [Tapped: Kilo, Apogee Mind (402)]
Phase: Ai(4)-Kilo Helm Final's Declare Blockers Step
Combat: Ai(1)-Wilhelt Zombies B3 assigned Zombie Token (445) to block Kilo, Apogee Mind (402).
Ai(1)-Wilhelt Zombies B3 didn't block Thought Monitor (397).
Ai(1)-Wilhelt Zombies B3 assigned Zombie Token (484) to block Gnome Token (438).
Ai(1)-Wilhelt Zombies B3 assigned Zombie Token (483) to block Coretapper (330).
Ai(1)-Wilhelt Zombies B3 assigned Zombie Token (485) to block Gnome Token (441).
Ai(1)-Wilhelt Zombies B3 assigned Shepherd of Rot (28) to block Gnome Token (452).
Ai(1)-Wilhelt Zombies B3 assigned Diregraf Captain (17) to block Gnome Token (455).
Ai(1)-Wilhelt Zombies B3 assigned Gray Merchant of Asphodel (15) to block Gnome Token (458).
Ai(1)-Wilhelt Zombies B3 assigned Wilhelt, the Rotcleaver (99) to block Gnome Token (461).
Ai(1)-Wilhelt Zombies B3 didn't block Gnome Token (469).
Ai(1)-Wilhelt Zombies B3 didn't block Gnome Token (472).
Ai(1)-Wilhelt Zombies B3 didn't block Gnome Token (475).
Ai(1)-Wilhelt Zombies B3 didn't block Gnome Token (488).
Ai(1)-Wilhelt Zombies B3 assigned Zombie Token (446) to block Deepglow Skate (317).
Ai(1)-Wilhelt Zombies B3 didn't block Gnome Token (491).
Ai(1)-Wilhelt Zombies B3 didn't block Illustrious Wanderglyph (331).
Add To Stack: Ai(1)-Wilhelt Zombies B3 activated Shepherd of Rot
Life: Life: Ai(4)-Kilo Helm Final 11 > 2
Life: Life: Ai(1)-Wilhelt Zombies B3 21 > 12
Resolve Stack: Shepherd of Rot (28) - Ai(4)-Kilo Helm Final and Ai(1)-Wilhelt Zombies B3 each lose 9 life.
Phase: Ai(4)-Kilo Helm Final's First Strike Damage Step
Phase: Ai(4)-Kilo Helm Final's Combat Damage Step
Damage: Kilo, Apogee Mind (402) deals 5 damage to Zombie Token (445).
Damage: Thought Monitor (397) deals 4 combat damage to Ai(1)-Wilhelt Zombies B3.
Damage: Gnome Token (438) deals 3 damage to Zombie Token (484).
Damage: Coretapper (330) deals 3 damage to Zombie Token (483).
Damage: Gnome Token (441) deals 3 damage to Zombie Token (485).
Damage: Gnome Token (452) deals 3 damage to Shepherd of Rot (28).
Damage: Gnome Token (455) deals 3 damage to Diregraf Captain (17).
Damage: Gnome Token (458) deals 3 damage to Gray Merchant of Asphodel (15).
Damage: Gnome Token (461) deals 3 damage to Wilhelt, the Rotcleaver (99).
Damage: Gnome Token (469) deals 3 combat damage to Ai(1)-Wilhelt Zombies B3.
Damage: Gnome Token (472) deals 3 combat damage to Ai(1)-Wilhelt Zombies B3.
Damage: Gnome Token (475) deals 3 combat damage to Ai(1)-Wilhelt Zombies B3.
Damage: Gnome Token (488) deals 3 combat damage to Ai(1)-Wilhelt Zombies B3.
Damage: Deepglow Skate (317) deals 3 damage to Zombie Token (446).
Damage: Gnome Token (491) deals 3 combat damage to Ai(1)-Wilhelt Zombies B3.
Damage: Illustrious Wanderglyph (331) deals 2 combat damage to Ai(1)-Wilhelt Zombies B3.
Damage: Zombie Token (445) deals 4 damage to Kilo, Apogee Mind (402).
Damage: Zombie Token (446) deals 4 damage to Deepglow Skate (317).
Damage: Zombie Token (483) deals 4 damage to Coretapper (330).
Damage: Zombie Token (484) deals 4 damage to Gnome Token (438).
Damage: Zombie Token (485) deals 4 damage to Gnome Token (441).
Damage: Shepherd of Rot (28) deals 3 damage to Gnome Token (452).
Damage: Diregraf Captain (17) deals 3 damage (Deathtouch) to Gnome Token (455).
Damage: Gray Merchant of Asphodel (15) deals 4 damage to Gnome Token (458).
Damage: Wilhelt, the Rotcleaver (99) deals 5 damage to Gnome Token (461).
Life: Life: Ai(1)-Wilhelt Zombies B3 12 > -9
Player Control: Ai(1)-Wilhelt Zombies B3 has restored control over themself
Player Control: Ai(2)-Wyleth Voltron B3 has restored control over themself
Player Control: Ai(3)-Drana Vampires has restored control over themself
Player Control: Ai(4)-Kilo Helm Final has restored control over themself
Game Outcome: Turn 26
Game Outcome: Ai(1)-Wilhelt Zombies B3 has lost because life total reached 0
Game Outcome: Ai(2)-Wyleth Voltron B3 has lost because life total reached 0
Game Outcome: Ai(3)-Drana Vampires has lost because life total reached 0
Game Outcome: Ai(4)-Kilo Helm Final has won because all opponents have lost
Match Result: Ai(1)-Wilhelt Zombies B3: 0 Ai(2)-Wyleth Voltron B3: 0 Ai(3)-Drana Vampires: 0 Ai(4)-Kilo Helm Final: 3 

Game Result: Game 3 ended in 66971 ms. Ai(4)-Kilo Helm Final has won!

Warning: default (ie. inherited from base class) implementation of confirmAction is used by Kilo, Apogee Mind for forge.ai.ability.PermanentCreatureAi. Consider declaring an overloaded method
Warning: default (ie. inherited from base class) implementation of confirmAction is used by Drana, Liberator of Malakir for forge.ai.ability.PermanentCreatureAi. Consider declaring an overloaded method
Warning: default (ie. inherited from base class) implementation of confirmAction is used by Kilo, Apogee Mind for forge.ai.ability.PermanentCreatureAi. Consider declaring an overloaded method
Warning: default (ie. inherited from base class) implementation of confirmAction is used by Wyleth, Soul of Steel for forge.ai.ability.PermanentCreatureAi. Consider declaring an overloaded method
Warning: default (ie. inherited from base class) implementation of confirmAction is used by Drana, Liberator of Malakir for forge.ai.ability.PermanentCreatureAi. Consider declaring an overloaded method
Mulligan: Ai(1)-Wilhelt Zombies B3 has kept a hand of 7 cards
Mulligan: Ai(2)-Wyleth Voltron B3 has kept a hand of 7 cards
Mulligan: Ai(3)-Drana Vampires has kept a hand of 7 cards
Mulligan: Ai(4)-Kilo Helm Final has kept a hand of 7 cards
Turn: Turn 1 (Ai(1)-Wilhelt Zombies B3)
Phase: Ai(1)-Wilhelt Zombies B3's Untap step
Phase: Ai(1)-Wilhelt Zombies B3's Upkeep step
Phase: Ai(1)-Wilhelt Zombies B3's Draw step
Phase: Ai(1)-Wilhelt Zombies B3's Main phase, precombat
Land: Ai(1)-Wilhelt Zombies B3 played Swamp (89)
Phase: Ai(1)-Wilhelt Zombies B3's Beginning of Combat Step
Phase: Ai(1)-Wilhelt Zombies B3's Declare Attackers Step
Phase: Ai(1)-Wilhelt Zombies B3's Declare Blockers Step
Phase: Ai(1)-Wilhelt Zombies B3's First Strike Damage Step
Phase: Ai(1)-Wilhelt Zombies B3's Combat Damage Step
Phase: Ai(1)-Wilhelt Zombies B3's End of Combat Step
Phase: Ai(1)-Wilhelt Zombies B3's Main phase, postcombat
Phase: Ai(1)-Wilhelt Zombies B3's End step
Phase: Ai(1)-Wilhelt Zombies B3's Cleanup step
Turn: Turn 2 (Ai(2)-Wyleth Voltron B3)
Phase: Ai(2)-Wyleth Voltron B3's Untap step
Phase: Ai(2)-Wyleth Voltron B3's Upkeep step
Phase: Ai(2)-Wyleth Voltron B3's Draw step
Phase: Ai(2)-Wyleth Voltron B3's Main phase, precombat
Replacement Effect: Temple of Triumph enters tapped.
Land: Ai(2)-Wyleth Voltron B3 played Temple of Triumph (174)
Add To Stack: Ai(2)-Wyleth Voltron B3 triggered Temple of Triumph
Resolve Stack: Ai(2)-Wyleth Voltron B3 scried 1 card(s) to the top of the library
Resolve Stack: When Temple of Triumph enters, scry 1. [Zone Changer: Temple of Triumph (174)]
Phase: Ai(2)-Wyleth Voltron B3's Beginning of Combat Step
Phase: Ai(2)-Wyleth Voltron B3's Declare Attackers Step
Phase: Ai(2)-Wyleth Voltron B3's Declare Blockers Step
Phase: Ai(2)-Wyleth Voltron B3's First Strike Damage Step
Phase: Ai(2)-Wyleth Voltron B3's Combat Damage Step
Phase: Ai(2)-Wyleth Voltron B3's End of Combat Step
Phase: Ai(2)-Wyleth Voltron B3's Main phase, postcombat
Phase: Ai(2)-Wyleth Voltron B3's End step
Phase: Ai(2)-Wyleth Voltron B3's Cleanup step
Turn: Turn 3 (Ai(3)-Drana Vampires)
Phase: Ai(3)-Drana Vampires' Untap step
Phase: Ai(3)-Drana Vampires' Upkeep step
Phase: Ai(3)-Drana Vampires' Draw step
Phase: Ai(3)-Drana Vampires' Main phase, precombat
Land: Ai(3)-Drana Vampires played Swamp (273)
Phase: Ai(3)-Drana Vampires' Beginning of Combat Step
Phase: Ai(3)-Drana Vampires' Declare Attackers Step
Phase: Ai(3)-Drana Vampires' Declare Blockers Step
Phase: Ai(3)-Drana Vampires' First Strike Damage Step
Phase: Ai(3)-Drana Vampires' Combat Damage Step
Phase: Ai(3)-Drana Vampires' End of Combat Step
Phase: Ai(3)-Drana Vampires' Main phase, postcombat
Mana: Swamp (273) - {T}: Add {B}.
Add To Stack: Ai(3)-Drana Vampires cast Sol Ring
Resolve Stack: Sol Ring
Phase: Ai(3)-Drana Vampires' End step
Phase: Ai(3)-Drana Vampires' Cleanup step
Turn: Turn 4 (Ai(4)-Kilo Helm Final)
Phase: Ai(4)-Kilo Helm Final's Untap step
Phase: Ai(4)-Kilo Helm Final's Upkeep step
Phase: Ai(4)-Kilo Helm Final's Draw step
Phase: Ai(4)-Kilo Helm Final's Main phase, precombat
Land: Ai(4)-Kilo Helm Final played Karn's Bastion (321)
Phase: Ai(4)-Kilo Helm Final's Beginning of Combat Step
Phase: Ai(4)-Kilo Helm Final's Declare Attackers Step
Phase: Ai(4)-Kilo Helm Final's Declare Blockers Step
Phase: Ai(4)-Kilo Helm Final's First Strike Damage Step
Phase: Ai(4)-Kilo Helm Final's Combat Damage Step
Phase: Ai(4)-Kilo Helm Final's End of Combat Step
Phase: Ai(4)-Kilo Helm Final's Main phase, postcombat
Mana: Karn's Bastion (321) - {T}: Add {C}.
Add To Stack: Ai(4)-Kilo Helm Final cast Adamantium Bonding Tank
Resolve Stack: The Ozolith
Phase: Ai(4)-Kilo Helm Final's End step
Phase: Ai(4)-Kilo Helm Final's Cleanup step
Turn: Turn 5 (Ai(1)-Wilhelt Zombies B3)
Phase: Ai(1)-Wilhelt Zombies B3's Untap step
Phase: Ai(1)-Wilhelt Zombies B3's Upkeep step
Phase: Ai(1)-Wilhelt Zombies B3's Draw step
Phase: Ai(1)-Wilhelt Zombies B3's Main phase, precombat
Land: Ai(1)-Wilhelt Zombies B3 played Island (48)
Phase: Ai(1)-Wilhelt Zombies B3's Beginning of Combat Step
Phase: Ai(1)-Wilhelt Zombies B3's Declare Attackers Step
Phase: Ai(1)-Wilhelt Zombies B3's Declare Blockers Step
Phase: Ai(1)-Wilhelt Zombies B3's First Strike Damage Step
Phase: Ai(1)-Wilhelt Zombies B3's Combat Damage Step
Phase: Ai(1)-Wilhelt Zombies B3's End of Combat Step
Phase: Ai(1)-Wilhelt Zombies B3's Main phase, postcombat
Mana: Swamp (89) - {T}: Add {B}.
Mana: Island (48) - {T}: Add {U}.
Add To Stack: Ai(1)-Wilhelt Zombies B3 cast Sky Diamond
Replacement Effect: Sky Diamond enters tapped.
Resolve Stack: Sky Diamond
Phase: Ai(1)-Wilhelt Zombies B3's End step
Phase: Ai(1)-Wilhelt Zombies B3's Cleanup step
Turn: Turn 6 (Ai(2)-Wyleth Voltron B3)
Phase: Ai(2)-Wyleth Voltron B3's Untap step
Phase: Ai(2)-Wyleth Voltron B3's Upkeep step
Phase: Ai(2)-Wyleth Voltron B3's Draw step
Phase: Ai(2)-Wyleth Voltron B3's Main phase, precombat
Land: Ai(2)-Wyleth Voltron B3 played Plains (161)
Phase: Ai(2)-Wyleth Voltron B3's Beginning of Combat Step
Phase: Ai(2)-Wyleth Voltron B3's Declare Attackers Step
Phase: Ai(2)-Wyleth Voltron B3's Declare Blockers Step
Phase: Ai(2)-Wyleth Voltron B3's First Strike Damage Step
Phase: Ai(2)-Wyleth Voltron B3's Combat Damage Step
Phase: Ai(2)-Wyleth Voltron B3's End of Combat Step
Phase: Ai(2)-Wyleth Voltron B3's Main phase, postcombat
Mana: Plains (161) - {T}: Add {W}.
Mana: Temple of Triumph (174) - {T}: Add {R} or {W}.
Add To Stack: Ai(2)-Wyleth Voltron B3 cast Stoneforge Mystic
Resolve Stack: Stoneforge Mystic - Creature 1 / 2
Add To Stack: Ai(2)-Wyleth Voltron B3 triggered Stoneforge Mystic
Resolve Stack: When Stoneforge Mystic enters, you may search your library for an Equipment card, reveal it, put it into your hand, then shuffle. [Zone Changer: Stoneforge Mystic (114)]
Phase: Ai(2)-Wyleth Voltron B3's End step
Phase: Ai(2)-Wyleth Voltron B3's Cleanup step
Turn: Turn 7 (Ai(3)-Drana Vampires)
Phase: Ai(3)-Drana Vampires' Untap step
Phase: Ai(3)-Drana Vampires' Upkeep step
Phase: Ai(3)-Drana Vampires' Draw step
Phase: Ai(3)-Drana Vampires' Main phase, precombat
Land: Ai(3)-Drana Vampires played Swamp (283)
Phase: Ai(3)-Drana Vampires' Beginning of Combat Step
Phase: Ai(3)-Drana Vampires' Declare Attackers Step
Phase: Ai(3)-Drana Vampires' Declare Blockers Step
Phase: Ai(3)-Drana Vampires' First Strike Damage Step
Phase: Ai(3)-Drana Vampires' Combat Damage Step
Phase: Ai(3)-Drana Vampires' End of Combat Step
Phase: Ai(3)-Drana Vampires' Main phase, postcombat
Mana: Swamp (273) - {T}: Add {B}.
Mana: Swamp (283) - {T}: Add {B}.
Mana: Sol Ring (210) - {T}: Add {C}{C}.
Add To Stack: Ai(3)-Drana Vampires cast Drana, Liberator of Malakir
Resolve Stack: Drana, Liberator of Malakir - Creature 2 / 3
Phase: Ai(3)-Drana Vampires' End step
Phase: Ai(3)-Drana Vampires' Cleanup step
Turn: Turn 8 (Ai(4)-Kilo Helm Final)
Phase: Ai(4)-Kilo Helm Final's Untap step
Phase: Ai(4)-Kilo Helm Final's Upkeep step
Phase: Ai(4)-Kilo Helm Final's Draw step
Phase: Ai(4)-Kilo Helm Final's Main phase, precombat
Land: Ai(4)-Kilo Helm Final played Mountain (388)
Phase: Ai(4)-Kilo Helm Final's Beginning of Combat Step
Phase: Ai(4)-Kilo Helm Final's Declare Attackers Step
Phase: Ai(4)-Kilo Helm Final's Declare Blockers Step
Phase: Ai(4)-Kilo Helm Final's First Strike Damage Step
Phase: Ai(4)-Kilo Helm Final's Combat Damage Step
Phase: Ai(4)-Kilo Helm Final's End of Combat Step
Phase: Ai(4)-Kilo Helm Final's Main phase, postcombat
Phase: Ai(4)-Kilo Helm Final's End step
Phase: Ai(4)-Kilo Helm Final's Cleanup step
Turn: Turn 9 (Ai(1)-Wilhelt Zombies B3)
Phase: Ai(1)-Wilhelt Zombies B3's Untap step
Phase: Ai(1)-Wilhelt Zombies B3's Upkeep step
Phase: Ai(1)-Wilhelt Zombies B3's Draw step
Phase: Ai(1)-Wilhelt Zombies B3's Main phase, precombat
Land: Ai(1)-Wilhelt Zombies B3 played Swamp (74)
Phase: Ai(1)-Wilhelt Zombies B3's Beginning of Combat Step
Phase: Ai(1)-Wilhelt Zombies B3's Declare Attackers Step
Phase: Ai(1)-Wilhelt Zombies B3's Declare Blockers Step
Phase: Ai(1)-Wilhelt Zombies B3's First Strike Damage Step
Phase: Ai(1)-Wilhelt Zombies B3's Combat Damage Step
Phase: Ai(1)-Wilhelt Zombies B3's End of Combat Step
Phase: Ai(1)-Wilhelt Zombies B3's Main phase, postcombat
Mana: Swamp (89) - {T}: Add {B}.
Mana: Island (48) - {T}: Add {U}.
Mana: Sky Diamond (92) - {T}: Add {U}.
Mana: Swamp (74) - {T}: Add {B}.
Add To Stack: Ai(1)-Wilhelt Zombies B3 cast Gisa and Geralf
Resolve Stack: Gisa and Geralf - Creature 4 / 4
Add To Stack: Ai(1)-Wilhelt Zombies B3 triggered Gisa and Geralf
Zone Change: Ai(1)-Wilhelt Zombies B3 milled Cryptbreaker (95), Command Tower (12), Island (49) and Swamp (77).
Resolve Stack: When Gisa and Geralf enters, mill four cards. [Zone Changer: Gisa and Geralf (26)]
Phase: Ai(1)-Wilhelt Zombies B3's End step
Phase: Ai(1)-Wilhelt Zombies B3's Cleanup step
Turn: Turn 10 (Ai(2)-Wyleth Voltron B3)
Phase: Ai(2)-Wyleth Voltron B3's Untap step
Phase: Ai(2)-Wyleth Voltron B3's Upkeep step
Phase: Ai(2)-Wyleth Voltron B3's Draw step
Phase: Ai(2)-Wyleth Voltron B3's Main phase, precombat
Land: Ai(2)-Wyleth Voltron B3 played Mountain (182)
Mana: Mountain (182) - {T}: Add {R}.
Mana: Plains (161) - {T}: Add {W}.
Mana: Temple of Triumph (174) - {T}: Add {R} or {W}.
Add To Stack: Ai(2)-Wyleth Voltron B3 cast Chaos Warp targeting [Gisa and Geralf (26)]
Resolve Stack: Chaos Warp (133) - Shuffle Gisa and Geralf (26) into its owner's library. Ai(2)-Wyleth Voltron B3 reveals the top card of Ai(1)-Wilhelt Zombies B3's library.
Phase: Ai(2)-Wyleth Voltron B3's Beginning of Combat Step
Phase: Ai(2)-Wyleth Voltron B3's Declare Attackers Step
Phase: Ai(2)-Wyleth Voltron B3's Declare Blockers Step
Phase: Ai(2)-Wyleth Voltron B3's First Strike Damage Step
Phase: Ai(2)-Wyleth Voltron B3's Combat Damage Step
Phase: Ai(2)-Wyleth Voltron B3's End of Combat Step
Phase: Ai(2)-Wyleth Voltron B3's Main phase, postcombat
Phase: Ai(2)-Wyleth Voltron B3's End step
Phase: Ai(2)-Wyleth Voltron B3's Cleanup step
Turn: Turn 11 (Ai(3)-Drana Vampires)
Phase: Ai(3)-Drana Vampires' Untap step
Phase: Ai(3)-Drana Vampires' Upkeep step
Phase: Ai(3)-Drana Vampires' Draw step
Phase: Ai(3)-Drana Vampires' Main phase, precombat
Land: Ai(3)-Drana Vampires played Swamp (285)
Phase: Ai(3)-Drana Vampires' Beginning of Combat Step
Phase: Ai(3)-Drana Vampires' Declare Attackers Step
Combat: Ai(3)-Drana Vampires assigned Drana, Liberator of Malakir (301) to attack Ai(1)-Wilhelt Zombies B3.
Phase: Ai(3)-Drana Vampires' Declare Blockers Step
Combat: Ai(1)-Wilhelt Zombies B3 didn't block Drana, Liberator of Malakir (301).
Phase: Ai(3)-Drana Vampires' First Strike Damage Step
Damage: Drana, Liberator of Malakir (301) deals 2 combat damage to Ai(1)-Wilhelt Zombies B3.
Life: Life: Ai(1)-Wilhelt Zombies B3 40 > 38
Add To Stack: Ai(3)-Drana Vampires triggered Drana, Liberator of Malakir
Resolve Stack: Whenever Drana, Liberator of Malakir deals combat damage to a player, put a +1/+1 counter on each attacking creature you control. [Damage Source: Drana, Liberator of Malakir (301), Damaged: Ai(1)-Wilhelt Zombies B3, Amount: 2]
Phase: Ai(3)-Drana Vampires' Combat Damage Step
Phase: Ai(3)-Drana Vampires' End of Combat Step
Phase: Ai(3)-Drana Vampires' Main phase, postcombat
Mana: Swamp (273) - {T}: Add {B}.
Mana: Sol Ring (210) - {T}: Add {C}{C}.
Add To Stack: Ai(3)-Drana Vampires cast Barony Vampire
Resolve Stack: Barony Vampire - Creature 3 / 2
Mana: Swamp (283) - {T}: Add {B}.
Mana: Swamp (285) - {T}: Add {B}.
Add To Stack: Ai(3)-Drana Vampires cast Zulaport Cutthroat
Resolve Stack: Zulaport Cutthroat - Creature 1 / 1
Phase: Ai(3)-Drana Vampires' End step
Phase: Ai(3)-Drana Vampires' Cleanup step
Turn: Turn 12 (Ai(4)-Kilo Helm Final)
Phase: Ai(4)-Kilo Helm Final's Untap step
Phase: Ai(4)-Kilo Helm Final's Upkeep step
Phase: Ai(4)-Kilo Helm Final's Draw step
Phase: Ai(4)-Kilo Helm Final's Main phase, precombat
Replacement Effect: Sulfur Falls enters tapped unless you control an Island or a Mountain.
Land: Ai(4)-Kilo Helm Final played Sulfur Falls (320)
Phase: Ai(4)-Kilo Helm Final's Beginning of Combat Step
Phase: Ai(4)-Kilo Helm Final's Declare Attackers Step
Phase: Ai(4)-Kilo Helm Final's Declare Blockers Step
Phase: Ai(4)-Kilo Helm Final's First Strike Damage Step
Phase: Ai(4)-Kilo Helm Final's Combat Damage Step
Phase: Ai(4)-Kilo Helm Final's End of Combat Step
Phase: Ai(4)-Kilo Helm Final's Main phase, postcombat
Mana: Sulfur Falls (320) - {T}: Add {U} or {R}.
Mana: Mountain (388) - {T}: Add {R}.
Add To Stack: Ai(4)-Kilo Helm Final cast Etherium Sculptor
Resolve Stack: Etherium Sculptor - Creature 1 / 2
Phase: Ai(4)-Kilo Helm Final's End step
Phase: Ai(4)-Kilo Helm Final's Cleanup step
Turn: Turn 13 (Ai(1)-Wilhelt Zombies B3)
Phase: Ai(1)-Wilhelt Zombies B3's Untap step
Phase: Ai(1)-Wilhelt Zombies B3's Upkeep step
Phase: Ai(1)-Wilhelt Zombies B3's Draw step
Phase: Ai(1)-Wilhelt Zombies B3's Main phase, precombat
Land: Ai(1)-Wilhelt Zombies B3 played Swamp (82)
Mana: Swamp (89) - {T}: Add {B}.
Mana: Island (48) - {T}: Add {U}.
Mana: Sky Diamond (92) - {T}: Add {U}.
Add To Stack: Ai(1)-Wilhelt Zombies B3 cast Lord of the Accursed
Resolve Stack: Lord of the Accursed - Creature 2 / 3
Phase: Ai(1)-Wilhelt Zombies B3's Beginning of Combat Step
Phase: Ai(1)-Wilhelt Zombies B3's Declare Attackers Step
Combat: Ai(1)-Wilhelt Zombies B3 assigned Ghoulcaller Gisa (94) to attack Ai(3)-Drana Vampires.
Phase: Ai(1)-Wilhelt Zombies B3's Declare Blockers Step
Combat: Ai(3)-Drana Vampires didn't block Ghoulcaller Gisa (94).
Phase: Ai(1)-Wilhelt Zombies B3's First Strike Damage Step
Phase: Ai(1)-Wilhelt Zombies B3's Combat Damage Step
Damage: Ghoulcaller Gisa (94) deals 3 combat damage to Ai(3)-Drana Vampires.
Life: Life: Ai(3)-Drana Vampires 40 > 37
Phase: Ai(1)-Wilhelt Zombies B3's End of Combat Step
Phase: Ai(1)-Wilhelt Zombies B3's Main phase, postcombat
Mana: Swamp (74) - {T}: Add {B}.
Mana: Swamp (82) - {T}: Add {B}.
Add To Stack: Ai(1)-Wilhelt Zombies B3 cast Charcoal Diamond
Replacement Effect: Charcoal Diamond enters tapped.
Resolve Stack: Charcoal Diamond
Phase: Ai(1)-Wilhelt Zombies B3's End step
Phase: Ai(1)-Wilhelt Zombies B3's Cleanup step
Turn: Turn 14 (Ai(2)-Wyleth Voltron B3)
Phase: Ai(2)-Wyleth Voltron B3's Untap step
Phase: Ai(2)-Wyleth Voltron B3's Upkeep step
Phase: Ai(2)-Wyleth Voltron B3's Draw step
Phase: Ai(2)-Wyleth Voltron B3's Main phase, precombat
Land: Ai(2)-Wyleth Voltron B3 played Mountain (189)
Mana: Mountain (182) - {T}: Add {R}.
Mana: Mountain (189) - {T}: Add {R}.
Mana: Plains (161) - {T}: Add {W}.
Add To Stack: Ai(2)-Wyleth Voltron B3 cast Loxodon Warhammer
Resolve Stack: Loxodon Warhammer
Phase: Ai(2)-Wyleth Voltron B3's Beginning of Combat Step
Phase: Ai(2)-Wyleth Voltron B3's Declare Attackers Step
Phase: Ai(2)-Wyleth Voltron B3's Declare Blockers Step
Phase: Ai(2)-Wyleth Voltron B3's First Strike Damage Step
Phase: Ai(2)-Wyleth Voltron B3's Combat Damage Step
Phase: Ai(2)-Wyleth Voltron B3's End of Combat Step
Phase: Ai(2)-Wyleth Voltron B3's Main phase, postcombat
Mana: Temple of Triumph (174) - {T}: Add {R} or {W}.
Add To Stack: Ai(2)-Wyleth Voltron B3 cast Bloodforged Battle-Axe
Resolve Stack: Bloodforged Battle-Axe
Phase: Ai(2)-Wyleth Voltron B3's End step
Phase: Ai(2)-Wyleth Voltron B3's Cleanup step
Turn: Turn 15 (Ai(3)-Drana Vampires)
Phase: Ai(3)-Drana Vampires' Untap step
Phase: Ai(3)-Drana Vampires' Upkeep step
Phase: Ai(3)-Drana Vampires' Draw step
Phase: Ai(3)-Drana Vampires' Main phase, precombat
Land: Ai(3)-Drana Vampires played Swamp (282)
Phase: Ai(3)-Drana Vampires' Beginning of Combat Step
Phase: Ai(3)-Drana Vampires' Declare Attackers Step
Combat: Ai(3)-Drana Vampires assigned Drana, Liberator of Malakir (301) and Barony Vampire (211) to attack Ai(1)-Wilhelt Zombies B3.
Phase: Ai(3)-Drana Vampires' Declare Blockers Step
Combat: Ai(1)-Wilhelt Zombies B3 didn't block Drana, Liberator of Malakir (301).
Ai(1)-Wilhelt Zombies B3 didn't block Barony Vampire (211).
Phase: Ai(3)-Drana Vampires' First Strike Damage Step
Damage: Drana, Liberator of Malakir (301) deals 3 combat damage to Ai(1)-Wilhelt Zombies B3.
Life: Life: Ai(1)-Wilhelt Zombies B3 38 > 35
Add To Stack: Ai(3)-Drana Vampires triggered Drana, Liberator of Malakir
Resolve Stack: Whenever Drana, Liberator of Malakir deals combat damage to a player, put a +1/+1 counter on each attacking creature you control. [Damage Source: Drana, Liberator of Malakir (301), Damaged: Ai(1)-Wilhelt Zombies B3, Amount: 3]
Phase: Ai(3)-Drana Vampires' Combat Damage Step
Damage: Barony Vampire (211) deals 4 combat damage to Ai(1)-Wilhelt Zombies B3.
Life: Life: Ai(1)-Wilhelt Zombies B3 35 > 31
Phase: Ai(3)-Drana Vampires' End of Combat Step
Phase: Ai(3)-Drana Vampires' Main phase, postcombat
Mana: Swamp (273) - {T}: Add {B}.
Mana: Swamp (283) - {T}: Add {B}.
Mana: Swamp (285) - {T}: Add {B}.
Mana: Sol Ring (210) - {T}: Add {C}{C}.
Mana: Swamp (282) - {T}: Add {B}.
Add To Stack: Ai(3)-Drana Vampires cast Necropolis Regent
Resolve Stack: Necropolis Regent - Creature 6 / 5
Phase: Ai(3)-Drana Vampires' End step
Phase: Ai(3)-Drana Vampires' Cleanup step
Turn: Turn 16 (Ai(4)-Kilo Helm Final)
Phase: Ai(4)-Kilo Helm Final's Untap step
Phase: Ai(4)-Kilo Helm Final's Upkeep step
Phase: Ai(4)-Kilo Helm Final's Draw step
Phase: Ai(4)-Kilo Helm Final's Main phase, precombat
Land: Ai(4)-Kilo Helm Final played Plains (358)
Mana: Plains (358) - {T}: Add {W}.
Mana: Sulfur Falls (320) - {T}: Add {U} or {R}.
Mana: Mountain (388) - {T}: Add {R}.
Add To Stack: Ai(4)-Kilo Helm Final cast Kilo, Apogee Mind
Resolve Stack: Kilo, Apogee Mind - Creature 3 / 3
Phase: Ai(4)-Kilo Helm Final's Beginning of Combat Step
Phase: Ai(4)-Kilo Helm Final's Declare Attackers Step
Phase: Ai(4)-Kilo Helm Final's Declare Blockers Step
Phase: Ai(4)-Kilo Helm Final's First Strike Damage Step
Phase: Ai(4)-Kilo Helm Final's Combat Damage Step
Phase: Ai(4)-Kilo Helm Final's End of Combat Step
Phase: Ai(4)-Kilo Helm Final's Main phase, postcombat
Phase: Ai(4)-Kilo Helm Final's End step
Phase: Ai(4)-Kilo Helm Final's Cleanup step
Turn: Turn 17 (Ai(1)-Wilhelt Zombies B3)
Phase: Ai(1)-Wilhelt Zombies B3's Untap step
Phase: Ai(1)-Wilhelt Zombies B3's Upkeep step
Phase: Ai(1)-Wilhelt Zombies B3's Draw step
Phase: Ai(1)-Wilhelt Zombies B3's Main phase, precombat
Land: Ai(1)-Wilhelt Zombies B3 played Island (46)
Phase: Ai(1)-Wilhelt Zombies B3's Beginning of Combat Step
Phase: Ai(1)-Wilhelt Zombies B3's Declare Attackers Step
Phase: Ai(1)-Wilhelt Zombies B3's Declare Blockers Step
Phase: Ai(1)-Wilhelt Zombies B3's First Strike Damage Step
Phase: Ai(1)-Wilhelt Zombies B3's Combat Damage Step
Phase: Ai(1)-Wilhelt Zombies B3's End of Combat Step
Phase: Ai(1)-Wilhelt Zombies B3's Main phase, postcombat
Mana: Island (48) - {T}: Add {U}.
Mana: Swamp (89) - {T}: Add {B}.
Mana: Sky Diamond (92) - {T}: Add {U}.
Mana: Island (46) - {T}: Add {U}.
Add To Stack: Ai(1)-Wilhelt Zombies B3 cast Wilhelt, the Rotcleaver
Resolve Stack: Wilhelt, the Rotcleaver - Creature 3 / 3
Mana: Swamp (74) - {T}: Add {B}.
Mana: Swamp (82) - {T}: Add {B}.
Mana: Charcoal Diamond (56) - {T}: Add {B}.
Add To Stack: Ai(1)-Wilhelt Zombies B3 cast Midnight Reaper
Resolve Stack: Midnight Reaper - Creature 3 / 2
Phase: Ai(1)-Wilhelt Zombies B3's End step
Add To Stack: Ai(1)-Wilhelt Zombies B3 triggered Wilhelt, the Rotcleaver
Resolve Stack: At the beginning of your end step, you may sacrifice a Zombie. If you do, draw a card. [Phase: Ai(1)-Wilhelt Zombies B3]
Phase: Ai(1)-Wilhelt Zombies B3's Cleanup step
Turn: Turn 18 (Ai(2)-Wyleth Voltron B3)
Phase: Ai(2)-Wyleth Voltron B3's Untap step
Phase: Ai(2)-Wyleth Voltron B3's Upkeep step
Phase: Ai(2)-Wyleth Voltron B3's Draw step
Phase: Ai(2)-Wyleth Voltron B3's Main phase, precombat
Mana: Mountain (182) - {T}: Add {R}.
Mana: Mountain (189) - {T}: Add {R}.
Mana: Plains (161) - {T}: Add {W}.
Add To Stack: Ai(2)-Wyleth Voltron B3 activated Loxodon Warhammer targeting [Stoneforge Mystic (114)]
Resolve Stack: Loxodon Warhammer (198) -  Attach to Stoneforge Mystic (114)
Phase: Ai(2)-Wyleth Voltron B3's Beginning of Combat Step
Phase: Ai(2)-Wyleth Voltron B3's Declare Attackers Step
Phase: Ai(2)-Wyleth Voltron B3's Declare Blockers Step
Phase: Ai(2)-Wyleth Voltron B3's First Strike Damage Step
Phase: Ai(2)-Wyleth Voltron B3's Combat Damage Step
Phase: Ai(2)-Wyleth Voltron B3's End of Combat Step
Phase: Ai(2)-Wyleth Voltron B3's Main phase, postcombat
Phase: Ai(2)-Wyleth Voltron B3's End step
Phase: Ai(2)-Wyleth Voltron B3's Cleanup step
Turn: Turn 19 (Ai(3)-Drana Vampires)
Phase: Ai(3)-Drana Vampires' Untap step
Phase: Ai(3)-Drana Vampires' Upkeep step
Phase: Ai(3)-Drana Vampires' Draw step
Phase: Ai(3)-Drana Vampires' Main phase, precombat
Land: Ai(3)-Drana Vampires played Swamp (286)
Phase: Ai(3)-Drana Vampires' Beginning of Combat Step
Phase: Ai(3)-Drana Vampires' Declare Attackers Step
Combat: Ai(3)-Drana Vampires assigned Necropolis Regent (244) and Drana, Liberator of Malakir (301) to attack Ai(1)-Wilhelt Zombies B3.
Phase: Ai(3)-Drana Vampires' Declare Blockers Step
Combat: Ai(1)-Wilhelt Zombies B3 didn't block Necropolis Regent (244).
Ai(1)-Wilhelt Zombies B3 didn't block Drana, Liberator of Malakir (301).
Phase: Ai(3)-Drana Vampires' First Strike Damage Step
Damage: Drana, Liberator of Malakir (301) deals 4 combat damage to Ai(1)-Wilhelt Zombies B3.
Life: Life: Ai(1)-Wilhelt Zombies B3 31 > 27
Add To Stack: Ai(3)-Drana Vampires triggered Drana, Liberator of Malakir
Add To Stack: Ai(3)-Drana Vampires triggered Necropolis Regent
Resolve Stack: Whenever a creature you control deals combat damage to a player, put that many +1/+1 counters on it. [Damage Source: Drana, Liberator of Malakir (301), Damaged: Ai(1)-Wilhelt Zombies B3, Amount: 4]
Resolve Stack: Whenever Drana, Liberator of Malakir deals combat damage to a player, put a +1/+1 counter on each attacking creature you control. [Damage Source: Drana, Liberator of Malakir (301), Damaged: Ai(1)-Wilhelt Zombies B3, Amount: 4]
Phase: Ai(3)-Drana Vampires' Combat Damage Step
Damage: Necropolis Regent (244) deals 7 combat damage to Ai(1)-Wilhelt Zombies B3.
Life: Life: Ai(1)-Wilhelt Zombies B3 27 > 20
Add To Stack: Ai(3)-Drana Vampires triggered Necropolis Regent
Resolve Stack: Whenever a creature you control deals combat damage to a player, put that many +1/+1 counters on it. [Damage Source: Necropolis Regent (244), Damaged: Ai(1)-Wilhelt Zombies B3, Amount: 7]
Phase: Ai(3)-Drana Vampires' End of Combat Step
Phase: Ai(3)-Drana Vampires' Main phase, postcombat
Mana: Swamp (273) - {T}: Add {B}.
Mana: Swamp (283) - {T}: Add {B}.
Mana: Sol Ring (210) - {T}: Add {C}{C}.
Mana: Swamp (285) - {T}: Add {B}.
Mana: Swamp (282) - {T}: Add {B}.
Add To Stack: Ai(3)-Drana Vampires cast Nirkana Revenant
Resolve Stack: Nirkana Revenant - Creature 4 / 4
Phase: Ai(3)-Drana Vampires' End step
Phase: Ai(3)-Drana Vampires' Cleanup step
Turn: Turn 20 (Ai(4)-Kilo Helm Final)
Phase: Ai(4)-Kilo Helm Final's Untap step
Phase: Ai(4)-Kilo Helm Final's Upkeep step
Phase: Ai(4)-Kilo Helm Final's Draw step
Phase: Ai(4)-Kilo Helm Final's Main phase, precombat
Phase: Ai(4)-Kilo Helm Final's Beginning of Combat Step
Phase: Ai(4)-Kilo Helm Final's Declare Attackers Step
Phase: Ai(4)-Kilo Helm Final's Declare Blockers Step
Phase: Ai(4)-Kilo Helm Final's First Strike Damage Step
Phase: Ai(4)-Kilo Helm Final's Combat Damage Step
Phase: Ai(4)-Kilo Helm Final's End of Combat Step
Phase: Ai(4)-Kilo Helm Final's Main phase, postcombat
Mana: Plains (358) - {T}: Add {W}.
Mana: Sulfur Falls (320) - {T}: Add {U} or {R}.
Mana: Mountain (388) - {T}: Add {R}.
Mana: Karn's Bastion (321) - {T}: Add {C}.
Add To Stack: Ai(4)-Kilo Helm Final cast Cayth, Famed Mechanist
Resolve Stack: Cayth, Famed Mechanist - Creature 3 / 3
Add To Stack: Ai(4)-Kilo Helm Final triggered Cayth, Famed Mechanist
Resolve Stack: Fabricate 1 (When this creature enters, put a +1/+1 counter on it, or create a 1/1 colorless Servo artifact creature token.) [Zone Changer: Cayth, Famed Mechanist (315)]
Phase: Ai(4)-Kilo Helm Final's End step
Phase: Ai(4)-Kilo Helm Final's Cleanup step
Turn: Turn 21 (Ai(1)-Wilhelt Zombies B3)
Phase: Ai(1)-Wilhelt Zombies B3's Untap step
Phase: Ai(1)-Wilhelt Zombies B3's Upkeep step
Phase: Ai(1)-Wilhelt Zombies B3's Draw step
Phase: Ai(1)-Wilhelt Zombies B3's Main phase, precombat
Land: Ai(1)-Wilhelt Zombies B3 played Swamp (90)
Mana: Swamp (89) - {T}: Add {B}.
Mana: Island (48) - {T}: Add {U}.
Add To Stack: Ai(1)-Wilhelt Zombies B3 cast Feed the Swarm targeting [Necropolis Regent (244)]
Zone Change: Necropolis Regent (244) was put into Graveyard from Battlefield.
Life: Life: Ai(1)-Wilhelt Zombies B3 20 > 14
Resolve Stack: Feed the Swarm (30) - Destroy Necropolis Regent (244). Ai(1)-Wilhelt Zombies B3 loses 6 life.
Add To Stack: Ai(3)-Drana Vampires triggered Zulaport Cutthroat
Life: Life: Ai(1)-Wilhelt Zombies B3 14 > 13
Life: Life: Ai(2)-Wyleth Voltron B3 40 > 39
Life: Life: Ai(4)-Kilo Helm Final 40 > 39
Life: Life: Ai(3)-Drana Vampires 37 > 38
Resolve Stack: Whenever Zulaport Cutthroat or another creature you control dies, each opponent loses 1 life and you gain 1 life. [Zone Changer: Necropolis Regent (244)]
Phase: Ai(1)-Wilhelt Zombies B3's Beginning of Combat Step
Phase: Ai(1)-Wilhelt Zombies B3's Declare Attackers Step
Phase: Ai(1)-Wilhelt Zombies B3's Declare Blockers Step
Phase: Ai(1)-Wilhelt Zombies B3's First Strike Damage Step
Phase: Ai(1)-Wilhelt Zombies B3's Combat Damage Step
Phase: Ai(1)-Wilhelt Zombies B3's End of Combat Step
Phase: Ai(1)-Wilhelt Zombies B3's Main phase, postcombat
Phase: Ai(1)-Wilhelt Zombies B3's End step
Add To Stack: Ai(1)-Wilhelt Zombies B3 triggered Wilhelt, the Rotcleaver
Resolve Stack: At the beginning of your end step, you may sacrifice a Zombie. If you do, draw a card. [Phase: Ai(1)-Wilhelt Zombies B3]
Phase: Ai(1)-Wilhelt Zombies B3's Cleanup step
Turn: Turn 22 (Ai(2)-Wyleth Voltron B3)
Phase: Ai(2)-Wyleth Voltron B3's Untap step
Phase: Ai(2)-Wyleth Voltron B3's Upkeep step
Phase: Ai(2)-Wyleth Voltron B3's Draw step
Phase: Ai(2)-Wyleth Voltron B3's Main phase, precombat
Mana: Mountain (182) - {T}: Add {R}.
Mana: Mountain (189) - {T}: Add {R}.
Add To Stack: Ai(2)-Wyleth Voltron B3 activated Bloodforged Battle-Axe targeting [Stoneforge Mystic (114)]
Resolve Stack: Bloodforged Battle-Axe (132) -  Attach to Stoneforge Mystic (114)
Phase: Ai(2)-Wyleth Voltron B3's Beginning of Combat Step
Phase: Ai(2)-Wyleth Voltron B3's Declare Attackers Step
Phase: Ai(2)-Wyleth Voltron B3's Declare Blockers Step
Phase: Ai(2)-Wyleth Voltron B3's First Strike Damage Step
Phase: Ai(2)-Wyleth Voltron B3's Combat Damage Step
Phase: Ai(2)-Wyleth Voltron B3's End of Combat Step
Mana: Plains (161) - {T}: Add {W}.
Mana: Temple of Triumph (174) - {T}: Add {R} or {W}.
Add To Stack: Ai(2)-Wyleth Voltron B3 activated Stoneforge Mystic
Resolve Stack: Stoneforge Mystic (114) - Ai(2)-Wyleth Voltron B3 puts an Equipment card from their hand onto the battlefield.
Add To Stack: Ai(2)-Wyleth Voltron B3 triggered Embercleave targeting [Stoneforge Mystic (114)]
Resolve Stack: When Embercleave enters, attach it to target creature you control. (Targeting: [[Stoneforge Mystic (114)]]) [Zone Changer: Embercleave (192)]
Phase: Ai(2)-Wyleth Voltron B3's Main phase, postcombat
Phase: Ai(2)-Wyleth Voltron B3's End step
Phase: Ai(2)-Wyleth Voltron B3's Cleanup step
Turn: Turn 23 (Ai(3)-Drana Vampires)
Phase: Ai(3)-Drana Vampires' Untap step
Phase: Ai(3)-Drana Vampires' Upkeep step
Phase: Ai(3)-Drana Vampires' Draw step
Phase: Ai(3)-Drana Vampires' Main phase, precombat
Land: Ai(3)-Drana Vampires played Swamp (256)
Mana: Swamp (273) - {T}: Add {B}.
Mana: Sol Ring (210) - {T}: Add {C}{C}.
Add To Stack: Ai(3)-Drana Vampires cast Whip of Erebos
Resolve Stack: Whip of Erebos
Mana: Swamp (283) - {T}: Add {B}.
Mana: Swamp (285) - {T}: Add {B}.
Add To Stack: Ai(3)-Drana Vampires activated Whip of Erebos targeting [Necropolis Regent (244)]
Resolve Stack: Whip of Erebos (216) - Return Necropolis Regent (244) from the graveyard to the battlefield. It gains haste. Exile it at the beginning of the next end step or if it would leave the battlefield. 
Phase: Ai(3)-Drana Vampires' Beginning of Combat Step
Phase: Ai(3)-Drana Vampires' Declare Attackers Step
Combat: Ai(3)-Drana Vampires assigned Necropolis Regent (244), Drana, Liberator of Malakir (301), Barony Vampire (211), Nirkana Revenant (235) and Zulaport Cutthroat (222) to attack Ai(1)-Wilhelt Zombies B3.
Phase: Ai(3)-Drana Vampires' Declare Blockers Step
Combat: Ai(1)-Wilhelt Zombies B3 didn't block Necropolis Regent (244).
Ai(1)-Wilhelt Zombies B3 didn't block Drana, Liberator of Malakir (301).
Ai(1)-Wilhelt Zombies B3 assigned Lord of the Accursed (57) and Wilhelt, the Rotcleaver (99) to block Barony Vampire (211).
Ai(1)-Wilhelt Zombies B3 assigned Midnight Reaper (62) to block Nirkana Revenant (235).
Ai(1)-Wilhelt Zombies B3 assigned Ghoulcaller Gisa (94) to block Zulaport Cutthroat (222).
Mana: Swamp (282) - {T}: Add {B}.
Add To Stack: Ai(3)-Drana Vampires activated Nirkana Revenant
Resolve Stack: Nirkana Revenant (235) - Nirkana Revenant (235) gets +1/+1  until end of turn.
Phase: Ai(3)-Drana Vampires' First Strike Damage Step
Damage: Drana, Liberator of Malakir (301) deals 9 combat damage to Ai(1)-Wilhelt Zombies B3.
Life: Life: Ai(3)-Drana Vampires 38 > 47
Life: Life: Ai(1)-Wilhelt Zombies B3 13 > 4
Add To Stack: Ai(3)-Drana Vampires triggered Drana, Liberator of Malakir
Add To Stack: Ai(3)-Drana Vampires triggered Necropolis Regent
Resolve Stack: Whenever a creature you control deals combat damage to a player, put that many +1/+1 counters on it. [Damage Source: Drana, Liberator of Malakir (301), Damaged: Ai(1)-Wilhelt Zombies B3, Amount: 9]
Resolve Stack: Whenever Drana, Liberator of Malakir deals combat damage to a player, put a +1/+1 counter on each attacking creature you control. [Damage Source: Drana, Liberator of Malakir (301), Damaged: Ai(1)-Wilhelt Zombies B3, Amount: 9]
Phase: Ai(3)-Drana Vampires' Combat Damage Step
Damage: Necropolis Regent (244) deals 7 combat damage to Ai(1)-Wilhelt Zombies B3.
Life: Life: Ai(3)-Drana Vampires 47 > 54
Damage: Barony Vampire (211) deals 4 damage to Wilhelt, the Rotcleaver (99).
Damage: Barony Vampire (211) deals 1 damage to Lord of the Accursed (57).
Life: Life: Ai(3)-Drana Vampires 54 > 59
Damage: Nirkana Revenant (235) deals 6 damage to Midnight Reaper (62).
Life: Life: Ai(3)-Drana Vampires 59 > 65
Damage: Zulaport Cutthroat (222) deals 2 damage to Ghoulcaller Gisa (94).
Life: Life: Ai(3)-Drana Vampires 65 > 67
Damage: Lord of the Accursed (57) deals 2 damage to Barony Vampire (211).
Damage: Wilhelt, the Rotcleaver (99) deals 4 damage to Barony Vampire (211).
Damage: Midnight Reaper (62) deals 4 damage to Nirkana Revenant (235).
Damage: Ghoulcaller Gisa (94) deals 3 damage to Zulaport Cutthroat (222).
Life: Life: Ai(1)-Wilhelt Zombies B3 4 > -3
Zone Change: Barony Vampire (211) was put into Graveyard from Battlefield.
Zone Change: Zulaport Cutthroat (222) was put into Graveyard from Battlefield.
Add To Stack: Ai(3)-Drana Vampires triggered Zulaport Cutthroat
Add To Stack: Ai(3)-Drana Vampires triggered Zulaport Cutthroat
Add To Stack: Ai(3)-Drana Vampires triggered Necropolis Regent
Resolve Stack: Whenever a creature you control deals combat damage to a player, put that many +1/+1 counters on it. [Damage Source: Necropolis Regent (244), Damaged: Ai(1)-Wilhelt Zombies B3, Amount: 7]
Life: Life: Ai(4)-Kilo Helm Final 39 > 38
Life: Life: Ai(2)-Wyleth Voltron B3 39 > 38
Life: Life: Ai(3)-Drana Vampires 67 > 68
Resolve Stack: Whenever Zulaport Cutthroat or another creature you control dies, each opponent loses 1 life and you gain 1 life. [Zone Changer: Zulaport Cutthroat (222)]
Life: Life: Ai(4)-Kilo Helm Final 38 > 37
Life: Life: Ai(2)-Wyleth Voltron B3 38 > 37
Life: Life: Ai(3)-Drana Vampires 68 > 69
Resolve Stack: Whenever Zulaport Cutthroat or another creature you control dies, each opponent loses 1 life and you gain 1 life. [Zone Changer: Barony Vampire (211)]
Phase: Ai(3)-Drana Vampires' End of Combat Step
Phase: Ai(3)-Drana Vampires' Main phase, postcombat
Mana: Swamp (286) - {T}: Add {B}.
Mana: Swamp (256) - {T}: Add {B}.
Add To Stack: Ai(3)-Drana Vampires cast Languish
Resolve Stack: Languish (224) - All creatures get -4/-4 until end of turn.
Zone Change: Etherium Sculptor (362) was put into Graveyard from Battlefield.
Zone Change: Kilo, Apogee Mind (402) was put into Graveyard from Battlefield.
Zone Change: Cayth, Famed Mechanist (315) was put into Graveyard from Battlefield.
Zone Change: Servo Token (413) was put into Graveyard from Battlefield.
Zone Change: Stoneforge Mystic (114) was put into Graveyard from Battlefield.
Zone Change: Nirkana Revenant (235) was put into Graveyard from Battlefield.
Phase: Ai(3)-Drana Vampires' End step
Add To Stack: Ai(3)-Drana Vampires triggered Whip of Erebos
Zone Change: Necropolis Regent (244) was put into Exile from Battlefield.
Resolve Stack: Exile Necropolis Regent (244) at the beginning of the next end step. ([Necropolis Regent (244)]) [Phase: Ai(3)-Drana Vampires]
Phase: Ai(3)-Drana Vampires' Cleanup step
Turn: Turn 24 (Ai(4)-Kilo Helm Final)
Phase: Ai(4)-Kilo Helm Final's Untap step
Phase: Ai(4)-Kilo Helm Final's Upkeep step
Phase: Ai(4)-Kilo Helm Final's Draw step
Phase: Ai(4)-Kilo Helm Final's Main phase, precombat
Phase: Ai(4)-Kilo Helm Final's Beginning of Combat Step
Phase: Ai(4)-Kilo Helm Final's Declare Attackers Step
Phase: Ai(4)-Kilo Helm Final's Declare Blockers Step
Phase: Ai(4)-Kilo Helm Final's First Strike Damage Step
Phase: Ai(4)-Kilo Helm Final's Combat Damage Step
Phase: Ai(4)-Kilo Helm Final's End of Combat Step
Phase: Ai(4)-Kilo Helm Final's Main phase, postcombat
Mana: Mountain (388) - {T}: Add {R}.
Mana: Plains (358) - {T}: Add {W}.
Mana: Sulfur Falls (320) - {T}: Add {U} or {R}.
Add To Stack: Ai(4)-Kilo Helm Final cast Tezzeret, Cruel Captain
Replacement Effect: Tezzeret, Cruel Captain enters with four loyalty counters on it.
Resolve Stack: Tezzeret, Cruel Captain
Add To Stack: Ai(4)-Kilo Helm Final activated Tezzeret, Cruel Captain
Resolve Stack: Tezzeret, Cruel Captain (353) - Search your library for an artifact card with mana value 1 or less, reveal it, put it into your hand, then shuffle.
Phase: Ai(4)-Kilo Helm Final's End step
Phase: Ai(4)-Kilo Helm Final's Cleanup step
Turn: Turn 25 (Ai(2)-Wyleth Voltron B3)
Phase: Ai(2)-Wyleth Voltron B3's Untap step
Phase: Ai(2)-Wyleth Voltron B3's Upkeep step
Phase: Ai(2)-Wyleth Voltron B3's Draw step
Phase: Ai(2)-Wyleth Voltron B3's Main phase, precombat
Phase: Ai(2)-Wyleth Voltron B3's Beginning of Combat Step
Phase: Ai(2)-Wyleth Voltron B3's Declare Attackers Step
Phase: Ai(2)-Wyleth Voltron B3's Declare Blockers Step
Phase: Ai(2)-Wyleth Voltron B3's First Strike Damage Step
Phase: Ai(2)-Wyleth Voltron B3's Combat Damage Step
Phase: Ai(2)-Wyleth Voltron B3's End of Combat Step
Phase: Ai(2)-Wyleth Voltron B3's Main phase, postcombat
Replacement Effect: Wind-Scarred Crag enters tapped.
Land: Ai(2)-Wyleth Voltron B3 played Wind-Scarred Crag (130)
Add To Stack: Ai(2)-Wyleth Voltron B3 triggered Wind-Scarred Crag
Life: Life: Ai(2)-Wyleth Voltron B3 37 > 38
Resolve Stack: When Wind-Scarred Crag enters, you gain 1 life. [Zone Changer: Wind-Scarred Crag (130)]
Mana: Plains (161) - {T}: Add {W}.
Mana: Temple of Triumph (174) - {T}: Add {R} or {W}.
Mana: Mountain (182) - {T}: Add {R}.
Add To Stack: Ai(2)-Wyleth Voltron B3 cast Kemba, Kha Regent
Resolve Stack: Kemba, Kha Regent - Creature 2 / 4
Phase: Ai(2)-Wyleth Voltron B3's End step
Phase: Ai(2)-Wyleth Voltron B3's Cleanup step
Turn: Turn 26 (Ai(3)-Drana Vampires)
Phase: Ai(3)-Drana Vampires' Untap step
Phase: Ai(3)-Drana Vampires' Upkeep step
Phase: Ai(3)-Drana Vampires' Draw step
Phase: Ai(3)-Drana Vampires' Main phase, precombat
Land: Ai(3)-Drana Vampires played Swamp (265)
Mana: Swamp (273) - {T}: Add {B}.
Mana: Swamp (283) - {T}: Add {B}.
Mana: Sol Ring (210) - {T}: Add {C}{C}.
Add To Stack: Ai(3)-Drana Vampires activated Whip of Erebos targeting [Nirkana Revenant (235)]
Resolve Stack: Whip of Erebos (216) - Return Nirkana Revenant (235) from the graveyard to the battlefield. It gains haste. Exile it at the beginning of the next end step or if it would leave the battlefield. 
Phase: Ai(3)-Drana Vampires' Beginning of Combat Step
Phase: Ai(3)-Drana Vampires' Declare Attackers Step
Combat: Ai(3)-Drana Vampires assigned Nirkana Revenant (235) and Drana, Liberator of Malakir (301) to attack Tezzeret, Cruel Captain (353).
Phase: Ai(3)-Drana Vampires' Declare Blockers Step
Combat: Ai(4)-Kilo Helm Final didn't block Nirkana Revenant (235).
Ai(4)-Kilo Helm Final didn't block Drana, Liberator of Malakir (301).
Mana: Swamp (285) - {T}: Add {B}.
Add To Stack: Ai(3)-Drana Vampires activated Nirkana Revenant
Resolve Stack: Nirkana Revenant (235) - Nirkana Revenant (235) gets +1/+1  until end of turn.
Add To Stack: Ai(3)-Drana Vampires activated Nirkana Revenant
Resolve Stack: Nirkana Revenant (235) - Nirkana Revenant (235) gets +1/+1  until end of turn.
Mana: Swamp (282) - {T}: Add {B}.
Add To Stack: Ai(3)-Drana Vampires activated Nirkana Revenant
Resolve Stack: Nirkana Revenant (235) - Nirkana Revenant (235) gets +1/+1  until end of turn.
Add To Stack: Ai(3)-Drana Vampires activated Nirkana Revenant
Resolve Stack: Nirkana Revenant (235) - Nirkana Revenant (235) gets +1/+1  until end of turn.
Mana: Swamp (286) - {T}: Add {B}.
Add To Stack: Ai(3)-Drana Vampires activated Nirkana Revenant
Resolve Stack: Nirkana Revenant (235) - Nirkana Revenant (235) gets +1/+1  until end of turn.
Add To Stack: Ai(3)-Drana Vampires activated Nirkana Revenant
Resolve Stack: Nirkana Revenant (235) - Nirkana Revenant (235) gets +1/+1  until end of turn.
Mana: Swamp (256) - {T}: Add {B}.
Add To Stack: Ai(3)-Drana Vampires activated Nirkana Revenant
Resolve Stack: Nirkana Revenant (235) - Nirkana Revenant (235) gets +1/+1  until end of turn.
Add To Stack: Ai(3)-Drana Vampires activated Nirkana Revenant
Resolve Stack: Nirkana Revenant (235) - Nirkana Revenant (235) gets +1/+1  until end of turn.
Mana: Swamp (265) - {T}: Add {B}.
Add To Stack: Ai(3)-Drana Vampires activated Nirkana Revenant
Resolve Stack: Nirkana Revenant (235) - Nirkana Revenant (235) gets +1/+1  until end of turn.
Add To Stack: Ai(3)-Drana Vampires activated Nirkana Revenant
Resolve Stack: Nirkana Revenant (235) - Nirkana Revenant (235) gets +1/+1  until end of turn.
Phase: Ai(3)-Drana Vampires' First Strike Damage Step
Life: Life: Ai(3)-Drana Vampires 69 > 88
Zone Change: Tezzeret, Cruel Captain (353) was put into Graveyard from Battlefield.
Phase: Ai(3)-Drana Vampires' Combat Damage Step
Phase: Ai(3)-Drana Vampires' End of Combat Step
Phase: Ai(3)-Drana Vampires' Main phase, postcombat
Phase: Ai(3)-Drana Vampires' End step
Add To Stack: Ai(3)-Drana Vampires triggered Whip of Erebos
Zone Change: Nirkana Revenant (235) was put into Exile from Battlefield.
Resolve Stack: Exile Nirkana Revenant (235) at the beginning of the next end step. ([Nirkana Revenant (235)]) [Phase: Ai(3)-Drana Vampires]
Phase: Ai(3)-Drana Vampires' Cleanup step
Turn: Turn 27 (Ai(4)-Kilo Helm Final)
Phase: Ai(4)-Kilo Helm Final's Untap step
Phase: Ai(4)-Kilo Helm Final's Upkeep step
Phase: Ai(4)-Kilo Helm Final's Draw step
Phase: Ai(4)-Kilo Helm Final's Main phase, precombat
Land: Ai(4)-Kilo Helm Final played Island (364)
Mana: Plains (358) - {T}: Add {W}.
Mana: Mountain (388) - {T}: Add {R}.
Mana: Island (364) - {T}: Add {U}.
Mana: Sulfur Falls (320) - {T}: Add {U} or {R}.
Mana: Karn's Bastion (321) - {T}: Add {C}.
Add To Stack: Ai(4)-Kilo Helm Final cast Kilo, Apogee Mind
Resolve Stack: Kilo, Apogee Mind - Creature 3 / 3
Phase: Ai(4)-Kilo Helm Final's Beginning of Combat Step
Phase: Ai(4)-Kilo Helm Final's Declare Attackers Step
Combat: Ai(4)-Kilo Helm Final assigned Kilo, Apogee Mind (402) to attack Ai(3)-Drana Vampires.
Add To Stack: Ai(4)-Kilo Helm Final triggered Kilo, Apogee Mind
Resolve Stack: Whenever Kilo becomes tapped, proliferate. (Choose any number of permanents and/or players, then give each another counter of each kind already there.) [Tapped: Kilo, Apogee Mind (402)]
Phase: Ai(4)-Kilo Helm Final's Declare Blockers Step
Combat: Ai(3)-Drana Vampires didn't block Kilo, Apogee Mind (402).
Phase: Ai(4)-Kilo Helm Final's First Strike Damage Step
Phase: Ai(4)-Kilo Helm Final's Combat Damage Step
Damage: Kilo, Apogee Mind (402) deals 3 combat damage to Ai(3)-Drana Vampires.
Life: Life: Ai(3)-Drana Vampires 88 > 85
Phase: Ai(4)-Kilo Helm Final's End of Combat Step
Phase: Ai(4)-Kilo Helm Final's Main phase, postcombat
Phase: Ai(4)-Kilo Helm Final's End step
Phase: Ai(4)-Kilo Helm Final's Cleanup step
Turn: Turn 28 (Ai(2)-Wyleth Voltron B3)
Phase: Ai(2)-Wyleth Voltron B3's Untap step
Phase: Ai(2)-Wyleth Voltron B3's Upkeep step
Add To Stack: Ai(2)-Wyleth Voltron B3 triggered Kemba, Kha Regent
Resolve Stack: At the beginning of your upkeep, create a 2/2 white Cat creature token for each Equipment attached to Kemba, Kha Regent. [Phase: Ai(2)-Wyleth Voltron B3]
Phase: Ai(2)-Wyleth Voltron B3's Draw step
Phase: Ai(2)-Wyleth Voltron B3's Main phase, precombat
Land: Ai(2)-Wyleth Voltron B3 played Plains (163)
Mana: Plains (161) - {T}: Add {W}.
Mana: Plains (163) - {T}: Add {W}.
Mana: Mountain (182) - {T}: Add {R}.
Mana: Mountain (189) - {T}: Add {R}.
Mana: Temple of Triumph (174) - {T}: Add {R} or {W}.
Mana: Wind-Scarred Crag (130) - {T}: Add {R} or {W}.
Add To Stack: Ai(2)-Wyleth Voltron B3 cast Austere Command
Zone Change: Whip of Erebos (216) was put into Graveyard from Battlefield.
Zone Change: Kemba, Kha Regent (127) was put into Graveyard from Battlefield.
Zone Change: Drana, Liberator of Malakir (301) was put into Graveyard from Battlefield.
Zone Change: Kilo, Apogee Mind (402) was put into Graveyard from Battlefield.
Resolve Stack: Austere Command (137) -  Destroy all enchantments. Destroy all creatures with mana value 3 or less.
Phase: Ai(2)-Wyleth Voltron B3's Beginning of Combat Step
Phase: Ai(2)-Wyleth Voltron B3's Declare Attackers Step
Phase: Ai(2)-Wyleth Voltron B3's Declare Blockers Step
Phase: Ai(2)-Wyleth Voltron B3's First Strike Damage Step
Phase: Ai(2)-Wyleth Voltron B3's Combat Damage Step
Phase: Ai(2)-Wyleth Voltron B3's End of Combat Step
Phase: Ai(2)-Wyleth Voltron B3's Main phase, postcombat
Phase: Ai(2)-Wyleth Voltron B3's End step
Phase: Ai(2)-Wyleth Voltron B3's Cleanup step
Turn: Turn 29 (Ai(3)-Drana Vampires)
Phase: Ai(3)-Drana Vampires' Untap step
Phase: Ai(3)-Drana Vampires' Upkeep step
Phase: Ai(3)-Drana Vampires' Draw step
Phase: Ai(3)-Drana Vampires' Main phase, precombat
Phase: Ai(3)-Drana Vampires' Beginning of Combat Step
Phase: Ai(3)-Drana Vampires' Declare Attackers Step
Phase: Ai(3)-Drana Vampires' Declare Blockers Step
Phase: Ai(3)-Drana Vampires' First Strike Damage Step
Phase: Ai(3)-Drana Vampires' Combat Damage Step
Phase: Ai(3)-Drana Vampires' End of Combat Step
Phase: Ai(3)-Drana Vampires' Main phase, postcombat
Land: Ai(3)-Drana Vampires played Swamp (276)
Mana: Swamp (273) - {T}: Add {B}.
Mana: Swamp (283) - {T}: Add {B}.
Mana: Sol Ring (210) - {T}: Add {C}{C}.
Mana: Swamp (285) - {T}: Add {B}.
Add To Stack: Ai(3)-Drana Vampires cast Drana, Liberator of Malakir
Resolve Stack: Drana, Liberator of Malakir - Creature 2 / 3
Phase: Ai(3)-Drana Vampires' End step
Phase: Ai(3)-Drana Vampires' Cleanup step
Turn: Turn 30 (Ai(4)-Kilo Helm Final)
Phase: Ai(4)-Kilo Helm Final's Untap step
Phase: Ai(4)-Kilo Helm Final's Upkeep step
Phase: Ai(4)-Kilo Helm Final's Draw step
Phase: Ai(4)-Kilo Helm Final's Main phase, precombat
Land: Ai(4)-Kilo Helm Final played Cascade Bluffs (324)
Phase: Ai(4)-Kilo Helm Final's Beginning of Combat Step
Phase: Ai(4)-Kilo Helm Final's Declare Attackers Step
Phase: Ai(4)-Kilo Helm Final's Declare Blockers Step
Phase: Ai(4)-Kilo Helm Final's First Strike Damage Step
Phase: Ai(4)-Kilo Helm Final's Combat Damage Step
Phase: Ai(4)-Kilo Helm Final's End of Combat Step
Phase: Ai(4)-Kilo Helm Final's Main phase, postcombat
Mana: Mountain (388) - {T}: Add {R}.
Mana: Island (364) - {T}: Add {U}.
Mana: Plains (358) - {T}: Add {W}.
Mana: Sulfur Falls (320) - {T}: Add {U} or {R}.
Mana: Cascade Bluffs (324) - {T}: Add {C}.
Mana: Karn's Bastion (321) - {T}: Add {C}.
Add To Stack: Ai(4)-Kilo Helm Final cast Walking Ballista
Replacement Effect: Walking Ballista enters with X +1/+1 counters on it.
Resolve Stack: Walking Ballista - Creature 0 / 0 (X=3)
Phase: Ai(4)-Kilo Helm Final's End step
Phase: Ai(4)-Kilo Helm Final's Cleanup step
Turn: Turn 31 (Ai(2)-Wyleth Voltron B3)
Phase: Ai(2)-Wyleth Voltron B3's Untap step
Phase: Ai(2)-Wyleth Voltron B3's Upkeep step
Phase: Ai(2)-Wyleth Voltron B3's Draw step
Phase: Ai(2)-Wyleth Voltron B3's Main phase, precombat
Land: Ai(2)-Wyleth Voltron B3 played Plains (157)
Phase: Ai(2)-Wyleth Voltron B3's Beginning of Combat Step
Phase: Ai(2)-Wyleth Voltron B3's Declare Attackers Step
Phase: Ai(2)-Wyleth Voltron B3's Declare Blockers Step
Phase: Ai(2)-Wyleth Voltron B3's First Strike Damage Step
Phase: Ai(2)-Wyleth Voltron B3's Combat Damage Step
Phase: Ai(2)-Wyleth Voltron B3's End of Combat Step
Phase: Ai(2)-Wyleth Voltron B3's Main phase, postcombat
Mana: Mountain (182) - {T}: Add {R}.
Mana: Plains (161) - {T}: Add {W}.
Mana: Plains (163) - {T}: Add {W}.
Add To Stack: Ai(2)-Wyleth Voltron B3 cast Wyleth, Soul of Steel
Resolve Stack: Wyleth, Soul of Steel - Creature 2 / 2
Mana: Plains (157) - {T}: Add {W}.
Mana: Mountain (189) - {T}: Add {R}.
Add To Stack: Ai(2)-Wyleth Voltron B3 cast Auriok Steelshaper
Resolve Stack: Auriok Steelshaper - Creature 1 / 1
Mana: Temple of Triumph (174) - {T}: Add {R} or {W}.
Mana: Wind-Scarred Crag (130) - {T}: Add {R} or {W}.
Add To Stack: Ai(2)-Wyleth Voltron B3 activated Loxodon Warhammer targeting [Wyleth, Soul of Steel (200)]
Resolve Stack: Loxodon Warhammer (198) -  Attach to Wyleth, Soul of Steel (200)
Add To Stack: Ai(4)-Kilo Helm Final activated Walking Ballista targeting [Wyleth, Soul of Steel (200)]
Damage: Walking Ballista (338) deals 1 damage to Wyleth, Soul of Steel (200).
Resolve Stack: Walking Ballista (338) - Walking Ballista (338) deals 1 damage to Wyleth, Soul of Steel (200).
Add To Stack: Ai(4)-Kilo Helm Final activated Walking Ballista targeting [Wyleth, Soul of Steel (200)]
Damage: Walking Ballista (338) deals 1 damage to Wyleth, Soul of Steel (200).
Resolve Stack: Walking Ballista (338) - Walking Ballista (338) deals 1 damage to Wyleth, Soul of Steel (200).
Zone Change: Wyleth, Soul of Steel (200) was put into Graveyard from Battlefield.
Add To Stack: Ai(4)-Kilo Helm Final activated Walking Ballista targeting [Auriok Steelshaper (117)]
Zone Change: Walking Ballista (338) was put into Graveyard from Battlefield.
Damage: Walking Ballista (338) deals 1 damage to Auriok Steelshaper (117).
Resolve Stack: Walking Ballista (338) - Walking Ballista (338) deals 1 damage to Auriok Steelshaper (117).
Zone Change: Auriok Steelshaper (117) was put into Graveyard from Battlefield.
Phase: Ai(2)-Wyleth Voltron B3's End step
Phase: Ai(2)-Wyleth Voltron B3's Cleanup step
Turn: Turn 32 (Ai(3)-Drana Vampires)
Phase: Ai(3)-Drana Vampires' Untap step
Phase: Ai(3)-Drana Vampires' Upkeep step
Phase: Ai(3)-Drana Vampires' Draw step
Phase: Ai(3)-Drana Vampires' Main phase, precombat
Phase: Ai(3)-Drana Vampires' Beginning of Combat Step
Phase: Ai(3)-Drana Vampires' Declare Attackers Step
Combat: Ai(3)-Drana Vampires assigned Drana, Liberator of Malakir (301) to attack Ai(2)-Wyleth Voltron B3.
Phase: Ai(3)-Drana Vampires' Declare Blockers Step
Combat: Ai(2)-Wyleth Voltron B3 didn't block Drana, Liberator of Malakir (301).
Phase: Ai(3)-Drana Vampires' First Strike Damage Step
Damage: Drana, Liberator of Malakir (301) deals 2 combat damage to Ai(2)-Wyleth Voltron B3.
Life: Life: Ai(2)-Wyleth Voltron B3 38 > 36
Add To Stack: Ai(3)-Drana Vampires triggered Drana, Liberator of Malakir
Resolve Stack: Whenever Drana, Liberator of Malakir deals combat damage to a player, put a +1/+1 counter on each attacking creature you control. [Damage Source: Drana, Liberator of Malakir (301), Damaged: Ai(2)-Wyleth Voltron B3, Amount: 2]
Phase: Ai(3)-Drana Vampires' Combat Damage Step
Phase: Ai(3)-Drana Vampires' End of Combat Step
Phase: Ai(3)-Drana Vampires' Main phase, postcombat
Land: Ai(3)-Drana Vampires played Swamp (278)
Phase: Ai(3)-Drana Vampires' End step
Phase: Ai(3)-Drana Vampires' Cleanup step
Turn: Turn 33 (Ai(4)-Kilo Helm Final)
Phase: Ai(4)-Kilo Helm Final's Untap step
Phase: Ai(4)-Kilo Helm Final's Upkeep step
Phase: Ai(4)-Kilo Helm Final's Draw step
Phase: Ai(4)-Kilo Helm Final's Main phase, precombat
Phase: Ai(4)-Kilo Helm Final's Beginning of Combat Step
Phase: Ai(4)-Kilo Helm Final's Declare Attackers Step
Phase: Ai(4)-Kilo Helm Final's Declare Blockers Step
Phase: Ai(4)-Kilo Helm Final's First Strike Damage Step
Phase: Ai(4)-Kilo Helm Final's Combat Damage Step
Phase: Ai(4)-Kilo Helm Final's End of Combat Step
Phase: Ai(4)-Kilo Helm Final's Main phase, postcombat
Mana: Island (364) - {T}: Add {U}.
Mana: Sulfur Falls (320) - {T}: Add {U} or {R}.
Mana: Mountain (388) - {T}: Add {R}.
Mana: Plains (358) - {T}: Add {W}.
Mana: Cascade Bluffs (324) - {T}: Add {C}.
Add To Stack: Ai(4)-Kilo Helm Final cast Inexorable Tide
Resolve Stack: Inexorable Tide
Phase: Ai(4)-Kilo Helm Final's End step
Phase: Ai(4)-Kilo Helm Final's Cleanup step
Turn: Turn 34 (Ai(2)-Wyleth Voltron B3)
Phase: Ai(2)-Wyleth Voltron B3's Untap step
Phase: Ai(2)-Wyleth Voltron B3's Upkeep step
Phase: Ai(2)-Wyleth Voltron B3's Draw step
Phase: Ai(2)-Wyleth Voltron B3's Main phase, precombat
Land: Ai(2)-Wyleth Voltron B3 played Hanweir Battlements (142)
Mana: Mountain (182) - {T}: Add {R}.
Mana: Plains (161) - {T}: Add {W}.
Mana: Plains (163) - {T}: Add {W}.
Mana: Plains (157) - {T}: Add {W}.
Mana: Mountain (189) - {T}: Add {R}.
Add To Stack: Ai(2)-Wyleth Voltron B3 cast Wyleth, Soul of Steel
Resolve Stack: Wyleth, Soul of Steel - Creature 2 / 2
Mana: Temple of Triumph (174) - {T}: Add {R} or {W}.
Mana: Wind-Scarred Crag (130) - {T}: Add {R} or {W}.
Mana: Hanweir Battlements (142) - {T}: Add {C}.
Add To Stack: Ai(2)-Wyleth Voltron B3 activated Loxodon Warhammer targeting [Wyleth, Soul of Steel (200)]
Resolve Stack: Loxodon Warhammer (198) -  Attach to Wyleth, Soul of Steel (200)
Phase: Ai(2)-Wyleth Voltron B3's Beginning of Combat Step
Phase: Ai(2)-Wyleth Voltron B3's Declare Attackers Step
Phase: Ai(2)-Wyleth Voltron B3's Declare Blockers Step
Phase: Ai(2)-Wyleth Voltron B3's First Strike Damage Step
Phase: Ai(2)-Wyleth Voltron B3's Combat Damage Step
Phase: Ai(2)-Wyleth Voltron B3's End of Combat Step
Phase: Ai(2)-Wyleth Voltron B3's Main phase, postcombat
Phase: Ai(2)-Wyleth Voltron B3's End step
Phase: Ai(2)-Wyleth Voltron B3's Cleanup step
Turn: Turn 35 (Ai(3)-Drana Vampires)
Phase: Ai(3)-Drana Vampires' Untap step
Phase: Ai(3)-Drana Vampires' Upkeep step
Phase: Ai(3)-Drana Vampires' Draw step
Phase: Ai(3)-Drana Vampires' Main phase, precombat
Phase: Ai(3)-Drana Vampires' Beginning of Combat Step
Phase: Ai(3)-Drana Vampires' Declare Attackers Step
Combat: Ai(3)-Drana Vampires assigned Drana, Liberator of Malakir (301) to attack Ai(2)-Wyleth Voltron B3.
Phase: Ai(3)-Drana Vampires' Declare Blockers Step
Combat: Ai(2)-Wyleth Voltron B3 didn't block Drana, Liberator of Malakir (301).
Phase: Ai(3)-Drana Vampires' First Strike Damage Step
Damage: Drana, Liberator of Malakir (301) deals 3 combat damage to Ai(2)-Wyleth Voltron B3.
Life: Life: Ai(2)-Wyleth Voltron B3 36 > 33
Add To Stack: Ai(3)-Drana Vampires triggered Drana, Liberator of Malakir
Resolve Stack: Whenever Drana, Liberator of Malakir deals combat damage to a player, put a +1/+1 counter on each attacking creature you control. [Damage Source: Drana, Liberator of Malakir (301), Damaged: Ai(2)-Wyleth Voltron B3, Amount: 3]
Phase: Ai(3)-Drana Vampires' Combat Damage Step
Phase: Ai(3)-Drana Vampires' End of Combat Step
Phase: Ai(3)-Drana Vampires' Main phase, postcombat
Land: Ai(3)-Drana Vampires played Swamp (289)
Phase: Ai(3)-Drana Vampires' End step
Phase: Ai(3)-Drana Vampires' Cleanup step
Turn: Turn 36 (Ai(4)-Kilo Helm Final)
Phase: Ai(4)-Kilo Helm Final's Untap step
Phase: Ai(4)-Kilo Helm Final's Upkeep step
Phase: Ai(4)-Kilo Helm Final's Draw step
Phase: Ai(4)-Kilo Helm Final's Main phase, precombat
Mana: Mountain (388) - {T}: Add {R}.
Mana: Island (364) - {T}: Add {U}.
Mana: Plains (358) - {T}: Add {W}.
Mana: Sulfur Falls (320) - {T}: Add {U} or {R}.
Mana: Cascade Bluffs (324) - {T}: Add {C}.
Add To Stack: Ai(4)-Kilo Helm Final cast Dawnsire, Sunstar Dreadnought
Add To Stack: Ai(4)-Kilo Helm Final triggered Inexorable Tide
Resolve Stack: Whenever you cast a spell, proliferate. [Card: Dawnsire, Sunstar Dreadnought (314), Activator: Ai(4)-Kilo Helm Final, SpellAbility: Dawnsire, Sunstar Dreadnought]
Resolve Stack: Dawnsire, Sunstar Dreadnought
Phase: Ai(4)-Kilo Helm Final's Beginning of Combat Step
Phase: Ai(4)-Kilo Helm Final's Declare Attackers Step
Phase: Ai(4)-Kilo Helm Final's Declare Blockers Step
Phase: Ai(4)-Kilo Helm Final's First Strike Damage Step
Phase: Ai(4)-Kilo Helm Final's Combat Damage Step
Phase: Ai(4)-Kilo Helm Final's End of Combat Step
Phase: Ai(4)-Kilo Helm Final's Main phase, postcombat
Phase: Ai(4)-Kilo Helm Final's End step
Phase: Ai(4)-Kilo Helm Final's Cleanup step
Turn: Turn 37 (Ai(2)-Wyleth Voltron B3)
Phase: Ai(2)-Wyleth Voltron B3's Untap step
Phase: Ai(2)-Wyleth Voltron B3's Upkeep step
Phase: Ai(2)-Wyleth Voltron B3's Draw step
Phase: Ai(2)-Wyleth Voltron B3's Main phase, precombat
Land: Ai(2)-Wyleth Voltron B3 played Rogue's Passage (120)
Mana: Plains (161) - {T}: Add {W}.
Mana: Plains (163) - {T}: Add {W}.
Add To Stack: Ai(2)-Wyleth Voltron B3 activated Bloodforged Battle-Axe targeting [Wyleth, Soul of Steel (200)]
Resolve Stack: Bloodforged Battle-Axe (132) -  Attach to Wyleth, Soul of Steel (200)
Phase: Ai(2)-Wyleth Voltron B3's Beginning of Combat Step
Phase: Ai(2)-Wyleth Voltron B3's Declare Attackers Step
Combat: Ai(2)-Wyleth Voltron B3 assigned Wyleth, Soul of Steel (200) to attack Ai(4)-Kilo Helm Final.
Add To Stack: Ai(2)-Wyleth Voltron B3 triggered Wyleth, Soul of Steel
Resolve Stack: Whenever Wyleth, Soul of Steel attacks, draw a card for each Aura and Equipment attached to it. [Attacker: Wyleth, Soul of Steel (200)]
Phase: Ai(2)-Wyleth Voltron B3's Declare Blockers Step
Combat: Ai(4)-Kilo Helm Final didn't block Wyleth, Soul of Steel (200).
Phase: Ai(2)-Wyleth Voltron B3's First Strike Damage Step
Phase: Ai(2)-Wyleth Voltron B3's Combat Damage Step
Damage: Wyleth, Soul of Steel (200) deals 7 combat damage to Ai(4)-Kilo Helm Final.
Life: Life: Ai(2)-Wyleth Voltron B3 33 > 40
Life: Life: Ai(4)-Kilo Helm Final 37 > 30
Add To Stack: Ai(2)-Wyleth Voltron B3 triggered Bloodforged Battle-Axe
Resolve Stack: Whenever equipped creature deals combat damage to a player, create a token that's a copy of Bloodforged Battle-Axe. [Damage Source: Wyleth, Soul of Steel (200), Damaged: Ai(4)-Kilo Helm Final, Amount: 7]
Phase: Ai(2)-Wyleth Voltron B3's End of Combat Step
Phase: Ai(2)-Wyleth Voltron B3's Main phase, postcombat
Mana: Plains (157) - {T}: Add {W}.
Mana: Mountain (182) - {T}: Add {R}.
Mana: Mountain (189) - {T}: Add {R}.
Add To Stack: Ai(2)-Wyleth Voltron B3 cast Champion's Helm
Resolve Stack: Champion's Helm
Mana: Temple of Triumph (174) - {T}: Add {R} or {W}.
Mana: Wind-Scarred Crag (130) - {T}: Add {R} or {W}.
Add To Stack: Ai(2)-Wyleth Voltron B3 activated Bloodforged Battle-Axe targeting [Wyleth, Soul of Steel (200)]
Resolve Stack: Bloodforged Battle-Axe (419) -  Attach to Wyleth, Soul of Steel (200)
Mana: Rogue's Passage (120) - {T}: Add {C}.
Add To Stack: Ai(2)-Wyleth Voltron B3 activated Champion's Helm targeting [Wyleth, Soul of Steel (200)]
Resolve Stack: Champion's Helm (175) -  Attach to Wyleth, Soul of Steel (200)
Phase: Ai(2)-Wyleth Voltron B3's End step
Phase: Ai(2)-Wyleth Voltron B3's Cleanup step
Turn: Turn 38 (Ai(3)-Drana Vampires)
Phase: Ai(3)-Drana Vampires' Untap step
Phase: Ai(3)-Drana Vampires' Upkeep step
Phase: Ai(3)-Drana Vampires' Draw step
Phase: Ai(3)-Drana Vampires' Main phase, precombat
Phase: Ai(3)-Drana Vampires' Beginning of Combat Step
Phase: Ai(3)-Drana Vampires' Declare Attackers Step
Combat: Ai(3)-Drana Vampires assigned Drana, Liberator of Malakir (301) to attack Ai(2)-Wyleth Voltron B3.
Phase: Ai(3)-Drana Vampires' Declare Blockers Step
Combat: Ai(2)-Wyleth Voltron B3 didn't block Drana, Liberator of Malakir (301).
Phase: Ai(3)-Drana Vampires' First Strike Damage Step
Damage: Drana, Liberator of Malakir (301) deals 4 combat damage to Ai(2)-Wyleth Voltron B3.
Life: Life: Ai(2)-Wyleth Voltron B3 40 > 36
Add To Stack: Ai(3)-Drana Vampires triggered Drana, Liberator of Malakir
Resolve Stack: Whenever Drana, Liberator of Malakir deals combat damage to a player, put a +1/+1 counter on each attacking creature you control. [Damage Source: Drana, Liberator of Malakir (301), Damaged: Ai(2)-Wyleth Voltron B3, Amount: 4]
Phase: Ai(3)-Drana Vampires' Combat Damage Step
Phase: Ai(3)-Drana Vampires' End of Combat Step
Phase: Ai(3)-Drana Vampires' Main phase, postcombat
Land: Ai(3)-Drana Vampires played Swamp (290)
Phase: Ai(3)-Drana Vampires' End step
Phase: Ai(3)-Drana Vampires' Cleanup step
Turn: Turn 39 (Ai(4)-Kilo Helm Final)
Phase: Ai(4)-Kilo Helm Final's Untap step
Phase: Ai(4)-Kilo Helm Final's Upkeep step
Phase: Ai(4)-Kilo Helm Final's Draw step
Phase: Ai(4)-Kilo Helm Final's Main phase, precombat
Mana: Mountain (388) - {T}: Add {R}.
Mana: Island (364) - {T}: Add {U}.
Mana: Plains (358) - {T}: Add {W}.
Add To Stack: Ai(4)-Kilo Helm Final cast Foundry Inspector
Add To Stack: Ai(4)-Kilo Helm Final triggered Inexorable Tide
Resolve Stack: Whenever you cast a spell, proliferate. [Card: Foundry Inspector (337), Activator: Ai(4)-Kilo Helm Final, SpellAbility: Foundry Inspector - Creature 3 / 2]
Resolve Stack: Foundry Inspector - Creature 3 / 2
Mana: Sulfur Falls (320) - {T}: Add {U} or {R}.
Mana: Cascade Bluffs (324) - {T}: Add {C}.
Add To Stack: Ai(4)-Kilo Helm Final cast Uthros Research Craft
Add To Stack: Ai(4)-Kilo Helm Final triggered Inexorable Tide
Resolve Stack: Whenever you cast a spell, proliferate. [Card: Uthros Research Craft (395), Activator: Ai(4)-Kilo Helm Final, SpellAbility: Uthros Research Craft]
Resolve Stack: Uthros Research Craft
Phase: Ai(4)-Kilo Helm Final's Beginning of Combat Step
Phase: Ai(4)-Kilo Helm Final's Declare Attackers Step
Phase: Ai(4)-Kilo Helm Final's Declare Blockers Step
Phase: Ai(4)-Kilo Helm Final's First Strike Damage Step
Phase: Ai(4)-Kilo Helm Final's Combat Damage Step
Phase: Ai(4)-Kilo Helm Final's End of Combat Step
Phase: Ai(4)-Kilo Helm Final's Main phase, postcombat
Add To Stack: Ai(4)-Kilo Helm Final activated Dawnsire, Sunstar Dreadnought
Resolve Stack: Dawnsire, Sunstar Dreadnought (314) - Ai(4)-Kilo Helm Final puts three charge counters on Dawnsire, Sunstar Dreadnought (314).
Phase: Ai(4)-Kilo Helm Final's End step
Phase: Ai(4)-Kilo Helm Final's Cleanup step
Turn: Turn 40 (Ai(2)-Wyleth Voltron B3)
Phase: Ai(2)-Wyleth Voltron B3's Untap step
Phase: Ai(2)-Wyleth Voltron B3's Upkeep step
Phase: Ai(2)-Wyleth Voltron B3's Draw step
Mana: Mountain (182) - {T}: Add {R}.
Mana: Plains (161) - {T}: Add {W}.
Mana: Plains (163) - {T}: Add {W}.
Add To Stack: Ai(2)-Wyleth Voltron B3 cast Wear // Tear targeting [Dawnsire, Sunstar Dreadnought (314)] [Inexorable Tide (309)]
Zone Change: Dawnsire, Sunstar Dreadnought (314) was put into Graveyard from Battlefield.
Zone Change: Inexorable Tide (309) was put into Graveyard from Battlefield.
Resolve Stack: Wear // Tear (104) - Destroy target artifact. Destroy target enchantment.
Phase: Ai(2)-Wyleth Voltron B3's Main phase, precombat
Land: Ai(2)-Wyleth Voltron B3 played Plains (160)
Phase: Ai(2)-Wyleth Voltron B3's Beginning of Combat Step
Phase: Ai(2)-Wyleth Voltron B3's Declare Attackers Step
Combat: Ai(2)-Wyleth Voltron B3 assigned Wyleth, Soul of Steel (200) to attack Ai(3)-Drana Vampires.
Add To Stack: Ai(2)-Wyleth Voltron B3 triggered Wyleth, Soul of Steel
Resolve Stack: Whenever Wyleth, Soul of Steel attacks, draw a card for each Aura and Equipment attached to it. [Attacker: Wyleth, Soul of Steel (200)]
Phase: Ai(2)-Wyleth Voltron B3's Declare Blockers Step
Combat: Ai(3)-Drana Vampires didn't block Wyleth, Soul of Steel (200).
Phase: Ai(2)-Wyleth Voltron B3's First Strike Damage Step
Phase: Ai(2)-Wyleth Voltron B3's Combat Damage Step
Damage: Wyleth, Soul of Steel (200) deals 11 combat damage to Ai(3)-Drana Vampires.
Life: Life: Ai(2)-Wyleth Voltron B3 36 > 47
Life: Life: Ai(3)-Drana Vampires 85 > 74
Add To Stack: Ai(2)-Wyleth Voltron B3 triggered Bloodforged Battle-Axe
Add To Stack: Ai(2)-Wyleth Voltron B3 triggered Bloodforged Battle-Axe
Resolve Stack: Whenever equipped creature deals combat damage to a player, create a token that's a copy of Bloodforged Battle-Axe. [Damage Source: Wyleth, Soul of Steel (200), Damaged: Ai(3)-Drana Vampires, Amount: 11]
Resolve Stack: Whenever equipped creature deals combat damage to a player, create a token that's a copy of Bloodforged Battle-Axe. [Damage Source: Wyleth, Soul of Steel (200), Damaged: Ai(3)-Drana Vampires, Amount: 11]
Phase: Ai(2)-Wyleth Voltron B3's End of Combat Step
Phase: Ai(2)-Wyleth Voltron B3's Main phase, postcombat
Mana: Plains (157) - {T}: Add {W}.
Mana: Plains (160) - {T}: Add {W}.
Mana: Mountain (189) - {T}: Add {R}.
Mana: Temple of Triumph (174) - {T}: Add {R} or {W}.
Add To Stack: Ai(2)-Wyleth Voltron B3 cast Hammer of Nazahn
Resolve Stack: Hammer of Nazahn
Add To Stack: Ai(2)-Wyleth Voltron B3 triggered Hammer of Nazahn targeting [Wyleth, Soul of Steel (200)]
Resolve Stack: Whenever Hammer of Nazahn or another Equipment you control enters, you may attach that Equipment to target creature you control. (Targeting: [[Wyleth, Soul of Steel (200)]]) [Zone Changer: Hammer of Nazahn (106)]
Mana: Wind-Scarred Crag (130) - {T}: Add {R} or {W}.
Mana: Rogue's Passage (120) - {T}: Add {C}.
Add To Stack: Ai(2)-Wyleth Voltron B3 activated Bloodforged Battle-Axe targeting [Wyleth, Soul of Steel (200)]
Resolve Stack: Bloodforged Battle-Axe (421) -  Attach to Wyleth, Soul of Steel (200)
Phase: Ai(2)-Wyleth Voltron B3's End step
Phase: Ai(2)-Wyleth Voltron B3's Cleanup step
Turn: Turn 41 (Ai(3)-Drana Vampires)
Phase: Ai(3)-Drana Vampires' Untap step
Phase: Ai(3)-Drana Vampires' Upkeep step
Phase: Ai(3)-Drana Vampires' Draw step
Phase: Ai(3)-Drana Vampires' Main phase, precombat
Phase: Ai(3)-Drana Vampires' Beginning of Combat Step
Phase: Ai(3)-Drana Vampires' Declare Attackers Step
Phase: Ai(3)-Drana Vampires' Declare Blockers Step
Phase: Ai(3)-Drana Vampires' First Strike Damage Step
Phase: Ai(3)-Drana Vampires' Combat Damage Step
Phase: Ai(3)-Drana Vampires' End of Combat Step
Phase: Ai(3)-Drana Vampires' Main phase, postcombat
Land: Ai(3)-Drana Vampires played Swamp (259)
Phase: Ai(3)-Drana Vampires' End step
Phase: Ai(3)-Drana Vampires' Cleanup step
Turn: Turn 42 (Ai(4)-Kilo Helm Final)
Phase: Ai(4)-Kilo Helm Final's Untap step
Phase: Ai(4)-Kilo Helm Final's Upkeep step
Phase: Ai(4)-Kilo Helm Final's Draw step
Phase: Ai(4)-Kilo Helm Final's Main phase, precombat
Mana: Plains (358) - {T}: Add {W}.
Mana: Mountain (388) - {T}: Add {R}.
Mana: Island (364) - {T}: Add {U}.
Mana: Sulfur Falls (320) - {T}: Add {U} or {R}.
Mana: Cascade Bluffs (324) - {T}: Add {C}.
Mana: Karn's Bastion (321) - {T}: Add {C}.
Add To Stack: Ai(4)-Kilo Helm Final cast Kilo, Apogee Mind
Resolve Stack: Kilo, Apogee Mind - Creature 3 / 3
Phase: Ai(4)-Kilo Helm Final's Beginning of Combat Step
Phase: Ai(4)-Kilo Helm Final's Declare Attackers Step
Phase: Ai(4)-Kilo Helm Final's Declare Blockers Step
Phase: Ai(4)-Kilo Helm Final's First Strike Damage Step
Phase: Ai(4)-Kilo Helm Final's Combat Damage Step
Phase: Ai(4)-Kilo Helm Final's End of Combat Step
Phase: Ai(4)-Kilo Helm Final's Main phase, postcombat
Replacement Effect: Razortide Bridge enters tapped.
Land: Ai(4)-Kilo Helm Final played Razortide Bridge (323)
Add To Stack: Ai(4)-Kilo Helm Final activated Uthros Research Craft
Resolve Stack: Uthros Research Craft (395) - Ai(4)-Kilo Helm Final puts three charge counters on Uthros Research Craft (395).
Add To Stack: Ai(4)-Kilo Helm Final activated Uthros Research Craft
Add To Stack: Ai(4)-Kilo Helm Final triggered Kilo, Apogee Mind
Resolve Stack: Whenever Kilo becomes tapped, proliferate. (Choose any number of permanents and/or players, then give each another counter of each kind already there.) [Tapped: Kilo, Apogee Mind (402)]
Resolve Stack: Uthros Research Craft (395) - Ai(4)-Kilo Helm Final puts three charge counters on Uthros Research Craft (395).
Phase: Ai(4)-Kilo Helm Final's End step
Phase: Ai(4)-Kilo Helm Final's Cleanup step
Turn: Turn 43 (Ai(2)-Wyleth Voltron B3)
Phase: Ai(2)-Wyleth Voltron B3's Untap step
Phase: Ai(2)-Wyleth Voltron B3's Upkeep step
Phase: Ai(2)-Wyleth Voltron B3's Draw step
Phase: Ai(2)-Wyleth Voltron B3's Main phase, precombat
Land: Ai(2)-Wyleth Voltron B3 played Command Tower (113)
Mana: Plains (161) - {T}: Add {W}.
Mana: Plains (163) - {T}: Add {W}.
Add To Stack: Ai(2)-Wyleth Voltron B3 activated Bloodforged Battle-Axe targeting [Wyleth, Soul of Steel (200)]
Resolve Stack: Bloodforged Battle-Axe (423) -  Attach to Wyleth, Soul of Steel (200)
Phase: Ai(2)-Wyleth Voltron B3's Beginning of Combat Step
Phase: Ai(2)-Wyleth Voltron B3's Declare Attackers Step
Combat: Ai(2)-Wyleth Voltron B3 assigned Wyleth, Soul of Steel (200) to attack Ai(4)-Kilo Helm Final.
Add To Stack: Ai(2)-Wyleth Voltron B3 triggered Wyleth, Soul of Steel
Resolve Stack: Whenever Wyleth, Soul of Steel attacks, draw a card for each Aura and Equipment attached to it. [Attacker: Wyleth, Soul of Steel (200)]
Phase: Ai(2)-Wyleth Voltron B3's Declare Blockers Step
Combat: Ai(4)-Kilo Helm Final didn't block Wyleth, Soul of Steel (200).
Phase: Ai(2)-Wyleth Voltron B3's First Strike Damage Step
Phase: Ai(2)-Wyleth Voltron B3's Combat Damage Step
Damage: Wyleth, Soul of Steel (200) deals 17 combat damage to Ai(4)-Kilo Helm Final.
Life: Life: Ai(2)-Wyleth Voltron B3 47 > 64
Life: Life: Ai(4)-Kilo Helm Final 30 > 13
Add To Stack: Ai(2)-Wyleth Voltron B3 triggered Bloodforged Battle-Axe
Add To Stack: Ai(2)-Wyleth Voltron B3 triggered Bloodforged Battle-Axe
Add To Stack: Ai(2)-Wyleth Voltron B3 triggered Bloodforged Battle-Axe
Add To Stack: Ai(2)-Wyleth Voltron B3 triggered Bloodforged Battle-Axe
Resolve Stack: Whenever equipped creature deals combat damage to a player, create a token that's a copy of Bloodforged Battle-Axe. [Damage Source: Wyleth, Soul of Steel (200), Damaged: Ai(4)-Kilo Helm Final, Amount: 17]
Add To Stack: Ai(2)-Wyleth Voltron B3 triggered Hammer of Nazahn targeting [Wyleth, Soul of Steel (200)]
Resolve Stack: Whenever Hammer of Nazahn or another Equipment you control enters, you may attach that Equipment to target creature you control. (Targeting: [[Wyleth, Soul of Steel (200)]]) [Zone Changer: Bloodforged Battle-Axe (425)]
Resolve Stack: Whenever equipped creature deals combat damage to a player, create a token that's a copy of Bloodforged Battle-Axe. [Damage Source: Wyleth, Soul of Steel (200), Damaged: Ai(4)-Kilo Helm Final, Amount: 17]
Add To Stack: Ai(2)-Wyleth Voltron B3 triggered Hammer of Nazahn targeting [Wyleth, Soul of Steel (200)]
Resolve Stack: Whenever Hammer of Nazahn or another Equipment you control enters, you may attach that Equipment to target creature you control. (Targeting: [[Wyleth, Soul of Steel (200)]]) [Zone Changer: Bloodforged Battle-Axe (427)]
Resolve Stack: Whenever equipped creature deals combat damage to a player, create a token that's a copy of Bloodforged Battle-Axe. [Damage Source: Wyleth, Soul of Steel (200), Damaged: Ai(4)-Kilo Helm Final, Amount: 17]
Add To Stack: Ai(2)-Wyleth Voltron B3 triggered Hammer of Nazahn targeting [Wyleth, Soul of Steel (200)]
Resolve Stack: Whenever Hammer of Nazahn or another Equipment you control enters, you may attach that Equipment to target creature you control. (Targeting: [[Wyleth, Soul of Steel (200)]]) [Zone Changer: Bloodforged Battle-Axe (429)]
Resolve Stack: Whenever equipped creature deals combat damage to a player, create a token that's a copy of Bloodforged Battle-Axe. [Damage Source: Wyleth, Soul of Steel (200), Damaged: Ai(4)-Kilo Helm Final, Amount: 17]
Add To Stack: Ai(2)-Wyleth Voltron B3 triggered Hammer of Nazahn targeting [Wyleth, Soul of Steel (200)]
Resolve Stack: Whenever Hammer of Nazahn or another Equipment you control enters, you may attach that Equipment to target creature you control. (Targeting: [[Wyleth, Soul of Steel (200)]]) [Zone Changer: Bloodforged Battle-Axe (431)]
Phase: Ai(2)-Wyleth Voltron B3's End of Combat Step
Phase: Ai(2)-Wyleth Voltron B3's Main phase, postcombat
Mana: Plains (157) - {T}: Add {W}.
Mana: Plains (160) - {T}: Add {W}.
Mana: Mountain (182) - {T}: Add {R}.
Mana: Mountain (189) - {T}: Add {R}.
Mana: Temple of Triumph (174) - {T}: Add {R} or {W}.
Add To Stack: Ai(2)-Wyleth Voltron B3 cast Stonehewer Giant
Resolve Stack: Stonehewer Giant - Creature 4 / 4
Mana: Wind-Scarred Crag (130) - {T}: Add {R} or {W}.
Mana: Command Tower (113) - {T}: Add one mana of any color in your commander's color identity.
Add To Stack: Ai(2)-Wyleth Voltron B3 cast Puresteel Paladin
Resolve Stack: Puresteel Paladin - Creature 2 / 2
Mana: Rogue's Passage (120) - {T}: Add {C}.
Mana: Hanweir Battlements (142) - {T}: Add {C}.
Add To Stack: Ai(2)-Wyleth Voltron B3 cast Swiftfoot Boots
Resolve Stack: Swiftfoot Boots
Add To Stack: Ai(2)-Wyleth Voltron B3 triggered Hammer of Nazahn targeting [Puresteel Paladin (126)]
Add To Stack: Ai(2)-Wyleth Voltron B3 triggered Puresteel Paladin
Resolve Stack: Whenever an Equipment you control enters, you may draw a card. [Zone Changer: Swiftfoot Boots (109)]
Resolve Stack: Whenever Hammer of Nazahn or another Equipment you control enters, you may attach that Equipment to target creature you control. (Targeting: [[Puresteel Paladin (126)]]) [Zone Changer: Swiftfoot Boots (109)]
Phase: Ai(2)-Wyleth Voltron B3's End step
Phase: Ai(2)-Wyleth Voltron B3's Cleanup step
Discard: Ai(2)-Wyleth Voltron B3 discards Plains (152).
Discard: Ai(2)-Wyleth Voltron B3 discards Plains (155).
Turn: Turn 44 (Ai(3)-Drana Vampires)
Phase: Ai(3)-Drana Vampires' Untap step
Phase: Ai(3)-Drana Vampires' Upkeep step
Phase: Ai(3)-Drana Vampires' Draw step
Phase: Ai(3)-Drana Vampires' Main phase, precombat
Phase: Ai(3)-Drana Vampires' Beginning of Combat Step
Phase: Ai(3)-Drana Vampires' Declare Attackers Step
Phase: Ai(3)-Drana Vampires' Declare Blockers Step
Phase: Ai(3)-Drana Vampires' First Strike Damage Step
Phase: Ai(3)-Drana Vampires' Combat Damage Step
Phase: Ai(3)-Drana Vampires' End of Combat Step
Phase: Ai(3)-Drana Vampires' Main phase, postcombat
Land: Ai(3)-Drana Vampires played Swamp (279)
Phase: Ai(3)-Drana Vampires' End step
Phase: Ai(3)-Drana Vampires' Cleanup step
Turn: Turn 45 (Ai(2)-Wyleth Voltron B3)
Phase: Ai(2)-Wyleth Voltron B3's Untap step
Phase: Ai(2)-Wyleth Voltron B3's Upkeep step
Phase: Ai(2)-Wyleth Voltron B3's Draw step
Phase: Ai(2)-Wyleth Voltron B3's Main phase, precombat
Replacement Effect: Clifftop Retreat enters tapped unless you control a Mountain or a Plains.
Land: Ai(2)-Wyleth Voltron B3 played Clifftop Retreat (128)
Mana: Plains (161) - {T}: Add {W}.
Mana: Plains (163) - {T}: Add {W}.
Mana: Plains (157) - {T}: Add {W}.
Mana: Plains (160) - {T}: Add {W}.
Add To Stack: Ai(2)-Wyleth Voltron B3 activated Rogue's Passage targeting [Stonehewer Giant (121)]
Resolve Stack: Rogue's Passage (120) - Stonehewer Giant (121) can't be blocked this turn.
Phase: Ai(2)-Wyleth Voltron B3's Beginning of Combat Step
Phase: Ai(2)-Wyleth Voltron B3's Declare Attackers Step
Combat: Ai(2)-Wyleth Voltron B3 assigned Wyleth, Soul of Steel (200) and Stonehewer Giant (121) to attack Ai(3)-Drana Vampires.
Add To Stack: Ai(2)-Wyleth Voltron B3 triggered Wyleth, Soul of Steel
Resolve Stack: Whenever Wyleth, Soul of Steel attacks, draw a card for each Aura and Equipment attached to it. [Attacker: Wyleth, Soul of Steel (200)]
Phase: Ai(2)-Wyleth Voltron B3's Declare Blockers Step
Combat: Ai(3)-Drana Vampires assigned Drana, Liberator of Malakir (301) to block Wyleth, Soul of Steel (200).
Ai(3)-Drana Vampires didn't block Stonehewer Giant (121).
Mana: Temple of Triumph (174) - {T}: Add {R} or {W}.
Mana: Mountain (182) - {T}: Add {R}.
Add To Stack: Ai(2)-Wyleth Voltron B3 activated Stonehewer Giant
Resolve Stack: Stonehewer Giant (121) - Ai(2)-Wyleth Voltron B3 searches their library for a Card.Equipment+YouOwn card, puts it onto the battlefield, then shuffles.
Add To Stack: Ai(2)-Wyleth Voltron B3 triggered Hammer of Nazahn targeting [Puresteel Paladin (126)]
Add To Stack: Ai(2)-Wyleth Voltron B3 triggered Puresteel Paladin
Resolve Stack: Whenever an Equipment you control enters, you may draw a card. [Zone Changer: Sword of Hearth and Home (193)]
Resolve Stack: Whenever Hammer of Nazahn or another Equipment you control enters, you may attach that Equipment to target creature you control. (Targeting: [[Puresteel Paladin (126)]]) [Zone Changer: Sword of Hearth and Home (193)]
Mana: Wind-Scarred Crag (130) - {T}: Add {R} or {W}.
Add To Stack: Ai(2)-Wyleth Voltron B3 cast Path to Exile targeting [Drana, Liberator of Malakir (301)]
Zone Change: Drana, Liberator of Malakir (301) was put into Exile from Battlefield.
Resolve Stack: Path to Exile (108) - Exile Drana, Liberator of Malakir (301). Ai(3)-Drana Vampires may search their library for a basic land card, put that card onto the battlefield tapped, then shuffle their library. 
Phase: Ai(2)-Wyleth Voltron B3's First Strike Damage Step
Phase: Ai(2)-Wyleth Voltron B3's Combat Damage Step
Damage: Wyleth, Soul of Steel (200) deals 25 combat damage to Ai(3)-Drana Vampires.
Life: Life: Ai(2)-Wyleth Voltron B3 64 > 89
Damage: Stonehewer Giant (121) deals 4 combat damage to Ai(3)-Drana Vampires.
Life: Life: Ai(3)-Drana Vampires 74 > 45
Player Control: Ai(1)-Wilhelt Zombies B3 has restored control over themself
Player Control: Ai(2)-Wyleth Voltron B3 has restored control over themself
Player Control: Ai(3)-Drana Vampires has restored control over themself
Player Control: Ai(4)-Kilo Helm Final has restored control over themself
Game Outcome: Turn 23
Game Outcome: Ai(1)-Wilhelt Zombies B3 has lost because life total reached 0
Game Outcome: Ai(2)-Wyleth Voltron B3 has won because all opponents have lost
Game Outcome: Ai(3)-Drana Vampires has lost due to accumulation of 21 damage from generals
Game Outcome: Ai(4)-Kilo Helm Final has lost due to accumulation of 21 damage from generals
Match Result: Ai(1)-Wilhelt Zombies B3: 0 Ai(2)-Wyleth Voltron B3: 1 Ai(3)-Drana Vampires: 0 Ai(4)-Kilo Helm Final: 3 

Game Result: Game 4 ended in 27336 ms. Ai(2)-Wyleth Voltron B3 has won!

