Error handling registered!
18:47:49 [INFO ] GuiBase: ##########################################
18:47:49 [INFO ] GuiBase: APP: Forge v.2.0.13-SNAPSHOT-06.22
18:47:49 [INFO ] GuiBase: Java: 17.0.20 (Homebrew)
18:47:49 [INFO ] GuiBase: OS: Mac OS X 15.7.7 aarch64
18:47:49 [INFO ] GuiBase: RAM: 4096 MB max, 12 CPUs
18:47:49 [INFO ] GuiBase: ##########################################
Language 'en-US' loaded successfully.
(ThreadUtil first call): Running with priority 5
Read cards: 33319 archived files in 0 ms (25 parts) using thread pool
Upcoming set Star Trek (TRK) dated in the future. All `upcoming` cards will be added to this set with unknown rarity.
The card A-Alrund's Epiphany was not assigned to any set. Adding it to UNKNOWN set... to fix see res/editions/ folder. 
The card A-Baba Lysaga, Night Witch was not assigned to any set. Adding it to UNKNOWN set... to fix see res/editions/ folder. 
The card A-Divide by Zero was not assigned to any set. Adding it to UNKNOWN set... to fix see res/editions/ folder. 
The card A-Esika's Chariot was not assigned to any set. Adding it to UNKNOWN set... to fix see res/editions/ folder. 
The card A-Faceless Haven was not assigned to any set. Adding it to UNKNOWN set... to fix see res/editions/ folder. 
The card A-Fires of Invention was not assigned to any set. Adding it to UNKNOWN set... to fix see res/editions/ folder. 
The card A-Goldspan Dragon was not assigned to any set. Adding it to UNKNOWN set... to fix see res/editions/ folder. 
The card A-Hullbreaker Horror was not assigned to any set. Adding it to UNKNOWN set... to fix see res/editions/ folder. 
The card A-Kumano Faces Kakkazan was not assigned to any set. Adding it to UNKNOWN set... to fix see res/editions/ folder. 
The card A-Luminarch Aspirant was not assigned to any set. Adding it to UNKNOWN set... to fix see res/editions/ folder. 
The card A-Monster Manual was not assigned to any set. Adding it to UNKNOWN set... to fix see res/editions/ folder. 
The card A-Omnath, Locus of Creation was not assigned to any set. Adding it to UNKNOWN set... to fix see res/editions/ folder. 
The card A-The Meathook Massacre was not assigned to any set. Adding it to UNKNOWN set... to fix see res/editions/ folder. 
The card A-Unholy Heat was not assigned to any set. Adding it to UNKNOWN set... to fix see res/editions/ folder. 
The card Blinding Radiance was not assigned to any set. Adding it to UNKNOWN set... to fix see res/editions/ folder. 
The card Goblin Bruiser was not assigned to any set. Adding it to UNKNOWN set... to fix see res/editions/ folder. 
The card Ogre Painbringer was not assigned to any set. Adding it to UNKNOWN set... to fix see res/editions/ folder. 
The card Titanic Pelagosaur was not assigned to any set. Adding it to UNKNOWN set... to fix see res/editions/ folder. 
The card Treetop Recluse was not assigned to any set. Adding it to UNKNOWN set... to fix see res/editions/ folder. 
Upcoming set Star Trek (TRK) dated in the future. All `upcoming` cards will be added to this set with unknown rarity.
Read cards: 821 files in 0 ms (8 parts) using thread pool
Simulation mode
An unsupported card was requested: "Empty the Laboratories" from "null". 

Forge could not find this card in the Database. Any chance you might have mistyped the card name?
An unsupported card was requested: "Empty the Laboratories" from "[N.A.]". 

Forge could not find this card in the Database. Any chance you might have mistyped the card name?
Ai(1)-Kilo Helm Final vs Ai(2)-Wilhelt Zombies B3 vs Ai(3)-Wyleth Voltron B3 vs Ai(4)-Drana Vampires - eight games of Commander
Warning: default (ie. inherited from base class) implementation of confirmAction is used by Drana, Liberator of Malakir for forge.ai.ability.PermanentCreatureAi. Consider declaring an overloaded method
Warning: default (ie. inherited from base class) implementation of confirmAction is used by Kilo, Apogee Mind for forge.ai.ability.PermanentCreatureAi. Consider declaring an overloaded method
Warning: default (ie. inherited from base class) implementation of confirmAction is used by Wilhelt, the Rotcleaver for forge.ai.ability.PermanentCreatureAi. Consider declaring an overloaded method
Warning: default (ie. inherited from base class) implementation of confirmAction is used by Wyleth, Soul of Steel for forge.ai.ability.PermanentCreatureAi. Consider declaring an overloaded method
Warning: default (ie. inherited from base class) implementation of confirmAction is used by Kilo, Apogee Mind for forge.ai.ability.PermanentCreatureAi. Consider declaring an overloaded method
Warning: default (ie. inherited from base class) implementation of confirmAction is used by Drana, Liberator of Malakir for forge.ai.ability.PermanentCreatureAi. Consider declaring an overloaded method
Warning: default (ie. inherited from base class) implementation of confirmAction is used by Wyleth, Soul of Steel for forge.ai.ability.PermanentCreatureAi. Consider declaring an overloaded method
Warning: default (ie. inherited from base class) implementation of confirmAction is used by Kilo, Apogee Mind for forge.ai.ability.PermanentCreatureAi. Consider declaring an overloaded method
Warning: default (ie. inherited from base class) implementation of confirmAction is used by Wilhelt, the Rotcleaver for forge.ai.ability.PermanentCreatureAi. Consider declaring an overloaded method
Warning: default (ie. inherited from base class) implementation of confirmAction is used by Drana, Liberator of Malakir for forge.ai.ability.PermanentCreatureAi. Consider declaring an overloaded method
Active player is no longer in the game...
java.util.concurrent.ExecutionException: java.lang.NullPointerException: Cannot invoke "forge.game.card.CounterType.is(forge.game.card.CounterEnumType)" because "type" is null
	at java.base/java.util.concurrent.FutureTask.report(FutureTask.java:122)
	at java.base/java.util.concurrent.FutureTask.get(FutureTask.java:205)
	at forge.ai.AiController.chooseSpellAbilityToPlayFromList(AiController.java:1680)
	at forge.ai.AiController.getSpellAbilityToPlay(AiController.java:1569)
	at forge.ai.AiController.chooseSpellAbilityToPlay(AiController.java:1389)
	at forge.ai.PlayerControllerAi.chooseSpellAbilityToPlay(PlayerControllerAi.java:833)
	at forge.game.phase.PhaseHandler.mainLoopStep(PhaseHandler.java:1063)
	at forge.game.phase.PhaseHandler.mainGameLoop(PhaseHandler.java:1042)
	at forge.game.phase.PhaseHandler.startFirstTurn(PhaseHandler.java:1036)
	at forge.game.GameAction.startGame(GameAction.java:2373)
	at forge.game.Match.startGame(Match.java:92)
	at forge.game.Match.startGame(Match.java:77)
	at forge.view.SimulateMatch.lambda$simulateSingleMatch$0(SimulateMatch.java:182)
	at forge.view.TimeLimitedCodeBlock.lambda$runWithTimeout$0(TimeLimitedCodeBlock.java:18)
	at java.base/java.util.concurrent.FutureTask.run(FutureTask.java:264)
	at java.base/java.util.concurrent.ThreadPoolExecutor.runWorker(ThreadPoolExecutor.java:1136)
	at java.base/java.util.concurrent.ThreadPoolExecutor$Worker.run(ThreadPoolExecutor.java:635)
	at java.base/java.lang.Thread.run(Thread.java:840)
Caused by: java.lang.NullPointerException: Cannot invoke "forge.game.card.CounterType.is(forge.game.card.CounterEnumType)" because "type" is null
	at forge.ai.ComputerUtilCost.checkRemoveCounterCost(ComputerUtilCost.java:100)
	at forge.ai.SpellAbilityAi.willPayCosts(SpellAbilityAi.java:389)
	at forge.ai.SpellAbilityAi.canPlayWithoutRestrict(SpellAbilityAi.java:105)
	at forge.ai.SpellAbilityAi.canPlay(SpellAbilityAi.java:76)
	at forge.ai.SpellAbilityAi.canPlayWithSubs(SpellAbilityAi.java:55)
	at forge.ai.AiController.canPlaySa(AiController.java:911)
	at forge.ai.AiController.canPlayAndPayForFace(AiController.java:855)
	at forge.ai.AiController.canPlayAndPayFor(AiController.java:833)
	at forge.ai.AiController.lambda$chooseSpellAbilityToPlayFromList$9(AiController.java:1661)
	at java.base/java.util.concurrent.FutureTask.run(FutureTask.java:264)
	... 1 more
java.util.concurrent.ExecutionException: java.lang.NullPointerException: Cannot invoke "forge.game.card.CounterType.is(forge.game.card.CounterEnumType)" because "type" is null
	at java.base/java.util.concurrent.FutureTask.report(FutureTask.java:122)
	at java.base/java.util.concurrent.FutureTask.get(FutureTask.java:205)
	at forge.ai.AiController.chooseSpellAbilityToPlayFromList(AiController.java:1680)
	at forge.ai.AiController.getSpellAbilityToPlay(AiController.java:1569)
	at forge.ai.AiController.chooseSpellAbilityToPlay(AiController.java:1389)
	at forge.ai.PlayerControllerAi.chooseSpellAbilityToPlay(PlayerControllerAi.java:833)
	at forge.game.phase.PhaseHandler.mainLoopStep(PhaseHandler.java:1063)
	at forge.game.phase.PhaseHandler.mainGameLoop(PhaseHandler.java:1042)
	at forge.game.phase.PhaseHandler.startFirstTurn(PhaseHandler.java:1036)
	at forge.game.GameAction.startGame(GameAction.java:2373)
	at forge.game.Match.startGame(Match.java:92)
	at forge.game.Match.startGame(Match.java:77)
	at forge.view.SimulateMatch.lambda$simulateSingleMatch$0(SimulateMatch.java:182)
	at forge.view.TimeLimitedCodeBlock.lambda$runWithTimeout$0(TimeLimitedCodeBlock.java:18)
	at java.base/java.util.concurrent.FutureTask.run(FutureTask.java:264)
	at java.base/java.util.concurrent.ThreadPoolExecutor.runWorker(ThreadPoolExecutor.java:1136)
	at java.base/java.util.concurrent.ThreadPoolExecutor$Worker.run(ThreadPoolExecutor.java:635)
	at java.base/java.lang.Thread.run(Thread.java:840)
Caused by: java.lang.NullPointerException: Cannot invoke "forge.game.card.CounterType.is(forge.game.card.CounterEnumType)" because "type" is null
	at forge.ai.ComputerUtilCost.checkRemoveCounterCost(ComputerUtilCost.java:100)
	at forge.ai.SpellAbilityAi.willPayCosts(SpellAbilityAi.java:389)
	at forge.ai.SpellAbilityAi.canPlayWithoutRestrict(SpellAbilityAi.java:105)
	at forge.ai.SpellAbilityAi.canPlay(SpellAbilityAi.java:76)
	at forge.ai.SpellAbilityAi.canPlayWithSubs(SpellAbilityAi.java:55)
	at forge.ai.AiController.canPlaySa(AiController.java:911)
	at forge.ai.AiController.canPlayAndPayForFace(AiController.java:855)
	at forge.ai.AiController.canPlayAndPayFor(AiController.java:833)
	at forge.ai.AiController.lambda$chooseSpellAbilityToPlayFromList$9(AiController.java:1661)
	at java.base/java.util.concurrent.FutureTask.run(FutureTask.java:264)
	... 1 more
java.util.concurrent.ExecutionException: java.lang.NullPointerException: Cannot invoke "forge.game.card.CounterType.is(forge.game.card.CounterEnumType)" because "type" is null
	at java.base/java.util.concurrent.FutureTask.report(FutureTask.java:122)
	at java.base/java.util.concurrent.FutureTask.get(FutureTask.java:205)
	at forge.ai.AiController.chooseSpellAbilityToPlayFromList(AiController.java:1680)
	at forge.ai.AiController.getSpellAbilityToPlay(AiController.java:1569)
	at forge.ai.AiController.chooseSpellAbilityToPlay(AiController.java:1389)
	at forge.ai.PlayerControllerAi.chooseSpellAbilityToPlay(PlayerControllerAi.java:833)
	at forge.game.phase.PhaseHandler.mainLoopStep(PhaseHandler.java:1063)
	at forge.game.phase.PhaseHandler.mainGameLoop(PhaseHandler.java:1042)
	at forge.game.phase.PhaseHandler.startFirstTurn(PhaseHandler.java:1036)
	at forge.game.GameAction.startGame(GameAction.java:2373)
	at forge.game.Match.startGame(Match.java:92)
	at forge.game.Match.startGame(Match.java:77)
	at forge.view.SimulateMatch.lambda$simulateSingleMatch$0(SimulateMatch.java:182)
	at forge.view.TimeLimitedCodeBlock.lambda$runWithTimeout$0(TimeLimitedCodeBlock.java:18)
	at java.base/java.util.concurrent.FutureTask.run(FutureTask.java:264)
	at java.base/java.util.concurrent.ThreadPoolExecutor.runWorker(ThreadPoolExecutor.java:1136)
	at java.base/java.util.concurrent.ThreadPoolExecutor$Worker.run(ThreadPoolExecutor.java:635)
	at java.base/java.lang.Thread.run(Thread.java:840)
Caused by: java.lang.NullPointerException: Cannot invoke "forge.game.card.CounterType.is(forge.game.card.CounterEnumType)" because "type" is null
	at forge.ai.ComputerUtilCost.checkRemoveCounterCost(ComputerUtilCost.java:100)
	at forge.ai.SpellAbilityAi.willPayCosts(SpellAbilityAi.java:389)
	at forge.ai.SpellAbilityAi.canPlayWithoutRestrict(SpellAbilityAi.java:105)
	at forge.ai.SpellAbilityAi.canPlay(SpellAbilityAi.java:76)
	at forge.ai.SpellAbilityAi.canPlayWithSubs(SpellAbilityAi.java:55)
	at forge.ai.AiController.canPlaySa(AiController.java:911)
	at forge.ai.AiController.canPlayAndPayForFace(AiController.java:855)
	at forge.ai.AiController.canPlayAndPayFor(AiController.java:833)
	at forge.ai.AiController.lambda$chooseSpellAbilityToPlayFromList$9(AiController.java:1661)
	at java.base/java.util.concurrent.FutureTask.run(FutureTask.java:264)
	... 1 more
java.util.concurrent.ExecutionException: java.lang.NullPointerException: Cannot invoke "forge.game.card.CounterType.is(forge.game.card.CounterEnumType)" because "type" is null
	at java.base/java.util.concurrent.FutureTask.report(FutureTask.java:122)
	at java.base/java.util.concurrent.FutureTask.get(FutureTask.java:205)
	at forge.ai.AiController.chooseSpellAbilityToPlayFromList(AiController.java:1680)
	at forge.ai.AiController.getSpellAbilityToPlay(AiController.java:1569)
	at forge.ai.AiController.chooseSpellAbilityToPlay(AiController.java:1389)
	at forge.ai.PlayerControllerAi.chooseSpellAbilityToPlay(PlayerControllerAi.java:833)
	at forge.game.phase.PhaseHandler.mainLoopStep(PhaseHandler.java:1063)
	at forge.game.phase.PhaseHandler.mainGameLoop(PhaseHandler.java:1042)
	at forge.game.phase.PhaseHandler.startFirstTurn(PhaseHandler.java:1036)
	at forge.game.GameAction.startGame(GameAction.java:2373)
	at forge.game.Match.startGame(Match.java:92)
	at forge.game.Match.startGame(Match.java:77)
	at forge.view.SimulateMatch.lambda$simulateSingleMatch$0(SimulateMatch.java:182)
	at forge.view.TimeLimitedCodeBlock.lambda$runWithTimeout$0(TimeLimitedCodeBlock.java:18)
	at java.base/java.util.concurrent.FutureTask.run(FutureTask.java:264)
	at java.base/java.util.concurrent.ThreadPoolExecutor.runWorker(ThreadPoolExecutor.java:1136)
	at java.base/java.util.concurrent.ThreadPoolExecutor$Worker.run(ThreadPoolExecutor.java:635)
	at java.base/java.lang.Thread.run(Thread.java:840)
Caused by: java.lang.NullPointerException: Cannot invoke "forge.game.card.CounterType.is(forge.game.card.CounterEnumType)" because "type" is null
	at forge.ai.ComputerUtilCost.checkRemoveCounterCost(ComputerUtilCost.java:100)
	at forge.ai.SpellAbilityAi.willPayCosts(SpellAbilityAi.java:389)
	at forge.ai.SpellAbilityAi.canPlayWithoutRestrict(SpellAbilityAi.java:105)
	at forge.ai.SpellAbilityAi.canPlay(SpellAbilityAi.java:76)
	at forge.ai.SpellAbilityAi.canPlayWithSubs(SpellAbilityAi.java:55)
	at forge.ai.AiController.canPlaySa(AiController.java:911)
	at forge.ai.AiController.canPlayAndPayForFace(AiController.java:855)
	at forge.ai.AiController.canPlayAndPayFor(AiController.java:833)
	at forge.ai.AiController.lambda$chooseSpellAbilityToPlayFromList$9(AiController.java:1661)
	at java.base/java.util.concurrent.FutureTask.run(FutureTask.java:264)
	... 1 more
java.util.concurrent.ExecutionException: java.lang.NullPointerException: Cannot invoke "forge.game.card.CounterType.is(forge.game.card.CounterEnumType)" because "type" is null
	at java.base/java.util.concurrent.FutureTask.report(FutureTask.java:122)
	at java.base/java.util.concurrent.FutureTask.get(FutureTask.java:205)
	at forge.ai.AiController.chooseSpellAbilityToPlayFromList(AiController.java:1680)
	at forge.ai.AiController.getSpellAbilityToPlay(AiController.java:1569)
	at forge.ai.AiController.chooseSpellAbilityToPlay(AiController.java:1389)
	at forge.ai.PlayerControllerAi.chooseSpellAbilityToPlay(PlayerControllerAi.java:833)
	at forge.game.phase.PhaseHandler.mainLoopStep(PhaseHandler.java:1063)
	at forge.game.phase.PhaseHandler.mainGameLoop(PhaseHandler.java:1042)
	at forge.game.phase.PhaseHandler.startFirstTurn(PhaseHandler.java:1036)
	at forge.game.GameAction.startGame(GameAction.java:2373)
	at forge.game.Match.startGame(Match.java:92)
	at forge.game.Match.startGame(Match.java:77)
	at forge.view.SimulateMatch.lambda$simulateSingleMatch$0(SimulateMatch.java:182)
	at forge.view.TimeLimitedCodeBlock.lambda$runWithTimeout$0(TimeLimitedCodeBlock.java:18)
	at java.base/java.util.concurrent.FutureTask.run(FutureTask.java:264)
	at java.base/java.util.concurrent.ThreadPoolExecutor.runWorker(ThreadPoolExecutor.java:1136)
	at java.base/java.util.concurrent.ThreadPoolExecutor$Worker.run(ThreadPoolExecutor.java:635)
	at java.base/java.lang.Thread.run(Thread.java:840)
Caused by: java.lang.NullPointerException: Cannot invoke "forge.game.card.CounterType.is(forge.game.card.CounterEnumType)" because "type" is null
	at forge.ai.ComputerUtilCost.checkRemoveCounterCost(ComputerUtilCost.java:100)
	at forge.ai.SpellAbilityAi.willPayCosts(SpellAbilityAi.java:389)
	at forge.ai.SpellAbilityAi.canPlayWithoutRestrict(SpellAbilityAi.java:105)
	at forge.ai.SpellAbilityAi.canPlay(SpellAbilityAi.java:76)
	at forge.ai.SpellAbilityAi.canPlayWithSubs(SpellAbilityAi.java:55)
	at forge.ai.AiController.canPlaySa(AiController.java:911)
	at forge.ai.AiController.canPlayAndPayForFace(AiController.java:855)
	at forge.ai.AiController.canPlayAndPayFor(AiController.java:833)
	at forge.ai.AiController.lambda$chooseSpellAbilityToPlayFromList$9(AiController.java:1661)
	at java.base/java.util.concurrent.FutureTask.run(FutureTask.java:264)
	... 1 more
Mulligan: Ai(3)-Wyleth Voltron B3 has mulliganed down to 7 cards.
Mulligan: Ai(2)-Wilhelt Zombies B3 has kept a hand of 7 cards
Mulligan: Ai(3)-Wyleth Voltron B3 has kept a hand of 7 cards
Mulligan: Ai(4)-Drana Vampires has kept a hand of 7 cards
Mulligan: Ai(1)-Kilo Helm Final has kept a hand of 7 cards
Turn: Turn 1 (Ai(2)-Wilhelt Zombies B3)
Phase: Ai(2)-Wilhelt Zombies B3's Untap step
Phase: Ai(2)-Wilhelt Zombies B3's Upkeep step
Phase: Ai(2)-Wilhelt Zombies B3's Draw step
Phase: Ai(2)-Wilhelt Zombies B3's Main phase, precombat
Replacement Effect: Sunken Hollow enters tapped unless you control two or more basic lands.
Land: Ai(2)-Wilhelt Zombies B3 played Sunken Hollow (119)
Phase: Ai(2)-Wilhelt Zombies B3's Beginning of Combat Step
Phase: Ai(2)-Wilhelt Zombies B3's Declare Attackers Step
Phase: Ai(2)-Wilhelt Zombies B3's Declare Blockers Step
Phase: Ai(2)-Wilhelt Zombies B3's First Strike Damage Step
Phase: Ai(2)-Wilhelt Zombies B3's Combat Damage Step
Phase: Ai(2)-Wilhelt Zombies B3's End of Combat Step
Phase: Ai(2)-Wilhelt Zombies B3's Main phase, postcombat
Phase: Ai(2)-Wilhelt Zombies B3's End step
Phase: Ai(2)-Wilhelt Zombies B3's Cleanup step
Turn: Turn 2 (Ai(3)-Wyleth Voltron B3)
Phase: Ai(3)-Wyleth Voltron B3's Untap step
Phase: Ai(3)-Wyleth Voltron B3's Upkeep step
Phase: Ai(3)-Wyleth Voltron B3's Draw step
Phase: Ai(3)-Wyleth Voltron B3's Main phase, precombat
Replacement Effect: Temple of Triumph enters tapped.
Land: Ai(3)-Wyleth Voltron B3 played Temple of Triumph (275)
Add To Stack: Ai(3)-Wyleth Voltron B3 triggered Temple of Triumph
Resolve Stack: Ai(3)-Wyleth Voltron B3 scried 1 card(s) to the top of the library
Resolve Stack: When Temple of Triumph enters, scry 1. [Zone Changer: Temple of Triumph (275)]
Phase: Ai(3)-Wyleth Voltron B3's Beginning of Combat Step
Phase: Ai(3)-Wyleth Voltron B3's Declare Attackers Step
Phase: Ai(3)-Wyleth Voltron B3's Declare Blockers Step
Phase: Ai(3)-Wyleth Voltron B3's First Strike Damage Step
Phase: Ai(3)-Wyleth Voltron B3's Combat Damage Step
Phase: Ai(3)-Wyleth Voltron B3's End of Combat Step
Phase: Ai(3)-Wyleth Voltron B3's Main phase, postcombat
Phase: Ai(3)-Wyleth Voltron B3's End step
Phase: Ai(3)-Wyleth Voltron B3's Cleanup step
Turn: Turn 3 (Ai(4)-Drana Vampires)
Phase: Ai(4)-Drana Vampires' Untap step
Phase: Ai(4)-Drana Vampires' Upkeep step
Phase: Ai(4)-Drana Vampires' Draw step
Phase: Ai(4)-Drana Vampires' Main phase, precombat
Land: Ai(4)-Drana Vampires played Swamp (367)
Phase: Ai(4)-Drana Vampires' Beginning of Combat Step
Phase: Ai(4)-Drana Vampires' Declare Attackers Step
Phase: Ai(4)-Drana Vampires' Declare Blockers Step
Phase: Ai(4)-Drana Vampires' First Strike Damage Step
Phase: Ai(4)-Drana Vampires' Combat Damage Step
Phase: Ai(4)-Drana Vampires' End of Combat Step
Phase: Ai(4)-Drana Vampires' Main phase, postcombat
Phase: Ai(4)-Drana Vampires' End step
Phase: Ai(4)-Drana Vampires' Cleanup step
Turn: Turn 4 (Ai(1)-Kilo Helm Final)
Phase: Ai(1)-Kilo Helm Final's Untap step
Phase: Ai(1)-Kilo Helm Final's Upkeep step
Phase: Ai(1)-Kilo Helm Final's Draw step
Phase: Ai(1)-Kilo Helm Final's Main phase, precombat
Replacement Effect: Razortide Bridge enters tapped.
Land: Ai(1)-Kilo Helm Final played Razortide Bridge (21)
Phase: Ai(1)-Kilo Helm Final's Beginning of Combat Step
Phase: Ai(1)-Kilo Helm Final's Declare Attackers Step
Phase: Ai(1)-Kilo Helm Final's Declare Blockers Step
Phase: Ai(1)-Kilo Helm Final's First Strike Damage Step
Phase: Ai(1)-Kilo Helm Final's Combat Damage Step
Phase: Ai(1)-Kilo Helm Final's End of Combat Step
Phase: Ai(1)-Kilo Helm Final's Main phase, postcombat
Phase: Ai(1)-Kilo Helm Final's End step
Phase: Ai(1)-Kilo Helm Final's Cleanup step
Turn: Turn 5 (Ai(2)-Wilhelt Zombies B3)
Phase: Ai(2)-Wilhelt Zombies B3's Untap step
Phase: Ai(2)-Wilhelt Zombies B3's Upkeep step
Phase: Ai(2)-Wilhelt Zombies B3's Draw step
Phase: Ai(2)-Wilhelt Zombies B3's Main phase, precombat
Land: Ai(2)-Wilhelt Zombies B3 played Command Tower (113)
Phase: Ai(2)-Wilhelt Zombies B3's Beginning of Combat Step
Phase: Ai(2)-Wilhelt Zombies B3's Declare Attackers Step
Phase: Ai(2)-Wilhelt Zombies B3's Declare Blockers Step
Phase: Ai(2)-Wilhelt Zombies B3's First Strike Damage Step
Phase: Ai(2)-Wilhelt Zombies B3's Combat Damage Step
Phase: Ai(2)-Wilhelt Zombies B3's End of Combat Step
Phase: Ai(2)-Wilhelt Zombies B3's Main phase, postcombat
Mana: Command Tower (113) - {T}: Add one mana of any color in your commander's color identity.
Mana: Sunken Hollow (119) - {T}: Add {B}.
Add To Stack: Ai(2)-Wilhelt Zombies B3 cast Mind Stone
Resolve Stack: Mind Stone
Phase: Ai(2)-Wilhelt Zombies B3's End step
Phase: Ai(2)-Wilhelt Zombies B3's Cleanup step
Turn: Turn 6 (Ai(3)-Wyleth Voltron B3)
Phase: Ai(3)-Wyleth Voltron B3's Untap step
Phase: Ai(3)-Wyleth Voltron B3's Upkeep step
Phase: Ai(3)-Wyleth Voltron B3's Draw step
Phase: Ai(3)-Wyleth Voltron B3's Main phase, precombat
Land: Ai(3)-Wyleth Voltron B3 played Rogue's Passage (221)
Phase: Ai(3)-Wyleth Voltron B3's Beginning of Combat Step
Phase: Ai(3)-Wyleth Voltron B3's Declare Attackers Step
Phase: Ai(3)-Wyleth Voltron B3's Declare Blockers Step
Phase: Ai(3)-Wyleth Voltron B3's First Strike Damage Step
Phase: Ai(3)-Wyleth Voltron B3's Combat Damage Step
Phase: Ai(3)-Wyleth Voltron B3's End of Combat Step
Phase: Ai(3)-Wyleth Voltron B3's Main phase, postcombat
Mana: Temple of Triumph (275) - {T}: Add {R} or {W}.
Mana: Rogue's Passage (221) - {T}: Add {C}.
Add To Stack: Ai(3)-Wyleth Voltron B3 cast Lightning Greaves
Resolve Stack: Lightning Greaves
Phase: Ai(3)-Wyleth Voltron B3's End step
Phase: Ai(3)-Wyleth Voltron B3's Cleanup step
Turn: Turn 7 (Ai(4)-Drana Vampires)
Phase: Ai(4)-Drana Vampires' Untap step
Phase: Ai(4)-Drana Vampires' Upkeep step
Phase: Ai(4)-Drana Vampires' Draw step
Phase: Ai(4)-Drana Vampires' Main phase, precombat
Land: Ai(4)-Drana Vampires played Swamp (380)
Phase: Ai(4)-Drana Vampires' Beginning of Combat Step
Phase: Ai(4)-Drana Vampires' Declare Attackers Step
Phase: Ai(4)-Drana Vampires' Declare Blockers Step
Phase: Ai(4)-Drana Vampires' First Strike Damage Step
Phase: Ai(4)-Drana Vampires' Combat Damage Step
Phase: Ai(4)-Drana Vampires' End of Combat Step
Phase: Ai(4)-Drana Vampires' Main phase, postcombat
Phase: Ai(4)-Drana Vampires' End step
Phase: Ai(4)-Drana Vampires' Cleanup step
Turn: Turn 8 (Ai(1)-Kilo Helm Final)
Phase: Ai(1)-Kilo Helm Final's Untap step
Phase: Ai(1)-Kilo Helm Final's Upkeep step
Phase: Ai(1)-Kilo Helm Final's Draw step
Phase: Ai(1)-Kilo Helm Final's Main phase, precombat
Land: Ai(1)-Kilo Helm Final played Shivan Reef (34)
Phase: Ai(1)-Kilo Helm Final's Beginning of Combat Step
Phase: Ai(1)-Kilo Helm Final's Declare Attackers Step
Phase: Ai(1)-Kilo Helm Final's Declare Blockers Step
Phase: Ai(1)-Kilo Helm Final's First Strike Damage Step
Phase: Ai(1)-Kilo Helm Final's Combat Damage Step
Phase: Ai(1)-Kilo Helm Final's End of Combat Step
Phase: Ai(1)-Kilo Helm Final's Main phase, postcombat
Mana: Razortide Bridge (21) - {T}: Add {W} or {U}.
Mana: Shivan Reef (34) - {T}: Add {C}.
Add To Stack: Ai(1)-Kilo Helm Final cast Hangarback Walker
Replacement Effect: Hangarback Walker enters with X +1/+1 counters on it.
Resolve Stack: Hangarback Walker - Creature 0 / 0 (X=1)
Phase: Ai(1)-Kilo Helm Final's End step
Phase: Ai(1)-Kilo Helm Final's Cleanup step
Turn: Turn 9 (Ai(2)-Wilhelt Zombies B3)
Phase: Ai(2)-Wilhelt Zombies B3's Untap step
Phase: Ai(2)-Wilhelt Zombies B3's Upkeep step
Phase: Ai(2)-Wilhelt Zombies B3's Draw step
Phase: Ai(2)-Wilhelt Zombies B3's Main phase, precombat
Land: Ai(2)-Wilhelt Zombies B3 played Island (145)
Phase: Ai(2)-Wilhelt Zombies B3's Beginning of Combat Step
Phase: Ai(2)-Wilhelt Zombies B3's Declare Attackers Step
Mana: Swamp (367) - {T}: Add {B}.
Mana: Swamp (380) - {T}: Add {B}.
Add To Stack: Ai(4)-Drana Vampires cast Doom Blade targeting [Hangarback Walker (70)]
Zone Change: Hangarback Walker (70) was put into Graveyard from Battlefield.
Resolve Stack: Doom Blade (334) - Destroy Hangarback Walker (70).
Add To Stack: Ai(1)-Kilo Helm Final triggered Hangarback Walker
Resolve Stack: When Hangarback Walker dies, create a 1/1 colorless Thopter artifact creature token with flying for each +1/+1 counter on Hangarback Walker. [Zone Changer: Hangarback Walker (70)]
Phase: Ai(2)-Wilhelt Zombies B3's Declare Blockers Step
Phase: Ai(2)-Wilhelt Zombies B3's First Strike Damage Step
Phase: Ai(2)-Wilhelt Zombies B3's Combat Damage Step
Phase: Ai(2)-Wilhelt Zombies B3's End of Combat Step
Phase: Ai(2)-Wilhelt Zombies B3's Main phase, postcombat
Mana: Command Tower (113) - {T}: Add one mana of any color in your commander's color identity.
Mana: Island (145) - {T}: Add {U}.
Mana: Sunken Hollow (119) - {T}: Add {B}.
Mana: Mind Stone (107) - {T}: Add {C}.
Add To Stack: Ai(2)-Wilhelt Zombies B3 cast Wilhelt, the Rotcleaver
Resolve Stack: Wilhelt, the Rotcleaver - Creature 3 / 3
Phase: Ai(2)-Wilhelt Zombies B3's End step
Add To Stack: Ai(2)-Wilhelt Zombies B3 triggered Wilhelt, the Rotcleaver
Resolve Stack: At the beginning of your end step, you may sacrifice a Zombie. If you do, draw a card. [Phase: Ai(2)-Wilhelt Zombies B3]
Phase: Ai(2)-Wilhelt Zombies B3's Cleanup step
Turn: Turn 10 (Ai(3)-Wyleth Voltron B3)
Phase: Ai(3)-Wyleth Voltron B3's Untap step
Phase: Ai(3)-Wyleth Voltron B3's Upkeep step
Phase: Ai(3)-Wyleth Voltron B3's Draw step
Mana: Temple of Triumph (275) - {T}: Add {R} or {W}.
Mana: Rogue's Passage (221) - {T}: Add {C}.
Add To Stack: Ai(3)-Wyleth Voltron B3 cast Abrade
Zone Change: Thopter Token (408) was put into Graveyard from Battlefield.
Resolve Stack: Abrade (247) -  Destroy target artifact. (Targeting: Thopter Token (408))
Phase: Ai(3)-Wyleth Voltron B3's Main phase, precombat
Land: Ai(3)-Wyleth Voltron B3 played Slayers' Stronghold (271)
Phase: Ai(3)-Wyleth Voltron B3's Beginning of Combat Step
Phase: Ai(3)-Wyleth Voltron B3's Declare Attackers Step
Phase: Ai(3)-Wyleth Voltron B3's Declare Blockers Step
Phase: Ai(3)-Wyleth Voltron B3's First Strike Damage Step
Phase: Ai(3)-Wyleth Voltron B3's Combat Damage Step
Phase: Ai(3)-Wyleth Voltron B3's End of Combat Step
Phase: Ai(3)-Wyleth Voltron B3's Main phase, postcombat
Phase: Ai(3)-Wyleth Voltron B3's End step
Phase: Ai(3)-Wyleth Voltron B3's Cleanup step
Turn: Turn 11 (Ai(4)-Drana Vampires)
Phase: Ai(4)-Drana Vampires' Untap step
Phase: Ai(4)-Drana Vampires' Upkeep step
Phase: Ai(4)-Drana Vampires' Draw step
Phase: Ai(4)-Drana Vampires' Main phase, precombat
Land: Ai(4)-Drana Vampires played Swamp (385)
Phase: Ai(4)-Drana Vampires' Beginning of Combat Step
Phase: Ai(4)-Drana Vampires' Declare Attackers Step
Phase: Ai(4)-Drana Vampires' Declare Blockers Step
Phase: Ai(4)-Drana Vampires' First Strike Damage Step
Phase: Ai(4)-Drana Vampires' Combat Damage Step
Phase: Ai(4)-Drana Vampires' End of Combat Step
Phase: Ai(4)-Drana Vampires' Main phase, postcombat
Mana: Swamp (367) - {T}: Add {B}.
Mana: Swamp (380) - {T}: Add {B}.
Mana: Swamp (385) - {T}: Add {B}.
Add To Stack: Ai(4)-Drana Vampires cast Drana, Liberator of Malakir
Resolve Stack: Drana, Liberator of Malakir - Creature 2 / 3
Phase: Ai(4)-Drana Vampires' End step
Phase: Ai(4)-Drana Vampires' Cleanup step
Turn: Turn 12 (Ai(1)-Kilo Helm Final)
Phase: Ai(1)-Kilo Helm Final's Untap step
Phase: Ai(1)-Kilo Helm Final's Upkeep step
Phase: Ai(1)-Kilo Helm Final's Draw step
Phase: Ai(1)-Kilo Helm Final's Main phase, precombat
Land: Ai(1)-Kilo Helm Final played Cascade Bluffs (22)
Phase: Ai(1)-Kilo Helm Final's Beginning of Combat Step
Phase: Ai(1)-Kilo Helm Final's Declare Attackers Step
Phase: Ai(1)-Kilo Helm Final's Declare Blockers Step
Phase: Ai(1)-Kilo Helm Final's First Strike Damage Step
Phase: Ai(1)-Kilo Helm Final's Combat Damage Step
Phase: Ai(1)-Kilo Helm Final's End of Combat Step
Phase: Ai(1)-Kilo Helm Final's Main phase, postcombat
Mana: Razortide Bridge (21) - {T}: Add {W} or {U}.
Add To Stack: Ai(1)-Kilo Helm Final cast Enlightened Tutor
Resolve Stack: Enlightened Tutor (66) - Ai(1)-Kilo Helm Final searches their library for an artifact or enchantment card, reveals it, puts it , then shuffles.
Phase: Ai(1)-Kilo Helm Final's End step
Phase: Ai(1)-Kilo Helm Final's Cleanup step
Turn: Turn 13 (Ai(2)-Wilhelt Zombies B3)
Phase: Ai(2)-Wilhelt Zombies B3's Untap step
Phase: Ai(2)-Wilhelt Zombies B3's Upkeep step
Phase: Ai(2)-Wilhelt Zombies B3's Draw step
Phase: Ai(2)-Wilhelt Zombies B3's Main phase, precombat
Land: Ai(2)-Wilhelt Zombies B3 played Swamp (180)
Phase: Ai(2)-Wilhelt Zombies B3's Beginning of Combat Step
Phase: Ai(2)-Wilhelt Zombies B3's Declare Attackers Step
Combat: Ai(2)-Wilhelt Zombies B3 assigned Wilhelt, the Rotcleaver (200) to attack Ai(4)-Drana Vampires.
Phase: Ai(2)-Wilhelt Zombies B3's Declare Blockers Step
Combat: Ai(4)-Drana Vampires didn't block Wilhelt, the Rotcleaver (200).
Phase: Ai(2)-Wilhelt Zombies B3's First Strike Damage Step
Phase: Ai(2)-Wilhelt Zombies B3's Combat Damage Step
Damage: Wilhelt, the Rotcleaver (200) deals 3 combat damage to Ai(4)-Drana Vampires.
Life: Life: Ai(4)-Drana Vampires 40 > 37
Phase: Ai(2)-Wilhelt Zombies B3's End of Combat Step
Phase: Ai(2)-Wilhelt Zombies B3's Main phase, postcombat
Mana: Swamp (180) - {T}: Add {B}.
Mana: Island (145) - {T}: Add {U}.
Mana: Command Tower (113) - {T}: Add one mana of any color in your commander's color identity.
Add To Stack: Ai(2)-Wilhelt Zombies B3 cast Midnight Reaper
Resolve Stack: Midnight Reaper - Creature 3 / 2
Phase: Ai(2)-Wilhelt Zombies B3's End step
Add To Stack: Ai(2)-Wilhelt Zombies B3 triggered Wilhelt, the Rotcleaver
Resolve Stack: At the beginning of your end step, you may sacrifice a Zombie. If you do, draw a card. [Phase: Ai(2)-Wilhelt Zombies B3]
Phase: Ai(2)-Wilhelt Zombies B3's Cleanup step
Turn: Turn 14 (Ai(3)-Wyleth Voltron B3)
Phase: Ai(3)-Wyleth Voltron B3's Untap step
Phase: Ai(3)-Wyleth Voltron B3's Upkeep step
Phase: Ai(3)-Wyleth Voltron B3's Draw step
Phase: Ai(3)-Wyleth Voltron B3's Main phase, precombat
Land: Ai(3)-Wyleth Voltron B3 played Plains (266)
Mana: Temple of Triumph (275) - {T}: Add {R} or {W}.
Mana: Plains (266) - {T}: Add {W}.
Mana: Rogue's Passage (221) - {T}: Add {C}.
Add To Stack: Ai(3)-Wyleth Voltron B3 cast Wyleth, Soul of Steel
Resolve Stack: Wyleth, Soul of Steel - Creature 2 / 2
Add To Stack: Ai(3)-Wyleth Voltron B3 activated Lightning Greaves targeting [Wyleth, Soul of Steel (301)]
Resolve Stack: Lightning Greaves (295) -  Attach to Wyleth, Soul of Steel (301)
Phase: Ai(3)-Wyleth Voltron B3's Beginning of Combat Step
Phase: Ai(3)-Wyleth Voltron B3's Declare Attackers Step
Phase: Ai(3)-Wyleth Voltron B3's Declare Blockers Step
Phase: Ai(3)-Wyleth Voltron B3's First Strike Damage Step
Phase: Ai(3)-Wyleth Voltron B3's Combat Damage Step
Phase: Ai(3)-Wyleth Voltron B3's End of Combat Step
Phase: Ai(3)-Wyleth Voltron B3's Main phase, postcombat
Phase: Ai(3)-Wyleth Voltron B3's End step
Phase: Ai(3)-Wyleth Voltron B3's Cleanup step
Turn: Turn 15 (Ai(4)-Drana Vampires)
Phase: Ai(4)-Drana Vampires' Untap step
Phase: Ai(4)-Drana Vampires' Upkeep step
Phase: Ai(4)-Drana Vampires' Draw step
Phase: Ai(4)-Drana Vampires' Main phase, precombat
Land: Ai(4)-Drana Vampires played Swamp (377)
Phase: Ai(4)-Drana Vampires' Beginning of Combat Step
Phase: Ai(4)-Drana Vampires' Declare Attackers Step
Combat: Ai(4)-Drana Vampires assigned Drana, Liberator of Malakir (402) to attack Ai(2)-Wilhelt Zombies B3.
Phase: Ai(4)-Drana Vampires' Declare Blockers Step
Combat: Ai(2)-Wilhelt Zombies B3 didn't block Drana, Liberator of Malakir (402).
Phase: Ai(4)-Drana Vampires' First Strike Damage Step
Damage: Drana, Liberator of Malakir (402) deals 2 combat damage to Ai(2)-Wilhelt Zombies B3.
Life: Life: Ai(2)-Wilhelt Zombies B3 40 > 38
Add To Stack: Ai(4)-Drana Vampires triggered Drana, Liberator of Malakir
Resolve Stack: Whenever Drana, Liberator of Malakir deals combat damage to a player, put a +1/+1 counter on each attacking creature you control. [Damage Source: Drana, Liberator of Malakir (402), Damaged: Ai(2)-Wilhelt Zombies B3, Amount: 2]
Mana: Swamp (367) - {T}: Add {B}.
Mana: Swamp (380) - {T}: Add {B}.
Mana: Swamp (385) - {T}: Add {B}.
Mana: Swamp (377) - {T}: Add {B}.
Add To Stack: Ai(4)-Drana Vampires cast Tendrils of Corruption targeting [Wilhelt, the Rotcleaver (200)]
Damage: Shivan Reef (34) deals 1 non-combat damage to Ai(1)-Kilo Helm Final.
Life: Life: Ai(1)-Kilo Helm Final 40 > 39
Mana: Shivan Reef (34) - {T}: Add {U} or {R}. Shivan Reef deals 1 damage to you. 
Add To Stack: Ai(1)-Kilo Helm Final cast Swan Song targeting [Tendrils of Corruption deals X damage to target creature and you gain X life, where X is the number of Swamps you control. ]
Zone Change: Send countered spell to Graveyard
Resolve Stack: Swan Song (44) - Counter Tendrils of Corruption (346). 
Phase: Ai(4)-Drana Vampires' Combat Damage Step
Phase: Ai(4)-Drana Vampires' End of Combat Step
Phase: Ai(4)-Drana Vampires' Main phase, postcombat
Phase: Ai(4)-Drana Vampires' End step
Phase: Ai(4)-Drana Vampires' Cleanup step
Turn: Turn 16 (Ai(1)-Kilo Helm Final)
Phase: Ai(1)-Kilo Helm Final's Untap step
Phase: Ai(1)-Kilo Helm Final's Upkeep step
Phase: Ai(1)-Kilo Helm Final's Draw step
Phase: Ai(1)-Kilo Helm Final's Main phase, precombat
Phase: Ai(1)-Kilo Helm Final's Beginning of Combat Step
Phase: Ai(1)-Kilo Helm Final's Declare Attackers Step
Phase: Ai(1)-Kilo Helm Final's Declare Blockers Step
Phase: Ai(1)-Kilo Helm Final's First Strike Damage Step
Phase: Ai(1)-Kilo Helm Final's Combat Damage Step
Phase: Ai(1)-Kilo Helm Final's End of Combat Step
Phase: Ai(1)-Kilo Helm Final's Main phase, postcombat
Mana: Razortide Bridge (21) - {T}: Add {W} or {U}.
Mana: Cascade Bluffs (22) - {T}: Add {C}.
Discard: Ai(1)-Kilo Helm Final discards Angel of the Ruins (5).
Add To Stack: Ai(1)-Kilo Helm Final activated Angel of the Ruins
Resolve Stack: Angel of the Ruins (5) - Ai(1)-Kilo Helm Final searches their library for a Plains card, reveals it, puts it into their hand, then shuffles.
Replacement Effect: This land enters tapped unless you control two or more basic lands.
Land: Ai(1)-Kilo Helm Final played Radiant Summit (20)
Phase: Ai(1)-Kilo Helm Final's End step
Phase: Ai(1)-Kilo Helm Final's Cleanup step
Turn: Turn 17 (Ai(2)-Wilhelt Zombies B3)
Phase: Ai(2)-Wilhelt Zombies B3's Untap step
Phase: Ai(2)-Wilhelt Zombies B3's Upkeep step
Phase: Ai(2)-Wilhelt Zombies B3's Draw step
Phase: Ai(2)-Wilhelt Zombies B3's Main phase, precombat
Land: Ai(2)-Wilhelt Zombies B3 played Swamp (182)
Phase: Ai(2)-Wilhelt Zombies B3's Beginning of Combat Step
Phase: Ai(2)-Wilhelt Zombies B3's Declare Attackers Step
Combat: Ai(2)-Wilhelt Zombies B3 assigned Wilhelt, the Rotcleaver (200) to attack Ai(4)-Drana Vampires.
Phase: Ai(2)-Wilhelt Zombies B3's Declare Blockers Step
Combat: Ai(4)-Drana Vampires didn't block Wilhelt, the Rotcleaver (200).
Phase: Ai(2)-Wilhelt Zombies B3's First Strike Damage Step
Phase: Ai(2)-Wilhelt Zombies B3's Combat Damage Step
Damage: Wilhelt, the Rotcleaver (200) deals 3 combat damage to Ai(4)-Drana Vampires.
Life: Life: Ai(4)-Drana Vampires 37 > 34
Phase: Ai(2)-Wilhelt Zombies B3's End of Combat Step
Phase: Ai(2)-Wilhelt Zombies B3's Main phase, postcombat
Phase: Ai(2)-Wilhelt Zombies B3's End step
Add To Stack: Ai(2)-Wilhelt Zombies B3 triggered Wilhelt, the Rotcleaver
Resolve Stack: At the beginning of your end step, you may sacrifice a Zombie. If you do, draw a card. [Phase: Ai(2)-Wilhelt Zombies B3]
Phase: Ai(2)-Wilhelt Zombies B3's Cleanup step
Turn: Turn 18 (Ai(3)-Wyleth Voltron B3)
Phase: Ai(3)-Wyleth Voltron B3's Untap step
Phase: Ai(3)-Wyleth Voltron B3's Upkeep step
Phase: Ai(3)-Wyleth Voltron B3's Draw step
Phase: Ai(3)-Wyleth Voltron B3's Main phase, precombat
Land: Ai(3)-Wyleth Voltron B3 played Mountain (283)
Mana: Plains (266) - {T}: Add {W}.
Mana: Mountain (283) - {T}: Add {R}.
Add To Stack: Ai(3)-Wyleth Voltron B3 cast Swiftfoot Boots
Resolve Stack: Swiftfoot Boots
Phase: Ai(3)-Wyleth Voltron B3's Beginning of Combat Step
Phase: Ai(3)-Wyleth Voltron B3's Declare Attackers Step
Phase: Ai(3)-Wyleth Voltron B3's Declare Blockers Step
Phase: Ai(3)-Wyleth Voltron B3's First Strike Damage Step
Phase: Ai(3)-Wyleth Voltron B3's Combat Damage Step
Phase: Ai(3)-Wyleth Voltron B3's End of Combat Step
Phase: Ai(3)-Wyleth Voltron B3's Main phase, postcombat
Phase: Ai(3)-Wyleth Voltron B3's End step
Phase: Ai(3)-Wyleth Voltron B3's Cleanup step
Turn: Turn 19 (Ai(4)-Drana Vampires)
Phase: Ai(4)-Drana Vampires' Untap step
Phase: Ai(4)-Drana Vampires' Upkeep step
Phase: Ai(4)-Drana Vampires' Draw step
Phase: Ai(4)-Drana Vampires' Main phase, precombat
Land: Ai(4)-Drana Vampires played Swamp (391)
Phase: Ai(4)-Drana Vampires' Beginning of Combat Step
Phase: Ai(4)-Drana Vampires' Declare Attackers Step
Combat: Ai(4)-Drana Vampires assigned Drana, Liberator of Malakir (402) and Bird Token (412) to attack Ai(2)-Wilhelt Zombies B3.
Phase: Ai(4)-Drana Vampires' Declare Blockers Step
Combat: Ai(2)-Wilhelt Zombies B3 didn't block Drana, Liberator of Malakir (402).
Ai(2)-Wilhelt Zombies B3 didn't block Bird Token (412).
Phase: Ai(4)-Drana Vampires' First Strike Damage Step
Damage: Drana, Liberator of Malakir (402) deals 3 combat damage to Ai(2)-Wilhelt Zombies B3.
Life: Life: Ai(2)-Wilhelt Zombies B3 38 > 35
Add To Stack: Ai(4)-Drana Vampires triggered Drana, Liberator of Malakir
Resolve Stack: Whenever Drana, Liberator of Malakir deals combat damage to a player, put a +1/+1 counter on each attacking creature you control. [Damage Source: Drana, Liberator of Malakir (402), Damaged: Ai(2)-Wilhelt Zombies B3, Amount: 3]
Phase: Ai(4)-Drana Vampires' Combat Damage Step
Damage: Bird Token (412) deals 3 combat damage to Ai(2)-Wilhelt Zombies B3.
Life: Life: Ai(2)-Wilhelt Zombies B3 35 > 32
Phase: Ai(4)-Drana Vampires' End of Combat Step
Phase: Ai(4)-Drana Vampires' Main phase, postcombat
Mana: Swamp (367) - {T}: Add {B}.
Mana: Swamp (380) - {T}: Add {B}.
Mana: Swamp (385) - {T}: Add {B}.
Mana: Swamp (377) - {T}: Add {B}.
Mana: Swamp (391) - {T}: Add {B}.
Add To Stack: Ai(4)-Drana Vampires cast Black Market
Resolve Stack: Black Market
Phase: Ai(4)-Drana Vampires' End step
Phase: Ai(4)-Drana Vampires' Cleanup step
Turn: Turn 20 (Ai(1)-Kilo Helm Final)
Phase: Ai(1)-Kilo Helm Final's Untap step
Phase: Ai(1)-Kilo Helm Final's Upkeep step
Phase: Ai(1)-Kilo Helm Final's Draw step
Phase: Ai(1)-Kilo Helm Final's Main phase, precombat
Land: Ai(1)-Kilo Helm Final played Seat of the Synod (85)
Mana: Razortide Bridge (21) - {T}: Add {W} or {U}.
Mana: Radiant Summit (20) - {T}: Add {R}.
Mana: Seat of the Synod (85) - {T}: Add {U}.
Add To Stack: Ai(1)-Kilo Helm Final cast Kilo, Apogee Mind
Resolve Stack: Kilo, Apogee Mind - Creature 3 / 3
Phase: Ai(1)-Kilo Helm Final's Beginning of Combat Step
Phase: Ai(1)-Kilo Helm Final's Declare Attackers Step
Combat: Ai(1)-Kilo Helm Final assigned Kilo, Apogee Mind (100) to attack Ai(4)-Drana Vampires.
Add To Stack: Ai(1)-Kilo Helm Final triggered Kilo, Apogee Mind
Resolve Stack: Whenever Kilo becomes tapped, proliferate. (Choose any number of permanents and/or players, then give each another counter of each kind already there.) [Tapped: Kilo, Apogee Mind (100)]
Phase: Ai(1)-Kilo Helm Final's Declare Blockers Step
Combat: Ai(4)-Drana Vampires didn't block Kilo, Apogee Mind (100).
Phase: Ai(1)-Kilo Helm Final's First Strike Damage Step
Phase: Ai(1)-Kilo Helm Final's Combat Damage Step
Damage: Kilo, Apogee Mind (100) deals 3 combat damage to Ai(4)-Drana Vampires.
Life: Life: Ai(4)-Drana Vampires 34 > 31
Phase: Ai(1)-Kilo Helm Final's End of Combat Step
Phase: Ai(1)-Kilo Helm Final's Main phase, postcombat
Phase: Ai(1)-Kilo Helm Final's End step
Phase: Ai(1)-Kilo Helm Final's Cleanup step
Turn: Turn 21 (Ai(2)-Wilhelt Zombies B3)
Phase: Ai(2)-Wilhelt Zombies B3's Untap step
Phase: Ai(2)-Wilhelt Zombies B3's Upkeep step
Phase: Ai(2)-Wilhelt Zombies B3's Draw step
Phase: Ai(2)-Wilhelt Zombies B3's Main phase, precombat
Land: Ai(2)-Wilhelt Zombies B3 played Island (153)
Phase: Ai(2)-Wilhelt Zombies B3's Beginning of Combat Step
Phase: Ai(2)-Wilhelt Zombies B3's Declare Attackers Step
Combat: Ai(2)-Wilhelt Zombies B3 assigned Wilhelt, the Rotcleaver (200) and Midnight Reaper (163) to attack Ai(4)-Drana Vampires.
Phase: Ai(2)-Wilhelt Zombies B3's Declare Blockers Step
Combat: Ai(4)-Drana Vampires didn't block Wilhelt, the Rotcleaver (200).
Ai(4)-Drana Vampires didn't block Midnight Reaper (163).
Phase: Ai(2)-Wilhelt Zombies B3's First Strike Damage Step
Phase: Ai(2)-Wilhelt Zombies B3's Combat Damage Step
Damage: Wilhelt, the Rotcleaver (200) deals 3 combat damage to Ai(4)-Drana Vampires.
Damage: Midnight Reaper (163) deals 3 combat damage to Ai(4)-Drana Vampires.
Life: Life: Ai(4)-Drana Vampires 31 > 25
Phase: Ai(2)-Wilhelt Zombies B3's End of Combat Step
Phase: Ai(2)-Wilhelt Zombies B3's Main phase, postcombat
Phase: Ai(2)-Wilhelt Zombies B3's End step
Add To Stack: Ai(2)-Wilhelt Zombies B3 triggered Wilhelt, the Rotcleaver
Resolve Stack: At the beginning of your end step, you may sacrifice a Zombie. If you do, draw a card. [Phase: Ai(2)-Wilhelt Zombies B3]
Phase: Ai(2)-Wilhelt Zombies B3's Cleanup step
Turn: Turn 22 (Ai(3)-Wyleth Voltron B3)
Phase: Ai(3)-Wyleth Voltron B3's Untap step
Phase: Ai(3)-Wyleth Voltron B3's Upkeep step
Phase: Ai(3)-Wyleth Voltron B3's Draw step
Phase: Ai(3)-Wyleth Voltron B3's Main phase, precombat
Land: Ai(3)-Wyleth Voltron B3 played Plains (252)
Phase: Ai(3)-Wyleth Voltron B3's Beginning of Combat Step
Phase: Ai(3)-Wyleth Voltron B3's Declare Attackers Step
Combat: Ai(3)-Wyleth Voltron B3 assigned Wyleth, Soul of Steel (301) to attack Ai(4)-Drana Vampires.
Add To Stack: Ai(3)-Wyleth Voltron B3 triggered Wyleth, Soul of Steel
Resolve Stack: Whenever Wyleth, Soul of Steel attacks, draw a card for each Aura and Equipment attached to it. [Attacker: Wyleth, Soul of Steel (301)]
Phase: Ai(3)-Wyleth Voltron B3's Declare Blockers Step
Combat: Ai(4)-Drana Vampires didn't block Wyleth, Soul of Steel (301).
Phase: Ai(3)-Wyleth Voltron B3's First Strike Damage Step
Phase: Ai(3)-Wyleth Voltron B3's Combat Damage Step
Damage: Wyleth, Soul of Steel (301) deals 2 combat damage to Ai(4)-Drana Vampires.
Life: Life: Ai(4)-Drana Vampires 25 > 23
Phase: Ai(3)-Wyleth Voltron B3's End of Combat Step
Phase: Ai(3)-Wyleth Voltron B3's Main phase, postcombat
Mana: Plains (266) - {T}: Add {W}.
Mana: Plains (252) - {T}: Add {W}.
Mana: Mountain (283) - {T}: Add {R}.
Add To Stack: Ai(3)-Wyleth Voltron B3 cast Sword of Vengeance
Resolve Stack: Sword of Vengeance
Phase: Ai(3)-Wyleth Voltron B3's End step
Phase: Ai(3)-Wyleth Voltron B3's Cleanup step
Turn: Turn 23 (Ai(4)-Drana Vampires)
Phase: Ai(4)-Drana Vampires' Untap step
Phase: Ai(4)-Drana Vampires' Upkeep step
Phase: Ai(4)-Drana Vampires' Draw step
Phase: Ai(4)-Drana Vampires' Main phase, precombat
Add To Stack: Ai(4)-Drana Vampires triggered Black Market
Resolve Stack: At the beginning of your first main phase, add {B} for each charge counter on Black Market. [Phase: Ai(4)-Drana Vampires]
Phase: Ai(4)-Drana Vampires' Beginning of Combat Step
Phase: Ai(4)-Drana Vampires' Declare Attackers Step
Combat: Ai(4)-Drana Vampires assigned Drana, Liberator of Malakir (402) and Bird Token (412) to attack Ai(3)-Wyleth Voltron B3.
Phase: Ai(4)-Drana Vampires' Declare Blockers Step
Combat: Ai(3)-Wyleth Voltron B3 didn't block Drana, Liberator of Malakir (402).
Ai(3)-Wyleth Voltron B3 didn't block Bird Token (412).
Phase: Ai(4)-Drana Vampires' First Strike Damage Step
Damage: Drana, Liberator of Malakir (402) deals 4 combat damage to Ai(3)-Wyleth Voltron B3.
Life: Life: Ai(3)-Wyleth Voltron B3 40 > 36
Add To Stack: Ai(4)-Drana Vampires triggered Drana, Liberator of Malakir
Resolve Stack: Whenever Drana, Liberator of Malakir deals combat damage to a player, put a +1/+1 counter on each attacking creature you control. [Damage Source: Drana, Liberator of Malakir (402), Damaged: Ai(3)-Wyleth Voltron B3, Amount: 4]
Phase: Ai(4)-Drana Vampires' Combat Damage Step
Damage: Bird Token (412) deals 4 combat damage to Ai(3)-Wyleth Voltron B3.
Life: Life: Ai(3)-Wyleth Voltron B3 36 > 32
Phase: Ai(4)-Drana Vampires' End of Combat Step
Phase: Ai(4)-Drana Vampires' Main phase, postcombat
Land: Ai(4)-Drana Vampires played Swamp (386)
Mana: Swamp (367) - {T}: Add {B}.
Mana: Swamp (380) - {T}: Add {B}.
Mana: Swamp (385) - {T}: Add {B}.
Add To Stack: Ai(4)-Drana Vampires cast Barony Vampire
Resolve Stack: Barony Vampire - Creature 3 / 2
Phase: Ai(4)-Drana Vampires' End step
Phase: Ai(4)-Drana Vampires' Cleanup step
Turn: Turn 24 (Ai(1)-Kilo Helm Final)
Phase: Ai(1)-Kilo Helm Final's Untap step
Phase: Ai(1)-Kilo Helm Final's Upkeep step
Mana: Radiant Summit (20) - {T}: Add {R}.
Mana: Seat of the Synod (85) - {T}: Add {U}.
Mana: Razortide Bridge (21) - {T}: Add {W} or {U}.
Add To Stack: Ai(1)-Kilo Helm Final cast Chaos Warp targeting [Drana, Liberator of Malakir (402)]
Replacement Effect: If a commander would be put into its owner's hand or library from anywhere, its owner may put it into the command zone instead.
Resolve Stack: Chaos Warp (31) - Shuffle Drana, Liberator of Malakir (402) into its owner's library. Ai(1)-Kilo Helm Final reveals the top card of Ai(4)-Drana Vampires' library.
Phase: Ai(1)-Kilo Helm Final's Draw step
Phase: Ai(1)-Kilo Helm Final's Main phase, precombat
Phase: Ai(1)-Kilo Helm Final's Beginning of Combat Step
Phase: Ai(1)-Kilo Helm Final's Declare Attackers Step
Phase: Ai(1)-Kilo Helm Final's Declare Blockers Step
Phase: Ai(1)-Kilo Helm Final's First Strike Damage Step
Phase: Ai(1)-Kilo Helm Final's Combat Damage Step
Phase: Ai(1)-Kilo Helm Final's End of Combat Step
Phase: Ai(1)-Kilo Helm Final's Main phase, postcombat
Phase: Ai(1)-Kilo Helm Final's End step
Phase: Ai(1)-Kilo Helm Final's Cleanup step
Turn: Turn 25 (Ai(2)-Wilhelt Zombies B3)
Phase: Ai(2)-Wilhelt Zombies B3's Untap step
Phase: Ai(2)-Wilhelt Zombies B3's Upkeep step
Phase: Ai(2)-Wilhelt Zombies B3's Draw step
Phase: Ai(2)-Wilhelt Zombies B3's Main phase, precombat
Land: Ai(2)-Wilhelt Zombies B3 played Swamp (171)
Phase: Ai(2)-Wilhelt Zombies B3's Beginning of Combat Step
Phase: Ai(2)-Wilhelt Zombies B3's Declare Attackers Step
Phase: Ai(2)-Wilhelt Zombies B3's Declare Blockers Step
Phase: Ai(2)-Wilhelt Zombies B3's First Strike Damage Step
Phase: Ai(2)-Wilhelt Zombies B3's Combat Damage Step
Phase: Ai(2)-Wilhelt Zombies B3's End of Combat Step
Phase: Ai(2)-Wilhelt Zombies B3's Main phase, postcombat
Mana: Swamp (180) - {T}: Add {B}.
Mana: Swamp (182) - {T}: Add {B}.
Add To Stack: Ai(2)-Wilhelt Zombies B3 cast Undead Augur
Resolve Stack: Undead Augur - Creature 2 / 2
Phase: Ai(2)-Wilhelt Zombies B3's End step
Add To Stack: Ai(2)-Wilhelt Zombies B3 triggered Wilhelt, the Rotcleaver
Resolve Stack: At the beginning of your end step, you may sacrifice a Zombie. If you do, draw a card. [Phase: Ai(2)-Wilhelt Zombies B3]
Phase: Ai(2)-Wilhelt Zombies B3's Cleanup step
Turn: Turn 26 (Ai(3)-Wyleth Voltron B3)
Phase: Ai(3)-Wyleth Voltron B3's Untap step
Phase: Ai(3)-Wyleth Voltron B3's Upkeep step
Phase: Ai(3)-Wyleth Voltron B3's Draw step
Phase: Ai(3)-Wyleth Voltron B3's Main phase, precombat
Land: Ai(3)-Wyleth Voltron B3 played Mountain (292)
Mana: Plains (266) - {T}: Add {W}.
Mana: Plains (252) - {T}: Add {W}.
Add To Stack: Ai(3)-Wyleth Voltron B3 cast Puresteel Paladin
Resolve Stack: Puresteel Paladin - Creature 2 / 2
Add To Stack: Ai(3)-Wyleth Voltron B3 activated Swiftfoot Boots targeting [Puresteel Paladin (227)]
Resolve Stack: Swiftfoot Boots (210) -  Attach to Puresteel Paladin (227)
Add To Stack: Ai(3)-Wyleth Voltron B3 activated Sword of Vengeance targeting [Puresteel Paladin (227)]
Resolve Stack: Sword of Vengeance (225) -  Attach to Puresteel Paladin (227)
Phase: Ai(3)-Wyleth Voltron B3's Beginning of Combat Step
Phase: Ai(3)-Wyleth Voltron B3's Declare Attackers Step
Combat: Ai(3)-Wyleth Voltron B3 assigned Puresteel Paladin (227) to attack Ai(2)-Wilhelt Zombies B3.
Phase: Ai(3)-Wyleth Voltron B3's Declare Blockers Step
Combat: Ai(2)-Wilhelt Zombies B3 didn't block Puresteel Paladin (227).
Phase: Ai(3)-Wyleth Voltron B3's First Strike Damage Step
Damage: Puresteel Paladin (227) deals 4 combat damage to Ai(2)-Wilhelt Zombies B3.
Life: Life: Ai(2)-Wilhelt Zombies B3 32 > 28
Phase: Ai(3)-Wyleth Voltron B3's Combat Damage Step
Phase: Ai(3)-Wyleth Voltron B3's End of Combat Step
Phase: Ai(3)-Wyleth Voltron B3's Main phase, postcombat
Mana: Mountain (283) - {T}: Add {R}.
Mana: Mountain (292) - {T}: Add {R}.
Mana: Temple of Triumph (275) - {T}: Add {R} or {W}.
Add To Stack: Ai(3)-Wyleth Voltron B3 cast Wheel of Fortune
Discard: Ai(1)-Kilo Helm Final discards Cayth, Famed Mechanist (13).
Discard: Ai(1)-Kilo Helm Final discards Teferi's Protection (23).
Discard: Ai(1)-Kilo Helm Final discards Dispatch (16).
Discard: Ai(1)-Kilo Helm Final discards Deepglow Skate (15).
Discard: Ai(2)-Wilhelt Zombies B3 discards Wight of the Reliquary (135).
Discard: Ai(2)-Wilhelt Zombies B3 discards Plague Belcher (114).
Discard: Ai(2)-Wilhelt Zombies B3 discards Dimir Signet (104).
Discard: Ai(2)-Wilhelt Zombies B3 discards Island (151).
Discard: Ai(3)-Wyleth Voltron B3 discards Plains (256).
Discard: Ai(3)-Wyleth Voltron B3 discards Mountain (285).
Discard: Ai(4)-Drana Vampires discards Swamp (376).
Discard: Ai(4)-Drana Vampires discards Tragic Slip (335).
Discard: Ai(4)-Drana Vampires discards Swamp (373).
Resolve Stack: Wheel of Fortune (219) - Ai(3)-Wyleth Voltron B3, Ai(4)-Drana Vampires, Ai(1)-Kilo Helm Final and Ai(2)-Wilhelt Zombies B3 discard their hands. Ai(3)-Wyleth Voltron B3, Ai(4)-Drana Vampires, Ai(1)-Kilo Helm Final and Ai(2)-Wilhelt Zombies B3 each draw seven cards.
Phase: Ai(3)-Wyleth Voltron B3's End step
Phase: Ai(3)-Wyleth Voltron B3's Cleanup step
Turn: Turn 27 (Ai(4)-Drana Vampires)
Phase: Ai(4)-Drana Vampires' Untap step
Phase: Ai(4)-Drana Vampires' Upkeep step
Phase: Ai(4)-Drana Vampires' Draw step
Phase: Ai(4)-Drana Vampires' Main phase, precombat
Add To Stack: Ai(4)-Drana Vampires triggered Black Market
Resolve Stack: At the beginning of your first main phase, add {B} for each charge counter on Black Market. [Phase: Ai(4)-Drana Vampires]
Land: Ai(4)-Drana Vampires played Swamp (371)
Phase: Ai(4)-Drana Vampires' Beginning of Combat Step
Phase: Ai(4)-Drana Vampires' Declare Attackers Step
Combat: Ai(4)-Drana Vampires assigned Bird Token (412) to attack Ai(3)-Wyleth Voltron B3.
Phase: Ai(4)-Drana Vampires' Declare Blockers Step
Combat: Ai(3)-Wyleth Voltron B3 didn't block Bird Token (412).
Mana: Swamp (171) - {T}: Add {B}.
Mana: Island (145) - {T}: Add {U}.
Add To Stack: Ai(2)-Wilhelt Zombies B3 cast Go for the Throat targeting [Bird Token (412)]
Zone Change: Bird Token (412) was put into Graveyard from Battlefield.
Resolve Stack: Go for the Throat (155) - Destroy Bird Token (412).
Add To Stack: Ai(4)-Drana Vampires triggered Black Market
Resolve Stack: Whenever a creature dies, put a charge counter on Black Market. [Zone Changer: Bird Token (412)]
Phase: Ai(4)-Drana Vampires' First Strike Damage Step
Phase: Ai(4)-Drana Vampires' Combat Damage Step
Phase: Ai(4)-Drana Vampires' End of Combat Step
Phase: Ai(4)-Drana Vampires' Main phase, postcombat
Mana: Swamp (367) - {T}: Add {B}.
Mana: Swamp (380) - {T}: Add {B}.
Mana: Swamp (385) - {T}: Add {B}.
Mana: Swamp (377) - {T}: Add {B}.
Mana: Swamp (391) - {T}: Add {B}.
Add To Stack: Ai(4)-Drana Vampires cast Drana, Liberator of Malakir
Resolve Stack: Drana, Liberator of Malakir - Creature 2 / 3
Phase: Ai(4)-Drana Vampires' End step
Phase: Ai(4)-Drana Vampires' Cleanup step
Turn: Turn 28 (Ai(1)-Kilo Helm Final)
Phase: Ai(1)-Kilo Helm Final's Untap step
Phase: Ai(1)-Kilo Helm Final's Upkeep step
Mana: Razortide Bridge (21) - {T}: Add {W} or {U}.
Add To Stack: Ai(1)-Kilo Helm Final cast Swords to Plowshares targeting [Drana, Liberator of Malakir (402)]
Zone Change: Drana, Liberator of Malakir (402) was put into Exile from Battlefield.
Life: Life: Ai(4)-Drana Vampires 23 > 25
Resolve Stack: Swords to Plowshares (46) - Exile Drana, Liberator of Malakir (402). Ai(4)-Drana Vampires gains life equal to its power.
Phase: Ai(1)-Kilo Helm Final's Draw step
Phase: Ai(1)-Kilo Helm Final's Main phase, precombat
Land: Ai(1)-Kilo Helm Final played Rugged Prairie (40)
Phase: Ai(1)-Kilo Helm Final's Beginning of Combat Step
Phase: Ai(1)-Kilo Helm Final's Declare Attackers Step
Phase: Ai(1)-Kilo Helm Final's Declare Blockers Step
Phase: Ai(1)-Kilo Helm Final's First Strike Damage Step
Phase: Ai(1)-Kilo Helm Final's Combat Damage Step
Phase: Ai(1)-Kilo Helm Final's End of Combat Step
Phase: Ai(1)-Kilo Helm Final's Main phase, postcombat
Mana: Seat of the Synod (85) - {T}: Add {U}.
Damage: Shivan Reef (34) deals 1 non-combat damage to Ai(1)-Kilo Helm Final.
Life: Life: Ai(1)-Kilo Helm Final 39 > 38
Mana: Shivan Reef (34) - {T}: Add {U} or {R}. Shivan Reef deals 1 damage to you. 
Mana: Radiant Summit (20) - {T}: Add {R}.
Mana: Cascade Bluffs (22) - {T}: Add {C}.
Add To Stack: Ai(1)-Kilo Helm Final cast Tekuthal, Inquiry Dominus
Resolve Stack: Tekuthal, Inquiry Dominus - Creature 3 / 5
Phase: Ai(1)-Kilo Helm Final's End step
Phase: Ai(1)-Kilo Helm Final's Cleanup step
Turn: Turn 29 (Ai(2)-Wilhelt Zombies B3)
Phase: Ai(2)-Wilhelt Zombies B3's Untap step
Phase: Ai(2)-Wilhelt Zombies B3's Upkeep step
Phase: Ai(2)-Wilhelt Zombies B3's Draw step
Phase: Ai(2)-Wilhelt Zombies B3's Main phase, precombat
Land: Ai(2)-Wilhelt Zombies B3 played Island (154)
Mana: Swamp (180) - {T}: Add {B}.
Mana: Swamp (182) - {T}: Add {B}.
Mana: Swamp (171) - {T}: Add {B}.
Mana: Island (145) - {T}: Add {U}.
Add To Stack: Ai(2)-Wilhelt Zombies B3 cast Undead Warchief
Resolve Stack: Undead Warchief - Creature 1 / 1
Phase: Ai(2)-Wilhelt Zombies B3's Beginning of Combat Step
Phase: Ai(2)-Wilhelt Zombies B3's Declare Attackers Step
Phase: Ai(2)-Wilhelt Zombies B3's Declare Blockers Step
Phase: Ai(2)-Wilhelt Zombies B3's First Strike Damage Step
Phase: Ai(2)-Wilhelt Zombies B3's Combat Damage Step
Phase: Ai(2)-Wilhelt Zombies B3's End of Combat Step
Phase: Ai(2)-Wilhelt Zombies B3's Main phase, postcombat
Mana: Command Tower (113) - {T}: Add one mana of any color in your commander's color identity.
Mana: Island (153) - {T}: Add {U}.
Add To Stack: Ai(2)-Wilhelt Zombies B3 cast Gleaming Overseer
Resolve Stack: Gleaming Overseer - Creature 1 / 4
Add To Stack: Ai(2)-Wilhelt Zombies B3 triggered Gleaming Overseer
Resolve Stack: When Gleaming Overseer enters, amass Zombies 1. (Put a +1/+1 counter on an Army you control. If you don't control one, create a 0/0 black Zombie Army creature token first.) [Zone Changer: Gleaming Overseer (130)]
Mana: Sunken Hollow (119) - {T}: Add {B}.
Mana: Island (154) - {T}: Add {U}.
Add To Stack: Ai(2)-Wilhelt Zombies B3 cast Night's Whisper
Life: Life: Ai(2)-Wilhelt Zombies B3 28 > 26
Resolve Stack: Night's Whisper (105) - Ai(2)-Wilhelt Zombies B3 draws two cards. Ai(2)-Wilhelt Zombies B3 loses 2 life.
Phase: Ai(2)-Wilhelt Zombies B3's End step
Add To Stack: Ai(2)-Wilhelt Zombies B3 triggered Wilhelt, the Rotcleaver
Resolve Stack: At the beginning of your end step, you may sacrifice a Zombie. If you do, draw a card. [Phase: Ai(2)-Wilhelt Zombies B3]
Phase: Ai(2)-Wilhelt Zombies B3's Cleanup step
Turn: Turn 30 (Ai(3)-Wyleth Voltron B3)
Phase: Ai(3)-Wyleth Voltron B3's Untap step
Phase: Ai(3)-Wyleth Voltron B3's Upkeep step
Phase: Ai(3)-Wyleth Voltron B3's Draw step
Phase: Ai(3)-Wyleth Voltron B3's Main phase, precombat
Land: Ai(3)-Wyleth Voltron B3 played Mountain (279)
Mana: Plains (266) - {T}: Add {W}.
Mana: Mountain (283) - {T}: Add {R}.
Mana: Mountain (292) - {T}: Add {R}.
Add To Stack: Ai(3)-Wyleth Voltron B3 cast Danitha Capashen, Paragon
Resolve Stack: Danitha Capashen, Paragon - Creature 2 / 2
Mana: Mountain (279) - {T}: Add {R}.
Mana: Plains (252) - {T}: Add {W}.
Mana: Temple of Triumph (275) - {T}: Add {R} or {W}.
Add To Stack: Ai(3)-Wyleth Voltron B3 cast Hammer of Nazahn
Resolve Stack: Hammer of Nazahn
Add To Stack: Ai(3)-Wyleth Voltron B3 triggered Hammer of Nazahn targeting [Danitha Capashen, Paragon (300)]
Add To Stack: Ai(3)-Wyleth Voltron B3 triggered Puresteel Paladin
Resolve Stack: Whenever an Equipment you control enters, you may draw a card. [Zone Changer: Hammer of Nazahn (207)]
Resolve Stack: Whenever Hammer of Nazahn or another Equipment you control enters, you may attach that Equipment to target creature you control. (Targeting: [[Danitha Capashen, Paragon (300)]]) [Zone Changer: Hammer of Nazahn (207)]
Mana: Rogue's Passage (221) - {T}: Add {C}.
Mana: Slayers' Stronghold (271) - {T}: Add {C}.
Add To Stack: Ai(3)-Wyleth Voltron B3 cast Loxodon Warhammer
Resolve Stack: Loxodon Warhammer
Add To Stack: Ai(3)-Wyleth Voltron B3 triggered Hammer of Nazahn targeting [Puresteel Paladin (227)]
Add To Stack: Ai(3)-Wyleth Voltron B3 triggered Puresteel Paladin
Resolve Stack: Whenever an Equipment you control enters, you may draw a card. [Zone Changer: Loxodon Warhammer (299)]
Resolve Stack: Whenever Hammer of Nazahn or another Equipment you control enters, you may attach that Equipment to target creature you control. (Targeting: [[Puresteel Paladin (227)]]) [Zone Changer: Loxodon Warhammer (299)]
Add To Stack: Ai(3)-Wyleth Voltron B3 cast Colossus Hammer
Resolve Stack: Colossus Hammer
Add To Stack: Ai(3)-Wyleth Voltron B3 triggered Hammer of Nazahn targeting [Danitha Capashen, Paragon (300)]
Add To Stack: Ai(3)-Wyleth Voltron B3 triggered Puresteel Paladin
Resolve Stack: Whenever an Equipment you control enters, you may draw a card. [Zone Changer: Colossus Hammer (232)]
Resolve Stack: Whenever Hammer of Nazahn or another Equipment you control enters, you may attach that Equipment to target creature you control. (Targeting: [[Danitha Capashen, Paragon (300)]]) [Zone Changer: Colossus Hammer (232)]
Phase: Ai(3)-Wyleth Voltron B3's Beginning of Combat Step
Phase: Ai(3)-Wyleth Voltron B3's Declare Attackers Step
Combat: Ai(3)-Wyleth Voltron B3 assigned Puresteel Paladin (227) to attack Ai(2)-Wilhelt Zombies B3.
Phase: Ai(3)-Wyleth Voltron B3's Declare Blockers Step
Combat: Ai(2)-Wilhelt Zombies B3 didn't block Puresteel Paladin (227).
Phase: Ai(3)-Wyleth Voltron B3's First Strike Damage Step
Damage: Puresteel Paladin (227) deals 7 combat damage to Ai(2)-Wilhelt Zombies B3.
Life: Life: Ai(3)-Wyleth Voltron B3 32 > 39
Life: Life: Ai(2)-Wilhelt Zombies B3 26 > 19
Phase: Ai(3)-Wyleth Voltron B3's Combat Damage Step
Phase: Ai(3)-Wyleth Voltron B3's End of Combat Step
Phase: Ai(3)-Wyleth Voltron B3's Main phase, postcombat
Phase: Ai(3)-Wyleth Voltron B3's End step
Phase: Ai(3)-Wyleth Voltron B3's Cleanup step
Turn: Turn 31 (Ai(4)-Drana Vampires)
Phase: Ai(4)-Drana Vampires' Untap step
Phase: Ai(4)-Drana Vampires' Upkeep step
Phase: Ai(4)-Drana Vampires' Draw step
Phase: Ai(4)-Drana Vampires' Main phase, precombat
Add To Stack: Ai(4)-Drana Vampires triggered Black Market
Resolve Stack: At the beginning of your first main phase, add {B} for each charge counter on Black Market. [Phase: Ai(4)-Drana Vampires]
Land: Ai(4)-Drana Vampires played Swamp (372)
Mana: Swamp (367) - {T}: Add {B}.
Mana: Swamp (380) - {T}: Add {B}.
Mana: Swamp (385) - {T}: Add {B}.
Add To Stack: Ai(4)-Drana Vampires cast Languish
Resolve Stack: Languish (325) - All creatures get -4/-4 until end of turn.
Zone Change: Barony Vampire (312) was put into Graveyard from Battlefield.
Zone Change: Kilo, Apogee Mind (100) was put into Graveyard from Battlefield.
Zone Change: Wilhelt, the Rotcleaver (200) was put into Graveyard from Battlefield.
Zone Change: Midnight Reaper (163) was put into Graveyard from Battlefield.
Zone Change: Undead Augur (109) was put into Graveyard from Battlefield.
Zone Change: Undead Warchief (197) was put into Graveyard from Battlefield.
Zone Change: Zombie Army Token (419) was put into Graveyard from Battlefield.
Zone Change: Wyleth, Soul of Steel (301) was put into Graveyard from Battlefield.
Zone Change: Puresteel Paladin (227) was put into Graveyard from Battlefield.
Zone Change: Gleaming Overseer (130) was put into Graveyard from Battlefield.
Add To Stack: Ai(4)-Drana Vampires triggered Black Market
Add To Stack: Ai(4)-Drana Vampires triggered Black Market
Add To Stack: Ai(4)-Drana Vampires triggered Black Market
Add To Stack: Ai(4)-Drana Vampires triggered Black Market
Add To Stack: Ai(4)-Drana Vampires triggered Black Market
Add To Stack: Ai(4)-Drana Vampires triggered Black Market
Add To Stack: Ai(4)-Drana Vampires triggered Black Market
Add To Stack: Ai(4)-Drana Vampires triggered Black Market
Add To Stack: Ai(4)-Drana Vampires triggered Black Market
Add To Stack: Ai(4)-Drana Vampires triggered Black Market
Add To Stack: Ai(2)-Wilhelt Zombies B3 triggered Midnight Reaper
Add To Stack: Ai(2)-Wilhelt Zombies B3 triggered Midnight Reaper
Add To Stack: Ai(2)-Wilhelt Zombies B3 triggered Midnight Reaper
Add To Stack: Ai(2)-Wilhelt Zombies B3 triggered Midnight Reaper
Add To Stack: Ai(2)-Wilhelt Zombies B3 triggered Undead Augur
Add To Stack: Ai(2)-Wilhelt Zombies B3 triggered Undead Augur
Add To Stack: Ai(2)-Wilhelt Zombies B3 triggered Undead Augur
Add To Stack: Ai(2)-Wilhelt Zombies B3 triggered Undead Augur
Add To Stack: Ai(2)-Wilhelt Zombies B3 triggered Undead Augur
Add To Stack: Ai(2)-Wilhelt Zombies B3 triggered Wilhelt, the Rotcleaver
Add To Stack: Ai(2)-Wilhelt Zombies B3 triggered Wilhelt, the Rotcleaver
Add To Stack: Ai(2)-Wilhelt Zombies B3 triggered Wilhelt, the Rotcleaver
Add To Stack: Ai(2)-Wilhelt Zombies B3 triggered Wilhelt, the Rotcleaver
Resolve Stack: Whenever another Zombie you control dies, if it didn't have decayed, create a 2/2 black Zombie creature token with decayed. (It can't block. When it attacks, sacrifice it at end of combat.) [Zone Changer: Zombie Army Token (419)]
Resolve Stack: Whenever another Zombie you control dies, if it didn't have decayed, create a 2/2 black Zombie creature token with decayed. (It can't block. When it attacks, sacrifice it at end of combat.) [Zone Changer: Undead Warchief (197)]
Resolve Stack: Whenever another Zombie you control dies, if it didn't have decayed, create a 2/2 black Zombie creature token with decayed. (It can't block. When it attacks, sacrifice it at end of combat.) [Zone Changer: Undead Augur (109)]
Resolve Stack: Whenever another Zombie you control dies, if it didn't have decayed, create a 2/2 black Zombie creature token with decayed. (It can't block. When it attacks, sacrifice it at end of combat.) [Zone Changer: Midnight Reaper (163)]
Life: Life: Ai(2)-Wilhelt Zombies B3 19 > 18
Resolve Stack: Whenever Undead Augur or another Zombie you control dies, you draw a card and you lose 1 life. [Zone Changer: Zombie Army Token (419)]
Life: Life: Ai(2)-Wilhelt Zombies B3 18 > 17
Resolve Stack: Whenever Undead Augur or another Zombie you control dies, you draw a card and you lose 1 life. [Zone Changer: Undead Warchief (197)]
Life: Life: Ai(2)-Wilhelt Zombies B3 17 > 16
Resolve Stack: Whenever Undead Augur or another Zombie you control dies, you draw a card and you lose 1 life. [Zone Changer: Undead Augur (109)]
Life: Life: Ai(2)-Wilhelt Zombies B3 16 > 15
Resolve Stack: Whenever Undead Augur or another Zombie you control dies, you draw a card and you lose 1 life. [Zone Changer: Midnight Reaper (163)]
Life: Life: Ai(2)-Wilhelt Zombies B3 15 > 14
Resolve Stack: Whenever Undead Augur or another Zombie you control dies, you draw a card and you lose 1 life. [Zone Changer: Wilhelt, the Rotcleaver (200)]
Damage: Midnight Reaper (163) deals 1 non-combat damage to Ai(2)-Wilhelt Zombies B3.
Life: Life: Ai(2)-Wilhelt Zombies B3 14 > 13
Resolve Stack: Whenever a nontoken creature you control dies, Midnight Reaper deals 1 damage to you and you draw a card. [Zone Changer: Undead Warchief (197)]
Damage: Midnight Reaper (163) deals 1 non-combat damage to Ai(2)-Wilhelt Zombies B3.
Life: Life: Ai(2)-Wilhelt Zombies B3 13 > 12
Resolve Stack: Whenever a nontoken creature you control dies, Midnight Reaper deals 1 damage to you and you draw a card. [Zone Changer: Undead Augur (109)]
Damage: Midnight Reaper (163) deals 1 non-combat damage to Ai(2)-Wilhelt Zombies B3.
Life: Life: Ai(2)-Wilhelt Zombies B3 12 > 11
Resolve Stack: Whenever a nontoken creature you control dies, Midnight Reaper deals 1 damage to you and you draw a card. [Zone Changer: Midnight Reaper (163)]
Damage: Midnight Reaper (163) deals 1 non-combat damage to Ai(2)-Wilhelt Zombies B3.
Life: Life: Ai(2)-Wilhelt Zombies B3 11 > 10
Resolve Stack: Whenever a nontoken creature you control dies, Midnight Reaper deals 1 damage to you and you draw a card. [Zone Changer: Wilhelt, the Rotcleaver (200)]
Resolve Stack: Whenever a creature dies, put a charge counter on Black Market. [Zone Changer: Gleaming Overseer (130)]
Resolve Stack: Whenever a creature dies, put a charge counter on Black Market. [Zone Changer: Puresteel Paladin (227)]
Resolve Stack: Whenever a creature dies, put a charge counter on Black Market. [Zone Changer: Wyleth, Soul of Steel (301)]
Resolve Stack: Whenever a creature dies, put a charge counter on Black Market. [Zone Changer: Zombie Army Token (419)]
Resolve Stack: Whenever a creature dies, put a charge counter on Black Market. [Zone Changer: Undead Warchief (197)]
Resolve Stack: Whenever a creature dies, put a charge counter on Black Market. [Zone Changer: Undead Augur (109)]
Resolve Stack: Whenever a creature dies, put a charge counter on Black Market. [Zone Changer: Midnight Reaper (163)]
Resolve Stack: Whenever a creature dies, put a charge counter on Black Market. [Zone Changer: Wilhelt, the Rotcleaver (200)]
Resolve Stack: Whenever a creature dies, put a charge counter on Black Market. [Zone Changer: Kilo, Apogee Mind (100)]
Resolve Stack: Whenever a creature dies, put a charge counter on Black Market. [Zone Changer: Barony Vampire (312)]
Phase: Ai(4)-Drana Vampires' Beginning of Combat Step
Phase: Ai(4)-Drana Vampires' Declare Attackers Step
Phase: Ai(4)-Drana Vampires' Declare Blockers Step
Phase: Ai(4)-Drana Vampires' First Strike Damage Step
Phase: Ai(4)-Drana Vampires' Combat Damage Step
Phase: Ai(4)-Drana Vampires' End of Combat Step
Phase: Ai(4)-Drana Vampires' Main phase, postcombat
Mana: Swamp (377) - {T}: Add {B}.
Mana: Swamp (391) - {T}: Add {B}.
Mana: Swamp (386) - {T}: Add {B}.
Add To Stack: Ai(4)-Drana Vampires cast Captivating Vampire
Resolve Stack: Captivating Vampire - Creature 2 / 2
Phase: Ai(4)-Drana Vampires' End step
Phase: Ai(4)-Drana Vampires' Cleanup step
Turn: Turn 32 (Ai(1)-Kilo Helm Final)
Phase: Ai(1)-Kilo Helm Final's Untap step
Phase: Ai(1)-Kilo Helm Final's Upkeep step
Phase: Ai(1)-Kilo Helm Final's Draw step
Phase: Ai(1)-Kilo Helm Final's Main phase, precombat
Land: Ai(1)-Kilo Helm Final played Inventors' Fair (2)
Mana: Razortide Bridge (21) - {T}: Add {W} or {U}.
Mana: Radiant Summit (20) - {T}: Add {R}.
Mana: Seat of the Synod (85) - {T}: Add {U}.
Mana: Cascade Bluffs (22) - {T}: Add {C}.
Mana: Rugged Prairie (40) - {T}: Add {C}.
Add To Stack: Ai(1)-Kilo Helm Final cast Kilo, Apogee Mind
Resolve Stack: Kilo, Apogee Mind - Creature 3 / 3
Phase: Ai(1)-Kilo Helm Final's Beginning of Combat Step
Phase: Ai(1)-Kilo Helm Final's Declare Attackers Step
Combat: Ai(1)-Kilo Helm Final assigned Tekuthal, Inquiry Dominus (27) to attack Ai(3)-Wyleth Voltron B3.
Phase: Ai(1)-Kilo Helm Final's Declare Blockers Step
Combat: Ai(3)-Wyleth Voltron B3 didn't block Tekuthal, Inquiry Dominus (27).
Phase: Ai(1)-Kilo Helm Final's First Strike Damage Step
Phase: Ai(1)-Kilo Helm Final's Combat Damage Step
Damage: Tekuthal, Inquiry Dominus (27) deals 3 combat damage to Ai(3)-Wyleth Voltron B3.
Life: Life: Ai(3)-Wyleth Voltron B3 39 > 36
Phase: Ai(1)-Kilo Helm Final's End of Combat Step
Phase: Ai(1)-Kilo Helm Final's Main phase, postcombat
Mana: Inventors' Fair (2) - {T}: Add {C}.
Mana: Shivan Reef (34) - {T}: Add {C}.
Add To Stack: Ai(1)-Kilo Helm Final cast Moxite Refinery
Resolve Stack: Moxite Refinery
Phase: Ai(1)-Kilo Helm Final's End step
Phase: Ai(1)-Kilo Helm Final's Cleanup step
Turn: Turn 33 (Ai(2)-Wilhelt Zombies B3)
Phase: Ai(2)-Wilhelt Zombies B3's Untap step
Phase: Ai(2)-Wilhelt Zombies B3's Upkeep step
Phase: Ai(2)-Wilhelt Zombies B3's Draw step
Phase: Ai(2)-Wilhelt Zombies B3's Main phase, precombat
Land: Ai(2)-Wilhelt Zombies B3 played Swamp (177)
Phase: Ai(2)-Wilhelt Zombies B3's Beginning of Combat Step
Phase: Ai(2)-Wilhelt Zombies B3's Declare Attackers Step
Phase: Ai(2)-Wilhelt Zombies B3's Declare Blockers Step
Phase: Ai(2)-Wilhelt Zombies B3's First Strike Damage Step
Phase: Ai(2)-Wilhelt Zombies B3's Combat Damage Step
Phase: Ai(2)-Wilhelt Zombies B3's End of Combat Step
Phase: Ai(2)-Wilhelt Zombies B3's Main phase, postcombat
Mana: Swamp (180) - {T}: Add {B}.
Mana: Island (145) - {T}: Add {U}.
Mana: Island (153) - {T}: Add {U}.
Mana: Island (154) - {T}: Add {U}.
Mana: Swamp (182) - {T}: Add {B}.
Add To Stack: Ai(2)-Wilhelt Zombies B3 cast Ravenous Rotbelly
Resolve Stack: Ravenous Rotbelly - Creature 4 / 5
Add To Stack: Ai(2)-Wilhelt Zombies B3 triggered Ravenous Rotbelly
Zone Change: Zombie Token (425) was put into Graveyard from Battlefield.
Zone Change: Zombie Token (427) was put into Graveyard from Battlefield.
Zone Change: Zombie Token (429) was put into Graveyard from Battlefield.
Resolve Stack: When Ravenous Rotbelly enters, you may sacrifice up to three Zombies. When you sacrifice one or more Zombies this way, each opponent sacrifices that many creatures. [Zone Changer: Ravenous Rotbelly (156)]
Add To Stack: Ai(2)-Wilhelt Zombies B3 triggered Ravenous Rotbelly
Add To Stack: Ai(4)-Drana Vampires triggered Black Market
Add To Stack: Ai(4)-Drana Vampires triggered Black Market
Add To Stack: Ai(4)-Drana Vampires triggered Black Market
Resolve Stack: Whenever a creature dies, put a charge counter on Black Market. [Zone Changer: Zombie Token (429)]
Resolve Stack: Whenever a creature dies, put a charge counter on Black Market. [Zone Changer: Zombie Token (427)]
Resolve Stack: Whenever a creature dies, put a charge counter on Black Market. [Zone Changer: Zombie Token (425)]
Zone Change: Danitha Capashen, Paragon (300) was put into Graveyard from Battlefield.
Zone Change: Captivating Vampire (331) was put into Graveyard from Battlefield.
Zone Change: Kilo, Apogee Mind (100) was put into Graveyard from Battlefield.
Zone Change: Tekuthal, Inquiry Dominus (27) was put into Graveyard from Battlefield.
Resolve Stack: When you sacrifice one or more Zombies this way, each opponent sacrifices that many creatures. ([Zombie Token (425), Zombie Token (427), Zombie Token (429)])
Add To Stack: Ai(4)-Drana Vampires triggered Black Market
Add To Stack: Ai(4)-Drana Vampires triggered Black Market
Add To Stack: Ai(4)-Drana Vampires triggered Black Market
Add To Stack: Ai(4)-Drana Vampires triggered Black Market
Resolve Stack: Whenever a creature dies, put a charge counter on Black Market. [Zone Changer: Tekuthal, Inquiry Dominus (27)]
Resolve Stack: Whenever a creature dies, put a charge counter on Black Market. [Zone Changer: Kilo, Apogee Mind (100)]
Resolve Stack: Whenever a creature dies, put a charge counter on Black Market. [Zone Changer: Captivating Vampire (331)]
Resolve Stack: Whenever a creature dies, put a charge counter on Black Market. [Zone Changer: Danitha Capashen, Paragon (300)]
Mana: Swamp (171) - {T}: Add {B}.
Add To Stack: Ai(2)-Wilhelt Zombies B3 cast Cryptbreaker
Resolve Stack: Cryptbreaker - Creature 1 / 1
Mana: Swamp (177) - {T}: Add {B}.
Mana: Command Tower (113) - {T}: Add one mana of any color in your commander's color identity.
Add To Stack: Ai(2)-Wilhelt Zombies B3 cast Doomed Dissenter
Resolve Stack: Doomed Dissenter - Creature 1 / 1
Mana: Sunken Hollow (119) - {T}: Add {B}.
Mana: Mind Stone (107) - {T}: Add {C}.
Add To Stack: Ai(2)-Wilhelt Zombies B3 cast Arcane Signet
Resolve Stack: Arcane Signet
Phase: Ai(2)-Wilhelt Zombies B3's End step
Phase: Ai(2)-Wilhelt Zombies B3's Cleanup step
Discard: Ai(2)-Wilhelt Zombies B3 discards Swamp (183).
Discard: Ai(2)-Wilhelt Zombies B3 discards Swamp (185).
Discard: Ai(2)-Wilhelt Zombies B3 discards Island (148).
Turn: Turn 34 (Ai(3)-Wyleth Voltron B3)
Phase: Ai(3)-Wyleth Voltron B3's Untap step
Phase: Ai(3)-Wyleth Voltron B3's Upkeep step
Mana: Arcane Signet (194) - {T}: Add one mana of any color in your commander's color identity.
Zone Change: Doomed Dissenter (136) was put into Graveyard from Battlefield.
Add To Stack: Ai(2)-Wilhelt Zombies B3 cast Village Rites
Add To Stack: Ai(4)-Drana Vampires triggered Black Market
Add To Stack: Ai(2)-Wilhelt Zombies B3 triggered Doomed Dissenter
Resolve Stack: When Doomed Dissenter dies, create a 2/2 black Zombie creature token. [Zone Changer: Doomed Dissenter (136)]
Resolve Stack: Whenever a creature dies, put a charge counter on Black Market. [Zone Changer: Doomed Dissenter (136)]
Resolve Stack: Village Rites (159) - Ai(2)-Wilhelt Zombies B3 draws two cards.
Phase: Ai(3)-Wyleth Voltron B3's Draw step
Phase: Ai(3)-Wyleth Voltron B3's Main phase, precombat
Land: Ai(3)-Wyleth Voltron B3 played Plains (265)
Mana: Plains (266) - {T}: Add {W}.
Mana: Mountain (283) - {T}: Add {R}.
Mana: Mountain (292) - {T}: Add {R}.
Mana: Mountain (279) - {T}: Add {R}.
Mana: Plains (252) - {T}: Add {W}.
Add To Stack: Ai(3)-Wyleth Voltron B3 cast Wyleth, Soul of Steel
Resolve Stack: Wyleth, Soul of Steel - Creature 2 / 2
Add To Stack: Ai(3)-Wyleth Voltron B3 activated Lightning Greaves targeting [Wyleth, Soul of Steel (301)]
Resolve Stack: Lightning Greaves (295) -  Attach to Wyleth, Soul of Steel (301)
Phase: Ai(3)-Wyleth Voltron B3's Beginning of Combat Step
Phase: Ai(3)-Wyleth Voltron B3's Declare Attackers Step
Phase: Ai(3)-Wyleth Voltron B3's Declare Blockers Step
Phase: Ai(3)-Wyleth Voltron B3's First Strike Damage Step
Phase: Ai(3)-Wyleth Voltron B3's Combat Damage Step
Phase: Ai(3)-Wyleth Voltron B3's End of Combat Step
Phase: Ai(3)-Wyleth Voltron B3's Main phase, postcombat
Mana: Plains (265) - {T}: Add {W}.
Mana: Temple of Triumph (275) - {T}: Add {R} or {W}.
Add To Stack: Ai(3)-Wyleth Voltron B3 cast Mask of Memory
Resolve Stack: Mask of Memory
Mana: Rogue's Passage (221) - {T}: Add {C}.
Mana: Slayers' Stronghold (271) - {T}: Add {C}.
Add To Stack: Ai(3)-Wyleth Voltron B3 cast Blackblade Reforged
Resolve Stack: Blackblade Reforged
Phase: Ai(3)-Wyleth Voltron B3's End step
Phase: Ai(3)-Wyleth Voltron B3's Cleanup step
Turn: Turn 35 (Ai(4)-Drana Vampires)
Phase: Ai(4)-Drana Vampires' Untap step
Phase: Ai(4)-Drana Vampires' Upkeep step
Phase: Ai(4)-Drana Vampires' Draw step
Phase: Ai(4)-Drana Vampires' Main phase, precombat
Add To Stack: Ai(4)-Drana Vampires triggered Black Market
Resolve Stack: At the beginning of your first main phase, add {B} for each charge counter on Black Market. [Phase: Ai(4)-Drana Vampires]
Add To Stack: Ai(4)-Drana Vampires cast Drana, Liberator of Malakir
Resolve Stack: Drana, Liberator of Malakir - Creature 2 / 3
Phase: Ai(4)-Drana Vampires' Beginning of Combat Step
Phase: Ai(4)-Drana Vampires' Declare Attackers Step
Phase: Ai(4)-Drana Vampires' Declare Blockers Step
Phase: Ai(4)-Drana Vampires' First Strike Damage Step
Phase: Ai(4)-Drana Vampires' Combat Damage Step
Phase: Ai(4)-Drana Vampires' End of Combat Step
Phase: Ai(4)-Drana Vampires' Main phase, postcombat
Land: Ai(4)-Drana Vampires played Swamp (375)
Phase: Ai(4)-Drana Vampires' End step
Phase: Ai(4)-Drana Vampires' Cleanup step
Turn: Turn 36 (Ai(1)-Kilo Helm Final)
Phase: Ai(1)-Kilo Helm Final's Untap step
Phase: Ai(1)-Kilo Helm Final's Upkeep step
Add To Stack: Ai(1)-Kilo Helm Final triggered Inventors' Fair
Life: Life: Ai(1)-Kilo Helm Final 38 > 39
Resolve Stack: At the beginning of your upkeep, if you control three or more artifacts, you gain 1 life. [Phase: Ai(1)-Kilo Helm Final]
Phase: Ai(1)-Kilo Helm Final's Draw step
Phase: Ai(1)-Kilo Helm Final's Main phase, precombat
Land: Ai(1)-Kilo Helm Final played Ancient Den (89)
Mana: Radiant Summit (20) - {T}: Add {R}.
Mana: Ancient Den (89) - {T}: Add {W}.
Mana: Seat of the Synod (85) - {T}: Add {U}.
Mana: Razortide Bridge (21) - {T}: Add {W} or {U}.
Mana: Cascade Bluffs (22) - {T}: Add {C}.
Mana: Rugged Prairie (40) - {T}: Add {C}.
Mana: Inventors' Fair (2) - {T}: Add {C}.
Add To Stack: Ai(1)-Kilo Helm Final cast Kilo, Apogee Mind
Resolve Stack: Kilo, Apogee Mind - Creature 3 / 3
Phase: Ai(1)-Kilo Helm Final's Beginning of Combat Step
Phase: Ai(1)-Kilo Helm Final's Declare Attackers Step
Phase: Ai(1)-Kilo Helm Final's Declare Blockers Step
Phase: Ai(1)-Kilo Helm Final's First Strike Damage Step
Phase: Ai(1)-Kilo Helm Final's Combat Damage Step
Phase: Ai(1)-Kilo Helm Final's End of Combat Step
Phase: Ai(1)-Kilo Helm Final's Main phase, postcombat
Phase: Ai(1)-Kilo Helm Final's End step
Phase: Ai(1)-Kilo Helm Final's Cleanup step
Turn: Turn 37 (Ai(2)-Wilhelt Zombies B3)
Phase: Ai(2)-Wilhelt Zombies B3's Untap step
Phase: Ai(2)-Wilhelt Zombies B3's Upkeep step
Phase: Ai(2)-Wilhelt Zombies B3's Draw step
Phase: Ai(2)-Wilhelt Zombies B3's Main phase, precombat
Land: Ai(2)-Wilhelt Zombies B3 played Unholy Grotto (117)
Phase: Ai(2)-Wilhelt Zombies B3's Beginning of Combat Step
Phase: Ai(2)-Wilhelt Zombies B3's Declare Attackers Step
Combat: Ai(2)-Wilhelt Zombies B3 assigned Zombie Token (431), Ravenous Rotbelly (156) and Zombie Token (437) to attack Ai(3)-Wyleth Voltron B3.
Add To Stack: Ai(2)-Wilhelt Zombies B3 triggered Zombie Token
Resolve Stack: When a creature with decayed attacks, sacrifice it at end of combat. [Attacker: Zombie Token (431)]
Phase: Ai(2)-Wilhelt Zombies B3's Declare Blockers Step
Combat: Ai(3)-Wyleth Voltron B3 didn't block Zombie Token (431).
Ai(3)-Wyleth Voltron B3 didn't block Ravenous Rotbelly (156).
Ai(3)-Wyleth Voltron B3 didn't block Zombie Token (437).
Phase: Ai(2)-Wilhelt Zombies B3's First Strike Damage Step
Phase: Ai(2)-Wilhelt Zombies B3's Combat Damage Step
Damage: Zombie Token (431) deals 2 combat damage to Ai(3)-Wyleth Voltron B3.
Damage: Ravenous Rotbelly (156) deals 4 combat damage to Ai(3)-Wyleth Voltron B3.
Damage: Zombie Token (437) deals 2 combat damage to Ai(3)-Wyleth Voltron B3.
Life: Life: Ai(3)-Wyleth Voltron B3 36 > 28
Phase: Ai(2)-Wilhelt Zombies B3's End of Combat Step
Add To Stack: Ai(2)-Wilhelt Zombies B3 triggered Zombie Token
Zone Change: Zombie Token (431) was put into Graveyard from Battlefield.
Resolve Stack: At end of combat, sacrifice Zombie Token. [Phase: Ai(2)-Wilhelt Zombies B3]
Add To Stack: Ai(4)-Drana Vampires triggered Black Market
Resolve Stack: Whenever a creature dies, put a charge counter on Black Market. [Zone Changer: Zombie Token (431)]
Phase: Ai(2)-Wilhelt Zombies B3's Main phase, postcombat
Mana: Island (145) - {T}: Add {U}.
Mana: Swamp (180) - {T}: Add {B}.
Mana: Island (153) - {T}: Add {U}.
Mana: Island (154) - {T}: Add {U}.
Mana: Swamp (182) - {T}: Add {B}.
Mana: Swamp (171) - {T}: Add {B}.
Add To Stack: Ai(2)-Wilhelt Zombies B3 cast Wilhelt, the Rotcleaver
Resolve Stack: Wilhelt, the Rotcleaver - Creature 3 / 3
Mana: Swamp (177) - {T}: Add {B}.
Mana: Command Tower (113) - {T}: Add one mana of any color in your commander's color identity.
Mana: Arcane Signet (194) - {T}: Add one mana of any color in your commander's color identity.
Mana: Sunken Hollow (119) - {T}: Add {B}.
Mana: Mind Stone (107) - {T}: Add {C}.
Add To Stack: Ai(2)-Wilhelt Zombies B3 cast Dark Salvation targeting [Ai(2)-Wilhelt Zombies B3] [Drana, Liberator of Malakir (402)]
Resolve Stack: Dark Salvation (164) - Target player creates X 2/2 black Zombie creature tokens, then up to one target creature gets -1/-1 until end of turn for each Zombie that player controls. (Targeting: Ai(2)-Wilhelt Zombies B3) Drana, Liberator of Malakir (402) gets -6/-6  until end of turn. (X=2)
Zone Change: Drana, Liberator of Malakir (402) was put into Graveyard from Battlefield.
Add To Stack: Ai(4)-Drana Vampires triggered Black Market
Resolve Stack: Whenever a creature dies, put a charge counter on Black Market. [Zone Changer: Drana, Liberator of Malakir (402)]
Phase: Ai(2)-Wilhelt Zombies B3's End step
Add To Stack: Ai(2)-Wilhelt Zombies B3 triggered Wilhelt, the Rotcleaver
Resolve Stack: At the beginning of your end step, you may sacrifice a Zombie. If you do, draw a card. [Phase: Ai(2)-Wilhelt Zombies B3]
Phase: Ai(2)-Wilhelt Zombies B3's Cleanup step
Turn: Turn 38 (Ai(3)-Wyleth Voltron B3)
Phase: Ai(3)-Wyleth Voltron B3's Untap step
Phase: Ai(3)-Wyleth Voltron B3's Upkeep step
Phase: Ai(3)-Wyleth Voltron B3's Draw step
Mana: Plains (266) - {T}: Add {W}.
Add To Stack: Ai(3)-Wyleth Voltron B3 cast Swords to Plowshares targeting [Ravenous Rotbelly (156)]
Zone Change: Ravenous Rotbelly (156) was put into Exile from Battlefield.
Life: Life: Ai(2)-Wilhelt Zombies B3 10 > 14
Resolve Stack: Swords to Plowshares (246) - Exile Ravenous Rotbelly (156). Ai(2)-Wilhelt Zombies B3 gains life equal to its power.
Phase: Ai(3)-Wyleth Voltron B3's Main phase, precombat
Land: Ai(3)-Wyleth Voltron B3 played Plains (251)
Phase: Ai(3)-Wyleth Voltron B3's Beginning of Combat Step
Phase: Ai(3)-Wyleth Voltron B3's Declare Attackers Step
Phase: Ai(3)-Wyleth Voltron B3's Declare Blockers Step
Phase: Ai(3)-Wyleth Voltron B3's First Strike Damage Step
Phase: Ai(3)-Wyleth Voltron B3's Combat Damage Step
Phase: Ai(3)-Wyleth Voltron B3's End of Combat Step
Phase: Ai(3)-Wyleth Voltron B3's Main phase, postcombat
Phase: Ai(3)-Wyleth Voltron B3's End step
Phase: Ai(3)-Wyleth Voltron B3's Cleanup step
Turn: Turn 39 (Ai(4)-Drana Vampires)
Phase: Ai(4)-Drana Vampires' Untap step
Phase: Ai(4)-Drana Vampires' Upkeep step
Phase: Ai(4)-Drana Vampires' Draw step
Phase: Ai(4)-Drana Vampires' Main phase, precombat
Add To Stack: Ai(4)-Drana Vampires triggered Black Market
Resolve Stack: At the beginning of your first main phase, add {B} for each charge counter on Black Market. [Phase: Ai(4)-Drana Vampires]
Add To Stack: Ai(4)-Drana Vampires cast Drana, Liberator of Malakir
Resolve Stack: Drana, Liberator of Malakir - Creature 2 / 3
Phase: Ai(4)-Drana Vampires' Beginning of Combat Step
Phase: Ai(4)-Drana Vampires' Declare Attackers Step
Phase: Ai(4)-Drana Vampires' Declare Blockers Step
Phase: Ai(4)-Drana Vampires' First Strike Damage Step
Phase: Ai(4)-Drana Vampires' Combat Damage Step
Phase: Ai(4)-Drana Vampires' End of Combat Step
Phase: Ai(4)-Drana Vampires' Main phase, postcombat
Land: Ai(4)-Drana Vampires played Swamp (378)
Phase: Ai(4)-Drana Vampires' End step
Phase: Ai(4)-Drana Vampires' Cleanup step
Turn: Turn 40 (Ai(1)-Kilo Helm Final)
Phase: Ai(1)-Kilo Helm Final's Untap step
Phase: Ai(1)-Kilo Helm Final's Upkeep step
Add To Stack: Ai(1)-Kilo Helm Final triggered Inventors' Fair
Life: Life: Ai(1)-Kilo Helm Final 39 > 40
Resolve Stack: At the beginning of your upkeep, if you control three or more artifacts, you gain 1 life. [Phase: Ai(1)-Kilo Helm Final]
Phase: Ai(1)-Kilo Helm Final's Draw step
Phase: Ai(1)-Kilo Helm Final's Main phase, precombat
Phase: Ai(1)-Kilo Helm Final's Beginning of Combat Step
Phase: Ai(1)-Kilo Helm Final's Declare Attackers Step
Phase: Ai(1)-Kilo Helm Final's Declare Blockers Step
Phase: Ai(1)-Kilo Helm Final's First Strike Damage Step
Phase: Ai(1)-Kilo Helm Final's Combat Damage Step
Phase: Ai(1)-Kilo Helm Final's End of Combat Step
Phase: Ai(1)-Kilo Helm Final's Main phase, postcombat
Replacement Effect: Silverbluff Bridge enters tapped.
Land: Ai(1)-Kilo Helm Final played Silverbluff Bridge (25)
Mana: Seat of the Synod (85) - {T}: Add {U}.
Add To Stack: Ai(1)-Kilo Helm Final cast Thought Monitor
Resolve Stack: Thought Monitor - Creature 2 / 2
Add To Stack: Ai(1)-Kilo Helm Final triggered Thought Monitor
Resolve Stack: When Thought Monitor enters, draw two cards. [Zone Changer: Thought Monitor (95)]
Mana: Razortide Bridge (21) - {T}: Add {W} or {U}.
Damage: Shivan Reef (34) deals 1 non-combat damage to Ai(1)-Kilo Helm Final.
Life: Life: Ai(1)-Kilo Helm Final 40 > 39
Mana: Shivan Reef (34) - {T}: Add {U} or {R}. Shivan Reef deals 1 damage to you. 
Mana: Ancient Den (89) - {T}: Add {W}.
Mana: Radiant Summit (20) - {T}: Add {R}.
Mana: Cascade Bluffs (22) - {T}: Add {C}.
Add To Stack: Ai(1)-Kilo Helm Final cast Inexorable Tide
Resolve Stack: Inexorable Tide
Mana: Rugged Prairie (40) - {T}: Add {C}.
Mana: Inventors' Fair (2) - {T}: Add {C}.
Add To Stack: Ai(1)-Kilo Helm Final cast Arcane Signet
Add To Stack: Ai(1)-Kilo Helm Final triggered Inexorable Tide
Resolve Stack: Whenever you cast a spell, proliferate. [Card: Arcane Signet (94), Activator: Ai(1)-Kilo Helm Final, SpellAbility: Arcane Signet]
Resolve Stack: Arcane Signet
Phase: Ai(1)-Kilo Helm Final's End step
Add To Stack: Ai(2)-Wilhelt Zombies B3 activated Cryptbreaker
Life: Life: Ai(2)-Wilhelt Zombies B3 14 > 13
Resolve Stack: Cryptbreaker (196) - Ai(2)-Wilhelt Zombies B3 draws a card. Ai(2)-Wilhelt Zombies B3 loses 1 life.
Phase: Ai(1)-Kilo Helm Final's Cleanup step
Turn: Turn 41 (Ai(2)-Wilhelt Zombies B3)
Phase: Ai(2)-Wilhelt Zombies B3's Untap step
Phase: Ai(2)-Wilhelt Zombies B3's Upkeep step
Phase: Ai(2)-Wilhelt Zombies B3's Draw step
Phase: Ai(2)-Wilhelt Zombies B3's Main phase, precombat
Land: Ai(2)-Wilhelt Zombies B3 played Island (139)
Mana: Swamp (180) - {T}: Add {B}.
Mana: Swamp (182) - {T}: Add {B}.
Mana: Island (145) - {T}: Add {U}.
Add To Stack: Ai(2)-Wilhelt Zombies B3 cast Death Baron
Resolve Stack: Death Baron - Creature 2 / 2
Phase: Ai(2)-Wilhelt Zombies B3's Beginning of Combat Step
Phase: Ai(2)-Wilhelt Zombies B3's Declare Attackers Step
Combat: Ai(2)-Wilhelt Zombies B3 assigned Wilhelt, the Rotcleaver (200), Zombie Token (437), Zombie Token (453), Zombie Token (454) and Cryptbreaker (196) to attack Ai(3)-Wyleth Voltron B3.
Phase: Ai(2)-Wilhelt Zombies B3's Declare Blockers Step
Combat: Ai(3)-Wyleth Voltron B3 didn't block Wilhelt, the Rotcleaver (200).
Ai(3)-Wyleth Voltron B3 didn't block Zombie Token (437).
Ai(3)-Wyleth Voltron B3 didn't block Zombie Token (453).
Ai(3)-Wyleth Voltron B3 didn't block Zombie Token (454).
Ai(3)-Wyleth Voltron B3 didn't block Cryptbreaker (196).
Phase: Ai(2)-Wilhelt Zombies B3's First Strike Damage Step
Phase: Ai(2)-Wilhelt Zombies B3's Combat Damage Step
Damage: Wilhelt, the Rotcleaver (200) deals 4 combat damage to Ai(3)-Wyleth Voltron B3.
Damage: Zombie Token (437) deals 3 combat damage to Ai(3)-Wyleth Voltron B3.
Damage: Zombie Token (453) deals 3 combat damage to Ai(3)-Wyleth Voltron B3.
Damage: Zombie Token (454) deals 3 combat damage to Ai(3)-Wyleth Voltron B3.
Damage: Cryptbreaker (196) deals 2 combat damage to Ai(3)-Wyleth Voltron B3.
Life: Life: Ai(3)-Wyleth Voltron B3 28 > 13
Phase: Ai(2)-Wilhelt Zombies B3's End of Combat Step
Phase: Ai(2)-Wilhelt Zombies B3's Main phase, postcombat
Phase: Ai(2)-Wilhelt Zombies B3's End step
Add To Stack: Ai(2)-Wilhelt Zombies B3 triggered Wilhelt, the Rotcleaver
Resolve Stack: At the beginning of your end step, you may sacrifice a Zombie. If you do, draw a card. [Phase: Ai(2)-Wilhelt Zombies B3]
Phase: Ai(2)-Wilhelt Zombies B3's Cleanup step
Turn: Turn 42 (Ai(3)-Wyleth Voltron B3)
Phase: Ai(3)-Wyleth Voltron B3's Untap step
Phase: Ai(3)-Wyleth Voltron B3's Upkeep step
Phase: Ai(3)-Wyleth Voltron B3's Draw step
Phase: Ai(3)-Wyleth Voltron B3's Main phase, precombat
Land: Ai(3)-Wyleth Voltron B3 played Mountain (290)
Phase: Ai(3)-Wyleth Voltron B3's Beginning of Combat Step
Phase: Ai(3)-Wyleth Voltron B3's Declare Attackers Step
Phase: Ai(3)-Wyleth Voltron B3's Declare Blockers Step
Phase: Ai(3)-Wyleth Voltron B3's First Strike Damage Step
Phase: Ai(3)-Wyleth Voltron B3's Combat Damage Step
Phase: Ai(3)-Wyleth Voltron B3's End of Combat Step
Phase: Ai(3)-Wyleth Voltron B3's Main phase, postcombat
Phase: Ai(3)-Wyleth Voltron B3's End step
Phase: Ai(3)-Wyleth Voltron B3's Cleanup step
Turn: Turn 43 (Ai(4)-Drana Vampires)
Phase: Ai(4)-Drana Vampires' Untap step
Phase: Ai(4)-Drana Vampires' Upkeep step
Phase: Ai(4)-Drana Vampires' Draw step
Phase: Ai(4)-Drana Vampires' Main phase, precombat
Add To Stack: Ai(4)-Drana Vampires triggered Black Market
Resolve Stack: At the beginning of your first main phase, add {B} for each charge counter on Black Market. [Phase: Ai(4)-Drana Vampires]
Add To Stack: Ai(4)-Drana Vampires cast Victim of Night targeting [Thought Monitor (95)]
Zone Change: Thought Monitor (95) was put into Graveyard from Battlefield.
Resolve Stack: Victim of Night (318) - Destroy Thought Monitor (95).
Add To Stack: Ai(4)-Drana Vampires triggered Black Market
Resolve Stack: Whenever a creature dies, put a charge counter on Black Market. [Zone Changer: Thought Monitor (95)]
Phase: Ai(4)-Drana Vampires' Beginning of Combat Step
Phase: Ai(4)-Drana Vampires' Declare Attackers Step
Combat: Ai(4)-Drana Vampires assigned Drana, Liberator of Malakir (402) to attack Ai(2)-Wilhelt Zombies B3.
Phase: Ai(4)-Drana Vampires' Declare Blockers Step
Combat: Ai(2)-Wilhelt Zombies B3 didn't block Drana, Liberator of Malakir (402).
Phase: Ai(4)-Drana Vampires' First Strike Damage Step
Damage: Drana, Liberator of Malakir (402) deals 2 combat damage to Ai(2)-Wilhelt Zombies B3.
Life: Life: Ai(2)-Wilhelt Zombies B3 13 > 11
Add To Stack: Ai(4)-Drana Vampires triggered Drana, Liberator of Malakir
Resolve Stack: Whenever Drana, Liberator of Malakir deals combat damage to a player, put a +1/+1 counter on each attacking creature you control. [Damage Source: Drana, Liberator of Malakir (402), Damaged: Ai(2)-Wilhelt Zombies B3, Amount: 2]
Phase: Ai(4)-Drana Vampires' Combat Damage Step
Phase: Ai(4)-Drana Vampires' End of Combat Step
Phase: Ai(4)-Drana Vampires' Main phase, postcombat
Land: Ai(4)-Drana Vampires played Swamp (394)
Phase: Ai(4)-Drana Vampires' End step
Phase: Ai(4)-Drana Vampires' Cleanup step
Turn: Turn 44 (Ai(1)-Kilo Helm Final)
Phase: Ai(1)-Kilo Helm Final's Untap step
Phase: Ai(1)-Kilo Helm Final's Upkeep step
Add To Stack: Ai(1)-Kilo Helm Final triggered Inventors' Fair
Life: Life: Ai(1)-Kilo Helm Final 39 > 40
Resolve Stack: At the beginning of your upkeep, if you control three or more artifacts, you gain 1 life. [Phase: Ai(1)-Kilo Helm Final]
Mana: Seat of the Synod (85) - {T}: Add {U}.
Mana: Ancient Den (89) - {T}: Add {W}.
Discard: Ai(1)-Kilo Helm Final discards Glittering Massif (45).
Add To Stack: Ai(1)-Kilo Helm Final activated Glittering Massif
Resolve Stack: Glittering Massif (45) - Ai(1)-Kilo Helm Final draws a card.
Phase: Ai(1)-Kilo Helm Final's Draw step
Phase: Ai(1)-Kilo Helm Final's Main phase, precombat
Replacement Effect: Sulfur Falls enters tapped unless you control an Island or a Mountain.
Land: Ai(1)-Kilo Helm Final played Sulfur Falls (18)
Mana: Silverbluff Bridge (25) - {T}: Add {U} or {R}.
Mana: Sulfur Falls (18) - {T}: Add {U} or {R}.
Mana: Razortide Bridge (21) - {T}: Add {W} or {U}.
Add To Stack: Ai(1)-Kilo Helm Final cast Surge Conductor
Add To Stack: Ai(1)-Kilo Helm Final triggered Inexorable Tide
Resolve Stack: Whenever you cast a spell, proliferate. [Card: Surge Conductor (84), Activator: Ai(1)-Kilo Helm Final, SpellAbility: Surge Conductor - Creature 3 / 2]
Resolve Stack: Surge Conductor - Creature 3 / 2
Mana: Radiant Summit (20) - {T}: Add {R}.
Mana: Arcane Signet (94) - {T}: Add one mana of any color in your commander's color identity.
Mana: Cascade Bluffs (22) - {T}: Add {C}.
Mana: Rugged Prairie (40) - {T}: Add {C}.
Add To Stack: Ai(1)-Kilo Helm Final cast Unwinding Clock
Add To Stack: Ai(1)-Kilo Helm Final triggered Inexorable Tide
Resolve Stack: Whenever you cast a spell, proliferate. [Card: Unwinding Clock (69), Activator: Ai(1)-Kilo Helm Final, SpellAbility: Unwinding Clock]
Resolve Stack: Unwinding Clock
Add To Stack: Ai(1)-Kilo Helm Final triggered Surge Conductor
Resolve Stack: Whenever another nontoken artifact you control enters, proliferate. (Choose any number of permanents and/or players, then give each another counter of each kind already there.) [Zone Changer: Unwinding Clock (69)]
Phase: Ai(1)-Kilo Helm Final's Beginning of Combat Step
Phase: Ai(1)-Kilo Helm Final's Declare Attackers Step
Combat: Ai(1)-Kilo Helm Final assigned Kilo, Apogee Mind (100) to attack Ai(2)-Wilhelt Zombies B3.
Add To Stack: Ai(1)-Kilo Helm Final triggered Kilo, Apogee Mind
Resolve Stack: Whenever Kilo becomes tapped, proliferate. (Choose any number of permanents and/or players, then give each another counter of each kind already there.) [Tapped: Kilo, Apogee Mind (100)]
Phase: Ai(1)-Kilo Helm Final's Declare Blockers Step
Combat: Ai(2)-Wilhelt Zombies B3 didn't block Kilo, Apogee Mind (100).
Phase: Ai(1)-Kilo Helm Final's First Strike Damage Step
Phase: Ai(1)-Kilo Helm Final's Combat Damage Step
Damage: Kilo, Apogee Mind (100) deals 3 combat damage to Ai(2)-Wilhelt Zombies B3.
Life: Life: Ai(2)-Wilhelt Zombies B3 11 > 8
Phase: Ai(1)-Kilo Helm Final's End of Combat Step
Phase: Ai(1)-Kilo Helm Final's Main phase, postcombat
Phase: Ai(1)-Kilo Helm Final's End step
Mana: Swamp (171) - {T}: Add {B}.
Add To Stack: Ai(2)-Wilhelt Zombies B3 activated Unholy Grotto targeting [Plague Belcher (114)]
Resolve Stack: Unholy Grotto (117) - Put Plague Belcher (114) from the graveyard on top of its owner's library.
Phase: Ai(1)-Kilo Helm Final's Cleanup step
Turn: Turn 45 (Ai(2)-Wilhelt Zombies B3)
Phase: Ai(2)-Wilhelt Zombies B3's Untap step
Phase: Ai(2)-Wilhelt Zombies B3's Upkeep step
Mana: Seat of the Synod (85) - {T}: Add {U}.
Mana: Ancient Den (89) - {T}: Add {W}.
Mana: Silverbluff Bridge (25) - {T}: Add {U} or {R}.
Mana: Razortide Bridge (21) - {T}: Add {W} or {U}.
Zone Change: Inventors' Fair (2) was put into Graveyard from Battlefield.
Add To Stack: Ai(1)-Kilo Helm Final activated Inventors' Fair
Resolve Stack: Inventors' Fair (2) - Ai(1)-Kilo Helm Final searches their library for an artifact card, reveals it, puts it into their hand, then shuffles.
Phase: Ai(2)-Wilhelt Zombies B3's Draw step
Phase: Ai(2)-Wilhelt Zombies B3's Main phase, precombat
Land: Ai(2)-Wilhelt Zombies B3 played Swamp (186)
Mana: Swamp (180) - {T}: Add {B}.
Mana: Island (145) - {T}: Add {U}.
Mana: Island (153) - {T}: Add {U}.
Add To Stack: Ai(2)-Wilhelt Zombies B3 cast Read the Bones
Resolve Stack: Ai(2)-Wilhelt Zombies B3 scried 1 card(s) to the top of the library and 1 card(s) to the bottom of the library
Life: Life: Ai(2)-Wilhelt Zombies B3 8 > 6
Resolve Stack: Read the Bones (111) - Ai(2)-Wilhelt Zombies B3 scries 2. Ai(2)-Wilhelt Zombies B3 draws two cards. Ai(2)-Wilhelt Zombies B3 loses 2 life.
Mana: Swamp (182) - {T}: Add {B}.
Mana: Swamp (171) - {T}: Add {B}.
Mana: Swamp (177) - {T}: Add {B}.
Mana: Island (154) - {T}: Add {U}.
Mana: Island (139) - {T}: Add {U}.
Mana: Swamp (186) - {T}: Add {B}.
Add To Stack: Ai(2)-Wilhelt Zombies B3 cast Zombie Apocalypse
Zone Change: Wyleth, Soul of Steel (301) was put into Graveyard from Battlefield.
Resolve Stack: Zombie Apocalypse (110) - Return all Zombie creature cards from your graveyard to the battlefield tapped, then destroy all Humans. Zombie Apocalypse - Destroy permanents.
Add To Stack: Ai(2)-Wilhelt Zombies B3 triggered Gleaming Overseer
Add To Stack: Ai(4)-Drana Vampires triggered Black Market
Resolve Stack: Whenever a creature dies, put a charge counter on Black Market. [Zone Changer: Wyleth, Soul of Steel (301)]
Resolve Stack: When Gleaming Overseer enters, amass Zombies 1. (Put a +1/+1 counter on an Army you control. If you don't control one, create a 0/0 black Zombie Army creature token first.) [Zone Changer: Gleaming Overseer (130)]
Phase: Ai(2)-Wilhelt Zombies B3's Beginning of Combat Step
Phase: Ai(2)-Wilhelt Zombies B3's Declare Attackers Step
Combat: Ai(2)-Wilhelt Zombies B3 assigned Wilhelt, the Rotcleaver (200), Zombie Token (437), Zombie Token (453), Zombie Token (454), Cryptbreaker (196) and Death Baron (162) to attack Ai(3)-Wyleth Voltron B3.
Phase: Ai(2)-Wilhelt Zombies B3's Declare Blockers Step
Combat: Ai(3)-Wyleth Voltron B3 didn't block Wilhelt, the Rotcleaver (200).
Ai(3)-Wyleth Voltron B3 didn't block Zombie Token (437).
Ai(3)-Wyleth Voltron B3 didn't block Zombie Token (453).
Ai(3)-Wyleth Voltron B3 didn't block Zombie Token (454).
Ai(3)-Wyleth Voltron B3 didn't block Cryptbreaker (196).
Ai(3)-Wyleth Voltron B3 didn't block Death Baron (162).
Phase: Ai(2)-Wilhelt Zombies B3's First Strike Damage Step
Phase: Ai(2)-Wilhelt Zombies B3's Combat Damage Step
Damage: Wilhelt, the Rotcleaver (200) deals 6 combat damage to Ai(3)-Wyleth Voltron B3.
Damage: Zombie Token (437) deals 5 combat damage to Ai(3)-Wyleth Voltron B3.
Damage: Zombie Token (453) deals 5 combat damage to Ai(3)-Wyleth Voltron B3.
Damage: Zombie Token (454) deals 5 combat damage to Ai(3)-Wyleth Voltron B3.
Damage: Cryptbreaker (196) deals 4 combat damage to Ai(3)-Wyleth Voltron B3.
Damage: Death Baron (162) deals 4 combat damage to Ai(3)-Wyleth Voltron B3.
Life: Life: Ai(3)-Wyleth Voltron B3 13 > -16
Phase: Ai(2)-Wilhelt Zombies B3's End of Combat Step
Phase: Ai(2)-Wilhelt Zombies B3's Main phase, postcombat
Phase: Ai(2)-Wilhelt Zombies B3's End step
Add To Stack: Ai(2)-Wilhelt Zombies B3 triggered Wilhelt, the Rotcleaver
Resolve Stack: At the beginning of your end step, you may sacrifice a Zombie. If you do, draw a card. [Phase: Ai(2)-Wilhelt Zombies B3]
Phase: Ai(2)-Wilhelt Zombies B3's Cleanup step
Turn: Turn 46 (Ai(4)-Drana Vampires)
Phase: Ai(4)-Drana Vampires' Untap step
Phase: Ai(4)-Drana Vampires' Upkeep step
Phase: Ai(4)-Drana Vampires' Draw step
Phase: Ai(4)-Drana Vampires' Main phase, precombat
Add To Stack: Ai(4)-Drana Vampires triggered Black Market
Resolve Stack: At the beginning of your first main phase, add {B} for each charge counter on Black Market. [Phase: Ai(4)-Drana Vampires]
Phase: Ai(4)-Drana Vampires' Beginning of Combat Step
Phase: Ai(4)-Drana Vampires' Declare Attackers Step
Phase: Ai(4)-Drana Vampires' Declare Blockers Step
Phase: Ai(4)-Drana Vampires' First Strike Damage Step
Phase: Ai(4)-Drana Vampires' Combat Damage Step
Phase: Ai(4)-Drana Vampires' End of Combat Step
Phase: Ai(4)-Drana Vampires' Main phase, postcombat
Land: Ai(4)-Drana Vampires played Swamp (361)
Phase: Ai(4)-Drana Vampires' End step
Phase: Ai(4)-Drana Vampires' Cleanup step
Turn: Turn 47 (Ai(1)-Kilo Helm Final)
Phase: Ai(1)-Kilo Helm Final's Untap step
Phase: Ai(1)-Kilo Helm Final's Upkeep step
Phase: Ai(1)-Kilo Helm Final's Draw step
Phase: Ai(1)-Kilo Helm Final's Main phase, precombat
Mana: Seat of the Synod (85) - {T}: Add {U}.
Mana: Ancient Den (89) - {T}: Add {W}.
Mana: Silverbluff Bridge (25) - {T}: Add {U} or {R}.
Mana: Sulfur Falls (18) - {T}: Add {U} or {R}.
Add To Stack: Ai(1)-Kilo Helm Final cast Kappa Cannoneer
Add To Stack: Ai(1)-Kilo Helm Final triggered Inexorable Tide
Resolve Stack: Whenever you cast a spell, proliferate. [Card: Kappa Cannoneer (98), Activator: Ai(1)-Kilo Helm Final, SpellAbility: Kappa Cannoneer - Creature 4 / 4]
Resolve Stack: Kappa Cannoneer - Creature 4 / 4
Add To Stack: Ai(1)-Kilo Helm Final triggered Surge Conductor
Add To Stack: Ai(1)-Kilo Helm Final triggered Kappa Cannoneer
Resolve Stack: Whenever an artifact you control enters, put a +1/+1 counter on Kappa Cannoneer and it can't be blocked this turn. [Zone Changer: Kappa Cannoneer (98)]
Resolve Stack: Whenever another nontoken artifact you control enters, proliferate. (Choose any number of permanents and/or players, then give each another counter of each kind already there.) [Zone Changer: Kappa Cannoneer (98)]
Phase: Ai(1)-Kilo Helm Final's Beginning of Combat Step
Phase: Ai(1)-Kilo Helm Final's Declare Attackers Step
Phase: Ai(1)-Kilo Helm Final's Declare Blockers Step
Phase: Ai(1)-Kilo Helm Final's First Strike Damage Step
Phase: Ai(1)-Kilo Helm Final's Combat Damage Step
Phase: Ai(1)-Kilo Helm Final's End of Combat Step
Phase: Ai(1)-Kilo Helm Final's Main phase, postcombat
Phase: Ai(1)-Kilo Helm Final's End step
Phase: Ai(1)-Kilo Helm Final's Cleanup step
Turn: Turn 48 (Ai(2)-Wilhelt Zombies B3)
Phase: Ai(2)-Wilhelt Zombies B3's Untap step
Phase: Ai(2)-Wilhelt Zombies B3's Upkeep step
Phase: Ai(2)-Wilhelt Zombies B3's Draw step
Phase: Ai(2)-Wilhelt Zombies B3's Main phase, precombat
Land: Ai(2)-Wilhelt Zombies B3 played Swamp (174)
Phase: Ai(2)-Wilhelt Zombies B3's Beginning of Combat Step
Phase: Ai(2)-Wilhelt Zombies B3's Declare Attackers Step
Combat: Ai(2)-Wilhelt Zombies B3 assigned Wilhelt, the Rotcleaver (200), Wight of the Reliquary (135), Midnight Reaper (163), Zombie Token (437), Zombie Token (453), Zombie Token (454), Undead Augur (109), Cryptbreaker (196), Death Baron (162), Undead Warchief (197), Gleaming Overseer (130) and Zombie Army Token (516) to attack Ai(1)-Kilo Helm Final.
Phase: Ai(2)-Wilhelt Zombies B3's Declare Blockers Step
Combat: Ai(1)-Kilo Helm Final assigned Surge Conductor (84) to block Wilhelt, the Rotcleaver (200).
Ai(1)-Kilo Helm Final assigned Kilo, Apogee Mind (100) to block Wight of the Reliquary (135).
Ai(1)-Kilo Helm Final assigned Kappa Cannoneer (98) to block Midnight Reaper (163).
Ai(1)-Kilo Helm Final didn't block Zombie Token (437).
Ai(1)-Kilo Helm Final didn't block Zombie Token (453).
Ai(1)-Kilo Helm Final didn't block Zombie Token (454).
Ai(1)-Kilo Helm Final didn't block Undead Augur (109).
Ai(1)-Kilo Helm Final didn't block Cryptbreaker (196).
Ai(1)-Kilo Helm Final didn't block Death Baron (162).
Ai(1)-Kilo Helm Final didn't block Undead Warchief (197).
Ai(1)-Kilo Helm Final didn't block Gleaming Overseer (130).
Ai(1)-Kilo Helm Final didn't block Zombie Army Token (516).
Zone Change: Death Baron (162) was put into Graveyard from Battlefield.
Add To Stack: Ai(2)-Wilhelt Zombies B3 activated Wight of the Reliquary
Add To Stack: Ai(2)-Wilhelt Zombies B3 triggered Midnight Reaper
Add To Stack: Ai(2)-Wilhelt Zombies B3 triggered Undead Augur
Add To Stack: Ai(2)-Wilhelt Zombies B3 triggered Wilhelt, the Rotcleaver
Add To Stack: Ai(4)-Drana Vampires triggered Black Market
Resolve Stack: Whenever a creature dies, put a charge counter on Black Market. [Zone Changer: Death Baron (162)]
Resolve Stack: Whenever another Zombie you control dies, if it didn't have decayed, create a 2/2 black Zombie creature token with decayed. (It can't block. When it attacks, sacrifice it at end of combat.) [Zone Changer: Death Baron (162)]
Life: Life: Ai(2)-Wilhelt Zombies B3 6 > 5
Resolve Stack: Whenever Undead Augur or another Zombie you control dies, you draw a card and you lose 1 life. [Zone Changer: Death Baron (162)]
Damage: Midnight Reaper (163) deals 1 non-combat damage to Ai(2)-Wilhelt Zombies B3.
Life: Life: Ai(2)-Wilhelt Zombies B3 5 > 4
Resolve Stack: Whenever a nontoken creature you control dies, Midnight Reaper deals 1 damage to you and you draw a card. [Zone Changer: Death Baron (162)]
Replacement Effect: As Watery Grave enters, you may pay 2 life. If you don't, it enters tapped.
Resolve Stack: Wight of the Reliquary (135) - Ai(2)-Wilhelt Zombies B3 searches their library for a land card, puts it onto the battlefield tapped, then shuffles.
Phase: Ai(2)-Wilhelt Zombies B3's First Strike Damage Step
Phase: Ai(2)-Wilhelt Zombies B3's Combat Damage Step
Damage: Wilhelt, the Rotcleaver (200) deals 5 damage to Surge Conductor (84).
Damage: Wight of the Reliquary (135) deals 6 damage to Kilo, Apogee Mind (100).
Damage: Midnight Reaper (163) deals 5 damage to Kappa Cannoneer (98).
Damage: Zombie Token (437) deals 4 combat damage to Ai(1)-Kilo Helm Final.
Damage: Zombie Token (453) deals 4 combat damage to Ai(1)-Kilo Helm Final.
Damage: Zombie Token (454) deals 4 combat damage to Ai(1)-Kilo Helm Final.
Damage: Undead Augur (109) deals 4 combat damage to Ai(1)-Kilo Helm Final.
Damage: Cryptbreaker (196) deals 3 combat damage to Ai(1)-Kilo Helm Final.
Damage: Undead Warchief (197) deals 3 combat damage to Ai(1)-Kilo Helm Final.
Damage: Gleaming Overseer (130) deals 3 combat damage to Ai(1)-Kilo Helm Final.
Damage: Zombie Army Token (516) deals 3 combat damage to Ai(1)-Kilo Helm Final.
Damage: Surge Conductor (84) deals 3 damage to Wilhelt, the Rotcleaver (200).
Damage: Kilo, Apogee Mind (100) deals 3 damage to Wight of the Reliquary (135).
Damage: Kappa Cannoneer (98) deals 6 damage to Midnight Reaper (163).
Life: Life: Ai(1)-Kilo Helm Final 40 > 12
Zone Change: Midnight Reaper (163) was put into Graveyard from Battlefield.
Zone Change: Kilo, Apogee Mind (100) was put into Graveyard from Battlefield.
Zone Change: Surge Conductor (84) was put into Graveyard from Battlefield.
Add To Stack: Ai(2)-Wilhelt Zombies B3 triggered Midnight Reaper
Add To Stack: Ai(2)-Wilhelt Zombies B3 triggered Undead Augur
Add To Stack: Ai(2)-Wilhelt Zombies B3 triggered Wilhelt, the Rotcleaver
Add To Stack: Ai(4)-Drana Vampires triggered Black Market
Add To Stack: Ai(4)-Drana Vampires triggered Black Market
Add To Stack: Ai(4)-Drana Vampires triggered Black Market
Resolve Stack: Whenever a creature dies, put a charge counter on Black Market. [Zone Changer: Surge Conductor (84)]
Resolve Stack: Whenever a creature dies, put a charge counter on Black Market. [Zone Changer: Kilo, Apogee Mind (100)]
Resolve Stack: Whenever a creature dies, put a charge counter on Black Market. [Zone Changer: Midnight Reaper (163)]
Resolve Stack: Whenever another Zombie you control dies, if it didn't have decayed, create a 2/2 black Zombie creature token with decayed. (It can't block. When it attacks, sacrifice it at end of combat.) [Zone Changer: Midnight Reaper (163)]
Life: Life: Ai(2)-Wilhelt Zombies B3 4 > 3
Resolve Stack: Whenever Undead Augur or another Zombie you control dies, you draw a card and you lose 1 life. [Zone Changer: Midnight Reaper (163)]
Damage: Midnight Reaper (163) deals 1 non-combat damage to Ai(2)-Wilhelt Zombies B3.
Life: Life: Ai(2)-Wilhelt Zombies B3 3 > 2
Resolve Stack: Whenever a nontoken creature you control dies, Midnight Reaper deals 1 damage to you and you draw a card. [Zone Changer: Midnight Reaper (163)]
Phase: Ai(2)-Wilhelt Zombies B3's End of Combat Step
Phase: Ai(2)-Wilhelt Zombies B3's Main phase, postcombat
Mana: Swamp (180) - {T}: Add {B}.
Mana: Swamp (182) - {T}: Add {B}.
Mana: Island (145) - {T}: Add {U}.
Mana: Island (153) - {T}: Add {U}.
Add To Stack: Ai(2)-Wilhelt Zombies B3 cast Damnation
Zone Change: Cryptbreaker (196) was put into Graveyard from Battlefield.
Zone Change: Zombie Token (437) was put into Graveyard from Battlefield.
Zone Change: Wilhelt, the Rotcleaver (200) was put into Graveyard from Battlefield.
Zone Change: Zombie Token (453) was put into Graveyard from Battlefield.
Zone Change: Zombie Token (454) was put into Graveyard from Battlefield.
Zone Change: Wight of the Reliquary (135) was put into Graveyard from Battlefield.
Zone Change: Undead Augur (109) was put into Graveyard from Battlefield.
Zone Change: Undead Warchief (197) was put into Graveyard from Battlefield.
Zone Change: Gleaming Overseer (130) was put into Graveyard from Battlefield.
Zone Change: Zombie Army Token (516) was put into Graveyard from Battlefield.
Zone Change: Zombie Token (526) was put into Graveyard from Battlefield.
Zone Change: Zombie Token (529) was put into Graveyard from Battlefield.
Zone Change: Drana, Liberator of Malakir (402) was put into Graveyard from Battlefield.
Zone Change: Kappa Cannoneer (98) was put into Graveyard from Battlefield.
Resolve Stack: Damnation (121) - Destroy all creatures. They can't be regenerated.
Add To Stack: Ai(2)-Wilhelt Zombies B3 triggered Undead Augur
Add To Stack: Ai(2)-Wilhelt Zombies B3 triggered Undead Augur
Add To Stack: Ai(2)-Wilhelt Zombies B3 triggered Undead Augur
Add To Stack: Ai(2)-Wilhelt Zombies B3 triggered Undead Augur
Add To Stack: Ai(2)-Wilhelt Zombies B3 triggered Undead Augur
Add To Stack: Ai(2)-Wilhelt Zombies B3 triggered Undead Augur
Add To Stack: Ai(2)-Wilhelt Zombies B3 triggered Undead Augur
Add To Stack: Ai(2)-Wilhelt Zombies B3 triggered Undead Augur
Add To Stack: Ai(2)-Wilhelt Zombies B3 triggered Undead Augur
Add To Stack: Ai(2)-Wilhelt Zombies B3 triggered Undead Augur
Add To Stack: Ai(2)-Wilhelt Zombies B3 triggered Undead Augur
Add To Stack: Ai(2)-Wilhelt Zombies B3 triggered Undead Augur
Add To Stack: Ai(2)-Wilhelt Zombies B3 triggered Wilhelt, the Rotcleaver
Add To Stack: Ai(2)-Wilhelt Zombies B3 triggered Wilhelt, the Rotcleaver
Add To Stack: Ai(2)-Wilhelt Zombies B3 triggered Wilhelt, the Rotcleaver
Add To Stack: Ai(2)-Wilhelt Zombies B3 triggered Wilhelt, the Rotcleaver
Add To Stack: Ai(2)-Wilhelt Zombies B3 triggered Wilhelt, the Rotcleaver
Add To Stack: Ai(2)-Wilhelt Zombies B3 triggered Wilhelt, the Rotcleaver
Add To Stack: Ai(2)-Wilhelt Zombies B3 triggered Wilhelt, the Rotcleaver
Add To Stack: Ai(2)-Wilhelt Zombies B3 triggered Wilhelt, the Rotcleaver
Add To Stack: Ai(2)-Wilhelt Zombies B3 triggered Wilhelt, the Rotcleaver
Add To Stack: Ai(4)-Drana Vampires triggered Black Market
Add To Stack: Ai(4)-Drana Vampires triggered Black Market
Add To Stack: Ai(4)-Drana Vampires triggered Black Market
Add To Stack: Ai(4)-Drana Vampires triggered Black Market
Add To Stack: Ai(4)-Drana Vampires triggered Black Market
Add To Stack: Ai(4)-Drana Vampires triggered Black Market
Add To Stack: Ai(4)-Drana Vampires triggered Black Market
Add To Stack: Ai(4)-Drana Vampires triggered Black Market
Add To Stack: Ai(4)-Drana Vampires triggered Black Market
Add To Stack: Ai(4)-Drana Vampires triggered Black Market
Add To Stack: Ai(4)-Drana Vampires triggered Black Market
Add To Stack: Ai(4)-Drana Vampires triggered Black Market
Add To Stack: Ai(4)-Drana Vampires triggered Black Market
Add To Stack: Ai(4)-Drana Vampires triggered Black Market
Resolve Stack: Whenever a creature dies, put a charge counter on Black Market. [Zone Changer: Kappa Cannoneer (98)]
Resolve Stack: Whenever a creature dies, put a charge counter on Black Market. [Zone Changer: Drana, Liberator of Malakir (402)]
Resolve Stack: Whenever a creature dies, put a charge counter on Black Market. [Zone Changer: Zombie Token (529)]
Resolve Stack: Whenever a creature dies, put a charge counter on Black Market. [Zone Changer: Zombie Token (526)]
Resolve Stack: Whenever a creature dies, put a charge counter on Black Market. [Zone Changer: Zombie Army Token (516)]
Resolve Stack: Whenever a creature dies, put a charge counter on Black Market. [Zone Changer: Gleaming Overseer (130)]
Resolve Stack: Whenever a creature dies, put a charge counter on Black Market. [Zone Changer: Undead Warchief (197)]
Resolve Stack: Whenever a creature dies, put a charge counter on Black Market. [Zone Changer: Undead Augur (109)]
Resolve Stack: Whenever a creature dies, put a charge counter on Black Market. [Zone Changer: Wight of the Reliquary (135)]
Resolve Stack: Whenever a creature dies, put a charge counter on Black Market. [Zone Changer: Zombie Token (454)]
Resolve Stack: Whenever a creature dies, put a charge counter on Black Market. [Zone Changer: Zombie Token (453)]
Resolve Stack: Whenever a creature dies, put a charge counter on Black Market. [Zone Changer: Wilhelt, the Rotcleaver (200)]
Resolve Stack: Whenever a creature dies, put a charge counter on Black Market. [Zone Changer: Zombie Token (437)]
Resolve Stack: Whenever a creature dies, put a charge counter on Black Market. [Zone Changer: Cryptbreaker (196)]
Resolve Stack: Whenever another Zombie you control dies, if it didn't have decayed, create a 2/2 black Zombie creature token with decayed. (It can't block. When it attacks, sacrifice it at end of combat.) [Zone Changer: Zombie Army Token (516)]
Resolve Stack: Whenever another Zombie you control dies, if it didn't have decayed, create a 2/2 black Zombie creature token with decayed. (It can't block. When it attacks, sacrifice it at end of combat.) [Zone Changer: Gleaming Overseer (130)]
Resolve Stack: Whenever another Zombie you control dies, if it didn't have decayed, create a 2/2 black Zombie creature token with decayed. (It can't block. When it attacks, sacrifice it at end of combat.) [Zone Changer: Undead Warchief (197)]
Resolve Stack: Whenever another Zombie you control dies, if it didn't have decayed, create a 2/2 black Zombie creature token with decayed. (It can't block. When it attacks, sacrifice it at end of combat.) [Zone Changer: Undead Augur (109)]
Resolve Stack: Whenever another Zombie you control dies, if it didn't have decayed, create a 2/2 black Zombie creature token with decayed. (It can't block. When it attacks, sacrifice it at end of combat.) [Zone Changer: Wight of the Reliquary (135)]
Resolve Stack: Whenever another Zombie you control dies, if it didn't have decayed, create a 2/2 black Zombie creature token with decayed. (It can't block. When it attacks, sacrifice it at end of combat.) [Zone Changer: Zombie Token (454)]
Resolve Stack: Whenever another Zombie you control dies, if it didn't have decayed, create a 2/2 black Zombie creature token with decayed. (It can't block. When it attacks, sacrifice it at end of combat.) [Zone Changer: Zombie Token (453)]
Resolve Stack: Whenever another Zombie you control dies, if it didn't have decayed, create a 2/2 black Zombie creature token with decayed. (It can't block. When it attacks, sacrifice it at end of combat.) [Zone Changer: Zombie Token (437)]
Resolve Stack: Whenever another Zombie you control dies, if it didn't have decayed, create a 2/2 black Zombie creature token with decayed. (It can't block. When it attacks, sacrifice it at end of combat.) [Zone Changer: Cryptbreaker (196)]
Life: Life: Ai(2)-Wilhelt Zombies B3 2 > 1
Resolve Stack: Whenever Undead Augur or another Zombie you control dies, you draw a card and you lose 1 life. [Zone Changer: Zombie Token (529)]
Life: Life: Ai(2)-Wilhelt Zombies B3 1 > 0
Resolve Stack: Whenever Undead Augur or another Zombie you control dies, you draw a card and you lose 1 life. [Zone Changer: Zombie Token (526)]
Phase: Ai(2)-Wilhelt Zombies B3's End step
Phase: Ai(2)-Wilhelt Zombies B3's Cleanup step
Turn: Turn 49 (Ai(4)-Drana Vampires)
Phase: Ai(4)-Drana Vampires' Untap step
Phase: Ai(4)-Drana Vampires' Upkeep step
Phase: Ai(4)-Drana Vampires' Draw step
Phase: Ai(4)-Drana Vampires' Main phase, precombat
Add To Stack: Ai(4)-Drana Vampires triggered Black Market
Resolve Stack: At the beginning of your first main phase, add {B} for each charge counter on Black Market. [Phase: Ai(4)-Drana Vampires]
Add To Stack: Ai(4)-Drana Vampires cast Drana, Liberator of Malakir
Resolve Stack: Drana, Liberator of Malakir - Creature 2 / 3
Phase: Ai(4)-Drana Vampires' Beginning of Combat Step
Phase: Ai(4)-Drana Vampires' Declare Attackers Step
Phase: Ai(4)-Drana Vampires' Declare Blockers Step
Phase: Ai(4)-Drana Vampires' First Strike Damage Step
Phase: Ai(4)-Drana Vampires' Combat Damage Step
Phase: Ai(4)-Drana Vampires' End of Combat Step
Phase: Ai(4)-Drana Vampires' Main phase, postcombat
Land: Ai(4)-Drana Vampires played Swamp (356)
Phase: Ai(4)-Drana Vampires' End step
Phase: Ai(4)-Drana Vampires' Cleanup step
Turn: Turn 50 (Ai(1)-Kilo Helm Final)
Phase: Ai(1)-Kilo Helm Final's Untap step
Phase: Ai(1)-Kilo Helm Final's Upkeep step
Phase: Ai(1)-Kilo Helm Final's Draw step
Phase: Ai(1)-Kilo Helm Final's Main phase, precombat
Mana: Seat of the Synod (85) - {T}: Add {U}.
Mana: Ancient Den (89) - {T}: Add {W}.
Mana: Silverbluff Bridge (25) - {T}: Add {U} or {R}.
Mana: Sulfur Falls (18) - {T}: Add {U} or {R}.
Mana: Razortide Bridge (21) - {T}: Add {W} or {U}.
Mana: Radiant Summit (20) - {T}: Add {R}.
Mana: Arcane Signet (94) - {T}: Add one mana of any color in your commander's color identity.
Mana: Cascade Bluffs (22) - {T}: Add {C}.
Mana: Rugged Prairie (40) - {T}: Add {C}.
Mana: Shivan Reef (34) - {T}: Add {C}.
Add To Stack: Ai(1)-Kilo Helm Final cast Everflowing Chalice
Add To Stack: Ai(1)-Kilo Helm Final triggered Inexorable Tide
Resolve Stack: Whenever you cast a spell, proliferate. [Card: Everflowing Chalice (30), Activator: Ai(1)-Kilo Helm Final, SpellAbility: Everflowing Chalice]
Replacement Effect: Everflowing Chalice enters with a charge counter on it for each time it was kicked.
Resolve Stack: Everflowing Chalice
Phase: Ai(1)-Kilo Helm Final's Beginning of Combat Step
Phase: Ai(1)-Kilo Helm Final's Declare Attackers Step
Phase: Ai(1)-Kilo Helm Final's Declare Blockers Step
Phase: Ai(1)-Kilo Helm Final's First Strike Damage Step
Phase: Ai(1)-Kilo Helm Final's Combat Damage Step
Phase: Ai(1)-Kilo Helm Final's End of Combat Step
Phase: Ai(1)-Kilo Helm Final's Main phase, postcombat
Phase: Ai(1)-Kilo Helm Final's End step
Phase: Ai(1)-Kilo Helm Final's Cleanup step
Turn: Turn 51 (Ai(4)-Drana Vampires)
Phase: Ai(4)-Drana Vampires' Untap step
Phase: Ai(4)-Drana Vampires' Upkeep step
Phase: Ai(4)-Drana Vampires' Draw step
Phase: Ai(4)-Drana Vampires' Main phase, precombat
Add To Stack: Ai(4)-Drana Vampires triggered Black Market
Resolve Stack: At the beginning of your first main phase, add {B} for each charge counter on Black Market. [Phase: Ai(4)-Drana Vampires]
Phase: Ai(4)-Drana Vampires' Beginning of Combat Step
Phase: Ai(4)-Drana Vampires' Declare Attackers Step
Combat: Ai(4)-Drana Vampires assigned Drana, Liberator of Malakir (402) to attack Ai(1)-Kilo Helm Final.
Phase: Ai(4)-Drana Vampires' Declare Blockers Step
Combat: Ai(1)-Kilo Helm Final didn't block Drana, Liberator of Malakir (402).
Phase: Ai(4)-Drana Vampires' First Strike Damage Step
Damage: Drana, Liberator of Malakir (402) deals 2 combat damage to Ai(1)-Kilo Helm Final.
Life: Life: Ai(1)-Kilo Helm Final 12 > 10
Add To Stack: Ai(4)-Drana Vampires triggered Drana, Liberator of Malakir
Resolve Stack: Whenever Drana, Liberator of Malakir deals combat damage to a player, put a +1/+1 counter on each attacking creature you control. [Damage Source: Drana, Liberator of Malakir (402), Damaged: Ai(1)-Kilo Helm Final, Amount: 2]
Phase: Ai(4)-Drana Vampires' Combat Damage Step
Phase: Ai(4)-Drana Vampires' End of Combat Step
Phase: Ai(4)-Drana Vampires' Main phase, postcombat
Land: Ai(4)-Drana Vampires played Swamp (388)
Phase: Ai(4)-Drana Vampires' End step
Phase: Ai(4)-Drana Vampires' Cleanup step
Turn: Turn 52 (Ai(1)-Kilo Helm Final)
Phase: Ai(1)-Kilo Helm Final's Untap step
Phase: Ai(1)-Kilo Helm Final's Upkeep step
Phase: Ai(1)-Kilo Helm Final's Draw step
Phase: Ai(1)-Kilo Helm Final's Main phase, precombat
Mana: Ancient Den (89) - {T}: Add {W}.
Mana: Silverbluff Bridge (25) - {T}: Add {U} or {R}.
Mana: Seat of the Synod (85) - {T}: Add {U}.
Mana: Sulfur Falls (18) - {T}: Add {U} or {R}.
Mana: Razortide Bridge (21) - {T}: Add {W} or {U}.
Mana: Radiant Summit (20) - {T}: Add {R}.
Mana: Arcane Signet (94) - {T}: Add one mana of any color in your commander's color identity.
Mana: Cascade Bluffs (22) - {T}: Add {C}.
Mana: Rugged Prairie (40) - {T}: Add {C}.
Add To Stack: Ai(1)-Kilo Helm Final cast Kilo, Apogee Mind
Add To Stack: Ai(1)-Kilo Helm Final triggered Inexorable Tide
Resolve Stack: Whenever you cast a spell, proliferate. [Card: Kilo, Apogee Mind (100), Activator: Ai(1)-Kilo Helm Final, SpellAbility: Kilo, Apogee Mind - Creature 3 / 3]
Resolve Stack: Kilo, Apogee Mind - Creature 3 / 3
Damage: Shivan Reef (34) deals 1 non-combat damage to Ai(1)-Kilo Helm Final.
Life: Life: Ai(1)-Kilo Helm Final 10 > 9
Mana: Shivan Reef (34) - {T}: Add {U} or {R}. Shivan Reef deals 1 damage to you. 
Mana: Everflowing Chalice (30) - {T}: Add {C} for each charge counter on Everflowing Chalice.
Add To Stack: Ai(1)-Kilo Helm Final cast Uthros Research Craft
Add To Stack: Ai(1)-Kilo Helm Final triggered Inexorable Tide
Resolve Stack: Whenever you cast a spell, proliferate. [Card: Uthros Research Craft (93), Activator: Ai(1)-Kilo Helm Final, SpellAbility: Uthros Research Craft]
Resolve Stack: Uthros Research Craft
Phase: Ai(1)-Kilo Helm Final's Beginning of Combat Step
Phase: Ai(1)-Kilo Helm Final's Declare Attackers Step
Combat: Ai(1)-Kilo Helm Final assigned Kilo, Apogee Mind (100) to attack Ai(4)-Drana Vampires.
Add To Stack: Ai(1)-Kilo Helm Final triggered Kilo, Apogee Mind
Resolve Stack: Whenever Kilo becomes tapped, proliferate. (Choose any number of permanents and/or players, then give each another counter of each kind already there.) [Tapped: Kilo, Apogee Mind (100)]
Phase: Ai(1)-Kilo Helm Final's Declare Blockers Step
Combat: Ai(4)-Drana Vampires didn't block Kilo, Apogee Mind (100).
Phase: Ai(1)-Kilo Helm Final's First Strike Damage Step
Phase: Ai(1)-Kilo Helm Final's Combat Damage Step
Damage: Kilo, Apogee Mind (100) deals 3 combat damage to Ai(4)-Drana Vampires.
Life: Life: Ai(4)-Drana Vampires 25 > 22
Phase: Ai(1)-Kilo Helm Final's End of Combat Step
Phase: Ai(1)-Kilo Helm Final's Main phase, postcombat
Phase: Ai(1)-Kilo Helm Final's End step
Phase: Ai(1)-Kilo Helm Final's Cleanup step
Turn: Turn 53 (Ai(4)-Drana Vampires)
Phase: Ai(4)-Drana Vampires' Untap step
Phase: Ai(4)-Drana Vampires' Upkeep step
Phase: Ai(4)-Drana Vampires' Draw step
Phase: Ai(4)-Drana Vampires' Main phase, precombat
Add To Stack: Ai(4)-Drana Vampires triggered Black Market
Resolve Stack: At the beginning of your first main phase, add {B} for each charge counter on Black Market. [Phase: Ai(4)-Drana Vampires]
Add To Stack: Ai(4)-Drana Vampires cast Arcane Signet
Resolve Stack: Arcane Signet
Phase: Ai(4)-Drana Vampires' Beginning of Combat Step
Phase: Ai(4)-Drana Vampires' Declare Attackers Step
Combat: Ai(4)-Drana Vampires assigned Drana, Liberator of Malakir (402) to attack Ai(1)-Kilo Helm Final.
Phase: Ai(4)-Drana Vampires' Declare Blockers Step
Combat: Ai(1)-Kilo Helm Final didn't block Drana, Liberator of Malakir (402).
Phase: Ai(4)-Drana Vampires' First Strike Damage Step
Damage: Drana, Liberator of Malakir (402) deals 3 combat damage to Ai(1)-Kilo Helm Final.
Life: Life: Ai(1)-Kilo Helm Final 9 > 6
Add To Stack: Ai(4)-Drana Vampires triggered Drana, Liberator of Malakir
Resolve Stack: Whenever Drana, Liberator of Malakir deals combat damage to a player, put a +1/+1 counter on each attacking creature you control. [Damage Source: Drana, Liberator of Malakir (402), Damaged: Ai(1)-Kilo Helm Final, Amount: 3]
Phase: Ai(4)-Drana Vampires' Combat Damage Step
Phase: Ai(4)-Drana Vampires' End of Combat Step
Phase: Ai(4)-Drana Vampires' Main phase, postcombat
Land: Ai(4)-Drana Vampires played Swamp (387)
Phase: Ai(4)-Drana Vampires' End step
Phase: Ai(4)-Drana Vampires' Cleanup step
Turn: Turn 54 (Ai(1)-Kilo Helm Final)
Phase: Ai(1)-Kilo Helm Final's Untap step
Phase: Ai(1)-Kilo Helm Final's Upkeep step
Phase: Ai(1)-Kilo Helm Final's Draw step
Phase: Ai(1)-Kilo Helm Final's Main phase, precombat
Mana: Ancient Den (89) - {T}: Add {W}.
Mana: Silverbluff Bridge (25) - {T}: Add {U} or {R}.
Mana: Seat of the Synod (85) - {T}: Add {U}.
Mana: Sulfur Falls (18) - {T}: Add {U} or {R}.
Mana: Razortide Bridge (21) - {T}: Add {W} or {U}.
Mana: Radiant Summit (20) - {T}: Add {R}.
Mana: Arcane Signet (94) - {T}: Add one mana of any color in your commander's color identity.
Add To Stack: Ai(1)-Kilo Helm Final cast Wake the Past
Add To Stack: Ai(1)-Kilo Helm Final triggered Inexorable Tide
Resolve Stack: Whenever you cast a spell, proliferate. [Card: Wake the Past (50), Activator: Ai(1)-Kilo Helm Final, SpellAbility: Return all artifact cards from your graveyard to the battlefield. They gain haste until end of turn.  ]
Replacement Effect: Hangarback Walker enters with X +1/+1 counters on it.
Resolve Stack: Wake the Past (50) - Return all artifact cards from your graveyard to the battlefield. They gain haste until end of turn.  
Zone Change: Hangarback Walker (70) was put into Graveyard from Battlefield.
Add To Stack: Ai(1)-Kilo Helm Final triggered Surge Conductor
Add To Stack: Ai(1)-Kilo Helm Final triggered Surge Conductor
Add To Stack: Ai(1)-Kilo Helm Final triggered Angel of the Ruins targeting [Black Market (315), Arcane Signet (399)]
Add To Stack: Ai(1)-Kilo Helm Final triggered Surge Conductor
Add To Stack: Ai(1)-Kilo Helm Final triggered Surge Conductor
Add To Stack: Ai(1)-Kilo Helm Final triggered Thought Monitor
Add To Stack: Ai(1)-Kilo Helm Final triggered Kappa Cannoneer
Add To Stack: Ai(1)-Kilo Helm Final triggered Kappa Cannoneer
Add To Stack: Ai(1)-Kilo Helm Final triggered Kappa Cannoneer
Add To Stack: Ai(1)-Kilo Helm Final triggered Kappa Cannoneer
Add To Stack: Ai(1)-Kilo Helm Final triggered Kappa Cannoneer
Add To Stack: Ai(1)-Kilo Helm Final triggered Hangarback Walker
Add To Stack: Ai(4)-Drana Vampires triggered Black Market
Resolve Stack: Whenever a creature dies, put a charge counter on Black Market. [Zone Changer: Hangarback Walker (70)]
Resolve Stack: When Hangarback Walker dies, create a 1/1 colorless Thopter artifact creature token with flying for each +1/+1 counter on Hangarback Walker. [Zone Changer: Hangarback Walker (70)]
Resolve Stack: Whenever an artifact you control enters, put a +1/+1 counter on Kappa Cannoneer and it can't be blocked this turn. [Zone Changer: Kappa Cannoneer (98)]
Resolve Stack: Whenever an artifact you control enters, put a +1/+1 counter on Kappa Cannoneer and it can't be blocked this turn. [Zone Changer: Surge Conductor (84)]
Resolve Stack: Whenever an artifact you control enters, put a +1/+1 counter on Kappa Cannoneer and it can't be blocked this turn. [Zone Changer: Thought Monitor (95)]
Resolve Stack: Whenever an artifact you control enters, put a +1/+1 counter on Kappa Cannoneer and it can't be blocked this turn. [Zone Changer: Angel of the Ruins (5)]
Resolve Stack: Whenever an artifact you control enters, put a +1/+1 counter on Kappa Cannoneer and it can't be blocked this turn. [Zone Changer: Hangarback Walker (70)]
Resolve Stack: When Thought Monitor enters, draw two cards. [Zone Changer: Thought Monitor (95)]
Resolve Stack: Whenever another nontoken artifact you control enters, proliferate. (Choose any number of permanents and/or players, then give each another counter of each kind already there.) [Zone Changer: Kappa Cannoneer (98)]
Resolve Stack: Whenever another nontoken artifact you control enters, proliferate. (Choose any number of permanents and/or players, then give each another counter of each kind already there.) [Zone Changer: Thought Monitor (95)]
Zone Change: Black Market (315) was put into Exile from Battlefield.
Zone Change: Arcane Signet (399) was put into Exile from Battlefield.
Resolve Stack: When Angel of the Ruins enters, exile up to two target artifacts and/or enchantments. (Targeting: [[Black Market (315), Arcane Signet (399)]]) [Zone Changer: Angel of the Ruins (5)]
Resolve Stack: Whenever another nontoken artifact you control enters, proliferate. (Choose any number of permanents and/or players, then give each another counter of each kind already there.) [Zone Changer: Angel of the Ruins (5)]
Resolve Stack: Whenever another nontoken artifact you control enters, proliferate. (Choose any number of permanents and/or players, then give each another counter of each kind already there.) [Zone Changer: Hangarback Walker (70)]
Land: Ai(1)-Kilo Helm Final played Great Furnace (96)
Add To Stack: Ai(1)-Kilo Helm Final triggered Surge Conductor
Add To Stack: Ai(1)-Kilo Helm Final triggered Kappa Cannoneer
Resolve Stack: Whenever an artifact you control enters, put a +1/+1 counter on Kappa Cannoneer and it can't be blocked this turn. [Zone Changer: Great Furnace (96)]
Resolve Stack: Whenever another nontoken artifact you control enters, proliferate. (Choose any number of permanents and/or players, then give each another counter of each kind already there.) [Zone Changer: Great Furnace (96)]
Damage: Shivan Reef (34) deals 1 non-combat damage to Ai(1)-Kilo Helm Final.
Life: Life: Ai(1)-Kilo Helm Final 6 > 5
Mana: Shivan Reef (34) - {T}: Add {U} or {R}. Shivan Reef deals 1 damage to you. 
Add To Stack: Ai(1)-Kilo Helm Final cast Emry, Lurker of the Loch
Add To Stack: Ai(1)-Kilo Helm Final triggered Inexorable Tide
Resolve Stack: Whenever you cast a spell, proliferate. [Card: Emry, Lurker of the Loch (47), Activator: Ai(1)-Kilo Helm Final, SpellAbility: Emry, Lurker of the Loch - Creature 1 / 2]
Resolve Stack: Emry, Lurker of the Loch - Creature 1 / 2
Add To Stack: Ai(1)-Kilo Helm Final triggered Emry, Lurker of the Loch
Zone Change: Ai(1)-Kilo Helm Final milled Sol Ring (8), Skycloud Expanse (82), Plains (55) and Etherium Sculptor (60).
Resolve Stack: When Emry, Lurker of the Loch enters, mill four cards. [Zone Changer: Emry, Lurker of the Loch (47)]
Phase: Ai(1)-Kilo Helm Final's Beginning of Combat Step
Phase: Ai(1)-Kilo Helm Final's Declare Attackers Step
Combat: Ai(1)-Kilo Helm Final assigned Kappa Cannoneer (98), Angel of the Ruins (5), Kilo, Apogee Mind (100), Surge Conductor (84) and Thought Monitor (95) to attack Ai(4)-Drana Vampires.
Add To Stack: Ai(1)-Kilo Helm Final triggered Kilo, Apogee Mind
Resolve Stack: Whenever Kilo becomes tapped, proliferate. (Choose any number of permanents and/or players, then give each another counter of each kind already there.) [Tapped: Kilo, Apogee Mind (100)]
Phase: Ai(1)-Kilo Helm Final's Declare Blockers Step
Combat: Ai(4)-Drana Vampires didn't block Kappa Cannoneer (98).
Ai(4)-Drana Vampires didn't block Angel of the Ruins (5).
Ai(4)-Drana Vampires didn't block Kilo, Apogee Mind (100).
Ai(4)-Drana Vampires didn't block Surge Conductor (84).
Ai(4)-Drana Vampires didn't block Thought Monitor (95).
Phase: Ai(1)-Kilo Helm Final's First Strike Damage Step
Phase: Ai(1)-Kilo Helm Final's Combat Damage Step
Damage: Kappa Cannoneer (98) deals 17 combat damage to Ai(4)-Drana Vampires.
Damage: Angel of the Ruins (5) deals 5 combat damage to Ai(4)-Drana Vampires.
Damage: Kilo, Apogee Mind (100) deals 3 combat damage to Ai(4)-Drana Vampires.
Damage: Surge Conductor (84) deals 3 combat damage to Ai(4)-Drana Vampires.
Damage: Thought Monitor (95) deals 2 combat damage to Ai(4)-Drana Vampires.
Life: Life: Ai(4)-Drana Vampires 22 > -8
Player Control: Ai(1)-Kilo Helm Final has restored control over themself
Player Control: Ai(2)-Wilhelt Zombies B3 has restored control over themself
Player Control: Ai(3)-Wyleth Voltron B3 has restored control over themself
Player Control: Ai(4)-Drana Vampires has restored control over themself
Game Outcome: Turn 27
Game Outcome: Ai(1)-Kilo Helm Final has won because all opponents have lost
Game Outcome: Ai(2)-Wilhelt Zombies B3 has lost because life total reached 0
Game Outcome: Ai(3)-Wyleth Voltron B3 has lost because life total reached 0
Game Outcome: Ai(4)-Drana Vampires has lost because life total reached 0
Match Result: Ai(1)-Kilo Helm Final: 1 Ai(2)-Wilhelt Zombies B3: 0 Ai(3)-Wyleth Voltron B3: 0 Ai(4)-Drana Vampires: 0 

Game Result: Game 1 ended in 51589 ms. Ai(1)-Kilo Helm Final has won!

Warning: default (ie. inherited from base class) implementation of confirmAction is used by Wilhelt, the Rotcleaver for forge.ai.ability.PermanentCreatureAi. Consider declaring an overloaded method
Warning: default (ie. inherited from base class) implementation of confirmAction is used by Drana, Liberator of Malakir for forge.ai.ability.PermanentCreatureAi. Consider declaring an overloaded method
Warning: default (ie. inherited from base class) implementation of confirmAction is used by Wyleth, Soul of Steel for forge.ai.ability.PermanentCreatureAi. Consider declaring an overloaded method
Warning: default (ie. inherited from base class) implementation of confirmAction is used by Wyleth, Soul of Steel for forge.ai.ability.PermanentCreatureAi. Consider declaring an overloaded method
Warning: default (ie. inherited from base class) implementation of confirmAction is used by Kilo, Apogee Mind for forge.ai.ability.PermanentCreatureAi. Consider declaring an overloaded method
Warning: default (ie. inherited from base class) implementation of confirmAction is used by Wilhelt, the Rotcleaver for forge.ai.ability.PermanentCreatureAi. Consider declaring an overloaded method
Warning: default (ie. inherited from base class) implementation of confirmAction is used by Wyleth, Soul of Steel for forge.ai.ability.PermanentCreatureAi. Consider declaring an overloaded method
Warning: default (ie. inherited from base class) implementation of confirmAction is used by Kilo, Apogee Mind for forge.ai.ability.PermanentCreatureAi. Consider declaring an overloaded method
Warning: default (ie. inherited from base class) implementation of confirmAction is used by Wyleth, Soul of Steel for forge.ai.ability.PermanentCreatureAi. Consider declaring an overloaded method
Warning: default (ie. inherited from base class) implementation of confirmAction is used by Kilo, Apogee Mind for forge.ai.ability.PermanentCreatureAi. Consider declaring an overloaded method
Mulligan: Ai(1)-Kilo Helm Final has mulliganed down to 7 cards.
Mulligan: Ai(2)-Wilhelt Zombies B3 has kept a hand of 7 cards
Mulligan: Ai(3)-Wyleth Voltron B3 has kept a hand of 7 cards
Mulligan: Ai(4)-Drana Vampires has kept a hand of 7 cards
Mulligan: Ai(1)-Kilo Helm Final has kept a hand of 7 cards
Turn: Turn 1 (Ai(2)-Wilhelt Zombies B3)
Phase: Ai(2)-Wilhelt Zombies B3's Untap step
Phase: Ai(2)-Wilhelt Zombies B3's Upkeep step
Phase: Ai(2)-Wilhelt Zombies B3's Draw step
Phase: Ai(2)-Wilhelt Zombies B3's Main phase, precombat
Land: Ai(2)-Wilhelt Zombies B3 played Swamp (192)
Phase: Ai(2)-Wilhelt Zombies B3's Beginning of Combat Step
Phase: Ai(2)-Wilhelt Zombies B3's Declare Attackers Step
Phase: Ai(2)-Wilhelt Zombies B3's Declare Blockers Step
Phase: Ai(2)-Wilhelt Zombies B3's First Strike Damage Step
Phase: Ai(2)-Wilhelt Zombies B3's Combat Damage Step
Phase: Ai(2)-Wilhelt Zombies B3's End of Combat Step
Phase: Ai(2)-Wilhelt Zombies B3's Main phase, postcombat
Phase: Ai(2)-Wilhelt Zombies B3's End step
Phase: Ai(2)-Wilhelt Zombies B3's Cleanup step
Turn: Turn 2 (Ai(3)-Wyleth Voltron B3)
Phase: Ai(3)-Wyleth Voltron B3's Untap step
Phase: Ai(3)-Wyleth Voltron B3's Upkeep step
Phase: Ai(3)-Wyleth Voltron B3's Draw step
Phase: Ai(3)-Wyleth Voltron B3's Main phase, precombat
Land: Ai(3)-Wyleth Voltron B3 played Hanweir Battlements (243)
Phase: Ai(3)-Wyleth Voltron B3's Beginning of Combat Step
Phase: Ai(3)-Wyleth Voltron B3's Declare Attackers Step
Phase: Ai(3)-Wyleth Voltron B3's Declare Blockers Step
Phase: Ai(3)-Wyleth Voltron B3's First Strike Damage Step
Phase: Ai(3)-Wyleth Voltron B3's Combat Damage Step
Phase: Ai(3)-Wyleth Voltron B3's End of Combat Step
Phase: Ai(3)-Wyleth Voltron B3's Main phase, postcombat
Phase: Ai(3)-Wyleth Voltron B3's End step
Phase: Ai(3)-Wyleth Voltron B3's Cleanup step
Turn: Turn 3 (Ai(4)-Drana Vampires)
Phase: Ai(4)-Drana Vampires' Untap step
Phase: Ai(4)-Drana Vampires' Upkeep step
Phase: Ai(4)-Drana Vampires' Draw step
Phase: Ai(4)-Drana Vampires' Main phase, precombat
Land: Ai(4)-Drana Vampires played Swamp (369)
Phase: Ai(4)-Drana Vampires' Beginning of Combat Step
Phase: Ai(4)-Drana Vampires' Declare Attackers Step
Phase: Ai(4)-Drana Vampires' Declare Blockers Step
Phase: Ai(4)-Drana Vampires' First Strike Damage Step
Phase: Ai(4)-Drana Vampires' Combat Damage Step
Phase: Ai(4)-Drana Vampires' End of Combat Step
Phase: Ai(4)-Drana Vampires' Main phase, postcombat
Phase: Ai(4)-Drana Vampires' End step
Phase: Ai(4)-Drana Vampires' Cleanup step
Turn: Turn 4 (Ai(1)-Kilo Helm Final)
Phase: Ai(1)-Kilo Helm Final's Untap step
Phase: Ai(1)-Kilo Helm Final's Upkeep step
Phase: Ai(1)-Kilo Helm Final's Draw step
Phase: Ai(1)-Kilo Helm Final's Main phase, precombat
Replacement Effect: Silverbluff Bridge enters tapped.
Land: Ai(1)-Kilo Helm Final played Silverbluff Bridge (25)
Phase: Ai(1)-Kilo Helm Final's Beginning of Combat Step
Phase: Ai(1)-Kilo Helm Final's Declare Attackers Step
Phase: Ai(1)-Kilo Helm Final's Declare Blockers Step
Phase: Ai(1)-Kilo Helm Final's First Strike Damage Step
Phase: Ai(1)-Kilo Helm Final's Combat Damage Step
Phase: Ai(1)-Kilo Helm Final's End of Combat Step
Phase: Ai(1)-Kilo Helm Final's Main phase, postcombat
Phase: Ai(1)-Kilo Helm Final's End step
Phase: Ai(1)-Kilo Helm Final's Cleanup step
Turn: Turn 5 (Ai(2)-Wilhelt Zombies B3)
Phase: Ai(2)-Wilhelt Zombies B3's Untap step
Phase: Ai(2)-Wilhelt Zombies B3's Upkeep step
Phase: Ai(2)-Wilhelt Zombies B3's Draw step
Phase: Ai(2)-Wilhelt Zombies B3's Main phase, precombat
Land: Ai(2)-Wilhelt Zombies B3 played Island (154)
Phase: Ai(2)-Wilhelt Zombies B3's Beginning of Combat Step
Phase: Ai(2)-Wilhelt Zombies B3's Declare Attackers Step
Phase: Ai(2)-Wilhelt Zombies B3's Declare Blockers Step
Phase: Ai(2)-Wilhelt Zombies B3's First Strike Damage Step
Phase: Ai(2)-Wilhelt Zombies B3's Combat Damage Step
Phase: Ai(2)-Wilhelt Zombies B3's End of Combat Step
Phase: Ai(2)-Wilhelt Zombies B3's Main phase, postcombat
Mana: Island (154) - {T}: Add {U}.
Mana: Swamp (192) - {T}: Add {B}.
Add To Stack: Ai(2)-Wilhelt Zombies B3 cast Charcoal Diamond
Replacement Effect: Charcoal Diamond enters tapped.
Resolve Stack: Charcoal Diamond
Phase: Ai(2)-Wilhelt Zombies B3's End step
Phase: Ai(2)-Wilhelt Zombies B3's Cleanup step
Turn: Turn 6 (Ai(3)-Wyleth Voltron B3)
Phase: Ai(3)-Wyleth Voltron B3's Untap step
Phase: Ai(3)-Wyleth Voltron B3's Upkeep step
Phase: Ai(3)-Wyleth Voltron B3's Draw step
Phase: Ai(3)-Wyleth Voltron B3's Main phase, precombat
Land: Ai(3)-Wyleth Voltron B3 played Plains (256)
Mana: Plains (256) - {T}: Add {W}.
Mana: Hanweir Battlements (243) - {T}: Add {C}.
Add To Stack: Ai(3)-Wyleth Voltron B3 cast Sram, Senior Edificer
Resolve Stack: Sram, Senior Edificer - Creature 2 / 2
Phase: Ai(3)-Wyleth Voltron B3's Beginning of Combat Step
Phase: Ai(3)-Wyleth Voltron B3's Declare Attackers Step
Phase: Ai(3)-Wyleth Voltron B3's Declare Blockers Step
Phase: Ai(3)-Wyleth Voltron B3's First Strike Damage Step
Phase: Ai(3)-Wyleth Voltron B3's Combat Damage Step
Phase: Ai(3)-Wyleth Voltron B3's End of Combat Step
Phase: Ai(3)-Wyleth Voltron B3's Main phase, postcombat
Phase: Ai(3)-Wyleth Voltron B3's End step
Phase: Ai(3)-Wyleth Voltron B3's Cleanup step
Turn: Turn 7 (Ai(4)-Drana Vampires)
Phase: Ai(4)-Drana Vampires' Untap step
Phase: Ai(4)-Drana Vampires' Upkeep step
Phase: Ai(4)-Drana Vampires' Draw step
Phase: Ai(4)-Drana Vampires' Main phase, precombat
Land: Ai(4)-Drana Vampires played Swamp (386)
Phase: Ai(4)-Drana Vampires' Beginning of Combat Step
Phase: Ai(4)-Drana Vampires' Declare Attackers Step
Phase: Ai(4)-Drana Vampires' Declare Blockers Step
Phase: Ai(4)-Drana Vampires' First Strike Damage Step
Phase: Ai(4)-Drana Vampires' Combat Damage Step
Phase: Ai(4)-Drana Vampires' End of Combat Step
Phase: Ai(4)-Drana Vampires' Main phase, postcombat
Mana: Swamp (369) - {T}: Add {B}.
Mana: Swamp (386) - {T}: Add {B}.
Add To Stack: Ai(4)-Drana Vampires cast Blood Seeker
Resolve Stack: Blood Seeker - Creature 1 / 1
Phase: Ai(4)-Drana Vampires' End step
Phase: Ai(4)-Drana Vampires' Cleanup step
Turn: Turn 8 (Ai(1)-Kilo Helm Final)
Phase: Ai(1)-Kilo Helm Final's Untap step
Phase: Ai(1)-Kilo Helm Final's Upkeep step
Phase: Ai(1)-Kilo Helm Final's Draw step
Phase: Ai(1)-Kilo Helm Final's Main phase, precombat
Land: Ai(1)-Kilo Helm Final played Inkmoth Nexus (41)
Phase: Ai(1)-Kilo Helm Final's Beginning of Combat Step
Phase: Ai(1)-Kilo Helm Final's Declare Attackers Step
Phase: Ai(1)-Kilo Helm Final's Declare Blockers Step
Phase: Ai(1)-Kilo Helm Final's First Strike Damage Step
Phase: Ai(1)-Kilo Helm Final's Combat Damage Step
Phase: Ai(1)-Kilo Helm Final's End of Combat Step
Phase: Ai(1)-Kilo Helm Final's Main phase, postcombat
Phase: Ai(1)-Kilo Helm Final's End step
Phase: Ai(1)-Kilo Helm Final's Cleanup step
Turn: Turn 9 (Ai(2)-Wilhelt Zombies B3)
Phase: Ai(2)-Wilhelt Zombies B3's Untap step
Phase: Ai(2)-Wilhelt Zombies B3's Upkeep step
Mana: Swamp (192) - {T}: Add {B}.
Mana: Charcoal Diamond (157) - {T}: Add {B}.
Mana: Island (154) - {T}: Add {U}.
Add To Stack: Ai(2)-Wilhelt Zombies B3 cast Murder targeting [Sram, Senior Edificer (269)]
Zone Change: Sram, Senior Edificer (269) was put into Graveyard from Battlefield.
Resolve Stack: Murder (124) - Destroy Sram, Senior Edificer (269).
Phase: Ai(2)-Wilhelt Zombies B3's Draw step
Phase: Ai(2)-Wilhelt Zombies B3's Main phase, precombat
Phase: Ai(2)-Wilhelt Zombies B3's Beginning of Combat Step
Phase: Ai(2)-Wilhelt Zombies B3's Declare Attackers Step
Phase: Ai(2)-Wilhelt Zombies B3's Declare Blockers Step
Phase: Ai(2)-Wilhelt Zombies B3's First Strike Damage Step
Phase: Ai(2)-Wilhelt Zombies B3's Combat Damage Step
Phase: Ai(2)-Wilhelt Zombies B3's End of Combat Step
Phase: Ai(2)-Wilhelt Zombies B3's Main phase, postcombat
Land: Ai(2)-Wilhelt Zombies B3 played Island (147)
Phase: Ai(2)-Wilhelt Zombies B3's End step
Phase: Ai(2)-Wilhelt Zombies B3's Cleanup step
Turn: Turn 10 (Ai(3)-Wyleth Voltron B3)
Phase: Ai(3)-Wyleth Voltron B3's Untap step
Phase: Ai(3)-Wyleth Voltron B3's Upkeep step
Phase: Ai(3)-Wyleth Voltron B3's Draw step
Phase: Ai(3)-Wyleth Voltron B3's Main phase, precombat
Replacement Effect: Clifftop Retreat enters tapped unless you control a Mountain or a Plains.
Land: Ai(3)-Wyleth Voltron B3 played Clifftop Retreat (229)
Mana: Clifftop Retreat (229) - {T}: Add {R} or {W}.
Mana: Plains (256) - {T}: Add {W}.
Mana: Hanweir Battlements (243) - {T}: Add {C}.
Add To Stack: Ai(3)-Wyleth Voltron B3 cast Wyleth, Soul of Steel
Resolve Stack: Wyleth, Soul of Steel - Creature 2 / 2
Add To Stack: Ai(4)-Drana Vampires triggered Blood Seeker
Life: Life: Ai(3)-Wyleth Voltron B3 40 > 39
Resolve Stack: Whenever a creature an opponent controls enters, you may have that player lose 1 life. [Zone Changer: Wyleth, Soul of Steel (301)]
Phase: Ai(3)-Wyleth Voltron B3's Beginning of Combat Step
Phase: Ai(3)-Wyleth Voltron B3's Declare Attackers Step
Phase: Ai(3)-Wyleth Voltron B3's Declare Blockers Step
Phase: Ai(3)-Wyleth Voltron B3's First Strike Damage Step
Phase: Ai(3)-Wyleth Voltron B3's Combat Damage Step
Phase: Ai(3)-Wyleth Voltron B3's End of Combat Step
Phase: Ai(3)-Wyleth Voltron B3's Main phase, postcombat
Phase: Ai(3)-Wyleth Voltron B3's End step
Phase: Ai(3)-Wyleth Voltron B3's Cleanup step
Turn: Turn 11 (Ai(4)-Drana Vampires)
Phase: Ai(4)-Drana Vampires' Untap step
Phase: Ai(4)-Drana Vampires' Upkeep step
Phase: Ai(4)-Drana Vampires' Draw step
Phase: Ai(4)-Drana Vampires' Main phase, precombat
Land: Ai(4)-Drana Vampires played Swamp (362)
Mana: Swamp (369) - {T}: Add {B}.
Mana: Swamp (386) - {T}: Add {B}.
Mana: Swamp (362) - {T}: Add {B}.
Add To Stack: Ai(4)-Drana Vampires cast Underworld Connections targeting [Swamp (369)]
Resolve Stack: Underworld Connections (349) -  Attach to Swamp (369)
Phase: Ai(4)-Drana Vampires' Beginning of Combat Step
Phase: Ai(4)-Drana Vampires' Declare Attackers Step
Phase: Ai(4)-Drana Vampires' Declare Blockers Step
Phase: Ai(4)-Drana Vampires' First Strike Damage Step
Phase: Ai(4)-Drana Vampires' Combat Damage Step
Phase: Ai(4)-Drana Vampires' End of Combat Step
Phase: Ai(4)-Drana Vampires' Main phase, postcombat
Phase: Ai(4)-Drana Vampires' End step
Phase: Ai(4)-Drana Vampires' Cleanup step
Turn: Turn 12 (Ai(1)-Kilo Helm Final)
Phase: Ai(1)-Kilo Helm Final's Untap step
Phase: Ai(1)-Kilo Helm Final's Upkeep step
Phase: Ai(1)-Kilo Helm Final's Draw step
Phase: Ai(1)-Kilo Helm Final's Main phase, precombat
Land: Ai(1)-Kilo Helm Final played Ancient Den (89)
Phase: Ai(1)-Kilo Helm Final's Beginning of Combat Step
Mana: Ancient Den (89) - {T}: Add {W}.
Add To Stack: Ai(1)-Kilo Helm Final activated Inkmoth Nexus
Resolve Stack: Inkmoth Nexus (41) - Inkmoth Nexus (41) has base power and toughness 1/1  and becomes a creature artifact Phyrexian Blinkmoth and  gains flying and infect until end of turn.
Phase: Ai(1)-Kilo Helm Final's Declare Attackers Step
Combat: Ai(1)-Kilo Helm Final assigned Inkmoth Nexus (41) to attack Ai(4)-Drana Vampires.
Phase: Ai(1)-Kilo Helm Final's Declare Blockers Step
Combat: Ai(4)-Drana Vampires didn't block Inkmoth Nexus (41).
Phase: Ai(1)-Kilo Helm Final's First Strike Damage Step
Phase: Ai(1)-Kilo Helm Final's Combat Damage Step
Damage: Inkmoth Nexus (41) deals 1 combat damage to Ai(4)-Drana Vampires(as poison counters).
Damage: Ai(4)-Drana Vampires receives 1 poison counter from Ai(1)-Kilo Helm Final
Phase: Ai(1)-Kilo Helm Final's End of Combat Step
Phase: Ai(1)-Kilo Helm Final's Main phase, postcombat
Phase: Ai(1)-Kilo Helm Final's End step
Phase: Ai(1)-Kilo Helm Final's Cleanup step
Turn: Turn 13 (Ai(2)-Wilhelt Zombies B3)
Phase: Ai(2)-Wilhelt Zombies B3's Untap step
Phase: Ai(2)-Wilhelt Zombies B3's Upkeep step
Phase: Ai(2)-Wilhelt Zombies B3's Draw step
Phase: Ai(2)-Wilhelt Zombies B3's Main phase, precombat
Land: Ai(2)-Wilhelt Zombies B3 played Swamp (179)
Phase: Ai(2)-Wilhelt Zombies B3's Beginning of Combat Step
Phase: Ai(2)-Wilhelt Zombies B3's Declare Attackers Step
Phase: Ai(2)-Wilhelt Zombies B3's Declare Blockers Step
Phase: Ai(2)-Wilhelt Zombies B3's First Strike Damage Step
Phase: Ai(2)-Wilhelt Zombies B3's Combat Damage Step
Phase: Ai(2)-Wilhelt Zombies B3's End of Combat Step
Phase: Ai(2)-Wilhelt Zombies B3's Main phase, postcombat
Mana: Swamp (192) - {T}: Add {B}.
Mana: Charcoal Diamond (157) - {T}: Add {B}.
Mana: Swamp (179) - {T}: Add {B}.
Add To Stack: Ai(2)-Wilhelt Zombies B3 cast Rotting Regisaur
Resolve Stack: Rotting Regisaur - Creature 7 / 6
Add To Stack: Ai(4)-Drana Vampires triggered Blood Seeker
Life: Life: Ai(2)-Wilhelt Zombies B3 40 > 39
Resolve Stack: Whenever a creature an opponent controls enters, you may have that player lose 1 life. [Zone Changer: Rotting Regisaur (169)]
Phase: Ai(2)-Wilhelt Zombies B3's End step
Phase: Ai(2)-Wilhelt Zombies B3's Cleanup step
Turn: Turn 14 (Ai(3)-Wyleth Voltron B3)
Phase: Ai(3)-Wyleth Voltron B3's Untap step
Phase: Ai(3)-Wyleth Voltron B3's Upkeep step
Phase: Ai(3)-Wyleth Voltron B3's Draw step
Phase: Ai(3)-Wyleth Voltron B3's Main phase, precombat
Land: Ai(3)-Wyleth Voltron B3 played Mountain (287)
Mana: Mountain (287) - {T}: Add {R}.
Mana: Plains (256) - {T}: Add {W}.
Mana: Clifftop Retreat (229) - {T}: Add {R} or {W}.
Mana: Hanweir Battlements (243) - {T}: Add {C}.
Add To Stack: Ai(3)-Wyleth Voltron B3 cast Hammer of Nazahn
Resolve Stack: Hammer of Nazahn
Add To Stack: Ai(3)-Wyleth Voltron B3 triggered Hammer of Nazahn targeting [Wyleth, Soul of Steel (301)]
Resolve Stack: Whenever Hammer of Nazahn or another Equipment you control enters, you may attach that Equipment to target creature you control. (Targeting: [[Wyleth, Soul of Steel (301)]]) [Zone Changer: Hammer of Nazahn (207)]
Phase: Ai(3)-Wyleth Voltron B3's Beginning of Combat Step
Phase: Ai(3)-Wyleth Voltron B3's Declare Attackers Step
Combat: Ai(3)-Wyleth Voltron B3 assigned Wyleth, Soul of Steel (301) to attack Ai(2)-Wilhelt Zombies B3.
Add To Stack: Ai(3)-Wyleth Voltron B3 triggered Wyleth, Soul of Steel
Resolve Stack: Whenever Wyleth, Soul of Steel attacks, draw a card for each Aura and Equipment attached to it. [Attacker: Wyleth, Soul of Steel (301)]
Phase: Ai(3)-Wyleth Voltron B3's Declare Blockers Step
Combat: Ai(2)-Wilhelt Zombies B3 assigned Rotting Regisaur (169) to block Wyleth, Soul of Steel (301).
Phase: Ai(3)-Wyleth Voltron B3's First Strike Damage Step
Phase: Ai(3)-Wyleth Voltron B3's Combat Damage Step
Damage: Wyleth, Soul of Steel (301) deals 4 damage to Rotting Regisaur (169).
Damage: Rotting Regisaur (169) deals 7 damage to Wyleth, Soul of Steel (301).
Phase: Ai(3)-Wyleth Voltron B3's End of Combat Step
Phase: Ai(3)-Wyleth Voltron B3's Main phase, postcombat
Phase: Ai(3)-Wyleth Voltron B3's End step
Phase: Ai(3)-Wyleth Voltron B3's Cleanup step
Turn: Turn 15 (Ai(4)-Drana Vampires)
Phase: Ai(4)-Drana Vampires' Untap step
Phase: Ai(4)-Drana Vampires' Upkeep step
Phase: Ai(4)-Drana Vampires' Draw step
Phase: Ai(4)-Drana Vampires' Main phase, precombat
Land: Ai(4)-Drana Vampires played Swamp (392)
Phase: Ai(4)-Drana Vampires' Beginning of Combat Step
Phase: Ai(4)-Drana Vampires' Declare Attackers Step
Combat: Ai(4)-Drana Vampires assigned Blood Seeker (305) to attack Ai(3)-Wyleth Voltron B3.
Phase: Ai(4)-Drana Vampires' Declare Blockers Step
Combat: Ai(3)-Wyleth Voltron B3 didn't block Blood Seeker (305).
Phase: Ai(4)-Drana Vampires' First Strike Damage Step
Phase: Ai(4)-Drana Vampires' Combat Damage Step
Damage: Blood Seeker (305) deals 1 combat damage to Ai(3)-Wyleth Voltron B3.
Life: Life: Ai(3)-Wyleth Voltron B3 39 > 38
Phase: Ai(4)-Drana Vampires' End of Combat Step
Phase: Ai(4)-Drana Vampires' Main phase, postcombat
Life: Life: Ai(4)-Drana Vampires 40 > 39
Add To Stack: Ai(4)-Drana Vampires activated Swamp
Resolve Stack: Swamp (369) - Ai(4)-Drana Vampires draws a card.
Mana: Swamp (386) - {T}: Add {B}.
Mana: Swamp (362) - {T}: Add {B}.
Mana: Swamp (392) - {T}: Add {B}.
Add To Stack: Ai(4)-Drana Vampires cast Drana, Liberator of Malakir
Resolve Stack: Drana, Liberator of Malakir - Creature 2 / 3
Phase: Ai(4)-Drana Vampires' End step
Phase: Ai(4)-Drana Vampires' Cleanup step
Turn: Turn 16 (Ai(1)-Kilo Helm Final)
Phase: Ai(1)-Kilo Helm Final's Untap step
Phase: Ai(1)-Kilo Helm Final's Upkeep step
Phase: Ai(1)-Kilo Helm Final's Draw step
Phase: Ai(1)-Kilo Helm Final's Main phase, precombat
Phase: Ai(1)-Kilo Helm Final's Beginning of Combat Step
Phase: Ai(1)-Kilo Helm Final's Declare Attackers Step
Phase: Ai(1)-Kilo Helm Final's Declare Blockers Step
Phase: Ai(1)-Kilo Helm Final's First Strike Damage Step
Phase: Ai(1)-Kilo Helm Final's Combat Damage Step
Phase: Ai(1)-Kilo Helm Final's End of Combat Step
Phase: Ai(1)-Kilo Helm Final's Main phase, postcombat
Mana: Ancient Den (89) - {T}: Add {W}.
Mana: Silverbluff Bridge (25) - {T}: Add {U} or {R}.
Mana: Inkmoth Nexus (41) - {T}: Add {C}.
Add To Stack: Ai(1)-Kilo Helm Final cast Foundry Inspector
Resolve Stack: Foundry Inspector - Creature 3 / 2
Add To Stack: Ai(4)-Drana Vampires triggered Blood Seeker
Life: Life: Ai(1)-Kilo Helm Final 40 > 39
Resolve Stack: Whenever a creature an opponent controls enters, you may have that player lose 1 life. [Zone Changer: Foundry Inspector (35)]
Phase: Ai(1)-Kilo Helm Final's End step
Phase: Ai(1)-Kilo Helm Final's Cleanup step
Turn: Turn 17 (Ai(2)-Wilhelt Zombies B3)
Phase: Ai(2)-Wilhelt Zombies B3's Untap step
Phase: Ai(2)-Wilhelt Zombies B3's Upkeep step
Add To Stack: Ai(2)-Wilhelt Zombies B3 triggered Rotting Regisaur
Discard: Ai(2)-Wilhelt Zombies B3 discards Gleaming Overseer (130).
Resolve Stack: At the beginning of your upkeep, discard a card. [Phase: Ai(2)-Wilhelt Zombies B3]
Phase: Ai(2)-Wilhelt Zombies B3's Draw step
Phase: Ai(2)-Wilhelt Zombies B3's Main phase, precombat
Land: Ai(2)-Wilhelt Zombies B3 played Island (150)
Phase: Ai(2)-Wilhelt Zombies B3's Beginning of Combat Step
Phase: Ai(2)-Wilhelt Zombies B3's Declare Attackers Step
Combat: Ai(2)-Wilhelt Zombies B3 assigned Rotting Regisaur (169) to attack Ai(4)-Drana Vampires.
Phase: Ai(2)-Wilhelt Zombies B3's Declare Blockers Step
Combat: Ai(4)-Drana Vampires didn't block Rotting Regisaur (169).
Phase: Ai(2)-Wilhelt Zombies B3's First Strike Damage Step
Phase: Ai(2)-Wilhelt Zombies B3's Combat Damage Step
Damage: Rotting Regisaur (169) deals 7 combat damage to Ai(4)-Drana Vampires.
Life: Life: Ai(4)-Drana Vampires 39 > 32
Phase: Ai(2)-Wilhelt Zombies B3's End of Combat Step
Phase: Ai(2)-Wilhelt Zombies B3's Main phase, postcombat
Mana: Island (154) - {T}: Add {U}.
Mana: Swamp (192) - {T}: Add {B}.
Mana: Island (147) - {T}: Add {U}.
Mana: Island (150) - {T}: Add {U}.
Add To Stack: Ai(2)-Wilhelt Zombies B3 cast Wilhelt, the Rotcleaver
Resolve Stack: Wilhelt, the Rotcleaver - Creature 3 / 3
Add To Stack: Ai(4)-Drana Vampires triggered Blood Seeker
Life: Life: Ai(2)-Wilhelt Zombies B3 39 > 38
Resolve Stack: Whenever a creature an opponent controls enters, you may have that player lose 1 life. [Zone Changer: Wilhelt, the Rotcleaver (200)]
Mana: Charcoal Diamond (157) - {T}: Add {B}.
Mana: Swamp (179) - {T}: Add {B}.
Add To Stack: Ai(2)-Wilhelt Zombies B3 cast Night's Whisper
Life: Life: Ai(2)-Wilhelt Zombies B3 38 > 36
Resolve Stack: Night's Whisper (105) - Ai(2)-Wilhelt Zombies B3 draws two cards. Ai(2)-Wilhelt Zombies B3 loses 2 life.
Phase: Ai(2)-Wilhelt Zombies B3's End step
Add To Stack: Ai(2)-Wilhelt Zombies B3 triggered Wilhelt, the Rotcleaver
Resolve Stack: At the beginning of your end step, you may sacrifice a Zombie. If you do, draw a card. [Phase: Ai(2)-Wilhelt Zombies B3]
Phase: Ai(2)-Wilhelt Zombies B3's Cleanup step
Turn: Turn 18 (Ai(3)-Wyleth Voltron B3)
Phase: Ai(3)-Wyleth Voltron B3's Untap step
Phase: Ai(3)-Wyleth Voltron B3's Upkeep step
Phase: Ai(3)-Wyleth Voltron B3's Draw step
Phase: Ai(3)-Wyleth Voltron B3's Main phase, precombat
Land: Ai(3)-Wyleth Voltron B3 played Slayers' Stronghold (271)
Mana: Plains (256) - {T}: Add {W}.
Mana: Clifftop Retreat (229) - {T}: Add {R} or {W}.
Mana: Mountain (287) - {T}: Add {R}.
Mana: Slayers' Stronghold (271) - {T}: Add {C}.
Add To Stack: Ai(3)-Wyleth Voltron B3 cast Wrath of God
Zone Change: Blood Seeker (305) was put into Graveyard from Battlefield.
Zone Change: Drana, Liberator of Malakir (402) was put into Graveyard from Battlefield.
Zone Change: Foundry Inspector (35) was put into Graveyard from Battlefield.
Zone Change: Rotting Regisaur (169) was put into Graveyard from Battlefield.
Zone Change: Wilhelt, the Rotcleaver (200) was put into Graveyard from Battlefield.
Resolve Stack: Wrath of God (297) - Destroy all creatures. They can't be regenerated.
Add To Stack: Ai(2)-Wilhelt Zombies B3 triggered Wilhelt, the Rotcleaver
Resolve Stack: Whenever another Zombie you control dies, if it didn't have decayed, create a 2/2 black Zombie creature token with decayed. (It can't block. When it attacks, sacrifice it at end of combat.) [Zone Changer: Rotting Regisaur (169)]
Phase: Ai(3)-Wyleth Voltron B3's Beginning of Combat Step
Phase: Ai(3)-Wyleth Voltron B3's Declare Attackers Step
Combat: Ai(3)-Wyleth Voltron B3 assigned Wyleth, Soul of Steel (301) to attack Ai(2)-Wilhelt Zombies B3.
Add To Stack: Ai(3)-Wyleth Voltron B3 triggered Wyleth, Soul of Steel
Resolve Stack: Whenever Wyleth, Soul of Steel attacks, draw a card for each Aura and Equipment attached to it. [Attacker: Wyleth, Soul of Steel (301)]
Phase: Ai(3)-Wyleth Voltron B3's Declare Blockers Step
Combat: Ai(2)-Wilhelt Zombies B3 didn't block Wyleth, Soul of Steel (301).
Phase: Ai(3)-Wyleth Voltron B3's First Strike Damage Step
Phase: Ai(3)-Wyleth Voltron B3's Combat Damage Step
Damage: Wyleth, Soul of Steel (301) deals 4 combat damage to Ai(2)-Wilhelt Zombies B3.
Life: Life: Ai(2)-Wilhelt Zombies B3 36 > 32
Phase: Ai(3)-Wyleth Voltron B3's End of Combat Step
Phase: Ai(3)-Wyleth Voltron B3's Main phase, postcombat
Mana: Hanweir Battlements (243) - {T}: Add {C}.
Add To Stack: Ai(3)-Wyleth Voltron B3 cast Bloodforged Battle-Axe
Resolve Stack: Bloodforged Battle-Axe
Add To Stack: Ai(3)-Wyleth Voltron B3 triggered Hammer of Nazahn targeting [Wyleth, Soul of Steel (301)]
Resolve Stack: Whenever Hammer of Nazahn or another Equipment you control enters, you may attach that Equipment to target creature you control. (Targeting: [[Wyleth, Soul of Steel (301)]]) [Zone Changer: Bloodforged Battle-Axe (233)]
Phase: Ai(3)-Wyleth Voltron B3's End step
Phase: Ai(3)-Wyleth Voltron B3's Cleanup step
Turn: Turn 19 (Ai(4)-Drana Vampires)
Phase: Ai(4)-Drana Vampires' Untap step
Phase: Ai(4)-Drana Vampires' Upkeep step
Mana: Swamp (386) - {T}: Add {B}.
Mana: Swamp (362) - {T}: Add {B}.
Add To Stack: Ai(4)-Drana Vampires cast Go for the Throat targeting [Zombie Token (412)]
Zone Change: Zombie Token (412) was put into Graveyard from Battlefield.
Resolve Stack: Go for the Throat (339) - Destroy Zombie Token (412).
Mana: Swamp (392) - {T}: Add {B}.
Add To Stack: Ai(4)-Drana Vampires cast Tragic Slip targeting [Wyleth, Soul of Steel (301)]
Resolve Stack: Tragic Slip (335) - Wyleth, Soul of Steel (301) gets -13/-13  until end of turn.
Zone Change: Wyleth, Soul of Steel (301) was put into Graveyard from Battlefield.
Phase: Ai(4)-Drana Vampires' Draw step
Phase: Ai(4)-Drana Vampires' Main phase, precombat
Land: Ai(4)-Drana Vampires played Swamp (398)
Phase: Ai(4)-Drana Vampires' Beginning of Combat Step
Phase: Ai(4)-Drana Vampires' Declare Attackers Step
Phase: Ai(4)-Drana Vampires' Declare Blockers Step
Phase: Ai(4)-Drana Vampires' First Strike Damage Step
Phase: Ai(4)-Drana Vampires' Combat Damage Step
Phase: Ai(4)-Drana Vampires' End of Combat Step
Phase: Ai(4)-Drana Vampires' Main phase, postcombat
Life: Life: Ai(4)-Drana Vampires 32 > 31
Add To Stack: Ai(4)-Drana Vampires activated Swamp
Resolve Stack: Swamp (369) - Ai(4)-Drana Vampires draws a card.
Phase: Ai(4)-Drana Vampires' End step
Phase: Ai(4)-Drana Vampires' Cleanup step
Turn: Turn 20 (Ai(1)-Kilo Helm Final)
Phase: Ai(1)-Kilo Helm Final's Untap step
Phase: Ai(1)-Kilo Helm Final's Upkeep step
Phase: Ai(1)-Kilo Helm Final's Draw step
Phase: Ai(1)-Kilo Helm Final's Main phase, precombat
Land: Ai(1)-Kilo Helm Final played Great Furnace (96)
Mana: Ancient Den (89) - {T}: Add {W}.
Mana: Silverbluff Bridge (25) - {T}: Add {U} or {R}.
Mana: Great Furnace (96) - {T}: Add {R}.
Add To Stack: Ai(1)-Kilo Helm Final cast Kilo, Apogee Mind
Resolve Stack: Kilo, Apogee Mind - Creature 3 / 3
Phase: Ai(1)-Kilo Helm Final's Beginning of Combat Step
Phase: Ai(1)-Kilo Helm Final's Declare Attackers Step
Combat: Ai(1)-Kilo Helm Final assigned Kilo, Apogee Mind (100) to attack Ai(3)-Wyleth Voltron B3.
Add To Stack: Ai(1)-Kilo Helm Final triggered Kilo, Apogee Mind
Damage: Ai(4)-Drana Vampires receives 1 poison counter from Ai(1)-Kilo Helm Final
Resolve Stack: Whenever Kilo becomes tapped, proliferate. (Choose any number of permanents and/or players, then give each another counter of each kind already there.) [Tapped: Kilo, Apogee Mind (100)]
Phase: Ai(1)-Kilo Helm Final's Declare Blockers Step
Combat: Ai(3)-Wyleth Voltron B3 didn't block Kilo, Apogee Mind (100).
Phase: Ai(1)-Kilo Helm Final's First Strike Damage Step
Phase: Ai(1)-Kilo Helm Final's Combat Damage Step
Damage: Kilo, Apogee Mind (100) deals 3 combat damage to Ai(3)-Wyleth Voltron B3.
Life: Life: Ai(3)-Wyleth Voltron B3 38 > 35
Phase: Ai(1)-Kilo Helm Final's End of Combat Step
Phase: Ai(1)-Kilo Helm Final's Main phase, postcombat
Phase: Ai(1)-Kilo Helm Final's End step
Phase: Ai(1)-Kilo Helm Final's Cleanup step
Turn: Turn 21 (Ai(2)-Wilhelt Zombies B3)
Phase: Ai(2)-Wilhelt Zombies B3's Untap step
Phase: Ai(2)-Wilhelt Zombies B3's Upkeep step
Phase: Ai(2)-Wilhelt Zombies B3's Draw step
Phase: Ai(2)-Wilhelt Zombies B3's Main phase, precombat
Land: Ai(2)-Wilhelt Zombies B3 played Swamp (177)
Phase: Ai(2)-Wilhelt Zombies B3's Beginning of Combat Step
Phase: Ai(2)-Wilhelt Zombies B3's Declare Attackers Step
Phase: Ai(2)-Wilhelt Zombies B3's Declare Blockers Step
Phase: Ai(2)-Wilhelt Zombies B3's First Strike Damage Step
Phase: Ai(2)-Wilhelt Zombies B3's Combat Damage Step
Phase: Ai(2)-Wilhelt Zombies B3's End of Combat Step
Phase: Ai(2)-Wilhelt Zombies B3's Main phase, postcombat
Mana: Swamp (192) - {T}: Add {B}.
Mana: Charcoal Diamond (157) - {T}: Add {B}.
Mana: Island (154) - {T}: Add {U}.
Mana: Island (147) - {T}: Add {U}.
Mana: Island (150) - {T}: Add {U}.
Add To Stack: Ai(2)-Wilhelt Zombies B3 cast Gray Merchant of Asphodel
Resolve Stack: Gray Merchant of Asphodel - Creature 2 / 4
Add To Stack: Ai(2)-Wilhelt Zombies B3 triggered Gray Merchant of Asphodel
Life: Life: Ai(3)-Wyleth Voltron B3 35 > 33
Life: Life: Ai(4)-Drana Vampires 31 > 29
Life: Life: Ai(1)-Kilo Helm Final 39 > 37
Life: Life: Ai(2)-Wilhelt Zombies B3 32 > 38
Resolve Stack: When Gray Merchant of Asphodel enters, each opponent loses X life, where X is your devotion to black. You gain life equal to the life lost this way. [Zone Changer: Gray Merchant of Asphodel (116)]
Mana: Swamp (179) - {T}: Add {B}.
Mana: Swamp (177) - {T}: Add {B}.
Add To Stack: Ai(2)-Wilhelt Zombies B3 cast Sky Diamond
Add To Stack: Ai(1)-Kilo Helm Final cast Fierce Guardianship targeting [Sky Diamond]
Zone Change: Send countered spell to Graveyard
Resolve Stack: Fierce Guardianship (17) - Counter Sky Diamond (193).
Phase: Ai(2)-Wilhelt Zombies B3's End step
Phase: Ai(2)-Wilhelt Zombies B3's Cleanup step
Turn: Turn 22 (Ai(3)-Wyleth Voltron B3)
Phase: Ai(3)-Wyleth Voltron B3's Untap step
Phase: Ai(3)-Wyleth Voltron B3's Upkeep step
Phase: Ai(3)-Wyleth Voltron B3's Draw step
Phase: Ai(3)-Wyleth Voltron B3's Main phase, precombat
Land: Ai(3)-Wyleth Voltron B3 played Mountain (285)
Mana: Plains (256) - {T}: Add {W}.
Mana: Mountain (287) - {T}: Add {R}.
Mana: Mountain (285) - {T}: Add {R}.
Mana: Clifftop Retreat (229) - {T}: Add {R} or {W}.
Mana: Slayers' Stronghold (271) - {T}: Add {C}.
Add To Stack: Ai(3)-Wyleth Voltron B3 cast Wyleth, Soul of Steel
Resolve Stack: Wyleth, Soul of Steel - Creature 2 / 2
Phase: Ai(3)-Wyleth Voltron B3's Beginning of Combat Step
Phase: Ai(3)-Wyleth Voltron B3's Declare Attackers Step
Phase: Ai(3)-Wyleth Voltron B3's Declare Blockers Step
Phase: Ai(3)-Wyleth Voltron B3's First Strike Damage Step
Phase: Ai(3)-Wyleth Voltron B3's Combat Damage Step
Phase: Ai(3)-Wyleth Voltron B3's End of Combat Step
Phase: Ai(3)-Wyleth Voltron B3's Main phase, postcombat
Phase: Ai(3)-Wyleth Voltron B3's End step
Phase: Ai(3)-Wyleth Voltron B3's Cleanup step
Turn: Turn 23 (Ai(4)-Drana Vampires)
Phase: Ai(4)-Drana Vampires' Untap step
Phase: Ai(4)-Drana Vampires' Upkeep step
Phase: Ai(4)-Drana Vampires' Draw step
Phase: Ai(4)-Drana Vampires' Main phase, precombat
Mana: Swamp (386) - {T}: Add {B}.
Mana: Swamp (362) - {T}: Add {B}.
Mana: Swamp (392) - {T}: Add {B}.
Add To Stack: Ai(4)-Drana Vampires cast Quag Sickness targeting [Wyleth, Soul of Steel (301)]
Resolve Stack: Quag Sickness (333) -  Attach to Wyleth, Soul of Steel (301)
Zone Change: Wyleth, Soul of Steel (301) was put into Graveyard from Battlefield.
Zone Change: Quag Sickness (333) was put into Graveyard from Battlefield.
Phase: Ai(4)-Drana Vampires' Beginning of Combat Step
Phase: Ai(4)-Drana Vampires' Declare Attackers Step
Phase: Ai(4)-Drana Vampires' Declare Blockers Step
Phase: Ai(4)-Drana Vampires' First Strike Damage Step
Phase: Ai(4)-Drana Vampires' Combat Damage Step
Phase: Ai(4)-Drana Vampires' End of Combat Step
Phase: Ai(4)-Drana Vampires' Main phase, postcombat
Life: Life: Ai(4)-Drana Vampires 29 > 28
Add To Stack: Ai(4)-Drana Vampires activated Swamp
Resolve Stack: Swamp (369) - Ai(4)-Drana Vampires draws a card.
Mana: Swamp (398) - {T}: Add {B}.
Add To Stack: Ai(4)-Drana Vampires cast Pulse Tracker
Resolve Stack: Pulse Tracker - Creature 1 / 1
Phase: Ai(4)-Drana Vampires' End step
Phase: Ai(4)-Drana Vampires' Cleanup step
Turn: Turn 24 (Ai(1)-Kilo Helm Final)
Phase: Ai(1)-Kilo Helm Final's Untap step
Phase: Ai(1)-Kilo Helm Final's Upkeep step
Phase: Ai(1)-Kilo Helm Final's Draw step
Phase: Ai(1)-Kilo Helm Final's Main phase, precombat
Land: Ai(1)-Kilo Helm Final played Inventors' Fair (2)
Phase: Ai(1)-Kilo Helm Final's Beginning of Combat Step
Mana: Great Furnace (96) - {T}: Add {R}.
Add To Stack: Ai(1)-Kilo Helm Final activated Inkmoth Nexus
Resolve Stack: Inkmoth Nexus (41) - Inkmoth Nexus (41) has base power and toughness 1/1  and becomes a creature artifact Phyrexian Blinkmoth and  gains flying and infect until end of turn.
Phase: Ai(1)-Kilo Helm Final's Declare Attackers Step
Combat: Ai(1)-Kilo Helm Final assigned Kilo, Apogee Mind (100) and Inkmoth Nexus (41) to attack Ai(4)-Drana Vampires.
Add To Stack: Ai(1)-Kilo Helm Final triggered Kilo, Apogee Mind
Damage: Ai(4)-Drana Vampires receives 1 poison counter from Ai(1)-Kilo Helm Final
Resolve Stack: Whenever Kilo becomes tapped, proliferate. (Choose any number of permanents and/or players, then give each another counter of each kind already there.) [Tapped: Kilo, Apogee Mind (100)]
Phase: Ai(1)-Kilo Helm Final's Declare Blockers Step
Combat: Ai(4)-Drana Vampires didn't block Kilo, Apogee Mind (100).
Ai(4)-Drana Vampires didn't block Inkmoth Nexus (41).
Phase: Ai(1)-Kilo Helm Final's First Strike Damage Step
Phase: Ai(1)-Kilo Helm Final's Combat Damage Step
Damage: Kilo, Apogee Mind (100) deals 3 combat damage to Ai(4)-Drana Vampires.
Damage: Inkmoth Nexus (41) deals 1 combat damage to Ai(4)-Drana Vampires(as poison counters).
Life: Life: Ai(4)-Drana Vampires 28 > 25
Damage: Ai(4)-Drana Vampires receives 1 poison counter from Ai(1)-Kilo Helm Final
Phase: Ai(1)-Kilo Helm Final's End of Combat Step
Phase: Ai(1)-Kilo Helm Final's Main phase, postcombat
Phase: Ai(1)-Kilo Helm Final's End step
Phase: Ai(1)-Kilo Helm Final's Cleanup step
Turn: Turn 25 (Ai(2)-Wilhelt Zombies B3)
Phase: Ai(2)-Wilhelt Zombies B3's Untap step
Phase: Ai(2)-Wilhelt Zombies B3's Upkeep step
Phase: Ai(2)-Wilhelt Zombies B3's Draw step
Phase: Ai(2)-Wilhelt Zombies B3's Main phase, precombat
Land: Ai(2)-Wilhelt Zombies B3 played Swamp (189)
Phase: Ai(2)-Wilhelt Zombies B3's Beginning of Combat Step
Phase: Ai(2)-Wilhelt Zombies B3's Declare Attackers Step
Combat: Ai(2)-Wilhelt Zombies B3 assigned Gray Merchant of Asphodel (116) to attack Ai(4)-Drana Vampires.
Phase: Ai(2)-Wilhelt Zombies B3's Declare Blockers Step
Combat: Ai(4)-Drana Vampires didn't block Gray Merchant of Asphodel (116).
Phase: Ai(2)-Wilhelt Zombies B3's First Strike Damage Step
Phase: Ai(2)-Wilhelt Zombies B3's Combat Damage Step
Damage: Gray Merchant of Asphodel (116) deals 2 combat damage to Ai(4)-Drana Vampires.
Life: Life: Ai(4)-Drana Vampires 25 > 23
Phase: Ai(2)-Wilhelt Zombies B3's End of Combat Step
Phase: Ai(2)-Wilhelt Zombies B3's Main phase, postcombat
Mana: Island (154) - {T}: Add {U}.
Mana: Swamp (192) - {T}: Add {B}.
Mana: Island (147) - {T}: Add {U}.
Mana: Island (150) - {T}: Add {U}.
Mana: Charcoal Diamond (157) - {T}: Add {B}.
Mana: Swamp (179) - {T}: Add {B}.
Add To Stack: Ai(2)-Wilhelt Zombies B3 cast Wilhelt, the Rotcleaver
Resolve Stack: Wilhelt, the Rotcleaver - Creature 3 / 3
Phase: Ai(2)-Wilhelt Zombies B3's End step
Add To Stack: Ai(2)-Wilhelt Zombies B3 triggered Wilhelt, the Rotcleaver
Resolve Stack: At the beginning of your end step, you may sacrifice a Zombie. If you do, draw a card. [Phase: Ai(2)-Wilhelt Zombies B3]
Phase: Ai(2)-Wilhelt Zombies B3's Cleanup step
Turn: Turn 26 (Ai(3)-Wyleth Voltron B3)
Phase: Ai(3)-Wyleth Voltron B3's Untap step
Phase: Ai(3)-Wyleth Voltron B3's Upkeep step
Phase: Ai(3)-Wyleth Voltron B3's Draw step
Phase: Ai(3)-Wyleth Voltron B3's Main phase, precombat
Land: Ai(3)-Wyleth Voltron B3 played Mountain (278)
Mana: Plains (256) - {T}: Add {W}.
Mana: Clifftop Retreat (229) - {T}: Add {R} or {W}.
Mana: Mountain (287) - {T}: Add {R}.
Add To Stack: Ai(3)-Wyleth Voltron B3 cast Kemba, Kha Regent
Resolve Stack: Kemba, Kha Regent - Creature 2 / 4
Mana: Mountain (285) - {T}: Add {R}.
Mana: Mountain (278) - {T}: Add {R}.
Mana: Slayers' Stronghold (271) - {T}: Add {C}.
Mana: Hanweir Battlements (243) - {T}: Add {C}.
Add To Stack: Ai(3)-Wyleth Voltron B3 activated Hammer of Nazahn targeting [Kemba, Kha Regent (228)]
Resolve Stack: Hammer of Nazahn (207) -  Attach to Kemba, Kha Regent (228)
Phase: Ai(3)-Wyleth Voltron B3's Beginning of Combat Step
Phase: Ai(3)-Wyleth Voltron B3's Declare Attackers Step
Phase: Ai(3)-Wyleth Voltron B3's Declare Blockers Step
Phase: Ai(3)-Wyleth Voltron B3's First Strike Damage Step
Phase: Ai(3)-Wyleth Voltron B3's Combat Damage Step
Phase: Ai(3)-Wyleth Voltron B3's End of Combat Step
Phase: Ai(3)-Wyleth Voltron B3's Main phase, postcombat
Phase: Ai(3)-Wyleth Voltron B3's End step
Phase: Ai(3)-Wyleth Voltron B3's Cleanup step
Turn: Turn 27 (Ai(4)-Drana Vampires)
Phase: Ai(4)-Drana Vampires' Untap step
Phase: Ai(4)-Drana Vampires' Upkeep step
Phase: Ai(4)-Drana Vampires' Draw step
Phase: Ai(4)-Drana Vampires' Main phase, precombat
Mana: Swamp (386) - {T}: Add {B}.
Mana: Swamp (362) - {T}: Add {B}.
Mana: Swamp (392) - {T}: Add {B}.
Mana: Swamp (398) - {T}: Add {B}.
Add To Stack: Ai(4)-Drana Vampires cast Whip of Erebos
Resolve Stack: Whip of Erebos
Phase: Ai(4)-Drana Vampires' Beginning of Combat Step
Phase: Ai(4)-Drana Vampires' Declare Attackers Step
Phase: Ai(4)-Drana Vampires' Declare Blockers Step
Phase: Ai(4)-Drana Vampires' First Strike Damage Step
Phase: Ai(4)-Drana Vampires' Combat Damage Step
Phase: Ai(4)-Drana Vampires' End of Combat Step
Phase: Ai(4)-Drana Vampires' Main phase, postcombat
Life: Life: Ai(4)-Drana Vampires 23 > 22
Add To Stack: Ai(4)-Drana Vampires activated Swamp
Resolve Stack: Swamp (369) - Ai(4)-Drana Vampires draws a card.
Phase: Ai(4)-Drana Vampires' End step
Phase: Ai(4)-Drana Vampires' Cleanup step
Turn: Turn 28 (Ai(1)-Kilo Helm Final)
Phase: Ai(1)-Kilo Helm Final's Untap step
Phase: Ai(1)-Kilo Helm Final's Upkeep step
Add To Stack: Ai(1)-Kilo Helm Final triggered Inventors' Fair
Life: Life: Ai(1)-Kilo Helm Final 37 > 38
Resolve Stack: At the beginning of your upkeep, if you control three or more artifacts, you gain 1 life. [Phase: Ai(1)-Kilo Helm Final]
Phase: Ai(1)-Kilo Helm Final's Draw step
Phase: Ai(1)-Kilo Helm Final's Main phase, precombat
Phase: Ai(1)-Kilo Helm Final's Beginning of Combat Step
Mana: Great Furnace (96) - {T}: Add {R}.
Add To Stack: Ai(1)-Kilo Helm Final activated Inkmoth Nexus
Resolve Stack: Inkmoth Nexus (41) - Inkmoth Nexus (41) has base power and toughness 1/1  and becomes a creature artifact Phyrexian Blinkmoth and  gains flying and infect until end of turn.
Phase: Ai(1)-Kilo Helm Final's Declare Attackers Step
Combat: Ai(1)-Kilo Helm Final assigned Inkmoth Nexus (41) to attack Ai(3)-Wyleth Voltron B3.
Phase: Ai(1)-Kilo Helm Final's Declare Blockers Step
Combat: Ai(3)-Wyleth Voltron B3 didn't block Inkmoth Nexus (41).
Phase: Ai(1)-Kilo Helm Final's First Strike Damage Step
Phase: Ai(1)-Kilo Helm Final's Combat Damage Step
Damage: Inkmoth Nexus (41) deals 1 combat damage to Ai(3)-Wyleth Voltron B3(as poison counters).
Damage: Ai(3)-Wyleth Voltron B3 receives 1 poison counter from Ai(1)-Kilo Helm Final
Phase: Ai(1)-Kilo Helm Final's End of Combat Step
Phase: Ai(1)-Kilo Helm Final's Main phase, postcombat
Mana: Ancient Den (89) - {T}: Add {W}.
Mana: Silverbluff Bridge (25) - {T}: Add {U} or {R}.
Add To Stack: Ai(1)-Kilo Helm Final cast Arcane Signet
Resolve Stack: Arcane Signet
Phase: Ai(1)-Kilo Helm Final's End step
Phase: Ai(1)-Kilo Helm Final's Cleanup step
Turn: Turn 29 (Ai(2)-Wilhelt Zombies B3)
Phase: Ai(2)-Wilhelt Zombies B3's Untap step
Phase: Ai(2)-Wilhelt Zombies B3's Upkeep step
Phase: Ai(2)-Wilhelt Zombies B3's Draw step
Phase: Ai(2)-Wilhelt Zombies B3's Main phase, precombat
Phase: Ai(2)-Wilhelt Zombies B3's Beginning of Combat Step
Phase: Ai(2)-Wilhelt Zombies B3's Declare Attackers Step
Phase: Ai(2)-Wilhelt Zombies B3's Declare Blockers Step
Phase: Ai(2)-Wilhelt Zombies B3's First Strike Damage Step
Phase: Ai(2)-Wilhelt Zombies B3's Combat Damage Step
Phase: Ai(2)-Wilhelt Zombies B3's End of Combat Step
Phase: Ai(2)-Wilhelt Zombies B3's Main phase, postcombat
Land: Ai(2)-Wilhelt Zombies B3 played Swamp (175)
Phase: Ai(2)-Wilhelt Zombies B3's End step
Add To Stack: Ai(2)-Wilhelt Zombies B3 triggered Wilhelt, the Rotcleaver
Resolve Stack: At the beginning of your end step, you may sacrifice a Zombie. If you do, draw a card. [Phase: Ai(2)-Wilhelt Zombies B3]
Phase: Ai(2)-Wilhelt Zombies B3's Cleanup step
Turn: Turn 30 (Ai(3)-Wyleth Voltron B3)
Phase: Ai(3)-Wyleth Voltron B3's Untap step
Phase: Ai(3)-Wyleth Voltron B3's Upkeep step
Add To Stack: Ai(3)-Wyleth Voltron B3 triggered Kemba, Kha Regent
Resolve Stack: At the beginning of your upkeep, create a 2/2 white Cat creature token for each Equipment attached to Kemba, Kha Regent. [Phase: Ai(3)-Wyleth Voltron B3]
Phase: Ai(3)-Wyleth Voltron B3's Draw step
Phase: Ai(3)-Wyleth Voltron B3's Main phase, precombat
Mana: Plains (256) - {T}: Add {W}.
Mana: Mountain (287) - {T}: Add {R}.
Mana: Mountain (285) - {T}: Add {R}.
Mana: Mountain (278) - {T}: Add {R}.
Mana: Clifftop Retreat (229) - {T}: Add {R} or {W}.
Mana: Slayers' Stronghold (271) - {T}: Add {C}.
Mana: Hanweir Battlements (243) - {T}: Add {C}.
Add To Stack: Ai(3)-Wyleth Voltron B3 cast Wyleth, Soul of Steel
Resolve Stack: Wyleth, Soul of Steel - Creature 2 / 2
Phase: Ai(3)-Wyleth Voltron B3's Beginning of Combat Step
Phase: Ai(3)-Wyleth Voltron B3's Declare Attackers Step
Combat: Ai(3)-Wyleth Voltron B3 assigned Kemba, Kha Regent (228) to attack Ai(4)-Drana Vampires.
Phase: Ai(3)-Wyleth Voltron B3's Declare Blockers Step
Combat: Ai(4)-Drana Vampires didn't block Kemba, Kha Regent (228).
Phase: Ai(3)-Wyleth Voltron B3's First Strike Damage Step
Phase: Ai(3)-Wyleth Voltron B3's Combat Damage Step
Damage: Kemba, Kha Regent (228) deals 4 combat damage to Ai(4)-Drana Vampires.
Life: Life: Ai(4)-Drana Vampires 22 > 18
Phase: Ai(3)-Wyleth Voltron B3's End of Combat Step
Phase: Ai(3)-Wyleth Voltron B3's Main phase, postcombat
Replacement Effect: Wind-Scarred Crag enters tapped.
Land: Ai(3)-Wyleth Voltron B3 played Wind-Scarred Crag (231)
Add To Stack: Ai(3)-Wyleth Voltron B3 triggered Wind-Scarred Crag
Life: Life: Ai(3)-Wyleth Voltron B3 33 > 34
Resolve Stack: When Wind-Scarred Crag enters, you gain 1 life. [Zone Changer: Wind-Scarred Crag (231)]
Phase: Ai(3)-Wyleth Voltron B3's End step
Phase: Ai(3)-Wyleth Voltron B3's Cleanup step
Turn: Turn 31 (Ai(4)-Drana Vampires)
Phase: Ai(4)-Drana Vampires' Untap step
Phase: Ai(4)-Drana Vampires' Upkeep step
Phase: Ai(4)-Drana Vampires' Draw step
Phase: Ai(4)-Drana Vampires' Main phase, precombat
Land: Ai(4)-Drana Vampires played Swamp (358)
Mana: Swamp (386) - {T}: Add {B}.
Mana: Swamp (362) - {T}: Add {B}.
Mana: Swamp (392) - {T}: Add {B}.
Mana: Swamp (398) - {T}: Add {B}.
Add To Stack: Ai(4)-Drana Vampires activated Whip of Erebos targeting [Blood Seeker (305)]
Resolve Stack: Whip of Erebos (317) - Return Blood Seeker (305) from the graveyard to the battlefield. It gains haste. Exile it at the beginning of the next end step or if it would leave the battlefield. 
Phase: Ai(4)-Drana Vampires' Beginning of Combat Step
Phase: Ai(4)-Drana Vampires' Declare Attackers Step
Combat: Ai(4)-Drana Vampires assigned Blood Seeker (305) to attack Ai(3)-Wyleth Voltron B3.
Phase: Ai(4)-Drana Vampires' Declare Blockers Step
Combat: Ai(3)-Wyleth Voltron B3 assigned Cat Token (419) to block Blood Seeker (305).
Phase: Ai(4)-Drana Vampires' First Strike Damage Step
Phase: Ai(4)-Drana Vampires' Combat Damage Step
Damage: Blood Seeker (305) deals 1 damage to Cat Token (419).
Life: Life: Ai(4)-Drana Vampires 18 > 19
Damage: Cat Token (419) deals 2 damage to Blood Seeker (305).
Zone Change: Blood Seeker (305) was put into Exile from Battlefield.
Replacement Effect: If Creature would leave the battlefield,  exile it instead of putting it anywhere else.
Phase: Ai(4)-Drana Vampires' End of Combat Step
Phase: Ai(4)-Drana Vampires' Main phase, postcombat
Life: Life: Ai(4)-Drana Vampires 19 > 18
Add To Stack: Ai(4)-Drana Vampires activated Swamp
Resolve Stack: Swamp (369) - Ai(4)-Drana Vampires draws a card.
Phase: Ai(4)-Drana Vampires' End step
Add To Stack: Ai(4)-Drana Vampires triggered Whip of Erebos
Resolve Stack: Exile Blood Seeker (305) at the beginning of the next end step. ([Blood Seeker (305)]) [Phase: Ai(4)-Drana Vampires]
Phase: Ai(4)-Drana Vampires' Cleanup step
Turn: Turn 32 (Ai(1)-Kilo Helm Final)
Phase: Ai(1)-Kilo Helm Final's Untap step
Phase: Ai(1)-Kilo Helm Final's Upkeep step
Add To Stack: Ai(1)-Kilo Helm Final triggered Inventors' Fair
Life: Life: Ai(1)-Kilo Helm Final 38 > 39
Resolve Stack: At the beginning of your upkeep, if you control three or more artifacts, you gain 1 life. [Phase: Ai(1)-Kilo Helm Final]
Phase: Ai(1)-Kilo Helm Final's Draw step
Phase: Ai(1)-Kilo Helm Final's Main phase, precombat
Land: Ai(1)-Kilo Helm Final played Exotic Orchard (99)
Phase: Ai(1)-Kilo Helm Final's Beginning of Combat Step
Mana: Exotic Orchard (99) - {T}: Add one mana of any color that a land an opponent controls could produce.
Add To Stack: Ai(1)-Kilo Helm Final activated Inkmoth Nexus
Resolve Stack: Inkmoth Nexus (41) - Inkmoth Nexus (41) has base power and toughness 1/1  and becomes a creature artifact Phyrexian Blinkmoth and  gains flying and infect until end of turn.
Phase: Ai(1)-Kilo Helm Final's Declare Attackers Step
Combat: Ai(1)-Kilo Helm Final assigned Kilo, Apogee Mind (100) and Inkmoth Nexus (41) to attack Ai(3)-Wyleth Voltron B3.
Add To Stack: Ai(1)-Kilo Helm Final triggered Kilo, Apogee Mind
Damage: Ai(3)-Wyleth Voltron B3 receives 1 poison counter from Ai(1)-Kilo Helm Final
Damage: Ai(4)-Drana Vampires receives 1 poison counter from Ai(1)-Kilo Helm Final
Resolve Stack: Whenever Kilo becomes tapped, proliferate. (Choose any number of permanents and/or players, then give each another counter of each kind already there.) [Tapped: Kilo, Apogee Mind (100)]
Phase: Ai(1)-Kilo Helm Final's Declare Blockers Step
Combat: Ai(3)-Wyleth Voltron B3 didn't block Kilo, Apogee Mind (100).
Ai(3)-Wyleth Voltron B3 didn't block Inkmoth Nexus (41).
Phase: Ai(1)-Kilo Helm Final's First Strike Damage Step
Phase: Ai(1)-Kilo Helm Final's Combat Damage Step
Damage: Kilo, Apogee Mind (100) deals 3 combat damage to Ai(3)-Wyleth Voltron B3.
Damage: Inkmoth Nexus (41) deals 1 combat damage to Ai(3)-Wyleth Voltron B3(as poison counters).
Life: Life: Ai(3)-Wyleth Voltron B3 34 > 31
Damage: Ai(3)-Wyleth Voltron B3 receives 1 poison counter from Ai(1)-Kilo Helm Final
Phase: Ai(1)-Kilo Helm Final's End of Combat Step
Phase: Ai(1)-Kilo Helm Final's Main phase, postcombat
Mana: Ancient Den (89) - {T}: Add {W}.
Mana: Silverbluff Bridge (25) - {T}: Add {U} or {R}.
Mana: Great Furnace (96) - {T}: Add {R}.
Mana: Arcane Signet (94) - {T}: Add one mana of any color in your commander's color identity.
Add To Stack: Ai(1)-Kilo Helm Final cast Crystalline Crawler
Replacement Effect: Converge — Crystalline Crawler enters with a +1/+1 counter on it for each color of mana spent to cast it.
Resolve Stack: Crystalline Crawler - Creature 1 / 1
Phase: Ai(1)-Kilo Helm Final's End step
Phase: Ai(1)-Kilo Helm Final's Cleanup step
Turn: Turn 33 (Ai(2)-Wilhelt Zombies B3)
Phase: Ai(2)-Wilhelt Zombies B3's Untap step
Phase: Ai(2)-Wilhelt Zombies B3's Upkeep step
Phase: Ai(2)-Wilhelt Zombies B3's Draw step
Phase: Ai(2)-Wilhelt Zombies B3's Main phase, precombat
Phase: Ai(2)-Wilhelt Zombies B3's Beginning of Combat Step
Phase: Ai(2)-Wilhelt Zombies B3's Declare Attackers Step
Combat: Ai(2)-Wilhelt Zombies B3 assigned Wilhelt, the Rotcleaver (200) and Gray Merchant of Asphodel (116) to attack Ai(3)-Wyleth Voltron B3.
Phase: Ai(2)-Wilhelt Zombies B3's Declare Blockers Step
Combat: Ai(3)-Wyleth Voltron B3 didn't block Wilhelt, the Rotcleaver (200).
Ai(3)-Wyleth Voltron B3 didn't block Gray Merchant of Asphodel (116).
Phase: Ai(2)-Wilhelt Zombies B3's First Strike Damage Step
Phase: Ai(2)-Wilhelt Zombies B3's Combat Damage Step
Damage: Wilhelt, the Rotcleaver (200) deals 3 combat damage to Ai(3)-Wyleth Voltron B3.
Damage: Gray Merchant of Asphodel (116) deals 2 combat damage to Ai(3)-Wyleth Voltron B3.
Life: Life: Ai(3)-Wyleth Voltron B3 31 > 26
Phase: Ai(2)-Wilhelt Zombies B3's End of Combat Step
Phase: Ai(2)-Wilhelt Zombies B3's Main phase, postcombat
Land: Ai(2)-Wilhelt Zombies B3 played Swamp (172)
Phase: Ai(2)-Wilhelt Zombies B3's End step
Add To Stack: Ai(2)-Wilhelt Zombies B3 triggered Wilhelt, the Rotcleaver
Resolve Stack: At the beginning of your end step, you may sacrifice a Zombie. If you do, draw a card. [Phase: Ai(2)-Wilhelt Zombies B3]
Phase: Ai(2)-Wilhelt Zombies B3's Cleanup step
Turn: Turn 34 (Ai(3)-Wyleth Voltron B3)
Phase: Ai(3)-Wyleth Voltron B3's Untap step
Phase: Ai(3)-Wyleth Voltron B3's Upkeep step
Add To Stack: Ai(3)-Wyleth Voltron B3 triggered Kemba, Kha Regent
Resolve Stack: At the beginning of your upkeep, create a 2/2 white Cat creature token for each Equipment attached to Kemba, Kha Regent. [Phase: Ai(3)-Wyleth Voltron B3]
Phase: Ai(3)-Wyleth Voltron B3's Draw step
Phase: Ai(3)-Wyleth Voltron B3's Main phase, precombat
Mana: Plains (256) - {T}: Add {W}.
Mana: Mountain (287) - {T}: Add {R}.
Add To Stack: Ai(3)-Wyleth Voltron B3 cast Sunspear Shikari
Resolve Stack: Sunspear Shikari - Creature 2 / 2
Mana: Mountain (285) - {T}: Add {R}.
Mana: Mountain (278) - {T}: Add {R}.
Add To Stack: Ai(3)-Wyleth Voltron B3 activated Bloodforged Battle-Axe targeting [Kemba, Kha Regent (228)]
Resolve Stack: Bloodforged Battle-Axe (233) -  Attach to Kemba, Kha Regent (228)
Mana: Clifftop Retreat (229) - {T}: Add {R} or {W}.
Mana: Wind-Scarred Crag (231) - {T}: Add {R} or {W}.
Add To Stack: Ai(3)-Wyleth Voltron B3 cast Mask of Memory
Resolve Stack: Mask of Memory
Add To Stack: Ai(3)-Wyleth Voltron B3 triggered Hammer of Nazahn targeting [Cat Token (419)]
Resolve Stack: Whenever Hammer of Nazahn or another Equipment you control enters, you may attach that Equipment to target creature you control. (Targeting: [[Cat Token (419)]]) [Zone Changer: Mask of Memory (241)]
Mana: Slayers' Stronghold (271) - {T}: Add {C}.
Mana: Hanweir Battlements (243) - {T}: Add {C}.
Add To Stack: Ai(3)-Wyleth Voltron B3 cast Swiftfoot Boots
Resolve Stack: Swiftfoot Boots
Add To Stack: Ai(3)-Wyleth Voltron B3 triggered Hammer of Nazahn targeting [Cat Token (419)]
Resolve Stack: Whenever Hammer of Nazahn or another Equipment you control enters, you may attach that Equipment to target creature you control. (Targeting: [[Cat Token (419)]]) [Zone Changer: Swiftfoot Boots (210)]
Phase: Ai(3)-Wyleth Voltron B3's Beginning of Combat Step
Phase: Ai(3)-Wyleth Voltron B3's Declare Attackers Step
Combat: Ai(3)-Wyleth Voltron B3 assigned Kemba, Kha Regent (228) to attack Ai(1)-Kilo Helm Final.
Phase: Ai(3)-Wyleth Voltron B3's Declare Blockers Step
Combat: Ai(1)-Kilo Helm Final didn't block Kemba, Kha Regent (228).
Phase: Ai(3)-Wyleth Voltron B3's First Strike Damage Step
Phase: Ai(3)-Wyleth Voltron B3's Combat Damage Step
Damage: Kemba, Kha Regent (228) deals 6 combat damage to Ai(1)-Kilo Helm Final.
Life: Life: Ai(1)-Kilo Helm Final 39 > 33
Add To Stack: Ai(3)-Wyleth Voltron B3 triggered Bloodforged Battle-Axe
Resolve Stack: Whenever equipped creature deals combat damage to a player, create a token that's a copy of Bloodforged Battle-Axe. [Damage Source: Kemba, Kha Regent (228), Damaged: Ai(1)-Kilo Helm Final, Amount: 6]
Add To Stack: Ai(3)-Wyleth Voltron B3 triggered Hammer of Nazahn targeting [Cat Token (424)]
Resolve Stack: Whenever Hammer of Nazahn or another Equipment you control enters, you may attach that Equipment to target creature you control. (Targeting: [[Cat Token (424)]]) [Zone Changer: Bloodforged Battle-Axe (426)]
Phase: Ai(3)-Wyleth Voltron B3's End of Combat Step
Phase: Ai(3)-Wyleth Voltron B3's Main phase, postcombat
Phase: Ai(3)-Wyleth Voltron B3's End step
Phase: Ai(3)-Wyleth Voltron B3's Cleanup step
Turn: Turn 35 (Ai(4)-Drana Vampires)
Phase: Ai(4)-Drana Vampires' Untap step
Phase: Ai(4)-Drana Vampires' Upkeep step
Phase: Ai(4)-Drana Vampires' Draw step
Phase: Ai(4)-Drana Vampires' Main phase, precombat
Land: Ai(4)-Drana Vampires played Swamp (396)
Mana: Swamp (386) - {T}: Add {B}.
Mana: Swamp (362) - {T}: Add {B}.
Mana: Swamp (392) - {T}: Add {B}.
Mana: Swamp (398) - {T}: Add {B}.
Add To Stack: Ai(4)-Drana Vampires cast Mutilate
Resolve Stack: Mutilate (338) - All creatures get -1/-1 until end of turn for each Swamp you control.
Zone Change: Pulse Tracker (307) was put into Graveyard from Battlefield.
Zone Change: Kilo, Apogee Mind (100) was put into Graveyard from Battlefield.
Zone Change: Crystalline Crawler (72) was put into Graveyard from Battlefield.
Zone Change: Gray Merchant of Asphodel (116) was put into Graveyard from Battlefield.
Zone Change: Wilhelt, the Rotcleaver (200) was put into Graveyard from Battlefield.
Zone Change: Kemba, Kha Regent (228) was put into Graveyard from Battlefield.
Zone Change: Cat Token (419) was put into Graveyard from Battlefield.
Zone Change: Wyleth, Soul of Steel (301) was put into Graveyard from Battlefield.
Zone Change: Cat Token (424) was put into Graveyard from Battlefield.
Zone Change: Sunspear Shikari (244) was put into Graveyard from Battlefield.
Add To Stack: Ai(2)-Wilhelt Zombies B3 triggered Wilhelt, the Rotcleaver
Resolve Stack: Whenever another Zombie you control dies, if it didn't have decayed, create a 2/2 black Zombie creature token with decayed. (It can't block. When it attacks, sacrifice it at end of combat.) [Zone Changer: Gray Merchant of Asphodel (116)]
Phase: Ai(4)-Drana Vampires' Beginning of Combat Step
Phase: Ai(4)-Drana Vampires' Declare Attackers Step
Phase: Ai(4)-Drana Vampires' Declare Blockers Step
Phase: Ai(4)-Drana Vampires' First Strike Damage Step
Phase: Ai(4)-Drana Vampires' Combat Damage Step
Phase: Ai(4)-Drana Vampires' End of Combat Step
Phase: Ai(4)-Drana Vampires' Main phase, postcombat
Life: Life: Ai(4)-Drana Vampires 18 > 17
Add To Stack: Ai(4)-Drana Vampires activated Swamp
Resolve Stack: Swamp (369) - Ai(4)-Drana Vampires draws a card.
Mana: Swamp (358) - {T}: Add {B}.
Mana: Swamp (396) - {T}: Add {B}.
Add To Stack: Ai(4)-Drana Vampires cast Gifted Aetherborn
Resolve Stack: Gifted Aetherborn - Creature 2 / 3
Phase: Ai(4)-Drana Vampires' End step
Phase: Ai(4)-Drana Vampires' Cleanup step
Turn: Turn 36 (Ai(1)-Kilo Helm Final)
Phase: Ai(1)-Kilo Helm Final's Untap step
Phase: Ai(1)-Kilo Helm Final's Upkeep step
Add To Stack: Ai(1)-Kilo Helm Final triggered Inventors' Fair
Life: Life: Ai(1)-Kilo Helm Final 33 > 34
Resolve Stack: At the beginning of your upkeep, if you control three or more artifacts, you gain 1 life. [Phase: Ai(1)-Kilo Helm Final]
Phase: Ai(1)-Kilo Helm Final's Draw step
Phase: Ai(1)-Kilo Helm Final's Main phase, precombat
Mana: Ancient Den (89) - {T}: Add {W}.
Mana: Exotic Orchard (99) - {T}: Add one mana of any color that a land an opponent controls could produce.
Mana: Great Furnace (96) - {T}: Add {R}.
Mana: Silverbluff Bridge (25) - {T}: Add {U} or {R}.
Mana: Arcane Signet (94) - {T}: Add one mana of any color in your commander's color identity.
Add To Stack: Ai(1)-Kilo Helm Final cast Kilo, Apogee Mind
Resolve Stack: Kilo, Apogee Mind - Creature 3 / 3
Phase: Ai(1)-Kilo Helm Final's Beginning of Combat Step
Mana: Inventors' Fair (2) - {T}: Add {C}.
Add To Stack: Ai(1)-Kilo Helm Final activated Inkmoth Nexus
Resolve Stack: Inkmoth Nexus (41) - Inkmoth Nexus (41) has base power and toughness 1/1  and becomes a creature artifact Phyrexian Blinkmoth and  gains flying and infect until end of turn.
Phase: Ai(1)-Kilo Helm Final's Declare Attackers Step
Combat: Ai(1)-Kilo Helm Final assigned Kilo, Apogee Mind (100) and Inkmoth Nexus (41) to attack Ai(4)-Drana Vampires.
Add To Stack: Ai(1)-Kilo Helm Final triggered Kilo, Apogee Mind
Damage: Ai(3)-Wyleth Voltron B3 receives 1 poison counter from Ai(1)-Kilo Helm Final
Damage: Ai(4)-Drana Vampires receives 1 poison counter from Ai(1)-Kilo Helm Final
Resolve Stack: Whenever Kilo becomes tapped, proliferate. (Choose any number of permanents and/or players, then give each another counter of each kind already there.) [Tapped: Kilo, Apogee Mind (100)]
Phase: Ai(1)-Kilo Helm Final's Declare Blockers Step
Combat: Ai(4)-Drana Vampires didn't block Kilo, Apogee Mind (100).
Ai(4)-Drana Vampires didn't block Inkmoth Nexus (41).
Phase: Ai(1)-Kilo Helm Final's First Strike Damage Step
Phase: Ai(1)-Kilo Helm Final's Combat Damage Step
Damage: Kilo, Apogee Mind (100) deals 3 combat damage to Ai(4)-Drana Vampires.
Damage: Inkmoth Nexus (41) deals 1 combat damage to Ai(4)-Drana Vampires(as poison counters).
Life: Life: Ai(4)-Drana Vampires 17 > 14
Damage: Ai(4)-Drana Vampires receives 1 poison counter from Ai(1)-Kilo Helm Final
Phase: Ai(1)-Kilo Helm Final's End of Combat Step
Phase: Ai(1)-Kilo Helm Final's Main phase, postcombat
Phase: Ai(1)-Kilo Helm Final's End step
Phase: Ai(1)-Kilo Helm Final's Cleanup step
Turn: Turn 37 (Ai(2)-Wilhelt Zombies B3)
Phase: Ai(2)-Wilhelt Zombies B3's Untap step
Phase: Ai(2)-Wilhelt Zombies B3's Upkeep step
Phase: Ai(2)-Wilhelt Zombies B3's Draw step
Phase: Ai(2)-Wilhelt Zombies B3's Main phase, precombat
Mana: Swamp (192) - {T}: Add {B}.
Mana: Charcoal Diamond (157) - {T}: Add {B}.
Mana: Island (154) - {T}: Add {U}.
Add To Stack: Ai(2)-Wilhelt Zombies B3 cast Hero's Downfall targeting [Gifted Aetherborn (316)]
Zone Change: Gifted Aetherborn (316) was put into Graveyard from Battlefield.
Resolve Stack: Hero's Downfall (168) - Destroy Gifted Aetherborn (316).
Phase: Ai(2)-Wilhelt Zombies B3's Beginning of Combat Step
Phase: Ai(2)-Wilhelt Zombies B3's Declare Attackers Step
Combat: Ai(2)-Wilhelt Zombies B3 assigned Zombie Token (429) to attack Ai(3)-Wyleth Voltron B3.
Add To Stack: Ai(2)-Wilhelt Zombies B3 triggered Zombie Token
Resolve Stack: When a creature with decayed attacks, sacrifice it at end of combat. [Attacker: Zombie Token (429)]
Phase: Ai(2)-Wilhelt Zombies B3's Declare Blockers Step
Combat: Ai(3)-Wyleth Voltron B3 didn't block Zombie Token (429).
Phase: Ai(2)-Wilhelt Zombies B3's First Strike Damage Step
Phase: Ai(2)-Wilhelt Zombies B3's Combat Damage Step
Damage: Zombie Token (429) deals 2 combat damage to Ai(3)-Wyleth Voltron B3.
Life: Life: Ai(3)-Wyleth Voltron B3 26 > 24
Phase: Ai(2)-Wilhelt Zombies B3's End of Combat Step
Add To Stack: Ai(2)-Wilhelt Zombies B3 triggered Zombie Token
Zone Change: Zombie Token (429) was put into Graveyard from Battlefield.
Resolve Stack: At end of combat, sacrifice Zombie Token. [Phase: Ai(2)-Wilhelt Zombies B3]
Phase: Ai(2)-Wilhelt Zombies B3's Main phase, postcombat
Phase: Ai(2)-Wilhelt Zombies B3's End step
Phase: Ai(2)-Wilhelt Zombies B3's Cleanup step
Turn: Turn 38 (Ai(3)-Wyleth Voltron B3)
Phase: Ai(3)-Wyleth Voltron B3's Untap step
Phase: Ai(3)-Wyleth Voltron B3's Upkeep step
Phase: Ai(3)-Wyleth Voltron B3's Draw step
Phase: Ai(3)-Wyleth Voltron B3's Main phase, precombat
Land: Ai(3)-Wyleth Voltron B3 played Plains (253)
Mana: Plains (256) - {T}: Add {W}.
Mana: Mountain (287) - {T}: Add {R}.
Mana: Mountain (285) - {T}: Add {R}.
Mana: Mountain (278) - {T}: Add {R}.
Mana: Plains (253) - {T}: Add {W}.
Mana: Clifftop Retreat (229) - {T}: Add {R} or {W}.
Mana: Wind-Scarred Crag (231) - {T}: Add {R} or {W}.
Mana: Slayers' Stronghold (271) - {T}: Add {C}.
Mana: Hanweir Battlements (243) - {T}: Add {C}.
Add To Stack: Ai(3)-Wyleth Voltron B3 cast Wyleth, Soul of Steel
Resolve Stack: Wyleth, Soul of Steel - Creature 2 / 2
Phase: Ai(3)-Wyleth Voltron B3's Beginning of Combat Step
Phase: Ai(3)-Wyleth Voltron B3's Declare Attackers Step
Phase: Ai(3)-Wyleth Voltron B3's Declare Blockers Step
Phase: Ai(3)-Wyleth Voltron B3's First Strike Damage Step
Phase: Ai(3)-Wyleth Voltron B3's Combat Damage Step
Phase: Ai(3)-Wyleth Voltron B3's End of Combat Step
Phase: Ai(3)-Wyleth Voltron B3's Main phase, postcombat
Phase: Ai(3)-Wyleth Voltron B3's End step
Phase: Ai(3)-Wyleth Voltron B3's Cleanup step
Turn: Turn 39 (Ai(4)-Drana Vampires)
Phase: Ai(4)-Drana Vampires' Untap step
Phase: Ai(4)-Drana Vampires' Upkeep step
Phase: Ai(4)-Drana Vampires' Draw step
Phase: Ai(4)-Drana Vampires' Main phase, precombat
Land: Ai(4)-Drana Vampires played Swamp (357)
Mana: Swamp (386) - {T}: Add {B}.
Mana: Swamp (362) - {T}: Add {B}.
Mana: Swamp (392) - {T}: Add {B}.
Mana: Swamp (398) - {T}: Add {B}.
Add To Stack: Ai(4)-Drana Vampires activated Whip of Erebos targeting [Gifted Aetherborn (316)]
Resolve Stack: Whip of Erebos (317) - Return Gifted Aetherborn (316) from the graveyard to the battlefield. It gains haste. Exile it at the beginning of the next end step or if it would leave the battlefield. 
Phase: Ai(4)-Drana Vampires' Beginning of Combat Step
Phase: Ai(4)-Drana Vampires' Declare Attackers Step
Combat: Ai(4)-Drana Vampires assigned Gifted Aetherborn (316) to attack Ai(3)-Wyleth Voltron B3.
Phase: Ai(4)-Drana Vampires' Declare Blockers Step
Combat: Ai(3)-Wyleth Voltron B3 didn't block Gifted Aetherborn (316).
Phase: Ai(4)-Drana Vampires' First Strike Damage Step
Phase: Ai(4)-Drana Vampires' Combat Damage Step
Damage: Gifted Aetherborn (316) deals 2 combat damage to Ai(3)-Wyleth Voltron B3.
Life: Life: Ai(4)-Drana Vampires 14 > 16
Life: Life: Ai(3)-Wyleth Voltron B3 24 > 22
Phase: Ai(4)-Drana Vampires' End of Combat Step
Phase: Ai(4)-Drana Vampires' Main phase, postcombat
Life: Life: Ai(4)-Drana Vampires 16 > 15
Add To Stack: Ai(4)-Drana Vampires activated Swamp
Resolve Stack: Swamp (369) - Ai(4)-Drana Vampires draws a card.
Mana: Swamp (358) - {T}: Add {B}.
Mana: Swamp (396) - {T}: Add {B}.
Mana: Swamp (357) - {T}: Add {B}.
Add To Stack: Ai(4)-Drana Vampires cast Phyrexian Arena
Resolve Stack: Phyrexian Arena
Phase: Ai(4)-Drana Vampires' End step
Add To Stack: Ai(4)-Drana Vampires triggered Whip of Erebos
Zone Change: Gifted Aetherborn (316) was put into Exile from Battlefield.
Resolve Stack: Exile Gifted Aetherborn (316) at the beginning of the next end step. ([Gifted Aetherborn (316)]) [Phase: Ai(4)-Drana Vampires]
Phase: Ai(4)-Drana Vampires' Cleanup step
Turn: Turn 40 (Ai(1)-Kilo Helm Final)
Phase: Ai(1)-Kilo Helm Final's Untap step
Phase: Ai(1)-Kilo Helm Final's Upkeep step
Add To Stack: Ai(1)-Kilo Helm Final triggered Inventors' Fair
Life: Life: Ai(1)-Kilo Helm Final 34 > 35
Resolve Stack: At the beginning of your upkeep, if you control three or more artifacts, you gain 1 life. [Phase: Ai(1)-Kilo Helm Final]
Phase: Ai(1)-Kilo Helm Final's Draw step
Phase: Ai(1)-Kilo Helm Final's Main phase, precombat
Land: Ai(1)-Kilo Helm Final played Command Tower (6)
Phase: Ai(1)-Kilo Helm Final's Beginning of Combat Step
Mana: Exotic Orchard (99) - {T}: Add one mana of any color that a land an opponent controls could produce.
Add To Stack: Ai(1)-Kilo Helm Final activated Inkmoth Nexus
Resolve Stack: Inkmoth Nexus (41) - Inkmoth Nexus (41) has base power and toughness 1/1  and becomes a creature artifact Phyrexian Blinkmoth and  gains flying and infect until end of turn.
Phase: Ai(1)-Kilo Helm Final's Declare Attackers Step
Combat: Ai(1)-Kilo Helm Final assigned Kilo, Apogee Mind (100) and Inkmoth Nexus (41) to attack Ai(3)-Wyleth Voltron B3.
Add To Stack: Ai(1)-Kilo Helm Final triggered Kilo, Apogee Mind
Damage: Ai(3)-Wyleth Voltron B3 receives 1 poison counter from Ai(1)-Kilo Helm Final
Damage: Ai(4)-Drana Vampires receives 1 poison counter from Ai(1)-Kilo Helm Final
Resolve Stack: Whenever Kilo becomes tapped, proliferate. (Choose any number of permanents and/or players, then give each another counter of each kind already there.) [Tapped: Kilo, Apogee Mind (100)]
Phase: Ai(1)-Kilo Helm Final's Declare Blockers Step
Combat: Ai(3)-Wyleth Voltron B3 didn't block Kilo, Apogee Mind (100).
Ai(3)-Wyleth Voltron B3 didn't block Inkmoth Nexus (41).
Phase: Ai(1)-Kilo Helm Final's First Strike Damage Step
Phase: Ai(1)-Kilo Helm Final's Combat Damage Step
Damage: Kilo, Apogee Mind (100) deals 3 combat damage to Ai(3)-Wyleth Voltron B3.
Damage: Inkmoth Nexus (41) deals 1 combat damage to Ai(3)-Wyleth Voltron B3(as poison counters).
Life: Life: Ai(3)-Wyleth Voltron B3 22 > 19
Damage: Ai(3)-Wyleth Voltron B3 receives 1 poison counter from Ai(1)-Kilo Helm Final
Phase: Ai(1)-Kilo Helm Final's End of Combat Step
Phase: Ai(1)-Kilo Helm Final's Main phase, postcombat
Mana: Silverbluff Bridge (25) - {T}: Add {U} or {R}.
Mana: Great Furnace (96) - {T}: Add {R}.
Mana: Ancient Den (89) - {T}: Add {W}.
Mana: Arcane Signet (94) - {T}: Add one mana of any color in your commander's color identity.
Mana: Command Tower (6) - {T}: Add one mana of any color in your commander's color identity.
Mana: Inventors' Fair (2) - {T}: Add {C}.
Add To Stack: Ai(1)-Kilo Helm Final cast Kappa Cannoneer
Resolve Stack: Kappa Cannoneer - Creature 4 / 4
Add To Stack: Ai(1)-Kilo Helm Final triggered Kappa Cannoneer
Resolve Stack: Whenever an artifact you control enters, put a +1/+1 counter on Kappa Cannoneer and it can't be blocked this turn. [Zone Changer: Kappa Cannoneer (98)]
Phase: Ai(1)-Kilo Helm Final's End step
Phase: Ai(1)-Kilo Helm Final's Cleanup step
Turn: Turn 41 (Ai(2)-Wilhelt Zombies B3)
Phase: Ai(2)-Wilhelt Zombies B3's Untap step
Phase: Ai(2)-Wilhelt Zombies B3's Upkeep step
Phase: Ai(2)-Wilhelt Zombies B3's Draw step
Phase: Ai(2)-Wilhelt Zombies B3's Main phase, precombat
Mana: Swamp (192) - {T}: Add {B}.
Mana: Charcoal Diamond (157) - {T}: Add {B}.
Mana: Island (154) - {T}: Add {U}.
Mana: Island (147) - {T}: Add {U}.
Add To Stack: Ai(2)-Wilhelt Zombies B3 cast Damnation
Zone Change: Wyleth, Soul of Steel (301) was put into Graveyard from Battlefield.
Zone Change: Kilo, Apogee Mind (100) was put into Graveyard from Battlefield.
Zone Change: Kappa Cannoneer (98) was put into Graveyard from Battlefield.
Resolve Stack: Damnation (121) - Destroy all creatures. They can't be regenerated.
Phase: Ai(2)-Wilhelt Zombies B3's Beginning of Combat Step
Phase: Ai(2)-Wilhelt Zombies B3's Declare Attackers Step
Phase: Ai(2)-Wilhelt Zombies B3's Declare Blockers Step
Phase: Ai(2)-Wilhelt Zombies B3's First Strike Damage Step
Phase: Ai(2)-Wilhelt Zombies B3's Combat Damage Step
Phase: Ai(2)-Wilhelt Zombies B3's End of Combat Step
Phase: Ai(2)-Wilhelt Zombies B3's Main phase, postcombat
Mana: Swamp (179) - {T}: Add {B}.
Mana: Island (150) - {T}: Add {U}.
Add To Stack: Ai(2)-Wilhelt Zombies B3 cast Shepherd of Rot
Resolve Stack: Shepherd of Rot - Creature 1 / 1
Phase: Ai(2)-Wilhelt Zombies B3's End step
Phase: Ai(2)-Wilhelt Zombies B3's Cleanup step
Turn: Turn 42 (Ai(3)-Wyleth Voltron B3)
Phase: Ai(3)-Wyleth Voltron B3's Untap step
Phase: Ai(3)-Wyleth Voltron B3's Upkeep step
Phase: Ai(3)-Wyleth Voltron B3's Draw step
Phase: Ai(3)-Wyleth Voltron B3's Main phase, precombat
Phase: Ai(3)-Wyleth Voltron B3's Beginning of Combat Step
Phase: Ai(3)-Wyleth Voltron B3's Declare Attackers Step
Phase: Ai(3)-Wyleth Voltron B3's Declare Blockers Step
Phase: Ai(3)-Wyleth Voltron B3's First Strike Damage Step
Phase: Ai(3)-Wyleth Voltron B3's Combat Damage Step
Phase: Ai(3)-Wyleth Voltron B3's End of Combat Step
Phase: Ai(3)-Wyleth Voltron B3's Main phase, postcombat
Mana: Mountain (287) - {T}: Add {R}.
Mana: Mountain (285) - {T}: Add {R}.
Add To Stack: Ai(3)-Wyleth Voltron B3 cast Fellwar Stone
Resolve Stack: Fellwar Stone
Mana: Mountain (278) - {T}: Add {R}.
Mana: Fellwar Stone (230) - {T}: Add one mana of any color that a land an opponent controls could produce.
Add To Stack: Ai(3)-Wyleth Voltron B3 cast Talisman of Conviction
Resolve Stack: Talisman of Conviction
Phase: Ai(3)-Wyleth Voltron B3's End step
Phase: Ai(3)-Wyleth Voltron B3's Cleanup step
Turn: Turn 43 (Ai(4)-Drana Vampires)
Phase: Ai(4)-Drana Vampires' Untap step
Phase: Ai(4)-Drana Vampires' Upkeep step
Add To Stack: Ai(4)-Drana Vampires triggered Phyrexian Arena
Life: Life: Ai(4)-Drana Vampires 15 > 14
Resolve Stack: At the beginning of your upkeep, you draw a card and you lose 1 life. [Phase: Ai(4)-Drana Vampires]
Phase: Ai(4)-Drana Vampires' Draw step
Phase: Ai(4)-Drana Vampires' Main phase, precombat
Land: Ai(4)-Drana Vampires played Swamp (378)
Mana: Swamp (386) - {T}: Add {B}.
Mana: Swamp (362) - {T}: Add {B}.
Mana: Swamp (392) - {T}: Add {B}.
Mana: Swamp (398) - {T}: Add {B}.
Add To Stack: Ai(4)-Drana Vampires activated Whip of Erebos targeting [Pulse Tracker (307)]
Resolve Stack: Whip of Erebos (317) - Return Pulse Tracker (307) from the graveyard to the battlefield. It gains haste. Exile it at the beginning of the next end step or if it would leave the battlefield. 
Phase: Ai(4)-Drana Vampires' Beginning of Combat Step
Phase: Ai(4)-Drana Vampires' Declare Attackers Step
Combat: Ai(4)-Drana Vampires assigned Pulse Tracker (307) to attack Ai(3)-Wyleth Voltron B3.
Add To Stack: Ai(4)-Drana Vampires triggered Pulse Tracker
Life: Life: Ai(1)-Kilo Helm Final 35 > 34
Life: Life: Ai(2)-Wilhelt Zombies B3 38 > 37
Life: Life: Ai(3)-Wyleth Voltron B3 19 > 18
Resolve Stack: Whenever Pulse Tracker attacks, each opponent loses 1 life. [Attacker: Pulse Tracker (307)]
Phase: Ai(4)-Drana Vampires' Declare Blockers Step
Combat: Ai(3)-Wyleth Voltron B3 didn't block Pulse Tracker (307).
Phase: Ai(4)-Drana Vampires' First Strike Damage Step
Phase: Ai(4)-Drana Vampires' Combat Damage Step
Damage: Pulse Tracker (307) deals 1 combat damage to Ai(3)-Wyleth Voltron B3.
Life: Life: Ai(4)-Drana Vampires 14 > 15
Life: Life: Ai(3)-Wyleth Voltron B3 18 > 17
Phase: Ai(4)-Drana Vampires' End of Combat Step
Phase: Ai(4)-Drana Vampires' Main phase, postcombat
Mana: Swamp (358) - {T}: Add {B}.
Mana: Swamp (396) - {T}: Add {B}.
Mana: Swamp (357) - {T}: Add {B}.
Mana: Swamp (378) - {T}: Add {B}.
Mana: Swamp (369) - {T}: Add {B}.
Add To Stack: Ai(4)-Drana Vampires cast Sengir Vampire
Resolve Stack: Sengir Vampire - Creature 4 / 4
Phase: Ai(4)-Drana Vampires' End step
Add To Stack: Ai(4)-Drana Vampires triggered Whip of Erebos
Zone Change: Pulse Tracker (307) was put into Exile from Battlefield.
Resolve Stack: Exile Pulse Tracker (307) at the beginning of the next end step. ([Pulse Tracker (307)]) [Phase: Ai(4)-Drana Vampires]
Phase: Ai(4)-Drana Vampires' Cleanup step
Turn: Turn 44 (Ai(1)-Kilo Helm Final)
Phase: Ai(1)-Kilo Helm Final's Untap step
Phase: Ai(1)-Kilo Helm Final's Upkeep step
Add To Stack: Ai(1)-Kilo Helm Final triggered Inventors' Fair
Life: Life: Ai(1)-Kilo Helm Final 34 > 35
Resolve Stack: At the beginning of your upkeep, if you control three or more artifacts, you gain 1 life. [Phase: Ai(1)-Kilo Helm Final]
Phase: Ai(1)-Kilo Helm Final's Draw step
Phase: Ai(1)-Kilo Helm Final's Main phase, precombat
Mana: Ancient Den (89) - {T}: Add {W}.
Mana: Exotic Orchard (99) - {T}: Add one mana of any color that a land an opponent controls could produce.
Mana: Great Furnace (96) - {T}: Add {R}.
Mana: Silverbluff Bridge (25) - {T}: Add {U} or {R}.
Mana: Arcane Signet (94) - {T}: Add one mana of any color in your commander's color identity.
Mana: Command Tower (6) - {T}: Add one mana of any color in your commander's color identity.
Mana: Inkmoth Nexus (41) - {T}: Add {C}.
Add To Stack: Ai(1)-Kilo Helm Final cast Kilo, Apogee Mind
Resolve Stack: Kilo, Apogee Mind - Creature 3 / 3
Phase: Ai(1)-Kilo Helm Final's Beginning of Combat Step
Phase: Ai(1)-Kilo Helm Final's Declare Attackers Step
Phase: Ai(1)-Kilo Helm Final's Declare Blockers Step
Phase: Ai(1)-Kilo Helm Final's First Strike Damage Step
Phase: Ai(1)-Kilo Helm Final's Combat Damage Step
Phase: Ai(1)-Kilo Helm Final's End of Combat Step
Phase: Ai(1)-Kilo Helm Final's Main phase, postcombat
Phase: Ai(1)-Kilo Helm Final's End step
Phase: Ai(1)-Kilo Helm Final's Cleanup step
Turn: Turn 45 (Ai(2)-Wilhelt Zombies B3)
Phase: Ai(2)-Wilhelt Zombies B3's Untap step
Phase: Ai(2)-Wilhelt Zombies B3's Upkeep step
Phase: Ai(2)-Wilhelt Zombies B3's Draw step
Phase: Ai(2)-Wilhelt Zombies B3's Main phase, precombat
Mana: Swamp (192) - {T}: Add {B}.
Mana: Charcoal Diamond (157) - {T}: Add {B}.
Mana: Island (154) - {T}: Add {U}.
Mana: Island (147) - {T}: Add {U}.
Add To Stack: Ai(2)-Wilhelt Zombies B3 cast Undead Warchief
Resolve Stack: Undead Warchief - Creature 1 / 1
Phase: Ai(2)-Wilhelt Zombies B3's Beginning of Combat Step
Phase: Ai(2)-Wilhelt Zombies B3's Declare Attackers Step
Phase: Ai(2)-Wilhelt Zombies B3's Declare Blockers Step
Phase: Ai(2)-Wilhelt Zombies B3's First Strike Damage Step
Phase: Ai(2)-Wilhelt Zombies B3's Combat Damage Step
Phase: Ai(2)-Wilhelt Zombies B3's End of Combat Step
Phase: Ai(2)-Wilhelt Zombies B3's Main phase, postcombat
Phase: Ai(2)-Wilhelt Zombies B3's End step
Phase: Ai(2)-Wilhelt Zombies B3's Cleanup step
Turn: Turn 46 (Ai(3)-Wyleth Voltron B3)
Phase: Ai(3)-Wyleth Voltron B3's Untap step
Phase: Ai(3)-Wyleth Voltron B3's Upkeep step
Phase: Ai(3)-Wyleth Voltron B3's Draw step
Phase: Ai(3)-Wyleth Voltron B3's Main phase, precombat
Mana: Plains (256) - {T}: Add {W}.
Mana: Plains (253) - {T}: Add {W}.
Mana: Mountain (287) - {T}: Add {R}.
Mana: Mountain (285) - {T}: Add {R}.
Mana: Mountain (278) - {T}: Add {R}.
Mana: Fellwar Stone (230) - {T}: Add one mana of any color that a land an opponent controls could produce.
Add To Stack: Ai(3)-Wyleth Voltron B3 cast Austere Command
Zone Change: Underworld Connections (349) was put into Graveyard from Battlefield.
Zone Change: Whip of Erebos (317) was put into Graveyard from Battlefield.
Zone Change: Phyrexian Arena (347) was put into Graveyard from Battlefield.
Zone Change: Sengir Vampire (319) was put into Graveyard from Battlefield.
Zone Change: Undead Warchief (197) was put into Graveyard from Battlefield.
Resolve Stack: Austere Command (238) -  Destroy all enchantments. Destroy all creatures with mana value 4 or greater.
Phase: Ai(3)-Wyleth Voltron B3's Beginning of Combat Step
Phase: Ai(3)-Wyleth Voltron B3's Declare Attackers Step
Phase: Ai(3)-Wyleth Voltron B3's Declare Blockers Step
Phase: Ai(3)-Wyleth Voltron B3's First Strike Damage Step
Phase: Ai(3)-Wyleth Voltron B3's Combat Damage Step
Phase: Ai(3)-Wyleth Voltron B3's End of Combat Step
Phase: Ai(3)-Wyleth Voltron B3's Main phase, postcombat
Replacement Effect: Temple of Triumph enters tapped.
Land: Ai(3)-Wyleth Voltron B3 played Temple of Triumph (275)
Add To Stack: Ai(3)-Wyleth Voltron B3 triggered Temple of Triumph
Resolve Stack: Ai(3)-Wyleth Voltron B3 scried 1 card(s) to the top of the library
Resolve Stack: When Temple of Triumph enters, scry 1. [Zone Changer: Temple of Triumph (275)]
Phase: Ai(3)-Wyleth Voltron B3's End step
Phase: Ai(3)-Wyleth Voltron B3's Cleanup step
Turn: Turn 47 (Ai(4)-Drana Vampires)
Phase: Ai(4)-Drana Vampires' Untap step
Phase: Ai(4)-Drana Vampires' Upkeep step
Phase: Ai(4)-Drana Vampires' Draw step
Phase: Ai(4)-Drana Vampires' Main phase, precombat
Mana: Swamp (369) - {T}: Add {B}.
Mana: Swamp (386) - {T}: Add {B}.
Mana: Swamp (362) - {T}: Add {B}.
Mana: Swamp (392) - {T}: Add {B}.
Add To Stack: Ai(4)-Drana Vampires cast Crypt Ghast
Resolve Stack: Crypt Ghast - Creature 2 / 2
Mana: Swamp (398) - {T}: Add {B}.
Add To Stack: Ai(4)-Drana Vampires cast Doom Blade targeting [Kilo, Apogee Mind (100)]
Add To Stack: Ai(4)-Drana Vampires triggered Crypt Ghast
Mana: Swamp (358) - {T}: Add {B}.
Life: Life: Ai(1)-Kilo Helm Final 35 > 34
Life: Life: Ai(2)-Wilhelt Zombies B3 37 > 36
Life: Life: Ai(3)-Wyleth Voltron B3 17 > 16
Life: Life: Ai(4)-Drana Vampires 15 > 18
Resolve Stack: Extort (Whenever you cast a spell, you may pay {W/B}. If you do, each opponent loses 1 life and you gain that much life.) [Card: Doom Blade (334), Activator: Ai(4)-Drana Vampires, SpellAbility: Destroy target nonblack creature.]
Zone Change: Kilo, Apogee Mind (100) was put into Graveyard from Battlefield.
Resolve Stack: Doom Blade (334) - Destroy Kilo, Apogee Mind (100).
Mana: Swamp (396) - {T}: Add {B}.
Mana: Swamp (357) - {T}: Add {B}.
Mana: Swamp (378) - {T}: Add {B}.
Add To Stack: Ai(4)-Drana Vampires cast Necropolis Regent
Add To Stack: Ai(4)-Drana Vampires triggered Crypt Ghast
Life: Life: Ai(1)-Kilo Helm Final 34 > 33
Life: Life: Ai(2)-Wilhelt Zombies B3 36 > 35
Life: Life: Ai(3)-Wyleth Voltron B3 16 > 15
Life: Life: Ai(4)-Drana Vampires 18 > 21
Resolve Stack: Extort (Whenever you cast a spell, you may pay {W/B}. If you do, each opponent loses 1 life and you gain that much life.) [Card: Necropolis Regent (345), Activator: Ai(4)-Drana Vampires, SpellAbility: Necropolis Regent - Creature 6 / 5]
Resolve Stack: Necropolis Regent - Creature 6 / 5
Phase: Ai(4)-Drana Vampires' Beginning of Combat Step
Phase: Ai(4)-Drana Vampires' Declare Attackers Step
Phase: Ai(4)-Drana Vampires' Declare Blockers Step
Phase: Ai(4)-Drana Vampires' First Strike Damage Step
Phase: Ai(4)-Drana Vampires' Combat Damage Step
Phase: Ai(4)-Drana Vampires' End of Combat Step
Phase: Ai(4)-Drana Vampires' Main phase, postcombat
Phase: Ai(4)-Drana Vampires' End step
Phase: Ai(4)-Drana Vampires' Cleanup step
Turn: Turn 48 (Ai(1)-Kilo Helm Final)
Phase: Ai(1)-Kilo Helm Final's Untap step
Phase: Ai(1)-Kilo Helm Final's Upkeep step
Add To Stack: Ai(1)-Kilo Helm Final triggered Inventors' Fair
Life: Life: Ai(1)-Kilo Helm Final 33 > 34
Resolve Stack: At the beginning of your upkeep, if you control three or more artifacts, you gain 1 life. [Phase: Ai(1)-Kilo Helm Final]
Phase: Ai(1)-Kilo Helm Final's Draw step
Phase: Ai(1)-Kilo Helm Final's Main phase, precombat
Phase: Ai(1)-Kilo Helm Final's Beginning of Combat Step
Mana: Exotic Orchard (99) - {T}: Add one mana of any color that a land an opponent controls could produce.
Add To Stack: Ai(1)-Kilo Helm Final activated Inkmoth Nexus
Resolve Stack: Inkmoth Nexus (41) - Inkmoth Nexus (41) has base power and toughness 1/1  and becomes a creature artifact Phyrexian Blinkmoth and  gains flying and infect until end of turn.
Phase: Ai(1)-Kilo Helm Final's Declare Attackers Step
Combat: Ai(1)-Kilo Helm Final assigned Inkmoth Nexus (41) to attack Ai(3)-Wyleth Voltron B3.
Phase: Ai(1)-Kilo Helm Final's Declare Blockers Step
Combat: Ai(3)-Wyleth Voltron B3 didn't block Inkmoth Nexus (41).
Phase: Ai(1)-Kilo Helm Final's First Strike Damage Step
Phase: Ai(1)-Kilo Helm Final's Combat Damage Step
Damage: Inkmoth Nexus (41) deals 1 combat damage to Ai(3)-Wyleth Voltron B3(as poison counters).
Damage: Ai(3)-Wyleth Voltron B3 receives 1 poison counter from Ai(1)-Kilo Helm Final
Phase: Ai(1)-Kilo Helm Final's End of Combat Step
Phase: Ai(1)-Kilo Helm Final's Main phase, postcombat
Mana: Silverbluff Bridge (25) - {T}: Add {U} or {R}.
Mana: Arcane Signet (94) - {T}: Add one mana of any color in your commander's color identity.
Mana: Great Furnace (96) - {T}: Add {R}.
Mana: Ancient Den (89) - {T}: Add {W}.
Add To Stack: Ai(1)-Kilo Helm Final cast Tekuthal, Inquiry Dominus
Resolve Stack: Tekuthal, Inquiry Dominus - Creature 3 / 5
Phase: Ai(1)-Kilo Helm Final's End step
Add To Stack: Ai(2)-Wilhelt Zombies B3 activated Shepherd of Rot
Life: Life: Ai(1)-Kilo Helm Final 34 > 33
Life: Life: Ai(2)-Wilhelt Zombies B3 35 > 34
Life: Life: Ai(3)-Wyleth Voltron B3 15 > 14
Life: Life: Ai(4)-Drana Vampires 21 > 20
Resolve Stack: Shepherd of Rot (129) - Ai(1)-Kilo Helm Final, Ai(2)-Wilhelt Zombies B3, Ai(3)-Wyleth Voltron B3 and Ai(4)-Drana Vampires each lose 1 life.
Phase: Ai(1)-Kilo Helm Final's Cleanup step
Turn: Turn 49 (Ai(2)-Wilhelt Zombies B3)
Phase: Ai(2)-Wilhelt Zombies B3's Untap step
Phase: Ai(2)-Wilhelt Zombies B3's Upkeep step
Phase: Ai(2)-Wilhelt Zombies B3's Draw step
Phase: Ai(2)-Wilhelt Zombies B3's Main phase, precombat
Phase: Ai(2)-Wilhelt Zombies B3's Beginning of Combat Step
Phase: Ai(2)-Wilhelt Zombies B3's Declare Attackers Step
Combat: Ai(2)-Wilhelt Zombies B3 assigned Shepherd of Rot (129) to attack Ai(3)-Wyleth Voltron B3.
Phase: Ai(2)-Wilhelt Zombies B3's Declare Blockers Step
Combat: Ai(3)-Wyleth Voltron B3 didn't block Shepherd of Rot (129).
Phase: Ai(2)-Wilhelt Zombies B3's First Strike Damage Step
Phase: Ai(2)-Wilhelt Zombies B3's Combat Damage Step
Damage: Shepherd of Rot (129) deals 1 combat damage to Ai(3)-Wyleth Voltron B3.
Life: Life: Ai(3)-Wyleth Voltron B3 14 > 13
Phase: Ai(2)-Wilhelt Zombies B3's End of Combat Step
Phase: Ai(2)-Wilhelt Zombies B3's Main phase, postcombat
Land: Ai(2)-Wilhelt Zombies B3 played Swamp (190)
Mana: Island (154) - {T}: Add {U}.
Mana: Swamp (192) - {T}: Add {B}.
Mana: Island (147) - {T}: Add {U}.
Mana: Island (150) - {T}: Add {U}.
Mana: Charcoal Diamond (157) - {T}: Add {B}.
Mana: Swamp (179) - {T}: Add {B}.
Mana: Swamp (177) - {T}: Add {B}.
Mana: Swamp (189) - {T}: Add {B}.
Add To Stack: Ai(2)-Wilhelt Zombies B3 cast Wilhelt, the Rotcleaver
Resolve Stack: Wilhelt, the Rotcleaver - Creature 3 / 3
Phase: Ai(2)-Wilhelt Zombies B3's End step
Add To Stack: Ai(2)-Wilhelt Zombies B3 triggered Wilhelt, the Rotcleaver
Resolve Stack: At the beginning of your end step, you may sacrifice a Zombie. If you do, draw a card. [Phase: Ai(2)-Wilhelt Zombies B3]
Phase: Ai(2)-Wilhelt Zombies B3's Cleanup step
Turn: Turn 50 (Ai(3)-Wyleth Voltron B3)
Phase: Ai(3)-Wyleth Voltron B3's Untap step
Phase: Ai(3)-Wyleth Voltron B3's Upkeep step
Phase: Ai(3)-Wyleth Voltron B3's Draw step
Phase: Ai(3)-Wyleth Voltron B3's Main phase, precombat
Mana: Plains (256) - {T}: Add {W}.
Mana: Mountain (287) - {T}: Add {R}.
Mana: Mountain (285) - {T}: Add {R}.
Mana: Mountain (278) - {T}: Add {R}.
Mana: Fellwar Stone (230) - {T}: Add one mana of any color that a land an opponent controls could produce.
Mana: Plains (253) - {T}: Add {W}.
Mana: Clifftop Retreat (229) - {T}: Add {R} or {W}.
Mana: Wind-Scarred Crag (231) - {T}: Add {R} or {W}.
Mana: Temple of Triumph (275) - {T}: Add {R} or {W}.
Mana: Talisman of Conviction (212) - {T}: Add {C}.
Mana: Slayers' Stronghold (271) - {T}: Add {C}.
Add To Stack: Ai(3)-Wyleth Voltron B3 cast Wyleth, Soul of Steel
Resolve Stack: Wyleth, Soul of Steel - Creature 2 / 2
Mana: Hanweir Battlements (243) - {T}: Add {C}.
Add To Stack: Ai(3)-Wyleth Voltron B3 activated Mask of Memory targeting [Wyleth, Soul of Steel (301)]
Resolve Stack: Mask of Memory (241) -  Attach to Wyleth, Soul of Steel (301)
Phase: Ai(3)-Wyleth Voltron B3's Beginning of Combat Step
Phase: Ai(3)-Wyleth Voltron B3's Declare Attackers Step
Phase: Ai(3)-Wyleth Voltron B3's Declare Blockers Step
Phase: Ai(3)-Wyleth Voltron B3's First Strike Damage Step
Phase: Ai(3)-Wyleth Voltron B3's Combat Damage Step
Phase: Ai(3)-Wyleth Voltron B3's End of Combat Step
Phase: Ai(3)-Wyleth Voltron B3's Main phase, postcombat
Phase: Ai(3)-Wyleth Voltron B3's End step
Phase: Ai(3)-Wyleth Voltron B3's Cleanup step
Turn: Turn 51 (Ai(4)-Drana Vampires)
Phase: Ai(4)-Drana Vampires' Untap step
Phase: Ai(4)-Drana Vampires' Upkeep step
Phase: Ai(4)-Drana Vampires' Draw step
Phase: Ai(4)-Drana Vampires' Main phase, precombat
Land: Ai(4)-Drana Vampires played Swamp (385)
Phase: Ai(4)-Drana Vampires' Beginning of Combat Step
Phase: Ai(4)-Drana Vampires' Declare Attackers Step
Combat: Ai(4)-Drana Vampires assigned Necropolis Regent (345) and Crypt Ghast (303) to attack Ai(3)-Wyleth Voltron B3.
Phase: Ai(4)-Drana Vampires' Declare Blockers Step
Combat: Ai(3)-Wyleth Voltron B3 didn't block Necropolis Regent (345).
Ai(3)-Wyleth Voltron B3 didn't block Crypt Ghast (303).
Phase: Ai(4)-Drana Vampires' First Strike Damage Step
Phase: Ai(4)-Drana Vampires' Combat Damage Step
Damage: Necropolis Regent (345) deals 6 combat damage to Ai(3)-Wyleth Voltron B3.
Damage: Crypt Ghast (303) deals 2 combat damage to Ai(3)-Wyleth Voltron B3.
Life: Life: Ai(3)-Wyleth Voltron B3 13 > 5
Add To Stack: Ai(4)-Drana Vampires triggered Necropolis Regent
Add To Stack: Ai(4)-Drana Vampires triggered Necropolis Regent
Resolve Stack: Whenever a creature you control deals combat damage to a player, put that many +1/+1 counters on it. [Damage Source: Crypt Ghast (303), Damaged: Ai(3)-Wyleth Voltron B3, Amount: 2]
Resolve Stack: Whenever a creature you control deals combat damage to a player, put that many +1/+1 counters on it. [Damage Source: Necropolis Regent (345), Damaged: Ai(3)-Wyleth Voltron B3, Amount: 6]
Phase: Ai(4)-Drana Vampires' End of Combat Step
Phase: Ai(4)-Drana Vampires' Main phase, postcombat
Mana: Swamp (369) - {T}: Add {B}.
Mana: Swamp (386) - {T}: Add {B}.
Mana: Swamp (362) - {T}: Add {B}.
Add To Stack: Ai(4)-Drana Vampires cast Drana, Liberator of Malakir
Add To Stack: Ai(4)-Drana Vampires triggered Crypt Ghast
Life: Life: Ai(1)-Kilo Helm Final 33 > 32
Life: Life: Ai(2)-Wilhelt Zombies B3 34 > 33
Life: Life: Ai(3)-Wyleth Voltron B3 5 > 4
Life: Life: Ai(4)-Drana Vampires 20 > 23
Resolve Stack: Extort (Whenever you cast a spell, you may pay {W/B}. If you do, each opponent loses 1 life and you gain that much life.) [Card: Drana, Liberator of Malakir (402), Activator: Ai(4)-Drana Vampires, SpellAbility: Drana, Liberator of Malakir - Creature 2 / 3]
Resolve Stack: Drana, Liberator of Malakir - Creature 2 / 3
Mana: Swamp (392) - {T}: Add {B}.
Mana: Swamp (398) - {T}: Add {B}.
Mana: Swamp (358) - {T}: Add {B}.
Add To Stack: Ai(4)-Drana Vampires cast Gray Merchant of Asphodel
Add To Stack: Ai(4)-Drana Vampires triggered Crypt Ghast
Life: Life: Ai(1)-Kilo Helm Final 32 > 31
Life: Life: Ai(2)-Wilhelt Zombies B3 33 > 32
Life: Life: Ai(3)-Wyleth Voltron B3 4 > 3
Life: Life: Ai(4)-Drana Vampires 23 > 26
Resolve Stack: Extort (Whenever you cast a spell, you may pay {W/B}. If you do, each opponent loses 1 life and you gain that much life.) [Card: Gray Merchant of Asphodel (314), Activator: Ai(4)-Drana Vampires, SpellAbility: Gray Merchant of Asphodel - Creature 2 / 4]
Resolve Stack: Gray Merchant of Asphodel - Creature 2 / 4
Add To Stack: Ai(4)-Drana Vampires triggered Gray Merchant of Asphodel
Life: Life: Ai(1)-Kilo Helm Final 31 > 23
Life: Life: Ai(2)-Wilhelt Zombies B3 32 > 24
Life: Life: Ai(3)-Wyleth Voltron B3 3 > -5
Life: Life: Ai(4)-Drana Vampires 26 > 50
Resolve Stack: When Gray Merchant of Asphodel enters, each opponent loses X life, where X is your devotion to black. You gain life equal to the life lost this way. [Zone Changer: Gray Merchant of Asphodel (314)]
Mana: Swamp (396) - {T}: Add {B}.
Add To Stack: Ai(4)-Drana Vampires cast Blood Artist
Add To Stack: Ai(4)-Drana Vampires triggered Crypt Ghast
Mana: Swamp (357) - {T}: Add {B}.
Life: Life: Ai(1)-Kilo Helm Final 23 > 22
Life: Life: Ai(2)-Wilhelt Zombies B3 24 > 23
Life: Life: Ai(4)-Drana Vampires 50 > 52
Resolve Stack: Extort (Whenever you cast a spell, you may pay {W/B}. If you do, each opponent loses 1 life and you gain that much life.) [Card: Blood Artist (332), Activator: Ai(4)-Drana Vampires, SpellAbility: Blood Artist - Creature 0 / 1]
Resolve Stack: Blood Artist - Creature 0 / 1
Mana: Swamp (378) - {T}: Add {B}.
Add To Stack: Ai(4)-Drana Vampires cast Night's Whisper
Add To Stack: Ai(4)-Drana Vampires triggered Crypt Ghast
Life: Life: Ai(1)-Kilo Helm Final 22 > 21
Life: Life: Ai(2)-Wilhelt Zombies B3 23 > 22
Life: Life: Ai(4)-Drana Vampires 52 > 54
Resolve Stack: Extort (Whenever you cast a spell, you may pay {W/B}. If you do, each opponent loses 1 life and you gain that much life.) [Card: Night's Whisper (304), Activator: Ai(4)-Drana Vampires, SpellAbility: You draw two cards and you lose 2 life. ]
Life: Life: Ai(4)-Drana Vampires 54 > 52
Resolve Stack: Night's Whisper (304) - Ai(4)-Drana Vampires draws two cards. Ai(4)-Drana Vampires loses 2 life.
Phase: Ai(4)-Drana Vampires' End step
Phase: Ai(4)-Drana Vampires' Cleanup step
Turn: Turn 52 (Ai(1)-Kilo Helm Final)
Phase: Ai(1)-Kilo Helm Final's Untap step
Phase: Ai(1)-Kilo Helm Final's Upkeep step
Add To Stack: Ai(1)-Kilo Helm Final triggered Inventors' Fair
Life: Life: Ai(1)-Kilo Helm Final 21 > 22
Resolve Stack: At the beginning of your upkeep, if you control three or more artifacts, you gain 1 life. [Phase: Ai(1)-Kilo Helm Final]
Phase: Ai(1)-Kilo Helm Final's Draw step
Phase: Ai(1)-Kilo Helm Final's Main phase, precombat
Phase: Ai(1)-Kilo Helm Final's Beginning of Combat Step
Phase: Ai(1)-Kilo Helm Final's Declare Attackers Step
Combat: Ai(1)-Kilo Helm Final assigned Tekuthal, Inquiry Dominus (27) to attack Ai(4)-Drana Vampires.
Phase: Ai(1)-Kilo Helm Final's Declare Blockers Step
Combat: Ai(4)-Drana Vampires didn't block Tekuthal, Inquiry Dominus (27).
Phase: Ai(1)-Kilo Helm Final's First Strike Damage Step
Phase: Ai(1)-Kilo Helm Final's Combat Damage Step
Damage: Tekuthal, Inquiry Dominus (27) deals 3 combat damage to Ai(4)-Drana Vampires.
Life: Life: Ai(4)-Drana Vampires 52 > 49
Phase: Ai(1)-Kilo Helm Final's End of Combat Step
Phase: Ai(1)-Kilo Helm Final's Main phase, postcombat
Mana: Exotic Orchard (99) - {T}: Add one mana of any color that a land an opponent controls could produce.
Mana: Great Furnace (96) - {T}: Add {R}.
Mana: Ancient Den (89) - {T}: Add {W}.
Mana: Silverbluff Bridge (25) - {T}: Add {U} or {R}.
Add To Stack: Ai(1)-Kilo Helm Final cast Unwinding Clock
Resolve Stack: Unwinding Clock
Mana: Arcane Signet (94) - {T}: Add one mana of any color in your commander's color identity.
Mana: Command Tower (6) - {T}: Add one mana of any color in your commander's color identity.
Mana: Inkmoth Nexus (41) - {T}: Add {C}.
Add To Stack: Ai(1)-Kilo Helm Final cast Flux Channeler
Resolve Stack: Flux Channeler - Creature 2 / 2
Phase: Ai(1)-Kilo Helm Final's End step
Phase: Ai(1)-Kilo Helm Final's Cleanup step
Turn: Turn 53 (Ai(2)-Wilhelt Zombies B3)
Phase: Ai(2)-Wilhelt Zombies B3's Untap step
Phase: Ai(2)-Wilhelt Zombies B3's Upkeep step
Phase: Ai(2)-Wilhelt Zombies B3's Draw step
Phase: Ai(2)-Wilhelt Zombies B3's Main phase, precombat
Phase: Ai(2)-Wilhelt Zombies B3's Beginning of Combat Step
Phase: Ai(2)-Wilhelt Zombies B3's Declare Attackers Step
Phase: Ai(2)-Wilhelt Zombies B3's Declare Blockers Step
Phase: Ai(2)-Wilhelt Zombies B3's First Strike Damage Step
Phase: Ai(2)-Wilhelt Zombies B3's Combat Damage Step
Phase: Ai(2)-Wilhelt Zombies B3's End of Combat Step
Phase: Ai(2)-Wilhelt Zombies B3's Main phase, postcombat
Land: Ai(2)-Wilhelt Zombies B3 played Swamp (183)
Mana: Great Furnace (96) - {T}: Add {R}.
Mana: Ancient Den (89) - {T}: Add {W}.
Mana: Silverbluff Bridge (25) - {T}: Add {U} or {R}.
Mana: Arcane Signet (94) - {T}: Add one mana of any color in your commander's color identity.
Zone Change: Inventors' Fair (2) was put into Graveyard from Battlefield.
Add To Stack: Ai(1)-Kilo Helm Final activated Inventors' Fair
Resolve Stack: Inventors' Fair (2) - Ai(1)-Kilo Helm Final searches their library for an artifact card, reveals it, puts it into their hand, then shuffles.
Phase: Ai(2)-Wilhelt Zombies B3's End step
Add To Stack: Ai(2)-Wilhelt Zombies B3 triggered Wilhelt, the Rotcleaver
Resolve Stack: At the beginning of your end step, you may sacrifice a Zombie. If you do, draw a card. [Phase: Ai(2)-Wilhelt Zombies B3]
Phase: Ai(2)-Wilhelt Zombies B3's Cleanup step
Turn: Turn 54 (Ai(4)-Drana Vampires)
Phase: Ai(4)-Drana Vampires' Untap step
Phase: Ai(4)-Drana Vampires' Upkeep step
Phase: Ai(4)-Drana Vampires' Draw step
Phase: Ai(4)-Drana Vampires' Main phase, precombat
Mana: Swamp (369) - {T}: Add {B}.
Add To Stack: Ai(4)-Drana Vampires cast Feast of Blood targeting [Tekuthal, Inquiry Dominus (27)]
Add To Stack: Ai(4)-Drana Vampires triggered Crypt Ghast
Mana: Swamp (386) - {T}: Add {B}.
Life: Life: Ai(1)-Kilo Helm Final 22 > 21
Life: Life: Ai(2)-Wilhelt Zombies B3 22 > 21
Life: Life: Ai(4)-Drana Vampires 49 > 51
Resolve Stack: Extort (Whenever you cast a spell, you may pay {W/B}. If you do, each opponent loses 1 life and you gain that much life.) [Card: Feast of Blood (328), Activator: Ai(4)-Drana Vampires, SpellAbility: Cast this spell only if you control two or more Vampires. Destroy target creature. You gain 4 life. ]
Zone Change: Tekuthal, Inquiry Dominus (27) was put into Graveyard from Battlefield.
Life: Life: Ai(4)-Drana Vampires 51 > 55
Resolve Stack: Feast of Blood (328) - Destroy Tekuthal, Inquiry Dominus (27). Ai(4)-Drana Vampires gains 4 life.
Add To Stack: Ai(4)-Drana Vampires triggered Blood Artist targeting [Ai(1)-Kilo Helm Final]
Life: Life: Ai(1)-Kilo Helm Final 21 > 20
Life: Life: Ai(4)-Drana Vampires 55 > 56
Resolve Stack: Whenever Blood Artist or another creature dies, target player loses 1 life and you gain 1 life. (Targeting: [[Ai(1)-Kilo Helm Final]]) [Zone Changer: Tekuthal, Inquiry Dominus (27)]
Mana: Swamp (362) - {T}: Add {B}.
Mana: Swamp (392) - {T}: Add {B}.
Add To Stack: Ai(4)-Drana Vampires cast Bloodline Keeper
Add To Stack: Ai(4)-Drana Vampires triggered Crypt Ghast
Life: Life: Ai(1)-Kilo Helm Final 20 > 19
Life: Life: Ai(2)-Wilhelt Zombies B3 21 > 20
Life: Life: Ai(4)-Drana Vampires 56 > 58
Resolve Stack: Extort (Whenever you cast a spell, you may pay {W/B}. If you do, each opponent loses 1 life and you gain that much life.) [Card: Bloodline Keeper (330), Activator: Ai(4)-Drana Vampires, SpellAbility: Bloodline Keeper - Creature 3 / 3]
Resolve Stack: Bloodline Keeper - Creature 3 / 3
Phase: Ai(4)-Drana Vampires' Beginning of Combat Step
Phase: Ai(4)-Drana Vampires' Declare Attackers Step
Combat: Ai(4)-Drana Vampires assigned Necropolis Regent (345), Crypt Ghast (303), Drana, Liberator of Malakir (402) and Gray Merchant of Asphodel (314) to attack Ai(1)-Kilo Helm Final.
Phase: Ai(4)-Drana Vampires' Declare Blockers Step
Combat: Ai(1)-Kilo Helm Final didn't block Necropolis Regent (345).
Ai(1)-Kilo Helm Final assigned Flux Channeler (32) to block Crypt Ghast (303).
Ai(1)-Kilo Helm Final didn't block Drana, Liberator of Malakir (402).
Ai(1)-Kilo Helm Final didn't block Gray Merchant of Asphodel (314).
Phase: Ai(4)-Drana Vampires' First Strike Damage Step
Damage: Drana, Liberator of Malakir (402) deals 2 combat damage to Ai(1)-Kilo Helm Final.
Life: Life: Ai(1)-Kilo Helm Final 19 > 17
Add To Stack: Ai(4)-Drana Vampires triggered Drana, Liberator of Malakir
Add To Stack: Ai(4)-Drana Vampires triggered Necropolis Regent
Resolve Stack: Whenever a creature you control deals combat damage to a player, put that many +1/+1 counters on it. [Damage Source: Drana, Liberator of Malakir (402), Damaged: Ai(1)-Kilo Helm Final, Amount: 2]
Resolve Stack: Whenever Drana, Liberator of Malakir deals combat damage to a player, put a +1/+1 counter on each attacking creature you control. [Damage Source: Drana, Liberator of Malakir (402), Damaged: Ai(1)-Kilo Helm Final, Amount: 2]
Phase: Ai(4)-Drana Vampires' Combat Damage Step
Damage: Necropolis Regent (345) deals 13 combat damage to Ai(1)-Kilo Helm Final.
Damage: Crypt Ghast (303) deals 5 damage to Flux Channeler (32).
Damage: Gray Merchant of Asphodel (314) deals 3 combat damage to Ai(1)-Kilo Helm Final.
Damage: Flux Channeler (32) deals 2 damage to Crypt Ghast (303).
Life: Life: Ai(1)-Kilo Helm Final 17 > 1
Zone Change: Flux Channeler (32) was put into Graveyard from Battlefield.
Add To Stack: Ai(4)-Drana Vampires triggered Blood Artist targeting [Ai(1)-Kilo Helm Final]
Add To Stack: Ai(4)-Drana Vampires triggered Necropolis Regent
Add To Stack: Ai(4)-Drana Vampires triggered Necropolis Regent
Add To Stack: Ai(2)-Wilhelt Zombies B3 activated Shepherd of Rot
Life: Life: Ai(4)-Drana Vampires 58 > 55
Life: Life: Ai(1)-Kilo Helm Final 1 > -2
Life: Life: Ai(2)-Wilhelt Zombies B3 20 > 17
Resolve Stack: Shepherd of Rot (129) - Ai(4)-Drana Vampires, Ai(1)-Kilo Helm Final and Ai(2)-Wilhelt Zombies B3 each lose 3 life.
Resolve Stack: Whenever a creature you control deals combat damage to a player, put that many +1/+1 counters on it. [Damage Source: Gray Merchant of Asphodel (314), Damaged: Ai(1)-Kilo Helm Final, Amount: 3]
Resolve Stack: Whenever a creature you control deals combat damage to a player, put that many +1/+1 counters on it. [Damage Source: Necropolis Regent (345), Damaged: Ai(1)-Kilo Helm Final, Amount: 13]
Resolve Stack: Blood Artist ability fizzles.
Phase: Ai(4)-Drana Vampires' End of Combat Step
Phase: Ai(4)-Drana Vampires' Main phase, postcombat
Phase: Ai(4)-Drana Vampires' End step
Phase: Ai(4)-Drana Vampires' Cleanup step
Turn: Turn 55 (Ai(2)-Wilhelt Zombies B3)
Phase: Ai(2)-Wilhelt Zombies B3's Untap step
Phase: Ai(2)-Wilhelt Zombies B3's Upkeep step
Phase: Ai(2)-Wilhelt Zombies B3's Draw step
Phase: Ai(2)-Wilhelt Zombies B3's Main phase, precombat
Phase: Ai(2)-Wilhelt Zombies B3's Beginning of Combat Step
Phase: Ai(2)-Wilhelt Zombies B3's Declare Attackers Step
Phase: Ai(2)-Wilhelt Zombies B3's Declare Blockers Step
Phase: Ai(2)-Wilhelt Zombies B3's First Strike Damage Step
Phase: Ai(2)-Wilhelt Zombies B3's Combat Damage Step
Phase: Ai(2)-Wilhelt Zombies B3's End of Combat Step
Phase: Ai(2)-Wilhelt Zombies B3's Main phase, postcombat
Land: Ai(2)-Wilhelt Zombies B3 played Swamp (174)
Phase: Ai(2)-Wilhelt Zombies B3's End step
Add To Stack: Ai(2)-Wilhelt Zombies B3 triggered Wilhelt, the Rotcleaver
Resolve Stack: At the beginning of your end step, you may sacrifice a Zombie. If you do, draw a card. [Phase: Ai(2)-Wilhelt Zombies B3]
Phase: Ai(2)-Wilhelt Zombies B3's Cleanup step
Turn: Turn 56 (Ai(4)-Drana Vampires)
Phase: Ai(4)-Drana Vampires' Untap step
Phase: Ai(4)-Drana Vampires' Upkeep step
Phase: Ai(4)-Drana Vampires' Draw step
Phase: Ai(4)-Drana Vampires' Main phase, precombat
Mana: Swamp (369) - {T}: Add {B}.
Mana: Swamp (386) - {T}: Add {B}.
Mana: Swamp (362) - {T}: Add {B}.
Mana: Swamp (392) - {T}: Add {B}.
Mana: Swamp (398) - {T}: Add {B}.
Mana: Swamp (358) - {T}: Add {B}.
Mana: Swamp (396) - {T}: Add {B}.
Mana: Swamp (357) - {T}: Add {B}.
Mana: Swamp (378) - {T}: Add {B}.
Mana: Swamp (385) - {T}: Add {B}.
Add To Stack: Ai(4)-Drana Vampires cast Consume Spirit targeting [Ai(2)-Wilhelt Zombies B3]
Add To Stack: Ai(4)-Drana Vampires triggered Crypt Ghast
Resolve Stack: Extort (Whenever you cast a spell, you may pay {W/B}. If you do, each opponent loses 1 life and you gain that much life.) [Card: Consume Spirit (320), Activator: Ai(4)-Drana Vampires, SpellAbility: Spend only black mana on X. Consume Spirit deals X damage to any target and you gain X life. ]
Damage: Consume Spirit (320) deals 18 non-combat damage to Ai(2)-Wilhelt Zombies B3.
Life: Life: Ai(2)-Wilhelt Zombies B3 17 > -1
Life: Life: Ai(4)-Drana Vampires 55 > 73
Resolve Stack: Consume Spirit (320) - Consume Spirit (320) deals 18 damage to Ai(2)-Wilhelt Zombies B3. Ai(4)-Drana Vampires gains 18 life. (X=18)
Player Control: Ai(1)-Kilo Helm Final has restored control over themself
Player Control: Ai(2)-Wilhelt Zombies B3 has restored control over themself
Player Control: Ai(3)-Wyleth Voltron B3 has restored control over themself
Player Control: Ai(4)-Drana Vampires has restored control over themself
Game Outcome: Turn 28
Game Outcome: Ai(1)-Kilo Helm Final has lost because life total reached 0
Game Outcome: Ai(2)-Wilhelt Zombies B3 has lost because life total reached 0
Game Outcome: Ai(3)-Wyleth Voltron B3 has lost because life total reached 0
Game Outcome: Ai(4)-Drana Vampires has won because all opponents have lost
Match Result: Ai(1)-Kilo Helm Final: 1 Ai(2)-Wilhelt Zombies B3: 0 Ai(3)-Wyleth Voltron B3: 0 Ai(4)-Drana Vampires: 1 

Game Result: Game 2 ended in 61125 ms. Ai(4)-Drana Vampires has won!

Warning: default (ie. inherited from base class) implementation of confirmAction is used by Drana, Liberator of Malakir for forge.ai.ability.PermanentCreatureAi. Consider declaring an overloaded method
Warning: default (ie. inherited from base class) implementation of confirmAction is used by Kilo, Apogee Mind for forge.ai.ability.PermanentCreatureAi. Consider declaring an overloaded method
Warning: default (ie. inherited from base class) implementation of confirmAction is used by Wilhelt, the Rotcleaver for forge.ai.ability.PermanentCreatureAi. Consider declaring an overloaded method
Warning: default (ie. inherited from base class) implementation of confirmAction is used by Wyleth, Soul of Steel for forge.ai.ability.PermanentCreatureAi. Consider declaring an overloaded method
Warning: default (ie. inherited from base class) implementation of confirmAction is used by Kilo, Apogee Mind for forge.ai.ability.PermanentCreatureAi. Consider declaring an overloaded method
Warning: default (ie. inherited from base class) implementation of confirmAction is used by Wilhelt, the Rotcleaver for forge.ai.ability.PermanentCreatureAi. Consider declaring an overloaded method
Warning: default (ie. inherited from base class) implementation of confirmAction is used by Drana, Liberator of Malakir for forge.ai.ability.PermanentCreatureAi. Consider declaring an overloaded method
Warning: default (ie. inherited from base class) implementation of confirmAction is used by Wilhelt, the Rotcleaver for forge.ai.ability.PermanentCreatureAi. Consider declaring an overloaded method
Warning: default (ie. inherited from base class) implementation of confirmAction is used by Wyleth, Soul of Steel for forge.ai.ability.PermanentCreatureAi. Consider declaring an overloaded method
Warning: default (ie. inherited from base class) implementation of confirmAction is used by Drana, Liberator of Malakir for forge.ai.ability.PermanentCreatureAi. Consider declaring an overloaded method
Warning: default (ie. inherited from base class) implementation of confirmAction is used by Drana, Liberator of Malakir for forge.ai.ability.PermanentCreatureAi. Consider declaring an overloaded method
Mulligan: Ai(1)-Kilo Helm Final has kept a hand of 7 cards
Mulligan: Ai(2)-Wilhelt Zombies B3 has kept a hand of 7 cards
Mulligan: Ai(3)-Wyleth Voltron B3 has kept a hand of 7 cards
Mulligan: Ai(4)-Drana Vampires has kept a hand of 7 cards
Turn: Turn 1 (Ai(1)-Kilo Helm Final)
Phase: Ai(1)-Kilo Helm Final's Untap step
Phase: Ai(1)-Kilo Helm Final's Upkeep step
Phase: Ai(1)-Kilo Helm Final's Draw step
Phase: Ai(1)-Kilo Helm Final's Main phase, precombat
Land: Ai(1)-Kilo Helm Final played Shivan Reef (34)
Phase: Ai(1)-Kilo Helm Final's Beginning of Combat Step
Phase: Ai(1)-Kilo Helm Final's Declare Attackers Step
Phase: Ai(1)-Kilo Helm Final's Declare Blockers Step
Phase: Ai(1)-Kilo Helm Final's First Strike Damage Step
Phase: Ai(1)-Kilo Helm Final's Combat Damage Step
Phase: Ai(1)-Kilo Helm Final's End of Combat Step
Phase: Ai(1)-Kilo Helm Final's Main phase, postcombat
Phase: Ai(1)-Kilo Helm Final's End step
Phase: Ai(1)-Kilo Helm Final's Cleanup step
Turn: Turn 2 (Ai(2)-Wilhelt Zombies B3)
Phase: Ai(2)-Wilhelt Zombies B3's Untap step
Phase: Ai(2)-Wilhelt Zombies B3's Upkeep step
Phase: Ai(2)-Wilhelt Zombies B3's Draw step
Phase: Ai(2)-Wilhelt Zombies B3's Main phase, precombat
Land: Ai(2)-Wilhelt Zombies B3 played Swamp (172)
Phase: Ai(2)-Wilhelt Zombies B3's Beginning of Combat Step
Phase: Ai(2)-Wilhelt Zombies B3's Declare Attackers Step
Phase: Ai(2)-Wilhelt Zombies B3's Declare Blockers Step
Phase: Ai(2)-Wilhelt Zombies B3's First Strike Damage Step
Phase: Ai(2)-Wilhelt Zombies B3's Combat Damage Step
Phase: Ai(2)-Wilhelt Zombies B3's End of Combat Step
Phase: Ai(2)-Wilhelt Zombies B3's Main phase, postcombat
Mana: Swamp (172) - {T}: Add {B}.
Add To Stack: Ai(2)-Wilhelt Zombies B3 cast Shambling Ghast
Resolve Stack: Shambling Ghast - Creature 1 / 1
Phase: Ai(2)-Wilhelt Zombies B3's End step
Phase: Ai(2)-Wilhelt Zombies B3's Cleanup step
Turn: Turn 3 (Ai(3)-Wyleth Voltron B3)
Phase: Ai(3)-Wyleth Voltron B3's Untap step
Phase: Ai(3)-Wyleth Voltron B3's Upkeep step
Phase: Ai(3)-Wyleth Voltron B3's Draw step
Phase: Ai(3)-Wyleth Voltron B3's Main phase, precombat
Land: Ai(3)-Wyleth Voltron B3 played Slayers' Stronghold (271)
Phase: Ai(3)-Wyleth Voltron B3's Beginning of Combat Step
Phase: Ai(3)-Wyleth Voltron B3's Declare Attackers Step
Phase: Ai(3)-Wyleth Voltron B3's Declare Blockers Step
Phase: Ai(3)-Wyleth Voltron B3's First Strike Damage Step
Phase: Ai(3)-Wyleth Voltron B3's Combat Damage Step
Phase: Ai(3)-Wyleth Voltron B3's End of Combat Step
Phase: Ai(3)-Wyleth Voltron B3's Main phase, postcombat
Phase: Ai(3)-Wyleth Voltron B3's End step
Phase: Ai(3)-Wyleth Voltron B3's Cleanup step
Turn: Turn 4 (Ai(4)-Drana Vampires)
Phase: Ai(4)-Drana Vampires' Untap step
Phase: Ai(4)-Drana Vampires' Upkeep step
Phase: Ai(4)-Drana Vampires' Draw step
Phase: Ai(4)-Drana Vampires' Main phase, precombat
Land: Ai(4)-Drana Vampires played Swamp (377)
Phase: Ai(4)-Drana Vampires' Beginning of Combat Step
Phase: Ai(4)-Drana Vampires' Declare Attackers Step
Phase: Ai(4)-Drana Vampires' Declare Blockers Step
Phase: Ai(4)-Drana Vampires' First Strike Damage Step
Phase: Ai(4)-Drana Vampires' Combat Damage Step
Phase: Ai(4)-Drana Vampires' End of Combat Step
Phase: Ai(4)-Drana Vampires' Main phase, postcombat
Phase: Ai(4)-Drana Vampires' End step
Phase: Ai(4)-Drana Vampires' Cleanup step
Turn: Turn 5 (Ai(1)-Kilo Helm Final)
Phase: Ai(1)-Kilo Helm Final's Untap step
Phase: Ai(1)-Kilo Helm Final's Upkeep step
Phase: Ai(1)-Kilo Helm Final's Draw step
Phase: Ai(1)-Kilo Helm Final's Main phase, precombat
Land: Ai(1)-Kilo Helm Final played Mountain (86)
Phase: Ai(1)-Kilo Helm Final's Beginning of Combat Step
Phase: Ai(1)-Kilo Helm Final's Declare Attackers Step
Phase: Ai(1)-Kilo Helm Final's Declare Blockers Step
Phase: Ai(1)-Kilo Helm Final's First Strike Damage Step
Phase: Ai(1)-Kilo Helm Final's Combat Damage Step
Phase: Ai(1)-Kilo Helm Final's End of Combat Step
Phase: Ai(1)-Kilo Helm Final's Main phase, postcombat
Mana: Mountain (86) - {T}: Add {R}.
Mana: Shivan Reef (34) - {T}: Add {C}.
Add To Stack: Ai(1)-Kilo Helm Final cast Coretapper
Resolve Stack: Coretapper - Creature 1 / 1
Phase: Ai(1)-Kilo Helm Final's End step
Phase: Ai(1)-Kilo Helm Final's Cleanup step
Turn: Turn 6 (Ai(2)-Wilhelt Zombies B3)
Phase: Ai(2)-Wilhelt Zombies B3's Untap step
Phase: Ai(2)-Wilhelt Zombies B3's Upkeep step
Phase: Ai(2)-Wilhelt Zombies B3's Draw step
Phase: Ai(2)-Wilhelt Zombies B3's Main phase, precombat
Land: Ai(2)-Wilhelt Zombies B3 played Island (153)
Phase: Ai(2)-Wilhelt Zombies B3's Beginning of Combat Step
Phase: Ai(2)-Wilhelt Zombies B3's Declare Attackers Step
Phase: Ai(2)-Wilhelt Zombies B3's Declare Blockers Step
Phase: Ai(2)-Wilhelt Zombies B3's First Strike Damage Step
Phase: Ai(2)-Wilhelt Zombies B3's Combat Damage Step
Phase: Ai(2)-Wilhelt Zombies B3's End of Combat Step
Phase: Ai(2)-Wilhelt Zombies B3's Main phase, postcombat
Phase: Ai(2)-Wilhelt Zombies B3's End step
Phase: Ai(2)-Wilhelt Zombies B3's Cleanup step
Turn: Turn 7 (Ai(3)-Wyleth Voltron B3)
Phase: Ai(3)-Wyleth Voltron B3's Untap step
Phase: Ai(3)-Wyleth Voltron B3's Upkeep step
Phase: Ai(3)-Wyleth Voltron B3's Draw step
Phase: Ai(3)-Wyleth Voltron B3's Main phase, precombat
Land: Ai(3)-Wyleth Voltron B3 played Mountain (290)
Phase: Ai(3)-Wyleth Voltron B3's Beginning of Combat Step
Phase: Ai(3)-Wyleth Voltron B3's Declare Attackers Step
Phase: Ai(3)-Wyleth Voltron B3's Declare Blockers Step
Phase: Ai(3)-Wyleth Voltron B3's First Strike Damage Step
Phase: Ai(3)-Wyleth Voltron B3's Combat Damage Step
Phase: Ai(3)-Wyleth Voltron B3's End of Combat Step
Phase: Ai(3)-Wyleth Voltron B3's Main phase, postcombat
Phase: Ai(3)-Wyleth Voltron B3's End step
Phase: Ai(3)-Wyleth Voltron B3's Cleanup step
Turn: Turn 8 (Ai(4)-Drana Vampires)
Phase: Ai(4)-Drana Vampires' Untap step
Phase: Ai(4)-Drana Vampires' Upkeep step
Phase: Ai(4)-Drana Vampires' Draw step
Phase: Ai(4)-Drana Vampires' Main phase, precombat
Land: Ai(4)-Drana Vampires played Swamp (372)
Phase: Ai(4)-Drana Vampires' Beginning of Combat Step
Phase: Ai(4)-Drana Vampires' Declare Attackers Step
Phase: Ai(4)-Drana Vampires' Declare Blockers Step
Phase: Ai(4)-Drana Vampires' First Strike Damage Step
Phase: Ai(4)-Drana Vampires' Combat Damage Step
Phase: Ai(4)-Drana Vampires' End of Combat Step
Phase: Ai(4)-Drana Vampires' Main phase, postcombat
Phase: Ai(4)-Drana Vampires' End step
Phase: Ai(4)-Drana Vampires' Cleanup step
Turn: Turn 9 (Ai(1)-Kilo Helm Final)
Phase: Ai(1)-Kilo Helm Final's Untap step
Phase: Ai(1)-Kilo Helm Final's Upkeep step
Phase: Ai(1)-Kilo Helm Final's Draw step
Phase: Ai(1)-Kilo Helm Final's Main phase, precombat
Land: Ai(1)-Kilo Helm Final played Island (63)
Phase: Ai(1)-Kilo Helm Final's Beginning of Combat Step
Phase: Ai(1)-Kilo Helm Final's Declare Attackers Step
Phase: Ai(1)-Kilo Helm Final's Declare Blockers Step
Phase: Ai(1)-Kilo Helm Final's First Strike Damage Step
Phase: Ai(1)-Kilo Helm Final's Combat Damage Step
Phase: Ai(1)-Kilo Helm Final's End of Combat Step
Phase: Ai(1)-Kilo Helm Final's Main phase, postcombat
Mana: Mountain (86) - {T}: Add {R}.
Mana: Island (63) - {T}: Add {U}.
Mana: Shivan Reef (34) - {T}: Add {C}.
Add To Stack: Ai(1)-Kilo Helm Final cast Cloud Key
Replacement Effect: As Cloud Key enters, choose artifact, creature, enchantment, instant, or sorcery.
Resolve Stack: Cloud Key
Phase: Ai(1)-Kilo Helm Final's End step
Phase: Ai(1)-Kilo Helm Final's Cleanup step
Turn: Turn 10 (Ai(2)-Wilhelt Zombies B3)
Phase: Ai(2)-Wilhelt Zombies B3's Untap step
Phase: Ai(2)-Wilhelt Zombies B3's Upkeep step
Phase: Ai(2)-Wilhelt Zombies B3's Draw step
Phase: Ai(2)-Wilhelt Zombies B3's Main phase, precombat
Land: Ai(2)-Wilhelt Zombies B3 played Swamp (192)
Mana: Island (153) - {T}: Add {U}.
Mana: Swamp (172) - {T}: Add {B}.
Mana: Swamp (192) - {T}: Add {B}.
Add To Stack: Ai(2)-Wilhelt Zombies B3 cast Diregraf Captain
Resolve Stack: Diregraf Captain - Creature 2 / 2
Phase: Ai(2)-Wilhelt Zombies B3's Beginning of Combat Step
Phase: Ai(2)-Wilhelt Zombies B3's Declare Attackers Step
Combat: Ai(2)-Wilhelt Zombies B3 assigned Shambling Ghast (137) to attack Ai(1)-Kilo Helm Final.
Phase: Ai(2)-Wilhelt Zombies B3's Declare Blockers Step
Combat: Ai(1)-Kilo Helm Final didn't block Shambling Ghast (137).
Phase: Ai(2)-Wilhelt Zombies B3's First Strike Damage Step
Phase: Ai(2)-Wilhelt Zombies B3's Combat Damage Step
Damage: Shambling Ghast (137) deals 2 combat damage to Ai(1)-Kilo Helm Final.
Life: Life: Ai(1)-Kilo Helm Final 40 > 38
Phase: Ai(2)-Wilhelt Zombies B3's End of Combat Step
Phase: Ai(2)-Wilhelt Zombies B3's Main phase, postcombat
Phase: Ai(2)-Wilhelt Zombies B3's End step
Phase: Ai(2)-Wilhelt Zombies B3's Cleanup step
Turn: Turn 11 (Ai(3)-Wyleth Voltron B3)
Phase: Ai(3)-Wyleth Voltron B3's Untap step
Phase: Ai(3)-Wyleth Voltron B3's Upkeep step
Phase: Ai(3)-Wyleth Voltron B3's Draw step
Phase: Ai(3)-Wyleth Voltron B3's Main phase, precombat
Land: Ai(3)-Wyleth Voltron B3 played Mountain (277)
Phase: Ai(3)-Wyleth Voltron B3's Beginning of Combat Step
Phase: Ai(3)-Wyleth Voltron B3's Declare Attackers Step
Phase: Ai(3)-Wyleth Voltron B3's Declare Blockers Step
Phase: Ai(3)-Wyleth Voltron B3's First Strike Damage Step
Phase: Ai(3)-Wyleth Voltron B3's Combat Damage Step
Phase: Ai(3)-Wyleth Voltron B3's End of Combat Step
Phase: Ai(3)-Wyleth Voltron B3's Main phase, postcombat
Mana: Mountain (290) - {T}: Add {R}.
Mana: Mountain (277) - {T}: Add {R}.
Mana: Slayers' Stronghold (271) - {T}: Add {C}.
Add To Stack: Ai(3)-Wyleth Voltron B3 cast Sword of Hearth and Home
Resolve Stack: Sword of Hearth and Home
Phase: Ai(3)-Wyleth Voltron B3's End step
Phase: Ai(3)-Wyleth Voltron B3's Cleanup step
Turn: Turn 12 (Ai(4)-Drana Vampires)
Phase: Ai(4)-Drana Vampires' Untap step
Phase: Ai(4)-Drana Vampires' Upkeep step
Phase: Ai(4)-Drana Vampires' Draw step
Phase: Ai(4)-Drana Vampires' Main phase, precombat
Land: Ai(4)-Drana Vampires played Swamp (370)
Phase: Ai(4)-Drana Vampires' Beginning of Combat Step
Phase: Ai(4)-Drana Vampires' Declare Attackers Step
Phase: Ai(4)-Drana Vampires' Declare Blockers Step
Phase: Ai(4)-Drana Vampires' First Strike Damage Step
Phase: Ai(4)-Drana Vampires' Combat Damage Step
Phase: Ai(4)-Drana Vampires' End of Combat Step
Phase: Ai(4)-Drana Vampires' Main phase, postcombat
Mana: Swamp (377) - {T}: Add {B}.
Mana: Swamp (372) - {T}: Add {B}.
Mana: Swamp (370) - {T}: Add {B}.
Add To Stack: Ai(4)-Drana Vampires cast Drana, Liberator of Malakir
Resolve Stack: Drana, Liberator of Malakir - Creature 2 / 3
Phase: Ai(4)-Drana Vampires' End step
Phase: Ai(4)-Drana Vampires' Cleanup step
Turn: Turn 13 (Ai(1)-Kilo Helm Final)
Phase: Ai(1)-Kilo Helm Final's Untap step
Phase: Ai(1)-Kilo Helm Final's Upkeep step
Phase: Ai(1)-Kilo Helm Final's Draw step
Phase: Ai(1)-Kilo Helm Final's Main phase, precombat
Land: Ai(1)-Kilo Helm Final played Exotic Orchard (99)
Phase: Ai(1)-Kilo Helm Final's Beginning of Combat Step
Phase: Ai(1)-Kilo Helm Final's Declare Attackers Step
Phase: Ai(1)-Kilo Helm Final's Declare Blockers Step
Phase: Ai(1)-Kilo Helm Final's First Strike Damage Step
Phase: Ai(1)-Kilo Helm Final's Combat Damage Step
Phase: Ai(1)-Kilo Helm Final's End of Combat Step
Phase: Ai(1)-Kilo Helm Final's Main phase, postcombat
Mana: Island (63) - {T}: Add {U}.
Mana: Exotic Orchard (99) - {T}: Add one mana of any color that a land an opponent controls could produce.
Mana: Mountain (86) - {T}: Add {R}.
Mana: Shivan Reef (34) - {T}: Add {C}.
Add To Stack: Ai(1)-Kilo Helm Final cast Tekuthal, Inquiry Dominus
Resolve Stack: Tekuthal, Inquiry Dominus - Creature 3 / 5
Phase: Ai(1)-Kilo Helm Final's End step
Phase: Ai(1)-Kilo Helm Final's Cleanup step
Turn: Turn 14 (Ai(2)-Wilhelt Zombies B3)
Phase: Ai(2)-Wilhelt Zombies B3's Untap step
Phase: Ai(2)-Wilhelt Zombies B3's Upkeep step
Mana: Swamp (172) - {T}: Add {B}.
Mana: Swamp (192) - {T}: Add {B}.
Mana: Island (153) - {T}: Add {U}.
Add To Stack: Ai(2)-Wilhelt Zombies B3 cast Hero's Downfall targeting [Tekuthal, Inquiry Dominus (27)]
Zone Change: Tekuthal, Inquiry Dominus (27) was put into Graveyard from Battlefield.
Resolve Stack: Hero's Downfall (168) - Destroy Tekuthal, Inquiry Dominus (27).
Phase: Ai(2)-Wilhelt Zombies B3's Draw step
Phase: Ai(2)-Wilhelt Zombies B3's Main phase, precombat
Land: Ai(2)-Wilhelt Zombies B3 played Swamp (173)
Phase: Ai(2)-Wilhelt Zombies B3's Beginning of Combat Step
Phase: Ai(2)-Wilhelt Zombies B3's Declare Attackers Step
Phase: Ai(2)-Wilhelt Zombies B3's Declare Blockers Step
Phase: Ai(2)-Wilhelt Zombies B3's First Strike Damage Step
Phase: Ai(2)-Wilhelt Zombies B3's Combat Damage Step
Phase: Ai(2)-Wilhelt Zombies B3's End of Combat Step
Phase: Ai(2)-Wilhelt Zombies B3's Main phase, postcombat
Phase: Ai(2)-Wilhelt Zombies B3's End step
Phase: Ai(2)-Wilhelt Zombies B3's Cleanup step
Turn: Turn 15 (Ai(3)-Wyleth Voltron B3)
Phase: Ai(3)-Wyleth Voltron B3's Untap step
Phase: Ai(3)-Wyleth Voltron B3's Upkeep step
Phase: Ai(3)-Wyleth Voltron B3's Draw step
Phase: Ai(3)-Wyleth Voltron B3's Main phase, precombat
Land: Ai(3)-Wyleth Voltron B3 played Buried Ruin (217)
Phase: Ai(3)-Wyleth Voltron B3's Beginning of Combat Step
Phase: Ai(3)-Wyleth Voltron B3's Declare Attackers Step
Phase: Ai(3)-Wyleth Voltron B3's Declare Blockers Step
Phase: Ai(3)-Wyleth Voltron B3's First Strike Damage Step
Phase: Ai(3)-Wyleth Voltron B3's Combat Damage Step
Phase: Ai(3)-Wyleth Voltron B3's End of Combat Step
Phase: Ai(3)-Wyleth Voltron B3's Main phase, postcombat
Mana: Mountain (290) - {T}: Add {R}.
Mana: Mountain (277) - {T}: Add {R}.
Mana: Slayers' Stronghold (271) - {T}: Add {C}.
Add To Stack: Ai(3)-Wyleth Voltron B3 cast Darksteel Plate
Resolve Stack: Darksteel Plate
Phase: Ai(3)-Wyleth Voltron B3's End step
Phase: Ai(3)-Wyleth Voltron B3's Cleanup step
Turn: Turn 16 (Ai(4)-Drana Vampires)
Phase: Ai(4)-Drana Vampires' Untap step
Phase: Ai(4)-Drana Vampires' Upkeep step
Phase: Ai(4)-Drana Vampires' Draw step
Phase: Ai(4)-Drana Vampires' Main phase, precombat
Land: Ai(4)-Drana Vampires played Swamp (386)
Mana: Swamp (377) - {T}: Add {B}.
Mana: Swamp (372) - {T}: Add {B}.
Mana: Swamp (370) - {T}: Add {B}.
Mana: Swamp (386) - {T}: Add {B}.
Add To Stack: Ai(4)-Drana Vampires cast Vampire Nocturnus
Resolve Stack: Vampire Nocturnus - Creature 3 / 3
Phase: Ai(4)-Drana Vampires' Beginning of Combat Step
Phase: Ai(4)-Drana Vampires' Declare Attackers Step
Combat: Ai(4)-Drana Vampires assigned Drana, Liberator of Malakir (402) to attack Ai(2)-Wilhelt Zombies B3.
Phase: Ai(4)-Drana Vampires' Declare Blockers Step
Combat: Ai(2)-Wilhelt Zombies B3 didn't block Drana, Liberator of Malakir (402).
Phase: Ai(4)-Drana Vampires' First Strike Damage Step
Damage: Drana, Liberator of Malakir (402) deals 2 combat damage to Ai(2)-Wilhelt Zombies B3.
Life: Life: Ai(2)-Wilhelt Zombies B3 40 > 38
Add To Stack: Ai(4)-Drana Vampires triggered Drana, Liberator of Malakir
Resolve Stack: Whenever Drana, Liberator of Malakir deals combat damage to a player, put a +1/+1 counter on each attacking creature you control. [Damage Source: Drana, Liberator of Malakir (402), Damaged: Ai(2)-Wilhelt Zombies B3, Amount: 2]
Phase: Ai(4)-Drana Vampires' Combat Damage Step
Phase: Ai(4)-Drana Vampires' End of Combat Step
Phase: Ai(4)-Drana Vampires' Main phase, postcombat
Phase: Ai(4)-Drana Vampires' End step
Phase: Ai(4)-Drana Vampires' Cleanup step
Turn: Turn 17 (Ai(1)-Kilo Helm Final)
Phase: Ai(1)-Kilo Helm Final's Untap step
Phase: Ai(1)-Kilo Helm Final's Upkeep step
Phase: Ai(1)-Kilo Helm Final's Draw step
Phase: Ai(1)-Kilo Helm Final's Main phase, precombat
Phase: Ai(1)-Kilo Helm Final's Beginning of Combat Step
Phase: Ai(1)-Kilo Helm Final's Declare Attackers Step
Phase: Ai(1)-Kilo Helm Final's Declare Blockers Step
Phase: Ai(1)-Kilo Helm Final's First Strike Damage Step
Phase: Ai(1)-Kilo Helm Final's Combat Damage Step
Phase: Ai(1)-Kilo Helm Final's End of Combat Step
Phase: Ai(1)-Kilo Helm Final's Main phase, postcombat
Mana: Mountain (86) - {T}: Add {R}.
Mana: Exotic Orchard (99) - {T}: Add one mana of any color that a land an opponent controls could produce.
Mana: Island (63) - {T}: Add {U}.
Mana: Shivan Reef (34) - {T}: Add {C}.
Add To Stack: Ai(1)-Kilo Helm Final cast Dawnsire, Sunstar Dreadnought
Resolve Stack: Dawnsire, Sunstar Dreadnought
Add To Stack: Ai(1)-Kilo Helm Final activated Dawnsire, Sunstar Dreadnought
Resolve Stack: Dawnsire, Sunstar Dreadnought (12) - Ai(1)-Kilo Helm Final puts a charge counter on Dawnsire, Sunstar Dreadnought (12).
Phase: Ai(1)-Kilo Helm Final's End step
Phase: Ai(1)-Kilo Helm Final's Cleanup step
Turn: Turn 18 (Ai(2)-Wilhelt Zombies B3)
Phase: Ai(2)-Wilhelt Zombies B3's Untap step
Phase: Ai(2)-Wilhelt Zombies B3's Upkeep step
Phase: Ai(2)-Wilhelt Zombies B3's Draw step
Phase: Ai(2)-Wilhelt Zombies B3's Main phase, precombat
Replacement Effect: Sunken Hollow enters tapped unless you control two or more basic lands.
Land: Ai(2)-Wilhelt Zombies B3 played Sunken Hollow (119)
Mana: Swamp (172) - {T}: Add {B}.
Mana: Island (153) - {T}: Add {U}.
Add To Stack: Ai(2)-Wilhelt Zombies B3 cast Feed the Swarm targeting [Drana, Liberator of Malakir (402)]
Zone Change: Drana, Liberator of Malakir (402) was put into Graveyard from Battlefield.
Life: Life: Ai(2)-Wilhelt Zombies B3 38 > 35
Resolve Stack: Feed the Swarm (131) - Destroy Drana, Liberator of Malakir (402). Ai(2)-Wilhelt Zombies B3 loses 3 life.
Phase: Ai(2)-Wilhelt Zombies B3's Beginning of Combat Step
Phase: Ai(2)-Wilhelt Zombies B3's Declare Attackers Step
Combat: Ai(2)-Wilhelt Zombies B3 assigned Shambling Ghast (137) and Diregraf Captain (118) to attack Ai(1)-Kilo Helm Final.
Phase: Ai(2)-Wilhelt Zombies B3's Declare Blockers Step
Combat: Ai(1)-Kilo Helm Final didn't block Shambling Ghast (137).
Ai(1)-Kilo Helm Final didn't block Diregraf Captain (118).
Phase: Ai(2)-Wilhelt Zombies B3's First Strike Damage Step
Phase: Ai(2)-Wilhelt Zombies B3's Combat Damage Step
Damage: Shambling Ghast (137) deals 2 combat damage to Ai(1)-Kilo Helm Final.
Damage: Diregraf Captain (118) deals 2 combat damage to Ai(1)-Kilo Helm Final.
Life: Life: Ai(1)-Kilo Helm Final 38 > 34
Phase: Ai(2)-Wilhelt Zombies B3's End of Combat Step
Phase: Ai(2)-Wilhelt Zombies B3's Main phase, postcombat
Phase: Ai(2)-Wilhelt Zombies B3's End step
Phase: Ai(2)-Wilhelt Zombies B3's Cleanup step
Turn: Turn 19 (Ai(3)-Wyleth Voltron B3)
Phase: Ai(3)-Wyleth Voltron B3's Untap step
Phase: Ai(3)-Wyleth Voltron B3's Upkeep step
Phase: Ai(3)-Wyleth Voltron B3's Draw step
Phase: Ai(3)-Wyleth Voltron B3's Main phase, precombat
Land: Ai(3)-Wyleth Voltron B3 played Mountain (279)
Phase: Ai(3)-Wyleth Voltron B3's Beginning of Combat Step
Phase: Ai(3)-Wyleth Voltron B3's Declare Attackers Step
Phase: Ai(3)-Wyleth Voltron B3's Declare Blockers Step
Phase: Ai(3)-Wyleth Voltron B3's First Strike Damage Step
Phase: Ai(3)-Wyleth Voltron B3's Combat Damage Step
Phase: Ai(3)-Wyleth Voltron B3's End of Combat Step
Phase: Ai(3)-Wyleth Voltron B3's Main phase, postcombat
Phase: Ai(3)-Wyleth Voltron B3's End step
Phase: Ai(3)-Wyleth Voltron B3's Cleanup step
Turn: Turn 20 (Ai(4)-Drana Vampires)
Phase: Ai(4)-Drana Vampires' Untap step
Phase: Ai(4)-Drana Vampires' Upkeep step
Phase: Ai(4)-Drana Vampires' Draw step
Phase: Ai(4)-Drana Vampires' Main phase, precombat
Land: Ai(4)-Drana Vampires played Swamp (397)
Phase: Ai(4)-Drana Vampires' Beginning of Combat Step
Phase: Ai(4)-Drana Vampires' Declare Attackers Step
Combat: Ai(4)-Drana Vampires assigned Vampire Nocturnus (308) to attack Ai(1)-Kilo Helm Final.
Phase: Ai(4)-Drana Vampires' Declare Blockers Step
Combat: Ai(1)-Kilo Helm Final didn't block Vampire Nocturnus (308).
Phase: Ai(4)-Drana Vampires' First Strike Damage Step
Phase: Ai(4)-Drana Vampires' Combat Damage Step
Damage: Vampire Nocturnus (308) deals 3 combat damage to Ai(1)-Kilo Helm Final.
Life: Life: Ai(1)-Kilo Helm Final 34 > 31
Phase: Ai(4)-Drana Vampires' End of Combat Step
Phase: Ai(4)-Drana Vampires' Main phase, postcombat
Mana: Swamp (377) - {T}: Add {B}.
Mana: Swamp (372) - {T}: Add {B}.
Mana: Swamp (370) - {T}: Add {B}.
Mana: Swamp (386) - {T}: Add {B}.
Mana: Swamp (397) - {T}: Add {B}.
Add To Stack: Ai(4)-Drana Vampires cast Drana, Liberator of Malakir
Resolve Stack: Drana, Liberator of Malakir - Creature 2 / 3
Phase: Ai(4)-Drana Vampires' End step
Phase: Ai(4)-Drana Vampires' Cleanup step
Turn: Turn 21 (Ai(1)-Kilo Helm Final)
Phase: Ai(1)-Kilo Helm Final's Untap step
Phase: Ai(1)-Kilo Helm Final's Upkeep step
Phase: Ai(1)-Kilo Helm Final's Draw step
Phase: Ai(1)-Kilo Helm Final's Main phase, precombat
Phase: Ai(1)-Kilo Helm Final's Beginning of Combat Step
Phase: Ai(1)-Kilo Helm Final's Declare Attackers Step
Phase: Ai(1)-Kilo Helm Final's Declare Blockers Step
Phase: Ai(1)-Kilo Helm Final's First Strike Damage Step
Phase: Ai(1)-Kilo Helm Final's Combat Damage Step
Phase: Ai(1)-Kilo Helm Final's End of Combat Step
Phase: Ai(1)-Kilo Helm Final's Main phase, postcombat
Add To Stack: Ai(1)-Kilo Helm Final activated Dawnsire, Sunstar Dreadnought
Resolve Stack: Dawnsire, Sunstar Dreadnought (12) - Ai(1)-Kilo Helm Final puts a charge counter on Dawnsire, Sunstar Dreadnought (12).
Mana: Island (63) - {T}: Add {U}.
Mana: Mountain (86) - {T}: Add {R}.
Mana: Exotic Orchard (99) - {T}: Add one mana of any color that a land an opponent controls could produce.
Add To Stack: Ai(1)-Kilo Helm Final cast Thirst for Knowledge
Discard: Ai(1)-Kilo Helm Final discards Ancient Den (89).
Resolve Stack: Thirst for Knowledge (91) - Ai(1)-Kilo Helm Final draws three cards. Ai(1)-Kilo Helm Final discards two cards.
Land: Ai(1)-Kilo Helm Final played Plains (56)
Mana: Plains (56) - {T}: Add {W}.
Mana: Shivan Reef (34) - {T}: Add {C}.
Add To Stack: Ai(1)-Kilo Helm Final cast Patrolling Peacemaker
Replacement Effect: Patrolling Peacemaker enters with two +1/+1 counters on it.
Resolve Stack: Patrolling Peacemaker - Creature 0 / 0
Add To Stack: Ai(1)-Kilo Helm Final activated Dawnsire, Sunstar Dreadnought
Resolve Stack: Dawnsire, Sunstar Dreadnought (12) - Ai(1)-Kilo Helm Final puts two charge counters on Dawnsire, Sunstar Dreadnought (12).
Phase: Ai(1)-Kilo Helm Final's End step
Phase: Ai(1)-Kilo Helm Final's Cleanup step
Turn: Turn 22 (Ai(2)-Wilhelt Zombies B3)
Phase: Ai(2)-Wilhelt Zombies B3's Untap step
Phase: Ai(2)-Wilhelt Zombies B3's Upkeep step
Phase: Ai(2)-Wilhelt Zombies B3's Draw step
Phase: Ai(2)-Wilhelt Zombies B3's Main phase, precombat
Land: Ai(2)-Wilhelt Zombies B3 played Swamp (184)
Phase: Ai(2)-Wilhelt Zombies B3's Beginning of Combat Step
Phase: Ai(2)-Wilhelt Zombies B3's Declare Attackers Step
Combat: Ai(2)-Wilhelt Zombies B3 assigned Shambling Ghast (137) and Diregraf Captain (118) to attack Ai(1)-Kilo Helm Final.
Phase: Ai(2)-Wilhelt Zombies B3's Declare Blockers Step
Combat: Ai(1)-Kilo Helm Final didn't block Shambling Ghast (137).
Ai(1)-Kilo Helm Final didn't block Diregraf Captain (118).
Phase: Ai(2)-Wilhelt Zombies B3's First Strike Damage Step
Phase: Ai(2)-Wilhelt Zombies B3's Combat Damage Step
Damage: Shambling Ghast (137) deals 2 combat damage to Ai(1)-Kilo Helm Final.
Damage: Diregraf Captain (118) deals 2 combat damage to Ai(1)-Kilo Helm Final.
Life: Life: Ai(1)-Kilo Helm Final 31 > 27
Phase: Ai(2)-Wilhelt Zombies B3's End of Combat Step
Phase: Ai(2)-Wilhelt Zombies B3's Main phase, postcombat
Mana: Swamp (172) - {T}: Add {B}.
Mana: Swamp (192) - {T}: Add {B}.
Mana: Island (153) - {T}: Add {U}.
Mana: Swamp (173) - {T}: Add {B}.
Mana: Swamp (184) - {T}: Add {B}.
Add To Stack: Ai(2)-Wilhelt Zombies B3 cast Gray Merchant of Asphodel
Resolve Stack: Gray Merchant of Asphodel - Creature 2 / 4
Add To Stack: Ai(2)-Wilhelt Zombies B3 triggered Gray Merchant of Asphodel
Life: Life: Ai(3)-Wyleth Voltron B3 40 > 36
Life: Life: Ai(4)-Drana Vampires 40 > 36
Life: Life: Ai(1)-Kilo Helm Final 27 > 23
Life: Life: Ai(2)-Wilhelt Zombies B3 35 > 47
Resolve Stack: When Gray Merchant of Asphodel enters, each opponent loses X life, where X is your devotion to black. You gain life equal to the life lost this way. [Zone Changer: Gray Merchant of Asphodel (116)]
Phase: Ai(2)-Wilhelt Zombies B3's End step
Phase: Ai(2)-Wilhelt Zombies B3's Cleanup step
Turn: Turn 23 (Ai(3)-Wyleth Voltron B3)
Phase: Ai(3)-Wyleth Voltron B3's Untap step
Phase: Ai(3)-Wyleth Voltron B3's Upkeep step
Phase: Ai(3)-Wyleth Voltron B3's Draw step
Phase: Ai(3)-Wyleth Voltron B3's Main phase, precombat
Phase: Ai(3)-Wyleth Voltron B3's Beginning of Combat Step
Phase: Ai(3)-Wyleth Voltron B3's Declare Attackers Step
Phase: Ai(3)-Wyleth Voltron B3's Declare Blockers Step
Phase: Ai(3)-Wyleth Voltron B3's First Strike Damage Step
Phase: Ai(3)-Wyleth Voltron B3's Combat Damage Step
Phase: Ai(3)-Wyleth Voltron B3's End of Combat Step
Phase: Ai(3)-Wyleth Voltron B3's Main phase, postcombat
Mana: Mountain (290) - {T}: Add {R}.
Mana: Mountain (277) - {T}: Add {R}.
Add To Stack: Ai(3)-Wyleth Voltron B3 cast Mask of Memory
Resolve Stack: Mask of Memory
Phase: Ai(3)-Wyleth Voltron B3's End step
Phase: Ai(3)-Wyleth Voltron B3's Cleanup step
Turn: Turn 24 (Ai(4)-Drana Vampires)
Phase: Ai(4)-Drana Vampires' Untap step
Phase: Ai(4)-Drana Vampires' Upkeep step
Phase: Ai(4)-Drana Vampires' Draw step
Phase: Ai(4)-Drana Vampires' Main phase, precombat
Land: Ai(4)-Drana Vampires played Swamp (381)
Phase: Ai(4)-Drana Vampires' Beginning of Combat Step
Phase: Ai(4)-Drana Vampires' Declare Attackers Step
Combat: Ai(4)-Drana Vampires assigned Vampire Nocturnus (308) and Drana, Liberator of Malakir (402) to attack Ai(1)-Kilo Helm Final.
Phase: Ai(4)-Drana Vampires' Declare Blockers Step
Combat: Ai(1)-Kilo Helm Final didn't block Vampire Nocturnus (308).
Ai(1)-Kilo Helm Final didn't block Drana, Liberator of Malakir (402).
Phase: Ai(4)-Drana Vampires' First Strike Damage Step
Damage: Drana, Liberator of Malakir (402) deals 4 combat damage to Ai(1)-Kilo Helm Final.
Life: Life: Ai(1)-Kilo Helm Final 23 > 19
Add To Stack: Ai(4)-Drana Vampires triggered Drana, Liberator of Malakir
Resolve Stack: Whenever Drana, Liberator of Malakir deals combat damage to a player, put a +1/+1 counter on each attacking creature you control. [Damage Source: Drana, Liberator of Malakir (402), Damaged: Ai(1)-Kilo Helm Final, Amount: 4]
Phase: Ai(4)-Drana Vampires' Combat Damage Step
Damage: Vampire Nocturnus (308) deals 6 combat damage to Ai(1)-Kilo Helm Final.
Life: Life: Ai(1)-Kilo Helm Final 19 > 13
Phase: Ai(4)-Drana Vampires' End of Combat Step
Phase: Ai(4)-Drana Vampires' Main phase, postcombat
Mana: Swamp (377) - {T}: Add {B}.
Mana: Swamp (372) - {T}: Add {B}.
Add To Stack: Ai(4)-Drana Vampires cast Arcane Signet
Resolve Stack: Arcane Signet
Phase: Ai(4)-Drana Vampires' End step
Phase: Ai(4)-Drana Vampires' Cleanup step
Turn: Turn 25 (Ai(1)-Kilo Helm Final)
Phase: Ai(1)-Kilo Helm Final's Untap step
Phase: Ai(1)-Kilo Helm Final's Upkeep step
Phase: Ai(1)-Kilo Helm Final's Draw step
Phase: Ai(1)-Kilo Helm Final's Main phase, precombat
Mana: Plains (56) - {T}: Add {W}.
Mana: Mountain (86) - {T}: Add {R}.
Mana: Exotic Orchard (99) - {T}: Add one mana of any color that a land an opponent controls could produce.
Mana: Island (63) - {T}: Add {U}.
Add To Stack: Ai(1)-Kilo Helm Final cast Alibou, Ancient Witness
Resolve Stack: Alibou, Ancient Witness - Creature 4 / 5
Phase: Ai(1)-Kilo Helm Final's Beginning of Combat Step
Phase: Ai(1)-Kilo Helm Final's Declare Attackers Step
Combat: Ai(1)-Kilo Helm Final assigned Patrolling Peacemaker (75) and Coretapper (28) to attack Ai(4)-Drana Vampires.
Add To Stack: Ai(1)-Kilo Helm Final triggered Alibou, Ancient Witness targeting [Ai(3)-Wyleth Voltron B3]
Damage: Alibou, Ancient Witness (71) deals 2 non-combat damage to Ai(3)-Wyleth Voltron B3.
Life: Life: Ai(3)-Wyleth Voltron B3 36 > 34
Resolve Stack: Ai(1)-Kilo Helm Final scried 2 card(s) to the top of the library
Resolve Stack: Whenever one or more artifact creatures you control attack, Alibou, Ancient Witness deals X damage to any target and you scry X, where X is the number of tapped artifacts you control. (Targeting: [[Ai(3)-Wyleth Voltron B3]]) [Number Attackers: [Patrolling Peacemaker (75), Coretapper (28)]]
Phase: Ai(1)-Kilo Helm Final's Declare Blockers Step
Combat: Ai(4)-Drana Vampires didn't block Patrolling Peacemaker (75).
Ai(4)-Drana Vampires didn't block Coretapper (28).
Phase: Ai(1)-Kilo Helm Final's First Strike Damage Step
Phase: Ai(1)-Kilo Helm Final's Combat Damage Step
Damage: Patrolling Peacemaker (75) deals 2 combat damage to Ai(4)-Drana Vampires.
Damage: Coretapper (28) deals 1 combat damage to Ai(4)-Drana Vampires.
Life: Life: Ai(4)-Drana Vampires 36 > 33
Phase: Ai(1)-Kilo Helm Final's End of Combat Step
Phase: Ai(1)-Kilo Helm Final's Main phase, postcombat
Phase: Ai(1)-Kilo Helm Final's End step
Phase: Ai(1)-Kilo Helm Final's Cleanup step
Turn: Turn 26 (Ai(2)-Wilhelt Zombies B3)
Phase: Ai(2)-Wilhelt Zombies B3's Untap step
Phase: Ai(2)-Wilhelt Zombies B3's Upkeep step
Phase: Ai(2)-Wilhelt Zombies B3's Draw step
Phase: Ai(2)-Wilhelt Zombies B3's Main phase, precombat
Mana: Swamp (172) - {T}: Add {B}.
Mana: Swamp (192) - {T}: Add {B}.
Mana: Island (153) - {T}: Add {U}.
Mana: Swamp (173) - {T}: Add {B}.
Mana: Swamp (184) - {T}: Add {B}.
Add To Stack: Ai(2)-Wilhelt Zombies B3 cast Liliana's Mastery
Damage: Shivan Reef (34) deals 1 non-combat damage to Ai(1)-Kilo Helm Final.
Life: Life: Ai(1)-Kilo Helm Final 13 > 12
Mana: Shivan Reef (34) - {T}: Add {U} or {R}. Shivan Reef deals 1 damage to you. 
Add To Stack: Ai(1)-Kilo Helm Final cast An Offer You Can't Refuse targeting [Liliana's Mastery]
Zone Change: Send countered spell to Graveyard
Resolve Stack: An Offer You Can't Refuse (92) - Counter Liliana's Mastery (166). Its controller creates two Treasure tokens.
Phase: Ai(2)-Wilhelt Zombies B3's Beginning of Combat Step
Phase: Ai(2)-Wilhelt Zombies B3's Declare Attackers Step
Combat: Ai(2)-Wilhelt Zombies B3 assigned Gray Merchant of Asphodel (116), Shambling Ghast (137) and Diregraf Captain (118) to attack Ai(4)-Drana Vampires.
Phase: Ai(2)-Wilhelt Zombies B3's Declare Blockers Step
Combat: Ai(4)-Drana Vampires didn't block Gray Merchant of Asphodel (116).
Ai(4)-Drana Vampires didn't block Shambling Ghast (137).
Ai(4)-Drana Vampires didn't block Diregraf Captain (118).
Phase: Ai(2)-Wilhelt Zombies B3's First Strike Damage Step
Phase: Ai(2)-Wilhelt Zombies B3's Combat Damage Step
Damage: Gray Merchant of Asphodel (116) deals 3 combat damage to Ai(4)-Drana Vampires.
Damage: Shambling Ghast (137) deals 2 combat damage to Ai(4)-Drana Vampires.
Damage: Diregraf Captain (118) deals 2 combat damage to Ai(4)-Drana Vampires.
Life: Life: Ai(4)-Drana Vampires 33 > 26
Phase: Ai(2)-Wilhelt Zombies B3's End of Combat Step
Phase: Ai(2)-Wilhelt Zombies B3's Main phase, postcombat
Phase: Ai(2)-Wilhelt Zombies B3's End step
Phase: Ai(2)-Wilhelt Zombies B3's Cleanup step
Turn: Turn 27 (Ai(3)-Wyleth Voltron B3)
Phase: Ai(3)-Wyleth Voltron B3's Untap step
Phase: Ai(3)-Wyleth Voltron B3's Upkeep step
Phase: Ai(3)-Wyleth Voltron B3's Draw step
Phase: Ai(3)-Wyleth Voltron B3's Main phase, precombat
Land: Ai(3)-Wyleth Voltron B3 played Plains (253)
Mana: Plains (253) - {T}: Add {W}.
Mana: Mountain (290) - {T}: Add {R}.
Mana: Mountain (277) - {T}: Add {R}.
Add To Stack: Ai(3)-Wyleth Voltron B3 cast Wyleth, Soul of Steel
Resolve Stack: Wyleth, Soul of Steel - Creature 2 / 2
Mana: Mountain (279) - {T}: Add {R}.
Mana: Slayers' Stronghold (271) - {T}: Add {C}.
Add To Stack: Ai(3)-Wyleth Voltron B3 activated Sword of Hearth and Home targeting [Wyleth, Soul of Steel (301)]
Resolve Stack: Sword of Hearth and Home (294) -  Attach to Wyleth, Soul of Steel (301)
Mana: Buried Ruin (217) - {T}: Add {C}.
Add To Stack: Ai(3)-Wyleth Voltron B3 activated Mask of Memory targeting [Wyleth, Soul of Steel (301)]
Resolve Stack: Mask of Memory (241) -  Attach to Wyleth, Soul of Steel (301)
Phase: Ai(3)-Wyleth Voltron B3's Beginning of Combat Step
Phase: Ai(3)-Wyleth Voltron B3's Declare Attackers Step
Phase: Ai(3)-Wyleth Voltron B3's Declare Blockers Step
Phase: Ai(3)-Wyleth Voltron B3's First Strike Damage Step
Phase: Ai(3)-Wyleth Voltron B3's Combat Damage Step
Phase: Ai(3)-Wyleth Voltron B3's End of Combat Step
Phase: Ai(3)-Wyleth Voltron B3's Main phase, postcombat
Phase: Ai(3)-Wyleth Voltron B3's End step
Phase: Ai(3)-Wyleth Voltron B3's Cleanup step
Turn: Turn 28 (Ai(4)-Drana Vampires)
Phase: Ai(4)-Drana Vampires' Untap step
Phase: Ai(4)-Drana Vampires' Upkeep step
Phase: Ai(4)-Drana Vampires' Draw step
Phase: Ai(4)-Drana Vampires' Main phase, precombat
Land: Ai(4)-Drana Vampires played Swamp (355)
Phase: Ai(4)-Drana Vampires' Beginning of Combat Step
Phase: Ai(4)-Drana Vampires' Declare Attackers Step
Phase: Ai(4)-Drana Vampires' Declare Blockers Step
Phase: Ai(4)-Drana Vampires' First Strike Damage Step
Phase: Ai(4)-Drana Vampires' Combat Damage Step
Phase: Ai(4)-Drana Vampires' End of Combat Step
Phase: Ai(4)-Drana Vampires' Main phase, postcombat
Mana: Swamp (377) - {T}: Add {B}.
Mana: Swamp (372) - {T}: Add {B}.
Mana: Swamp (370) - {T}: Add {B}.
Mana: Swamp (386) - {T}: Add {B}.
Mana: Swamp (397) - {T}: Add {B}.
Mana: Swamp (381) - {T}: Add {B}.
Mana: Arcane Signet (399) - {T}: Add one mana of any color in your commander's color identity.
Add To Stack: Ai(4)-Drana Vampires cast Butcher of Malakir
Resolve Stack: Butcher of Malakir - Creature 5 / 4
Phase: Ai(4)-Drana Vampires' End step
Phase: Ai(4)-Drana Vampires' Cleanup step
Turn: Turn 29 (Ai(1)-Kilo Helm Final)
Phase: Ai(1)-Kilo Helm Final's Untap step
Phase: Ai(1)-Kilo Helm Final's Upkeep step
Phase: Ai(1)-Kilo Helm Final's Draw step
Phase: Ai(1)-Kilo Helm Final's Main phase, precombat
Mana: Exotic Orchard (99) - {T}: Add one mana of any color that a land an opponent controls could produce.
Mana: Island (63) - {T}: Add {U}.
Mana: Mountain (86) - {T}: Add {R}.
Add To Stack: Ai(1)-Kilo Helm Final cast Kilo, Apogee Mind
Resolve Stack: Kilo, Apogee Mind - Creature 3 / 3
Phase: Ai(1)-Kilo Helm Final's Beginning of Combat Step
Phase: Ai(1)-Kilo Helm Final's Declare Attackers Step
Phase: Ai(1)-Kilo Helm Final's Declare Blockers Step
Phase: Ai(1)-Kilo Helm Final's First Strike Damage Step
Phase: Ai(1)-Kilo Helm Final's Combat Damage Step
Phase: Ai(1)-Kilo Helm Final's End of Combat Step
Phase: Ai(1)-Kilo Helm Final's Main phase, postcombat
Damage: Shivan Reef (34) deals 1 non-combat damage to Ai(1)-Kilo Helm Final.
Life: Life: Ai(1)-Kilo Helm Final 12 > 11
Mana: Shivan Reef (34) - {T}: Add {U} or {R}. Shivan Reef deals 1 damage to you. 
Mana: Plains (56) - {T}: Add {W}.
Add To Stack: Ai(1)-Kilo Helm Final cast Insight Engine
Resolve Stack: Insight Engine
Phase: Ai(1)-Kilo Helm Final's End step
Phase: Ai(1)-Kilo Helm Final's Cleanup step
Turn: Turn 30 (Ai(2)-Wilhelt Zombies B3)
Phase: Ai(2)-Wilhelt Zombies B3's Untap step
Phase: Ai(2)-Wilhelt Zombies B3's Upkeep step
Phase: Ai(2)-Wilhelt Zombies B3's Draw step
Phase: Ai(2)-Wilhelt Zombies B3's Main phase, precombat
Phase: Ai(2)-Wilhelt Zombies B3's Beginning of Combat Step
Phase: Ai(2)-Wilhelt Zombies B3's Declare Attackers Step
Phase: Ai(2)-Wilhelt Zombies B3's Declare Blockers Step
Phase: Ai(2)-Wilhelt Zombies B3's First Strike Damage Step
Phase: Ai(2)-Wilhelt Zombies B3's Combat Damage Step
Phase: Ai(2)-Wilhelt Zombies B3's End of Combat Step
Phase: Ai(2)-Wilhelt Zombies B3's Main phase, postcombat
Mana: Island (153) - {T}: Add {U}.
Mana: Swamp (172) - {T}: Add {B}.
Mana: Swamp (192) - {T}: Add {B}.
Mana: Swamp (173) - {T}: Add {B}.
Add To Stack: Ai(2)-Wilhelt Zombies B3 cast Wilhelt, the Rotcleaver
Resolve Stack: Wilhelt, the Rotcleaver - Creature 3 / 3
Mana: Swamp (184) - {T}: Add {B}.
Mana: Sunken Hollow (119) - {T}: Add {B}.
Zone Change: Treasure Token (407) was put into Graveyard from Battlefield.
Mana: Treasure Token (407) - {T}, Sacrifice this token: Add one mana of any color.
Zone Change: Treasure Token (406) was put into Graveyard from Battlefield.
Mana: Treasure Token (406) - {T}, Sacrifice this token: Add one mana of any color.
Add To Stack: Ai(2)-Wilhelt Zombies B3 cast Endless Ranks of the Dead
Resolve Stack: Endless Ranks of the Dead
Add To Stack: Ai(1)-Kilo Helm Final activated Coretapper targeting [Dawnsire, Sunstar Dreadnought (12)]
Resolve Stack: Coretapper (28) - Ai(1)-Kilo Helm Final puts a charge counter on Dawnsire, Sunstar Dreadnought (12).
Phase: Ai(2)-Wilhelt Zombies B3's End step
Add To Stack: Ai(2)-Wilhelt Zombies B3 triggered Wilhelt, the Rotcleaver
Resolve Stack: At the beginning of your end step, you may sacrifice a Zombie. If you do, draw a card. [Phase: Ai(2)-Wilhelt Zombies B3]
Phase: Ai(2)-Wilhelt Zombies B3's Cleanup step
Turn: Turn 31 (Ai(3)-Wyleth Voltron B3)
Phase: Ai(3)-Wyleth Voltron B3's Untap step
Phase: Ai(3)-Wyleth Voltron B3's Upkeep step
Mana: Plains (253) - {T}: Add {W}.
Add To Stack: Ai(3)-Wyleth Voltron B3 cast Path to Exile targeting [Butcher of Malakir (337)]
Add To Stack: Ai(1)-Kilo Helm Final triggered Patrolling Peacemaker
Resolve Stack: Whenever an opponent commits a crime, proliferate. (They commit a crime if they target an opponent, anything an opponent controls, and/or cards in an opponent's graveyard. To proliferate, you choose any number of permanents and/or players, then give each another counter of each kind already there.) [Player: Ai(3)-Wyleth Voltron B3]
Zone Change: Butcher of Malakir (337) was put into Exile from Battlefield.
Resolve Stack: Path to Exile (209) - Exile Butcher of Malakir (337). Ai(4)-Drana Vampires may search their library for a basic land card, put that card onto the battlefield tapped, then shuffle their library. 
Phase: Ai(3)-Wyleth Voltron B3's Draw step
Mana: Mountain (290) - {T}: Add {R}.
Mana: Mountain (277) - {T}: Add {R}.
Mana: Mountain (279) - {T}: Add {R}.
Add To Stack: Ai(3)-Wyleth Voltron B3 cast Chaos Warp targeting [Drana, Liberator of Malakir (402)]
Add To Stack: Ai(1)-Kilo Helm Final triggered Patrolling Peacemaker
Resolve Stack: Whenever an opponent commits a crime, proliferate. (They commit a crime if they target an opponent, anything an opponent controls, and/or cards in an opponent's graveyard. To proliferate, you choose any number of permanents and/or players, then give each another counter of each kind already there.) [Player: Ai(3)-Wyleth Voltron B3]
Replacement Effect: If a commander would be put into its owner's hand or library from anywhere, its owner may put it into the command zone instead.
Resolve Stack: Chaos Warp (234) - Shuffle Drana, Liberator of Malakir (402) into its owner's library. Ai(3)-Wyleth Voltron B3 reveals the top card of Ai(4)-Drana Vampires' library.
Phase: Ai(3)-Wyleth Voltron B3's Main phase, precombat
Mana: Slayers' Stronghold (271) - {T}: Add {C}.
Mana: Buried Ruin (217) - {T}: Add {C}.
Add To Stack: Ai(3)-Wyleth Voltron B3 activated Darksteel Plate targeting [Wyleth, Soul of Steel (301)]
Resolve Stack: Darksteel Plate (204) -  Attach to Wyleth, Soul of Steel (301)
Phase: Ai(3)-Wyleth Voltron B3's Beginning of Combat Step
Phase: Ai(3)-Wyleth Voltron B3's Declare Attackers Step
Combat: Ai(3)-Wyleth Voltron B3 assigned Wyleth, Soul of Steel (301) to attack Ai(1)-Kilo Helm Final.
Add To Stack: Ai(3)-Wyleth Voltron B3 triggered Wyleth, Soul of Steel
Resolve Stack: Whenever Wyleth, Soul of Steel attacks, draw a card for each Aura and Equipment attached to it. [Attacker: Wyleth, Soul of Steel (301)]
Phase: Ai(3)-Wyleth Voltron B3's Declare Blockers Step
Combat: Ai(1)-Kilo Helm Final didn't block Wyleth, Soul of Steel (301).
Phase: Ai(3)-Wyleth Voltron B3's First Strike Damage Step
Phase: Ai(3)-Wyleth Voltron B3's Combat Damage Step
Damage: Wyleth, Soul of Steel (301) deals 4 combat damage to Ai(1)-Kilo Helm Final.
Life: Life: Ai(1)-Kilo Helm Final 11 > 7
Add To Stack: Ai(3)-Wyleth Voltron B3 triggered Sword of Hearth and Home targeting []
Add To Stack: Ai(3)-Wyleth Voltron B3 triggered Mask of Memory
Discard: Ai(3)-Wyleth Voltron B3 discards Mountain (286).
Resolve Stack: Whenever equipped creature deals combat damage to a player, you may draw two cards. If you do, discard a card. [Damage Source: Wyleth, Soul of Steel (301), Damaged: Ai(1)-Kilo Helm Final, Amount: 4]
Resolve Stack: Whenever equipped creature deals combat damage to a player, exile up to one target creature you own, then search your library for a basic land card. Put both cards onto the battlefield under your control, then shuffle. (Targeting: [[]]) [Damage Source: Wyleth, Soul of Steel (301), Damaged: Ai(1)-Kilo Helm Final, Amount: 4]
Phase: Ai(3)-Wyleth Voltron B3's End of Combat Step
Phase: Ai(3)-Wyleth Voltron B3's Main phase, postcombat
Land: Ai(3)-Wyleth Voltron B3 played Command Tower (214)
Mana: Plains (263) - {T}: Add {W}.
Mana: Command Tower (214) - {T}: Add one mana of any color in your commander's color identity.
Add To Stack: Ai(3)-Wyleth Voltron B3 cast Sram, Senior Edificer
Resolve Stack: Sram, Senior Edificer - Creature 2 / 2
Phase: Ai(3)-Wyleth Voltron B3's End step
Phase: Ai(3)-Wyleth Voltron B3's Cleanup step
Turn: Turn 32 (Ai(4)-Drana Vampires)
Phase: Ai(4)-Drana Vampires' Untap step
Phase: Ai(4)-Drana Vampires' Upkeep step
Phase: Ai(4)-Drana Vampires' Draw step
Phase: Ai(4)-Drana Vampires' Main phase, precombat
Land: Ai(4)-Drana Vampires played Swamp (380)
Mana: Swamp (377) - {T}: Add {B}.
Mana: Swamp (372) - {T}: Add {B}.
Mana: Swamp (370) - {T}: Add {B}.
Mana: Swamp (386) - {T}: Add {B}.
Add To Stack: Ai(4)-Drana Vampires cast Languish
Resolve Stack: Languish (325) - All creatures get -4/-4 until end of turn.
Zone Change: Vampire Nocturnus (308) was put into Graveyard from Battlefield.
Zone Change: Coretapper (28) was put into Graveyard from Battlefield.
Zone Change: Patrolling Peacemaker (75) was put into Graveyard from Battlefield.
Zone Change: Kilo, Apogee Mind (100) was put into Graveyard from Battlefield.
Zone Change: Shambling Ghast (137) was put into Graveyard from Battlefield.
Zone Change: Diregraf Captain (118) was put into Graveyard from Battlefield.
Zone Change: Wilhelt, the Rotcleaver (200) was put into Graveyard from Battlefield.
Zone Change: Wyleth, Soul of Steel (301) was put into Graveyard from Battlefield.
Zone Change: Sram, Senior Edificer (269) was put into Graveyard from Battlefield.
Zone Change: Gray Merchant of Asphodel (116) was put into Graveyard from Battlefield.
Add To Stack: Ai(2)-Wilhelt Zombies B3 triggered Shambling Ghast
Add To Stack: Ai(2)-Wilhelt Zombies B3 triggered Diregraf Captain targeting [Ai(3)-Wyleth Voltron B3]
Add To Stack: Ai(2)-Wilhelt Zombies B3 triggered Diregraf Captain targeting [Ai(3)-Wyleth Voltron B3]
Add To Stack: Ai(2)-Wilhelt Zombies B3 triggered Wilhelt, the Rotcleaver
Add To Stack: Ai(2)-Wilhelt Zombies B3 triggered Wilhelt, the Rotcleaver
Resolve Stack: Whenever another Zombie you control dies, if it didn't have decayed, create a 2/2 black Zombie creature token with decayed. (It can't block. When it attacks, sacrifice it at end of combat.) [Zone Changer: Diregraf Captain (118)]
Resolve Stack: Whenever another Zombie you control dies, if it didn't have decayed, create a 2/2 black Zombie creature token with decayed. (It can't block. When it attacks, sacrifice it at end of combat.) [Zone Changer: Shambling Ghast (137)]
Life: Life: Ai(3)-Wyleth Voltron B3 34 > 33
Resolve Stack: Whenever another Zombie you control dies, target opponent loses 1 life. (Targeting: [[Ai(3)-Wyleth Voltron B3]]) [Zone Changer: Wilhelt, the Rotcleaver (200)]
Life: Life: Ai(3)-Wyleth Voltron B3 33 > 32
Resolve Stack: Whenever another Zombie you control dies, target opponent loses 1 life. (Targeting: [[Ai(3)-Wyleth Voltron B3]]) [Zone Changer: Shambling Ghast (137)]
Resolve Stack: When Shambling Ghast dies, brave the Stench — Target creature an opponent controls gets -1/-1 until end of turn. (Targeting: Alibou, Ancient Witness (71)) [Zone Changer: Shambling Ghast (137)]
Zone Change: Alibou, Ancient Witness (71) was put into Graveyard from Battlefield.
Phase: Ai(4)-Drana Vampires' Beginning of Combat Step
Phase: Ai(4)-Drana Vampires' Declare Attackers Step
Phase: Ai(4)-Drana Vampires' Declare Blockers Step
Phase: Ai(4)-Drana Vampires' First Strike Damage Step
Phase: Ai(4)-Drana Vampires' Combat Damage Step
Phase: Ai(4)-Drana Vampires' End of Combat Step
Phase: Ai(4)-Drana Vampires' Main phase, postcombat
Mana: Swamp (397) - {T}: Add {B}.
Mana: Swamp (381) - {T}: Add {B}.
Mana: Arcane Signet (399) - {T}: Add one mana of any color in your commander's color identity.
Mana: Swamp (355) - {T}: Add {B}.
Add To Stack: Ai(4)-Drana Vampires cast Ambition's Cost
Life: Life: Ai(4)-Drana Vampires 26 > 23
Resolve Stack: Ambition's Cost (400) - Ai(4)-Drana Vampires draws three cards. Ai(4)-Drana Vampires loses 3 life.
Mana: Swamp (379) - {T}: Add {B}.
Mana: Swamp (380) - {T}: Add {B}.
Add To Stack: Ai(4)-Drana Vampires cast Blood Artist
Resolve Stack: Blood Artist - Creature 0 / 1
Phase: Ai(4)-Drana Vampires' End step
Phase: Ai(4)-Drana Vampires' Cleanup step
Turn: Turn 33 (Ai(1)-Kilo Helm Final)
Phase: Ai(1)-Kilo Helm Final's Untap step
Phase: Ai(1)-Kilo Helm Final's Upkeep step
Phase: Ai(1)-Kilo Helm Final's Draw step
Phase: Ai(1)-Kilo Helm Final's Main phase, precombat
Mana: Exotic Orchard (99) - {T}: Add one mana of any color that a land an opponent controls could produce.
Mana: Island (63) - {T}: Add {U}.
Mana: Mountain (86) - {T}: Add {R}.
Mana: Plains (56) - {T}: Add {W}.
Add To Stack: Ai(1)-Kilo Helm Final cast Kilo, Apogee Mind
Resolve Stack: Kilo, Apogee Mind - Creature 3 / 3
Phase: Ai(1)-Kilo Helm Final's Beginning of Combat Step
Phase: Ai(1)-Kilo Helm Final's Declare Attackers Step
Combat: Ai(1)-Kilo Helm Final assigned Kilo, Apogee Mind (100) to attack Ai(3)-Wyleth Voltron B3.
Add To Stack: Ai(1)-Kilo Helm Final triggered Kilo, Apogee Mind
Resolve Stack: Whenever Kilo becomes tapped, proliferate. (Choose any number of permanents and/or players, then give each another counter of each kind already there.) [Tapped: Kilo, Apogee Mind (100)]
Phase: Ai(1)-Kilo Helm Final's Declare Blockers Step
Combat: Ai(3)-Wyleth Voltron B3 didn't block Kilo, Apogee Mind (100).
Phase: Ai(1)-Kilo Helm Final's First Strike Damage Step
Phase: Ai(1)-Kilo Helm Final's Combat Damage Step
Damage: Kilo, Apogee Mind (100) deals 3 combat damage to Ai(3)-Wyleth Voltron B3.
Life: Life: Ai(3)-Wyleth Voltron B3 32 > 29
Phase: Ai(1)-Kilo Helm Final's End of Combat Step
Phase: Ai(1)-Kilo Helm Final's Main phase, postcombat
Phase: Ai(1)-Kilo Helm Final's End step
Phase: Ai(1)-Kilo Helm Final's Cleanup step
Turn: Turn 34 (Ai(2)-Wilhelt Zombies B3)
Phase: Ai(2)-Wilhelt Zombies B3's Untap step
Phase: Ai(2)-Wilhelt Zombies B3's Upkeep step
Add To Stack: Ai(2)-Wilhelt Zombies B3 triggered Endless Ranks of the Dead
Resolve Stack: At the beginning of your upkeep, create X 2/2 black Zombie creature tokens, where X is half the number of Zombies you control, rounded down. [Phase: Ai(2)-Wilhelt Zombies B3]
Phase: Ai(2)-Wilhelt Zombies B3's Draw step
Phase: Ai(2)-Wilhelt Zombies B3's Main phase, precombat
Phase: Ai(2)-Wilhelt Zombies B3's Beginning of Combat Step
Phase: Ai(2)-Wilhelt Zombies B3's Declare Attackers Step
Combat: Ai(2)-Wilhelt Zombies B3 assigned Zombie Token (411) and Zombie Token (413) to attack Ai(1)-Kilo Helm Final.
Add To Stack: Ai(2)-Wilhelt Zombies B3 triggered Zombie Token
Add To Stack: Ai(2)-Wilhelt Zombies B3 triggered Zombie Token
Resolve Stack: When a creature with decayed attacks, sacrifice it at end of combat. [Attacker: Zombie Token (413)]
Resolve Stack: When a creature with decayed attacks, sacrifice it at end of combat. [Attacker: Zombie Token (411)]
Phase: Ai(2)-Wilhelt Zombies B3's Declare Blockers Step
Combat: Ai(1)-Kilo Helm Final didn't block Zombie Token (411).
Ai(1)-Kilo Helm Final didn't block Zombie Token (413).
Phase: Ai(2)-Wilhelt Zombies B3's First Strike Damage Step
Phase: Ai(2)-Wilhelt Zombies B3's Combat Damage Step
Damage: Zombie Token (411) deals 2 combat damage to Ai(1)-Kilo Helm Final.
Damage: Zombie Token (413) deals 2 combat damage to Ai(1)-Kilo Helm Final.
Life: Life: Ai(1)-Kilo Helm Final 7 > 3
Phase: Ai(2)-Wilhelt Zombies B3's End of Combat Step
Add To Stack: Ai(2)-Wilhelt Zombies B3 triggered Zombie Token
Add To Stack: Ai(2)-Wilhelt Zombies B3 triggered Zombie Token
Zone Change: Zombie Token (411) was put into Graveyard from Battlefield.
Resolve Stack: At end of combat, sacrifice Zombie Token. [Phase: Ai(2)-Wilhelt Zombies B3]
Add To Stack: Ai(4)-Drana Vampires triggered Blood Artist targeting [Ai(1)-Kilo Helm Final]
Life: Life: Ai(1)-Kilo Helm Final 3 > 2
Life: Life: Ai(4)-Drana Vampires 23 > 24
Resolve Stack: Whenever Blood Artist or another creature dies, target player loses 1 life and you gain 1 life. (Targeting: [[Ai(1)-Kilo Helm Final]]) [Zone Changer: Zombie Token (411)]
Zone Change: Zombie Token (413) was put into Graveyard from Battlefield.
Resolve Stack: At end of combat, sacrifice Zombie Token. [Phase: Ai(2)-Wilhelt Zombies B3]
Add To Stack: Ai(4)-Drana Vampires triggered Blood Artist targeting [Ai(1)-Kilo Helm Final]
Life: Life: Ai(1)-Kilo Helm Final 2 > 1
Life: Life: Ai(4)-Drana Vampires 24 > 25
Resolve Stack: Whenever Blood Artist or another creature dies, target player loses 1 life and you gain 1 life. (Targeting: [[Ai(1)-Kilo Helm Final]]) [Zone Changer: Zombie Token (413)]
Phase: Ai(2)-Wilhelt Zombies B3's Main phase, postcombat
Mana: Island (153) - {T}: Add {U}.
Mana: Swamp (172) - {T}: Add {B}.
Mana: Swamp (192) - {T}: Add {B}.
Mana: Swamp (173) - {T}: Add {B}.
Mana: Swamp (184) - {T}: Add {B}.
Mana: Sunken Hollow (119) - {T}: Add {B}.
Add To Stack: Ai(2)-Wilhelt Zombies B3 cast Wilhelt, the Rotcleaver
Resolve Stack: Wilhelt, the Rotcleaver - Creature 3 / 3
Phase: Ai(2)-Wilhelt Zombies B3's End step
Add To Stack: Ai(2)-Wilhelt Zombies B3 triggered Wilhelt, the Rotcleaver
Resolve Stack: At the beginning of your end step, you may sacrifice a Zombie. If you do, draw a card. [Phase: Ai(2)-Wilhelt Zombies B3]
Phase: Ai(2)-Wilhelt Zombies B3's Cleanup step
Turn: Turn 35 (Ai(3)-Wyleth Voltron B3)
Phase: Ai(3)-Wyleth Voltron B3's Untap step
Phase: Ai(3)-Wyleth Voltron B3's Upkeep step
Phase: Ai(3)-Wyleth Voltron B3's Draw step
Phase: Ai(3)-Wyleth Voltron B3's Main phase, precombat
Land: Ai(3)-Wyleth Voltron B3 played Plains (261)
Mana: Plains (253) - {T}: Add {W}.
Mana: Plains (263) - {T}: Add {W}.
Mana: Mountain (290) - {T}: Add {R}.
Mana: Mountain (277) - {T}: Add {R}.
Add To Stack: Ai(3)-Wyleth Voltron B3 cast Wrath of God
Zone Change: Blood Artist (332) was put into Graveyard from Battlefield.
Zone Change: Kilo, Apogee Mind (100) was put into Graveyard from Battlefield.
Zone Change: Zombie Token (416) was put into Graveyard from Battlefield.
Zone Change: Wilhelt, the Rotcleaver (200) was put into Graveyard from Battlefield.
Resolve Stack: Wrath of God (297) - Destroy all creatures. They can't be regenerated.
Add To Stack: Ai(4)-Drana Vampires triggered Blood Artist targeting [Ai(1)-Kilo Helm Final]
Add To Stack: Ai(4)-Drana Vampires triggered Blood Artist targeting [Ai(1)-Kilo Helm Final]
Add To Stack: Ai(4)-Drana Vampires triggered Blood Artist targeting [Ai(1)-Kilo Helm Final]
Add To Stack: Ai(4)-Drana Vampires triggered Blood Artist targeting [Ai(1)-Kilo Helm Final]
Add To Stack: Ai(2)-Wilhelt Zombies B3 triggered Wilhelt, the Rotcleaver
Resolve Stack: Whenever another Zombie you control dies, if it didn't have decayed, create a 2/2 black Zombie creature token with decayed. (It can't block. When it attacks, sacrifice it at end of combat.) [Zone Changer: Zombie Token (416)]
Life: Life: Ai(1)-Kilo Helm Final 1 > 0
Life: Life: Ai(4)-Drana Vampires 25 > 26
Resolve Stack: Whenever Blood Artist or another creature dies, target player loses 1 life and you gain 1 life. (Targeting: [[Ai(1)-Kilo Helm Final]]) [Zone Changer: Wilhelt, the Rotcleaver (200)]
Resolve Stack: Blood Artist ability fizzles.
Resolve Stack: Blood Artist ability fizzles.
Resolve Stack: Blood Artist ability fizzles.
Mana: Plains (261) - {T}: Add {W}.
Mana: Mountain (279) - {T}: Add {R}.
Mana: Command Tower (214) - {T}: Add one mana of any color in your commander's color identity.
Mana: Slayers' Stronghold (271) - {T}: Add {C}.
Mana: Buried Ruin (217) - {T}: Add {C}.
Add To Stack: Ai(3)-Wyleth Voltron B3 cast Wyleth, Soul of Steel
Resolve Stack: Wyleth, Soul of Steel - Creature 2 / 2
Phase: Ai(3)-Wyleth Voltron B3's Beginning of Combat Step
Phase: Ai(3)-Wyleth Voltron B3's Declare Attackers Step
Phase: Ai(3)-Wyleth Voltron B3's Declare Blockers Step
Phase: Ai(3)-Wyleth Voltron B3's First Strike Damage Step
Phase: Ai(3)-Wyleth Voltron B3's Combat Damage Step
Phase: Ai(3)-Wyleth Voltron B3's End of Combat Step
Phase: Ai(3)-Wyleth Voltron B3's Main phase, postcombat
Phase: Ai(3)-Wyleth Voltron B3's End step
Phase: Ai(3)-Wyleth Voltron B3's Cleanup step
Turn: Turn 36 (Ai(4)-Drana Vampires)
Phase: Ai(4)-Drana Vampires' Untap step
Phase: Ai(4)-Drana Vampires' Upkeep step
Phase: Ai(4)-Drana Vampires' Draw step
Phase: Ai(4)-Drana Vampires' Main phase, precombat
Land: Ai(4)-Drana Vampires played Swamp (388)
Phase: Ai(4)-Drana Vampires' Beginning of Combat Step
Phase: Ai(4)-Drana Vampires' Declare Attackers Step
Phase: Ai(4)-Drana Vampires' Declare Blockers Step
Phase: Ai(4)-Drana Vampires' First Strike Damage Step
Phase: Ai(4)-Drana Vampires' Combat Damage Step
Phase: Ai(4)-Drana Vampires' End of Combat Step
Phase: Ai(4)-Drana Vampires' Main phase, postcombat
Mana: Swamp (377) - {T}: Add {B}.
Mana: Swamp (372) - {T}: Add {B}.
Mana: Swamp (370) - {T}: Add {B}.
Mana: Swamp (386) - {T}: Add {B}.
Mana: Swamp (397) - {T}: Add {B}.
Mana: Swamp (381) - {T}: Add {B}.
Mana: Arcane Signet (399) - {T}: Add one mana of any color in your commander's color identity.
Add To Stack: Ai(4)-Drana Vampires cast Baneful Omen
Resolve Stack: Baneful Omen
Mana: Swamp (355) - {T}: Add {B}.
Mana: Swamp (379) - {T}: Add {B}.
Mana: Swamp (380) - {T}: Add {B}.
Mana: Swamp (388) - {T}: Add {B}.
Add To Stack: Ai(4)-Drana Vampires cast Solemn Simulacrum
Resolve Stack: Solemn Simulacrum - Creature 2 / 2
Add To Stack: Ai(4)-Drana Vampires triggered Solemn Simulacrum
Resolve Stack: When Solemn Simulacrum enters, you may search your library for a basic land card, put that card onto the battlefield tapped, then shuffle. [Zone Changer: Solemn Simulacrum (326)]
Phase: Ai(4)-Drana Vampires' End step
Add To Stack: Ai(4)-Drana Vampires triggered Baneful Omen
Resolve Stack: At the beginning of your end step, you may reveal the top card of your library. If you do, each opponent loses life equal to that card's mana value. [Phase: Ai(4)-Drana Vampires]
Phase: Ai(4)-Drana Vampires' Cleanup step
Turn: Turn 37 (Ai(2)-Wilhelt Zombies B3)
Phase: Ai(2)-Wilhelt Zombies B3's Untap step
Phase: Ai(2)-Wilhelt Zombies B3's Upkeep step
Add To Stack: Ai(2)-Wilhelt Zombies B3 triggered Endless Ranks of the Dead
Resolve Stack: At the beginning of your upkeep, create X 2/2 black Zombie creature tokens, where X is half the number of Zombies you control, rounded down. [Phase: Ai(2)-Wilhelt Zombies B3]
Phase: Ai(2)-Wilhelt Zombies B3's Draw step
Phase: Ai(2)-Wilhelt Zombies B3's Main phase, precombat
Phase: Ai(2)-Wilhelt Zombies B3's Beginning of Combat Step
Phase: Ai(2)-Wilhelt Zombies B3's Declare Attackers Step
Combat: Ai(2)-Wilhelt Zombies B3 assigned Zombie Token (419) to attack Ai(3)-Wyleth Voltron B3.
Add To Stack: Ai(2)-Wilhelt Zombies B3 triggered Zombie Token
Resolve Stack: When a creature with decayed attacks, sacrifice it at end of combat. [Attacker: Zombie Token (419)]
Phase: Ai(2)-Wilhelt Zombies B3's Declare Blockers Step
Combat: Ai(3)-Wyleth Voltron B3 didn't block Zombie Token (419).
Phase: Ai(2)-Wilhelt Zombies B3's First Strike Damage Step
Phase: Ai(2)-Wilhelt Zombies B3's Combat Damage Step
Damage: Zombie Token (419) deals 2 combat damage to Ai(3)-Wyleth Voltron B3.
Life: Life: Ai(3)-Wyleth Voltron B3 29 > 27
Phase: Ai(2)-Wilhelt Zombies B3's End of Combat Step
Add To Stack: Ai(2)-Wilhelt Zombies B3 triggered Zombie Token
Zone Change: Zombie Token (419) was put into Graveyard from Battlefield.
Resolve Stack: At end of combat, sacrifice Zombie Token. [Phase: Ai(2)-Wilhelt Zombies B3]
Phase: Ai(2)-Wilhelt Zombies B3's Main phase, postcombat
Land: Ai(2)-Wilhelt Zombies B3 played Swamp (171)
Mana: Swamp (172) - {T}: Add {B}.
Mana: Swamp (192) - {T}: Add {B}.
Add To Stack: Ai(2)-Wilhelt Zombies B3 cast Sign in Blood targeting [Ai(2)-Wilhelt Zombies B3]
Life: Life: Ai(2)-Wilhelt Zombies B3 47 > 45
Resolve Stack: Sign in Blood (160) - Ai(2)-Wilhelt Zombies B3 draws two cards. Ai(2)-Wilhelt Zombies B3 loses 2 life.
Mana: Swamp (173) - {T}: Add {B}.
Add To Stack: Ai(2)-Wilhelt Zombies B3 cast Cryptbreaker
Resolve Stack: Cryptbreaker - Creature 1 / 1
Phase: Ai(2)-Wilhelt Zombies B3's End step
Phase: Ai(2)-Wilhelt Zombies B3's Cleanup step
Turn: Turn 38 (Ai(3)-Wyleth Voltron B3)
Phase: Ai(3)-Wyleth Voltron B3's Untap step
Phase: Ai(3)-Wyleth Voltron B3's Upkeep step
Phase: Ai(3)-Wyleth Voltron B3's Draw step
Phase: Ai(3)-Wyleth Voltron B3's Main phase, precombat
Land: Ai(3)-Wyleth Voltron B3 played Mountain (284)
Mana: Plains (253) - {T}: Add {W}.
Mana: Plains (263) - {T}: Add {W}.
Mana: Mountain (290) - {T}: Add {R}.
Mana: Mountain (277) - {T}: Add {R}.
Mana: Mountain (279) - {T}: Add {R}.
Add To Stack: Ai(3)-Wyleth Voltron B3 cast Stonehewer Giant
Resolve Stack: Stonehewer Giant - Creature 4 / 4
Mana: Plains (261) - {T}: Add {W}.
Mana: Mountain (284) - {T}: Add {R}.
Add To Stack: Ai(3)-Wyleth Voltron B3 cast Leonin Shikari
Resolve Stack: Leonin Shikari - Creature 2 / 2
Mana: Command Tower (214) - {T}: Add one mana of any color in your commander's color identity.
Mana: Slayers' Stronghold (271) - {T}: Add {C}.
Add To Stack: Ai(3)-Wyleth Voltron B3 activated Sword of Hearth and Home targeting [Wyleth, Soul of Steel (301)]
Resolve Stack: Sword of Hearth and Home (294) -  Attach to Wyleth, Soul of Steel (301)
Mana: Buried Ruin (217) - {T}: Add {C}.
Add To Stack: Ai(3)-Wyleth Voltron B3 activated Mask of Memory targeting [Wyleth, Soul of Steel (301)]
Resolve Stack: Mask of Memory (241) -  Attach to Wyleth, Soul of Steel (301)
Phase: Ai(3)-Wyleth Voltron B3's Beginning of Combat Step
Phase: Ai(3)-Wyleth Voltron B3's Declare Attackers Step
Combat: Ai(3)-Wyleth Voltron B3 assigned Wyleth, Soul of Steel (301) to attack Ai(4)-Drana Vampires.
Add To Stack: Ai(3)-Wyleth Voltron B3 triggered Wyleth, Soul of Steel
Resolve Stack: Whenever Wyleth, Soul of Steel attacks, draw a card for each Aura and Equipment attached to it. [Attacker: Wyleth, Soul of Steel (301)]
Phase: Ai(3)-Wyleth Voltron B3's Declare Blockers Step
Combat: Ai(4)-Drana Vampires didn't block Wyleth, Soul of Steel (301).
Phase: Ai(3)-Wyleth Voltron B3's First Strike Damage Step
Phase: Ai(3)-Wyleth Voltron B3's Combat Damage Step
Damage: Wyleth, Soul of Steel (301) deals 4 combat damage to Ai(4)-Drana Vampires.
Life: Life: Ai(4)-Drana Vampires 26 > 22
Add To Stack: Ai(3)-Wyleth Voltron B3 triggered Sword of Hearth and Home targeting []
Add To Stack: Ai(3)-Wyleth Voltron B3 triggered Mask of Memory
Discard: Ai(3)-Wyleth Voltron B3 discards Mountain (281).
Resolve Stack: Whenever equipped creature deals combat damage to a player, you may draw two cards. If you do, discard a card. [Damage Source: Wyleth, Soul of Steel (301), Damaged: Ai(4)-Drana Vampires, Amount: 4]
Resolve Stack: Whenever equipped creature deals combat damage to a player, exile up to one target creature you own, then search your library for a basic land card. Put both cards onto the battlefield under your control, then shuffle. (Targeting: [[]]) [Damage Source: Wyleth, Soul of Steel (301), Damaged: Ai(4)-Drana Vampires, Amount: 4]
Phase: Ai(3)-Wyleth Voltron B3's End of Combat Step
Phase: Ai(3)-Wyleth Voltron B3's Main phase, postcombat
Mana: Plains (267) - {T}: Add {W}.
Add To Stack: Ai(3)-Wyleth Voltron B3 cast Steelshaper's Gift
Resolve Stack: Steelshaper's Gift (240) - Ai(3)-Wyleth Voltron B3 searches their library for an Equipment card, reveals it, puts it into their hand, then shuffles.
Phase: Ai(3)-Wyleth Voltron B3's End step
Phase: Ai(3)-Wyleth Voltron B3's Cleanup step
Turn: Turn 39 (Ai(4)-Drana Vampires)
Phase: Ai(4)-Drana Vampires' Untap step
Phase: Ai(4)-Drana Vampires' Upkeep step
Phase: Ai(4)-Drana Vampires' Draw step
Phase: Ai(4)-Drana Vampires' Main phase, precombat
Phase: Ai(4)-Drana Vampires' Beginning of Combat Step
Phase: Ai(4)-Drana Vampires' Declare Attackers Step
Phase: Ai(4)-Drana Vampires' Declare Blockers Step
Phase: Ai(4)-Drana Vampires' First Strike Damage Step
Phase: Ai(4)-Drana Vampires' Combat Damage Step
Phase: Ai(4)-Drana Vampires' End of Combat Step
Phase: Ai(4)-Drana Vampires' Main phase, postcombat
Land: Ai(4)-Drana Vampires played Swamp (371)
Mana: Swamp (377) - {T}: Add {B}.
Mana: Swamp (372) - {T}: Add {B}.
Mana: Swamp (370) - {T}: Add {B}.
Mana: Swamp (386) - {T}: Add {B}.
Mana: Swamp (397) - {T}: Add {B}.
Add To Stack: Ai(4)-Drana Vampires cast Sengir Vampire
Resolve Stack: Sengir Vampire - Creature 4 / 4
Mana: Swamp (381) - {T}: Add {B}.
Mana: Arcane Signet (399) - {T}: Add one mana of any color in your commander's color identity.
Mana: Swamp (355) - {T}: Add {B}.
Mana: Swamp (379) - {T}: Add {B}.
Mana: Swamp (380) - {T}: Add {B}.
Mana: Swamp (388) - {T}: Add {B}.
Mana: Swamp (366) - {T}: Add {B}.
Add To Stack: Ai(4)-Drana Vampires cast Drana, Liberator of Malakir
Resolve Stack: Drana, Liberator of Malakir - Creature 2 / 3
Phase: Ai(4)-Drana Vampires' End step
Add To Stack: Ai(4)-Drana Vampires triggered Baneful Omen
Resolve Stack: At the beginning of your end step, you may reveal the top card of your library. If you do, each opponent loses life equal to that card's mana value. [Phase: Ai(4)-Drana Vampires]
Phase: Ai(4)-Drana Vampires' Cleanup step
Turn: Turn 40 (Ai(2)-Wilhelt Zombies B3)
Phase: Ai(2)-Wilhelt Zombies B3's Untap step
Phase: Ai(2)-Wilhelt Zombies B3's Upkeep step
Add To Stack: Ai(2)-Wilhelt Zombies B3 triggered Endless Ranks of the Dead
Resolve Stack: At the beginning of your upkeep, create X 2/2 black Zombie creature tokens, where X is half the number of Zombies you control, rounded down. [Phase: Ai(2)-Wilhelt Zombies B3]
Phase: Ai(2)-Wilhelt Zombies B3's Draw step
Phase: Ai(2)-Wilhelt Zombies B3's Main phase, precombat
Land: Ai(2)-Wilhelt Zombies B3 played Island (151)
Phase: Ai(2)-Wilhelt Zombies B3's Beginning of Combat Step
Phase: Ai(2)-Wilhelt Zombies B3's Declare Attackers Step
Phase: Ai(2)-Wilhelt Zombies B3's Declare Blockers Step
Phase: Ai(2)-Wilhelt Zombies B3's First Strike Damage Step
Phase: Ai(2)-Wilhelt Zombies B3's Combat Damage Step
Phase: Ai(2)-Wilhelt Zombies B3's End of Combat Step
Phase: Ai(2)-Wilhelt Zombies B3's Main phase, postcombat
Mana: Island (153) - {T}: Add {U}.
Mana: Swamp (172) - {T}: Add {B}.
Mana: Island (151) - {T}: Add {U}.
Mana: Swamp (192) - {T}: Add {B}.
Mana: Swamp (173) - {T}: Add {B}.
Mana: Swamp (184) - {T}: Add {B}.
Mana: Swamp (171) - {T}: Add {B}.
Mana: Sunken Hollow (119) - {T}: Add {B}.
Add To Stack: Ai(2)-Wilhelt Zombies B3 cast Wilhelt, the Rotcleaver
Resolve Stack: Wilhelt, the Rotcleaver - Creature 3 / 3
Phase: Ai(2)-Wilhelt Zombies B3's End step
Add To Stack: Ai(2)-Wilhelt Zombies B3 triggered Wilhelt, the Rotcleaver
Resolve Stack: At the beginning of your end step, you may sacrifice a Zombie. If you do, draw a card. [Phase: Ai(2)-Wilhelt Zombies B3]
Phase: Ai(2)-Wilhelt Zombies B3's Cleanup step
Turn: Turn 41 (Ai(3)-Wyleth Voltron B3)
Phase: Ai(3)-Wyleth Voltron B3's Untap step
Phase: Ai(3)-Wyleth Voltron B3's Upkeep step
Mana: Mountain (290) - {T}: Add {R}.
Mana: Mountain (277) - {T}: Add {R}.
Add To Stack: Ai(3)-Wyleth Voltron B3 activated Darksteel Plate targeting [Wyleth, Soul of Steel (301)]
Resolve Stack: Darksteel Plate (204) -  Attach to Wyleth, Soul of Steel (301)
Phase: Ai(3)-Wyleth Voltron B3's Draw step
Phase: Ai(3)-Wyleth Voltron B3's Main phase, precombat
Land: Ai(3)-Wyleth Voltron B3 played Hanweir Battlements (243)
Mana: Plains (253) - {T}: Add {W}.
Mana: Plains (263) - {T}: Add {W}.
Add To Stack: Ai(3)-Wyleth Voltron B3 cast Puresteel Paladin
Resolve Stack: Puresteel Paladin - Creature 2 / 2
Phase: Ai(3)-Wyleth Voltron B3's Beginning of Combat Step
Phase: Ai(3)-Wyleth Voltron B3's Declare Attackers Step
Combat: Ai(3)-Wyleth Voltron B3 assigned Wyleth, Soul of Steel (301) and Stonehewer Giant (222) to attack Ai(4)-Drana Vampires.
Add To Stack: Ai(3)-Wyleth Voltron B3 triggered Wyleth, Soul of Steel
Resolve Stack: Whenever Wyleth, Soul of Steel attacks, draw a card for each Aura and Equipment attached to it. [Attacker: Wyleth, Soul of Steel (301)]
Mana: Plains (261) - {T}: Add {W}.
Add To Stack: Ai(3)-Wyleth Voltron B3 cast Tear targeting [Baneful Omen (348)]
Zone Change: Baneful Omen (348) was put into Graveyard from Battlefield.
Resolve Stack: Tear (205) - Destroy Baneful Omen (348).
Phase: Ai(3)-Wyleth Voltron B3's Declare Blockers Step
Combat: Ai(4)-Drana Vampires didn't block Wyleth, Soul of Steel (301).
Ai(4)-Drana Vampires assigned Solemn Simulacrum (326) and Drana, Liberator of Malakir (402) to block Stonehewer Giant (222).
Mana: Plains (267) - {T}: Add {W}.
Mana: Mountain (279) - {T}: Add {R}.
Add To Stack: Ai(3)-Wyleth Voltron B3 activated Stonehewer Giant
Resolve Stack: Stonehewer Giant (222) - Ai(3)-Wyleth Voltron B3 searches their library for a Card.Equipment+YouOwn card, puts it onto the battlefield, then shuffles.
Add To Stack: Ai(3)-Wyleth Voltron B3 triggered Hammer of Nazahn targeting [Puresteel Paladin (227)]
Add To Stack: Ai(3)-Wyleth Voltron B3 triggered Puresteel Paladin
Resolve Stack: Whenever an Equipment you control enters, you may draw a card. [Zone Changer: Hammer of Nazahn (207)]
Resolve Stack: Whenever Hammer of Nazahn or another Equipment you control enters, you may attach that Equipment to target creature you control. (Targeting: [[Puresteel Paladin (227)]]) [Zone Changer: Hammer of Nazahn (207)]
Phase: Ai(3)-Wyleth Voltron B3's First Strike Damage Step
Damage: Drana, Liberator of Malakir (402) deals 2 damage to Stonehewer Giant (222).
Phase: Ai(3)-Wyleth Voltron B3's Combat Damage Step
Damage: Wyleth, Soul of Steel (301) deals 4 combat damage to Ai(4)-Drana Vampires.
Damage: Stonehewer Giant (222) deals 3 damage to Drana, Liberator of Malakir (402).
Damage: Stonehewer Giant (222) deals 1 damage to Solemn Simulacrum (326).
Damage: Solemn Simulacrum (326) deals 2 damage to Stonehewer Giant (222).
Life: Life: Ai(4)-Drana Vampires 22 > 18
Zone Change: Stonehewer Giant (222) was put into Graveyard from Battlefield.
Zone Change: Drana, Liberator of Malakir (402) was put into Graveyard from Battlefield.
Add To Stack: Ai(3)-Wyleth Voltron B3 triggered Sword of Hearth and Home targeting []
Add To Stack: Ai(3)-Wyleth Voltron B3 triggered Mask of Memory
Discard: Ai(3)-Wyleth Voltron B3 discards Mountain (287).
Resolve Stack: Whenever equipped creature deals combat damage to a player, you may draw two cards. If you do, discard a card. [Damage Source: Wyleth, Soul of Steel (301), Damaged: Ai(4)-Drana Vampires, Amount: 4]
Resolve Stack: Whenever equipped creature deals combat damage to a player, exile up to one target creature you own, then search your library for a basic land card. Put both cards onto the battlefield under your control, then shuffle. (Targeting: [[]]) [Damage Source: Wyleth, Soul of Steel (301), Damaged: Ai(4)-Drana Vampires, Amount: 4]
Phase: Ai(3)-Wyleth Voltron B3's End of Combat Step
Phase: Ai(3)-Wyleth Voltron B3's Main phase, postcombat
Mana: Mountain (284) - {T}: Add {R}.
Mana: Plains (258) - {T}: Add {W}.
Add To Stack: Ai(3)-Wyleth Voltron B3 cast Swiftfoot Boots
Resolve Stack: Swiftfoot Boots
Add To Stack: Ai(3)-Wyleth Voltron B3 triggered Hammer of Nazahn targeting [Leonin Shikari (274)]
Add To Stack: Ai(3)-Wyleth Voltron B3 triggered Puresteel Paladin
Resolve Stack: Whenever an Equipment you control enters, you may draw a card. [Zone Changer: Swiftfoot Boots (210)]
Resolve Stack: Whenever Hammer of Nazahn or another Equipment you control enters, you may attach that Equipment to target creature you control. (Targeting: [[Leonin Shikari (274)]]) [Zone Changer: Swiftfoot Boots (210)]
Phase: Ai(3)-Wyleth Voltron B3's End step
Phase: Ai(3)-Wyleth Voltron B3's Cleanup step
Discard: Ai(3)-Wyleth Voltron B3 discards Plains (256).
Turn: Turn 42 (Ai(4)-Drana Vampires)
Phase: Ai(4)-Drana Vampires' Untap step
Phase: Ai(4)-Drana Vampires' Upkeep step
Phase: Ai(4)-Drana Vampires' Draw step
Phase: Ai(4)-Drana Vampires' Main phase, precombat
Phase: Ai(4)-Drana Vampires' Beginning of Combat Step
Phase: Ai(4)-Drana Vampires' Declare Attackers Step
Phase: Ai(4)-Drana Vampires' Declare Blockers Step
Phase: Ai(4)-Drana Vampires' First Strike Damage Step
Phase: Ai(4)-Drana Vampires' Combat Damage Step
Phase: Ai(4)-Drana Vampires' End of Combat Step
Phase: Ai(4)-Drana Vampires' Main phase, postcombat
Land: Ai(4)-Drana Vampires played Swamp (369)
Mana: Swamp (377) - {T}: Add {B}.
Mana: Swamp (372) - {T}: Add {B}.
Mana: Swamp (370) - {T}: Add {B}.
Mana: Swamp (386) - {T}: Add {B}.
Mana: Swamp (397) - {T}: Add {B}.
Mana: Swamp (381) - {T}: Add {B}.
Mana: Arcane Signet (399) - {T}: Add one mana of any color in your commander's color identity.
Mana: Swamp (355) - {T}: Add {B}.
Mana: Swamp (379) - {T}: Add {B}.
Add To Stack: Ai(4)-Drana Vampires cast Drana, Liberator of Malakir
Resolve Stack: Drana, Liberator of Malakir - Creature 2 / 3
Phase: Ai(4)-Drana Vampires' End step
Phase: Ai(4)-Drana Vampires' Cleanup step
Turn: Turn 43 (Ai(2)-Wilhelt Zombies B3)
Phase: Ai(2)-Wilhelt Zombies B3's Untap step
Phase: Ai(2)-Wilhelt Zombies B3's Upkeep step
Add To Stack: Ai(2)-Wilhelt Zombies B3 triggered Endless Ranks of the Dead
Resolve Stack: At the beginning of your upkeep, create X 2/2 black Zombie creature tokens, where X is half the number of Zombies you control, rounded down. [Phase: Ai(2)-Wilhelt Zombies B3]
Phase: Ai(2)-Wilhelt Zombies B3's Draw step
Phase: Ai(2)-Wilhelt Zombies B3's Main phase, precombat
Land: Ai(2)-Wilhelt Zombies B3 played Swamp (185)
Phase: Ai(2)-Wilhelt Zombies B3's Beginning of Combat Step
Phase: Ai(2)-Wilhelt Zombies B3's Declare Attackers Step
Phase: Ai(2)-Wilhelt Zombies B3's Declare Blockers Step
Phase: Ai(2)-Wilhelt Zombies B3's First Strike Damage Step
Phase: Ai(2)-Wilhelt Zombies B3's Combat Damage Step
Phase: Ai(2)-Wilhelt Zombies B3's End of Combat Step
Phase: Ai(2)-Wilhelt Zombies B3's Main phase, postcombat
Mana: Swamp (172) - {T}: Add {B}.
Mana: Island (153) - {T}: Add {U}.
Add To Stack: Ai(2)-Wilhelt Zombies B3 cast Shepherd of Rot
Resolve Stack: Shepherd of Rot - Creature 1 / 1
Phase: Ai(2)-Wilhelt Zombies B3's End step
Add To Stack: Ai(2)-Wilhelt Zombies B3 triggered Wilhelt, the Rotcleaver
Resolve Stack: At the beginning of your end step, you may sacrifice a Zombie. If you do, draw a card. [Phase: Ai(2)-Wilhelt Zombies B3]
Phase: Ai(2)-Wilhelt Zombies B3's Cleanup step
Turn: Turn 44 (Ai(3)-Wyleth Voltron B3)
Phase: Ai(3)-Wyleth Voltron B3's Untap step
Phase: Ai(3)-Wyleth Voltron B3's Upkeep step
Phase: Ai(3)-Wyleth Voltron B3's Draw step
Mana: Plains (253) - {T}: Add {W}.
Add To Stack: Ai(3)-Wyleth Voltron B3 cast Swords to Plowshares targeting [Sengir Vampire (319)]
Zone Change: Sengir Vampire (319) was put into Exile from Battlefield.
Life: Life: Ai(4)-Drana Vampires 18 > 22
Resolve Stack: Swords to Plowshares (246) - Exile Sengir Vampire (319). Ai(4)-Drana Vampires gains life equal to its power.
Phase: Ai(3)-Wyleth Voltron B3's Main phase, precombat
Land: Ai(3)-Wyleth Voltron B3 played Battlefield Forge (220)
Phase: Ai(3)-Wyleth Voltron B3's Beginning of Combat Step
Phase: Ai(3)-Wyleth Voltron B3's Declare Attackers Step
Combat: Ai(3)-Wyleth Voltron B3 assigned Wyleth, Soul of Steel (301) and Puresteel Paladin (227) to attack Ai(2)-Wilhelt Zombies B3.
Add To Stack: Ai(3)-Wyleth Voltron B3 triggered Wyleth, Soul of Steel
Mana: Swamp (192) - {T}: Add {B}.
Mana: Island (151) - {T}: Add {U}.
Discard: Ai(2)-Wilhelt Zombies B3 discards Swamp (174).
Add To Stack: Ai(2)-Wilhelt Zombies B3 activated Cryptbreaker
Resolve Stack: Cryptbreaker (196) - Ai(2)-Wilhelt Zombies B3 creates a 2/2 black Zombie creature token.
Resolve Stack: Whenever Wyleth, Soul of Steel attacks, draw a card for each Aura and Equipment attached to it. [Attacker: Wyleth, Soul of Steel (301)]
Phase: Ai(3)-Wyleth Voltron B3's Declare Blockers Step
Combat: Ai(2)-Wilhelt Zombies B3 assigned Zombie Token (505) to block Wyleth, Soul of Steel (301).
Ai(2)-Wilhelt Zombies B3 assigned Zombie Token (488) to block Puresteel Paladin (227).
Mana: Swamp (173) - {T}: Add {B}.
Zone Change: Zombie Token (488) was put into Graveyard from Battlefield.
Add To Stack: Ai(2)-Wilhelt Zombies B3 cast Village Rites
Add To Stack: Ai(2)-Wilhelt Zombies B3 triggered Wilhelt, the Rotcleaver
Resolve Stack: Whenever another Zombie you control dies, if it didn't have decayed, create a 2/2 black Zombie creature token with decayed. (It can't block. When it attacks, sacrifice it at end of combat.) [Zone Changer: Zombie Token (488)]
Resolve Stack: Village Rites (159) - Ai(2)-Wilhelt Zombies B3 draws two cards.
Phase: Ai(3)-Wyleth Voltron B3's First Strike Damage Step
Phase: Ai(3)-Wyleth Voltron B3's Combat Damage Step
Damage: Wyleth, Soul of Steel (301) deals 2 combat damage to Ai(2)-Wilhelt Zombies B3.
Damage: Wyleth, Soul of Steel (301) deals 2 damage to Zombie Token (505).
Damage: Zombie Token (505) deals 2 damage to Wyleth, Soul of Steel (301).
Life: Life: Ai(2)-Wilhelt Zombies B3 45 > 43
Zone Change: Zombie Token (505) was put into Graveyard from Battlefield.
Add To Stack: Ai(3)-Wyleth Voltron B3 triggered Sword of Hearth and Home targeting []
Add To Stack: Ai(3)-Wyleth Voltron B3 triggered Mask of Memory
Add To Stack: Ai(2)-Wilhelt Zombies B3 triggered Wilhelt, the Rotcleaver
Resolve Stack: Whenever another Zombie you control dies, if it didn't have decayed, create a 2/2 black Zombie creature token with decayed. (It can't block. When it attacks, sacrifice it at end of combat.) [Zone Changer: Zombie Token (505)]
Discard: Ai(3)-Wyleth Voltron B3 discards Mountain (283).
Resolve Stack: Whenever equipped creature deals combat damage to a player, you may draw two cards. If you do, discard a card. [Damage Source: Wyleth, Soul of Steel (301), Damaged: Ai(2)-Wilhelt Zombies B3, Amount: 2]
Resolve Stack: Whenever equipped creature deals combat damage to a player, exile up to one target creature you own, then search your library for a basic land card. Put both cards onto the battlefield under your control, then shuffle. (Targeting: [[]]) [Damage Source: Wyleth, Soul of Steel (301), Damaged: Ai(2)-Wilhelt Zombies B3, Amount: 2]
Phase: Ai(3)-Wyleth Voltron B3's End of Combat Step
Phase: Ai(3)-Wyleth Voltron B3's Main phase, postcombat
Phase: Ai(3)-Wyleth Voltron B3's End step
Phase: Ai(3)-Wyleth Voltron B3's Cleanup step
Discard: Ai(3)-Wyleth Voltron B3 discards Plains (264).
Discard: Ai(3)-Wyleth Voltron B3 discards Mountain (291).
Discard: Ai(3)-Wyleth Voltron B3 discards Plains (251).
Turn: Turn 45 (Ai(4)-Drana Vampires)
Phase: Ai(4)-Drana Vampires' Untap step
Phase: Ai(4)-Drana Vampires' Upkeep step
Phase: Ai(4)-Drana Vampires' Draw step
Phase: Ai(4)-Drana Vampires' Main phase, precombat
Mana: Swamp (377) - {T}: Add {B}.
Mana: Swamp (372) - {T}: Add {B}.
Mana: Swamp (370) - {T}: Add {B}.
Mana: Swamp (386) - {T}: Add {B}.
Add To Stack: Ai(4)-Drana Vampires cast Mutilate
Resolve Stack: Mutilate (338) - All creatures get -1/-1 until end of turn for each Swamp you control.
Zone Change: Solemn Simulacrum (326) was put into Graveyard from Battlefield.
Zone Change: Drana, Liberator of Malakir (402) was put into Graveyard from Battlefield.
Zone Change: Cryptbreaker (196) was put into Graveyard from Battlefield.
Zone Change: Wilhelt, the Rotcleaver (200) was put into Graveyard from Battlefield.
Zone Change: Shepherd of Rot (129) was put into Graveyard from Battlefield.
Zone Change: Zombie Token (508) was put into Graveyard from Battlefield.
Zone Change: Zombie Token (511) was put into Graveyard from Battlefield.
Zone Change: Wyleth, Soul of Steel (301) was put into Graveyard from Battlefield.
Zone Change: Leonin Shikari (274) was put into Graveyard from Battlefield.
Zone Change: Puresteel Paladin (227) was put into Graveyard from Battlefield.
Add To Stack: Ai(4)-Drana Vampires triggered Solemn Simulacrum
Add To Stack: Ai(2)-Wilhelt Zombies B3 triggered Wilhelt, the Rotcleaver
Add To Stack: Ai(2)-Wilhelt Zombies B3 triggered Wilhelt, the Rotcleaver
Resolve Stack: Whenever another Zombie you control dies, if it didn't have decayed, create a 2/2 black Zombie creature token with decayed. (It can't block. When it attacks, sacrifice it at end of combat.) [Zone Changer: Shepherd of Rot (129)]
Resolve Stack: Whenever another Zombie you control dies, if it didn't have decayed, create a 2/2 black Zombie creature token with decayed. (It can't block. When it attacks, sacrifice it at end of combat.) [Zone Changer: Cryptbreaker (196)]
Resolve Stack: When Solemn Simulacrum dies, you may draw a card. [Zone Changer: Solemn Simulacrum (326)]
Phase: Ai(4)-Drana Vampires' Beginning of Combat Step
Phase: Ai(4)-Drana Vampires' Declare Attackers Step
Phase: Ai(4)-Drana Vampires' Declare Blockers Step
Phase: Ai(4)-Drana Vampires' First Strike Damage Step
Phase: Ai(4)-Drana Vampires' Combat Damage Step
Phase: Ai(4)-Drana Vampires' End of Combat Step
Phase: Ai(4)-Drana Vampires' Main phase, postcombat
Land: Ai(4)-Drana Vampires played Swamp (392)
Mana: Swamp (397) - {T}: Add {B}.
Mana: Swamp (381) - {T}: Add {B}.
Mana: Arcane Signet (399) - {T}: Add one mana of any color in your commander's color identity.
Mana: Swamp (355) - {T}: Add {B}.
Mana: Swamp (379) - {T}: Add {B}.
Mana: Swamp (380) - {T}: Add {B}.
Mana: Swamp (388) - {T}: Add {B}.
Mana: Swamp (366) - {T}: Add {B}.
Mana: Swamp (371) - {T}: Add {B}.
Mana: Swamp (369) - {T}: Add {B}.
Mana: Swamp (392) - {T}: Add {B}.
Add To Stack: Ai(4)-Drana Vampires cast Drana, Liberator of Malakir
Resolve Stack: Drana, Liberator of Malakir - Creature 2 / 3
Phase: Ai(4)-Drana Vampires' End step
Phase: Ai(4)-Drana Vampires' Cleanup step
Turn: Turn 46 (Ai(2)-Wilhelt Zombies B3)
Phase: Ai(2)-Wilhelt Zombies B3's Untap step
Phase: Ai(2)-Wilhelt Zombies B3's Upkeep step
Add To Stack: Ai(2)-Wilhelt Zombies B3 triggered Endless Ranks of the Dead
Resolve Stack: At the beginning of your upkeep, create X 2/2 black Zombie creature tokens, where X is half the number of Zombies you control, rounded down. [Phase: Ai(2)-Wilhelt Zombies B3]
Phase: Ai(2)-Wilhelt Zombies B3's Draw step
Phase: Ai(2)-Wilhelt Zombies B3's Main phase, precombat
Phase: Ai(2)-Wilhelt Zombies B3's Beginning of Combat Step
Phase: Ai(2)-Wilhelt Zombies B3's Declare Attackers Step
Combat: Ai(2)-Wilhelt Zombies B3 assigned Zombie Token (515) and Zombie Token (517) to attack Ai(3)-Wyleth Voltron B3.
Add To Stack: Ai(2)-Wilhelt Zombies B3 triggered Zombie Token
Add To Stack: Ai(2)-Wilhelt Zombies B3 triggered Zombie Token
Resolve Stack: When a creature with decayed attacks, sacrifice it at end of combat. [Attacker: Zombie Token (517)]
Resolve Stack: When a creature with decayed attacks, sacrifice it at end of combat. [Attacker: Zombie Token (515)]
Phase: Ai(2)-Wilhelt Zombies B3's Declare Blockers Step
Combat: Ai(3)-Wyleth Voltron B3 didn't block Zombie Token (515).
Ai(3)-Wyleth Voltron B3 didn't block Zombie Token (517).
Phase: Ai(2)-Wilhelt Zombies B3's First Strike Damage Step
Phase: Ai(2)-Wilhelt Zombies B3's Combat Damage Step
Damage: Zombie Token (515) deals 2 combat damage to Ai(3)-Wyleth Voltron B3.
Damage: Zombie Token (517) deals 2 combat damage to Ai(3)-Wyleth Voltron B3.
Life: Life: Ai(3)-Wyleth Voltron B3 27 > 23
Phase: Ai(2)-Wilhelt Zombies B3's End of Combat Step
Add To Stack: Ai(2)-Wilhelt Zombies B3 triggered Zombie Token
Add To Stack: Ai(2)-Wilhelt Zombies B3 triggered Zombie Token
Zone Change: Zombie Token (515) was put into Graveyard from Battlefield.
Resolve Stack: At end of combat, sacrifice Zombie Token. [Phase: Ai(2)-Wilhelt Zombies B3]
Zone Change: Zombie Token (517) was put into Graveyard from Battlefield.
Resolve Stack: At end of combat, sacrifice Zombie Token. [Phase: Ai(2)-Wilhelt Zombies B3]
Phase: Ai(2)-Wilhelt Zombies B3's Main phase, postcombat
Mana: Swamp (172) - {T}: Add {B}.
Mana: Island (153) - {T}: Add {U}.
Mana: Island (151) - {T}: Add {U}.
Mana: Swamp (192) - {T}: Add {B}.
Add To Stack: Ai(2)-Wilhelt Zombies B3 cast Vengeful Dead
Resolve Stack: Vengeful Dead - Creature 3 / 2
Phase: Ai(2)-Wilhelt Zombies B3's End step
Phase: Ai(2)-Wilhelt Zombies B3's Cleanup step
Turn: Turn 47 (Ai(3)-Wyleth Voltron B3)
Phase: Ai(3)-Wyleth Voltron B3's Untap step
Phase: Ai(3)-Wyleth Voltron B3's Upkeep step
Phase: Ai(3)-Wyleth Voltron B3's Draw step
Phase: Ai(3)-Wyleth Voltron B3's Main phase, precombat
Replacement Effect: Clifftop Retreat enters tapped unless you control a Mountain or a Plains.
Land: Ai(3)-Wyleth Voltron B3 played Clifftop Retreat (229)
Mana: Plains (253) - {T}: Add {W}.
Mana: Mountain (290) - {T}: Add {R}.
Mana: Mountain (277) - {T}: Add {R}.
Mana: Mountain (279) - {T}: Add {R}.
Mana: Mountain (284) - {T}: Add {R}.
Mana: Mountain (278) - {T}: Add {R}.
Mana: Plains (263) - {T}: Add {W}.
Add To Stack: Ai(3)-Wyleth Voltron B3 cast Wyleth, Soul of Steel
Resolve Stack: Wyleth, Soul of Steel - Creature 2 / 2
Mana: Plains (261) - {T}: Add {W}.
Mana: Plains (267) - {T}: Add {W}.
Mana: Plains (258) - {T}: Add {W}.
Mana: Command Tower (214) - {T}: Add one mana of any color in your commander's color identity.
Add To Stack: Ai(3)-Wyleth Voltron B3 activated Hammer of Nazahn targeting [Wyleth, Soul of Steel (301)]
Resolve Stack: Hammer of Nazahn (207) -  Attach to Wyleth, Soul of Steel (301)
Mana: Clifftop Retreat (229) - {T}: Add {R} or {W}.
Mana: Battlefield Forge (220) - {T}: Add {C}.
Add To Stack: Ai(3)-Wyleth Voltron B3 activated Sword of Hearth and Home targeting [Wyleth, Soul of Steel (301)]
Resolve Stack: Sword of Hearth and Home (294) -  Attach to Wyleth, Soul of Steel (301)
Mana: Slayers' Stronghold (271) - {T}: Add {C}.
Mana: Buried Ruin (217) - {T}: Add {C}.
Add To Stack: Ai(3)-Wyleth Voltron B3 activated Darksteel Plate targeting [Wyleth, Soul of Steel (301)]
Resolve Stack: Darksteel Plate (204) -  Attach to Wyleth, Soul of Steel (301)
Mana: Hanweir Battlements (243) - {T}: Add {C}.
Add To Stack: Ai(3)-Wyleth Voltron B3 activated Mask of Memory targeting [Wyleth, Soul of Steel (301)]
Resolve Stack: Mask of Memory (241) -  Attach to Wyleth, Soul of Steel (301)
Phase: Ai(3)-Wyleth Voltron B3's Beginning of Combat Step
Phase: Ai(3)-Wyleth Voltron B3's Declare Attackers Step
Phase: Ai(3)-Wyleth Voltron B3's Declare Blockers Step
Phase: Ai(3)-Wyleth Voltron B3's First Strike Damage Step
Phase: Ai(3)-Wyleth Voltron B3's Combat Damage Step
Phase: Ai(3)-Wyleth Voltron B3's End of Combat Step
Phase: Ai(3)-Wyleth Voltron B3's Main phase, postcombat
Phase: Ai(3)-Wyleth Voltron B3's End step
Phase: Ai(3)-Wyleth Voltron B3's Cleanup step
Turn: Turn 48 (Ai(4)-Drana Vampires)
Phase: Ai(4)-Drana Vampires' Untap step
Phase: Ai(4)-Drana Vampires' Upkeep step
Phase: Ai(4)-Drana Vampires' Draw step
Phase: Ai(4)-Drana Vampires' Main phase, precombat
Mana: Swamp (377) - {T}: Add {B}.
Mana: Swamp (372) - {T}: Add {B}.
Mana: Swamp (370) - {T}: Add {B}.
Add To Stack: Ai(4)-Drana Vampires cast Read the Bones
Resolve Stack: Ai(4)-Drana Vampires scried 1 card(s) to the top of the library and 1 card(s) to the bottom of the library
Life: Life: Ai(4)-Drana Vampires 22 > 20
Resolve Stack: Read the Bones (309) - Ai(4)-Drana Vampires scries 2. Ai(4)-Drana Vampires draws two cards. Ai(4)-Drana Vampires loses 2 life.
Phase: Ai(4)-Drana Vampires' Beginning of Combat Step
Phase: Ai(4)-Drana Vampires' Declare Attackers Step
Phase: Ai(4)-Drana Vampires' Declare Blockers Step
Phase: Ai(4)-Drana Vampires' First Strike Damage Step
Phase: Ai(4)-Drana Vampires' Combat Damage Step
Phase: Ai(4)-Drana Vampires' End of Combat Step
Phase: Ai(4)-Drana Vampires' Main phase, postcombat
Mana: Swamp (386) - {T}: Add {B}.
Mana: Swamp (397) - {T}: Add {B}.
Mana: Swamp (381) - {T}: Add {B}.
Mana: Arcane Signet (399) - {T}: Add one mana of any color in your commander's color identity.
Add To Stack: Ai(4)-Drana Vampires cast Kalitas, Traitor of Ghet
Resolve Stack: Kalitas, Traitor of Ghet - Creature 3 / 4
Mana: Swamp (355) - {T}: Add {B}.
Mana: Swamp (379) - {T}: Add {B}.
Add To Stack: Ai(4)-Drana Vampires cast Gifted Aetherborn
Resolve Stack: Gifted Aetherborn - Creature 2 / 3
Phase: Ai(4)-Drana Vampires' End step
Phase: Ai(4)-Drana Vampires' Cleanup step
Turn: Turn 49 (Ai(2)-Wilhelt Zombies B3)
Phase: Ai(2)-Wilhelt Zombies B3's Untap step
Phase: Ai(2)-Wilhelt Zombies B3's Upkeep step
Add To Stack: Ai(2)-Wilhelt Zombies B3 triggered Endless Ranks of the Dead
Resolve Stack: At the beginning of your upkeep, create X 2/2 black Zombie creature tokens, where X is half the number of Zombies you control, rounded down. [Phase: Ai(2)-Wilhelt Zombies B3]
Phase: Ai(2)-Wilhelt Zombies B3's Draw step
Phase: Ai(2)-Wilhelt Zombies B3's Main phase, precombat
Phase: Ai(2)-Wilhelt Zombies B3's Beginning of Combat Step
Phase: Ai(2)-Wilhelt Zombies B3's Declare Attackers Step
Phase: Ai(2)-Wilhelt Zombies B3's Declare Blockers Step
Phase: Ai(2)-Wilhelt Zombies B3's First Strike Damage Step
Phase: Ai(2)-Wilhelt Zombies B3's Combat Damage Step
Phase: Ai(2)-Wilhelt Zombies B3's End of Combat Step
Phase: Ai(2)-Wilhelt Zombies B3's Main phase, postcombat
Phase: Ai(2)-Wilhelt Zombies B3's End step
Phase: Ai(2)-Wilhelt Zombies B3's Cleanup step
Turn: Turn 50 (Ai(3)-Wyleth Voltron B3)
Phase: Ai(3)-Wyleth Voltron B3's Untap step
Phase: Ai(3)-Wyleth Voltron B3's Upkeep step
Phase: Ai(3)-Wyleth Voltron B3's Draw step
Phase: Ai(3)-Wyleth Voltron B3's Main phase, precombat
Land: Ai(3)-Wyleth Voltron B3 played Mountain (292)
Mana: Plains (253) - {T}: Add {W}.
Mana: Plains (263) - {T}: Add {W}.
Mana: Plains (261) - {T}: Add {W}.
Mana: Plains (267) - {T}: Add {W}.
Mana: Plains (258) - {T}: Add {W}.
Mana: Mountain (290) - {T}: Add {R}.
Add To Stack: Ai(3)-Wyleth Voltron B3 cast Austere Command
Zone Change: Drana, Liberator of Malakir (402) was put into Graveyard from Battlefield.
Zone Change: Gifted Aetherborn (316) was put into Graveyard from Battlefield.
Zone Change: Zombie Token (520) was put into Graveyard from Battlefield.
Zone Change: Zombie Token (523) was put into Graveyard from Battlefield.
Zone Change: Kalitas, Traitor of Ghet (354) was put into Graveyard from Battlefield.
Zone Change: Vengeful Dead (102) was put into Exile from Battlefield.
Replacement Effect: If a nontoken creature an opponent controls would die, instead exile that card and create a 2/2 black Zombie creature token.
Resolve Stack: Austere Command (238) -  Destroy all creatures with mana value 3 or less. Destroy all creatures with mana value 4 or greater.
Add To Stack: Ai(2)-Wilhelt Zombies B3 triggered Vengeful Dead
Add To Stack: Ai(2)-Wilhelt Zombies B3 triggered Vengeful Dead
Life: Life: Ai(3)-Wyleth Voltron B3 23 > 22
Life: Life: Ai(4)-Drana Vampires 20 > 19
Resolve Stack: Whenever Vengeful Dead or another Zombie dies, each opponent loses 1 life. [Zone Changer: Zombie Token (523)]
Life: Life: Ai(3)-Wyleth Voltron B3 22 > 21
Life: Life: Ai(4)-Drana Vampires 19 > 18
Resolve Stack: Whenever Vengeful Dead or another Zombie dies, each opponent loses 1 life. [Zone Changer: Zombie Token (520)]
Mana: Mountain (277) - {T}: Add {R}.
Add To Stack: Ai(3)-Wyleth Voltron B3 activated Swiftfoot Boots targeting [Wyleth, Soul of Steel (301)]
Resolve Stack: Swiftfoot Boots (210) -  Attach to Wyleth, Soul of Steel (301)
Phase: Ai(3)-Wyleth Voltron B3's Beginning of Combat Step
Phase: Ai(3)-Wyleth Voltron B3's Declare Attackers Step
Combat: Ai(3)-Wyleth Voltron B3 assigned Wyleth, Soul of Steel (301) to attack Ai(4)-Drana Vampires.
Add To Stack: Ai(3)-Wyleth Voltron B3 triggered Wyleth, Soul of Steel
Resolve Stack: Whenever Wyleth, Soul of Steel attacks, draw a card for each Aura and Equipment attached to it. [Attacker: Wyleth, Soul of Steel (301)]
Phase: Ai(3)-Wyleth Voltron B3's Declare Blockers Step
Combat: Ai(4)-Drana Vampires didn't block Wyleth, Soul of Steel (301).
Phase: Ai(3)-Wyleth Voltron B3's First Strike Damage Step
Phase: Ai(3)-Wyleth Voltron B3's Combat Damage Step
Damage: Wyleth, Soul of Steel (301) deals 6 combat damage to Ai(4)-Drana Vampires.
Life: Life: Ai(4)-Drana Vampires 18 > 12
Add To Stack: Ai(3)-Wyleth Voltron B3 triggered Sword of Hearth and Home targeting []
Add To Stack: Ai(3)-Wyleth Voltron B3 triggered Mask of Memory
Discard: Ai(3)-Wyleth Voltron B3 discards Plains (250).
Resolve Stack: Whenever equipped creature deals combat damage to a player, you may draw two cards. If you do, discard a card. [Damage Source: Wyleth, Soul of Steel (301), Damaged: Ai(4)-Drana Vampires, Amount: 6]
Resolve Stack: Whenever equipped creature deals combat damage to a player, exile up to one target creature you own, then search your library for a basic land card. Put both cards onto the battlefield under your control, then shuffle. (Targeting: [[]]) [Damage Source: Wyleth, Soul of Steel (301), Damaged: Ai(4)-Drana Vampires, Amount: 6]
Phase: Ai(3)-Wyleth Voltron B3's End of Combat Step
Phase: Ai(3)-Wyleth Voltron B3's Main phase, postcombat
Mana: Plains (252) - {T}: Add {W}.
Mana: Mountain (279) - {T}: Add {R}.
Add To Stack: Ai(3)-Wyleth Voltron B3 cast Mind Stone
Resolve Stack: Mind Stone
Mana: Command Tower (214) - {T}: Add one mana of any color in your commander's color identity.
Add To Stack: Ai(3)-Wyleth Voltron B3 cast Kitesail Apprentice
Resolve Stack: Kitesail Apprentice - Creature 1 / 1
Mana: Mountain (284) - {T}: Add {R}.
Mana: Mountain (278) - {T}: Add {R}.
Add To Stack: Ai(3)-Wyleth Voltron B3 cast Lightning Greaves
Resolve Stack: Lightning Greaves
Add To Stack: Ai(3)-Wyleth Voltron B3 triggered Hammer of Nazahn targeting [Kitesail Apprentice (296)]
Resolve Stack: Whenever Hammer of Nazahn or another Equipment you control enters, you may attach that Equipment to target creature you control. (Targeting: [[Kitesail Apprentice (296)]]) [Zone Changer: Lightning Greaves (295)]
Mana: Mountain (292) - {T}: Add {R}.
Add To Stack: Ai(3)-Wyleth Voltron B3 cast Sol Ring
Resolve Stack: Sol Ring
Phase: Ai(3)-Wyleth Voltron B3's End step
Phase: Ai(3)-Wyleth Voltron B3's Cleanup step
Discard: Ai(3)-Wyleth Voltron B3 discards Plains (265).
Turn: Turn 51 (Ai(4)-Drana Vampires)
Phase: Ai(4)-Drana Vampires' Untap step
Phase: Ai(4)-Drana Vampires' Upkeep step
Phase: Ai(4)-Drana Vampires' Draw step
Phase: Ai(4)-Drana Vampires' Main phase, precombat
Phase: Ai(4)-Drana Vampires' Beginning of Combat Step
Phase: Ai(4)-Drana Vampires' Declare Attackers Step
Phase: Ai(4)-Drana Vampires' Declare Blockers Step
Phase: Ai(4)-Drana Vampires' First Strike Damage Step
Phase: Ai(4)-Drana Vampires' Combat Damage Step
Phase: Ai(4)-Drana Vampires' End of Combat Step
Phase: Ai(4)-Drana Vampires' Main phase, postcombat
Land: Ai(4)-Drana Vampires played Swamp (395)
Mana: Swamp (377) - {T}: Add {B}.
Mana: Swamp (372) - {T}: Add {B}.
Mana: Swamp (370) - {T}: Add {B}.
Mana: Swamp (386) - {T}: Add {B}.
Mana: Swamp (397) - {T}: Add {B}.
Mana: Swamp (381) - {T}: Add {B}.
Mana: Arcane Signet (399) - {T}: Add one mana of any color in your commander's color identity.
Mana: Swamp (355) - {T}: Add {B}.
Mana: Swamp (379) - {T}: Add {B}.
Mana: Swamp (380) - {T}: Add {B}.
Mana: Swamp (388) - {T}: Add {B}.
Mana: Swamp (366) - {T}: Add {B}.
Mana: Swamp (371) - {T}: Add {B}.
Add To Stack: Ai(4)-Drana Vampires cast Drana, Liberator of Malakir
Resolve Stack: Drana, Liberator of Malakir - Creature 2 / 3
Phase: Ai(4)-Drana Vampires' End step
Phase: Ai(4)-Drana Vampires' Cleanup step
Turn: Turn 52 (Ai(2)-Wilhelt Zombies B3)
Phase: Ai(2)-Wilhelt Zombies B3's Untap step
Phase: Ai(2)-Wilhelt Zombies B3's Upkeep step
Add To Stack: Ai(2)-Wilhelt Zombies B3 triggered Endless Ranks of the Dead
Resolve Stack: At the beginning of your upkeep, create X 2/2 black Zombie creature tokens, where X is half the number of Zombies you control, rounded down. [Phase: Ai(2)-Wilhelt Zombies B3]
Phase: Ai(2)-Wilhelt Zombies B3's Draw step
Phase: Ai(2)-Wilhelt Zombies B3's Main phase, precombat
Phase: Ai(2)-Wilhelt Zombies B3's Beginning of Combat Step
Phase: Ai(2)-Wilhelt Zombies B3's Declare Attackers Step
Phase: Ai(2)-Wilhelt Zombies B3's Declare Blockers Step
Phase: Ai(2)-Wilhelt Zombies B3's First Strike Damage Step
Phase: Ai(2)-Wilhelt Zombies B3's Combat Damage Step
Phase: Ai(2)-Wilhelt Zombies B3's End of Combat Step
Phase: Ai(2)-Wilhelt Zombies B3's Main phase, postcombat
Land: Ai(2)-Wilhelt Zombies B3 played Island (152)
Mana: Swamp (172) - {T}: Add {B}.
Mana: Island (153) - {T}: Add {U}.
Mana: Island (151) - {T}: Add {U}.
Add To Stack: Ai(2)-Wilhelt Zombies B3 cast Plague Belcher
Resolve Stack: Plague Belcher - Creature 5 / 4
Add To Stack: Ai(2)-Wilhelt Zombies B3 triggered Plague Belcher targeting [Plague Belcher (114)]
Resolve Stack: When Plague Belcher enters, put two -1/-1 counters on target creature you control. (Targeting: [[Plague Belcher (114)]]) [Zone Changer: Plague Belcher (114)]
Phase: Ai(2)-Wilhelt Zombies B3's End step
Phase: Ai(2)-Wilhelt Zombies B3's Cleanup step
Turn: Turn 53 (Ai(3)-Wyleth Voltron B3)
Phase: Ai(3)-Wyleth Voltron B3's Untap step
Phase: Ai(3)-Wyleth Voltron B3's Upkeep step
Phase: Ai(3)-Wyleth Voltron B3's Draw step
Phase: Ai(3)-Wyleth Voltron B3's Main phase, precombat
Land: Ai(3)-Wyleth Voltron B3 played Inventors' Fair (203)
Phase: Ai(3)-Wyleth Voltron B3's Beginning of Combat Step
Phase: Ai(3)-Wyleth Voltron B3's Declare Attackers Step
Combat: Ai(3)-Wyleth Voltron B3 assigned Wyleth, Soul of Steel (301) to attack Ai(4)-Drana Vampires.
Add To Stack: Ai(3)-Wyleth Voltron B3 triggered Wyleth, Soul of Steel
Resolve Stack: Whenever Wyleth, Soul of Steel attacks, draw a card for each Aura and Equipment attached to it. [Attacker: Wyleth, Soul of Steel (301)]
Phase: Ai(3)-Wyleth Voltron B3's Declare Blockers Step
Combat: Ai(4)-Drana Vampires didn't block Wyleth, Soul of Steel (301).
Mana: Plains (253) - {T}: Add {W}.
Mana: Mountain (290) - {T}: Add {R}.
Add To Stack: Ai(3)-Wyleth Voltron B3 activated Slayers' Stronghold targeting [Wyleth, Soul of Steel (301)]
Resolve Stack: Slayers' Stronghold (271) - Wyleth, Soul of Steel (301) gets +2/+0 and gains vigilance and haste until end of turn.
Phase: Ai(3)-Wyleth Voltron B3's First Strike Damage Step
Phase: Ai(3)-Wyleth Voltron B3's Combat Damage Step
Damage: Wyleth, Soul of Steel (301) deals 8 combat damage to Ai(4)-Drana Vampires.
Life: Life: Ai(4)-Drana Vampires 12 > 4
Add To Stack: Ai(3)-Wyleth Voltron B3 triggered Sword of Hearth and Home targeting []
Add To Stack: Ai(3)-Wyleth Voltron B3 triggered Mask of Memory
Discard: Ai(3)-Wyleth Voltron B3 discards Plains (254).
Resolve Stack: Whenever equipped creature deals combat damage to a player, you may draw two cards. If you do, discard a card. [Damage Source: Wyleth, Soul of Steel (301), Damaged: Ai(4)-Drana Vampires, Amount: 8]
Resolve Stack: Whenever equipped creature deals combat damage to a player, exile up to one target creature you own, then search your library for a basic land card. Put both cards onto the battlefield under your control, then shuffle. (Targeting: [[]]) [Damage Source: Wyleth, Soul of Steel (301), Damaged: Ai(4)-Drana Vampires, Amount: 8]
Phase: Ai(3)-Wyleth Voltron B3's End of Combat Step
Phase: Ai(3)-Wyleth Voltron B3's Main phase, postcombat
Mana: Plains (263) - {T}: Add {W}.
Mana: Sol Ring (216) - {T}: Add {C}{C}.
Add To Stack: Ai(3)-Wyleth Voltron B3 cast Ardenn, Intrepid Archaeologist
Resolve Stack: Ardenn, Intrepid Archaeologist - Creature 2 / 2
Mana: Plains (261) - {T}: Add {W}.
Mana: Plains (267) - {T}: Add {W}.
Mana: Plains (258) - {T}: Add {W}.
Mana: Plains (252) - {T}: Add {W}.
Zone Change: Inventors' Fair (203) was put into Graveyard from Battlefield.
Add To Stack: Ai(3)-Wyleth Voltron B3 activated Inventors' Fair
Resolve Stack: Inventors' Fair (203) - Ai(3)-Wyleth Voltron B3 searches their library for an artifact card, reveals it, puts it into their hand, then shuffles.
Mana: Plains (266) - {T}: Add {W}.
Mana: Mountain (277) - {T}: Add {R}.
Add To Stack: Ai(3)-Wyleth Voltron B3 cast Sunspear Shikari
Resolve Stack: Sunspear Shikari - Creature 2 / 2
Mana: Mountain (279) - {T}: Add {R}.
Mana: Mountain (284) - {T}: Add {R}.
Mana: Mountain (278) - {T}: Add {R}.
Add To Stack: Ai(3)-Wyleth Voltron B3 cast Loxodon Warhammer
Resolve Stack: Loxodon Warhammer
Add To Stack: Ai(3)-Wyleth Voltron B3 triggered Hammer of Nazahn targeting [Sunspear Shikari (244)]
Resolve Stack: Whenever Hammer of Nazahn or another Equipment you control enters, you may attach that Equipment to target creature you control. (Targeting: [[Sunspear Shikari (244)]]) [Zone Changer: Loxodon Warhammer (299)]
Mana: Mountain (292) - {T}: Add {R}.
Mana: Command Tower (214) - {T}: Add one mana of any color in your commander's color identity.
Mana: Clifftop Retreat (229) - {T}: Add {R} or {W}.
Add To Stack: Ai(3)-Wyleth Voltron B3 cast Whispersilk Cloak
Resolve Stack: Whispersilk Cloak
Add To Stack: Ai(3)-Wyleth Voltron B3 triggered Hammer of Nazahn targeting [Ardenn, Intrepid Archaeologist (223)]
Resolve Stack: Whenever Hammer of Nazahn or another Equipment you control enters, you may attach that Equipment to target creature you control. (Targeting: [[Ardenn, Intrepid Archaeologist (223)]]) [Zone Changer: Whispersilk Cloak (224)]
Mana: Buried Ruin (217) - {T}: Add {C}.
Mana: Mind Stone (208) - {T}: Add {C}.
Add To Stack: Ai(3)-Wyleth Voltron B3 cast Blackblade Reforged
Resolve Stack: Blackblade Reforged
Add To Stack: Ai(3)-Wyleth Voltron B3 triggered Hammer of Nazahn targeting [Sunspear Shikari (244)]
Resolve Stack: Whenever Hammer of Nazahn or another Equipment you control enters, you may attach that Equipment to target creature you control. (Targeting: [[Sunspear Shikari (244)]]) [Zone Changer: Blackblade Reforged (235)]
Mana: Hanweir Battlements (243) - {T}: Add {C}.
Mana: Battlefield Forge (220) - {T}: Add {C}.
Add To Stack: Ai(3)-Wyleth Voltron B3 cast Fellwar Stone
Resolve Stack: Fellwar Stone
Phase: Ai(3)-Wyleth Voltron B3's End step
Phase: Ai(3)-Wyleth Voltron B3's Cleanup step
Discard: Ai(3)-Wyleth Voltron B3 discards Mountain (285).
Turn: Turn 54 (Ai(2)-Wilhelt Zombies B3)
Phase: Ai(2)-Wilhelt Zombies B3's Untap step
Phase: Ai(2)-Wilhelt Zombies B3's Upkeep step
Add To Stack: Ai(2)-Wilhelt Zombies B3 triggered Endless Ranks of the Dead
Resolve Stack: At the beginning of your upkeep, create X 2/2 black Zombie creature tokens, where X is half the number of Zombies you control, rounded down. [Phase: Ai(2)-Wilhelt Zombies B3]
Phase: Ai(2)-Wilhelt Zombies B3's Draw step
Phase: Ai(2)-Wilhelt Zombies B3's Main phase, precombat
Mana: Swamp (172) - {T}: Add {B}.
Mana: Island (153) - {T}: Add {U}.
Mana: Island (151) - {T}: Add {U}.
Add To Stack: Ai(2)-Wilhelt Zombies B3 cast Read the Bones
Resolve Stack: Ai(2)-Wilhelt Zombies B3 scried 2 card(s) to the bottom of the library
Life: Life: Ai(2)-Wilhelt Zombies B3 43 > 41
Resolve Stack: Read the Bones (111) - Ai(2)-Wilhelt Zombies B3 scries 2. Ai(2)-Wilhelt Zombies B3 draws two cards. Ai(2)-Wilhelt Zombies B3 loses 2 life.
Phase: Ai(2)-Wilhelt Zombies B3's Beginning of Combat Step
Phase: Ai(2)-Wilhelt Zombies B3's Declare Attackers Step
Phase: Ai(2)-Wilhelt Zombies B3's Declare Blockers Step
Phase: Ai(2)-Wilhelt Zombies B3's First Strike Damage Step
Phase: Ai(2)-Wilhelt Zombies B3's Combat Damage Step
Phase: Ai(2)-Wilhelt Zombies B3's End of Combat Step
Phase: Ai(2)-Wilhelt Zombies B3's Main phase, postcombat
Land: Ai(2)-Wilhelt Zombies B3 played Island (144)
Phase: Ai(2)-Wilhelt Zombies B3's End step
Phase: Ai(2)-Wilhelt Zombies B3's Cleanup step
Turn: Turn 55 (Ai(3)-Wyleth Voltron B3)
Phase: Ai(3)-Wyleth Voltron B3's Untap step
Phase: Ai(3)-Wyleth Voltron B3's Upkeep step
Phase: Ai(3)-Wyleth Voltron B3's Draw step
Mana: Plains (253) - {T}: Add {W}.
Mana: Sol Ring (216) - {T}: Add {C}{C}.
Mana: Plains (263) - {T}: Add {W}.
Add To Stack: Ai(3)-Wyleth Voltron B3 cast Akroma's Will
Resolve Stack: Akroma's Will (213) -  Creatures you control gain flying, vigilance, and double strike until end of turn. Creatures you control gain lifelink, indestructible, and protection from each color until end of turn.
Phase: Ai(3)-Wyleth Voltron B3's Main phase, precombat
Land: Ai(3)-Wyleth Voltron B3 played Rogue's Passage (221)
Mana: Plains (261) - {T}: Add {W}.
Add To Stack: Ai(3)-Wyleth Voltron B3 cast Colossus Hammer
Resolve Stack: Colossus Hammer
Add To Stack: Ai(3)-Wyleth Voltron B3 triggered Hammer of Nazahn targeting [Wyleth, Soul of Steel (301)]
Resolve Stack: Whenever Hammer of Nazahn or another Equipment you control enters, you may attach that Equipment to target creature you control. (Targeting: [[Wyleth, Soul of Steel (301)]]) [Zone Changer: Colossus Hammer (232)]
Phase: Ai(3)-Wyleth Voltron B3's Beginning of Combat Step
Add To Stack: Ai(3)-Wyleth Voltron B3 triggered Ardenn, Intrepid Archaeologist targeting [Ai(3)-Wyleth Voltron B3]
Resolve Stack: At the beginning of combat on your turn, you may attach any number of Auras and Equipment you control to target permanent or player. (Targeting: [[Ai(3)-Wyleth Voltron B3]]) [Phase: Ai(3)-Wyleth Voltron B3]
Phase: Ai(3)-Wyleth Voltron B3's Declare Attackers Step
Combat: Ai(3)-Wyleth Voltron B3 assigned Sunspear Shikari (244), Wyleth, Soul of Steel (301), Kitesail Apprentice (296) and Ardenn, Intrepid Archaeologist (223) to attack Ai(2)-Wilhelt Zombies B3.
Add To Stack: Ai(3)-Wyleth Voltron B3 triggered Wyleth, Soul of Steel
Resolve Stack: Whenever Wyleth, Soul of Steel attacks, draw a card for each Aura and Equipment attached to it. [Attacker: Wyleth, Soul of Steel (301)]
Phase: Ai(3)-Wyleth Voltron B3's Declare Blockers Step
Combat: Ai(2)-Wilhelt Zombies B3 didn't block Sunspear Shikari (244).
Ai(2)-Wilhelt Zombies B3 didn't block Wyleth, Soul of Steel (301).
Ai(2)-Wilhelt Zombies B3 didn't block Kitesail Apprentice (296).
Ai(2)-Wilhelt Zombies B3 didn't block Ardenn, Intrepid Archaeologist (223).
Mana: Plains (267) - {T}: Add {W}.
Mana: Mountain (290) - {T}: Add {R}.
Add To Stack: Ai(3)-Wyleth Voltron B3 activated Slayers' Stronghold targeting [Sunspear Shikari (244)]
Resolve Stack: Slayers' Stronghold (271) - Sunspear Shikari (244) gets +2/+0 and gains vigilance and haste until end of turn.
Phase: Ai(3)-Wyleth Voltron B3's First Strike Damage Step
Damage: Sunspear Shikari (244) deals 27 combat damage to Ai(2)-Wilhelt Zombies B3.
Life: Life: Ai(3)-Wyleth Voltron B3 21 > 48
Damage: Wyleth, Soul of Steel (301) deals 16 combat damage to Ai(2)-Wilhelt Zombies B3.
Life: Life: Ai(3)-Wyleth Voltron B3 48 > 64
Damage: Kitesail Apprentice (296) deals 2 combat damage to Ai(2)-Wilhelt Zombies B3.
Life: Life: Ai(3)-Wyleth Voltron B3 64 > 66
Damage: Ardenn, Intrepid Archaeologist (223) deals 2 combat damage to Ai(2)-Wilhelt Zombies B3.
Life: Life: Ai(3)-Wyleth Voltron B3 66 > 68
Life: Life: Ai(2)-Wilhelt Zombies B3 41 > -6
Player Control: Ai(1)-Kilo Helm Final has restored control over themself
Player Control: Ai(2)-Wilhelt Zombies B3 has restored control over themself
Player Control: Ai(3)-Wyleth Voltron B3 has restored control over themself
Player Control: Ai(4)-Drana Vampires has restored control over themself
Game Outcome: Turn 28
Game Outcome: Ai(1)-Kilo Helm Final has lost because life total reached 0
Game Outcome: Ai(2)-Wilhelt Zombies B3 has lost because life total reached 0
Game Outcome: Ai(3)-Wyleth Voltron B3 has won because all opponents have lost
Game Outcome: Ai(4)-Drana Vampires has lost due to accumulation of 21 damage from generals
Match Result: Ai(1)-Kilo Helm Final: 1 Ai(2)-Wilhelt Zombies B3: 0 Ai(3)-Wyleth Voltron B3: 1 Ai(4)-Drana Vampires: 1 

Game Result: Game 3 ended in 46256 ms. Ai(3)-Wyleth Voltron B3 has won!

Warning: default (ie. inherited from base class) implementation of confirmAction is used by Kilo, Apogee Mind for forge.ai.ability.PermanentCreatureAi. Consider declaring an overloaded method
Warning: default (ie. inherited from base class) implementation of confirmAction is used by Wyleth, Soul of Steel for forge.ai.ability.PermanentCreatureAi. Consider declaring an overloaded method
Warning: default (ie. inherited from base class) implementation of confirmAction is used by Drana, Liberator of Malakir for forge.ai.ability.PermanentCreatureAi. Consider declaring an overloaded method
java.util.concurrent.ExecutionException: java.lang.NullPointerException: Cannot invoke "forge.game.card.CounterType.is(forge.game.card.CounterEnumType)" because "type" is null
	at java.base/java.util.concurrent.FutureTask.report(FutureTask.java:122)
	at java.base/java.util.concurrent.FutureTask.get(FutureTask.java:205)
	at forge.ai.AiController.chooseSpellAbilityToPlayFromList(AiController.java:1680)
	at forge.ai.AiController.getSpellAbilityToPlay(AiController.java:1569)
	at forge.ai.AiController.chooseSpellAbilityToPlay(AiController.java:1389)
	at forge.ai.PlayerControllerAi.chooseSpellAbilityToPlay(PlayerControllerAi.java:833)
	at forge.game.phase.PhaseHandler.mainLoopStep(PhaseHandler.java:1063)
	at forge.game.phase.PhaseHandler.mainGameLoop(PhaseHandler.java:1042)
	at forge.game.phase.PhaseHandler.startFirstTurn(PhaseHandler.java:1036)
	at forge.game.GameAction.startGame(GameAction.java:2373)
	at forge.game.Match.startGame(Match.java:92)
	at forge.game.Match.startGame(Match.java:77)
	at forge.view.SimulateMatch.lambda$simulateSingleMatch$0(SimulateMatch.java:182)
	at forge.view.TimeLimitedCodeBlock.lambda$runWithTimeout$0(TimeLimitedCodeBlock.java:18)
	at java.base/java.util.concurrent.FutureTask.run(FutureTask.java:264)
	at java.base/java.util.concurrent.ThreadPoolExecutor.runWorker(ThreadPoolExecutor.java:1136)
	at java.base/java.util.concurrent.ThreadPoolExecutor$Worker.run(ThreadPoolExecutor.java:635)
	at java.base/java.lang.Thread.run(Thread.java:840)
Caused by: java.lang.NullPointerException: Cannot invoke "forge.game.card.CounterType.is(forge.game.card.CounterEnumType)" because "type" is null
	at forge.ai.ComputerUtilCost.checkRemoveCounterCost(ComputerUtilCost.java:100)
	at forge.ai.SpellAbilityAi.willPayCosts(SpellAbilityAi.java:389)
	at forge.ai.SpellAbilityAi.canPlayWithoutRestrict(SpellAbilityAi.java:105)
	at forge.ai.SpellAbilityAi.canPlay(SpellAbilityAi.java:76)
	at forge.ai.SpellAbilityAi.canPlayWithSubs(SpellAbilityAi.java:55)
	at forge.ai.AiController.canPlaySa(AiController.java:911)
	at forge.ai.AiController.canPlayAndPayForFace(AiController.java:855)
	at forge.ai.AiController.canPlayAndPayFor(AiController.java:833)
	at forge.ai.AiController.lambda$chooseSpellAbilityToPlayFromList$9(AiController.java:1661)
	at java.base/java.util.concurrent.FutureTask.run(FutureTask.java:264)
	... 1 more
java.util.concurrent.ExecutionException: java.lang.NullPointerException: Cannot invoke "forge.game.card.CounterType.is(forge.game.card.CounterEnumType)" because "type" is null
	at java.base/java.util.concurrent.FutureTask.report(FutureTask.java:122)
	at java.base/java.util.concurrent.FutureTask.get(FutureTask.java:205)
	at forge.ai.AiController.chooseSpellAbilityToPlayFromList(AiController.java:1680)
	at forge.ai.AiController.getSpellAbilityToPlay(AiController.java:1569)
	at forge.ai.AiController.chooseSpellAbilityToPlay(AiController.java:1389)
	at forge.ai.PlayerControllerAi.chooseSpellAbilityToPlay(PlayerControllerAi.java:833)
	at forge.game.phase.PhaseHandler.mainLoopStep(PhaseHandler.java:1063)
	at forge.game.phase.PhaseHandler.mainGameLoop(PhaseHandler.java:1042)
	at forge.game.phase.PhaseHandler.startFirstTurn(PhaseHandler.java:1036)
	at forge.game.GameAction.startGame(GameAction.java:2373)
	at forge.game.Match.startGame(Match.java:92)
	at forge.game.Match.startGame(Match.java:77)
	at forge.view.SimulateMatch.lambda$simulateSingleMatch$0(SimulateMatch.java:182)
	at forge.view.TimeLimitedCodeBlock.lambda$runWithTimeout$0(TimeLimitedCodeBlock.java:18)
	at java.base/java.util.concurrent.FutureTask.run(FutureTask.java:264)
	at java.base/java.util.concurrent.ThreadPoolExecutor.runWorker(ThreadPoolExecutor.java:1136)
	at java.base/java.util.concurrent.ThreadPoolExecutor$Worker.run(ThreadPoolExecutor.java:635)
	at java.base/java.lang.Thread.run(Thread.java:840)
Caused by: java.lang.NullPointerException: Cannot invoke "forge.game.card.CounterType.is(forge.game.card.CounterEnumType)" because "type" is null
	at forge.ai.ComputerUtilCost.checkRemoveCounterCost(ComputerUtilCost.java:100)
	at forge.ai.SpellAbilityAi.willPayCosts(SpellAbilityAi.java:389)
	at forge.ai.SpellAbilityAi.canPlayWithoutRestrict(SpellAbilityAi.java:105)
	at forge.ai.SpellAbilityAi.canPlay(SpellAbilityAi.java:76)
	at forge.ai.SpellAbilityAi.canPlayWithSubs(SpellAbilityAi.java:55)
	at forge.ai.AiController.canPlaySa(AiController.java:911)
	at forge.ai.AiController.canPlayAndPayForFace(AiController.java:855)
	at forge.ai.AiController.canPlayAndPayFor(AiController.java:833)
	at forge.ai.AiController.lambda$chooseSpellAbilityToPlayFromList$9(AiController.java:1661)
	at java.base/java.util.concurrent.FutureTask.run(FutureTask.java:264)
	... 1 more
Warning: default (ie. inherited from base class) implementation of confirmAction is used by Wyleth, Soul of Steel for forge.ai.ability.PermanentCreatureAi. Consider declaring an overloaded method
java.util.concurrent.ExecutionException: java.lang.NullPointerException: Cannot invoke "forge.game.card.CounterType.is(forge.game.card.CounterEnumType)" because "type" is null
	at java.base/java.util.concurrent.FutureTask.report(FutureTask.java:122)
	at java.base/java.util.concurrent.FutureTask.get(FutureTask.java:205)
	at forge.ai.AiController.chooseSpellAbilityToPlayFromList(AiController.java:1680)
	at forge.ai.AiController.getSpellAbilityToPlay(AiController.java:1569)
	at forge.ai.AiController.chooseSpellAbilityToPlay(AiController.java:1389)
	at forge.ai.PlayerControllerAi.chooseSpellAbilityToPlay(PlayerControllerAi.java:833)
	at forge.game.phase.PhaseHandler.mainLoopStep(PhaseHandler.java:1063)
	at forge.game.phase.PhaseHandler.mainGameLoop(PhaseHandler.java:1042)
	at forge.game.phase.PhaseHandler.startFirstTurn(PhaseHandler.java:1036)
	at forge.game.GameAction.startGame(GameAction.java:2373)
	at forge.game.Match.startGame(Match.java:92)
	at forge.game.Match.startGame(Match.java:77)
	at forge.view.SimulateMatch.lambda$simulateSingleMatch$0(SimulateMatch.java:182)
	at forge.view.TimeLimitedCodeBlock.lambda$runWithTimeout$0(TimeLimitedCodeBlock.java:18)
	at java.base/java.util.concurrent.FutureTask.run(FutureTask.java:264)
	at java.base/java.util.concurrent.ThreadPoolExecutor.runWorker(ThreadPoolExecutor.java:1136)
	at java.base/java.util.concurrent.ThreadPoolExecutor$Worker.run(ThreadPoolExecutor.java:635)
	at java.base/java.lang.Thread.run(Thread.java:840)
Caused by: java.lang.NullPointerException: Cannot invoke "forge.game.card.CounterType.is(forge.game.card.CounterEnumType)" because "type" is null
	at forge.ai.ComputerUtilCost.checkRemoveCounterCost(ComputerUtilCost.java:100)
	at forge.ai.SpellAbilityAi.willPayCosts(SpellAbilityAi.java:389)
	at forge.ai.SpellAbilityAi.canPlayWithoutRestrict(SpellAbilityAi.java:105)
	at forge.ai.SpellAbilityAi.canPlay(SpellAbilityAi.java:76)
	at forge.ai.SpellAbilityAi.canPlayWithSubs(SpellAbilityAi.java:55)
	at forge.ai.AiController.canPlaySa(AiController.java:911)
	at forge.ai.AiController.canPlayAndPayForFace(AiController.java:855)
	at forge.ai.AiController.canPlayAndPayFor(AiController.java:833)
	at forge.ai.AiController.lambda$chooseSpellAbilityToPlayFromList$9(AiController.java:1661)
	at java.base/java.util.concurrent.FutureTask.run(FutureTask.java:264)
	... 1 more
java.util.concurrent.ExecutionException: java.lang.NullPointerException: Cannot invoke "forge.game.card.CounterType.is(forge.game.card.CounterEnumType)" because "type" is null
	at java.base/java.util.concurrent.FutureTask.report(FutureTask.java:122)
	at java.base/java.util.concurrent.FutureTask.get(FutureTask.java:205)
	at forge.ai.AiController.chooseSpellAbilityToPlayFromList(AiController.java:1680)
	at forge.ai.AiController.getSpellAbilityToPlay(AiController.java:1569)
	at forge.ai.AiController.chooseSpellAbilityToPlay(AiController.java:1389)
	at forge.ai.PlayerControllerAi.chooseSpellAbilityToPlay(PlayerControllerAi.java:833)
	at forge.game.phase.PhaseHandler.mainLoopStep(PhaseHandler.java:1063)
	at forge.game.phase.PhaseHandler.mainGameLoop(PhaseHandler.java:1042)
	at forge.game.phase.PhaseHandler.startFirstTurn(PhaseHandler.java:1036)
	at forge.game.GameAction.startGame(GameAction.java:2373)
	at forge.game.Match.startGame(Match.java:92)
	at forge.game.Match.startGame(Match.java:77)
	at forge.view.SimulateMatch.lambda$simulateSingleMatch$0(SimulateMatch.java:182)
	at forge.view.TimeLimitedCodeBlock.lambda$runWithTimeout$0(TimeLimitedCodeBlock.java:18)
	at java.base/java.util.concurrent.FutureTask.run(FutureTask.java:264)
	at java.base/java.util.concurrent.ThreadPoolExecutor.runWorker(ThreadPoolExecutor.java:1136)
	at java.base/java.util.concurrent.ThreadPoolExecutor$Worker.run(ThreadPoolExecutor.java:635)
	at java.base/java.lang.Thread.run(Thread.java:840)
Caused by: java.lang.NullPointerException: Cannot invoke "forge.game.card.CounterType.is(forge.game.card.CounterEnumType)" because "type" is null
	at forge.ai.ComputerUtilCost.checkRemoveCounterCost(ComputerUtilCost.java:100)
	at forge.ai.SpellAbilityAi.willPayCosts(SpellAbilityAi.java:389)
	at forge.ai.SpellAbilityAi.canPlayWithoutRestrict(SpellAbilityAi.java:105)
	at forge.ai.SpellAbilityAi.canPlay(SpellAbilityAi.java:76)
	at forge.ai.SpellAbilityAi.canPlayWithSubs(SpellAbilityAi.java:55)
	at forge.ai.AiController.canPlaySa(AiController.java:911)
	at forge.ai.AiController.canPlayAndPayForFace(AiController.java:855)
	at forge.ai.AiController.canPlayAndPayFor(AiController.java:833)
	at forge.ai.AiController.lambda$chooseSpellAbilityToPlayFromList$9(AiController.java:1661)
	at java.base/java.util.concurrent.FutureTask.run(FutureTask.java:264)
	... 1 more
java.util.concurrent.ExecutionException: java.lang.NullPointerException: Cannot invoke "forge.game.card.CounterType.is(forge.game.card.CounterEnumType)" because "type" is null
	at java.base/java.util.concurrent.FutureTask.report(FutureTask.java:122)
	at java.base/java.util.concurrent.FutureTask.get(FutureTask.java:205)
	at forge.ai.AiController.chooseSpellAbilityToPlayFromList(AiController.java:1680)
	at forge.ai.AiController.getSpellAbilityToPlay(AiController.java:1569)
	at forge.ai.AiController.chooseSpellAbilityToPlay(AiController.java:1389)
	at forge.ai.PlayerControllerAi.chooseSpellAbilityToPlay(PlayerControllerAi.java:833)
	at forge.game.phase.PhaseHandler.mainLoopStep(PhaseHandler.java:1063)
	at forge.game.phase.PhaseHandler.mainGameLoop(PhaseHandler.java:1042)
	at forge.game.phase.PhaseHandler.startFirstTurn(PhaseHandler.java:1036)
	at forge.game.GameAction.startGame(GameAction.java:2373)
	at forge.game.Match.startGame(Match.java:92)
	at forge.game.Match.startGame(Match.java:77)
	at forge.view.SimulateMatch.lambda$simulateSingleMatch$0(SimulateMatch.java:182)
	at forge.view.TimeLimitedCodeBlock.lambda$runWithTimeout$0(TimeLimitedCodeBlock.java:18)
	at java.base/java.util.concurrent.FutureTask.run(FutureTask.java:264)
	at java.base/java.util.concurrent.ThreadPoolExecutor.runWorker(ThreadPoolExecutor.java:1136)
	at java.base/java.util.concurrent.ThreadPoolExecutor$Worker.run(ThreadPoolExecutor.java:635)
	at java.base/java.lang.Thread.run(Thread.java:840)
Caused by: java.lang.NullPointerException: Cannot invoke "forge.game.card.CounterType.is(forge.game.card.CounterEnumType)" because "type" is null
	at forge.ai.ComputerUtilCost.checkRemoveCounterCost(ComputerUtilCost.java:100)
	at forge.ai.SpellAbilityAi.willPayCosts(SpellAbilityAi.java:389)
	at forge.ai.SpellAbilityAi.canPlayWithoutRestrict(SpellAbilityAi.java:105)
	at forge.ai.SpellAbilityAi.canPlay(SpellAbilityAi.java:76)
	at forge.ai.SpellAbilityAi.canPlayWithSubs(SpellAbilityAi.java:55)
	at forge.ai.AiController.canPlaySa(AiController.java:911)
	at forge.ai.AiController.canPlayAndPayForFace(AiController.java:855)
	at forge.ai.AiController.canPlayAndPayFor(AiController.java:833)
	at forge.ai.AiController.lambda$chooseSpellAbilityToPlayFromList$9(AiController.java:1661)
	at java.base/java.util.concurrent.FutureTask.run(FutureTask.java:264)
	... 1 more
Correcting zone for Rotting Regisaur (169)
Warning: default (ie. inherited from base class) implementation of confirmAction is used by Wilhelt, the Rotcleaver for forge.ai.ability.PermanentCreatureAi. Consider declaring an overloaded method
Warning: default (ie. inherited from base class) implementation of confirmAction is used by Drana, Liberator of Malakir for forge.ai.ability.PermanentCreatureAi. Consider declaring an overloaded method
Mulligan: Ai(2)-Wilhelt Zombies B3 has mulliganed down to 7 cards.
Mulligan: Ai(1)-Kilo Helm Final has kept a hand of 7 cards
Mulligan: Ai(2)-Wilhelt Zombies B3 has kept a hand of 7 cards
Mulligan: Ai(3)-Wyleth Voltron B3 has kept a hand of 7 cards
Mulligan: Ai(4)-Drana Vampires has kept a hand of 7 cards
Turn: Turn 1 (Ai(1)-Kilo Helm Final)
Phase: Ai(1)-Kilo Helm Final's Untap step
Phase: Ai(1)-Kilo Helm Final's Upkeep step
Phase: Ai(1)-Kilo Helm Final's Draw step
Phase: Ai(1)-Kilo Helm Final's Main phase, precombat
Land: Ai(1)-Kilo Helm Final played Battlefield Forge (14)
Phase: Ai(1)-Kilo Helm Final's Beginning of Combat Step
Phase: Ai(1)-Kilo Helm Final's Declare Attackers Step
Phase: Ai(1)-Kilo Helm Final's Declare Blockers Step
Phase: Ai(1)-Kilo Helm Final's First Strike Damage Step
Phase: Ai(1)-Kilo Helm Final's Combat Damage Step
Phase: Ai(1)-Kilo Helm Final's End of Combat Step
Phase: Ai(1)-Kilo Helm Final's Main phase, postcombat
Phase: Ai(1)-Kilo Helm Final's End step
Phase: Ai(1)-Kilo Helm Final's Cleanup step
Turn: Turn 2 (Ai(2)-Wilhelt Zombies B3)
Phase: Ai(2)-Wilhelt Zombies B3's Untap step
Phase: Ai(2)-Wilhelt Zombies B3's Upkeep step
Phase: Ai(2)-Wilhelt Zombies B3's Draw step
Phase: Ai(2)-Wilhelt Zombies B3's Main phase, precombat
Land: Ai(2)-Wilhelt Zombies B3 played Swamp (186)
Phase: Ai(2)-Wilhelt Zombies B3's Beginning of Combat Step
Phase: Ai(2)-Wilhelt Zombies B3's Declare Attackers Step
Phase: Ai(2)-Wilhelt Zombies B3's Declare Blockers Step
Phase: Ai(2)-Wilhelt Zombies B3's First Strike Damage Step
Phase: Ai(2)-Wilhelt Zombies B3's Combat Damage Step
Phase: Ai(2)-Wilhelt Zombies B3's End of Combat Step
Phase: Ai(2)-Wilhelt Zombies B3's Main phase, postcombat
Phase: Ai(2)-Wilhelt Zombies B3's End step
Phase: Ai(2)-Wilhelt Zombies B3's Cleanup step
Turn: Turn 3 (Ai(3)-Wyleth Voltron B3)
Phase: Ai(3)-Wyleth Voltron B3's Untap step
Phase: Ai(3)-Wyleth Voltron B3's Upkeep step
Phase: Ai(3)-Wyleth Voltron B3's Draw step
Phase: Ai(3)-Wyleth Voltron B3's Main phase, precombat
Land: Ai(3)-Wyleth Voltron B3 played Mountain (280)
Phase: Ai(3)-Wyleth Voltron B3's Beginning of Combat Step
Phase: Ai(3)-Wyleth Voltron B3's Declare Attackers Step
Phase: Ai(3)-Wyleth Voltron B3's Declare Blockers Step
Phase: Ai(3)-Wyleth Voltron B3's First Strike Damage Step
Phase: Ai(3)-Wyleth Voltron B3's Combat Damage Step
Phase: Ai(3)-Wyleth Voltron B3's End of Combat Step
Phase: Ai(3)-Wyleth Voltron B3's Main phase, postcombat
Mana: Mountain (280) - {T}: Add {R}.
Add To Stack: Ai(3)-Wyleth Voltron B3 cast Bloodforged Battle-Axe
Resolve Stack: Bloodforged Battle-Axe
Phase: Ai(3)-Wyleth Voltron B3's End step
Phase: Ai(3)-Wyleth Voltron B3's Cleanup step
Turn: Turn 4 (Ai(4)-Drana Vampires)
Phase: Ai(4)-Drana Vampires' Untap step
Phase: Ai(4)-Drana Vampires' Upkeep step
Phase: Ai(4)-Drana Vampires' Draw step
Phase: Ai(4)-Drana Vampires' Main phase, precombat
Land: Ai(4)-Drana Vampires played Swamp (378)
Phase: Ai(4)-Drana Vampires' Beginning of Combat Step
Phase: Ai(4)-Drana Vampires' Declare Attackers Step
Phase: Ai(4)-Drana Vampires' Declare Blockers Step
Phase: Ai(4)-Drana Vampires' First Strike Damage Step
Phase: Ai(4)-Drana Vampires' Combat Damage Step
Phase: Ai(4)-Drana Vampires' End of Combat Step
Phase: Ai(4)-Drana Vampires' Main phase, postcombat
Mana: Swamp (378) - {T}: Add {B}.
Add To Stack: Ai(4)-Drana Vampires cast Pulse Tracker
Resolve Stack: Pulse Tracker - Creature 1 / 1
Phase: Ai(4)-Drana Vampires' End step
Phase: Ai(4)-Drana Vampires' Cleanup step
Turn: Turn 5 (Ai(1)-Kilo Helm Final)
Phase: Ai(1)-Kilo Helm Final's Untap step
Phase: Ai(1)-Kilo Helm Final's Upkeep step
Phase: Ai(1)-Kilo Helm Final's Draw step
Phase: Ai(1)-Kilo Helm Final's Main phase, precombat
Replacement Effect: Razortide Bridge enters tapped.
Land: Ai(1)-Kilo Helm Final played Razortide Bridge (21)
Phase: Ai(1)-Kilo Helm Final's Beginning of Combat Step
Phase: Ai(1)-Kilo Helm Final's Declare Attackers Step
Phase: Ai(1)-Kilo Helm Final's Declare Blockers Step
Phase: Ai(1)-Kilo Helm Final's First Strike Damage Step
Phase: Ai(1)-Kilo Helm Final's Combat Damage Step
Phase: Ai(1)-Kilo Helm Final's End of Combat Step
Phase: Ai(1)-Kilo Helm Final's Main phase, postcombat
Phase: Ai(1)-Kilo Helm Final's End step
Phase: Ai(1)-Kilo Helm Final's Cleanup step
Turn: Turn 6 (Ai(2)-Wilhelt Zombies B3)
Phase: Ai(2)-Wilhelt Zombies B3's Untap step
Phase: Ai(2)-Wilhelt Zombies B3's Upkeep step
Phase: Ai(2)-Wilhelt Zombies B3's Draw step
Phase: Ai(2)-Wilhelt Zombies B3's Main phase, precombat
Replacement Effect: Drowned Catacomb enters tapped unless you control an Island or a Swamp.
Land: Ai(2)-Wilhelt Zombies B3 played Drowned Catacomb (165)
Phase: Ai(2)-Wilhelt Zombies B3's Beginning of Combat Step
Phase: Ai(2)-Wilhelt Zombies B3's Declare Attackers Step
Phase: Ai(2)-Wilhelt Zombies B3's Declare Blockers Step
Phase: Ai(2)-Wilhelt Zombies B3's First Strike Damage Step
Phase: Ai(2)-Wilhelt Zombies B3's Combat Damage Step
Phase: Ai(2)-Wilhelt Zombies B3's End of Combat Step
Phase: Ai(2)-Wilhelt Zombies B3's Main phase, postcombat
Phase: Ai(2)-Wilhelt Zombies B3's End step
Phase: Ai(2)-Wilhelt Zombies B3's Cleanup step
Turn: Turn 7 (Ai(3)-Wyleth Voltron B3)
Phase: Ai(3)-Wyleth Voltron B3's Untap step
Phase: Ai(3)-Wyleth Voltron B3's Upkeep step
Phase: Ai(3)-Wyleth Voltron B3's Draw step
Phase: Ai(3)-Wyleth Voltron B3's Main phase, precombat
Land: Ai(3)-Wyleth Voltron B3 played Plains (262)
Mana: Mountain (280) - {T}: Add {R}.
Mana: Plains (262) - {T}: Add {W}.
Add To Stack: Ai(3)-Wyleth Voltron B3 cast Abrade
Damage: Abrade (247) deals 3 damage to Pulse Tracker (307).
Resolve Stack: Abrade (247) -  Abrade deals 3 damage to target creature. (Targeting: Pulse Tracker (307))
Zone Change: Pulse Tracker (307) was put into Graveyard from Battlefield.
Phase: Ai(3)-Wyleth Voltron B3's Beginning of Combat Step
Phase: Ai(3)-Wyleth Voltron B3's Declare Attackers Step
Phase: Ai(3)-Wyleth Voltron B3's Declare Blockers Step
Phase: Ai(3)-Wyleth Voltron B3's First Strike Damage Step
Phase: Ai(3)-Wyleth Voltron B3's Combat Damage Step
Phase: Ai(3)-Wyleth Voltron B3's End of Combat Step
Phase: Ai(3)-Wyleth Voltron B3's Main phase, postcombat
Phase: Ai(3)-Wyleth Voltron B3's End step
Phase: Ai(3)-Wyleth Voltron B3's Cleanup step
Turn: Turn 8 (Ai(4)-Drana Vampires)
Phase: Ai(4)-Drana Vampires' Untap step
Phase: Ai(4)-Drana Vampires' Upkeep step
Phase: Ai(4)-Drana Vampires' Draw step
Phase: Ai(4)-Drana Vampires' Main phase, precombat
Land: Ai(4)-Drana Vampires played Swamp (359)
Phase: Ai(4)-Drana Vampires' Beginning of Combat Step
Phase: Ai(4)-Drana Vampires' Declare Attackers Step
Phase: Ai(4)-Drana Vampires' Declare Blockers Step
Phase: Ai(4)-Drana Vampires' First Strike Damage Step
Phase: Ai(4)-Drana Vampires' Combat Damage Step
Phase: Ai(4)-Drana Vampires' End of Combat Step
Phase: Ai(4)-Drana Vampires' Main phase, postcombat
Mana: Swamp (378) - {T}: Add {B}.
Mana: Swamp (359) - {T}: Add {B}.
Add To Stack: Ai(4)-Drana Vampires cast Child of Night
Resolve Stack: Child of Night - Creature 2 / 1
Phase: Ai(4)-Drana Vampires' End step
Phase: Ai(4)-Drana Vampires' Cleanup step
Turn: Turn 9 (Ai(1)-Kilo Helm Final)
Phase: Ai(1)-Kilo Helm Final's Untap step
Phase: Ai(1)-Kilo Helm Final's Upkeep step
Phase: Ai(1)-Kilo Helm Final's Draw step
Phase: Ai(1)-Kilo Helm Final's Main phase, precombat
Phase: Ai(1)-Kilo Helm Final's Beginning of Combat Step
Phase: Ai(1)-Kilo Helm Final's Declare Attackers Step
Phase: Ai(1)-Kilo Helm Final's Declare Blockers Step
Phase: Ai(1)-Kilo Helm Final's First Strike Damage Step
Phase: Ai(1)-Kilo Helm Final's Combat Damage Step
Phase: Ai(1)-Kilo Helm Final's End of Combat Step
Phase: Ai(1)-Kilo Helm Final's Main phase, postcombat
Mana: Razortide Bridge (21) - {T}: Add {W} or {U}.
Mana: Battlefield Forge (14) - {T}: Add {C}.
Add To Stack: Ai(1)-Kilo Helm Final cast Moxite Refinery
Resolve Stack: Moxite Refinery
Phase: Ai(1)-Kilo Helm Final's End step
Phase: Ai(1)-Kilo Helm Final's Cleanup step
Turn: Turn 10 (Ai(2)-Wilhelt Zombies B3)
Phase: Ai(2)-Wilhelt Zombies B3's Untap step
Phase: Ai(2)-Wilhelt Zombies B3's Upkeep step
Phase: Ai(2)-Wilhelt Zombies B3's Draw step
Phase: Ai(2)-Wilhelt Zombies B3's Main phase, precombat
Land: Ai(2)-Wilhelt Zombies B3 played Island (139)
Phase: Ai(2)-Wilhelt Zombies B3's Beginning of Combat Step
Phase: Ai(2)-Wilhelt Zombies B3's Declare Attackers Step
Phase: Ai(2)-Wilhelt Zombies B3's Declare Blockers Step
Phase: Ai(2)-Wilhelt Zombies B3's First Strike Damage Step
Phase: Ai(2)-Wilhelt Zombies B3's Combat Damage Step
Phase: Ai(2)-Wilhelt Zombies B3's End of Combat Step
Phase: Ai(2)-Wilhelt Zombies B3's Main phase, postcombat
Mana: Swamp (186) - {T}: Add {B}.
Mana: Island (139) - {T}: Add {U}.
Mana: Drowned Catacomb (165) - {T}: Add {U} or {B}.
Add To Stack: Ai(2)-Wilhelt Zombies B3 cast Lord of the Accursed
Resolve Stack: Lord of the Accursed - Creature 2 / 3
Phase: Ai(2)-Wilhelt Zombies B3's End step
Phase: Ai(2)-Wilhelt Zombies B3's Cleanup step
Turn: Turn 11 (Ai(3)-Wyleth Voltron B3)
Phase: Ai(3)-Wyleth Voltron B3's Untap step
Phase: Ai(3)-Wyleth Voltron B3's Upkeep step
Phase: Ai(3)-Wyleth Voltron B3's Draw step
Phase: Ai(3)-Wyleth Voltron B3's Main phase, precombat
Land: Ai(3)-Wyleth Voltron B3 played Mountain (289)
Phase: Ai(3)-Wyleth Voltron B3's Beginning of Combat Step
Phase: Ai(3)-Wyleth Voltron B3's Declare Attackers Step
Phase: Ai(3)-Wyleth Voltron B3's Declare Blockers Step
Phase: Ai(3)-Wyleth Voltron B3's First Strike Damage Step
Phase: Ai(3)-Wyleth Voltron B3's Combat Damage Step
Phase: Ai(3)-Wyleth Voltron B3's End of Combat Step
Phase: Ai(3)-Wyleth Voltron B3's Main phase, postcombat
Mana: Plains (262) - {T}: Add {W}.
Mana: Mountain (280) - {T}: Add {R}.
Mana: Mountain (289) - {T}: Add {R}.
Add To Stack: Ai(3)-Wyleth Voltron B3 cast Wyleth, Soul of Steel
Resolve Stack: Wyleth, Soul of Steel - Creature 2 / 2
Phase: Ai(3)-Wyleth Voltron B3's End step
Phase: Ai(3)-Wyleth Voltron B3's Cleanup step
Turn: Turn 12 (Ai(4)-Drana Vampires)
Phase: Ai(4)-Drana Vampires' Untap step
Phase: Ai(4)-Drana Vampires' Upkeep step
Phase: Ai(4)-Drana Vampires' Draw step
Mana: Swamp (378) - {T}: Add {B}.
Mana: Swamp (359) - {T}: Add {B}.
Add To Stack: Ai(4)-Drana Vampires cast Go for the Throat targeting [Lord of the Accursed (158)]
Zone Change: Lord of the Accursed (158) was put into Graveyard from Battlefield.
Resolve Stack: Go for the Throat (339) - Destroy Lord of the Accursed (158).
Phase: Ai(4)-Drana Vampires' Main phase, precombat
Phase: Ai(4)-Drana Vampires' Beginning of Combat Step
Phase: Ai(4)-Drana Vampires' Declare Attackers Step
Phase: Ai(4)-Drana Vampires' Declare Blockers Step
Phase: Ai(4)-Drana Vampires' First Strike Damage Step
Phase: Ai(4)-Drana Vampires' Combat Damage Step
Phase: Ai(4)-Drana Vampires' End of Combat Step
Phase: Ai(4)-Drana Vampires' Main phase, postcombat
Land: Ai(4)-Drana Vampires played Swamp (379)
Phase: Ai(4)-Drana Vampires' End step
Phase: Ai(4)-Drana Vampires' Cleanup step
Turn: Turn 13 (Ai(1)-Kilo Helm Final)
Phase: Ai(1)-Kilo Helm Final's Untap step
Phase: Ai(1)-Kilo Helm Final's Upkeep step
Phase: Ai(1)-Kilo Helm Final's Draw step
Phase: Ai(1)-Kilo Helm Final's Main phase, precombat
Phase: Ai(1)-Kilo Helm Final's Beginning of Combat Step
Phase: Ai(1)-Kilo Helm Final's Declare Attackers Step
Phase: Ai(1)-Kilo Helm Final's Declare Blockers Step
Phase: Ai(1)-Kilo Helm Final's First Strike Damage Step
Phase: Ai(1)-Kilo Helm Final's Combat Damage Step
Phase: Ai(1)-Kilo Helm Final's End of Combat Step
Phase: Ai(1)-Kilo Helm Final's Main phase, postcombat
Phase: Ai(1)-Kilo Helm Final's End step
Phase: Ai(1)-Kilo Helm Final's Cleanup step
Discard: Ai(1)-Kilo Helm Final discards Fumigate (42).
Turn: Turn 14 (Ai(2)-Wilhelt Zombies B3)
Phase: Ai(2)-Wilhelt Zombies B3's Untap step
Phase: Ai(2)-Wilhelt Zombies B3's Upkeep step
Phase: Ai(2)-Wilhelt Zombies B3's Draw step
Phase: Ai(2)-Wilhelt Zombies B3's Main phase, precombat
Land: Ai(2)-Wilhelt Zombies B3 played Swamp (175)
Phase: Ai(2)-Wilhelt Zombies B3's Beginning of Combat Step
Phase: Ai(2)-Wilhelt Zombies B3's Declare Attackers Step
Phase: Ai(2)-Wilhelt Zombies B3's Declare Blockers Step
Phase: Ai(2)-Wilhelt Zombies B3's First Strike Damage Step
Phase: Ai(2)-Wilhelt Zombies B3's Combat Damage Step
Phase: Ai(2)-Wilhelt Zombies B3's End of Combat Step
Phase: Ai(2)-Wilhelt Zombies B3's Main phase, postcombat
Mana: Island (139) - {T}: Add {U}.
Mana: Swamp (186) - {T}: Add {B}.
Mana: Swamp (175) - {T}: Add {B}.
Mana: Drowned Catacomb (165) - {T}: Add {U} or {B}.
Add To Stack: Ai(2)-Wilhelt Zombies B3 cast Wilhelt, the Rotcleaver
Resolve Stack: Wilhelt, the Rotcleaver - Creature 3 / 3
Phase: Ai(2)-Wilhelt Zombies B3's End step
Add To Stack: Ai(2)-Wilhelt Zombies B3 triggered Wilhelt, the Rotcleaver
Resolve Stack: At the beginning of your end step, you may sacrifice a Zombie. If you do, draw a card. [Phase: Ai(2)-Wilhelt Zombies B3]
Phase: Ai(2)-Wilhelt Zombies B3's Cleanup step
Turn: Turn 15 (Ai(3)-Wyleth Voltron B3)
Phase: Ai(3)-Wyleth Voltron B3's Untap step
Phase: Ai(3)-Wyleth Voltron B3's Upkeep step
Phase: Ai(3)-Wyleth Voltron B3's Draw step
Phase: Ai(3)-Wyleth Voltron B3's Main phase, precombat
Mana: Plains (262) - {T}: Add {W}.
Mana: Mountain (280) - {T}: Add {R}.
Add To Stack: Ai(3)-Wyleth Voltron B3 activated Bloodforged Battle-Axe targeting [Wyleth, Soul of Steel (301)]
Resolve Stack: Bloodforged Battle-Axe (233) -  Attach to Wyleth, Soul of Steel (301)
Phase: Ai(3)-Wyleth Voltron B3's Beginning of Combat Step
Phase: Ai(3)-Wyleth Voltron B3's Declare Attackers Step
Combat: Ai(3)-Wyleth Voltron B3 assigned Wyleth, Soul of Steel (301) to attack Ai(2)-Wilhelt Zombies B3.
Add To Stack: Ai(3)-Wyleth Voltron B3 triggered Wyleth, Soul of Steel
Resolve Stack: Whenever Wyleth, Soul of Steel attacks, draw a card for each Aura and Equipment attached to it. [Attacker: Wyleth, Soul of Steel (301)]
Phase: Ai(3)-Wyleth Voltron B3's Declare Blockers Step
Combat: Ai(2)-Wilhelt Zombies B3 didn't block Wyleth, Soul of Steel (301).
Phase: Ai(3)-Wyleth Voltron B3's First Strike Damage Step
Phase: Ai(3)-Wyleth Voltron B3's Combat Damage Step
Damage: Wyleth, Soul of Steel (301) deals 4 combat damage to Ai(2)-Wilhelt Zombies B3.
Life: Life: Ai(2)-Wilhelt Zombies B3 40 > 36
Add To Stack: Ai(3)-Wyleth Voltron B3 triggered Bloodforged Battle-Axe
Resolve Stack: Whenever equipped creature deals combat damage to a player, create a token that's a copy of Bloodforged Battle-Axe. [Damage Source: Wyleth, Soul of Steel (301), Damaged: Ai(2)-Wilhelt Zombies B3, Amount: 4]
Phase: Ai(3)-Wyleth Voltron B3's End of Combat Step
Phase: Ai(3)-Wyleth Voltron B3's Main phase, postcombat
Replacement Effect: Temple of Triumph enters tapped.
Land: Ai(3)-Wyleth Voltron B3 played Temple of Triumph (275)
Add To Stack: Ai(3)-Wyleth Voltron B3 triggered Temple of Triumph
Resolve Stack: Ai(3)-Wyleth Voltron B3 scried 1 card(s) to the top of the library
Resolve Stack: When Temple of Triumph enters, scry 1. [Zone Changer: Temple of Triumph (275)]
Phase: Ai(3)-Wyleth Voltron B3's End step
Phase: Ai(3)-Wyleth Voltron B3's Cleanup step
Turn: Turn 16 (Ai(4)-Drana Vampires)
Phase: Ai(4)-Drana Vampires' Untap step
Phase: Ai(4)-Drana Vampires' Upkeep step
Phase: Ai(4)-Drana Vampires' Draw step
Phase: Ai(4)-Drana Vampires' Main phase, precombat
Land: Ai(4)-Drana Vampires played Swamp (356)
Phase: Ai(4)-Drana Vampires' Beginning of Combat Step
Phase: Ai(4)-Drana Vampires' Declare Attackers Step
Combat: Ai(4)-Drana Vampires assigned Child of Night (401) to attack Ai(3)-Wyleth Voltron B3.
Phase: Ai(4)-Drana Vampires' Declare Blockers Step
Combat: Ai(3)-Wyleth Voltron B3 didn't block Child of Night (401).
Phase: Ai(4)-Drana Vampires' First Strike Damage Step
Phase: Ai(4)-Drana Vampires' Combat Damage Step
Damage: Child of Night (401) deals 2 combat damage to Ai(3)-Wyleth Voltron B3.
Life: Life: Ai(4)-Drana Vampires 40 > 42
Life: Life: Ai(3)-Wyleth Voltron B3 40 > 38
Phase: Ai(4)-Drana Vampires' End of Combat Step
Phase: Ai(4)-Drana Vampires' Main phase, postcombat
Mana: Swamp (378) - {T}: Add {B}.
Mana: Swamp (359) - {T}: Add {B}.
Mana: Swamp (379) - {T}: Add {B}.
Add To Stack: Ai(4)-Drana Vampires cast Drana, Liberator of Malakir
Resolve Stack: Drana, Liberator of Malakir - Creature 2 / 3
Phase: Ai(4)-Drana Vampires' End step
Phase: Ai(4)-Drana Vampires' Cleanup step
Turn: Turn 17 (Ai(1)-Kilo Helm Final)
Phase: Ai(1)-Kilo Helm Final's Untap step
Phase: Ai(1)-Kilo Helm Final's Upkeep step
Phase: Ai(1)-Kilo Helm Final's Draw step
Phase: Ai(1)-Kilo Helm Final's Main phase, precombat
Land: Ai(1)-Kilo Helm Final played Ancient Den (89)
Mana: Razortide Bridge (21) - {T}: Add {W} or {U}.
Damage: Battlefield Forge (14) deals 1 non-combat damage to Ai(1)-Kilo Helm Final.
Life: Life: Ai(1)-Kilo Helm Final 40 > 39
Mana: Battlefield Forge (14) - {T}: Add {R} or {W}. Battlefield Forge deals 1 damage to you. 
Mana: Ancient Den (89) - {T}: Add {W}.
Add To Stack: Ai(1)-Kilo Helm Final cast Kilo, Apogee Mind
Resolve Stack: Kilo, Apogee Mind - Creature 3 / 3
Phase: Ai(1)-Kilo Helm Final's Beginning of Combat Step
Phase: Ai(1)-Kilo Helm Final's Declare Attackers Step
Combat: Ai(1)-Kilo Helm Final assigned Kilo, Apogee Mind (100) to attack Ai(3)-Wyleth Voltron B3.
Add To Stack: Ai(1)-Kilo Helm Final triggered Kilo, Apogee Mind
Resolve Stack: Whenever Kilo becomes tapped, proliferate. (Choose any number of permanents and/or players, then give each another counter of each kind already there.) [Tapped: Kilo, Apogee Mind (100)]
Phase: Ai(1)-Kilo Helm Final's Declare Blockers Step
Combat: Ai(3)-Wyleth Voltron B3 didn't block Kilo, Apogee Mind (100).
Phase: Ai(1)-Kilo Helm Final's First Strike Damage Step
Phase: Ai(1)-Kilo Helm Final's Combat Damage Step
Damage: Kilo, Apogee Mind (100) deals 3 combat damage to Ai(3)-Wyleth Voltron B3.
Life: Life: Ai(3)-Wyleth Voltron B3 38 > 35
Phase: Ai(1)-Kilo Helm Final's End of Combat Step
Phase: Ai(1)-Kilo Helm Final's Main phase, postcombat
Phase: Ai(1)-Kilo Helm Final's End step
Phase: Ai(1)-Kilo Helm Final's Cleanup step
Turn: Turn 18 (Ai(2)-Wilhelt Zombies B3)
Phase: Ai(2)-Wilhelt Zombies B3's Untap step
Phase: Ai(2)-Wilhelt Zombies B3's Upkeep step
Phase: Ai(2)-Wilhelt Zombies B3's Draw step
Phase: Ai(2)-Wilhelt Zombies B3's Main phase, precombat
Land: Ai(2)-Wilhelt Zombies B3 played Island (150)
Phase: Ai(2)-Wilhelt Zombies B3's Beginning of Combat Step
Phase: Ai(2)-Wilhelt Zombies B3's Declare Attackers Step
Combat: Ai(2)-Wilhelt Zombies B3 assigned Wilhelt, the Rotcleaver (200) to attack Ai(3)-Wyleth Voltron B3.
Phase: Ai(2)-Wilhelt Zombies B3's Declare Blockers Step
Combat: Ai(3)-Wyleth Voltron B3 didn't block Wilhelt, the Rotcleaver (200).
Phase: Ai(2)-Wilhelt Zombies B3's First Strike Damage Step
Phase: Ai(2)-Wilhelt Zombies B3's Combat Damage Step
Damage: Wilhelt, the Rotcleaver (200) deals 3 combat damage to Ai(3)-Wyleth Voltron B3.
Life: Life: Ai(3)-Wyleth Voltron B3 35 > 32
Phase: Ai(2)-Wilhelt Zombies B3's End of Combat Step
Phase: Ai(2)-Wilhelt Zombies B3's Main phase, postcombat
Mana: Swamp (186) - {T}: Add {B}.
Mana: Swamp (175) - {T}: Add {B}.
Mana: Island (139) - {T}: Add {U}.
Mana: Island (150) - {T}: Add {U}.
Mana: Drowned Catacomb (165) - {T}: Add {U} or {B}.
Add To Stack: Ai(2)-Wilhelt Zombies B3 cast Gray Merchant of Asphodel
Resolve Stack: Gray Merchant of Asphodel - Creature 2 / 4
Add To Stack: Ai(2)-Wilhelt Zombies B3 triggered Gray Merchant of Asphodel
Life: Life: Ai(3)-Wyleth Voltron B3 32 > 29
Life: Life: Ai(4)-Drana Vampires 42 > 39
Life: Life: Ai(1)-Kilo Helm Final 39 > 36
Life: Life: Ai(2)-Wilhelt Zombies B3 36 > 45
Resolve Stack: When Gray Merchant of Asphodel enters, each opponent loses X life, where X is your devotion to black. You gain life equal to the life lost this way. [Zone Changer: Gray Merchant of Asphodel (116)]
Phase: Ai(2)-Wilhelt Zombies B3's End step
Add To Stack: Ai(2)-Wilhelt Zombies B3 triggered Wilhelt, the Rotcleaver
Resolve Stack: At the beginning of your end step, you may sacrifice a Zombie. If you do, draw a card. [Phase: Ai(2)-Wilhelt Zombies B3]
Phase: Ai(2)-Wilhelt Zombies B3's Cleanup step
Turn: Turn 19 (Ai(3)-Wyleth Voltron B3)
Phase: Ai(3)-Wyleth Voltron B3's Untap step
Phase: Ai(3)-Wyleth Voltron B3's Upkeep step
Mana: Mountain (280) - {T}: Add {R}.
Mana: Plains (262) - {T}: Add {W}.
Add To Stack: Ai(3)-Wyleth Voltron B3 cast Wear targeting [Kilo, Apogee Mind (100)]
Zone Change: Kilo, Apogee Mind (100) was put into Graveyard from Battlefield.
Resolve Stack: Wear (205) - Destroy Kilo, Apogee Mind (100).
Phase: Ai(3)-Wyleth Voltron B3's Draw step
Phase: Ai(3)-Wyleth Voltron B3's Main phase, precombat
Land: Ai(3)-Wyleth Voltron B3 played Plains (256)
Mana: Mountain (289) - {T}: Add {R}.
Mana: Plains (256) - {T}: Add {W}.
Add To Stack: Ai(3)-Wyleth Voltron B3 activated Bloodforged Battle-Axe targeting [Wyleth, Soul of Steel (301)]
Resolve Stack: Bloodforged Battle-Axe (421) -  Attach to Wyleth, Soul of Steel (301)
Phase: Ai(3)-Wyleth Voltron B3's Beginning of Combat Step
Phase: Ai(3)-Wyleth Voltron B3's Declare Attackers Step
Combat: Ai(3)-Wyleth Voltron B3 assigned Wyleth, Soul of Steel (301) to attack Ai(2)-Wilhelt Zombies B3.
Add To Stack: Ai(3)-Wyleth Voltron B3 triggered Wyleth, Soul of Steel
Resolve Stack: Whenever Wyleth, Soul of Steel attacks, draw a card for each Aura and Equipment attached to it. [Attacker: Wyleth, Soul of Steel (301)]
Phase: Ai(3)-Wyleth Voltron B3's Declare Blockers Step
Combat: Ai(2)-Wilhelt Zombies B3 assigned Gray Merchant of Asphodel (116) to block Wyleth, Soul of Steel (301).
Phase: Ai(3)-Wyleth Voltron B3's First Strike Damage Step
Phase: Ai(3)-Wyleth Voltron B3's Combat Damage Step
Damage: Wyleth, Soul of Steel (301) deals 2 combat damage to Ai(2)-Wilhelt Zombies B3.
Damage: Wyleth, Soul of Steel (301) deals 4 damage to Gray Merchant of Asphodel (116).
Damage: Gray Merchant of Asphodel (116) deals 2 damage to Wyleth, Soul of Steel (301).
Life: Life: Ai(2)-Wilhelt Zombies B3 45 > 43
Zone Change: Wyleth, Soul of Steel (301) was put into Graveyard from Battlefield.
Zone Change: Gray Merchant of Asphodel (116) was put into Graveyard from Battlefield.
Add To Stack: Ai(3)-Wyleth Voltron B3 triggered Bloodforged Battle-Axe
Add To Stack: Ai(3)-Wyleth Voltron B3 triggered Bloodforged Battle-Axe
Add To Stack: Ai(2)-Wilhelt Zombies B3 triggered Wilhelt, the Rotcleaver
Resolve Stack: Whenever another Zombie you control dies, if it didn't have decayed, create a 2/2 black Zombie creature token with decayed. (It can't block. When it attacks, sacrifice it at end of combat.) [Zone Changer: Gray Merchant of Asphodel (116)]
Resolve Stack: Whenever equipped creature deals combat damage to a player, create a token that's a copy of Bloodforged Battle-Axe. [Damage Source: Wyleth, Soul of Steel (301), Damaged: Ai(2)-Wilhelt Zombies B3, Amount: 2]
Resolve Stack: Whenever equipped creature deals combat damage to a player, create a token that's a copy of Bloodforged Battle-Axe. [Damage Source: Wyleth, Soul of Steel (301), Damaged: Ai(2)-Wilhelt Zombies B3, Amount: 2]
Phase: Ai(3)-Wyleth Voltron B3's End of Combat Step
Phase: Ai(3)-Wyleth Voltron B3's Main phase, postcombat
Phase: Ai(3)-Wyleth Voltron B3's End step
Phase: Ai(3)-Wyleth Voltron B3's Cleanup step
Turn: Turn 20 (Ai(4)-Drana Vampires)
Phase: Ai(4)-Drana Vampires' Untap step
Phase: Ai(4)-Drana Vampires' Upkeep step
Phase: Ai(4)-Drana Vampires' Draw step
Phase: Ai(4)-Drana Vampires' Main phase, precombat
Land: Ai(4)-Drana Vampires played Swamp (392)
Phase: Ai(4)-Drana Vampires' Beginning of Combat Step
Phase: Ai(4)-Drana Vampires' Declare Attackers Step
Combat: Ai(4)-Drana Vampires assigned Child of Night (401) and Drana, Liberator of Malakir (402) to attack Ai(3)-Wyleth Voltron B3.
Phase: Ai(4)-Drana Vampires' Declare Blockers Step
Combat: Ai(3)-Wyleth Voltron B3 didn't block Child of Night (401).
Ai(3)-Wyleth Voltron B3 didn't block Drana, Liberator of Malakir (402).
Phase: Ai(4)-Drana Vampires' First Strike Damage Step
Damage: Drana, Liberator of Malakir (402) deals 2 combat damage to Ai(3)-Wyleth Voltron B3.
Life: Life: Ai(3)-Wyleth Voltron B3 29 > 27
Add To Stack: Ai(4)-Drana Vampires triggered Drana, Liberator of Malakir
Resolve Stack: Whenever Drana, Liberator of Malakir deals combat damage to a player, put a +1/+1 counter on each attacking creature you control. [Damage Source: Drana, Liberator of Malakir (402), Damaged: Ai(3)-Wyleth Voltron B3, Amount: 2]
Phase: Ai(4)-Drana Vampires' Combat Damage Step
Damage: Child of Night (401) deals 3 combat damage to Ai(3)-Wyleth Voltron B3.
Life: Life: Ai(4)-Drana Vampires 39 > 42
Life: Life: Ai(3)-Wyleth Voltron B3 27 > 24
Phase: Ai(4)-Drana Vampires' End of Combat Step
Phase: Ai(4)-Drana Vampires' Main phase, postcombat
Mana: Swamp (378) - {T}: Add {B}.
Mana: Swamp (359) - {T}: Add {B}.
Mana: Swamp (379) - {T}: Add {B}.
Mana: Swamp (356) - {T}: Add {B}.
Mana: Swamp (392) - {T}: Add {B}.
Add To Stack: Ai(4)-Drana Vampires cast Anowon, the Ruin Sage
Resolve Stack: Anowon, the Ruin Sage - Creature 4 / 3
Phase: Ai(4)-Drana Vampires' End step
Phase: Ai(4)-Drana Vampires' Cleanup step
Turn: Turn 21 (Ai(1)-Kilo Helm Final)
Phase: Ai(1)-Kilo Helm Final's Untap step
Phase: Ai(1)-Kilo Helm Final's Upkeep step
Phase: Ai(1)-Kilo Helm Final's Draw step
Phase: Ai(1)-Kilo Helm Final's Main phase, precombat
Phase: Ai(1)-Kilo Helm Final's Beginning of Combat Step
Phase: Ai(1)-Kilo Helm Final's Declare Attackers Step
Phase: Ai(1)-Kilo Helm Final's Declare Blockers Step
Phase: Ai(1)-Kilo Helm Final's First Strike Damage Step
Phase: Ai(1)-Kilo Helm Final's Combat Damage Step
Phase: Ai(1)-Kilo Helm Final's End of Combat Step
Phase: Ai(1)-Kilo Helm Final's Main phase, postcombat
Mana: Ancient Den (89) - {T}: Add {W}.
Mana: Razortide Bridge (21) - {T}: Add {W} or {U}.
Mana: Battlefield Forge (14) - {T}: Add {C}.
Add To Stack: Ai(1)-Kilo Helm Final cast Resourceful Defense
Resolve Stack: Resourceful Defense
Phase: Ai(1)-Kilo Helm Final's End step
Phase: Ai(1)-Kilo Helm Final's Cleanup step
Turn: Turn 22 (Ai(2)-Wilhelt Zombies B3)
Phase: Ai(2)-Wilhelt Zombies B3's Untap step
Phase: Ai(2)-Wilhelt Zombies B3's Upkeep step
Phase: Ai(2)-Wilhelt Zombies B3's Draw step
Phase: Ai(2)-Wilhelt Zombies B3's Main phase, precombat
Land: Ai(2)-Wilhelt Zombies B3 played Swamp (174)
Phase: Ai(2)-Wilhelt Zombies B3's Beginning of Combat Step
Phase: Ai(2)-Wilhelt Zombies B3's Declare Attackers Step
Phase: Ai(2)-Wilhelt Zombies B3's Declare Blockers Step
Phase: Ai(2)-Wilhelt Zombies B3's First Strike Damage Step
Phase: Ai(2)-Wilhelt Zombies B3's Combat Damage Step
Phase: Ai(2)-Wilhelt Zombies B3's End of Combat Step
Phase: Ai(2)-Wilhelt Zombies B3's Main phase, postcombat
Phase: Ai(2)-Wilhelt Zombies B3's End step
Add To Stack: Ai(2)-Wilhelt Zombies B3 triggered Wilhelt, the Rotcleaver
Resolve Stack: At the beginning of your end step, you may sacrifice a Zombie. If you do, draw a card. [Phase: Ai(2)-Wilhelt Zombies B3]
Phase: Ai(2)-Wilhelt Zombies B3's Cleanup step
Turn: Turn 23 (Ai(3)-Wyleth Voltron B3)
Phase: Ai(3)-Wyleth Voltron B3's Untap step
Phase: Ai(3)-Wyleth Voltron B3's Upkeep step
Mana: Plains (262) - {T}: Add {W}.
Mana: Mountain (280) - {T}: Add {R}.
Mana: Mountain (289) - {T}: Add {R}.
Add To Stack: Ai(3)-Wyleth Voltron B3 cast Generous Gift targeting [Anowon, the Ruin Sage (313)]
Zone Change: Anowon, the Ruin Sage (313) was put into Graveyard from Battlefield.
Resolve Stack: Generous Gift (245) - Destroy Anowon, the Ruin Sage (313). 
Phase: Ai(3)-Wyleth Voltron B3's Draw step
Phase: Ai(3)-Wyleth Voltron B3's Main phase, precombat
Land: Ai(3)-Wyleth Voltron B3 played Hanweir Battlements (243)
Mana: Plains (256) - {T}: Add {W}.
Mana: Temple of Triumph (275) - {T}: Add {R} or {W}.
Mana: Hanweir Battlements (243) - {T}: Add {C}.
Add To Stack: Ai(3)-Wyleth Voltron B3 cast Kemba, Kha Regent
Resolve Stack: Kemba, Kha Regent - Creature 2 / 4
Phase: Ai(3)-Wyleth Voltron B3's Beginning of Combat Step
Phase: Ai(3)-Wyleth Voltron B3's Declare Attackers Step
Mana: Swamp (186) - {T}: Add {B}.
Mana: Swamp (175) - {T}: Add {B}.
Mana: Island (139) - {T}: Add {U}.
Add To Stack: Ai(2)-Wilhelt Zombies B3 cast Hero's Downfall targeting [Drana, Liberator of Malakir (402)]
Zone Change: Drana, Liberator of Malakir (402) was put into Graveyard from Battlefield.
Resolve Stack: Hero's Downfall (168) - Destroy Drana, Liberator of Malakir (402).
Phase: Ai(3)-Wyleth Voltron B3's Declare Blockers Step
Phase: Ai(3)-Wyleth Voltron B3's First Strike Damage Step
Phase: Ai(3)-Wyleth Voltron B3's Combat Damage Step
Phase: Ai(3)-Wyleth Voltron B3's End of Combat Step
Phase: Ai(3)-Wyleth Voltron B3's Main phase, postcombat
Phase: Ai(3)-Wyleth Voltron B3's End step
Phase: Ai(3)-Wyleth Voltron B3's Cleanup step
Turn: Turn 24 (Ai(4)-Drana Vampires)
Phase: Ai(4)-Drana Vampires' Untap step
Phase: Ai(4)-Drana Vampires' Upkeep step
Phase: Ai(4)-Drana Vampires' Draw step
Phase: Ai(4)-Drana Vampires' Main phase, precombat
Phase: Ai(4)-Drana Vampires' Beginning of Combat Step
Phase: Ai(4)-Drana Vampires' Declare Attackers Step
Phase: Ai(4)-Drana Vampires' Declare Blockers Step
Phase: Ai(4)-Drana Vampires' First Strike Damage Step
Phase: Ai(4)-Drana Vampires' Combat Damage Step
Phase: Ai(4)-Drana Vampires' End of Combat Step
Phase: Ai(4)-Drana Vampires' Main phase, postcombat
Mana: Swamp (378) - {T}: Add {B}.
Mana: Swamp (359) - {T}: Add {B}.
Mana: Swamp (379) - {T}: Add {B}.
Mana: Swamp (356) - {T}: Add {B}.
Add To Stack: Ai(4)-Drana Vampires cast Diabolic Tutor
Resolve Stack: Diabolic Tutor (324) - Ai(4)-Drana Vampires searches their library for a card, reveals it, puts it into their hand, then shuffles.
Phase: Ai(4)-Drana Vampires' End step
Phase: Ai(4)-Drana Vampires' Cleanup step
Turn: Turn 25 (Ai(1)-Kilo Helm Final)
Phase: Ai(1)-Kilo Helm Final's Untap step
Phase: Ai(1)-Kilo Helm Final's Upkeep step
Phase: Ai(1)-Kilo Helm Final's Draw step
Phase: Ai(1)-Kilo Helm Final's Main phase, precombat
Phase: Ai(1)-Kilo Helm Final's Beginning of Combat Step
Phase: Ai(1)-Kilo Helm Final's Declare Attackers Step
Phase: Ai(1)-Kilo Helm Final's Declare Blockers Step
Phase: Ai(1)-Kilo Helm Final's First Strike Damage Step
Phase: Ai(1)-Kilo Helm Final's Combat Damage Step
Phase: Ai(1)-Kilo Helm Final's End of Combat Step
Phase: Ai(1)-Kilo Helm Final's Main phase, postcombat
Mana: Razortide Bridge (21) - {T}: Add {W} or {U}.
Mana: Ancient Den (89) - {T}: Add {W}.
Mana: Battlefield Forge (14) - {T}: Add {C}.
Add To Stack: Ai(1)-Kilo Helm Final cast Simulacrum Synthesizer
Resolve Stack: Simulacrum Synthesizer
Add To Stack: Ai(1)-Kilo Helm Final triggered Simulacrum Synthesizer
Resolve Stack: Ai(1)-Kilo Helm Final scried 1 card(s) to the top of the library and 1 card(s) to the bottom of the library
Resolve Stack: When Simulacrum Synthesizer enters, scry 2. (Look at the top two cards of your library, then put any number of them on the bottom of your library and the rest on top in any order.) [Zone Changer: Simulacrum Synthesizer (4)]
Phase: Ai(1)-Kilo Helm Final's End step
Phase: Ai(1)-Kilo Helm Final's Cleanup step
Turn: Turn 26 (Ai(2)-Wilhelt Zombies B3)
Phase: Ai(2)-Wilhelt Zombies B3's Untap step
Phase: Ai(2)-Wilhelt Zombies B3's Upkeep step
Phase: Ai(2)-Wilhelt Zombies B3's Draw step
Phase: Ai(2)-Wilhelt Zombies B3's Main phase, precombat
Phase: Ai(2)-Wilhelt Zombies B3's Beginning of Combat Step
Phase: Ai(2)-Wilhelt Zombies B3's Declare Attackers Step
Phase: Ai(2)-Wilhelt Zombies B3's Declare Blockers Step
Phase: Ai(2)-Wilhelt Zombies B3's First Strike Damage Step
Phase: Ai(2)-Wilhelt Zombies B3's Combat Damage Step
Phase: Ai(2)-Wilhelt Zombies B3's End of Combat Step
Phase: Ai(2)-Wilhelt Zombies B3's Main phase, postcombat
Mana: Swamp (186) - {T}: Add {B}.
Mana: Island (139) - {T}: Add {U}.
Mana: Island (150) - {T}: Add {U}.
Add To Stack: Ai(2)-Wilhelt Zombies B3 cast Rotting Regisaur
Resolve Stack: Rotting Regisaur - Creature 7 / 6
Phase: Ai(2)-Wilhelt Zombies B3's End step
Add To Stack: Ai(2)-Wilhelt Zombies B3 triggered Wilhelt, the Rotcleaver
Resolve Stack: At the beginning of your end step, you may sacrifice a Zombie. If you do, draw a card. [Phase: Ai(2)-Wilhelt Zombies B3]
Phase: Ai(2)-Wilhelt Zombies B3's Cleanup step
Turn: Turn 27 (Ai(3)-Wyleth Voltron B3)
Phase: Ai(3)-Wyleth Voltron B3's Untap step
Phase: Ai(3)-Wyleth Voltron B3's Upkeep step
Add To Stack: Ai(3)-Wyleth Voltron B3 triggered Kemba, Kha Regent
Resolve Stack: At the beginning of your upkeep, create a 2/2 white Cat creature token for each Equipment attached to Kemba, Kha Regent. [Phase: Ai(3)-Wyleth Voltron B3]
Phase: Ai(3)-Wyleth Voltron B3's Draw step
Phase: Ai(3)-Wyleth Voltron B3's Main phase, precombat
Land: Ai(3)-Wyleth Voltron B3 played Plains (263)
Mana: Mountain (280) - {T}: Add {R}.
Mana: Plains (262) - {T}: Add {W}.
Mana: Plains (256) - {T}: Add {W}.
Mana: Plains (263) - {T}: Add {W}.
Mana: Mountain (289) - {T}: Add {R}.
Add To Stack: Ai(3)-Wyleth Voltron B3 cast Wyleth, Soul of Steel
Resolve Stack: Wyleth, Soul of Steel - Creature 2 / 2
Mana: Temple of Triumph (275) - {T}: Add {R} or {W}.
Mana: Hanweir Battlements (243) - {T}: Add {C}.
Add To Stack: Ai(3)-Wyleth Voltron B3 activated Bloodforged Battle-Axe targeting [Kemba, Kha Regent (228)]
Resolve Stack: Bloodforged Battle-Axe (233) -  Attach to Kemba, Kha Regent (228)
Phase: Ai(3)-Wyleth Voltron B3's Beginning of Combat Step
Phase: Ai(3)-Wyleth Voltron B3's Declare Attackers Step
Phase: Ai(3)-Wyleth Voltron B3's Declare Blockers Step
Phase: Ai(3)-Wyleth Voltron B3's First Strike Damage Step
Phase: Ai(3)-Wyleth Voltron B3's Combat Damage Step
Phase: Ai(3)-Wyleth Voltron B3's End of Combat Step
Phase: Ai(3)-Wyleth Voltron B3's Main phase, postcombat
Phase: Ai(3)-Wyleth Voltron B3's End step
Phase: Ai(3)-Wyleth Voltron B3's Cleanup step
Turn: Turn 28 (Ai(4)-Drana Vampires)
Phase: Ai(4)-Drana Vampires' Untap step
Phase: Ai(4)-Drana Vampires' Upkeep step
Phase: Ai(4)-Drana Vampires' Draw step
Phase: Ai(4)-Drana Vampires' Main phase, precombat
Land: Ai(4)-Drana Vampires played Swamp (362)
Mana: Swamp (378) - {T}: Add {B}.
Mana: Swamp (359) - {T}: Add {B}.
Mana: Swamp (379) - {T}: Add {B}.
Mana: Swamp (356) - {T}: Add {B}.
Add To Stack: Ai(4)-Drana Vampires cast Erebos, God of the Dead
Resolve Stack: Erebos, God of the Dead - Creature 5 / 7
Mana: Swamp (392) - {T}: Add {B}.
Mana: Swamp (362) - {T}: Add {B}.
Add To Stack: Ai(4)-Drana Vampires cast Gifted Aetherborn
Resolve Stack: Gifted Aetherborn - Creature 2 / 3
Phase: Ai(4)-Drana Vampires' Beginning of Combat Step
Phase: Ai(4)-Drana Vampires' Declare Attackers Step
Phase: Ai(4)-Drana Vampires' Declare Blockers Step
Phase: Ai(4)-Drana Vampires' First Strike Damage Step
Phase: Ai(4)-Drana Vampires' Combat Damage Step
Phase: Ai(4)-Drana Vampires' End of Combat Step
Phase: Ai(4)-Drana Vampires' Main phase, postcombat
Phase: Ai(4)-Drana Vampires' End step
Phase: Ai(4)-Drana Vampires' Cleanup step
Turn: Turn 29 (Ai(1)-Kilo Helm Final)
Phase: Ai(1)-Kilo Helm Final's Untap step
Phase: Ai(1)-Kilo Helm Final's Upkeep step
Phase: Ai(1)-Kilo Helm Final's Draw step
Phase: Ai(1)-Kilo Helm Final's Main phase, precombat
Land: Ai(1)-Kilo Helm Final played Skycloud Expanse (82)
Phase: Ai(1)-Kilo Helm Final's Beginning of Combat Step
Phase: Ai(1)-Kilo Helm Final's Declare Attackers Step
Phase: Ai(1)-Kilo Helm Final's Declare Blockers Step
Phase: Ai(1)-Kilo Helm Final's First Strike Damage Step
Phase: Ai(1)-Kilo Helm Final's Combat Damage Step
Phase: Ai(1)-Kilo Helm Final's End of Combat Step
Phase: Ai(1)-Kilo Helm Final's Main phase, postcombat
Mana: Ancient Den (89) - {T}: Add {W}.
Mana: Razortide Bridge (21) - {T}: Add {W} or {U}.
Mana: Battlefield Forge (14) - {T}: Add {C}.
Add To Stack: Ai(1)-Kilo Helm Final cast Solar Array
Resolve Stack: Solar Array
Add To Stack: Ai(1)-Kilo Helm Final triggered Simulacrum Synthesizer
Resolve Stack: Whenever another artifact you control with mana value 3 or greater enters, create a 0/0 colorless Construct artifact creature token with "This creature gets +1/+1 for each artifact you control." [Zone Changer: Solar Array (43)]
Phase: Ai(1)-Kilo Helm Final's End step
Phase: Ai(1)-Kilo Helm Final's Cleanup step
Turn: Turn 30 (Ai(2)-Wilhelt Zombies B3)
Phase: Ai(2)-Wilhelt Zombies B3's Untap step
Phase: Ai(2)-Wilhelt Zombies B3's Upkeep step
Add To Stack: Ai(2)-Wilhelt Zombies B3 triggered Rotting Regisaur
Discard: Ai(2)-Wilhelt Zombies B3 discards Army of the Damned (133).
Resolve Stack: At the beginning of your upkeep, discard a card. [Phase: Ai(2)-Wilhelt Zombies B3]
Phase: Ai(2)-Wilhelt Zombies B3's Draw step
Phase: Ai(2)-Wilhelt Zombies B3's Main phase, precombat
Mana: Swamp (186) - {T}: Add {B}.
Mana: Swamp (175) - {T}: Add {B}.
Mana: Island (139) - {T}: Add {U}.
Mana: Island (150) - {T}: Add {U}.
Mana: Swamp (174) - {T}: Add {B}.
Add To Stack: Ai(2)-Wilhelt Zombies B3 cast Liliana's Mastery
Resolve Stack: Liliana's Mastery
Add To Stack: Ai(2)-Wilhelt Zombies B3 triggered Liliana's Mastery
Resolve Stack: When Liliana's Mastery enters, create two 2/2 black Zombie creature tokens. [Zone Changer: Liliana's Mastery (166)]
Phase: Ai(2)-Wilhelt Zombies B3's Beginning of Combat Step
Phase: Ai(2)-Wilhelt Zombies B3's Declare Attackers Step
Combat: Ai(2)-Wilhelt Zombies B3 assigned Rotting Regisaur (169) to attack Ai(1)-Kilo Helm Final.
Phase: Ai(2)-Wilhelt Zombies B3's Declare Blockers Step
Combat: Ai(1)-Kilo Helm Final didn't block Rotting Regisaur (169).
Phase: Ai(2)-Wilhelt Zombies B3's First Strike Damage Step
Phase: Ai(2)-Wilhelt Zombies B3's Combat Damage Step
Damage: Rotting Regisaur (169) deals 8 combat damage to Ai(1)-Kilo Helm Final.
Life: Life: Ai(1)-Kilo Helm Final 36 > 28
Phase: Ai(2)-Wilhelt Zombies B3's End of Combat Step
Phase: Ai(2)-Wilhelt Zombies B3's Main phase, postcombat
Phase: Ai(2)-Wilhelt Zombies B3's End step
Add To Stack: Ai(2)-Wilhelt Zombies B3 triggered Wilhelt, the Rotcleaver
Resolve Stack: At the beginning of your end step, you may sacrifice a Zombie. If you do, draw a card. [Phase: Ai(2)-Wilhelt Zombies B3]
Phase: Ai(2)-Wilhelt Zombies B3's Cleanup step
Turn: Turn 31 (Ai(3)-Wyleth Voltron B3)
Phase: Ai(3)-Wyleth Voltron B3's Untap step
Phase: Ai(3)-Wyleth Voltron B3's Upkeep step
Add To Stack: Ai(3)-Wyleth Voltron B3 triggered Kemba, Kha Regent
Resolve Stack: At the beginning of your upkeep, create a 2/2 white Cat creature token for each Equipment attached to Kemba, Kha Regent. [Phase: Ai(3)-Wyleth Voltron B3]
Phase: Ai(3)-Wyleth Voltron B3's Draw step
Phase: Ai(3)-Wyleth Voltron B3's Main phase, precombat
Land: Ai(3)-Wyleth Voltron B3 played Mountain (281)
Mana: Plains (262) - {T}: Add {W}.
Mana: Plains (256) - {T}: Add {W}.
Add To Stack: Ai(3)-Wyleth Voltron B3 activated Bloodforged Battle-Axe targeting [Kemba, Kha Regent (228)]
Resolve Stack: Bloodforged Battle-Axe (421) -  Attach to Kemba, Kha Regent (228)
Mana: Plains (263) - {T}: Add {W}.
Mana: Mountain (280) - {T}: Add {R}.
Add To Stack: Ai(3)-Wyleth Voltron B3 activated Bloodforged Battle-Axe targeting [Kemba, Kha Regent (228)]
Resolve Stack: Bloodforged Battle-Axe (431) -  Attach to Kemba, Kha Regent (228)
Mana: Mountain (289) - {T}: Add {R}.
Mana: Mountain (281) - {T}: Add {R}.
Add To Stack: Ai(3)-Wyleth Voltron B3 activated Bloodforged Battle-Axe targeting [Kemba, Kha Regent (228)]
Resolve Stack: Bloodforged Battle-Axe (433) -  Attach to Kemba, Kha Regent (228)
Phase: Ai(3)-Wyleth Voltron B3's Beginning of Combat Step
Phase: Ai(3)-Wyleth Voltron B3's Declare Attackers Step
Phase: Ai(3)-Wyleth Voltron B3's Declare Blockers Step
Phase: Ai(3)-Wyleth Voltron B3's First Strike Damage Step
Phase: Ai(3)-Wyleth Voltron B3's Combat Damage Step
Phase: Ai(3)-Wyleth Voltron B3's End of Combat Step
Phase: Ai(3)-Wyleth Voltron B3's Main phase, postcombat
Phase: Ai(3)-Wyleth Voltron B3's End step
Phase: Ai(3)-Wyleth Voltron B3's Cleanup step
Turn: Turn 32 (Ai(4)-Drana Vampires)
Phase: Ai(4)-Drana Vampires' Untap step
Phase: Ai(4)-Drana Vampires' Upkeep step
Mana: Swamp (378) - {T}: Add {B}.
Mana: Swamp (359) - {T}: Add {B}.
Life: Life: Ai(4)-Drana Vampires 42 > 40
Add To Stack: Ai(4)-Drana Vampires activated Erebos, God of the Dead
Resolve Stack: Erebos, God of the Dead (343) - Ai(4)-Drana Vampires draws a card.
Mana: Swamp (379) - {T}: Add {B}.
Mana: Swamp (356) - {T}: Add {B}.
Life: Life: Ai(4)-Drana Vampires 40 > 38
Add To Stack: Ai(4)-Drana Vampires activated Erebos, God of the Dead
Resolve Stack: Erebos, God of the Dead (343) - Ai(4)-Drana Vampires draws a card.
Mana: Swamp (392) - {T}: Add {B}.
Mana: Swamp (362) - {T}: Add {B}.
Life: Life: Ai(4)-Drana Vampires 38 > 36
Add To Stack: Ai(4)-Drana Vampires activated Erebos, God of the Dead
Resolve Stack: Erebos, God of the Dead (343) - Ai(4)-Drana Vampires draws a card.
Phase: Ai(4)-Drana Vampires' Draw step
Phase: Ai(4)-Drana Vampires' Main phase, precombat
Land: Ai(4)-Drana Vampires played Swamp (370)
Phase: Ai(4)-Drana Vampires' Beginning of Combat Step
Phase: Ai(4)-Drana Vampires' Declare Attackers Step
Phase: Ai(4)-Drana Vampires' Declare Blockers Step
Phase: Ai(4)-Drana Vampires' First Strike Damage Step
Phase: Ai(4)-Drana Vampires' Combat Damage Step
Phase: Ai(4)-Drana Vampires' End of Combat Step
Phase: Ai(4)-Drana Vampires' Main phase, postcombat
Phase: Ai(4)-Drana Vampires' End step
Phase: Ai(4)-Drana Vampires' Cleanup step
Turn: Turn 33 (Ai(1)-Kilo Helm Final)
Phase: Ai(1)-Kilo Helm Final's Untap step
Phase: Ai(1)-Kilo Helm Final's Upkeep step
Phase: Ai(1)-Kilo Helm Final's Draw step
Phase: Ai(1)-Kilo Helm Final's Main phase, precombat
Land: Ai(1)-Kilo Helm Final played Mountain (86)
Mana: Razortide Bridge (21) - {T}: Add {W} or {U}.
Mana: Mountain (86) - {T}: Add {R}.
Mana: Ancient Den (89) - {T}: Add {W}.
Mana: Battlefield Forge (14) - {T}: Add {C}.
Mana: Solar Array (43) - {T}: Add one mana of any color. When you next cast an artifact spell this turn, that spell gains sunburst. (If it's a creature, it enters with a +1/+1 counter on it for each color of mana spent to cast it. Otherwise, it enters with that many charge counters on it.) 
Add To Stack: Ai(1)-Kilo Helm Final cast Kilo, Apogee Mind
Add To Stack: Ai(1)-Kilo Helm Final triggered Solar Array (43)'s Effect
Resolve Stack: When you next cast an artifact spell this turn, that spell gains sunburst. (If it's a creature, it enters with a +1/+1 counter on it for each color of mana spent to cast it. Otherwise, it enters with that many charge counters on it.) [Card: Kilo, Apogee Mind (100), Activator: Ai(1)-Kilo Helm Final, SpellAbility: Kilo, Apogee Mind - Creature 3 / 3]
Replacement Effect: Sunburst (This enters with either a +1/+1 or charge counter on it for each color of mana spent to cast it based on whether it's a creature.)
Resolve Stack: Kilo, Apogee Mind - Creature 3 / 3
Add To Stack: Ai(1)-Kilo Helm Final triggered Simulacrum Synthesizer
Resolve Stack: Whenever another artifact you control with mana value 3 or greater enters, create a 0/0 colorless Construct artifact creature token with "This creature gets +1/+1 for each artifact you control." [Zone Changer: Kilo, Apogee Mind (100)]
Phase: Ai(1)-Kilo Helm Final's Beginning of Combat Step
Phase: Ai(1)-Kilo Helm Final's Declare Attackers Step
Combat: Ai(1)-Kilo Helm Final assigned Construct Token (448) to attack Ai(2)-Wilhelt Zombies B3.
Phase: Ai(1)-Kilo Helm Final's Declare Blockers Step
Combat: Ai(2)-Wilhelt Zombies B3 didn't block Construct Token (448).
Phase: Ai(1)-Kilo Helm Final's First Strike Damage Step
Phase: Ai(1)-Kilo Helm Final's Combat Damage Step
Damage: Construct Token (448) deals 8 combat damage to Ai(2)-Wilhelt Zombies B3.
Life: Life: Ai(2)-Wilhelt Zombies B3 43 > 35
Phase: Ai(1)-Kilo Helm Final's End of Combat Step
Phase: Ai(1)-Kilo Helm Final's Main phase, postcombat
Phase: Ai(1)-Kilo Helm Final's End step
Phase: Ai(1)-Kilo Helm Final's Cleanup step
Turn: Turn 34 (Ai(2)-Wilhelt Zombies B3)
Phase: Ai(2)-Wilhelt Zombies B3's Untap step
Phase: Ai(2)-Wilhelt Zombies B3's Upkeep step
Add To Stack: Ai(2)-Wilhelt Zombies B3 triggered Rotting Regisaur
Discard: Ai(2)-Wilhelt Zombies B3 discards Noxious Ghoul (170).
Resolve Stack: At the beginning of your upkeep, discard a card. [Phase: Ai(2)-Wilhelt Zombies B3]
Phase: Ai(2)-Wilhelt Zombies B3's Draw step
Phase: Ai(2)-Wilhelt Zombies B3's Main phase, precombat
Phase: Ai(2)-Wilhelt Zombies B3's Beginning of Combat Step
Phase: Ai(2)-Wilhelt Zombies B3's Declare Attackers Step
Phase: Ai(2)-Wilhelt Zombies B3's Declare Blockers Step
Phase: Ai(2)-Wilhelt Zombies B3's First Strike Damage Step
Phase: Ai(2)-Wilhelt Zombies B3's Combat Damage Step
Phase: Ai(2)-Wilhelt Zombies B3's End of Combat Step
Phase: Ai(2)-Wilhelt Zombies B3's Main phase, postcombat
Land: Ai(2)-Wilhelt Zombies B3 played Island (140)
Phase: Ai(2)-Wilhelt Zombies B3's End step
Add To Stack: Ai(2)-Wilhelt Zombies B3 triggered Wilhelt, the Rotcleaver
Resolve Stack: At the beginning of your end step, you may sacrifice a Zombie. If you do, draw a card. [Phase: Ai(2)-Wilhelt Zombies B3]
Phase: Ai(2)-Wilhelt Zombies B3's Cleanup step
Turn: Turn 35 (Ai(3)-Wyleth Voltron B3)
Phase: Ai(3)-Wyleth Voltron B3's Untap step
Phase: Ai(3)-Wyleth Voltron B3's Upkeep step
Add To Stack: Ai(3)-Wyleth Voltron B3 triggered Kemba, Kha Regent
Resolve Stack: At the beginning of your upkeep, create a 2/2 white Cat creature token for each Equipment attached to Kemba, Kha Regent. [Phase: Ai(3)-Wyleth Voltron B3]
Phase: Ai(3)-Wyleth Voltron B3's Draw step
Phase: Ai(3)-Wyleth Voltron B3's Main phase, precombat
Land: Ai(3)-Wyleth Voltron B3 played Plains (260)
Mana: Mountain (280) - {T}: Add {R}.
Mana: Mountain (289) - {T}: Add {R}.
Mana: Mountain (281) - {T}: Add {R}.
Add To Stack: Ai(3)-Wyleth Voltron B3 cast Sword of Hearth and Home
Resolve Stack: Sword of Hearth and Home
Mana: Plains (262) - {T}: Add {W}.
Mana: Plains (256) - {T}: Add {W}.
Add To Stack: Ai(3)-Wyleth Voltron B3 cast Puresteel Paladin
Resolve Stack: Puresteel Paladin - Creature 2 / 2
Add To Stack: Ai(3)-Wyleth Voltron B3 activated Sword of Hearth and Home targeting [Kemba, Kha Regent (228)]
Resolve Stack: Sword of Hearth and Home (294) -  Attach to Kemba, Kha Regent (228)
Phase: Ai(3)-Wyleth Voltron B3's Beginning of Combat Step
Phase: Ai(3)-Wyleth Voltron B3's Declare Attackers Step
Phase: Ai(3)-Wyleth Voltron B3's Declare Blockers Step
Phase: Ai(3)-Wyleth Voltron B3's First Strike Damage Step
Phase: Ai(3)-Wyleth Voltron B3's Combat Damage Step
Phase: Ai(3)-Wyleth Voltron B3's End of Combat Step
Phase: Ai(3)-Wyleth Voltron B3's Main phase, postcombat
Mana: Temple of Triumph (275) - {T}: Add {R} or {W}.
Mana: Plains (263) - {T}: Add {W}.
Mana: Plains (260) - {T}: Add {W}.
Add To Stack: Ai(3)-Wyleth Voltron B3 cast Wheel of Fortune
Discard: Ai(1)-Kilo Helm Final discards Thirst for Knowledge (91).
Discard: Ai(1)-Kilo Helm Final discards Phyrexian Metamorph (24).
Discard: Ai(1)-Kilo Helm Final discards Illustrious Wanderglyph (29).
Discard: Ai(1)-Kilo Helm Final discards Padeem, Consul of Innovation (1).
Discard: Ai(1)-Kilo Helm Final discards Dispatch (16).
Discard: Ai(1)-Kilo Helm Final discards Angel of the Ruins (5).
Discard: Ai(2)-Wilhelt Zombies B3 discards Ghoulcaller Gisa (195).
Discard: Ai(2)-Wilhelt Zombies B3 discards Village Rites (159).
Discard: Ai(3)-Wyleth Voltron B3 discards Mountain (284).
Discard: Ai(3)-Wyleth Voltron B3 discards Mountain (290).
Discard: Ai(4)-Drana Vampires discards Blood Artist (332).
Discard: Ai(4)-Drana Vampires discards Charcoal Diamond (341).
Discard: Ai(4)-Drana Vampires discards Swamp (388).
Discard: Ai(4)-Drana Vampires discards Swamp (389).
Discard: Ai(4)-Drana Vampires discards Ambition's Cost (400).
Resolve Stack: Wheel of Fortune (219) - Ai(3)-Wyleth Voltron B3, Ai(4)-Drana Vampires, Ai(1)-Kilo Helm Final and Ai(2)-Wilhelt Zombies B3 discard their hands. Ai(3)-Wyleth Voltron B3, Ai(4)-Drana Vampires, Ai(1)-Kilo Helm Final and Ai(2)-Wilhelt Zombies B3 each draw seven cards.
Phase: Ai(3)-Wyleth Voltron B3's End step
Phase: Ai(3)-Wyleth Voltron B3's Cleanup step
Turn: Turn 36 (Ai(4)-Drana Vampires)
Phase: Ai(4)-Drana Vampires' Untap step
Phase: Ai(4)-Drana Vampires' Upkeep step
Mana: Swamp (378) - {T}: Add {B}.
Mana: Swamp (359) - {T}: Add {B}.
Add To Stack: Ai(4)-Drana Vampires cast Doom Blade targeting [Kemba, Kha Regent (228)]
Mana: Swamp (186) - {T}: Add {B}.
Mana: Island (139) - {T}: Add {U}.
Add To Stack: Ai(2)-Wilhelt Zombies B3 cast Go for the Throat targeting [Kemba, Kha Regent (228)]
Mana: Swamp (379) - {T}: Add {B}.
Mana: Swamp (356) - {T}: Add {B}.
Life: Life: Ai(4)-Drana Vampires 36 > 34
Add To Stack: Ai(4)-Drana Vampires activated Erebos, God of the Dead
Resolve Stack: Erebos, God of the Dead (343) - Ai(4)-Drana Vampires draws a card.
Zone Change: Kemba, Kha Regent (228) was put into Graveyard from Battlefield.
Resolve Stack: Go for the Throat (155) - Destroy Kemba, Kha Regent (228).
Resolve Stack: Doom Blade ability fizzles.
Phase: Ai(4)-Drana Vampires' Draw step
Phase: Ai(4)-Drana Vampires' Main phase, precombat
Land: Ai(4)-Drana Vampires played Swamp (366)
Mana: Swamp (392) - {T}: Add {B}.
Mana: Swamp (362) - {T}: Add {B}.
Mana: Swamp (370) - {T}: Add {B}.
Mana: Swamp (366) - {T}: Add {B}.
Add To Stack: Ai(4)-Drana Vampires cast Crypt Ghast
Resolve Stack: Crypt Ghast - Creature 2 / 2
Phase: Ai(4)-Drana Vampires' Beginning of Combat Step
Phase: Ai(4)-Drana Vampires' Declare Attackers Step
Combat: Ai(4)-Drana Vampires assigned Erebos, God of the Dead (343), Elephant Token (438) and Gifted Aetherborn (316) to attack Ai(3)-Wyleth Voltron B3.
Phase: Ai(4)-Drana Vampires' Declare Blockers Step
Combat: Ai(3)-Wyleth Voltron B3 didn't block Erebos, God of the Dead (343).
Ai(3)-Wyleth Voltron B3 assigned Cat Token (471) and Wyleth, Soul of Steel (301) to block Elephant Token (438).
Ai(3)-Wyleth Voltron B3 didn't block Gifted Aetherborn (316).
Phase: Ai(4)-Drana Vampires' First Strike Damage Step
Phase: Ai(4)-Drana Vampires' Combat Damage Step
Damage: Erebos, God of the Dead (343) deals 5 combat damage to Ai(3)-Wyleth Voltron B3.
Damage: Elephant Token (438) deals 1 damage to Cat Token (471).
Damage: Elephant Token (438) deals 2 damage to Wyleth, Soul of Steel (301).
Damage: Gifted Aetherborn (316) deals 2 combat damage to Ai(3)-Wyleth Voltron B3.
Life: Life: Ai(4)-Drana Vampires 34 > 36
Damage: Cat Token (471) deals 2 damage to Elephant Token (438).
Damage: Wyleth, Soul of Steel (301) deals 2 damage to Elephant Token (438).
Life: Life: Ai(3)-Wyleth Voltron B3 24 > 17
Zone Change: Elephant Token (438) was put into Graveyard from Battlefield.
Zone Change: Wyleth, Soul of Steel (301) was put into Graveyard from Battlefield.
Phase: Ai(4)-Drana Vampires' End of Combat Step
Phase: Ai(4)-Drana Vampires' Main phase, postcombat
Phase: Ai(4)-Drana Vampires' End step
Phase: Ai(4)-Drana Vampires' Cleanup step
Turn: Turn 37 (Ai(1)-Kilo Helm Final)
Phase: Ai(1)-Kilo Helm Final's Untap step
Phase: Ai(1)-Kilo Helm Final's Upkeep step
Phase: Ai(1)-Kilo Helm Final's Draw step
Phase: Ai(1)-Kilo Helm Final's Main phase, precombat
Land: Ai(1)-Kilo Helm Final played Great Furnace (96)
Phase: Ai(1)-Kilo Helm Final's Beginning of Combat Step
Phase: Ai(1)-Kilo Helm Final's Declare Attackers Step
Combat: Ai(1)-Kilo Helm Final assigned Construct Token (448), Construct Token (464) and Kilo, Apogee Mind (100) to attack Ai(3)-Wyleth Voltron B3.
Add To Stack: Ai(1)-Kilo Helm Final triggered Kilo, Apogee Mind
Resolve Stack: Whenever Kilo becomes tapped, proliferate. (Choose any number of permanents and/or players, then give each another counter of each kind already there.) [Tapped: Kilo, Apogee Mind (100)]
Phase: Ai(1)-Kilo Helm Final's Declare Blockers Step
Combat: Ai(3)-Wyleth Voltron B3 assigned Cat Token (460) to block Construct Token (448).
Ai(3)-Wyleth Voltron B3 assigned Cat Token (470) to block Construct Token (464).
Ai(3)-Wyleth Voltron B3 didn't block Kilo, Apogee Mind (100).
Phase: Ai(1)-Kilo Helm Final's First Strike Damage Step
Phase: Ai(1)-Kilo Helm Final's Combat Damage Step
Damage: Construct Token (448) deals 9 damage to Cat Token (460).
Damage: Construct Token (464) deals 9 damage to Cat Token (470).
Damage: Kilo, Apogee Mind (100) deals 7 combat damage to Ai(3)-Wyleth Voltron B3.
Damage: Cat Token (460) deals 2 damage to Construct Token (448).
Damage: Cat Token (470) deals 2 damage to Construct Token (464).
Life: Life: Ai(3)-Wyleth Voltron B3 17 > 10
Zone Change: Cat Token (460) was put into Graveyard from Battlefield.
Zone Change: Cat Token (470) was put into Graveyard from Battlefield.
Phase: Ai(1)-Kilo Helm Final's End of Combat Step
Phase: Ai(1)-Kilo Helm Final's Main phase, postcombat
Mana: Razortide Bridge (21) - {T}: Add {W} or {U}.
Mana: Solar Array (43) - {T}: Add one mana of any color. When you next cast an artifact spell this turn, that spell gains sunburst. (If it's a creature, it enters with a +1/+1 counter on it for each color of mana spent to cast it. Otherwise, it enters with that many charge counters on it.) 
Mana: Mountain (86) - {T}: Add {R}.
Mana: Great Furnace (96) - {T}: Add {R}.
Add To Stack: Ai(1)-Kilo Helm Final cast Tekuthal, Inquiry Dominus
Resolve Stack: Tekuthal, Inquiry Dominus - Creature 3 / 5
Phase: Ai(1)-Kilo Helm Final's End step
Mana: Ancient Den (89) - {T}: Add {W}.
Add To Stack: Ai(1)-Kilo Helm Final cast Enlightened Tutor
Resolve Stack: Enlightened Tutor (66) - Ai(1)-Kilo Helm Final searches their library for an artifact or enchantment card, reveals it, puts it , then shuffles.
Phase: Ai(1)-Kilo Helm Final's Cleanup step
Turn: Turn 38 (Ai(2)-Wilhelt Zombies B3)
Phase: Ai(2)-Wilhelt Zombies B3's Untap step
Phase: Ai(2)-Wilhelt Zombies B3's Upkeep step
Add To Stack: Ai(2)-Wilhelt Zombies B3 triggered Rotting Regisaur
Discard: Ai(2)-Wilhelt Zombies B3 discards Island (141).
Resolve Stack: At the beginning of your upkeep, discard a card. [Phase: Ai(2)-Wilhelt Zombies B3]
Phase: Ai(2)-Wilhelt Zombies B3's Draw step
Phase: Ai(2)-Wilhelt Zombies B3's Main phase, precombat
Land: Ai(2)-Wilhelt Zombies B3 played Swamp (191)
Mana: Swamp (186) - {T}: Add {B}.
Add To Stack: Ai(2)-Wilhelt Zombies B3 cast Cryptbreaker
Resolve Stack: Cryptbreaker - Creature 1 / 1
Mana: Swamp (175) - {T}: Add {B}.
Mana: Island (139) - {T}: Add {U}.
Add To Stack: Ai(2)-Wilhelt Zombies B3 cast Shepherd of Rot
Resolve Stack: Shepherd of Rot - Creature 1 / 1
Phase: Ai(2)-Wilhelt Zombies B3's Beginning of Combat Step
Phase: Ai(2)-Wilhelt Zombies B3's Declare Attackers Step
Combat: Ai(2)-Wilhelt Zombies B3 assigned Rotting Regisaur (169) to attack Ai(1)-Kilo Helm Final.
Phase: Ai(2)-Wilhelt Zombies B3's Declare Blockers Step
Combat: Ai(1)-Kilo Helm Final didn't block Rotting Regisaur (169).
Phase: Ai(2)-Wilhelt Zombies B3's First Strike Damage Step
Phase: Ai(2)-Wilhelt Zombies B3's Combat Damage Step
Damage: Rotting Regisaur (169) deals 8 combat damage to Ai(1)-Kilo Helm Final.
Life: Life: Ai(1)-Kilo Helm Final 28 > 20
Phase: Ai(2)-Wilhelt Zombies B3's End of Combat Step
Phase: Ai(2)-Wilhelt Zombies B3's Main phase, postcombat
Mana: Swamp (174) - {T}: Add {B}.
Mana: Island (150) - {T}: Add {U}.
Add To Stack: Ai(2)-Wilhelt Zombies B3 cast Doomed Dissenter
Resolve Stack: Doomed Dissenter - Creature 1 / 1
Mana: Island (140) - {T}: Add {U}.
Mana: Swamp (191) - {T}: Add {B}.
Add To Stack: Ai(2)-Wilhelt Zombies B3 cast Charcoal Diamond
Replacement Effect: Charcoal Diamond enters tapped.
Resolve Stack: Charcoal Diamond
Phase: Ai(2)-Wilhelt Zombies B3's End step
Add To Stack: Ai(2)-Wilhelt Zombies B3 triggered Wilhelt, the Rotcleaver
Resolve Stack: At the beginning of your end step, you may sacrifice a Zombie. If you do, draw a card. [Phase: Ai(2)-Wilhelt Zombies B3]
Phase: Ai(2)-Wilhelt Zombies B3's Cleanup step
Turn: Turn 39 (Ai(3)-Wyleth Voltron B3)
Phase: Ai(3)-Wyleth Voltron B3's Untap step
Phase: Ai(3)-Wyleth Voltron B3's Upkeep step
Phase: Ai(3)-Wyleth Voltron B3's Draw step
Phase: Ai(3)-Wyleth Voltron B3's Main phase, precombat
Land: Ai(3)-Wyleth Voltron B3 played Plains (255)
Add To Stack: Ai(3)-Wyleth Voltron B3 activated Bloodforged Battle-Axe targeting [Puresteel Paladin (227)]
Resolve Stack: Bloodforged Battle-Axe (233) -  Attach to Puresteel Paladin (227)
Add To Stack: Ai(3)-Wyleth Voltron B3 activated Bloodforged Battle-Axe targeting [Puresteel Paladin (227)]
Resolve Stack: Bloodforged Battle-Axe (421) -  Attach to Puresteel Paladin (227)
Add To Stack: Ai(3)-Wyleth Voltron B3 activated Bloodforged Battle-Axe targeting [Puresteel Paladin (227)]
Resolve Stack: Bloodforged Battle-Axe (431) -  Attach to Puresteel Paladin (227)
Add To Stack: Ai(3)-Wyleth Voltron B3 activated Bloodforged Battle-Axe targeting [Puresteel Paladin (227)]
Resolve Stack: Bloodforged Battle-Axe (433) -  Attach to Puresteel Paladin (227)
Add To Stack: Ai(3)-Wyleth Voltron B3 activated Sword of Hearth and Home targeting [Puresteel Paladin (227)]
Resolve Stack: Sword of Hearth and Home (294) -  Attach to Puresteel Paladin (227)
Mana: Plains (262) - {T}: Add {W}.
Mana: Mountain (280) - {T}: Add {R}.
Mana: Mountain (289) - {T}: Add {R}.
Add To Stack: Ai(3)-Wyleth Voltron B3 cast Danitha Capashen, Paragon
Resolve Stack: Danitha Capashen, Paragon - Creature 2 / 2
Mana: Mountain (281) - {T}: Add {R}.
Mana: Plains (256) - {T}: Add {W}.
Mana: Plains (263) - {T}: Add {W}.
Mana: Plains (260) - {T}: Add {W}.
Mana: Plains (255) - {T}: Add {W}.
Mana: Temple of Triumph (275) - {T}: Add {R} or {W}.
Mana: Hanweir Battlements (243) - {T}: Add {C}.
Add To Stack: Ai(3)-Wyleth Voltron B3 cast Wyleth, Soul of Steel
Resolve Stack: Wyleth, Soul of Steel - Creature 2 / 2
Phase: Ai(3)-Wyleth Voltron B3's Beginning of Combat Step
Phase: Ai(3)-Wyleth Voltron B3's Declare Attackers Step
Phase: Ai(3)-Wyleth Voltron B3's Declare Blockers Step
Phase: Ai(3)-Wyleth Voltron B3's First Strike Damage Step
Phase: Ai(3)-Wyleth Voltron B3's Combat Damage Step
Phase: Ai(3)-Wyleth Voltron B3's End of Combat Step
Phase: Ai(3)-Wyleth Voltron B3's Main phase, postcombat
Phase: Ai(3)-Wyleth Voltron B3's End step
Phase: Ai(3)-Wyleth Voltron B3's Cleanup step
Turn: Turn 40 (Ai(4)-Drana Vampires)
Phase: Ai(4)-Drana Vampires' Untap step
Phase: Ai(4)-Drana Vampires' Upkeep step
Mana: Swamp (378) - {T}: Add {B}.
Life: Life: Ai(4)-Drana Vampires 36 > 34
Add To Stack: Ai(4)-Drana Vampires activated Erebos, God of the Dead
Resolve Stack: Erebos, God of the Dead (343) - Ai(4)-Drana Vampires draws a card.
Phase: Ai(4)-Drana Vampires' Draw step
Phase: Ai(4)-Drana Vampires' Main phase, precombat
Land: Ai(4)-Drana Vampires played Swamp (387)
Mana: Swamp (359) - {T}: Add {B}.
Mana: Swamp (379) - {T}: Add {B}.
Mana: Swamp (356) - {T}: Add {B}.
Add To Stack: Ai(4)-Drana Vampires cast Black Market
Add To Stack: Ai(4)-Drana Vampires triggered Crypt Ghast
Life: Life: Ai(1)-Kilo Helm Final 20 > 19
Life: Life: Ai(2)-Wilhelt Zombies B3 35 > 34
Life: Life: Ai(3)-Wyleth Voltron B3 10 > 9
Life: Life: Ai(4)-Drana Vampires 34 > 37
Resolve Stack: Extort (Whenever you cast a spell, you may pay {W/B}. If you do, each opponent loses 1 life and you gain that much life.) [Card: Black Market (315), Activator: Ai(4)-Drana Vampires, SpellAbility: Black Market]
Resolve Stack: Black Market
Mana: Swamp (392) - {T}: Add {B}.
Mana: Swamp (362) - {T}: Add {B}.
Mana: Swamp (370) - {T}: Add {B}.
Add To Stack: Ai(4)-Drana Vampires cast Drana, Liberator of Malakir
Add To Stack: Ai(4)-Drana Vampires triggered Crypt Ghast
Life: Life: Ai(1)-Kilo Helm Final 19 > 18
Life: Life: Ai(2)-Wilhelt Zombies B3 34 > 33
Life: Life: Ai(3)-Wyleth Voltron B3 9 > 8
Life: Life: Ai(4)-Drana Vampires 37 > 40
Resolve Stack: Extort (Whenever you cast a spell, you may pay {W/B}. If you do, each opponent loses 1 life and you gain that much life.) [Card: Drana, Liberator of Malakir (402), Activator: Ai(4)-Drana Vampires, SpellAbility: Drana, Liberator of Malakir - Creature 2 / 3]
Resolve Stack: Drana, Liberator of Malakir - Creature 2 / 3
Mana: Swamp (366) - {T}: Add {B}.
Mana: Swamp (387) - {T}: Add {B}.
Add To Stack: Ai(4)-Drana Vampires cast Captivating Vampire
Add To Stack: Ai(4)-Drana Vampires triggered Crypt Ghast
Life: Life: Ai(1)-Kilo Helm Final 18 > 17
Life: Life: Ai(2)-Wilhelt Zombies B3 33 > 32
Life: Life: Ai(3)-Wyleth Voltron B3 8 > 7
Life: Life: Ai(4)-Drana Vampires 40 > 43
Resolve Stack: Extort (Whenever you cast a spell, you may pay {W/B}. If you do, each opponent loses 1 life and you gain that much life.) [Card: Captivating Vampire (331), Activator: Ai(4)-Drana Vampires, SpellAbility: Captivating Vampire - Creature 2 / 2]
Resolve Stack: Captivating Vampire - Creature 2 / 2
Phase: Ai(4)-Drana Vampires' Beginning of Combat Step
Phase: Ai(4)-Drana Vampires' Declare Attackers Step
Combat: Ai(4)-Drana Vampires assigned Erebos, God of the Dead (343) and Gifted Aetherborn (316) to attack Ai(1)-Kilo Helm Final.
Phase: Ai(4)-Drana Vampires' Declare Blockers Step
Combat: Ai(1)-Kilo Helm Final didn't block Erebos, God of the Dead (343).
Ai(1)-Kilo Helm Final didn't block Gifted Aetherborn (316).
Phase: Ai(4)-Drana Vampires' First Strike Damage Step
Phase: Ai(4)-Drana Vampires' Combat Damage Step
Damage: Erebos, God of the Dead (343) deals 5 combat damage to Ai(1)-Kilo Helm Final.
Damage: Gifted Aetherborn (316) deals 3 combat damage to Ai(1)-Kilo Helm Final.
Life: Life: Ai(4)-Drana Vampires 43 > 46
Life: Life: Ai(1)-Kilo Helm Final 17 > 9
Phase: Ai(4)-Drana Vampires' End of Combat Step
Phase: Ai(4)-Drana Vampires' Main phase, postcombat
Phase: Ai(4)-Drana Vampires' End step
Phase: Ai(4)-Drana Vampires' Cleanup step
Turn: Turn 41 (Ai(1)-Kilo Helm Final)
Phase: Ai(1)-Kilo Helm Final's Untap step
Phase: Ai(1)-Kilo Helm Final's Upkeep step
Phase: Ai(1)-Kilo Helm Final's Draw step
Phase: Ai(1)-Kilo Helm Final's Main phase, precombat
Replacement Effect: This land enters tapped.
Land: Ai(1)-Kilo Helm Final played Uthros, Titanic Godcore (38)
Phase: Ai(1)-Kilo Helm Final's Beginning of Combat Step
Phase: Ai(1)-Kilo Helm Final's Declare Attackers Step
Phase: Ai(1)-Kilo Helm Final's Declare Blockers Step
Phase: Ai(1)-Kilo Helm Final's First Strike Damage Step
Phase: Ai(1)-Kilo Helm Final's Combat Damage Step
Phase: Ai(1)-Kilo Helm Final's End of Combat Step
Phase: Ai(1)-Kilo Helm Final's Main phase, postcombat
Mana: Razortide Bridge (21) - {T}: Add {W} or {U}.
Mana: Mountain (86) - {T}: Add {R}.
Mana: Great Furnace (96) - {T}: Add {R}.
Mana: Ancient Den (89) - {T}: Add {W}.
Add To Stack: Ai(1)-Kilo Helm Final cast Kappa Cannoneer
Resolve Stack: Kappa Cannoneer - Creature 4 / 4
Add To Stack: Ai(1)-Kilo Helm Final triggered Kappa Cannoneer
Add To Stack: Ai(1)-Kilo Helm Final triggered Simulacrum Synthesizer
Resolve Stack: Whenever another artifact you control with mana value 3 or greater enters, create a 0/0 colorless Construct artifact creature token with "This creature gets +1/+1 for each artifact you control." [Zone Changer: Kappa Cannoneer (98)]
Add To Stack: Ai(1)-Kilo Helm Final triggered Kappa Cannoneer
Resolve Stack: Whenever an artifact you control enters, put a +1/+1 counter on Kappa Cannoneer and it can't be blocked this turn. [Zone Changer: Construct Token (486)]
Resolve Stack: Whenever an artifact you control enters, put a +1/+1 counter on Kappa Cannoneer and it can't be blocked this turn. [Zone Changer: Kappa Cannoneer (98)]
Mana: Battlefield Forge (14) - {T}: Add {C}.
Add To Stack: Ai(1)-Kilo Helm Final cast Sol Ring
Resolve Stack: Sol Ring
Add To Stack: Ai(1)-Kilo Helm Final triggered Kappa Cannoneer
Resolve Stack: Whenever an artifact you control enters, put a +1/+1 counter on Kappa Cannoneer and it can't be blocked this turn. [Zone Changer: Sol Ring (8)]
Mana: Sol Ring (8) - {T}: Add {C}{C}.
Mana: Solar Array (43) - {T}: Add one mana of any color. When you next cast an artifact spell this turn, that spell gains sunburst. (If it's a creature, it enters with a +1/+1 counter on it for each color of mana spent to cast it. Otherwise, it enters with that many charge counters on it.) 
Add To Stack: Ai(1)-Kilo Helm Final cast Foundry Inspector
Add To Stack: Ai(1)-Kilo Helm Final triggered Solar Array (43)'s Effect
Resolve Stack: When you next cast an artifact spell this turn, that spell gains sunburst. (If it's a creature, it enters with a +1/+1 counter on it for each color of mana spent to cast it. Otherwise, it enters with that many charge counters on it.) [Card: Foundry Inspector (35), Activator: Ai(1)-Kilo Helm Final, SpellAbility: Foundry Inspector - Creature 3 / 2]
Replacement Effect: Sunburst (This enters with either a +1/+1 or charge counter on it for each color of mana spent to cast it based on whether it's a creature.)
Resolve Stack: Foundry Inspector - Creature 3 / 2
Add To Stack: Ai(1)-Kilo Helm Final triggered Kappa Cannoneer
Add To Stack: Ai(1)-Kilo Helm Final triggered Simulacrum Synthesizer
Resolve Stack: Whenever another artifact you control with mana value 3 or greater enters, create a 0/0 colorless Construct artifact creature token with "This creature gets +1/+1 for each artifact you control." [Zone Changer: Foundry Inspector (35)]
Add To Stack: Ai(1)-Kilo Helm Final triggered Kappa Cannoneer
Resolve Stack: Whenever an artifact you control enters, put a +1/+1 counter on Kappa Cannoneer and it can't be blocked this turn. [Zone Changer: Construct Token (493)]
Resolve Stack: Whenever an artifact you control enters, put a +1/+1 counter on Kappa Cannoneer and it can't be blocked this turn. [Zone Changer: Foundry Inspector (35)]
Phase: Ai(1)-Kilo Helm Final's End step
Add To Stack: Ai(2)-Wilhelt Zombies B3 activated Cryptbreaker
Life: Life: Ai(2)-Wilhelt Zombies B3 32 > 31
Resolve Stack: Cryptbreaker (196) - Ai(2)-Wilhelt Zombies B3 draws a card. Ai(2)-Wilhelt Zombies B3 loses 1 life.
Add To Stack: Ai(2)-Wilhelt Zombies B3 activated Cryptbreaker
Life: Life: Ai(2)-Wilhelt Zombies B3 31 > 30
Resolve Stack: Cryptbreaker (196) - Ai(2)-Wilhelt Zombies B3 draws a card. Ai(2)-Wilhelt Zombies B3 loses 1 life.
Phase: Ai(1)-Kilo Helm Final's Cleanup step
Turn: Turn 42 (Ai(2)-Wilhelt Zombies B3)
Phase: Ai(2)-Wilhelt Zombies B3's Untap step
Phase: Ai(2)-Wilhelt Zombies B3's Upkeep step
Add To Stack: Ai(2)-Wilhelt Zombies B3 triggered Rotting Regisaur
Discard: Ai(2)-Wilhelt Zombies B3 discards Gravecrawler (128).
Resolve Stack: At the beginning of your upkeep, discard a card. [Phase: Ai(2)-Wilhelt Zombies B3]
Add To Stack: Ai(2)-Wilhelt Zombies B3 activated Shepherd of Rot
Life: Life: Ai(2)-Wilhelt Zombies B3 30 > 23
Life: Life: Ai(3)-Wyleth Voltron B3 7 > 0
Life: Life: Ai(4)-Drana Vampires 46 > 39
Life: Life: Ai(1)-Kilo Helm Final 9 > 2
Resolve Stack: Shepherd of Rot (129) - Ai(2)-Wilhelt Zombies B3, Ai(3)-Wyleth Voltron B3, Ai(4)-Drana Vampires and Ai(1)-Kilo Helm Final each lose 7 life.
Phase: Ai(2)-Wilhelt Zombies B3's Draw step
Phase: Ai(2)-Wilhelt Zombies B3's Main phase, precombat
Land: Ai(2)-Wilhelt Zombies B3 played Island (142)
Mana: Swamp (186) - {T}: Add {B}.
Add To Stack: Ai(2)-Wilhelt Zombies B3 cast Gravecrawler
Resolve Stack: Gravecrawler - Creature 2 / 1
Phase: Ai(2)-Wilhelt Zombies B3's Beginning of Combat Step
Phase: Ai(2)-Wilhelt Zombies B3's Declare Attackers Step
Phase: Ai(2)-Wilhelt Zombies B3's Declare Blockers Step
Phase: Ai(2)-Wilhelt Zombies B3's First Strike Damage Step
Phase: Ai(2)-Wilhelt Zombies B3's Combat Damage Step
Phase: Ai(2)-Wilhelt Zombies B3's End of Combat Step
Phase: Ai(2)-Wilhelt Zombies B3's Main phase, postcombat
Phase: Ai(2)-Wilhelt Zombies B3's End step
Add To Stack: Ai(2)-Wilhelt Zombies B3 triggered Wilhelt, the Rotcleaver
Zone Change: Gravecrawler (128) was put into Graveyard from Battlefield.
Resolve Stack: At the beginning of your end step, you may sacrifice a Zombie. If you do, draw a card. [Phase: Ai(2)-Wilhelt Zombies B3]
Add To Stack: Ai(2)-Wilhelt Zombies B3 triggered Wilhelt, the Rotcleaver
Add To Stack: Ai(4)-Drana Vampires triggered Black Market
Resolve Stack: Whenever a creature dies, put a charge counter on Black Market. [Zone Changer: Gravecrawler (128)]
Resolve Stack: Whenever another Zombie you control dies, if it didn't have decayed, create a 2/2 black Zombie creature token with decayed. (It can't block. When it attacks, sacrifice it at end of combat.) [Zone Changer: Gravecrawler (128)]
Phase: Ai(2)-Wilhelt Zombies B3's Cleanup step
Turn: Turn 43 (Ai(4)-Drana Vampires)
Phase: Ai(4)-Drana Vampires' Untap step
Phase: Ai(4)-Drana Vampires' Upkeep step
Mana: Swamp (378) - {T}: Add {B}.
Life: Life: Ai(4)-Drana Vampires 39 > 37
Add To Stack: Ai(4)-Drana Vampires activated Erebos, God of the Dead
Resolve Stack: Erebos, God of the Dead (343) - Ai(4)-Drana Vampires draws a card.
Mana: Swamp (359) - {T}: Add {B}.
Life: Life: Ai(4)-Drana Vampires 37 > 35
Add To Stack: Ai(4)-Drana Vampires activated Erebos, God of the Dead
Resolve Stack: Erebos, God of the Dead (343) - Ai(4)-Drana Vampires draws a card.
Phase: Ai(4)-Drana Vampires' Draw step
Phase: Ai(4)-Drana Vampires' Main phase, precombat
Add To Stack: Ai(4)-Drana Vampires triggered Black Market
Resolve Stack: At the beginning of your first main phase, add {B} for each charge counter on Black Market. [Phase: Ai(4)-Drana Vampires]
Land: Ai(4)-Drana Vampires played Swamp (377)
Mana: Swamp (379) - {T}: Add {B}.
Mana: Swamp (356) - {T}: Add {B}.
Add To Stack: Ai(4)-Drana Vampires cast Gray Merchant of Asphodel
Add To Stack: Ai(4)-Drana Vampires triggered Crypt Ghast
Mana: Swamp (392) - {T}: Add {B}.
Life: Life: Ai(1)-Kilo Helm Final 2 > 1
Life: Life: Ai(2)-Wilhelt Zombies B3 23 > 22
Life: Life: Ai(4)-Drana Vampires 35 > 37
Resolve Stack: Extort (Whenever you cast a spell, you may pay {W/B}. If you do, each opponent loses 1 life and you gain that much life.) [Card: Gray Merchant of Asphodel (314), Activator: Ai(4)-Drana Vampires, SpellAbility: Gray Merchant of Asphodel - Creature 2 / 4]
Resolve Stack: Gray Merchant of Asphodel - Creature 2 / 4
Add To Stack: Ai(4)-Drana Vampires triggered Gray Merchant of Asphodel
Life: Life: Ai(1)-Kilo Helm Final 1 > -12
Life: Life: Ai(2)-Wilhelt Zombies B3 22 > 9
Life: Life: Ai(4)-Drana Vampires 37 > 63
Resolve Stack: When Gray Merchant of Asphodel enters, each opponent loses X life, where X is your devotion to black. You gain life equal to the life lost this way. [Zone Changer: Gray Merchant of Asphodel (314)]
Mana: Swamp (362) - {T}: Add {B}.
Add To Stack: Ai(4)-Drana Vampires cast Blood Seeker
Add To Stack: Ai(4)-Drana Vampires triggered Crypt Ghast
Life: Life: Ai(2)-Wilhelt Zombies B3 9 > 8
Life: Life: Ai(4)-Drana Vampires 63 > 64
Resolve Stack: Extort (Whenever you cast a spell, you may pay {W/B}. If you do, each opponent loses 1 life and you gain that much life.) [Card: Blood Seeker (305), Activator: Ai(4)-Drana Vampires, SpellAbility: Blood Seeker - Creature 1 / 1]
Resolve Stack: Blood Seeker - Creature 1 / 1
Add To Stack: Ai(4)-Drana Vampires activated Captivating Vampire targeting [Rotting Regisaur (169)]
Resolve Stack: Captivating Vampire (331) - Ai(4)-Drana Vampires gains control of Rotting Regisaur (169). Rotting Regisaur (169) becomes a Vampire .
Mana: Swamp (370) - {T}: Add {B}.
Mana: Swamp (366) - {T}: Add {B}.
Add To Stack: Ai(4)-Drana Vampires cast Underworld Connections targeting [Swamp (370)]
Add To Stack: Ai(4)-Drana Vampires triggered Crypt Ghast
Life: Life: Ai(2)-Wilhelt Zombies B3 8 > 7
Life: Life: Ai(4)-Drana Vampires 64 > 65
Resolve Stack: Extort (Whenever you cast a spell, you may pay {W/B}. If you do, each opponent loses 1 life and you gain that much life.) [Card: Underworld Connections (349), Activator: Ai(4)-Drana Vampires, SpellAbility: Underworld Connections]
Resolve Stack: Underworld Connections (349) -  Attach to Swamp (370)
Mana: Swamp (387) - {T}: Add {B}.
Life: Life: Ai(4)-Drana Vampires 65 > 63
Add To Stack: Ai(4)-Drana Vampires activated Erebos, God of the Dead
Resolve Stack: Erebos, God of the Dead (343) - Ai(4)-Drana Vampires draws a card.
Mana: Swamp (377) - {T}: Add {B}.
Life: Life: Ai(4)-Drana Vampires 63 > 61
Add To Stack: Ai(4)-Drana Vampires activated Erebos, God of the Dead
Resolve Stack: Erebos, God of the Dead (343) - Ai(4)-Drana Vampires draws a card.
Phase: Ai(4)-Drana Vampires' Beginning of Combat Step
Phase: Ai(4)-Drana Vampires' Declare Attackers Step
Combat: Ai(4)-Drana Vampires assigned Erebos, God of the Dead (343) to attack Ai(2)-Wilhelt Zombies B3.
Mana: Swamp (175) - {T}: Add {B}.
Mana: Island (139) - {T}: Add {U}.
Discard: Ai(2)-Wilhelt Zombies B3 discards Island (145).
Add To Stack: Ai(2)-Wilhelt Zombies B3 activated Cryptbreaker
Resolve Stack: Cryptbreaker (196) - Ai(2)-Wilhelt Zombies B3 creates a 2/2 black Zombie creature token.
Add To Stack: Ai(4)-Drana Vampires triggered Blood Seeker
Life: Life: Ai(2)-Wilhelt Zombies B3 7 > 6
Resolve Stack: Whenever a creature an opponent controls enters, you may have that player lose 1 life. [Zone Changer: Zombie Token (531)]
Phase: Ai(4)-Drana Vampires' Declare Blockers Step
Combat: Ai(2)-Wilhelt Zombies B3 assigned Doomed Dissenter (136) to block Erebos, God of the Dead (343).
Phase: Ai(4)-Drana Vampires' First Strike Damage Step
Phase: Ai(4)-Drana Vampires' Combat Damage Step
Damage: Erebos, God of the Dead (343) deals 5 damage to Doomed Dissenter (136).
Damage: Doomed Dissenter (136) deals 1 damage to Erebos, God of the Dead (343).
Zone Change: Doomed Dissenter (136) was put into Graveyard from Battlefield.
Add To Stack: Ai(4)-Drana Vampires triggered Black Market
Add To Stack: Ai(2)-Wilhelt Zombies B3 triggered Doomed Dissenter
Resolve Stack: When Doomed Dissenter dies, create a 2/2 black Zombie creature token. [Zone Changer: Doomed Dissenter (136)]
Add To Stack: Ai(4)-Drana Vampires triggered Blood Seeker
Life: Life: Ai(2)-Wilhelt Zombies B3 6 > 5
Resolve Stack: Whenever a creature an opponent controls enters, you may have that player lose 1 life. [Zone Changer: Zombie Token (534)]
Resolve Stack: Whenever a creature dies, put a charge counter on Black Market. [Zone Changer: Doomed Dissenter (136)]
Phase: Ai(4)-Drana Vampires' End of Combat Step
Phase: Ai(4)-Drana Vampires' Main phase, postcombat
Phase: Ai(4)-Drana Vampires' End step
Add To Stack: Ai(2)-Wilhelt Zombies B3 activated Cryptbreaker
Life: Life: Ai(2)-Wilhelt Zombies B3 5 > 4
Resolve Stack: Cryptbreaker (196) - Ai(2)-Wilhelt Zombies B3 draws a card. Ai(2)-Wilhelt Zombies B3 loses 1 life.
Add To Stack: Ai(2)-Wilhelt Zombies B3 activated Cryptbreaker
Life: Life: Ai(2)-Wilhelt Zombies B3 4 > 3
Resolve Stack: Cryptbreaker (196) - Ai(2)-Wilhelt Zombies B3 draws a card. Ai(2)-Wilhelt Zombies B3 loses 1 life.
Phase: Ai(4)-Drana Vampires' Cleanup step
Turn: Turn 44 (Ai(2)-Wilhelt Zombies B3)
Phase: Ai(2)-Wilhelt Zombies B3's Untap step
Phase: Ai(2)-Wilhelt Zombies B3's Upkeep step
Phase: Ai(2)-Wilhelt Zombies B3's Draw step
Phase: Ai(2)-Wilhelt Zombies B3's Main phase, precombat
Land: Ai(2)-Wilhelt Zombies B3 played Island (143)
Mana: Swamp (186) - {T}: Add {B}.
Add To Stack: Ai(2)-Wilhelt Zombies B3 cast Gravecrawler
Resolve Stack: Gravecrawler - Creature 2 / 1
Add To Stack: Ai(4)-Drana Vampires triggered Blood Seeker
Mana: Swamp (175) - {T}: Add {B}.
Mana: Island (139) - {T}: Add {U}.
Zone Change: Gravecrawler (128) was put into Graveyard from Battlefield.
Add To Stack: Ai(2)-Wilhelt Zombies B3 cast Deadly Dispute
Add To Stack: Ai(2)-Wilhelt Zombies B3 triggered Wilhelt, the Rotcleaver
Add To Stack: Ai(4)-Drana Vampires triggered Black Market
Resolve Stack: Whenever a creature dies, put a charge counter on Black Market. [Zone Changer: Gravecrawler (128)]
Resolve Stack: Whenever another Zombie you control dies, if it didn't have decayed, create a 2/2 black Zombie creature token with decayed. (It can't block. When it attacks, sacrifice it at end of combat.) [Zone Changer: Gravecrawler (128)]
Add To Stack: Ai(4)-Drana Vampires triggered Blood Seeker
Life: Life: Ai(2)-Wilhelt Zombies B3 3 > 2
Resolve Stack: Whenever a creature an opponent controls enters, you may have that player lose 1 life. [Zone Changer: Zombie Token (541)]
Resolve Stack: Deadly Dispute (103) - Draw two cards and create a Treasure token. 
Life: Life: Ai(2)-Wilhelt Zombies B3 2 > 1
Resolve Stack: Whenever a creature an opponent controls enters, you may have that player lose 1 life. [Zone Changer: Gravecrawler (128)]
Phase: Ai(2)-Wilhelt Zombies B3's Beginning of Combat Step
Phase: Ai(2)-Wilhelt Zombies B3's Declare Attackers Step
Phase: Ai(2)-Wilhelt Zombies B3's Declare Blockers Step
Phase: Ai(2)-Wilhelt Zombies B3's First Strike Damage Step
Phase: Ai(2)-Wilhelt Zombies B3's Combat Damage Step
Phase: Ai(2)-Wilhelt Zombies B3's End of Combat Step
Phase: Ai(2)-Wilhelt Zombies B3's Main phase, postcombat
Mana: Swamp (174) - {T}: Add {B}.
Mana: Swamp (191) - {T}: Add {B}.
Mana: Island (150) - {T}: Add {U}.
Mana: Island (140) - {T}: Add {U}.
Add To Stack: Ai(2)-Wilhelt Zombies B3 cast Damnation
Zone Change: Wilhelt, the Rotcleaver (200) was put into Graveyard from Battlefield.
Zone Change: Zombie Token (429) was put into Graveyard from Battlefield.
Zone Change: Zombie Token (453) was put into Graveyard from Battlefield.
Zone Change: Zombie Token (454) was put into Graveyard from Battlefield.
Zone Change: Cryptbreaker (196) was put into Graveyard from Battlefield.
Zone Change: Shepherd of Rot (129) was put into Graveyard from Battlefield.
Zone Change: Zombie Token (509) was put into Graveyard from Battlefield.
Zone Change: Zombie Token (531) was put into Graveyard from Battlefield.
Zone Change: Zombie Token (534) was put into Graveyard from Battlefield.
Zone Change: Zombie Token (541) was put into Graveyard from Battlefield.
Zone Change: Rotting Regisaur (169) was put into Graveyard from Battlefield.
Zone Change: Child of Night (401) was put into Graveyard from Battlefield.
Zone Change: Gifted Aetherborn (316) was put into Graveyard from Battlefield.
Zone Change: Crypt Ghast (303) was put into Graveyard from Battlefield.
Zone Change: Drana, Liberator of Malakir (402) was put into Graveyard from Battlefield.
Zone Change: Captivating Vampire (331) was put into Graveyard from Battlefield.
Zone Change: Gray Merchant of Asphodel (314) was put into Graveyard from Battlefield.
Zone Change: Blood Seeker (305) was put into Graveyard from Battlefield.
Resolve Stack: Damnation (121) - Destroy all creatures. They can't be regenerated.
Add To Stack: Ai(2)-Wilhelt Zombies B3 triggered Wilhelt, the Rotcleaver
Add To Stack: Ai(2)-Wilhelt Zombies B3 triggered Wilhelt, the Rotcleaver
Add To Stack: Ai(2)-Wilhelt Zombies B3 triggered Wilhelt, the Rotcleaver
Add To Stack: Ai(2)-Wilhelt Zombies B3 triggered Wilhelt, the Rotcleaver
Add To Stack: Ai(2)-Wilhelt Zombies B3 triggered Wilhelt, the Rotcleaver
Add To Stack: Ai(2)-Wilhelt Zombies B3 triggered Wilhelt, the Rotcleaver
Add To Stack: Ai(4)-Drana Vampires triggered Black Market
Add To Stack: Ai(4)-Drana Vampires triggered Black Market
Add To Stack: Ai(4)-Drana Vampires triggered Black Market
Add To Stack: Ai(4)-Drana Vampires triggered Black Market
Add To Stack: Ai(4)-Drana Vampires triggered Black Market
Add To Stack: Ai(4)-Drana Vampires triggered Black Market
Add To Stack: Ai(4)-Drana Vampires triggered Black Market
Add To Stack: Ai(4)-Drana Vampires triggered Black Market
Add To Stack: Ai(4)-Drana Vampires triggered Black Market
Add To Stack: Ai(4)-Drana Vampires triggered Black Market
Add To Stack: Ai(4)-Drana Vampires triggered Black Market
Add To Stack: Ai(4)-Drana Vampires triggered Black Market
Add To Stack: Ai(4)-Drana Vampires triggered Black Market
Add To Stack: Ai(4)-Drana Vampires triggered Black Market
Add To Stack: Ai(4)-Drana Vampires triggered Black Market
Add To Stack: Ai(4)-Drana Vampires triggered Black Market
Add To Stack: Ai(4)-Drana Vampires triggered Black Market
Add To Stack: Ai(4)-Drana Vampires triggered Black Market
Resolve Stack: Whenever a creature dies, put a charge counter on Black Market. [Zone Changer: Blood Seeker (305)]
Resolve Stack: Whenever a creature dies, put a charge counter on Black Market. [Zone Changer: Gray Merchant of Asphodel (314)]
Resolve Stack: Whenever a creature dies, put a charge counter on Black Market. [Zone Changer: Captivating Vampire (331)]
Resolve Stack: Whenever a creature dies, put a charge counter on Black Market. [Zone Changer: Drana, Liberator of Malakir (402)]
Resolve Stack: Whenever a creature dies, put a charge counter on Black Market. [Zone Changer: Crypt Ghast (303)]
Resolve Stack: Whenever a creature dies, put a charge counter on Black Market. [Zone Changer: Gifted Aetherborn (316)]
Resolve Stack: Whenever a creature dies, put a charge counter on Black Market. [Zone Changer: Child of Night (401)]
Resolve Stack: Whenever a creature dies, put a charge counter on Black Market. [Zone Changer: Rotting Regisaur (169)]
Resolve Stack: Whenever a creature dies, put a charge counter on Black Market. [Zone Changer: Zombie Token (541)]
Resolve Stack: Whenever a creature dies, put a charge counter on Black Market. [Zone Changer: Zombie Token (534)]
Resolve Stack: Whenever a creature dies, put a charge counter on Black Market. [Zone Changer: Zombie Token (531)]
Resolve Stack: Whenever a creature dies, put a charge counter on Black Market. [Zone Changer: Zombie Token (509)]
Resolve Stack: Whenever a creature dies, put a charge counter on Black Market. [Zone Changer: Shepherd of Rot (129)]
Resolve Stack: Whenever a creature dies, put a charge counter on Black Market. [Zone Changer: Cryptbreaker (196)]
Resolve Stack: Whenever a creature dies, put a charge counter on Black Market. [Zone Changer: Zombie Token (454)]
Resolve Stack: Whenever a creature dies, put a charge counter on Black Market. [Zone Changer: Zombie Token (453)]
Resolve Stack: Whenever a creature dies, put a charge counter on Black Market. [Zone Changer: Zombie Token (429)]
Resolve Stack: Whenever a creature dies, put a charge counter on Black Market. [Zone Changer: Wilhelt, the Rotcleaver (200)]
Resolve Stack: Whenever another Zombie you control dies, if it didn't have decayed, create a 2/2 black Zombie creature token with decayed. (It can't block. When it attacks, sacrifice it at end of combat.) [Zone Changer: Zombie Token (534)]
Resolve Stack: Whenever another Zombie you control dies, if it didn't have decayed, create a 2/2 black Zombie creature token with decayed. (It can't block. When it attacks, sacrifice it at end of combat.) [Zone Changer: Zombie Token (531)]
Resolve Stack: Whenever another Zombie you control dies, if it didn't have decayed, create a 2/2 black Zombie creature token with decayed. (It can't block. When it attacks, sacrifice it at end of combat.) [Zone Changer: Shepherd of Rot (129)]
Resolve Stack: Whenever another Zombie you control dies, if it didn't have decayed, create a 2/2 black Zombie creature token with decayed. (It can't block. When it attacks, sacrifice it at end of combat.) [Zone Changer: Cryptbreaker (196)]
Resolve Stack: Whenever another Zombie you control dies, if it didn't have decayed, create a 2/2 black Zombie creature token with decayed. (It can't block. When it attacks, sacrifice it at end of combat.) [Zone Changer: Zombie Token (454)]
Resolve Stack: Whenever another Zombie you control dies, if it didn't have decayed, create a 2/2 black Zombie creature token with decayed. (It can't block. When it attacks, sacrifice it at end of combat.) [Zone Changer: Zombie Token (453)]
Mana: Charcoal Diamond (157) - {T}: Add {B}.
Add To Stack: Ai(2)-Wilhelt Zombies B3 cast Gravecrawler
Resolve Stack: Gravecrawler - Creature 2 / 1
Mana: Drowned Catacomb (165) - {T}: Add {U} or {B}.
Zone Change: Treasure Token (544) was put into Graveyard from Battlefield.
Mana: Treasure Token (544) - {T}, Sacrifice this token: Add one mana of any color.
Mana: Island (142) - {T}: Add {U}.
Add To Stack: Ai(2)-Wilhelt Zombies B3 cast Zombie Master
Resolve Stack: Zombie Master - Creature 2 / 3
Phase: Ai(2)-Wilhelt Zombies B3's End step
Phase: Ai(2)-Wilhelt Zombies B3's Cleanup step
Turn: Turn 45 (Ai(4)-Drana Vampires)
Phase: Ai(4)-Drana Vampires' Untap step
Phase: Ai(4)-Drana Vampires' Upkeep step
Mana: Swamp (378) - {T}: Add {B}.
Mana: Swamp (359) - {T}: Add {B}.
Life: Life: Ai(4)-Drana Vampires 61 > 59
Add To Stack: Ai(4)-Drana Vampires activated Erebos, God of the Dead
Resolve Stack: Erebos, God of the Dead (343) - Ai(4)-Drana Vampires draws a card.
Phase: Ai(4)-Drana Vampires' Draw step
Phase: Ai(4)-Drana Vampires' Main phase, precombat
Add To Stack: Ai(4)-Drana Vampires triggered Black Market
Resolve Stack: At the beginning of your first main phase, add {B} for each charge counter on Black Market. [Phase: Ai(4)-Drana Vampires]
Land: Ai(4)-Drana Vampires played Swamp (355)
Add To Stack: Ai(4)-Drana Vampires cast Drana, Liberator of Malakir
Resolve Stack: Drana, Liberator of Malakir - Creature 2 / 3
Add To Stack: Ai(4)-Drana Vampires cast Mind Stone
Resolve Stack: Mind Stone
Life: Life: Ai(4)-Drana Vampires 59 > 57
Add To Stack: Ai(4)-Drana Vampires activated Erebos, God of the Dead
Resolve Stack: Erebos, God of the Dead (343) - Ai(4)-Drana Vampires draws a card.
Phase: Ai(4)-Drana Vampires' Beginning of Combat Step
Phase: Ai(4)-Drana Vampires' Declare Attackers Step
Combat: Ai(4)-Drana Vampires assigned Erebos, God of the Dead (343) to attack Ai(2)-Wilhelt Zombies B3.
Phase: Ai(4)-Drana Vampires' Declare Blockers Step
Combat: Ai(2)-Wilhelt Zombies B3 assigned Zombie Master (123) to block Erebos, God of the Dead (343).
Phase: Ai(4)-Drana Vampires' First Strike Damage Step
Phase: Ai(4)-Drana Vampires' Combat Damage Step
Damage: Erebos, God of the Dead (343) deals 5 damage to Zombie Master (123).
Damage: Zombie Master (123) deals 3 damage to Erebos, God of the Dead (343).
Zone Change: Zombie Master (123) was put into Graveyard from Battlefield.
Add To Stack: Ai(4)-Drana Vampires triggered Black Market
Resolve Stack: Whenever a creature dies, put a charge counter on Black Market. [Zone Changer: Zombie Master (123)]
Phase: Ai(4)-Drana Vampires' End of Combat Step
Phase: Ai(4)-Drana Vampires' Main phase, postcombat
Phase: Ai(4)-Drana Vampires' End step
Phase: Ai(4)-Drana Vampires' Cleanup step
Turn: Turn 46 (Ai(2)-Wilhelt Zombies B3)
Phase: Ai(2)-Wilhelt Zombies B3's Untap step
Phase: Ai(2)-Wilhelt Zombies B3's Upkeep step
Mana: Swamp (379) - {T}: Add {B}.
Mana: Swamp (356) - {T}: Add {B}.
Life: Life: Ai(4)-Drana Vampires 57 > 55
Add To Stack: Ai(4)-Drana Vampires activated Erebos, God of the Dead
Resolve Stack: Erebos, God of the Dead (343) - Ai(4)-Drana Vampires draws a card.
Phase: Ai(2)-Wilhelt Zombies B3's Draw step
Phase: Ai(2)-Wilhelt Zombies B3's Main phase, precombat
Mana: Island (139) - {T}: Add {U}.
Mana: Swamp (186) - {T}: Add {B}.
Mana: Island (150) - {T}: Add {U}.
Mana: Island (140) - {T}: Add {U}.
Mana: Island (142) - {T}: Add {U}.
Mana: Island (143) - {T}: Add {U}.
Add To Stack: Ai(2)-Wilhelt Zombies B3 cast Wilhelt, the Rotcleaver
Resolve Stack: Wilhelt, the Rotcleaver - Creature 3 / 3
Phase: Ai(2)-Wilhelt Zombies B3's Beginning of Combat Step
Phase: Ai(2)-Wilhelt Zombies B3's Declare Attackers Step
Combat: Ai(2)-Wilhelt Zombies B3 assigned Zombie Token (560), Zombie Token (562), Zombie Token (564), Zombie Token (566), Zombie Token (568) and Zombie Token (570) to attack Ai(4)-Drana Vampires.
Add To Stack: Ai(2)-Wilhelt Zombies B3 triggered Zombie Token
Add To Stack: Ai(2)-Wilhelt Zombies B3 triggered Zombie Token
Add To Stack: Ai(2)-Wilhelt Zombies B3 triggered Zombie Token
Add To Stack: Ai(2)-Wilhelt Zombies B3 triggered Zombie Token
Add To Stack: Ai(2)-Wilhelt Zombies B3 triggered Zombie Token
Add To Stack: Ai(2)-Wilhelt Zombies B3 triggered Zombie Token
Resolve Stack: When a creature with decayed attacks, sacrifice it at end of combat. [Attacker: Zombie Token (570)]
Resolve Stack: When a creature with decayed attacks, sacrifice it at end of combat. [Attacker: Zombie Token (568)]
Resolve Stack: When a creature with decayed attacks, sacrifice it at end of combat. [Attacker: Zombie Token (566)]
Resolve Stack: When a creature with decayed attacks, sacrifice it at end of combat. [Attacker: Zombie Token (564)]
Resolve Stack: When a creature with decayed attacks, sacrifice it at end of combat. [Attacker: Zombie Token (562)]
Resolve Stack: When a creature with decayed attacks, sacrifice it at end of combat. [Attacker: Zombie Token (560)]
Phase: Ai(2)-Wilhelt Zombies B3's Declare Blockers Step
Combat: Ai(4)-Drana Vampires didn't block Zombie Token (560).
Ai(4)-Drana Vampires didn't block Zombie Token (562).
Ai(4)-Drana Vampires didn't block Zombie Token (564).
Ai(4)-Drana Vampires didn't block Zombie Token (566).
Ai(4)-Drana Vampires didn't block Zombie Token (568).
Ai(4)-Drana Vampires didn't block Zombie Token (570).
Phase: Ai(2)-Wilhelt Zombies B3's First Strike Damage Step
Phase: Ai(2)-Wilhelt Zombies B3's Combat Damage Step
Damage: Zombie Token (560) deals 3 combat damage to Ai(4)-Drana Vampires.
Damage: Zombie Token (562) deals 3 combat damage to Ai(4)-Drana Vampires.
Damage: Zombie Token (564) deals 3 combat damage to Ai(4)-Drana Vampires.
Damage: Zombie Token (566) deals 3 combat damage to Ai(4)-Drana Vampires.
Damage: Zombie Token (568) deals 3 combat damage to Ai(4)-Drana Vampires.
Damage: Zombie Token (570) deals 3 combat damage to Ai(4)-Drana Vampires.
Life: Life: Ai(4)-Drana Vampires 55 > 37
Phase: Ai(2)-Wilhelt Zombies B3's End of Combat Step
Add To Stack: Ai(2)-Wilhelt Zombies B3 triggered Zombie Token
Add To Stack: Ai(2)-Wilhelt Zombies B3 triggered Zombie Token
Add To Stack: Ai(2)-Wilhelt Zombies B3 triggered Zombie Token
Add To Stack: Ai(2)-Wilhelt Zombies B3 triggered Zombie Token
Add To Stack: Ai(2)-Wilhelt Zombies B3 triggered Zombie Token
Add To Stack: Ai(2)-Wilhelt Zombies B3 triggered Zombie Token
Zone Change: Zombie Token (560) was put into Graveyard from Battlefield.
Resolve Stack: At end of combat, sacrifice Zombie Token. [Phase: Ai(2)-Wilhelt Zombies B3]
Add To Stack: Ai(4)-Drana Vampires triggered Black Market
Resolve Stack: Whenever a creature dies, put a charge counter on Black Market. [Zone Changer: Zombie Token (560)]
Zone Change: Zombie Token (562) was put into Graveyard from Battlefield.
Resolve Stack: At end of combat, sacrifice Zombie Token. [Phase: Ai(2)-Wilhelt Zombies B3]
Add To Stack: Ai(4)-Drana Vampires triggered Black Market
Resolve Stack: Whenever a creature dies, put a charge counter on Black Market. [Zone Changer: Zombie Token (562)]
Zone Change: Zombie Token (564) was put into Graveyard from Battlefield.
Resolve Stack: At end of combat, sacrifice Zombie Token. [Phase: Ai(2)-Wilhelt Zombies B3]
Add To Stack: Ai(4)-Drana Vampires triggered Black Market
Resolve Stack: Whenever a creature dies, put a charge counter on Black Market. [Zone Changer: Zombie Token (564)]
Zone Change: Zombie Token (566) was put into Graveyard from Battlefield.
Resolve Stack: At end of combat, sacrifice Zombie Token. [Phase: Ai(2)-Wilhelt Zombies B3]
Add To Stack: Ai(4)-Drana Vampires triggered Black Market
Resolve Stack: Whenever a creature dies, put a charge counter on Black Market. [Zone Changer: Zombie Token (566)]
Zone Change: Zombie Token (568) was put into Graveyard from Battlefield.
Resolve Stack: At end of combat, sacrifice Zombie Token. [Phase: Ai(2)-Wilhelt Zombies B3]
Add To Stack: Ai(4)-Drana Vampires triggered Black Market
Resolve Stack: Whenever a creature dies, put a charge counter on Black Market. [Zone Changer: Zombie Token (568)]
Zone Change: Zombie Token (570) was put into Graveyard from Battlefield.
Resolve Stack: At end of combat, sacrifice Zombie Token. [Phase: Ai(2)-Wilhelt Zombies B3]
Add To Stack: Ai(4)-Drana Vampires triggered Black Market
Resolve Stack: Whenever a creature dies, put a charge counter on Black Market. [Zone Changer: Zombie Token (570)]
Phase: Ai(2)-Wilhelt Zombies B3's Main phase, postcombat
Land: Ai(2)-Wilhelt Zombies B3 played Swamp (173)
Phase: Ai(2)-Wilhelt Zombies B3's End step
Add To Stack: Ai(2)-Wilhelt Zombies B3 triggered Wilhelt, the Rotcleaver
Zone Change: Gravecrawler (128) was put into Graveyard from Battlefield.
Resolve Stack: At the beginning of your end step, you may sacrifice a Zombie. If you do, draw a card. [Phase: Ai(2)-Wilhelt Zombies B3]
Add To Stack: Ai(2)-Wilhelt Zombies B3 triggered Wilhelt, the Rotcleaver
Add To Stack: Ai(4)-Drana Vampires triggered Black Market
Resolve Stack: Whenever a creature dies, put a charge counter on Black Market. [Zone Changer: Gravecrawler (128)]
Resolve Stack: Whenever another Zombie you control dies, if it didn't have decayed, create a 2/2 black Zombie creature token with decayed. (It can't block. When it attacks, sacrifice it at end of combat.) [Zone Changer: Gravecrawler (128)]
Phase: Ai(2)-Wilhelt Zombies B3's Cleanup step
Turn: Turn 47 (Ai(4)-Drana Vampires)
Phase: Ai(4)-Drana Vampires' Untap step
Phase: Ai(4)-Drana Vampires' Upkeep step
Phase: Ai(4)-Drana Vampires' Draw step
Phase: Ai(4)-Drana Vampires' Main phase, precombat
Add To Stack: Ai(4)-Drana Vampires triggered Black Market
Resolve Stack: At the beginning of your first main phase, add {B} for each charge counter on Black Market. [Phase: Ai(4)-Drana Vampires]
Land: Ai(4)-Drana Vampires played Swamp (396)
Mana: Swamp (378) - {T}: Add {B}.
Mana: Swamp (359) - {T}: Add {B}.
Mana: Swamp (379) - {T}: Add {B}.
Mana: Swamp (356) - {T}: Add {B}.
Mana: Swamp (392) - {T}: Add {B}.
Mana: Swamp (362) - {T}: Add {B}.
Mana: Swamp (366) - {T}: Add {B}.
Mana: Swamp (387) - {T}: Add {B}.
Mana: Swamp (377) - {T}: Add {B}.
Mana: Swamp (355) - {T}: Add {B}.
Mana: Swamp (396) - {T}: Add {B}.
Mana: Swamp (370) - {T}: Add {B}.
Mana: Mind Stone (306) - {T}: Add {C}.
Add To Stack: Ai(4)-Drana Vampires cast Consume Spirit targeting [Ai(2)-Wilhelt Zombies B3]
Damage: Consume Spirit (320) deals 40 non-combat damage to Ai(2)-Wilhelt Zombies B3.
Life: Life: Ai(2)-Wilhelt Zombies B3 1 > -39
Life: Life: Ai(4)-Drana Vampires 37 > 77
Resolve Stack: Consume Spirit (320) - Consume Spirit (320) deals 40 damage to Ai(2)-Wilhelt Zombies B3. Ai(4)-Drana Vampires gains 40 life. (X=40)
Player Control: Ai(1)-Kilo Helm Final has restored control over themself
Player Control: Ai(2)-Wilhelt Zombies B3 has restored control over themself
Player Control: Ai(3)-Wyleth Voltron B3 has restored control over themself
Player Control: Ai(4)-Drana Vampires has restored control over themself
Game Outcome: Turn 24
Game Outcome: Ai(1)-Kilo Helm Final has lost because life total reached 0
Game Outcome: Ai(2)-Wilhelt Zombies B3 has lost because life total reached 0
Game Outcome: Ai(3)-Wyleth Voltron B3 has lost because life total reached 0
Game Outcome: Ai(4)-Drana Vampires has won because all opponents have lost
Match Result: Ai(1)-Kilo Helm Final: 1 Ai(2)-Wilhelt Zombies B3: 0 Ai(3)-Wyleth Voltron B3: 1 Ai(4)-Drana Vampires: 2 

Game Result: Game 4 ended in 56253 ms. Ai(4)-Drana Vampires has won!

Warning: default (ie. inherited from base class) implementation of confirmAction is used by Wyleth, Soul of Steel for forge.ai.ability.PermanentCreatureAi. Consider declaring an overloaded method
Warning: default (ie. inherited from base class) implementation of confirmAction is used by Wyleth, Soul of Steel for forge.ai.ability.PermanentCreatureAi. Consider declaring an overloaded method
Warning: default (ie. inherited from base class) implementation of confirmAction is used by Drana, Liberator of Malakir for forge.ai.ability.PermanentCreatureAi. Consider declaring an overloaded method
Mulligan: Ai(1)-Kilo Helm Final has kept a hand of 7 cards
Mulligan: Ai(2)-Wilhelt Zombies B3 has kept a hand of 7 cards
Mulligan: Ai(3)-Wyleth Voltron B3 has kept a hand of 7 cards
Mulligan: Ai(4)-Drana Vampires has kept a hand of 7 cards
Turn: Turn 1 (Ai(1)-Kilo Helm Final)
Phase: Ai(1)-Kilo Helm Final's Untap step
Phase: Ai(1)-Kilo Helm Final's Upkeep step
Phase: Ai(1)-Kilo Helm Final's Draw step
Phase: Ai(1)-Kilo Helm Final's Main phase, precombat
Land: Ai(1)-Kilo Helm Final played Karn's Bastion (19)
Phase: Ai(1)-Kilo Helm Final's Beginning of Combat Step
Phase: Ai(1)-Kilo Helm Final's Declare Attackers Step
Phase: Ai(1)-Kilo Helm Final's Declare Blockers Step
Phase: Ai(1)-Kilo Helm Final's First Strike Damage Step
Phase: Ai(1)-Kilo Helm Final's Combat Damage Step
Phase: Ai(1)-Kilo Helm Final's End of Combat Step
Phase: Ai(1)-Kilo Helm Final's Main phase, postcombat
Phase: Ai(1)-Kilo Helm Final's End step
Phase: Ai(1)-Kilo Helm Final's Cleanup step
Turn: Turn 2 (Ai(2)-Wilhelt Zombies B3)
Phase: Ai(2)-Wilhelt Zombies B3's Untap step
Phase: Ai(2)-Wilhelt Zombies B3's Upkeep step
Phase: Ai(2)-Wilhelt Zombies B3's Draw step
Phase: Ai(2)-Wilhelt Zombies B3's Main phase, precombat
Land: Ai(2)-Wilhelt Zombies B3 played Swamp (184)
Phase: Ai(2)-Wilhelt Zombies B3's Beginning of Combat Step
Phase: Ai(2)-Wilhelt Zombies B3's Declare Attackers Step
Phase: Ai(2)-Wilhelt Zombies B3's Declare Blockers Step
Phase: Ai(2)-Wilhelt Zombies B3's First Strike Damage Step
Phase: Ai(2)-Wilhelt Zombies B3's Combat Damage Step
Phase: Ai(2)-Wilhelt Zombies B3's End of Combat Step
Phase: Ai(2)-Wilhelt Zombies B3's Main phase, postcombat
Phase: Ai(2)-Wilhelt Zombies B3's End step
Phase: Ai(2)-Wilhelt Zombies B3's Cleanup step
Turn: Turn 3 (Ai(3)-Wyleth Voltron B3)
Phase: Ai(3)-Wyleth Voltron B3's Untap step
Phase: Ai(3)-Wyleth Voltron B3's Upkeep step
Phase: Ai(3)-Wyleth Voltron B3's Draw step
Phase: Ai(3)-Wyleth Voltron B3's Main phase, precombat
Land: Ai(3)-Wyleth Voltron B3 played Hanweir Battlements (243)
Phase: Ai(3)-Wyleth Voltron B3's Beginning of Combat Step
Phase: Ai(3)-Wyleth Voltron B3's Declare Attackers Step
Phase: Ai(3)-Wyleth Voltron B3's Declare Blockers Step
Phase: Ai(3)-Wyleth Voltron B3's First Strike Damage Step
Phase: Ai(3)-Wyleth Voltron B3's Combat Damage Step
Phase: Ai(3)-Wyleth Voltron B3's End of Combat Step
Phase: Ai(3)-Wyleth Voltron B3's Main phase, postcombat
Phase: Ai(3)-Wyleth Voltron B3's End step
Phase: Ai(3)-Wyleth Voltron B3's Cleanup step
Turn: Turn 4 (Ai(4)-Drana Vampires)
Phase: Ai(4)-Drana Vampires' Untap step
Phase: Ai(4)-Drana Vampires' Upkeep step
Phase: Ai(4)-Drana Vampires' Draw step
Phase: Ai(4)-Drana Vampires' Main phase, precombat
Land: Ai(4)-Drana Vampires played Swamp (380)
Phase: Ai(4)-Drana Vampires' Beginning of Combat Step
Phase: Ai(4)-Drana Vampires' Declare Attackers Step
Phase: Ai(4)-Drana Vampires' Declare Blockers Step
Phase: Ai(4)-Drana Vampires' First Strike Damage Step
Phase: Ai(4)-Drana Vampires' Combat Damage Step
Phase: Ai(4)-Drana Vampires' End of Combat Step
Phase: Ai(4)-Drana Vampires' Main phase, postcombat
Phase: Ai(4)-Drana Vampires' End step
Phase: Ai(4)-Drana Vampires' Cleanup step
Turn: Turn 5 (Ai(1)-Kilo Helm Final)
Phase: Ai(1)-Kilo Helm Final's Untap step
Phase: Ai(1)-Kilo Helm Final's Upkeep step
Phase: Ai(1)-Kilo Helm Final's Draw step
Phase: Ai(1)-Kilo Helm Final's Main phase, precombat
Replacement Effect: This land enters tapped.
Land: Ai(1)-Kilo Helm Final played Adagia, Windswept Bastion (58)
Phase: Ai(1)-Kilo Helm Final's Beginning of Combat Step
Phase: Ai(1)-Kilo Helm Final's Declare Attackers Step
Phase: Ai(1)-Kilo Helm Final's Declare Blockers Step
Phase: Ai(1)-Kilo Helm Final's First Strike Damage Step
Phase: Ai(1)-Kilo Helm Final's Combat Damage Step
Phase: Ai(1)-Kilo Helm Final's End of Combat Step
Phase: Ai(1)-Kilo Helm Final's Main phase, postcombat
Phase: Ai(1)-Kilo Helm Final's End step
Phase: Ai(1)-Kilo Helm Final's Cleanup step
Turn: Turn 6 (Ai(2)-Wilhelt Zombies B3)
Phase: Ai(2)-Wilhelt Zombies B3's Untap step
Phase: Ai(2)-Wilhelt Zombies B3's Upkeep step
Phase: Ai(2)-Wilhelt Zombies B3's Draw step
Phase: Ai(2)-Wilhelt Zombies B3's Main phase, precombat
Land: Ai(2)-Wilhelt Zombies B3 played Island (141)
Phase: Ai(2)-Wilhelt Zombies B3's Beginning of Combat Step
Phase: Ai(2)-Wilhelt Zombies B3's Declare Attackers Step
Phase: Ai(2)-Wilhelt Zombies B3's Declare Blockers Step
Phase: Ai(2)-Wilhelt Zombies B3's First Strike Damage Step
Phase: Ai(2)-Wilhelt Zombies B3's Combat Damage Step
Phase: Ai(2)-Wilhelt Zombies B3's End of Combat Step
Phase: Ai(2)-Wilhelt Zombies B3's Main phase, postcombat
Mana: Island (141) - {T}: Add {U}.
Mana: Swamp (184) - {T}: Add {B}.
Add To Stack: Ai(2)-Wilhelt Zombies B3 cast Arcane Signet
Resolve Stack: Arcane Signet
Phase: Ai(2)-Wilhelt Zombies B3's End step
Phase: Ai(2)-Wilhelt Zombies B3's Cleanup step
Turn: Turn 7 (Ai(3)-Wyleth Voltron B3)
Phase: Ai(3)-Wyleth Voltron B3's Untap step
Phase: Ai(3)-Wyleth Voltron B3's Upkeep step
Phase: Ai(3)-Wyleth Voltron B3's Draw step
Phase: Ai(3)-Wyleth Voltron B3's Main phase, precombat
Land: Ai(3)-Wyleth Voltron B3 played Mountain (278)
Phase: Ai(3)-Wyleth Voltron B3's Beginning of Combat Step
Phase: Ai(3)-Wyleth Voltron B3's Declare Attackers Step
Phase: Ai(3)-Wyleth Voltron B3's Declare Blockers Step
Phase: Ai(3)-Wyleth Voltron B3's First Strike Damage Step
Phase: Ai(3)-Wyleth Voltron B3's Combat Damage Step
Phase: Ai(3)-Wyleth Voltron B3's End of Combat Step
Phase: Ai(3)-Wyleth Voltron B3's Main phase, postcombat
Phase: Ai(3)-Wyleth Voltron B3's End step
Phase: Ai(3)-Wyleth Voltron B3's Cleanup step
Turn: Turn 8 (Ai(4)-Drana Vampires)
Phase: Ai(4)-Drana Vampires' Untap step
Phase: Ai(4)-Drana Vampires' Upkeep step
Phase: Ai(4)-Drana Vampires' Draw step
Phase: Ai(4)-Drana Vampires' Main phase, precombat
Land: Ai(4)-Drana Vampires played Swamp (396)
Phase: Ai(4)-Drana Vampires' Beginning of Combat Step
Phase: Ai(4)-Drana Vampires' Declare Attackers Step
Phase: Ai(4)-Drana Vampires' Declare Blockers Step
Phase: Ai(4)-Drana Vampires' First Strike Damage Step
Phase: Ai(4)-Drana Vampires' Combat Damage Step
Phase: Ai(4)-Drana Vampires' End of Combat Step
Phase: Ai(4)-Drana Vampires' Main phase, postcombat
Mana: Swamp (380) - {T}: Add {B}.
Mana: Swamp (396) - {T}: Add {B}.
Add To Stack: Ai(4)-Drana Vampires cast Zulaport Cutthroat
Resolve Stack: Zulaport Cutthroat - Creature 1 / 1
Phase: Ai(4)-Drana Vampires' End step
Phase: Ai(4)-Drana Vampires' Cleanup step
Turn: Turn 9 (Ai(1)-Kilo Helm Final)
Phase: Ai(1)-Kilo Helm Final's Untap step
Phase: Ai(1)-Kilo Helm Final's Upkeep step
Phase: Ai(1)-Kilo Helm Final's Draw step
Phase: Ai(1)-Kilo Helm Final's Main phase, precombat
Land: Ai(1)-Kilo Helm Final played Island (62)
Phase: Ai(1)-Kilo Helm Final's Beginning of Combat Step
Phase: Ai(1)-Kilo Helm Final's Declare Attackers Step
Phase: Ai(1)-Kilo Helm Final's Declare Blockers Step
Phase: Ai(1)-Kilo Helm Final's First Strike Damage Step
Phase: Ai(1)-Kilo Helm Final's Combat Damage Step
Phase: Ai(1)-Kilo Helm Final's End of Combat Step
Phase: Ai(1)-Kilo Helm Final's Main phase, postcombat
Mana: Island (62) - {T}: Add {U}.
Mana: Karn's Bastion (19) - {T}: Add {C}.
Mana: Adagia, Windswept Bastion (58) - {T}: Add {W}.
Add To Stack: Ai(1)-Kilo Helm Final cast Insight Engine
Resolve Stack: Insight Engine
Phase: Ai(1)-Kilo Helm Final's End step
Phase: Ai(1)-Kilo Helm Final's Cleanup step
Turn: Turn 10 (Ai(2)-Wilhelt Zombies B3)
Phase: Ai(2)-Wilhelt Zombies B3's Untap step
Phase: Ai(2)-Wilhelt Zombies B3's Upkeep step
Phase: Ai(2)-Wilhelt Zombies B3's Draw step
Phase: Ai(2)-Wilhelt Zombies B3's Main phase, precombat
Phase: Ai(2)-Wilhelt Zombies B3's Beginning of Combat Step
Mana: Swamp (184) - {T}: Add {B}.
Mana: Island (141) - {T}: Add {U}.
Add To Stack: Ai(2)-Wilhelt Zombies B3 cast Go for the Throat targeting [Zulaport Cutthroat (323)]
Zone Change: Zulaport Cutthroat (323) was put into Graveyard from Battlefield.
Resolve Stack: Go for the Throat (155) - Destroy Zulaport Cutthroat (323).
Add To Stack: Ai(4)-Drana Vampires triggered Zulaport Cutthroat
Life: Life: Ai(2)-Wilhelt Zombies B3 40 > 39
Life: Life: Ai(3)-Wyleth Voltron B3 40 > 39
Life: Life: Ai(1)-Kilo Helm Final 40 > 39
Life: Life: Ai(4)-Drana Vampires 40 > 41
Resolve Stack: Whenever Zulaport Cutthroat or another creature you control dies, each opponent loses 1 life and you gain 1 life. [Zone Changer: Zulaport Cutthroat (323)]
Phase: Ai(2)-Wilhelt Zombies B3's Declare Attackers Step
Phase: Ai(2)-Wilhelt Zombies B3's Declare Blockers Step
Phase: Ai(2)-Wilhelt Zombies B3's First Strike Damage Step
Phase: Ai(2)-Wilhelt Zombies B3's Combat Damage Step
Phase: Ai(2)-Wilhelt Zombies B3's End of Combat Step
Phase: Ai(2)-Wilhelt Zombies B3's Main phase, postcombat
Phase: Ai(2)-Wilhelt Zombies B3's End step
Phase: Ai(2)-Wilhelt Zombies B3's Cleanup step
Turn: Turn 11 (Ai(3)-Wyleth Voltron B3)
Phase: Ai(3)-Wyleth Voltron B3's Untap step
Phase: Ai(3)-Wyleth Voltron B3's Upkeep step
Phase: Ai(3)-Wyleth Voltron B3's Draw step
Phase: Ai(3)-Wyleth Voltron B3's Main phase, precombat
Land: Ai(3)-Wyleth Voltron B3 played Plains (260)
Mana: Plains (260) - {T}: Add {W}.
Mana: Mountain (278) - {T}: Add {R}.
Mana: Hanweir Battlements (243) - {T}: Add {C}.
Add To Stack: Ai(3)-Wyleth Voltron B3 cast Wyleth, Soul of Steel
Resolve Stack: Wyleth, Soul of Steel - Creature 2 / 2
Phase: Ai(3)-Wyleth Voltron B3's Beginning of Combat Step
Phase: Ai(3)-Wyleth Voltron B3's Declare Attackers Step
Phase: Ai(3)-Wyleth Voltron B3's Declare Blockers Step
Phase: Ai(3)-Wyleth Voltron B3's First Strike Damage Step
Phase: Ai(3)-Wyleth Voltron B3's Combat Damage Step
Phase: Ai(3)-Wyleth Voltron B3's End of Combat Step
Phase: Ai(3)-Wyleth Voltron B3's Main phase, postcombat
Phase: Ai(3)-Wyleth Voltron B3's End step
Phase: Ai(3)-Wyleth Voltron B3's Cleanup step
Turn: Turn 12 (Ai(4)-Drana Vampires)
Phase: Ai(4)-Drana Vampires' Untap step
Phase: Ai(4)-Drana Vampires' Upkeep step
Phase: Ai(4)-Drana Vampires' Draw step
Phase: Ai(4)-Drana Vampires' Main phase, precombat
Land: Ai(4)-Drana Vampires played Swamp (389)
Phase: Ai(4)-Drana Vampires' Beginning of Combat Step
Phase: Ai(4)-Drana Vampires' Declare Attackers Step
Phase: Ai(4)-Drana Vampires' Declare Blockers Step
Phase: Ai(4)-Drana Vampires' First Strike Damage Step
Phase: Ai(4)-Drana Vampires' Combat Damage Step
Phase: Ai(4)-Drana Vampires' End of Combat Step
Phase: Ai(4)-Drana Vampires' Main phase, postcombat
Mana: Swamp (380) - {T}: Add {B}.
Mana: Swamp (396) - {T}: Add {B}.
Mana: Swamp (389) - {T}: Add {B}.
Add To Stack: Ai(4)-Drana Vampires cast Drana, Liberator of Malakir
Resolve Stack: Drana, Liberator of Malakir - Creature 2 / 3
Phase: Ai(4)-Drana Vampires' End step
Phase: Ai(4)-Drana Vampires' Cleanup step
Turn: Turn 13 (Ai(1)-Kilo Helm Final)
Phase: Ai(1)-Kilo Helm Final's Untap step
Phase: Ai(1)-Kilo Helm Final's Upkeep step
Phase: Ai(1)-Kilo Helm Final's Draw step
Phase: Ai(1)-Kilo Helm Final's Main phase, precombat
Phase: Ai(1)-Kilo Helm Final's Beginning of Combat Step
Phase: Ai(1)-Kilo Helm Final's Declare Attackers Step
Phase: Ai(1)-Kilo Helm Final's Declare Blockers Step
Phase: Ai(1)-Kilo Helm Final's First Strike Damage Step
Phase: Ai(1)-Kilo Helm Final's Combat Damage Step
Phase: Ai(1)-Kilo Helm Final's End of Combat Step
Phase: Ai(1)-Kilo Helm Final's Main phase, postcombat
Phase: Ai(1)-Kilo Helm Final's End step
Phase: Ai(1)-Kilo Helm Final's Cleanup step
Turn: Turn 14 (Ai(2)-Wilhelt Zombies B3)
Phase: Ai(2)-Wilhelt Zombies B3's Untap step
Phase: Ai(2)-Wilhelt Zombies B3's Upkeep step
Phase: Ai(2)-Wilhelt Zombies B3's Draw step
Phase: Ai(2)-Wilhelt Zombies B3's Main phase, precombat
Phase: Ai(2)-Wilhelt Zombies B3's Beginning of Combat Step
Phase: Ai(2)-Wilhelt Zombies B3's Declare Attackers Step
Phase: Ai(2)-Wilhelt Zombies B3's Declare Blockers Step
Phase: Ai(2)-Wilhelt Zombies B3's First Strike Damage Step
Phase: Ai(2)-Wilhelt Zombies B3's Combat Damage Step
Phase: Ai(2)-Wilhelt Zombies B3's End of Combat Step
Phase: Ai(2)-Wilhelt Zombies B3's Main phase, postcombat
Mana: Swamp (184) - {T}: Add {B}.
Mana: Island (141) - {T}: Add {U}.
Mana: Arcane Signet (194) - {T}: Add one mana of any color in your commander's color identity.
Add To Stack: Ai(2)-Wilhelt Zombies B3 cast Lord of the Accursed
Mana: Island (62) - {T}: Add {U}.
Mana: Karn's Bastion (19) - {T}: Add {C}.
Mana: Adagia, Windswept Bastion (58) - {T}: Add {W}.
Add To Stack: Ai(1)-Kilo Helm Final cast Thirst for Knowledge
Discard: Ai(1)-Kilo Helm Final discards Everflowing Chalice (30).
Resolve Stack: Thirst for Knowledge (91) - Ai(1)-Kilo Helm Final draws three cards. Ai(1)-Kilo Helm Final discards two cards.
Resolve Stack: Lord of the Accursed - Creature 2 / 3
Phase: Ai(2)-Wilhelt Zombies B3's End step
Phase: Ai(2)-Wilhelt Zombies B3's Cleanup step
Turn: Turn 15 (Ai(3)-Wyleth Voltron B3)
Phase: Ai(3)-Wyleth Voltron B3's Untap step
Phase: Ai(3)-Wyleth Voltron B3's Upkeep step
Phase: Ai(3)-Wyleth Voltron B3's Draw step
Phase: Ai(3)-Wyleth Voltron B3's Main phase, precombat
Mana: Plains (260) - {T}: Add {W}.
Mana: Mountain (278) - {T}: Add {R}.
Add To Stack: Ai(3)-Wyleth Voltron B3 cast Leonin Shikari
Resolve Stack: Leonin Shikari - Creature 2 / 2
Land: Ai(3)-Wyleth Voltron B3 played Buried Ruin (217)
Phase: Ai(3)-Wyleth Voltron B3's Beginning of Combat Step
Phase: Ai(3)-Wyleth Voltron B3's Declare Attackers Step
Phase: Ai(3)-Wyleth Voltron B3's Declare Blockers Step
Phase: Ai(3)-Wyleth Voltron B3's First Strike Damage Step
Phase: Ai(3)-Wyleth Voltron B3's Combat Damage Step
Phase: Ai(3)-Wyleth Voltron B3's End of Combat Step
Phase: Ai(3)-Wyleth Voltron B3's Main phase, postcombat
Phase: Ai(3)-Wyleth Voltron B3's End step
Phase: Ai(3)-Wyleth Voltron B3's Cleanup step
Turn: Turn 16 (Ai(4)-Drana Vampires)
Phase: Ai(4)-Drana Vampires' Untap step
Phase: Ai(4)-Drana Vampires' Upkeep step
Phase: Ai(4)-Drana Vampires' Draw step
Phase: Ai(4)-Drana Vampires' Main phase, precombat
Land: Ai(4)-Drana Vampires played Swamp (360)
Phase: Ai(4)-Drana Vampires' Beginning of Combat Step
Phase: Ai(4)-Drana Vampires' Declare Attackers Step
Combat: Ai(4)-Drana Vampires assigned Drana, Liberator of Malakir (402) to attack Ai(3)-Wyleth Voltron B3.
Phase: Ai(4)-Drana Vampires' Declare Blockers Step
Combat: Ai(3)-Wyleth Voltron B3 didn't block Drana, Liberator of Malakir (402).
Phase: Ai(4)-Drana Vampires' First Strike Damage Step
Damage: Drana, Liberator of Malakir (402) deals 2 combat damage to Ai(3)-Wyleth Voltron B3.
Life: Life: Ai(3)-Wyleth Voltron B3 39 > 37
Add To Stack: Ai(4)-Drana Vampires triggered Drana, Liberator of Malakir
Resolve Stack: Whenever Drana, Liberator of Malakir deals combat damage to a player, put a +1/+1 counter on each attacking creature you control. [Damage Source: Drana, Liberator of Malakir (402), Damaged: Ai(3)-Wyleth Voltron B3, Amount: 2]
Phase: Ai(4)-Drana Vampires' Combat Damage Step
Phase: Ai(4)-Drana Vampires' End of Combat Step
Phase: Ai(4)-Drana Vampires' Main phase, postcombat
Mana: Swamp (380) - {T}: Add {B}.
Mana: Swamp (396) - {T}: Add {B}.
Mana: Swamp (389) - {T}: Add {B}.
Mana: Swamp (360) - {T}: Add {B}.
Add To Stack: Ai(4)-Drana Vampires cast Bloodline Keeper
Resolve Stack: Bloodline Keeper - Creature 3 / 3
Phase: Ai(4)-Drana Vampires' End step
Phase: Ai(4)-Drana Vampires' Cleanup step
Turn: Turn 17 (Ai(1)-Kilo Helm Final)
Phase: Ai(1)-Kilo Helm Final's Untap step
Phase: Ai(1)-Kilo Helm Final's Upkeep step
Phase: Ai(1)-Kilo Helm Final's Draw step
Phase: Ai(1)-Kilo Helm Final's Main phase, precombat
Phase: Ai(1)-Kilo Helm Final's Beginning of Combat Step
Phase: Ai(1)-Kilo Helm Final's Declare Attackers Step
Phase: Ai(1)-Kilo Helm Final's Declare Blockers Step
Phase: Ai(1)-Kilo Helm Final's First Strike Damage Step
Phase: Ai(1)-Kilo Helm Final's Combat Damage Step
Phase: Ai(1)-Kilo Helm Final's End of Combat Step
Phase: Ai(1)-Kilo Helm Final's Main phase, postcombat
Mana: Island (62) - {T}: Add {U}.
Mana: Karn's Bastion (19) - {T}: Add {C}.
Add To Stack: Ai(1)-Kilo Helm Final cast Emry, Lurker of the Loch
Resolve Stack: Emry, Lurker of the Loch - Creature 1 / 2
Add To Stack: Ai(1)-Kilo Helm Final triggered Emry, Lurker of the Loch
Zone Change: Ai(1)-Kilo Helm Final milled Filigree Vector (67), Angel of the Ruins (5), Cascade Bluffs (22) and Mindless Automaton (68).
Resolve Stack: When Emry, Lurker of the Loch enters, mill four cards. [Zone Changer: Emry, Lurker of the Loch (47)]
Add To Stack: Ai(1)-Kilo Helm Final activated Adagia, Windswept Bastion
Resolve Stack: Adagia, Windswept Bastion (58) - Ai(1)-Kilo Helm Final puts a charge counter on Adagia, Windswept Bastion (58).
Phase: Ai(1)-Kilo Helm Final's End step
Phase: Ai(1)-Kilo Helm Final's Cleanup step
Discard: Ai(1)-Kilo Helm Final discards All Will Be One (90).
Turn: Turn 18 (Ai(2)-Wilhelt Zombies B3)
Phase: Ai(2)-Wilhelt Zombies B3's Untap step
Phase: Ai(2)-Wilhelt Zombies B3's Upkeep step
Phase: Ai(2)-Wilhelt Zombies B3's Draw step
Phase: Ai(2)-Wilhelt Zombies B3's Main phase, precombat
Phase: Ai(2)-Wilhelt Zombies B3's Beginning of Combat Step
Phase: Ai(2)-Wilhelt Zombies B3's Declare Attackers Step
Phase: Ai(2)-Wilhelt Zombies B3's Declare Blockers Step
Phase: Ai(2)-Wilhelt Zombies B3's First Strike Damage Step
Phase: Ai(2)-Wilhelt Zombies B3's Combat Damage Step
Phase: Ai(2)-Wilhelt Zombies B3's End of Combat Step
Phase: Ai(2)-Wilhelt Zombies B3's Main phase, postcombat
Mana: Swamp (184) - {T}: Add {B}.
Mana: Arcane Signet (194) - {T}: Add one mana of any color in your commander's color identity.
Mana: Island (141) - {T}: Add {U}.
Add To Stack: Ai(2)-Wilhelt Zombies B3 cast Phyrexian Arena
Resolve Stack: Phyrexian Arena
Phase: Ai(2)-Wilhelt Zombies B3's End step
Phase: Ai(2)-Wilhelt Zombies B3's Cleanup step
Turn: Turn 19 (Ai(3)-Wyleth Voltron B3)
Phase: Ai(3)-Wyleth Voltron B3's Untap step
Phase: Ai(3)-Wyleth Voltron B3's Upkeep step
Mana: Plains (260) - {T}: Add {W}.
Add To Stack: Ai(3)-Wyleth Voltron B3 cast Tear targeting [Phyrexian Arena (161)]
Zone Change: Phyrexian Arena (161) was put into Graveyard from Battlefield.
Resolve Stack: Tear (205) - Destroy Phyrexian Arena (161).
Phase: Ai(3)-Wyleth Voltron B3's Draw step
Phase: Ai(3)-Wyleth Voltron B3's Main phase, precombat
Mana: Mountain (278) - {T}: Add {R}.
Mana: Buried Ruin (217) - {T}: Add {C}.
Mana: Hanweir Battlements (243) - {T}: Add {C}.
Add To Stack: Ai(3)-Wyleth Voltron B3 cast Whispersilk Cloak
Resolve Stack: Whispersilk Cloak
Phase: Ai(3)-Wyleth Voltron B3's Beginning of Combat Step
Phase: Ai(3)-Wyleth Voltron B3's Declare Attackers Step
Phase: Ai(3)-Wyleth Voltron B3's Declare Blockers Step
Phase: Ai(3)-Wyleth Voltron B3's First Strike Damage Step
Phase: Ai(3)-Wyleth Voltron B3's Combat Damage Step
Phase: Ai(3)-Wyleth Voltron B3's End of Combat Step
Phase: Ai(3)-Wyleth Voltron B3's Main phase, postcombat
Replacement Effect: Temple of Triumph enters tapped.
Land: Ai(3)-Wyleth Voltron B3 played Temple of Triumph (275)
Add To Stack: Ai(3)-Wyleth Voltron B3 triggered Temple of Triumph
Resolve Stack: Ai(3)-Wyleth Voltron B3 scried 1 card(s) to the top of the library
Resolve Stack: When Temple of Triumph enters, scry 1. [Zone Changer: Temple of Triumph (275)]
Phase: Ai(3)-Wyleth Voltron B3's End step
Phase: Ai(3)-Wyleth Voltron B3's Cleanup step
Turn: Turn 20 (Ai(4)-Drana Vampires)
Phase: Ai(4)-Drana Vampires' Untap step
Phase: Ai(4)-Drana Vampires' Upkeep step
Phase: Ai(4)-Drana Vampires' Draw step
Phase: Ai(4)-Drana Vampires' Main phase, precombat
Land: Ai(4)-Drana Vampires played Swamp (363)
Phase: Ai(4)-Drana Vampires' Beginning of Combat Step
Phase: Ai(4)-Drana Vampires' Declare Attackers Step
Combat: Ai(4)-Drana Vampires assigned Drana, Liberator of Malakir (402) and Bloodline Keeper (330) to attack Ai(3)-Wyleth Voltron B3.
Phase: Ai(4)-Drana Vampires' Declare Blockers Step
Combat: Ai(3)-Wyleth Voltron B3 didn't block Drana, Liberator of Malakir (402).
Ai(3)-Wyleth Voltron B3 didn't block Bloodline Keeper (330).
Phase: Ai(4)-Drana Vampires' First Strike Damage Step
Damage: Drana, Liberator of Malakir (402) deals 3 combat damage to Ai(3)-Wyleth Voltron B3.
Life: Life: Ai(3)-Wyleth Voltron B3 37 > 34
Add To Stack: Ai(4)-Drana Vampires triggered Drana, Liberator of Malakir
Resolve Stack: Whenever Drana, Liberator of Malakir deals combat damage to a player, put a +1/+1 counter on each attacking creature you control. [Damage Source: Drana, Liberator of Malakir (402), Damaged: Ai(3)-Wyleth Voltron B3, Amount: 3]
Phase: Ai(4)-Drana Vampires' Combat Damage Step
Damage: Bloodline Keeper (330) deals 4 combat damage to Ai(3)-Wyleth Voltron B3.
Life: Life: Ai(3)-Wyleth Voltron B3 34 > 30
Phase: Ai(4)-Drana Vampires' End of Combat Step
Phase: Ai(4)-Drana Vampires' Main phase, postcombat
Mana: Swamp (380) - {T}: Add {B}.
Mana: Swamp (396) - {T}: Add {B}.
Add To Stack: Ai(4)-Drana Vampires cast Arcane Signet
Resolve Stack: Arcane Signet
Mana: Swamp (389) - {T}: Add {B}.
Add To Stack: Ai(4)-Drana Vampires cast Sol Ring
Resolve Stack: Sol Ring
Phase: Ai(4)-Drana Vampires' End step
Phase: Ai(4)-Drana Vampires' Cleanup step
Turn: Turn 21 (Ai(1)-Kilo Helm Final)
Phase: Ai(1)-Kilo Helm Final's Untap step
Phase: Ai(1)-Kilo Helm Final's Upkeep step
Phase: Ai(1)-Kilo Helm Final's Draw step
Phase: Ai(1)-Kilo Helm Final's Main phase, precombat
Phase: Ai(1)-Kilo Helm Final's Beginning of Combat Step
Phase: Ai(1)-Kilo Helm Final's Declare Attackers Step
Combat: Ai(1)-Kilo Helm Final assigned Emry, Lurker of the Loch (47) to attack Ai(4)-Drana Vampires.
Phase: Ai(1)-Kilo Helm Final's Declare Blockers Step
Combat: Ai(4)-Drana Vampires didn't block Emry, Lurker of the Loch (47).
Phase: Ai(1)-Kilo Helm Final's First Strike Damage Step
Phase: Ai(1)-Kilo Helm Final's Combat Damage Step
Damage: Emry, Lurker of the Loch (47) deals 1 combat damage to Ai(4)-Drana Vampires.
Life: Life: Ai(4)-Drana Vampires 41 > 40
Phase: Ai(1)-Kilo Helm Final's End of Combat Step
Phase: Ai(1)-Kilo Helm Final's Main phase, postcombat
Mana: Island (62) - {T}: Add {U}.
Mana: Karn's Bastion (19) - {T}: Add {C}.
Mana: Adagia, Windswept Bastion (58) - {T}: Add {W}.
Add To Stack: Ai(1)-Kilo Helm Final cast Tezzeret, Cruel Captain
Replacement Effect: Tezzeret, Cruel Captain enters with four loyalty counters on it.
Resolve Stack: Tezzeret, Cruel Captain
Add To Stack: Ai(1)-Kilo Helm Final activated Tezzeret, Cruel Captain
Resolve Stack: Tezzeret, Cruel Captain (51) - Search your library for an artifact card with mana value 1 or less, reveal it, put it into your hand, then shuffle.
Phase: Ai(1)-Kilo Helm Final's End step
Phase: Ai(1)-Kilo Helm Final's Cleanup step
Discard: Ai(1)-Kilo Helm Final discards Inexorable Tide (7).
Turn: Turn 22 (Ai(2)-Wilhelt Zombies B3)
Phase: Ai(2)-Wilhelt Zombies B3's Untap step
Phase: Ai(2)-Wilhelt Zombies B3's Upkeep step
Phase: Ai(2)-Wilhelt Zombies B3's Draw step
Phase: Ai(2)-Wilhelt Zombies B3's Main phase, precombat
Phase: Ai(2)-Wilhelt Zombies B3's Beginning of Combat Step
Phase: Ai(2)-Wilhelt Zombies B3's Declare Attackers Step
Combat: Ai(2)-Wilhelt Zombies B3 assigned Lord of the Accursed (158) to attack Tezzeret, Cruel Captain (51).
Phase: Ai(2)-Wilhelt Zombies B3's Declare Blockers Step
Combat: Ai(1)-Kilo Helm Final didn't block Lord of the Accursed (158).
Phase: Ai(2)-Wilhelt Zombies B3's First Strike Damage Step
Phase: Ai(2)-Wilhelt Zombies B3's Combat Damage Step
Zone Change: Tezzeret, Cruel Captain (51) was put into Graveyard from Battlefield.
Phase: Ai(2)-Wilhelt Zombies B3's End of Combat Step
Phase: Ai(2)-Wilhelt Zombies B3's Main phase, postcombat
Phase: Ai(2)-Wilhelt Zombies B3's End step
Phase: Ai(2)-Wilhelt Zombies B3's Cleanup step
Turn: Turn 23 (Ai(3)-Wyleth Voltron B3)
Phase: Ai(3)-Wyleth Voltron B3's Untap step
Phase: Ai(3)-Wyleth Voltron B3's Upkeep step
Mana: Mountain (278) - {T}: Add {R}.
Mana: Plains (260) - {T}: Add {W}.
Add To Stack: Ai(3)-Wyleth Voltron B3 activated Whispersilk Cloak targeting [Wyleth, Soul of Steel (301)]
Resolve Stack: Whispersilk Cloak (224) -  Attach to Wyleth, Soul of Steel (301)
Phase: Ai(3)-Wyleth Voltron B3's Draw step
Phase: Ai(3)-Wyleth Voltron B3's Main phase, precombat
Land: Ai(3)-Wyleth Voltron B3 played Mountain (283)
Mana: Mountain (283) - {T}: Add {R}.
Mana: Temple of Triumph (275) - {T}: Add {R} or {W}.
Add To Stack: Ai(3)-Wyleth Voltron B3 cast Mask of Memory
Resolve Stack: Mask of Memory
Mana: Buried Ruin (217) - {T}: Add {C}.
Add To Stack: Ai(3)-Wyleth Voltron B3 activated Mask of Memory targeting [Leonin Shikari (274)]
Resolve Stack: Mask of Memory (241) -  Attach to Leonin Shikari (274)
Phase: Ai(3)-Wyleth Voltron B3's Beginning of Combat Step
Phase: Ai(3)-Wyleth Voltron B3's Declare Attackers Step
Combat: Ai(3)-Wyleth Voltron B3 assigned Wyleth, Soul of Steel (301) and Leonin Shikari (274) to attack Ai(4)-Drana Vampires.
Add To Stack: Ai(3)-Wyleth Voltron B3 triggered Wyleth, Soul of Steel
Resolve Stack: Whenever Wyleth, Soul of Steel attacks, draw a card for each Aura and Equipment attached to it. [Attacker: Wyleth, Soul of Steel (301)]
Phase: Ai(3)-Wyleth Voltron B3's Declare Blockers Step
Combat: Ai(4)-Drana Vampires didn't block Wyleth, Soul of Steel (301).
Ai(4)-Drana Vampires didn't block Leonin Shikari (274).
Phase: Ai(3)-Wyleth Voltron B3's First Strike Damage Step
Phase: Ai(3)-Wyleth Voltron B3's Combat Damage Step
Damage: Wyleth, Soul of Steel (301) deals 2 combat damage to Ai(4)-Drana Vampires.
Damage: Leonin Shikari (274) deals 2 combat damage to Ai(4)-Drana Vampires.
Life: Life: Ai(4)-Drana Vampires 40 > 36
Add To Stack: Ai(3)-Wyleth Voltron B3 triggered Mask of Memory
Discard: Ai(3)-Wyleth Voltron B3 discards Sacred Foundry (226).
Resolve Stack: Whenever equipped creature deals combat damage to a player, you may draw two cards. If you do, discard a card. [Damage Source: Leonin Shikari (274), Damaged: Ai(4)-Drana Vampires, Amount: 2]
Phase: Ai(3)-Wyleth Voltron B3's End of Combat Step
Phase: Ai(3)-Wyleth Voltron B3's Main phase, postcombat
Phase: Ai(3)-Wyleth Voltron B3's End step
Phase: Ai(3)-Wyleth Voltron B3's Cleanup step
Turn: Turn 24 (Ai(4)-Drana Vampires)
Phase: Ai(4)-Drana Vampires' Untap step
Phase: Ai(4)-Drana Vampires' Upkeep step
Phase: Ai(4)-Drana Vampires' Draw step
Phase: Ai(4)-Drana Vampires' Main phase, precombat
Land: Ai(4)-Drana Vampires played Swamp (373)
Phase: Ai(4)-Drana Vampires' Beginning of Combat Step
Phase: Ai(4)-Drana Vampires' Declare Attackers Step
Combat: Ai(4)-Drana Vampires assigned Drana, Liberator of Malakir (402) and Bloodline Keeper (330) to attack Ai(3)-Wyleth Voltron B3.
Phase: Ai(4)-Drana Vampires' Declare Blockers Step
Combat: Ai(3)-Wyleth Voltron B3 didn't block Drana, Liberator of Malakir (402).
Ai(3)-Wyleth Voltron B3 didn't block Bloodline Keeper (330).
Phase: Ai(4)-Drana Vampires' First Strike Damage Step
Damage: Drana, Liberator of Malakir (402) deals 4 combat damage to Ai(3)-Wyleth Voltron B3.
Life: Life: Ai(3)-Wyleth Voltron B3 30 > 26
Add To Stack: Ai(4)-Drana Vampires triggered Drana, Liberator of Malakir
Resolve Stack: Whenever Drana, Liberator of Malakir deals combat damage to a player, put a +1/+1 counter on each attacking creature you control. [Damage Source: Drana, Liberator of Malakir (402), Damaged: Ai(3)-Wyleth Voltron B3, Amount: 4]
Phase: Ai(4)-Drana Vampires' Combat Damage Step
Damage: Bloodline Keeper (330) deals 5 combat damage to Ai(3)-Wyleth Voltron B3.
Life: Life: Ai(3)-Wyleth Voltron B3 26 > 21
Phase: Ai(4)-Drana Vampires' End of Combat Step
Phase: Ai(4)-Drana Vampires' Main phase, postcombat
Phase: Ai(4)-Drana Vampires' End step
Phase: Ai(4)-Drana Vampires' Cleanup step
Turn: Turn 25 (Ai(1)-Kilo Helm Final)
Phase: Ai(1)-Kilo Helm Final's Untap step
Phase: Ai(1)-Kilo Helm Final's Upkeep step
Phase: Ai(1)-Kilo Helm Final's Draw step
Phase: Ai(1)-Kilo Helm Final's Main phase, precombat
Phase: Ai(1)-Kilo Helm Final's Beginning of Combat Step
Phase: Ai(1)-Kilo Helm Final's Declare Attackers Step
Combat: Ai(1)-Kilo Helm Final assigned Emry, Lurker of the Loch (47) to attack Ai(4)-Drana Vampires.
Phase: Ai(1)-Kilo Helm Final's Declare Blockers Step
Combat: Ai(4)-Drana Vampires didn't block Emry, Lurker of the Loch (47).
Phase: Ai(1)-Kilo Helm Final's First Strike Damage Step
Phase: Ai(1)-Kilo Helm Final's Combat Damage Step
Damage: Emry, Lurker of the Loch (47) deals 1 combat damage to Ai(4)-Drana Vampires.
Life: Life: Ai(4)-Drana Vampires 36 > 35
Phase: Ai(1)-Kilo Helm Final's End of Combat Step
Phase: Ai(1)-Kilo Helm Final's Main phase, postcombat
Mana: Island (62) - {T}: Add {U}.
Mana: Karn's Bastion (19) - {T}: Add {C}.
Add To Stack: Ai(1)-Kilo Helm Final cast Walking Ballista
Replacement Effect: Walking Ballista enters with X +1/+1 counters on it.
Resolve Stack: Walking Ballista - Creature 0 / 0 (X=1)
Add To Stack: Ai(1)-Kilo Helm Final activated Adagia, Windswept Bastion
Resolve Stack: Adagia, Windswept Bastion (58) - Ai(1)-Kilo Helm Final puts a charge counter on Adagia, Windswept Bastion (58).
Phase: Ai(1)-Kilo Helm Final's End step
Phase: Ai(1)-Kilo Helm Final's Cleanup step
Turn: Turn 26 (Ai(2)-Wilhelt Zombies B3)
Phase: Ai(2)-Wilhelt Zombies B3's Untap step
Phase: Ai(2)-Wilhelt Zombies B3's Upkeep step
Phase: Ai(2)-Wilhelt Zombies B3's Draw step
Phase: Ai(2)-Wilhelt Zombies B3's Main phase, precombat
Phase: Ai(2)-Wilhelt Zombies B3's Beginning of Combat Step
Phase: Ai(2)-Wilhelt Zombies B3's Declare Attackers Step
Combat: Ai(2)-Wilhelt Zombies B3 assigned Lord of the Accursed (158) to attack Ai(4)-Drana Vampires.
Phase: Ai(2)-Wilhelt Zombies B3's Declare Blockers Step
Combat: Ai(4)-Drana Vampires didn't block Lord of the Accursed (158).
Phase: Ai(2)-Wilhelt Zombies B3's First Strike Damage Step
Phase: Ai(2)-Wilhelt Zombies B3's Combat Damage Step
Damage: Lord of the Accursed (158) deals 2 combat damage to Ai(4)-Drana Vampires.
Life: Life: Ai(4)-Drana Vampires 35 > 33
Phase: Ai(2)-Wilhelt Zombies B3's End of Combat Step
Phase: Ai(2)-Wilhelt Zombies B3's Main phase, postcombat
Phase: Ai(2)-Wilhelt Zombies B3's End step
Phase: Ai(2)-Wilhelt Zombies B3's Cleanup step
Discard: Ai(2)-Wilhelt Zombies B3 discards Army of the Damned (133).
Turn: Turn 27 (Ai(3)-Wyleth Voltron B3)
Phase: Ai(3)-Wyleth Voltron B3's Untap step
Phase: Ai(3)-Wyleth Voltron B3's Upkeep step
Phase: Ai(3)-Wyleth Voltron B3's Draw step
Phase: Ai(3)-Wyleth Voltron B3's Main phase, precombat
Land: Ai(3)-Wyleth Voltron B3 played Mountain (281)
Mana: Mountain (278) - {T}: Add {R}.
Mana: Mountain (283) - {T}: Add {R}.
Mana: Mountain (281) - {T}: Add {R}.
Mana: Plains (260) - {T}: Add {W}.
Add To Stack: Ai(3)-Wyleth Voltron B3 cast Hammer of Nazahn
Resolve Stack: Hammer of Nazahn
Add To Stack: Ai(3)-Wyleth Voltron B3 triggered Hammer of Nazahn targeting [Leonin Shikari (274)]
Resolve Stack: Whenever Hammer of Nazahn or another Equipment you control enters, you may attach that Equipment to target creature you control. (Targeting: [[Leonin Shikari (274)]]) [Zone Changer: Hammer of Nazahn (207)]
Mana: Temple of Triumph (275) - {T}: Add {R} or {W}.
Mana: Buried Ruin (217) - {T}: Add {C}.
Mana: Hanweir Battlements (243) - {T}: Add {C}.
Add To Stack: Ai(3)-Wyleth Voltron B3 cast Loxodon Warhammer
Resolve Stack: Loxodon Warhammer
Add To Stack: Ai(3)-Wyleth Voltron B3 triggered Hammer of Nazahn targeting [Leonin Shikari (274)]
Resolve Stack: Whenever Hammer of Nazahn or another Equipment you control enters, you may attach that Equipment to target creature you control. (Targeting: [[Leonin Shikari (274)]]) [Zone Changer: Loxodon Warhammer (299)]
Phase: Ai(3)-Wyleth Voltron B3's Beginning of Combat Step
Phase: Ai(3)-Wyleth Voltron B3's Declare Attackers Step
Combat: Ai(3)-Wyleth Voltron B3 assigned Wyleth, Soul of Steel (301) and Leonin Shikari (274) to attack Ai(4)-Drana Vampires.
Add To Stack: Ai(3)-Wyleth Voltron B3 triggered Wyleth, Soul of Steel
Resolve Stack: Whenever Wyleth, Soul of Steel attacks, draw a card for each Aura and Equipment attached to it. [Attacker: Wyleth, Soul of Steel (301)]
Phase: Ai(3)-Wyleth Voltron B3's Declare Blockers Step
Combat: Ai(4)-Drana Vampires didn't block Wyleth, Soul of Steel (301).
Ai(4)-Drana Vampires didn't block Leonin Shikari (274).
Phase: Ai(3)-Wyleth Voltron B3's First Strike Damage Step
Phase: Ai(3)-Wyleth Voltron B3's Combat Damage Step
Damage: Wyleth, Soul of Steel (301) deals 2 combat damage to Ai(4)-Drana Vampires.
Damage: Leonin Shikari (274) deals 7 combat damage to Ai(4)-Drana Vampires.
Life: Life: Ai(3)-Wyleth Voltron B3 21 > 28
Life: Life: Ai(4)-Drana Vampires 33 > 24
Add To Stack: Ai(3)-Wyleth Voltron B3 triggered Mask of Memory
Discard: Ai(3)-Wyleth Voltron B3 discards Boros Signet (237).
Resolve Stack: Whenever equipped creature deals combat damage to a player, you may draw two cards. If you do, discard a card. [Damage Source: Leonin Shikari (274), Damaged: Ai(4)-Drana Vampires, Amount: 7]
Phase: Ai(3)-Wyleth Voltron B3's End of Combat Step
Phase: Ai(3)-Wyleth Voltron B3's Main phase, postcombat
Phase: Ai(3)-Wyleth Voltron B3's End step
Phase: Ai(3)-Wyleth Voltron B3's Cleanup step
Turn: Turn 28 (Ai(4)-Drana Vampires)
Phase: Ai(4)-Drana Vampires' Untap step
Phase: Ai(4)-Drana Vampires' Upkeep step
Phase: Ai(4)-Drana Vampires' Draw step
Phase: Ai(4)-Drana Vampires' Main phase, precombat
Land: Ai(4)-Drana Vampires played Swamp (393)
Mana: Swamp (380) - {T}: Add {B}.
Mana: Swamp (396) - {T}: Add {B}.
Mana: Sol Ring (311) - {T}: Add {C}{C}.
Add To Stack: Ai(4)-Drana Vampires cast Languish
Add To Stack: Ai(1)-Kilo Helm Final activated Walking Ballista targeting [Ai(4)-Drana Vampires]
Zone Change: Walking Ballista (36) was put into Graveyard from Battlefield.
Damage: Walking Ballista (36) deals 1 non-combat damage to Ai(4)-Drana Vampires.
Life: Life: Ai(4)-Drana Vampires 24 > 23
Resolve Stack: Walking Ballista (36) - Walking Ballista (36) deals 1 damage to Ai(4)-Drana Vampires.
Resolve Stack: Languish (325) - All creatures get -4/-4 until end of turn.
Zone Change: Emry, Lurker of the Loch (47) was put into Graveyard from Battlefield.
Zone Change: Lord of the Accursed (158) was put into Graveyard from Battlefield.
Zone Change: Wyleth, Soul of Steel (301) was put into Graveyard from Battlefield.
Zone Change: Leonin Shikari (274) was put into Graveyard from Battlefield.
Mana: Swamp (389) - {T}: Add {B}.
Mana: Swamp (360) - {T}: Add {B}.
Mana: Swamp (363) - {T}: Add {B}.
Mana: Arcane Signet (399) - {T}: Add one mana of any color in your commander's color identity.
Add To Stack: Ai(4)-Drana Vampires cast Whip of Erebos
Resolve Stack: Whip of Erebos
Phase: Ai(4)-Drana Vampires' Beginning of Combat Step
Phase: Ai(4)-Drana Vampires' Declare Attackers Step
Combat: Ai(4)-Drana Vampires assigned Drana, Liberator of Malakir (402) and Bloodline Keeper (330) to attack Ai(3)-Wyleth Voltron B3.
Phase: Ai(4)-Drana Vampires' Declare Blockers Step
Combat: Ai(3)-Wyleth Voltron B3 didn't block Drana, Liberator of Malakir (402).
Ai(3)-Wyleth Voltron B3 didn't block Bloodline Keeper (330).
Phase: Ai(4)-Drana Vampires' First Strike Damage Step
Damage: Drana, Liberator of Malakir (402) deals 1 combat damage to Ai(3)-Wyleth Voltron B3.
Life: Life: Ai(4)-Drana Vampires 23 > 24
Life: Life: Ai(3)-Wyleth Voltron B3 28 > 27
Add To Stack: Ai(4)-Drana Vampires triggered Drana, Liberator of Malakir
Resolve Stack: Whenever Drana, Liberator of Malakir deals combat damage to a player, put a +1/+1 counter on each attacking creature you control. [Damage Source: Drana, Liberator of Malakir (402), Damaged: Ai(3)-Wyleth Voltron B3, Amount: 1]
Phase: Ai(4)-Drana Vampires' Combat Damage Step
Damage: Bloodline Keeper (330) deals 2 combat damage to Ai(3)-Wyleth Voltron B3.
Life: Life: Ai(4)-Drana Vampires 24 > 26
Life: Life: Ai(3)-Wyleth Voltron B3 27 > 25
Phase: Ai(4)-Drana Vampires' End of Combat Step
Phase: Ai(4)-Drana Vampires' Main phase, postcombat
Phase: Ai(4)-Drana Vampires' End step
Phase: Ai(4)-Drana Vampires' Cleanup step
Turn: Turn 29 (Ai(1)-Kilo Helm Final)
Phase: Ai(1)-Kilo Helm Final's Untap step
Phase: Ai(1)-Kilo Helm Final's Upkeep step
Phase: Ai(1)-Kilo Helm Final's Draw step
Phase: Ai(1)-Kilo Helm Final's Main phase, precombat
Land: Ai(1)-Kilo Helm Final played Exotic Orchard (99)
Mana: Exotic Orchard (99) - {T}: Add one mana of any color that a land an opponent controls could produce.
Mana: Adagia, Windswept Bastion (58) - {T}: Add {W}.
Mana: Island (62) - {T}: Add {U}.
Add To Stack: Ai(1)-Kilo Helm Final cast Kilo, Apogee Mind
Resolve Stack: Kilo, Apogee Mind - Creature 3 / 3
Phase: Ai(1)-Kilo Helm Final's Beginning of Combat Step
Phase: Ai(1)-Kilo Helm Final's Declare Attackers Step
Combat: Ai(1)-Kilo Helm Final assigned Kilo, Apogee Mind (100) to attack Ai(4)-Drana Vampires.
Add To Stack: Ai(1)-Kilo Helm Final triggered Kilo, Apogee Mind
Resolve Stack: Whenever Kilo becomes tapped, proliferate. (Choose any number of permanents and/or players, then give each another counter of each kind already there.) [Tapped: Kilo, Apogee Mind (100)]
Phase: Ai(1)-Kilo Helm Final's Declare Blockers Step
Combat: Ai(4)-Drana Vampires didn't block Kilo, Apogee Mind (100).
Phase: Ai(1)-Kilo Helm Final's First Strike Damage Step
Phase: Ai(1)-Kilo Helm Final's Combat Damage Step
Damage: Kilo, Apogee Mind (100) deals 3 combat damage to Ai(4)-Drana Vampires.
Life: Life: Ai(4)-Drana Vampires 26 > 23
Phase: Ai(1)-Kilo Helm Final's End of Combat Step
Phase: Ai(1)-Kilo Helm Final's Main phase, postcombat
Phase: Ai(1)-Kilo Helm Final's End step
Phase: Ai(1)-Kilo Helm Final's Cleanup step
Turn: Turn 30 (Ai(2)-Wilhelt Zombies B3)
Phase: Ai(2)-Wilhelt Zombies B3's Untap step
Phase: Ai(2)-Wilhelt Zombies B3's Upkeep step
Phase: Ai(2)-Wilhelt Zombies B3's Draw step
Phase: Ai(2)-Wilhelt Zombies B3's Main phase, precombat
Phase: Ai(2)-Wilhelt Zombies B3's Beginning of Combat Step
Phase: Ai(2)-Wilhelt Zombies B3's Declare Attackers Step
Phase: Ai(2)-Wilhelt Zombies B3's Declare Blockers Step
Phase: Ai(2)-Wilhelt Zombies B3's First Strike Damage Step
Phase: Ai(2)-Wilhelt Zombies B3's Combat Damage Step
Phase: Ai(2)-Wilhelt Zombies B3's End of Combat Step
Phase: Ai(2)-Wilhelt Zombies B3's Main phase, postcombat
Mana: Swamp (184) - {T}: Add {B}.
Mana: Island (141) - {T}: Add {U}.
Mana: Arcane Signet (194) - {T}: Add one mana of any color in your commander's color identity.
Add To Stack: Ai(2)-Wilhelt Zombies B3 cast Midnight Reaper
Resolve Stack: Midnight Reaper - Creature 3 / 2
Phase: Ai(2)-Wilhelt Zombies B3's End step
Phase: Ai(2)-Wilhelt Zombies B3's Cleanup step
Turn: Turn 31 (Ai(3)-Wyleth Voltron B3)
Phase: Ai(3)-Wyleth Voltron B3's Untap step
Phase: Ai(3)-Wyleth Voltron B3's Upkeep step
Phase: Ai(3)-Wyleth Voltron B3's Draw step
Phase: Ai(3)-Wyleth Voltron B3's Main phase, precombat
Land: Ai(3)-Wyleth Voltron B3 played Mountain (287)
Mana: Plains (260) - {T}: Add {W}.
Mana: Mountain (278) - {T}: Add {R}.
Mana: Mountain (283) - {T}: Add {R}.
Mana: Mountain (281) - {T}: Add {R}.
Mana: Mountain (287) - {T}: Add {R}.
Add To Stack: Ai(3)-Wyleth Voltron B3 cast Wyleth, Soul of Steel
Resolve Stack: Wyleth, Soul of Steel - Creature 2 / 2
Mana: Temple of Triumph (275) - {T}: Add {R} or {W}.
Mana: Buried Ruin (217) - {T}: Add {C}.
Mana: Hanweir Battlements (243) - {T}: Add {C}.
Add To Stack: Ai(3)-Wyleth Voltron B3 cast Chaos Warp targeting [Drana, Liberator of Malakir (402)]
Add To Stack: Ai(1)-Kilo Helm Final cast Fierce Guardianship targeting [The owner of target permanent shuffles it into their library, then reveals the top card of their library. If it's a permanent card, they put it onto the battlefield. ]
Zone Change: Send countered spell to Graveyard
Resolve Stack: Fierce Guardianship (17) - Counter Chaos Warp (234).
Phase: Ai(3)-Wyleth Voltron B3's Beginning of Combat Step
Phase: Ai(3)-Wyleth Voltron B3's Declare Attackers Step
Phase: Ai(3)-Wyleth Voltron B3's Declare Blockers Step
Phase: Ai(3)-Wyleth Voltron B3's First Strike Damage Step
Phase: Ai(3)-Wyleth Voltron B3's Combat Damage Step
Phase: Ai(3)-Wyleth Voltron B3's End of Combat Step
Phase: Ai(3)-Wyleth Voltron B3's Main phase, postcombat
Phase: Ai(3)-Wyleth Voltron B3's End step
Phase: Ai(3)-Wyleth Voltron B3's Cleanup step
Turn: Turn 32 (Ai(4)-Drana Vampires)
Phase: Ai(4)-Drana Vampires' Untap step
Phase: Ai(4)-Drana Vampires' Upkeep step
Phase: Ai(4)-Drana Vampires' Draw step
Phase: Ai(4)-Drana Vampires' Main phase, precombat
Land: Ai(4)-Drana Vampires played Swamp (385)
Mana: Swamp (380) - {T}: Add {B}.
Mana: Swamp (396) - {T}: Add {B}.
Mana: Sol Ring (311) - {T}: Add {C}{C}.
Add To Stack: Ai(4)-Drana Vampires activated Whip of Erebos targeting [Zulaport Cutthroat (323)]
Resolve Stack: Whip of Erebos (317) - Return Zulaport Cutthroat (323) from the graveyard to the battlefield. It gains haste. Exile it at the beginning of the next end step or if it would leave the battlefield. 
Phase: Ai(4)-Drana Vampires' Beginning of Combat Step
Phase: Ai(4)-Drana Vampires' Declare Attackers Step
Combat: Ai(4)-Drana Vampires assigned Zulaport Cutthroat (323), Drana, Liberator of Malakir (402) and Bloodline Keeper (330) to attack Ai(3)-Wyleth Voltron B3.
Phase: Ai(4)-Drana Vampires' Declare Blockers Step
Combat: Ai(3)-Wyleth Voltron B3 assigned Wyleth, Soul of Steel (301) to block Zulaport Cutthroat (323).
Ai(3)-Wyleth Voltron B3 didn't block Drana, Liberator of Malakir (402).
Ai(3)-Wyleth Voltron B3 didn't block Bloodline Keeper (330).
Phase: Ai(4)-Drana Vampires' First Strike Damage Step
Damage: Drana, Liberator of Malakir (402) deals 6 combat damage to Ai(3)-Wyleth Voltron B3.
Life: Life: Ai(4)-Drana Vampires 23 > 29
Life: Life: Ai(3)-Wyleth Voltron B3 25 > 19
Add To Stack: Ai(4)-Drana Vampires triggered Drana, Liberator of Malakir
Resolve Stack: Whenever Drana, Liberator of Malakir deals combat damage to a player, put a +1/+1 counter on each attacking creature you control. [Damage Source: Drana, Liberator of Malakir (402), Damaged: Ai(3)-Wyleth Voltron B3, Amount: 6]
Phase: Ai(4)-Drana Vampires' Combat Damage Step
Damage: Zulaport Cutthroat (323) deals 2 damage to Wyleth, Soul of Steel (301).
Life: Life: Ai(4)-Drana Vampires 29 > 31
Damage: Bloodline Keeper (330) deals 7 combat damage to Ai(3)-Wyleth Voltron B3.
Life: Life: Ai(4)-Drana Vampires 31 > 38
Damage: Wyleth, Soul of Steel (301) deals 2 damage to Zulaport Cutthroat (323).
Life: Life: Ai(3)-Wyleth Voltron B3 19 > 12
Zone Change: Zulaport Cutthroat (323) was put into Exile from Battlefield.
Replacement Effect: If Creature would leave the battlefield,  exile it instead of putting it anywhere else.
Zone Change: Wyleth, Soul of Steel (301) was put into Graveyard from Battlefield.
Phase: Ai(4)-Drana Vampires' End of Combat Step
Phase: Ai(4)-Drana Vampires' Main phase, postcombat
Mana: Swamp (389) - {T}: Add {B}.
Mana: Swamp (360) - {T}: Add {B}.
Mana: Swamp (363) - {T}: Add {B}.
Mana: Arcane Signet (399) - {T}: Add one mana of any color in your commander's color identity.
Mana: Swamp (373) - {T}: Add {B}.
Add To Stack: Ai(4)-Drana Vampires cast Bloodlord of Vaasgoth
Replacement Effect: Bloodthirst 3 (If an opponent was dealt damage this turn, this creature enters with three +1/+1 counters on it.)
Resolve Stack: Bloodlord of Vaasgoth - Creature 3 / 3
Phase: Ai(4)-Drana Vampires' End step
Add To Stack: Ai(4)-Drana Vampires triggered Whip of Erebos
Resolve Stack: Exile Zulaport Cutthroat (323) at the beginning of the next end step. ([Zulaport Cutthroat (323)]) [Phase: Ai(4)-Drana Vampires]
Phase: Ai(4)-Drana Vampires' Cleanup step
Turn: Turn 33 (Ai(1)-Kilo Helm Final)
Phase: Ai(1)-Kilo Helm Final's Untap step
Phase: Ai(1)-Kilo Helm Final's Upkeep step
Phase: Ai(1)-Kilo Helm Final's Draw step
Phase: Ai(1)-Kilo Helm Final's Main phase, precombat
Phase: Ai(1)-Kilo Helm Final's Beginning of Combat Step
Phase: Ai(1)-Kilo Helm Final's Declare Attackers Step
Phase: Ai(1)-Kilo Helm Final's Declare Blockers Step
Phase: Ai(1)-Kilo Helm Final's First Strike Damage Step
Phase: Ai(1)-Kilo Helm Final's Combat Damage Step
Phase: Ai(1)-Kilo Helm Final's End of Combat Step
Phase: Ai(1)-Kilo Helm Final's Main phase, postcombat
Mana: Island (62) - {T}: Add {U}.
Mana: Exotic Orchard (99) - {T}: Add one mana of any color that a land an opponent controls could produce.
Mana: Karn's Bastion (19) - {T}: Add {C}.
Mana: Adagia, Windswept Bastion (58) - {T}: Add {W}.
Add To Stack: Ai(1)-Kilo Helm Final cast Tekuthal, Inquiry Dominus
Resolve Stack: Tekuthal, Inquiry Dominus - Creature 3 / 5
Phase: Ai(1)-Kilo Helm Final's End step
Phase: Ai(1)-Kilo Helm Final's Cleanup step
Turn: Turn 34 (Ai(2)-Wilhelt Zombies B3)
Phase: Ai(2)-Wilhelt Zombies B3's Untap step
Phase: Ai(2)-Wilhelt Zombies B3's Upkeep step
Phase: Ai(2)-Wilhelt Zombies B3's Draw step
Phase: Ai(2)-Wilhelt Zombies B3's Main phase, precombat
Phase: Ai(2)-Wilhelt Zombies B3's Beginning of Combat Step
Phase: Ai(2)-Wilhelt Zombies B3's Declare Attackers Step
Phase: Ai(2)-Wilhelt Zombies B3's Declare Blockers Step
Phase: Ai(2)-Wilhelt Zombies B3's First Strike Damage Step
Phase: Ai(2)-Wilhelt Zombies B3's Combat Damage Step
Phase: Ai(2)-Wilhelt Zombies B3's End of Combat Step
Phase: Ai(2)-Wilhelt Zombies B3's Main phase, postcombat
Phase: Ai(2)-Wilhelt Zombies B3's End step
Phase: Ai(2)-Wilhelt Zombies B3's Cleanup step
Discard: Ai(2)-Wilhelt Zombies B3 discards Gray Merchant of Asphodel (116).
Turn: Turn 35 (Ai(3)-Wyleth Voltron B3)
Phase: Ai(3)-Wyleth Voltron B3's Untap step
Phase: Ai(3)-Wyleth Voltron B3's Upkeep step
Phase: Ai(3)-Wyleth Voltron B3's Draw step
Phase: Ai(3)-Wyleth Voltron B3's Main phase, precombat
Mana: Plains (260) - {T}: Add {W}.
Mana: Mountain (278) - {T}: Add {R}.
Mana: Mountain (283) - {T}: Add {R}.
Mana: Mountain (281) - {T}: Add {R}.
Mana: Mountain (287) - {T}: Add {R}.
Mana: Temple of Triumph (275) - {T}: Add {R} or {W}.
Mana: Buried Ruin (217) - {T}: Add {C}.
Add To Stack: Ai(3)-Wyleth Voltron B3 cast Wyleth, Soul of Steel
Resolve Stack: Wyleth, Soul of Steel - Creature 2 / 2
Mana: Hanweir Battlements (243) - {T}: Add {C}.
Add To Stack: Ai(3)-Wyleth Voltron B3 activated Mask of Memory targeting [Wyleth, Soul of Steel (301)]
Resolve Stack: Mask of Memory (241) -  Attach to Wyleth, Soul of Steel (301)
Phase: Ai(3)-Wyleth Voltron B3's Beginning of Combat Step
Phase: Ai(3)-Wyleth Voltron B3's Declare Attackers Step
Phase: Ai(3)-Wyleth Voltron B3's Declare Blockers Step
Phase: Ai(3)-Wyleth Voltron B3's First Strike Damage Step
Phase: Ai(3)-Wyleth Voltron B3's Combat Damage Step
Phase: Ai(3)-Wyleth Voltron B3's End of Combat Step
Phase: Ai(3)-Wyleth Voltron B3's Main phase, postcombat
Phase: Ai(3)-Wyleth Voltron B3's End step
Phase: Ai(3)-Wyleth Voltron B3's Cleanup step
Turn: Turn 36 (Ai(4)-Drana Vampires)
Phase: Ai(4)-Drana Vampires' Untap step
Phase: Ai(4)-Drana Vampires' Upkeep step
Phase: Ai(4)-Drana Vampires' Draw step
Phase: Ai(4)-Drana Vampires' Main phase, precombat
Phase: Ai(4)-Drana Vampires' Beginning of Combat Step
Phase: Ai(4)-Drana Vampires' Declare Attackers Step
Combat: Ai(4)-Drana Vampires assigned Drana, Liberator of Malakir (402), Bloodline Keeper (330) and Bloodlord of Vaasgoth (321) to attack Ai(3)-Wyleth Voltron B3.
Phase: Ai(4)-Drana Vampires' Declare Blockers Step
Combat: Ai(3)-Wyleth Voltron B3 didn't block Drana, Liberator of Malakir (402).
Ai(3)-Wyleth Voltron B3 didn't block Bloodline Keeper (330).
Ai(3)-Wyleth Voltron B3 didn't block Bloodlord of Vaasgoth (321).
Phase: Ai(4)-Drana Vampires' First Strike Damage Step
Damage: Drana, Liberator of Malakir (402) deals 7 combat damage to Ai(3)-Wyleth Voltron B3.
Life: Life: Ai(4)-Drana Vampires 38 > 45
Life: Life: Ai(3)-Wyleth Voltron B3 12 > 5
Add To Stack: Ai(4)-Drana Vampires triggered Drana, Liberator of Malakir
Resolve Stack: Whenever Drana, Liberator of Malakir deals combat damage to a player, put a +1/+1 counter on each attacking creature you control. [Damage Source: Drana, Liberator of Malakir (402), Damaged: Ai(3)-Wyleth Voltron B3, Amount: 7]
Phase: Ai(4)-Drana Vampires' Combat Damage Step
Phase: Ai(4)-Drana Vampires' End of Combat Step
Phase: Ai(4)-Drana Vampires' Main phase, postcombat
Mana: Swamp (380) - {T}: Add {B}.
Mana: Swamp (396) - {T}: Add {B}.
Mana: Sol Ring (311) - {T}: Add {C}{C}.
Add To Stack: Ai(4)-Drana Vampires cast Phyrexian Arena
Resolve Stack: Phyrexian Arena
Phase: Ai(4)-Drana Vampires' End step
Phase: Ai(4)-Drana Vampires' Cleanup step
Turn: Turn 37 (Ai(1)-Kilo Helm Final)
Phase: Ai(1)-Kilo Helm Final's Untap step
Phase: Ai(1)-Kilo Helm Final's Upkeep step
Phase: Ai(1)-Kilo Helm Final's Draw step
Phase: Ai(1)-Kilo Helm Final's Main phase, precombat
Land: Ai(1)-Kilo Helm Final played Inventors' Fair (2)
Phase: Ai(1)-Kilo Helm Final's Beginning of Combat Step
Phase: Ai(1)-Kilo Helm Final's Declare Attackers Step
Combat: Ai(1)-Kilo Helm Final assigned Kilo, Apogee Mind (100) and Tekuthal, Inquiry Dominus (27) to attack Ai(4)-Drana Vampires.
Add To Stack: Ai(1)-Kilo Helm Final triggered Kilo, Apogee Mind
Replacement Effect: If you would proliferate, proliferate twice instead.
Resolve Stack: Whenever Kilo becomes tapped, proliferate. (Choose any number of permanents and/or players, then give each another counter of each kind already there.) [Tapped: Kilo, Apogee Mind (100)]
Phase: Ai(1)-Kilo Helm Final's Declare Blockers Step
Combat: Ai(4)-Drana Vampires didn't block Kilo, Apogee Mind (100).
Ai(4)-Drana Vampires didn't block Tekuthal, Inquiry Dominus (27).
Phase: Ai(1)-Kilo Helm Final's First Strike Damage Step
Phase: Ai(1)-Kilo Helm Final's Combat Damage Step
Damage: Kilo, Apogee Mind (100) deals 3 combat damage to Ai(4)-Drana Vampires.
Damage: Tekuthal, Inquiry Dominus (27) deals 3 combat damage to Ai(4)-Drana Vampires.
Life: Life: Ai(4)-Drana Vampires 45 > 39
Phase: Ai(1)-Kilo Helm Final's End of Combat Step
Phase: Ai(1)-Kilo Helm Final's Main phase, postcombat
Mana: Exotic Orchard (99) - {T}: Add one mana of any color that a land an opponent controls could produce.
Mana: Island (62) - {T}: Add {U}.
Add To Stack: Ai(1)-Kilo Helm Final cast Arcane Signet
Resolve Stack: Arcane Signet
Mana: Arcane Signet (94) - {T}: Add one mana of any color in your commander's color identity.
Mana: Adagia, Windswept Bastion (58) - {T}: Add {W}.
Mana: Karn's Bastion (19) - {T}: Add {C}.
Add To Stack: Ai(1)-Kilo Helm Final cast The Seriema
Resolve Stack: The Seriema
Add To Stack: Ai(1)-Kilo Helm Final triggered The Seriema
Resolve Stack: When The Seriema enters, search your library for a legendary creature card, reveal it, put it into your hand, then shuffle. [Zone Changer: The Seriema (52)]
Phase: Ai(1)-Kilo Helm Final's End step
Phase: Ai(1)-Kilo Helm Final's Cleanup step
Turn: Turn 38 (Ai(2)-Wilhelt Zombies B3)
Phase: Ai(2)-Wilhelt Zombies B3's Untap step
Phase: Ai(2)-Wilhelt Zombies B3's Upkeep step
Phase: Ai(2)-Wilhelt Zombies B3's Draw step
Phase: Ai(2)-Wilhelt Zombies B3's Main phase, precombat
Phase: Ai(2)-Wilhelt Zombies B3's Beginning of Combat Step
Phase: Ai(2)-Wilhelt Zombies B3's Declare Attackers Step
Combat: Ai(2)-Wilhelt Zombies B3 assigned Midnight Reaper (163) to attack Ai(4)-Drana Vampires.
Phase: Ai(2)-Wilhelt Zombies B3's Declare Blockers Step
Combat: Ai(4)-Drana Vampires didn't block Midnight Reaper (163).
Phase: Ai(2)-Wilhelt Zombies B3's First Strike Damage Step
Phase: Ai(2)-Wilhelt Zombies B3's Combat Damage Step
Damage: Midnight Reaper (163) deals 3 combat damage to Ai(4)-Drana Vampires.
Life: Life: Ai(4)-Drana Vampires 39 > 36
Phase: Ai(2)-Wilhelt Zombies B3's End of Combat Step
Phase: Ai(2)-Wilhelt Zombies B3's Main phase, postcombat
Phase: Ai(2)-Wilhelt Zombies B3's End step
Phase: Ai(2)-Wilhelt Zombies B3's Cleanup step
Discard: Ai(2)-Wilhelt Zombies B3 discards Ravenous Rotbelly (156).
Turn: Turn 39 (Ai(4)-Drana Vampires)
Phase: Ai(4)-Drana Vampires' Untap step
Phase: Ai(4)-Drana Vampires' Upkeep step
Add To Stack: Ai(4)-Drana Vampires triggered Phyrexian Arena
Life: Life: Ai(4)-Drana Vampires 36 > 35
Resolve Stack: At the beginning of your upkeep, you draw a card and you lose 1 life. [Phase: Ai(4)-Drana Vampires]
Phase: Ai(4)-Drana Vampires' Draw step
Phase: Ai(4)-Drana Vampires' Main phase, precombat
Land: Ai(4)-Drana Vampires played Swamp (377)
Phase: Ai(4)-Drana Vampires' Beginning of Combat Step
Phase: Ai(4)-Drana Vampires' Declare Attackers Step
Combat: Ai(4)-Drana Vampires assigned Drana, Liberator of Malakir (402), Bloodline Keeper (330) and Bloodlord of Vaasgoth (321) to attack Ai(1)-Kilo Helm Final.
Phase: Ai(4)-Drana Vampires' Declare Blockers Step
Combat: Ai(1)-Kilo Helm Final didn't block Drana, Liberator of Malakir (402).
Ai(1)-Kilo Helm Final didn't block Bloodline Keeper (330).
Ai(1)-Kilo Helm Final didn't block Bloodlord of Vaasgoth (321).
Phase: Ai(4)-Drana Vampires' First Strike Damage Step
Damage: Drana, Liberator of Malakir (402) deals 8 combat damage to Ai(1)-Kilo Helm Final.
Life: Life: Ai(4)-Drana Vampires 35 > 43
Life: Life: Ai(1)-Kilo Helm Final 39 > 31
Add To Stack: Ai(4)-Drana Vampires triggered Drana, Liberator of Malakir
Resolve Stack: Whenever Drana, Liberator of Malakir deals combat damage to a player, put a +1/+1 counter on each attacking creature you control. [Damage Source: Drana, Liberator of Malakir (402), Damaged: Ai(1)-Kilo Helm Final, Amount: 8]
Phase: Ai(4)-Drana Vampires' Combat Damage Step
Damage: Bloodline Keeper (330) deals 9 combat damage to Ai(1)-Kilo Helm Final.
Life: Life: Ai(4)-Drana Vampires 43 > 52
Damage: Bloodlord of Vaasgoth (321) deals 8 combat damage to Ai(1)-Kilo Helm Final.
Life: Life: Ai(4)-Drana Vampires 52 > 60
Life: Life: Ai(1)-Kilo Helm Final 31 > 14
Phase: Ai(4)-Drana Vampires' End of Combat Step
Phase: Ai(4)-Drana Vampires' Main phase, postcombat
Phase: Ai(4)-Drana Vampires' End step
Phase: Ai(4)-Drana Vampires' Cleanup step
Turn: Turn 40 (Ai(1)-Kilo Helm Final)
Phase: Ai(1)-Kilo Helm Final's Untap step
Phase: Ai(1)-Kilo Helm Final's Upkeep step
Add To Stack: Ai(1)-Kilo Helm Final triggered Inventors' Fair
Life: Life: Ai(1)-Kilo Helm Final 14 > 15
Resolve Stack: At the beginning of your upkeep, if you control three or more artifacts, you gain 1 life. [Phase: Ai(1)-Kilo Helm Final]
Phase: Ai(1)-Kilo Helm Final's Draw step
Phase: Ai(1)-Kilo Helm Final's Main phase, precombat
Land: Ai(1)-Kilo Helm Final played The Mycosynth Gardens (61)
Mana: Arcane Signet (94) - {T}: Add one mana of any color in your commander's color identity.
Mana: Adagia, Windswept Bastion (58) - {T}: Add {W}.
Mana: Exotic Orchard (99) - {T}: Add one mana of any color that a land an opponent controls could produce.
Mana: Island (62) - {T}: Add {U}.
Mana: Karn's Bastion (19) - {T}: Add {C}.
Add To Stack: Ai(1)-Kilo Helm Final cast Alibou, Ancient Witness
Resolve Stack: Alibou, Ancient Witness - Creature 4 / 5
Phase: Ai(1)-Kilo Helm Final's Beginning of Combat Step
Phase: Ai(1)-Kilo Helm Final's Declare Attackers Step
Phase: Ai(1)-Kilo Helm Final's Declare Blockers Step
Phase: Ai(1)-Kilo Helm Final's First Strike Damage Step
Phase: Ai(1)-Kilo Helm Final's Combat Damage Step
Phase: Ai(1)-Kilo Helm Final's End of Combat Step
Phase: Ai(1)-Kilo Helm Final's Main phase, postcombat
Phase: Ai(1)-Kilo Helm Final's End step
Phase: Ai(1)-Kilo Helm Final's Cleanup step
Turn: Turn 41 (Ai(2)-Wilhelt Zombies B3)
Phase: Ai(2)-Wilhelt Zombies B3's Untap step
Phase: Ai(2)-Wilhelt Zombies B3's Upkeep step
Phase: Ai(2)-Wilhelt Zombies B3's Draw step
Phase: Ai(2)-Wilhelt Zombies B3's Main phase, precombat
Phase: Ai(2)-Wilhelt Zombies B3's Beginning of Combat Step
Phase: Ai(2)-Wilhelt Zombies B3's Declare Attackers Step
Combat: Ai(2)-Wilhelt Zombies B3 assigned Midnight Reaper (163) to attack Ai(4)-Drana Vampires.
Phase: Ai(2)-Wilhelt Zombies B3's Declare Blockers Step
Combat: Ai(4)-Drana Vampires didn't block Midnight Reaper (163).
Phase: Ai(2)-Wilhelt Zombies B3's First Strike Damage Step
Phase: Ai(2)-Wilhelt Zombies B3's Combat Damage Step
Damage: Midnight Reaper (163) deals 3 combat damage to Ai(4)-Drana Vampires.
Life: Life: Ai(4)-Drana Vampires 60 > 57
Phase: Ai(2)-Wilhelt Zombies B3's End of Combat Step
Phase: Ai(2)-Wilhelt Zombies B3's Main phase, postcombat
Mana: Swamp (184) - {T}: Add {B}.
Add To Stack: Ai(2)-Wilhelt Zombies B3 cast Gravecrawler
Mana: Inventors' Fair (2) - {T}: Add {C}.
Mana: The Mycosynth Gardens (61) - {T}: Add {C}.
Add To Stack: Ai(1)-Kilo Helm Final activated Insight Engine
Resolve Stack: Insight Engine (33) - Ai(1)-Kilo Helm Final puts a charge counter on Insight Engine (33) for each charge counter on it. Ai(1)-Kilo Helm Final draws a card.
Resolve Stack: Gravecrawler - Creature 2 / 1
Phase: Ai(2)-Wilhelt Zombies B3's End step
Phase: Ai(2)-Wilhelt Zombies B3's Cleanup step
Turn: Turn 42 (Ai(4)-Drana Vampires)
Phase: Ai(4)-Drana Vampires' Untap step
Phase: Ai(4)-Drana Vampires' Upkeep step
Add To Stack: Ai(4)-Drana Vampires triggered Phyrexian Arena
Mana: Arcane Signet (194) - {T}: Add one mana of any color in your commander's color identity.
Mana: Island (141) - {T}: Add {U}.
Zone Change: Gravecrawler (128) was put into Graveyard from Battlefield.
Add To Stack: Ai(2)-Wilhelt Zombies B3 cast Deadly Dispute
Add To Stack: Ai(2)-Wilhelt Zombies B3 triggered Midnight Reaper
Damage: Midnight Reaper (163) deals 1 non-combat damage to Ai(2)-Wilhelt Zombies B3.
Life: Life: Ai(2)-Wilhelt Zombies B3 39 > 38
Resolve Stack: Whenever a nontoken creature you control dies, Midnight Reaper deals 1 damage to you and you draw a card. [Zone Changer: Gravecrawler (128)]
Resolve Stack: Deadly Dispute (103) - Draw two cards and create a Treasure token. 
Life: Life: Ai(4)-Drana Vampires 57 > 56
Resolve Stack: At the beginning of your upkeep, you draw a card and you lose 1 life. [Phase: Ai(4)-Drana Vampires]
Phase: Ai(4)-Drana Vampires' Draw step
Phase: Ai(4)-Drana Vampires' Main phase, precombat
Land: Ai(4)-Drana Vampires played Swamp (392)
Phase: Ai(4)-Drana Vampires' Beginning of Combat Step
Phase: Ai(4)-Drana Vampires' Declare Attackers Step
Combat: Ai(4)-Drana Vampires assigned Drana, Liberator of Malakir (402), Bloodline Keeper (330) and Bloodlord of Vaasgoth (321) to attack Ai(1)-Kilo Helm Final.
Phase: Ai(4)-Drana Vampires' Declare Blockers Step
Combat: Ai(1)-Kilo Helm Final assigned Tekuthal, Inquiry Dominus (27) to block Drana, Liberator of Malakir (402).
Ai(1)-Kilo Helm Final didn't block Bloodline Keeper (330).
Ai(1)-Kilo Helm Final didn't block Bloodlord of Vaasgoth (321).
Phase: Ai(4)-Drana Vampires' First Strike Damage Step
Damage: Drana, Liberator of Malakir (402) deals 9 damage to Tekuthal, Inquiry Dominus (27).
Life: Life: Ai(4)-Drana Vampires 56 > 65
Zone Change: Tekuthal, Inquiry Dominus (27) was put into Graveyard from Battlefield.
Phase: Ai(4)-Drana Vampires' Combat Damage Step
Damage: Bloodline Keeper (330) deals 9 combat damage to Ai(1)-Kilo Helm Final.
Life: Life: Ai(4)-Drana Vampires 65 > 74
Damage: Bloodlord of Vaasgoth (321) deals 8 combat damage to Ai(1)-Kilo Helm Final.
Life: Life: Ai(4)-Drana Vampires 74 > 82
Life: Life: Ai(1)-Kilo Helm Final 15 > -2
Phase: Ai(4)-Drana Vampires' End of Combat Step
Phase: Ai(4)-Drana Vampires' Main phase, postcombat
Phase: Ai(4)-Drana Vampires' End step
Phase: Ai(4)-Drana Vampires' Cleanup step
Turn: Turn 43 (Ai(2)-Wilhelt Zombies B3)
Phase: Ai(2)-Wilhelt Zombies B3's Untap step
Phase: Ai(2)-Wilhelt Zombies B3's Upkeep step
Phase: Ai(2)-Wilhelt Zombies B3's Draw step
Phase: Ai(2)-Wilhelt Zombies B3's Main phase, precombat
Land: Ai(2)-Wilhelt Zombies B3 played Island (146)
Mana: Swamp (184) - {T}: Add {B}.
Mana: Arcane Signet (194) - {T}: Add one mana of any color in your commander's color identity.
Mana: Island (141) - {T}: Add {U}.
Mana: Island (146) - {T}: Add {U}.
Add To Stack: Ai(2)-Wilhelt Zombies B3 cast Damnation
Zone Change: Midnight Reaper (163) was put into Graveyard from Battlefield.
Zone Change: Drana, Liberator of Malakir (402) was put into Graveyard from Battlefield.
Zone Change: Bloodline Keeper (330) was put into Graveyard from Battlefield.
Zone Change: Bloodlord of Vaasgoth (321) was put into Graveyard from Battlefield.
Resolve Stack: Damnation (121) - Destroy all creatures. They can't be regenerated.
Add To Stack: Ai(2)-Wilhelt Zombies B3 triggered Midnight Reaper
Damage: Midnight Reaper (163) deals 1 non-combat damage to Ai(2)-Wilhelt Zombies B3.
Life: Life: Ai(2)-Wilhelt Zombies B3 38 > 37
Resolve Stack: Whenever a nontoken creature you control dies, Midnight Reaper deals 1 damage to you and you draw a card. [Zone Changer: Midnight Reaper (163)]
Phase: Ai(2)-Wilhelt Zombies B3's Beginning of Combat Step
Phase: Ai(2)-Wilhelt Zombies B3's Declare Attackers Step
Phase: Ai(2)-Wilhelt Zombies B3's Declare Blockers Step
Phase: Ai(2)-Wilhelt Zombies B3's First Strike Damage Step
Phase: Ai(2)-Wilhelt Zombies B3's Combat Damage Step
Phase: Ai(2)-Wilhelt Zombies B3's End of Combat Step
Phase: Ai(2)-Wilhelt Zombies B3's Main phase, postcombat
Phase: Ai(2)-Wilhelt Zombies B3's End step
Phase: Ai(2)-Wilhelt Zombies B3's Cleanup step
Discard: Ai(2)-Wilhelt Zombies B3 discards Island (154).
Discard: Ai(2)-Wilhelt Zombies B3 discards Rooftop Storm (126).
Turn: Turn 44 (Ai(4)-Drana Vampires)
Phase: Ai(4)-Drana Vampires' Untap step
Phase: Ai(4)-Drana Vampires' Upkeep step
Add To Stack: Ai(4)-Drana Vampires triggered Phyrexian Arena
Life: Life: Ai(4)-Drana Vampires 82 > 81
Resolve Stack: At the beginning of your upkeep, you draw a card and you lose 1 life. [Phase: Ai(4)-Drana Vampires]
Phase: Ai(4)-Drana Vampires' Draw step
Phase: Ai(4)-Drana Vampires' Main phase, precombat
Land: Ai(4)-Drana Vampires played Swamp (382)
Mana: Swamp (380) - {T}: Add {B}.
Mana: Sol Ring (311) - {T}: Add {C}{C}.
Mana: Swamp (396) - {T}: Add {B}.
Add To Stack: Ai(4)-Drana Vampires cast Crypt Ghast
Resolve Stack: Crypt Ghast - Creature 2 / 2
Mana: Swamp (389) - {T}: Add {B}.
Mana: Swamp (360) - {T}: Add {B}.
Add To Stack: Ai(4)-Drana Vampires activated Whip of Erebos targeting [Bloodlord of Vaasgoth (321)]
Resolve Stack: Whip of Erebos (317) - Return Bloodlord of Vaasgoth (321) from the graveyard to the battlefield. It gains haste. Exile it at the beginning of the next end step or if it would leave the battlefield. 
Phase: Ai(4)-Drana Vampires' Beginning of Combat Step
Phase: Ai(4)-Drana Vampires' Declare Attackers Step
Combat: Ai(4)-Drana Vampires assigned Bloodlord of Vaasgoth (321) to attack Ai(2)-Wilhelt Zombies B3.
Phase: Ai(4)-Drana Vampires' Declare Blockers Step
Combat: Ai(2)-Wilhelt Zombies B3 didn't block Bloodlord of Vaasgoth (321).
Phase: Ai(4)-Drana Vampires' First Strike Damage Step
Phase: Ai(4)-Drana Vampires' Combat Damage Step
Damage: Bloodlord of Vaasgoth (321) deals 3 combat damage to Ai(2)-Wilhelt Zombies B3.
Life: Life: Ai(4)-Drana Vampires 81 > 84
Life: Life: Ai(2)-Wilhelt Zombies B3 37 > 34
Phase: Ai(4)-Drana Vampires' End of Combat Step
Phase: Ai(4)-Drana Vampires' Main phase, postcombat
Mana: Swamp (363) - {T}: Add {B}.
Mana: Arcane Signet (399) - {T}: Add one mana of any color in your commander's color identity.
Mana: Swamp (373) - {T}: Add {B}.
Add To Stack: Ai(4)-Drana Vampires cast Drana, Liberator of Malakir
Add To Stack: Ai(4)-Drana Vampires triggered Bloodlord of Vaasgoth
Add To Stack: Ai(4)-Drana Vampires triggered Crypt Ghast
Mana: Swamp (393) - {T}: Add {B}.
Life: Life: Ai(2)-Wilhelt Zombies B3 34 > 33
Life: Life: Ai(4)-Drana Vampires 84 > 85
Resolve Stack: Extort (Whenever you cast a spell, you may pay {W/B}. If you do, each opponent loses 1 life and you gain that much life.) [Card: Drana, Liberator of Malakir (402), Activator: Ai(4)-Drana Vampires, SpellAbility: Drana, Liberator of Malakir - Creature 2 / 3]
Resolve Stack: Whenever you cast a Vampire creature spell, it gains bloodthirst 3. [Card: Drana, Liberator of Malakir (402), Activator: Ai(4)-Drana Vampires, SpellAbility: Drana, Liberator of Malakir - Creature 2 / 3]
Replacement Effect: Bloodthirst 3 (If an opponent was dealt damage this turn, this creature enters with three +1/+1 counters on it.)
Resolve Stack: Drana, Liberator of Malakir - Creature 2 / 3
Phase: Ai(4)-Drana Vampires' End step
Add To Stack: Ai(4)-Drana Vampires triggered Whip of Erebos
Zone Change: Bloodlord of Vaasgoth (321) was put into Exile from Battlefield.
Resolve Stack: Exile Bloodlord of Vaasgoth (321) at the beginning of the next end step. ([Bloodlord of Vaasgoth (321)]) [Phase: Ai(4)-Drana Vampires]
Phase: Ai(4)-Drana Vampires' Cleanup step
Turn: Turn 45 (Ai(2)-Wilhelt Zombies B3)
Phase: Ai(2)-Wilhelt Zombies B3's Untap step
Phase: Ai(2)-Wilhelt Zombies B3's Upkeep step
Phase: Ai(2)-Wilhelt Zombies B3's Draw step
Phase: Ai(2)-Wilhelt Zombies B3's Main phase, precombat
Land: Ai(2)-Wilhelt Zombies B3 played Island (144)
Phase: Ai(2)-Wilhelt Zombies B3's Beginning of Combat Step
Phase: Ai(2)-Wilhelt Zombies B3's Declare Attackers Step
Phase: Ai(2)-Wilhelt Zombies B3's Declare Blockers Step
Phase: Ai(2)-Wilhelt Zombies B3's First Strike Damage Step
Phase: Ai(2)-Wilhelt Zombies B3's Combat Damage Step
Phase: Ai(2)-Wilhelt Zombies B3's End of Combat Step
Phase: Ai(2)-Wilhelt Zombies B3's Main phase, postcombat
Mana: Swamp (184) - {T}: Add {B}.
Mana: Island (141) - {T}: Add {U}.
Mana: Island (146) - {T}: Add {U}.
Mana: Island (144) - {T}: Add {U}.
Add To Stack: Ai(2)-Wilhelt Zombies B3 cast Vengeful Dead
Resolve Stack: Vengeful Dead - Creature 3 / 2
Mana: Arcane Signet (194) - {T}: Add one mana of any color in your commander's color identity.
Add To Stack: Ai(2)-Wilhelt Zombies B3 cast Gravecrawler
Resolve Stack: Gravecrawler - Creature 2 / 1
Phase: Ai(2)-Wilhelt Zombies B3's End step
Phase: Ai(2)-Wilhelt Zombies B3's Cleanup step
Turn: Turn 46 (Ai(4)-Drana Vampires)
Phase: Ai(4)-Drana Vampires' Untap step
Phase: Ai(4)-Drana Vampires' Upkeep step
Add To Stack: Ai(4)-Drana Vampires triggered Phyrexian Arena
Life: Life: Ai(4)-Drana Vampires 85 > 84
Resolve Stack: At the beginning of your upkeep, you draw a card and you lose 1 life. [Phase: Ai(4)-Drana Vampires]
Phase: Ai(4)-Drana Vampires' Draw step
Phase: Ai(4)-Drana Vampires' Main phase, precombat
Land: Ai(4)-Drana Vampires played Swamp (369)
Mana: Swamp (380) - {T}: Add {B}.
Mana: Sol Ring (311) - {T}: Add {C}{C}.
Add To Stack: Ai(4)-Drana Vampires activated Whip of Erebos targeting [Bloodline Keeper (330)]
Resolve Stack: Whip of Erebos (317) - Return Bloodline Keeper (330) from the graveyard to the battlefield. It gains haste. Exile it at the beginning of the next end step or if it would leave the battlefield. 
Phase: Ai(4)-Drana Vampires' Beginning of Combat Step
Phase: Ai(4)-Drana Vampires' Declare Attackers Step
Combat: Ai(4)-Drana Vampires assigned Bloodline Keeper (330), Drana, Liberator of Malakir (402) and Crypt Ghast (303) to attack Ai(2)-Wilhelt Zombies B3.
Phase: Ai(4)-Drana Vampires' Declare Blockers Step
Combat: Ai(2)-Wilhelt Zombies B3 didn't block Bloodline Keeper (330).
Ai(2)-Wilhelt Zombies B3 didn't block Drana, Liberator of Malakir (402).
Ai(2)-Wilhelt Zombies B3 didn't block Crypt Ghast (303).
Phase: Ai(4)-Drana Vampires' First Strike Damage Step
Damage: Drana, Liberator of Malakir (402) deals 5 combat damage to Ai(2)-Wilhelt Zombies B3.
Life: Life: Ai(4)-Drana Vampires 84 > 89
Life: Life: Ai(2)-Wilhelt Zombies B3 33 > 28
Add To Stack: Ai(4)-Drana Vampires triggered Drana, Liberator of Malakir
Resolve Stack: Whenever Drana, Liberator of Malakir deals combat damage to a player, put a +1/+1 counter on each attacking creature you control. [Damage Source: Drana, Liberator of Malakir (402), Damaged: Ai(2)-Wilhelt Zombies B3, Amount: 5]
Phase: Ai(4)-Drana Vampires' Combat Damage Step
Damage: Bloodline Keeper (330) deals 4 combat damage to Ai(2)-Wilhelt Zombies B3.
Life: Life: Ai(4)-Drana Vampires 89 > 93
Damage: Crypt Ghast (303) deals 3 combat damage to Ai(2)-Wilhelt Zombies B3.
Life: Life: Ai(4)-Drana Vampires 93 > 96
Life: Life: Ai(2)-Wilhelt Zombies B3 28 > 21
Phase: Ai(4)-Drana Vampires' End of Combat Step
Phase: Ai(4)-Drana Vampires' Main phase, postcombat
Mana: Swamp (396) - {T}: Add {B}.
Mana: Swamp (389) - {T}: Add {B}.
Mana: Swamp (360) - {T}: Add {B}.
Add To Stack: Ai(4)-Drana Vampires cast Necropolis Regent
Add To Stack: Ai(4)-Drana Vampires triggered Crypt Ghast
Mana: Swamp (363) - {T}: Add {B}.
Life: Life: Ai(2)-Wilhelt Zombies B3 21 > 20
Life: Life: Ai(4)-Drana Vampires 96 > 97
Resolve Stack: Extort (Whenever you cast a spell, you may pay {W/B}. If you do, each opponent loses 1 life and you gain that much life.) [Card: Necropolis Regent (345), Activator: Ai(4)-Drana Vampires, SpellAbility: Necropolis Regent - Creature 6 / 5]
Resolve Stack: Necropolis Regent - Creature 6 / 5
Mana: Arcane Signet (399) - {T}: Add one mana of any color in your commander's color identity.
Mana: Swamp (373) - {T}: Add {B}.
Add To Stack: Ai(4)-Drana Vampires cast Kalitas, Traitor of Ghet
Add To Stack: Ai(4)-Drana Vampires triggered Crypt Ghast
Mana: Swamp (393) - {T}: Add {B}.
Life: Life: Ai(2)-Wilhelt Zombies B3 20 > 19
Life: Life: Ai(4)-Drana Vampires 97 > 98
Resolve Stack: Extort (Whenever you cast a spell, you may pay {W/B}. If you do, each opponent loses 1 life and you gain that much life.) [Card: Kalitas, Traitor of Ghet (354), Activator: Ai(4)-Drana Vampires, SpellAbility: Kalitas, Traitor of Ghet - Creature 3 / 4]
Resolve Stack: Kalitas, Traitor of Ghet - Creature 3 / 4
Phase: Ai(4)-Drana Vampires' End step
Add To Stack: Ai(4)-Drana Vampires triggered Whip of Erebos
Zone Change: Bloodline Keeper (330) was put into Exile from Battlefield.
Resolve Stack: Exile Bloodline Keeper (330) at the beginning of the next end step. ([Bloodline Keeper (330)]) [Phase: Ai(4)-Drana Vampires]
Phase: Ai(4)-Drana Vampires' Cleanup step
Turn: Turn 47 (Ai(2)-Wilhelt Zombies B3)
Phase: Ai(2)-Wilhelt Zombies B3's Untap step
Phase: Ai(2)-Wilhelt Zombies B3's Upkeep step
Phase: Ai(2)-Wilhelt Zombies B3's Draw step
Phase: Ai(2)-Wilhelt Zombies B3's Main phase, precombat
Mana: Swamp (184) - {T}: Add {B}.
Mana: Island (141) - {T}: Add {U}.
Mana: Island (146) - {T}: Add {U}.
Add To Stack: Ai(2)-Wilhelt Zombies B3 cast Diregraf Captain
Resolve Stack: Diregraf Captain - Creature 2 / 2
Phase: Ai(2)-Wilhelt Zombies B3's Beginning of Combat Step
Phase: Ai(2)-Wilhelt Zombies B3's Declare Attackers Step
Phase: Ai(2)-Wilhelt Zombies B3's Declare Blockers Step
Phase: Ai(2)-Wilhelt Zombies B3's First Strike Damage Step
Phase: Ai(2)-Wilhelt Zombies B3's Combat Damage Step
Phase: Ai(2)-Wilhelt Zombies B3's End of Combat Step
Phase: Ai(2)-Wilhelt Zombies B3's Main phase, postcombat
Zone Change: Treasure Token (471) was put into Graveyard from Battlefield.
Mana: Treasure Token (471) - {T}, Sacrifice this token: Add one mana of any color.
Mana: Arcane Signet (194) - {T}: Add one mana of any color in your commander's color identity.
Add To Stack: Ai(2)-Wilhelt Zombies B3 cast Corpse Knight
Resolve Stack: Corpse Knight - Creature 2 / 2
Phase: Ai(2)-Wilhelt Zombies B3's End step
Phase: Ai(2)-Wilhelt Zombies B3's Cleanup step
Turn: Turn 48 (Ai(4)-Drana Vampires)
Phase: Ai(4)-Drana Vampires' Untap step
Phase: Ai(4)-Drana Vampires' Upkeep step
Add To Stack: Ai(4)-Drana Vampires triggered Phyrexian Arena
Life: Life: Ai(4)-Drana Vampires 98 > 97
Resolve Stack: At the beginning of your upkeep, you draw a card and you lose 1 life. [Phase: Ai(4)-Drana Vampires]
Phase: Ai(4)-Drana Vampires' Draw step
Phase: Ai(4)-Drana Vampires' Main phase, precombat
Land: Ai(4)-Drana Vampires played Swamp (390)
Phase: Ai(4)-Drana Vampires' Beginning of Combat Step
Phase: Ai(4)-Drana Vampires' Declare Attackers Step
Combat: Ai(4)-Drana Vampires assigned Drana, Liberator of Malakir (402), Necropolis Regent (345), Crypt Ghast (303) and Kalitas, Traitor of Ghet (354) to attack Ai(2)-Wilhelt Zombies B3.
Phase: Ai(4)-Drana Vampires' Declare Blockers Step
Combat: Ai(2)-Wilhelt Zombies B3 didn't block Drana, Liberator of Malakir (402).
Ai(2)-Wilhelt Zombies B3 didn't block Necropolis Regent (345).
Ai(2)-Wilhelt Zombies B3 assigned Corpse Knight (198) to block Crypt Ghast (303).
Ai(2)-Wilhelt Zombies B3 assigned Diregraf Captain (118) to block Kalitas, Traitor of Ghet (354).
Phase: Ai(4)-Drana Vampires' First Strike Damage Step
Damage: Drana, Liberator of Malakir (402) deals 6 combat damage to Ai(2)-Wilhelt Zombies B3.
Life: Life: Ai(4)-Drana Vampires 97 > 103
Life: Life: Ai(2)-Wilhelt Zombies B3 19 > 13
Add To Stack: Ai(4)-Drana Vampires triggered Drana, Liberator of Malakir
Add To Stack: Ai(4)-Drana Vampires triggered Necropolis Regent
Resolve Stack: Whenever a creature you control deals combat damage to a player, put that many +1/+1 counters on it. [Damage Source: Drana, Liberator of Malakir (402), Damaged: Ai(2)-Wilhelt Zombies B3, Amount: 6]
Resolve Stack: Whenever Drana, Liberator of Malakir deals combat damage to a player, put a +1/+1 counter on each attacking creature you control. [Damage Source: Drana, Liberator of Malakir (402), Damaged: Ai(2)-Wilhelt Zombies B3, Amount: 6]
Phase: Ai(4)-Drana Vampires' Combat Damage Step
Damage: Necropolis Regent (345) deals 7 combat damage to Ai(2)-Wilhelt Zombies B3.
Life: Life: Ai(4)-Drana Vampires 103 > 110
Damage: Crypt Ghast (303) deals 4 damage to Corpse Knight (198).
Life: Life: Ai(4)-Drana Vampires 110 > 114
Damage: Kalitas, Traitor of Ghet (354) deals 4 damage to Diregraf Captain (118).
Life: Life: Ai(4)-Drana Vampires 114 > 118
Damage: Diregraf Captain (118) deals 2 damage (Deathtouch) to Kalitas, Traitor of Ghet (354).
Damage: Corpse Knight (198) deals 3 damage to Crypt Ghast (303).
Life: Life: Ai(2)-Wilhelt Zombies B3 13 > 6
Zone Change: Kalitas, Traitor of Ghet (354) was put into Graveyard from Battlefield.
Zone Change: Diregraf Captain (118) was put into Exile from Battlefield.
Replacement Effect: If a nontoken creature an opponent controls would die, instead exile that card and create a 2/2 black Zombie creature token.
Zone Change: Corpse Knight (198) was put into Exile from Battlefield.
Replacement Effect: If a nontoken creature an opponent controls would die, instead exile that card and create a 2/2 black Zombie creature token.
Add To Stack: Ai(4)-Drana Vampires triggered Necropolis Regent
Resolve Stack: Whenever a creature you control deals combat damage to a player, put that many +1/+1 counters on it. [Damage Source: Necropolis Regent (345), Damaged: Ai(2)-Wilhelt Zombies B3, Amount: 7]
Phase: Ai(4)-Drana Vampires' End of Combat Step
Phase: Ai(4)-Drana Vampires' Main phase, postcombat
Mana: Swamp (380) - {T}: Add {B}.
Mana: Sol Ring (311) - {T}: Add {C}{C}.
Add To Stack: Ai(4)-Drana Vampires cast Captivating Vampire
Add To Stack: Ai(4)-Drana Vampires triggered Crypt Ghast
Mana: Swamp (396) - {T}: Add {B}.
Life: Life: Ai(2)-Wilhelt Zombies B3 6 > 5
Life: Life: Ai(4)-Drana Vampires 118 > 119
Resolve Stack: Extort (Whenever you cast a spell, you may pay {W/B}. If you do, each opponent loses 1 life and you gain that much life.) [Card: Captivating Vampire (331), Activator: Ai(4)-Drana Vampires, SpellAbility: Captivating Vampire - Creature 2 / 2]
Resolve Stack: Captivating Vampire - Creature 2 / 2
Phase: Ai(4)-Drana Vampires' End step
Phase: Ai(4)-Drana Vampires' Cleanup step
Turn: Turn 49 (Ai(2)-Wilhelt Zombies B3)
Phase: Ai(2)-Wilhelt Zombies B3's Untap step
Phase: Ai(2)-Wilhelt Zombies B3's Upkeep step
Phase: Ai(2)-Wilhelt Zombies B3's Draw step
Phase: Ai(2)-Wilhelt Zombies B3's Main phase, precombat
Phase: Ai(2)-Wilhelt Zombies B3's Beginning of Combat Step
Phase: Ai(2)-Wilhelt Zombies B3's Declare Attackers Step
Combat: Ai(2)-Wilhelt Zombies B3 assigned Gravecrawler (128) to attack Ai(4)-Drana Vampires.
Phase: Ai(2)-Wilhelt Zombies B3's Declare Blockers Step
Combat: Ai(4)-Drana Vampires didn't block Gravecrawler (128).
Phase: Ai(2)-Wilhelt Zombies B3's First Strike Damage Step
Phase: Ai(2)-Wilhelt Zombies B3's Combat Damage Step
Damage: Gravecrawler (128) deals 2 combat damage to Ai(4)-Drana Vampires.
Life: Life: Ai(4)-Drana Vampires 119 > 117
Phase: Ai(2)-Wilhelt Zombies B3's End of Combat Step
Phase: Ai(2)-Wilhelt Zombies B3's Main phase, postcombat
Mana: Swamp (184) - {T}: Add {B}.
Mana: Island (141) - {T}: Add {U}.
Mana: Island (146) - {T}: Add {U}.
Mana: Island (144) - {T}: Add {U}.
Add To Stack: Ai(2)-Wilhelt Zombies B3 cast Wilhelt, the Rotcleaver
Resolve Stack: Wilhelt, the Rotcleaver - Creature 3 / 3
Mana: Arcane Signet (194) - {T}: Add one mana of any color in your commander's color identity.
Add To Stack: Ai(2)-Wilhelt Zombies B3 cast Sol Ring
Resolve Stack: Sol Ring
Phase: Ai(2)-Wilhelt Zombies B3's End step
Add To Stack: Ai(2)-Wilhelt Zombies B3 triggered Wilhelt, the Rotcleaver
Zone Change: Gravecrawler (128) was put into Graveyard from Battlefield.
Resolve Stack: At the beginning of your end step, you may sacrifice a Zombie. If you do, draw a card. [Phase: Ai(2)-Wilhelt Zombies B3]
Add To Stack: Ai(2)-Wilhelt Zombies B3 triggered Vengeful Dead
Add To Stack: Ai(2)-Wilhelt Zombies B3 triggered Wilhelt, the Rotcleaver
Resolve Stack: Whenever another Zombie you control dies, if it didn't have decayed, create a 2/2 black Zombie creature token with decayed. (It can't block. When it attacks, sacrifice it at end of combat.) [Zone Changer: Gravecrawler (128)]
Life: Life: Ai(4)-Drana Vampires 117 > 116
Resolve Stack: Whenever Vengeful Dead or another Zombie dies, each opponent loses 1 life. [Zone Changer: Gravecrawler (128)]
Phase: Ai(2)-Wilhelt Zombies B3's Cleanup step
Turn: Turn 50 (Ai(4)-Drana Vampires)
Phase: Ai(4)-Drana Vampires' Untap step
Phase: Ai(4)-Drana Vampires' Upkeep step
Add To Stack: Ai(4)-Drana Vampires triggered Phyrexian Arena
Life: Life: Ai(4)-Drana Vampires 116 > 115
Resolve Stack: At the beginning of your upkeep, you draw a card and you lose 1 life. [Phase: Ai(4)-Drana Vampires]
Phase: Ai(4)-Drana Vampires' Draw step
Phase: Ai(4)-Drana Vampires' Main phase, precombat
Mana: Swamp (380) - {T}: Add {B}.
Mana: Sol Ring (311) - {T}: Add {C}{C}.
Add To Stack: Ai(4)-Drana Vampires activated Whip of Erebos targeting [Kalitas, Traitor of Ghet (354)]
Resolve Stack: Whip of Erebos (317) - Return Kalitas, Traitor of Ghet (354) from the graveyard to the battlefield. It gains haste. Exile it at the beginning of the next end step or if it would leave the battlefield. 
Mana: Swamp (396) - {T}: Add {B}.
Mana: Swamp (389) - {T}: Add {B}.
Mana: Swamp (360) - {T}: Add {B}.
Mana: Swamp (363) - {T}: Add {B}.
Mana: Arcane Signet (399) - {T}: Add one mana of any color in your commander's color identity.
Mana: Swamp (373) - {T}: Add {B}.
Mana: Swamp (393) - {T}: Add {B}.
Mana: Swamp (385) - {T}: Add {B}.
Mana: Swamp (377) - {T}: Add {B}.
Mana: Swamp (392) - {T}: Add {B}.
Mana: Swamp (382) - {T}: Add {B}.
Mana: Swamp (369) - {T}: Add {B}.
Mana: Swamp (390) - {T}: Add {B}.
Add To Stack: Ai(4)-Drana Vampires cast Consume Spirit targeting [Ai(2)-Wilhelt Zombies B3]
Add To Stack: Ai(4)-Drana Vampires triggered Crypt Ghast
Resolve Stack: Extort (Whenever you cast a spell, you may pay {W/B}. If you do, each opponent loses 1 life and you gain that much life.) [Card: Consume Spirit (320), Activator: Ai(4)-Drana Vampires, SpellAbility: Spend only black mana on X. Consume Spirit deals X damage to any target and you gain X life. ]
Damage: Consume Spirit (320) deals 23 non-combat damage to Ai(2)-Wilhelt Zombies B3.
Life: Life: Ai(2)-Wilhelt Zombies B3 5 > -18
Life: Life: Ai(4)-Drana Vampires 115 > 138
Resolve Stack: Consume Spirit (320) - Consume Spirit (320) deals 23 damage to Ai(2)-Wilhelt Zombies B3. Ai(4)-Drana Vampires gains 23 life. (X=23)
Player Control: Ai(1)-Kilo Helm Final has restored control over themself
Player Control: Ai(2)-Wilhelt Zombies B3 has restored control over themself
Player Control: Ai(3)-Wyleth Voltron B3 has restored control over themself
Player Control: Ai(4)-Drana Vampires has restored control over themself
Game Outcome: Turn 25
Game Outcome: Ai(1)-Kilo Helm Final has lost because life total reached 0
Game Outcome: Ai(2)-Wilhelt Zombies B3 has lost because life total reached 0
Game Outcome: Ai(3)-Wyleth Voltron B3 has lost due to accumulation of 21 damage from generals
Game Outcome: Ai(4)-Drana Vampires has won because all opponents have lost
Match Result: Ai(1)-Kilo Helm Final: 1 Ai(2)-Wilhelt Zombies B3: 0 Ai(3)-Wyleth Voltron B3: 1 Ai(4)-Drana Vampires: 3 

Game Result: Game 5 ended in 28577 ms. Ai(4)-Drana Vampires has won!

Warning: default (ie. inherited from base class) implementation of confirmAction is used by Kilo, Apogee Mind for forge.ai.ability.PermanentCreatureAi. Consider declaring an overloaded method
Mulligan: Ai(1)-Kilo Helm Final has mulliganed down to 7 cards.
Mulligan: Ai(1)-Kilo Helm Final has kept a hand of 7 cards
Mulligan: Ai(2)-Wilhelt Zombies B3 has kept a hand of 7 cards
Mulligan: Ai(3)-Wyleth Voltron B3 has kept a hand of 7 cards
Mulligan: Ai(4)-Drana Vampires has kept a hand of 7 cards
Turn: Turn 1 (Ai(1)-Kilo Helm Final)
Phase: Ai(1)-Kilo Helm Final's Untap step
Phase: Ai(1)-Kilo Helm Final's Upkeep step
Phase: Ai(1)-Kilo Helm Final's Draw step
Phase: Ai(1)-Kilo Helm Final's Main phase, precombat
Replacement Effect: Razortide Bridge enters tapped.
Land: Ai(1)-Kilo Helm Final played Razortide Bridge (21)
Phase: Ai(1)-Kilo Helm Final's Beginning of Combat Step
Phase: Ai(1)-Kilo Helm Final's Declare Attackers Step
Phase: Ai(1)-Kilo Helm Final's Declare Blockers Step
Phase: Ai(1)-Kilo Helm Final's First Strike Damage Step
Phase: Ai(1)-Kilo Helm Final's Combat Damage Step
Phase: Ai(1)-Kilo Helm Final's End of Combat Step
Phase: Ai(1)-Kilo Helm Final's Main phase, postcombat
Phase: Ai(1)-Kilo Helm Final's End step
Phase: Ai(1)-Kilo Helm Final's Cleanup step
Turn: Turn 2 (Ai(2)-Wilhelt Zombies B3)
Phase: Ai(2)-Wilhelt Zombies B3's Untap step
Phase: Ai(2)-Wilhelt Zombies B3's Upkeep step
Phase: Ai(2)-Wilhelt Zombies B3's Draw step
Phase: Ai(2)-Wilhelt Zombies B3's Main phase, precombat
Land: Ai(2)-Wilhelt Zombies B3 played Swamp (187)
Phase: Ai(2)-Wilhelt Zombies B3's Beginning of Combat Step
Phase: Ai(2)-Wilhelt Zombies B3's Declare Attackers Step
Phase: Ai(2)-Wilhelt Zombies B3's Declare Blockers Step
Phase: Ai(2)-Wilhelt Zombies B3's First Strike Damage Step
Phase: Ai(2)-Wilhelt Zombies B3's Combat Damage Step
Phase: Ai(2)-Wilhelt Zombies B3's End of Combat Step
Phase: Ai(2)-Wilhelt Zombies B3's Main phase, postcombat
Mana: Swamp (187) - {T}: Add {B}.
Add To Stack: Ai(2)-Wilhelt Zombies B3 cast Cryptbreaker
Resolve Stack: Cryptbreaker - Creature 1 / 1
Phase: Ai(2)-Wilhelt Zombies B3's End step
Phase: Ai(2)-Wilhelt Zombies B3's Cleanup step
Turn: Turn 3 (Ai(3)-Wyleth Voltron B3)
Phase: Ai(3)-Wyleth Voltron B3's Untap step
Phase: Ai(3)-Wyleth Voltron B3's Upkeep step
Phase: Ai(3)-Wyleth Voltron B3's Draw step
Phase: Ai(3)-Wyleth Voltron B3's Main phase, precombat
Land: Ai(3)-Wyleth Voltron B3 played Rogue's Passage (221)
Phase: Ai(3)-Wyleth Voltron B3's Beginning of Combat Step
Phase: Ai(3)-Wyleth Voltron B3's Declare Attackers Step
Phase: Ai(3)-Wyleth Voltron B3's Declare Blockers Step
Phase: Ai(3)-Wyleth Voltron B3's First Strike Damage Step
Phase: Ai(3)-Wyleth Voltron B3's Combat Damage Step
Phase: Ai(3)-Wyleth Voltron B3's End of Combat Step
Phase: Ai(3)-Wyleth Voltron B3's Main phase, postcombat
Phase: Ai(3)-Wyleth Voltron B3's End step
Phase: Ai(3)-Wyleth Voltron B3's Cleanup step
Turn: Turn 4 (Ai(4)-Drana Vampires)
Phase: Ai(4)-Drana Vampires' Untap step
Phase: Ai(4)-Drana Vampires' Upkeep step
Phase: Ai(4)-Drana Vampires' Draw step
Phase: Ai(4)-Drana Vampires' Main phase, precombat
Land: Ai(4)-Drana Vampires played Swamp (390)
Mana: Swamp (390) - {T}: Add {B}.
Add To Stack: Ai(4)-Drana Vampires cast Tragic Slip targeting [Cryptbreaker (196)]
Resolve Stack: Tragic Slip (335) - Cryptbreaker (196) gets -1/-1  until end of turn.
Zone Change: Cryptbreaker (196) was put into Graveyard from Battlefield.
Phase: Ai(4)-Drana Vampires' Beginning of Combat Step
Phase: Ai(4)-Drana Vampires' Declare Attackers Step
Phase: Ai(4)-Drana Vampires' Declare Blockers Step
Phase: Ai(4)-Drana Vampires' First Strike Damage Step
Phase: Ai(4)-Drana Vampires' Combat Damage Step
Phase: Ai(4)-Drana Vampires' End of Combat Step
Phase: Ai(4)-Drana Vampires' Main phase, postcombat
Phase: Ai(4)-Drana Vampires' End step
Phase: Ai(4)-Drana Vampires' Cleanup step
Turn: Turn 5 (Ai(1)-Kilo Helm Final)
Phase: Ai(1)-Kilo Helm Final's Untap step
Phase: Ai(1)-Kilo Helm Final's Upkeep step
Phase: Ai(1)-Kilo Helm Final's Draw step
Phase: Ai(1)-Kilo Helm Final's Main phase, precombat
Land: Ai(1)-Kilo Helm Final played Mountain (87)
Phase: Ai(1)-Kilo Helm Final's Beginning of Combat Step
Phase: Ai(1)-Kilo Helm Final's Declare Attackers Step
Phase: Ai(1)-Kilo Helm Final's Declare Blockers Step
Phase: Ai(1)-Kilo Helm Final's First Strike Damage Step
Phase: Ai(1)-Kilo Helm Final's Combat Damage Step
Phase: Ai(1)-Kilo Helm Final's End of Combat Step
Phase: Ai(1)-Kilo Helm Final's Main phase, postcombat
Mana: Razortide Bridge (21) - {T}: Add {W} or {U}.
Mana: Mountain (87) - {T}: Add {R}.
Add To Stack: Ai(1)-Kilo Helm Final cast Emry, Lurker of the Loch
Resolve Stack: Emry, Lurker of the Loch - Creature 1 / 2
Add To Stack: Ai(1)-Kilo Helm Final triggered Emry, Lurker of the Loch
Zone Change: Ai(1)-Kilo Helm Final milled Coretapper (28), Adarkar Wastes (97), Cascade Bluffs (22) and Island (62).
Resolve Stack: When Emry, Lurker of the Loch enters, mill four cards. [Zone Changer: Emry, Lurker of the Loch (47)]
Phase: Ai(1)-Kilo Helm Final's End step
Phase: Ai(1)-Kilo Helm Final's Cleanup step
Turn: Turn 6 (Ai(2)-Wilhelt Zombies B3)
Phase: Ai(2)-Wilhelt Zombies B3's Untap step
Phase: Ai(2)-Wilhelt Zombies B3's Upkeep step
Phase: Ai(2)-Wilhelt Zombies B3's Draw step
Phase: Ai(2)-Wilhelt Zombies B3's Main phase, precombat
Land: Ai(2)-Wilhelt Zombies B3 played Island (141)
Phase: Ai(2)-Wilhelt Zombies B3's Beginning of Combat Step
Phase: Ai(2)-Wilhelt Zombies B3's Declare Attackers Step
Phase: Ai(2)-Wilhelt Zombies B3's Declare Blockers Step
Phase: Ai(2)-Wilhelt Zombies B3's First Strike Damage Step
Phase: Ai(2)-Wilhelt Zombies B3's Combat Damage Step
Phase: Ai(2)-Wilhelt Zombies B3's End of Combat Step
Phase: Ai(2)-Wilhelt Zombies B3's Main phase, postcombat
Mana: Swamp (187) - {T}: Add {B}.
Mana: Island (141) - {T}: Add {U}.
Add To Stack: Ai(2)-Wilhelt Zombies B3 cast Butcher Ghoul
Resolve Stack: Butcher Ghoul - Creature 1 / 1
Phase: Ai(2)-Wilhelt Zombies B3's End step
Phase: Ai(2)-Wilhelt Zombies B3's Cleanup step
Turn: Turn 7 (Ai(3)-Wyleth Voltron B3)
Phase: Ai(3)-Wyleth Voltron B3's Untap step
Phase: Ai(3)-Wyleth Voltron B3's Upkeep step
Phase: Ai(3)-Wyleth Voltron B3's Draw step
Phase: Ai(3)-Wyleth Voltron B3's Main phase, precombat
Land: Ai(3)-Wyleth Voltron B3 played Plains (260)
Phase: Ai(3)-Wyleth Voltron B3's Beginning of Combat Step
Phase: Ai(3)-Wyleth Voltron B3's Declare Attackers Step
Phase: Ai(3)-Wyleth Voltron B3's Declare Blockers Step
Phase: Ai(3)-Wyleth Voltron B3's First Strike Damage Step
Phase: Ai(3)-Wyleth Voltron B3's Combat Damage Step
Phase: Ai(3)-Wyleth Voltron B3's End of Combat Step
Phase: Ai(3)-Wyleth Voltron B3's Main phase, postcombat
Mana: Plains (260) - {T}: Add {W}.
Mana: Rogue's Passage (221) - {T}: Add {C}.
Add To Stack: Ai(3)-Wyleth Voltron B3 cast Sunspear Shikari
Resolve Stack: Sunspear Shikari - Creature 2 / 2
Phase: Ai(3)-Wyleth Voltron B3's End step
Phase: Ai(3)-Wyleth Voltron B3's Cleanup step
Turn: Turn 8 (Ai(4)-Drana Vampires)
Phase: Ai(4)-Drana Vampires' Untap step
Phase: Ai(4)-Drana Vampires' Upkeep step
Phase: Ai(4)-Drana Vampires' Draw step
Phase: Ai(4)-Drana Vampires' Main phase, precombat
Land: Ai(4)-Drana Vampires played Swamp (378)
Phase: Ai(4)-Drana Vampires' Beginning of Combat Step
Phase: Ai(4)-Drana Vampires' Declare Attackers Step
Phase: Ai(4)-Drana Vampires' Declare Blockers Step
Phase: Ai(4)-Drana Vampires' First Strike Damage Step
Phase: Ai(4)-Drana Vampires' Combat Damage Step
Phase: Ai(4)-Drana Vampires' End of Combat Step
Phase: Ai(4)-Drana Vampires' Main phase, postcombat
Mana: Swamp (390) - {T}: Add {B}.
Mana: Swamp (378) - {T}: Add {B}.
Add To Stack: Ai(4)-Drana Vampires cast Sign in Blood targeting [Ai(4)-Drana Vampires]
Life: Life: Ai(4)-Drana Vampires 40 > 38
Resolve Stack: Sign in Blood (344) - Ai(4)-Drana Vampires draws two cards. Ai(4)-Drana Vampires loses 2 life.
Phase: Ai(4)-Drana Vampires' End step
Phase: Ai(4)-Drana Vampires' Cleanup step
Turn: Turn 9 (Ai(1)-Kilo Helm Final)
Phase: Ai(1)-Kilo Helm Final's Untap step
Phase: Ai(1)-Kilo Helm Final's Upkeep step
Phase: Ai(1)-Kilo Helm Final's Draw step
Phase: Ai(1)-Kilo Helm Final's Main phase, precombat
Land: Ai(1)-Kilo Helm Final played Spire of Industry (10)
Mana: Razortide Bridge (21) - {T}: Add {W} or {U}.
Life: Life: Ai(1)-Kilo Helm Final 40 > 39
Mana: Spire of Industry (10) - {T}, Pay 1 life: Add one mana of any color. Activate only if you control an artifact.
Mana: Mountain (87) - {T}: Add {R}.
Add To Stack: Ai(1)-Kilo Helm Final cast Kilo, Apogee Mind
Resolve Stack: Kilo, Apogee Mind - Creature 3 / 3
Phase: Ai(1)-Kilo Helm Final's Beginning of Combat Step
Phase: Ai(1)-Kilo Helm Final's Declare Attackers Step
Combat: Ai(1)-Kilo Helm Final assigned Kilo, Apogee Mind (100) to attack Ai(3)-Wyleth Voltron B3.
Add To Stack: Ai(1)-Kilo Helm Final triggered Kilo, Apogee Mind
Resolve Stack: Whenever Kilo becomes tapped, proliferate. (Choose any number of permanents and/or players, then give each another counter of each kind already there.) [Tapped: Kilo, Apogee Mind (100)]
Phase: Ai(1)-Kilo Helm Final's Declare Blockers Step
Combat: Ai(3)-Wyleth Voltron B3 didn't block Kilo, Apogee Mind (100).
Phase: Ai(1)-Kilo Helm Final's First Strike Damage Step
Phase: Ai(1)-Kilo Helm Final's Combat Damage Step
Damage: Kilo, Apogee Mind (100) deals 3 combat damage to Ai(3)-Wyleth Voltron B3.
Life: Life: Ai(3)-Wyleth Voltron B3 40 > 37
Phase: Ai(1)-Kilo Helm Final's End of Combat Step
Phase: Ai(1)-Kilo Helm Final's Main phase, postcombat
Phase: Ai(1)-Kilo Helm Final's End step
Phase: Ai(1)-Kilo Helm Final's Cleanup step
Turn: Turn 10 (Ai(2)-Wilhelt Zombies B3)
Phase: Ai(2)-Wilhelt Zombies B3's Untap step
Phase: Ai(2)-Wilhelt Zombies B3's Upkeep step
Phase: Ai(2)-Wilhelt Zombies B3's Draw step
Phase: Ai(2)-Wilhelt Zombies B3's Main phase, precombat
Land: Ai(2)-Wilhelt Zombies B3 played Island (154)
Phase: Ai(2)-Wilhelt Zombies B3's Beginning of Combat Step
Phase: Ai(2)-Wilhelt Zombies B3's Declare Attackers Step
Phase: Ai(2)-Wilhelt Zombies B3's Declare Blockers Step
Phase: Ai(2)-Wilhelt Zombies B3's First Strike Damage Step
Phase: Ai(2)-Wilhelt Zombies B3's Combat Damage Step
Phase: Ai(2)-Wilhelt Zombies B3's End of Combat Step
Phase: Ai(2)-Wilhelt Zombies B3's Main phase, postcombat
Mana: Island (141) - {T}: Add {U}.
Mana: Island (154) - {T}: Add {U}.
Mana: Swamp (187) - {T}: Add {B}.
Add To Stack: Ai(2)-Wilhelt Zombies B3 cast Ashnod's Altar
Add To Stack: Ai(1)-Kilo Helm Final cast Fierce Guardianship targeting [Ashnod's Altar]
Zone Change: Send countered spell to Graveyard
Resolve Stack: Fierce Guardianship (17) - Counter Ashnod's Altar (108).
Phase: Ai(2)-Wilhelt Zombies B3's End step
Phase: Ai(2)-Wilhelt Zombies B3's Cleanup step
Turn: Turn 11 (Ai(3)-Wyleth Voltron B3)
Phase: Ai(3)-Wyleth Voltron B3's Untap step
Phase: Ai(3)-Wyleth Voltron B3's Upkeep step
Phase: Ai(3)-Wyleth Voltron B3's Draw step
Phase: Ai(3)-Wyleth Voltron B3's Main phase, precombat
Land: Ai(3)-Wyleth Voltron B3 played Mountain (287)
Mana: Mountain (287) - {T}: Add {R}.
Mana: Plains (260) - {T}: Add {W}.
Add To Stack: Ai(3)-Wyleth Voltron B3 cast Mask of Memory
Resolve Stack: Mask of Memory
Mana: Rogue's Passage (221) - {T}: Add {C}.
Add To Stack: Ai(3)-Wyleth Voltron B3 activated Mask of Memory targeting [Sunspear Shikari (244)]
Resolve Stack: Mask of Memory (241) -  Attach to Sunspear Shikari (244)
Phase: Ai(3)-Wyleth Voltron B3's Beginning of Combat Step
Phase: Ai(3)-Wyleth Voltron B3's Declare Attackers Step
Combat: Ai(3)-Wyleth Voltron B3 assigned Sunspear Shikari (244) to attack Ai(1)-Kilo Helm Final.
Phase: Ai(3)-Wyleth Voltron B3's Declare Blockers Step
Combat: Ai(1)-Kilo Helm Final didn't block Sunspear Shikari (244).
Phase: Ai(3)-Wyleth Voltron B3's First Strike Damage Step
Damage: Sunspear Shikari (244) deals 2 combat damage to Ai(1)-Kilo Helm Final.
Life: Life: Ai(3)-Wyleth Voltron B3 37 > 39
Life: Life: Ai(1)-Kilo Helm Final 39 > 37
Add To Stack: Ai(3)-Wyleth Voltron B3 triggered Mask of Memory
Discard: Ai(3)-Wyleth Voltron B3 discards Mountain (284).
Resolve Stack: Whenever equipped creature deals combat damage to a player, you may draw two cards. If you do, discard a card. [Damage Source: Sunspear Shikari (244), Damaged: Ai(1)-Kilo Helm Final, Amount: 2]
Phase: Ai(3)-Wyleth Voltron B3's Combat Damage Step
Phase: Ai(3)-Wyleth Voltron B3's End of Combat Step
Phase: Ai(3)-Wyleth Voltron B3's Main phase, postcombat
Phase: Ai(3)-Wyleth Voltron B3's End step
Phase: Ai(3)-Wyleth Voltron B3's Cleanup step
Turn: Turn 12 (Ai(4)-Drana Vampires)
Phase: Ai(4)-Drana Vampires' Untap step
Phase: Ai(4)-Drana Vampires' Upkeep step
Phase: Ai(4)-Drana Vampires' Draw step
Phase: Ai(4)-Drana Vampires' Main phase, precombat
Land: Ai(4)-Drana Vampires played Swamp (357)
Phase: Ai(4)-Drana Vampires' Beginning of Combat Step
Mana: Swamp (390) - {T}: Add {B}.
Mana: Swamp (378) - {T}: Add {B}.
Mana: Swamp (357) - {T}: Add {B}.
Add To Stack: Ai(4)-Drana Vampires cast Hero's Downfall targeting [Sunspear Shikari (244)]
Zone Change: Sunspear Shikari (244) was put into Graveyard from Battlefield.
Resolve Stack: Hero's Downfall (352) - Destroy Sunspear Shikari (244).
Phase: Ai(4)-Drana Vampires' Declare Attackers Step
Phase: Ai(4)-Drana Vampires' Declare Blockers Step
Phase: Ai(4)-Drana Vampires' First Strike Damage Step
Phase: Ai(4)-Drana Vampires' Combat Damage Step
Phase: Ai(4)-Drana Vampires' End of Combat Step
Phase: Ai(4)-Drana Vampires' Main phase, postcombat
Phase: Ai(4)-Drana Vampires' End step
Phase: Ai(4)-Drana Vampires' Cleanup step
Turn: Turn 13 (Ai(1)-Kilo Helm Final)
Phase: Ai(1)-Kilo Helm Final's Untap step
Phase: Ai(1)-Kilo Helm Final's Upkeep step
Phase: Ai(1)-Kilo Helm Final's Draw step
Phase: Ai(1)-Kilo Helm Final's Main phase, precombat
Replacement Effect: Glacial Fortress enters tapped unless you control a Plains or an Island.
Land: Ai(1)-Kilo Helm Final played Glacial Fortress (78)
Phase: Ai(1)-Kilo Helm Final's Beginning of Combat Step
Phase: Ai(1)-Kilo Helm Final's Declare Attackers Step
Combat: Ai(1)-Kilo Helm Final assigned Kilo, Apogee Mind (100) and Emry, Lurker of the Loch (47) to attack Ai(2)-Wilhelt Zombies B3.
Add To Stack: Ai(1)-Kilo Helm Final triggered Kilo, Apogee Mind
Resolve Stack: Whenever Kilo becomes tapped, proliferate. (Choose any number of permanents and/or players, then give each another counter of each kind already there.) [Tapped: Kilo, Apogee Mind (100)]
Phase: Ai(1)-Kilo Helm Final's Declare Blockers Step
Combat: Ai(2)-Wilhelt Zombies B3 didn't block Kilo, Apogee Mind (100).
Ai(2)-Wilhelt Zombies B3 didn't block Emry, Lurker of the Loch (47).
Phase: Ai(1)-Kilo Helm Final's First Strike Damage Step
Phase: Ai(1)-Kilo Helm Final's Combat Damage Step
Damage: Kilo, Apogee Mind (100) deals 3 combat damage to Ai(2)-Wilhelt Zombies B3.
Damage: Emry, Lurker of the Loch (47) deals 1 combat damage to Ai(2)-Wilhelt Zombies B3.
Life: Life: Ai(2)-Wilhelt Zombies B3 40 > 36
Phase: Ai(1)-Kilo Helm Final's End of Combat Step
Phase: Ai(1)-Kilo Helm Final's Main phase, postcombat
Mana: Razortide Bridge (21) - {T}: Add {W} or {U}.
Mana: Mountain (87) - {T}: Add {R}.
Mana: Spire of Industry (10) - {T}: Add {C}.
Add To Stack: Ai(1)-Kilo Helm Final cast Uthros Research Craft
Resolve Stack: Uthros Research Craft
Phase: Ai(1)-Kilo Helm Final's End step
Phase: Ai(1)-Kilo Helm Final's Cleanup step
Turn: Turn 14 (Ai(2)-Wilhelt Zombies B3)
Phase: Ai(2)-Wilhelt Zombies B3's Untap step
Phase: Ai(2)-Wilhelt Zombies B3's Upkeep step
Phase: Ai(2)-Wilhelt Zombies B3's Draw step
Phase: Ai(2)-Wilhelt Zombies B3's Main phase, precombat
Land: Ai(2)-Wilhelt Zombies B3 played Swamp (186)
Phase: Ai(2)-Wilhelt Zombies B3's Beginning of Combat Step
Phase: Ai(2)-Wilhelt Zombies B3's Declare Attackers Step
Combat: Ai(2)-Wilhelt Zombies B3 assigned Butcher Ghoul (167) to attack Ai(1)-Kilo Helm Final.
Phase: Ai(2)-Wilhelt Zombies B3's Declare Blockers Step
Combat: Ai(1)-Kilo Helm Final didn't block Butcher Ghoul (167).
Phase: Ai(2)-Wilhelt Zombies B3's First Strike Damage Step
Phase: Ai(2)-Wilhelt Zombies B3's Combat Damage Step
Damage: Butcher Ghoul (167) deals 1 combat damage to Ai(1)-Kilo Helm Final.
Life: Life: Ai(1)-Kilo Helm Final 37 > 36
Phase: Ai(2)-Wilhelt Zombies B3's End of Combat Step
Phase: Ai(2)-Wilhelt Zombies B3's Main phase, postcombat
Mana: Swamp (187) - {T}: Add {B}.
Mana: Island (141) - {T}: Add {U}.
Mana: Island (154) - {T}: Add {U}.
Add To Stack: Ai(2)-Wilhelt Zombies B3 cast Rotting Regisaur
Resolve Stack: Rotting Regisaur - Creature 7 / 6
Phase: Ai(2)-Wilhelt Zombies B3's End step
Phase: Ai(2)-Wilhelt Zombies B3's Cleanup step
Turn: Turn 15 (Ai(3)-Wyleth Voltron B3)
Phase: Ai(3)-Wyleth Voltron B3's Untap step
Phase: Ai(3)-Wyleth Voltron B3's Upkeep step
Phase: Ai(3)-Wyleth Voltron B3's Draw step
Phase: Ai(3)-Wyleth Voltron B3's Main phase, precombat
Land: Ai(3)-Wyleth Voltron B3 played Plains (255)
Phase: Ai(3)-Wyleth Voltron B3's Beginning of Combat Step
Phase: Ai(3)-Wyleth Voltron B3's Declare Attackers Step
Phase: Ai(3)-Wyleth Voltron B3's Declare Blockers Step
Phase: Ai(3)-Wyleth Voltron B3's First Strike Damage Step
Phase: Ai(3)-Wyleth Voltron B3's Combat Damage Step
Phase: Ai(3)-Wyleth Voltron B3's End of Combat Step
Phase: Ai(3)-Wyleth Voltron B3's Main phase, postcombat
Mana: Plains (260) - {T}: Add {W}.
Mana: Mountain (287) - {T}: Add {R}.
Mana: Plains (255) - {T}: Add {W}.
Add To Stack: Ai(3)-Wyleth Voltron B3 cast Danitha Capashen, Paragon
Resolve Stack: Danitha Capashen, Paragon - Creature 2 / 2
Mana: Rogue's Passage (221) - {T}: Add {C}.
Add To Stack: Ai(3)-Wyleth Voltron B3 activated Mask of Memory targeting [Danitha Capashen, Paragon (300)]
Resolve Stack: Mask of Memory (241) -  Attach to Danitha Capashen, Paragon (300)
Phase: Ai(3)-Wyleth Voltron B3's End step
Phase: Ai(3)-Wyleth Voltron B3's Cleanup step
Turn: Turn 16 (Ai(4)-Drana Vampires)
Phase: Ai(4)-Drana Vampires' Untap step
Phase: Ai(4)-Drana Vampires' Upkeep step
Phase: Ai(4)-Drana Vampires' Draw step
Phase: Ai(4)-Drana Vampires' Main phase, precombat
Land: Ai(4)-Drana Vampires played Swamp (389)
Phase: Ai(4)-Drana Vampires' Beginning of Combat Step
Phase: Ai(4)-Drana Vampires' Declare Attackers Step
Phase: Ai(4)-Drana Vampires' Declare Blockers Step
Phase: Ai(4)-Drana Vampires' First Strike Damage Step
Phase: Ai(4)-Drana Vampires' Combat Damage Step
Phase: Ai(4)-Drana Vampires' End of Combat Step
Phase: Ai(4)-Drana Vampires' Main phase, postcombat
Mana: Swamp (390) - {T}: Add {B}.
Mana: Swamp (378) - {T}: Add {B}.
Mana: Swamp (357) - {T}: Add {B}.
Add To Stack: Ai(4)-Drana Vampires cast Drana, Liberator of Malakir
Resolve Stack: Drana, Liberator of Malakir - Creature 2 / 3
Mana: Swamp (389) - {T}: Add {B}.
Add To Stack: Ai(4)-Drana Vampires cast Indulgent Aristocrat
Resolve Stack: Indulgent Aristocrat - Creature 1 / 1
Phase: Ai(4)-Drana Vampires' End step
Phase: Ai(4)-Drana Vampires' Cleanup step
Turn: Turn 17 (Ai(1)-Kilo Helm Final)
Phase: Ai(1)-Kilo Helm Final's Untap step
Phase: Ai(1)-Kilo Helm Final's Upkeep step
Phase: Ai(1)-Kilo Helm Final's Draw step
Phase: Ai(1)-Kilo Helm Final's Main phase, precombat
Phase: Ai(1)-Kilo Helm Final's Beginning of Combat Step
Phase: Ai(1)-Kilo Helm Final's Declare Attackers Step
Phase: Ai(1)-Kilo Helm Final's Declare Blockers Step
Phase: Ai(1)-Kilo Helm Final's First Strike Damage Step
Phase: Ai(1)-Kilo Helm Final's Combat Damage Step
Phase: Ai(1)-Kilo Helm Final's End of Combat Step
Phase: Ai(1)-Kilo Helm Final's Main phase, postcombat
Land: Ai(1)-Kilo Helm Final played Island (64)
Mana: Mountain (87) - {T}: Add {R}.
Mana: Island (64) - {T}: Add {U}.
Mana: Razortide Bridge (21) - {T}: Add {W} or {U}.
Mana: Glacial Fortress (78) - {T}: Add {W} or {U}.
Add To Stack: Ai(1)-Kilo Helm Final cast Walking Ballista
Replacement Effect: Walking Ballista enters with X +1/+1 counters on it.
Resolve Stack: Walking Ballista - Creature 0 / 0 (X=2)
Add To Stack: Ai(1)-Kilo Helm Final activated Uthros Research Craft
Resolve Stack: Uthros Research Craft (93) - Ai(1)-Kilo Helm Final puts a charge counter on Uthros Research Craft (93).
Add To Stack: Ai(1)-Kilo Helm Final activated Uthros Research Craft
Resolve Stack: Uthros Research Craft (93) - Ai(1)-Kilo Helm Final puts two charge counters on Uthros Research Craft (93).
Add To Stack: Ai(1)-Kilo Helm Final activated Uthros Research Craft
Add To Stack: Ai(1)-Kilo Helm Final triggered Kilo, Apogee Mind
Resolve Stack: Whenever Kilo becomes tapped, proliferate. (Choose any number of permanents and/or players, then give each another counter of each kind already there.) [Tapped: Kilo, Apogee Mind (100)]
Resolve Stack: Uthros Research Craft (93) - Ai(1)-Kilo Helm Final puts three charge counters on Uthros Research Craft (93).
Phase: Ai(1)-Kilo Helm Final's End step
Phase: Ai(1)-Kilo Helm Final's Cleanup step
Turn: Turn 18 (Ai(2)-Wilhelt Zombies B3)
Phase: Ai(2)-Wilhelt Zombies B3's Untap step
Phase: Ai(2)-Wilhelt Zombies B3's Upkeep step
Add To Stack: Ai(2)-Wilhelt Zombies B3 triggered Rotting Regisaur
Discard: Ai(2)-Wilhelt Zombies B3 discards Army of the Damned (133).
Resolve Stack: At the beginning of your upkeep, discard a card. [Phase: Ai(2)-Wilhelt Zombies B3]
Phase: Ai(2)-Wilhelt Zombies B3's Draw step
Phase: Ai(2)-Wilhelt Zombies B3's Main phase, precombat
Phase: Ai(2)-Wilhelt Zombies B3's Beginning of Combat Step
Phase: Ai(2)-Wilhelt Zombies B3's Declare Attackers Step
Combat: Ai(2)-Wilhelt Zombies B3 assigned Rotting Regisaur (169) and Butcher Ghoul (167) to attack Ai(1)-Kilo Helm Final.
Phase: Ai(2)-Wilhelt Zombies B3's Declare Blockers Step
Combat: Ai(1)-Kilo Helm Final didn't block Rotting Regisaur (169).
Ai(1)-Kilo Helm Final didn't block Butcher Ghoul (167).
Phase: Ai(2)-Wilhelt Zombies B3's First Strike Damage Step
Phase: Ai(2)-Wilhelt Zombies B3's Combat Damage Step
Damage: Rotting Regisaur (169) deals 7 combat damage to Ai(1)-Kilo Helm Final.
Damage: Butcher Ghoul (167) deals 1 combat damage to Ai(1)-Kilo Helm Final.
Life: Life: Ai(1)-Kilo Helm Final 36 > 28
Phase: Ai(2)-Wilhelt Zombies B3's End of Combat Step
Phase: Ai(2)-Wilhelt Zombies B3's Main phase, postcombat
Mana: Island (141) - {T}: Add {U}.
Mana: Swamp (187) - {T}: Add {B}.
Mana: Island (154) - {T}: Add {U}.
Mana: Swamp (186) - {T}: Add {B}.
Add To Stack: Ai(2)-Wilhelt Zombies B3 cast Gisa and Geralf
Resolve Stack: Gisa and Geralf - Creature 4 / 4
Add To Stack: Ai(2)-Wilhelt Zombies B3 triggered Gisa and Geralf
Zone Change: Ai(2)-Wilhelt Zombies B3 milled Charcoal Diamond (157), Midnight Reaper (163), Hero's Downfall (168) and Island (151).
Resolve Stack: When Gisa and Geralf enters, mill four cards. [Zone Changer: Gisa and Geralf (127)]
Phase: Ai(2)-Wilhelt Zombies B3's End step
Phase: Ai(2)-Wilhelt Zombies B3's Cleanup step
Turn: Turn 19 (Ai(3)-Wyleth Voltron B3)
Phase: Ai(3)-Wyleth Voltron B3's Untap step
Phase: Ai(3)-Wyleth Voltron B3's Upkeep step
Phase: Ai(3)-Wyleth Voltron B3's Draw step
Phase: Ai(3)-Wyleth Voltron B3's Main phase, precombat
Land: Ai(3)-Wyleth Voltron B3 played Buried Ruin (217)
Mana: Plains (260) - {T}: Add {W}.
Mana: Mountain (287) - {T}: Add {R}.
Mana: Plains (255) - {T}: Add {W}.
Add To Stack: Ai(3)-Wyleth Voltron B3 cast Hammer of Nazahn
Life: Life: Ai(1)-Kilo Helm Final 28 > 27
Mana: Spire of Industry (10) - {T}, Pay 1 life: Add one mana of any color. Activate only if you control an artifact.
Add To Stack: Ai(1)-Kilo Helm Final cast An Offer You Can't Refuse targeting [Hammer of Nazahn]
Zone Change: Send countered spell to Graveyard
Resolve Stack: An Offer You Can't Refuse (92) - Counter Hammer of Nazahn (207). Its controller creates two Treasure tokens.
Phase: Ai(3)-Wyleth Voltron B3's Beginning of Combat Step
Phase: Ai(3)-Wyleth Voltron B3's Declare Attackers Step
Phase: Ai(3)-Wyleth Voltron B3's Declare Blockers Step
Phase: Ai(3)-Wyleth Voltron B3's First Strike Damage Step
Phase: Ai(3)-Wyleth Voltron B3's Combat Damage Step
Phase: Ai(3)-Wyleth Voltron B3's End of Combat Step
Phase: Ai(3)-Wyleth Voltron B3's Main phase, postcombat
Zone Change: Treasure Token (431) was put into Graveyard from Battlefield.
Mana: Treasure Token (431) - {T}, Sacrifice this token: Add one mana of any color.
Zone Change: Treasure Token (430) was put into Graveyard from Battlefield.
Mana: Treasure Token (430) - {T}, Sacrifice this token: Add one mana of any color.
Mana: Rogue's Passage (221) - {T}: Add {C}.
Add To Stack: Ai(3)-Wyleth Voltron B3 cast Wyleth, Soul of Steel
Resolve Stack: Wyleth, Soul of Steel - Creature 2 / 2
Phase: Ai(3)-Wyleth Voltron B3's End step
Phase: Ai(3)-Wyleth Voltron B3's Cleanup step
Turn: Turn 20 (Ai(4)-Drana Vampires)
Phase: Ai(4)-Drana Vampires' Untap step
Phase: Ai(4)-Drana Vampires' Upkeep step
Phase: Ai(4)-Drana Vampires' Draw step
Phase: Ai(4)-Drana Vampires' Main phase, precombat
Land: Ai(4)-Drana Vampires played Swamp (367)
Mana: Swamp (390) - {T}: Add {B}.
Mana: Swamp (378) - {T}: Add {B}.
Mana: Swamp (357) - {T}: Add {B}.
Mana: Swamp (389) - {T}: Add {B}.
Add To Stack: Ai(4)-Drana Vampires cast Vampire Nocturnus
Resolve Stack: Vampire Nocturnus - Creature 3 / 3
Phase: Ai(4)-Drana Vampires' Beginning of Combat Step
Phase: Ai(4)-Drana Vampires' Declare Attackers Step
Combat: Ai(4)-Drana Vampires assigned Drana, Liberator of Malakir (402) to attack Ai(2)-Wilhelt Zombies B3.
Phase: Ai(4)-Drana Vampires' Declare Blockers Step
Combat: Ai(2)-Wilhelt Zombies B3 didn't block Drana, Liberator of Malakir (402).
Phase: Ai(4)-Drana Vampires' First Strike Damage Step
Damage: Drana, Liberator of Malakir (402) deals 2 combat damage to Ai(2)-Wilhelt Zombies B3.
Life: Life: Ai(2)-Wilhelt Zombies B3 36 > 34
Add To Stack: Ai(4)-Drana Vampires triggered Drana, Liberator of Malakir
Resolve Stack: Whenever Drana, Liberator of Malakir deals combat damage to a player, put a +1/+1 counter on each attacking creature you control. [Damage Source: Drana, Liberator of Malakir (402), Damaged: Ai(2)-Wilhelt Zombies B3, Amount: 2]
Phase: Ai(4)-Drana Vampires' Combat Damage Step
Phase: Ai(4)-Drana Vampires' End of Combat Step
Phase: Ai(4)-Drana Vampires' Main phase, postcombat
Phase: Ai(4)-Drana Vampires' End step
Phase: Ai(4)-Drana Vampires' Cleanup step
Turn: Turn 21 (Ai(1)-Kilo Helm Final)
Phase: Ai(1)-Kilo Helm Final's Untap step
Phase: Ai(1)-Kilo Helm Final's Upkeep step
Phase: Ai(1)-Kilo Helm Final's Draw step
Phase: Ai(1)-Kilo Helm Final's Main phase, precombat
Land: Ai(1)-Kilo Helm Final played Plains (55)
Phase: Ai(1)-Kilo Helm Final's Beginning of Combat Step
Phase: Ai(1)-Kilo Helm Final's Declare Attackers Step
Phase: Ai(1)-Kilo Helm Final's Declare Blockers Step
Phase: Ai(1)-Kilo Helm Final's First Strike Damage Step
Phase: Ai(1)-Kilo Helm Final's Combat Damage Step
Phase: Ai(1)-Kilo Helm Final's End of Combat Step
Phase: Ai(1)-Kilo Helm Final's Main phase, postcombat
Add To Stack: Ai(1)-Kilo Helm Final activated Emry, Lurker of the Loch targeting [Coretapper (28)]
Resolve Stack: Emry, Lurker of the Loch (47) - {T}: Choose target artifact card in your graveyard. You may cast that card this turn.
Mana: Island (64) - {T}: Add {U}.
Mana: Mountain (87) - {T}: Add {R}.
Add To Stack: Ai(1)-Kilo Helm Final cast Coretapper
Add To Stack: Ai(1)-Kilo Helm Final triggered Uthros Research Craft
Resolve Stack: Whenever you cast an artifact spell, draw a card. Put a charge counter on this Spacecraft. [Card: Coretapper (28), Activator: Ai(1)-Kilo Helm Final, SpellAbility: Coretapper - Creature 1 / 1 by Emry, Lurker of the Loch (47)]
Resolve Stack: Coretapper - Creature 1 / 1
Mana: Plains (55) - {T}: Add {W}.
Mana: Razortide Bridge (21) - {T}: Add {W} or {U}.
Add To Stack: Ai(1)-Kilo Helm Final cast Steel Overseer
Add To Stack: Ai(1)-Kilo Helm Final triggered Uthros Research Craft
Resolve Stack: Whenever you cast an artifact spell, draw a card. Put a charge counter on this Spacecraft. [Card: Steel Overseer (3), Activator: Ai(1)-Kilo Helm Final, SpellAbility: Steel Overseer - Creature 1 / 1]
Resolve Stack: Steel Overseer - Creature 1 / 1
Phase: Ai(1)-Kilo Helm Final's End step
Phase: Ai(1)-Kilo Helm Final's Cleanup step
Turn: Turn 22 (Ai(2)-Wilhelt Zombies B3)
Phase: Ai(2)-Wilhelt Zombies B3's Untap step
Phase: Ai(2)-Wilhelt Zombies B3's Upkeep step
Add To Stack: Ai(2)-Wilhelt Zombies B3 triggered Rotting Regisaur
Discard: Ai(2)-Wilhelt Zombies B3 discards Gray Merchant of Asphodel (116).
Resolve Stack: At the beginning of your upkeep, discard a card. [Phase: Ai(2)-Wilhelt Zombies B3]
Phase: Ai(2)-Wilhelt Zombies B3's Draw step
Phase: Ai(2)-Wilhelt Zombies B3's Main phase, precombat
Mana: Swamp (187) - {T}: Add {B}.
Mana: Island (141) - {T}: Add {U}.
Mana: Island (154) - {T}: Add {U}.
Add To Stack: Ai(2)-Wilhelt Zombies B3 cast Read the Bones
Resolve Stack: Ai(2)-Wilhelt Zombies B3 scried 2 card(s) to the top of the library
Life: Life: Ai(2)-Wilhelt Zombies B3 34 > 32
Resolve Stack: Read the Bones (111) - Ai(2)-Wilhelt Zombies B3 scries 2. Ai(2)-Wilhelt Zombies B3 draws two cards. Ai(2)-Wilhelt Zombies B3 loses 2 life.
Land: Ai(2)-Wilhelt Zombies B3 played Swamp (183)
Phase: Ai(2)-Wilhelt Zombies B3's Beginning of Combat Step
Phase: Ai(2)-Wilhelt Zombies B3's Declare Attackers Step
Combat: Ai(2)-Wilhelt Zombies B3 assigned Rotting Regisaur (169) and Gisa and Geralf (127) to attack Ai(1)-Kilo Helm Final.
Phase: Ai(2)-Wilhelt Zombies B3's Declare Blockers Step
Combat: Ai(1)-Kilo Helm Final didn't block Rotting Regisaur (169).
Ai(1)-Kilo Helm Final assigned Kilo, Apogee Mind (100) and Walking Ballista (36) to block Gisa and Geralf (127).
Add To Stack: Ai(1)-Kilo Helm Final activated Walking Ballista targeting [Ai(2)-Wilhelt Zombies B3]
Damage: Walking Ballista (36) deals 1 non-combat damage to Ai(2)-Wilhelt Zombies B3.
Life: Life: Ai(2)-Wilhelt Zombies B3 32 > 31
Resolve Stack: Walking Ballista (36) - Walking Ballista (36) deals 1 damage to Ai(2)-Wilhelt Zombies B3.
Add To Stack: Ai(1)-Kilo Helm Final activated Walking Ballista targeting [Ai(2)-Wilhelt Zombies B3]
Damage: Walking Ballista (36) deals 1 non-combat damage to Ai(2)-Wilhelt Zombies B3.
Life: Life: Ai(2)-Wilhelt Zombies B3 31 > 30
Resolve Stack: Walking Ballista (36) - Walking Ballista (36) deals 1 damage to Ai(2)-Wilhelt Zombies B3.
Add To Stack: Ai(1)-Kilo Helm Final activated Walking Ballista targeting [Ai(2)-Wilhelt Zombies B3]
Zone Change: Walking Ballista (36) was put into Graveyard from Battlefield.
Damage: Walking Ballista (36) deals 1 non-combat damage to Ai(2)-Wilhelt Zombies B3.
Life: Life: Ai(2)-Wilhelt Zombies B3 30 > 29
Resolve Stack: Walking Ballista (36) - Walking Ballista (36) deals 1 damage to Ai(2)-Wilhelt Zombies B3.
Phase: Ai(2)-Wilhelt Zombies B3's First Strike Damage Step
Phase: Ai(2)-Wilhelt Zombies B3's Combat Damage Step
Damage: Rotting Regisaur (169) deals 7 combat damage to Ai(1)-Kilo Helm Final.
Damage: Gisa and Geralf (127) deals 4 damage to Kilo, Apogee Mind (100).
Damage: Kilo, Apogee Mind (100) deals 3 damage to Gisa and Geralf (127).
Life: Life: Ai(1)-Kilo Helm Final 27 > 20
Zone Change: Kilo, Apogee Mind (100) was put into Graveyard from Battlefield.
Phase: Ai(2)-Wilhelt Zombies B3's End of Combat Step
Phase: Ai(2)-Wilhelt Zombies B3's Main phase, postcombat
Mana: Swamp (186) - {T}: Add {B}.
Add To Stack: Ai(2)-Wilhelt Zombies B3 cast Cryptbreaker
Resolve Stack: Cryptbreaker - Creature 1 / 1
Phase: Ai(2)-Wilhelt Zombies B3's End step
Phase: Ai(2)-Wilhelt Zombies B3's Cleanup step
Turn: Turn 23 (Ai(3)-Wyleth Voltron B3)
Phase: Ai(3)-Wyleth Voltron B3's Untap step
Phase: Ai(3)-Wyleth Voltron B3's Upkeep step
Phase: Ai(3)-Wyleth Voltron B3's Draw step
Phase: Ai(3)-Wyleth Voltron B3's Main phase, precombat
Land: Ai(3)-Wyleth Voltron B3 played Command Tower (214)
Phase: Ai(3)-Wyleth Voltron B3's Beginning of Combat Step
Phase: Ai(3)-Wyleth Voltron B3's Declare Attackers Step
Combat: Ai(3)-Wyleth Voltron B3 assigned Wyleth, Soul of Steel (301) and Danitha Capashen, Paragon (300) to attack Ai(2)-Wilhelt Zombies B3.
Add To Stack: Ai(3)-Wyleth Voltron B3 triggered Wyleth, Soul of Steel
Resolve Stack: Whenever Wyleth, Soul of Steel attacks, draw a card for each Aura and Equipment attached to it. [Attacker: Wyleth, Soul of Steel (301)]
Phase: Ai(3)-Wyleth Voltron B3's Declare Blockers Step
Combat: Ai(2)-Wilhelt Zombies B3 didn't block Wyleth, Soul of Steel (301).
Ai(2)-Wilhelt Zombies B3 didn't block Danitha Capashen, Paragon (300).
Phase: Ai(3)-Wyleth Voltron B3's First Strike Damage Step
Damage: Danitha Capashen, Paragon (300) deals 2 combat damage to Ai(2)-Wilhelt Zombies B3.
Life: Life: Ai(3)-Wyleth Voltron B3 39 > 41
Life: Life: Ai(2)-Wilhelt Zombies B3 29 > 27
Add To Stack: Ai(3)-Wyleth Voltron B3 triggered Mask of Memory
Discard: Ai(3)-Wyleth Voltron B3 discards Mountain (291).
Resolve Stack: Whenever equipped creature deals combat damage to a player, you may draw two cards. If you do, discard a card. [Damage Source: Danitha Capashen, Paragon (300), Damaged: Ai(2)-Wilhelt Zombies B3, Amount: 2]
Phase: Ai(3)-Wyleth Voltron B3's Combat Damage Step
Damage: Wyleth, Soul of Steel (301) deals 2 combat damage to Ai(2)-Wilhelt Zombies B3.
Life: Life: Ai(2)-Wilhelt Zombies B3 27 > 25
Phase: Ai(3)-Wyleth Voltron B3's End of Combat Step
Phase: Ai(3)-Wyleth Voltron B3's Main phase, postcombat
Mana: Plains (260) - {T}: Add {W}.
Mana: Mountain (287) - {T}: Add {R}.
Add To Stack: Ai(3)-Wyleth Voltron B3 cast Sword of Vengeance
Resolve Stack: Sword of Vengeance
Mana: Plains (255) - {T}: Add {W}.
Mana: Command Tower (214) - {T}: Add one mana of any color in your commander's color identity.
Zone Change: Buried Ruin (217) was put into Graveyard from Battlefield.
Add To Stack: Ai(3)-Wyleth Voltron B3 activated Buried Ruin targeting [Hammer of Nazahn (207)]
Resolve Stack: Buried Ruin (217) - Return Hammer of Nazahn (207) from the graveyard to its owner's hand.
Phase: Ai(3)-Wyleth Voltron B3's End step
Phase: Ai(3)-Wyleth Voltron B3's Cleanup step
Turn: Turn 24 (Ai(4)-Drana Vampires)
Phase: Ai(4)-Drana Vampires' Untap step
Phase: Ai(4)-Drana Vampires' Upkeep step
Phase: Ai(4)-Drana Vampires' Draw step
Phase: Ai(4)-Drana Vampires' Main phase, precombat
Land: Ai(4)-Drana Vampires played Swamp (361)
Phase: Ai(4)-Drana Vampires' Beginning of Combat Step
Phase: Ai(4)-Drana Vampires' Declare Attackers Step
Combat: Ai(4)-Drana Vampires assigned Drana, Liberator of Malakir (402), Vampire Nocturnus (308) and Indulgent Aristocrat (353) to attack Ai(2)-Wilhelt Zombies B3.
Phase: Ai(4)-Drana Vampires' Declare Blockers Step
Combat: Ai(2)-Wilhelt Zombies B3 didn't block Drana, Liberator of Malakir (402).
Ai(2)-Wilhelt Zombies B3 didn't block Vampire Nocturnus (308).
Ai(2)-Wilhelt Zombies B3 didn't block Indulgent Aristocrat (353).
Phase: Ai(4)-Drana Vampires' First Strike Damage Step
Damage: Drana, Liberator of Malakir (402) deals 5 combat damage to Ai(2)-Wilhelt Zombies B3.
Life: Life: Ai(2)-Wilhelt Zombies B3 25 > 20
Add To Stack: Ai(4)-Drana Vampires triggered Drana, Liberator of Malakir
Resolve Stack: Whenever Drana, Liberator of Malakir deals combat damage to a player, put a +1/+1 counter on each attacking creature you control. [Damage Source: Drana, Liberator of Malakir (402), Damaged: Ai(2)-Wilhelt Zombies B3, Amount: 5]
Phase: Ai(4)-Drana Vampires' Combat Damage Step
Damage: Vampire Nocturnus (308) deals 6 combat damage to Ai(2)-Wilhelt Zombies B3.
Damage: Indulgent Aristocrat (353) deals 4 combat damage to Ai(2)-Wilhelt Zombies B3.
Life: Life: Ai(4)-Drana Vampires 38 > 42
Life: Life: Ai(2)-Wilhelt Zombies B3 20 > 10
Phase: Ai(4)-Drana Vampires' End of Combat Step
Phase: Ai(4)-Drana Vampires' Main phase, postcombat
Mana: Swamp (390) - {T}: Add {B}.
Mana: Swamp (378) - {T}: Add {B}.
Mana: Swamp (357) - {T}: Add {B}.
Mana: Swamp (389) - {T}: Add {B}.
Mana: Swamp (367) - {T}: Add {B}.
Mana: Swamp (361) - {T}: Add {B}.
Add To Stack: Ai(4)-Drana Vampires cast Necropolis Regent
Resolve Stack: Necropolis Regent - Creature 6 / 5
Phase: Ai(4)-Drana Vampires' End step
Phase: Ai(4)-Drana Vampires' Cleanup step
Turn: Turn 25 (Ai(1)-Kilo Helm Final)
Phase: Ai(1)-Kilo Helm Final's Untap step
Phase: Ai(1)-Kilo Helm Final's Upkeep step
Phase: Ai(1)-Kilo Helm Final's Draw step
Phase: Ai(1)-Kilo Helm Final's Main phase, precombat
Land: Ai(1)-Kilo Helm Final played Command Tower (6)
Mana: Mountain (87) - {T}: Add {R}.
Mana: Plains (55) - {T}: Add {W}.
Mana: Island (64) - {T}: Add {U}.
Mana: Razortide Bridge (21) - {T}: Add {W} or {U}.
Mana: Glacial Fortress (78) - {T}: Add {W} or {U}.
Mana: Command Tower (6) - {T}: Add one mana of any color in your commander's color identity.
Mana: Spire of Industry (10) - {T}: Add {C}.
Add To Stack: Ai(1)-Kilo Helm Final cast Wake the Past
Replacement Effect: Walking Ballista enters with X +1/+1 counters on it.
Resolve Stack: Wake the Past (50) - Return all artifact cards from your graveyard to the battlefield. They gain haste until end of turn.  
Zone Change: Walking Ballista (36) was put into Graveyard from Battlefield.
Phase: Ai(1)-Kilo Helm Final's Beginning of Combat Step
Phase: Ai(1)-Kilo Helm Final's Declare Attackers Step
Phase: Ai(1)-Kilo Helm Final's Declare Blockers Step
Phase: Ai(1)-Kilo Helm Final's First Strike Damage Step
Phase: Ai(1)-Kilo Helm Final's Combat Damage Step
Phase: Ai(1)-Kilo Helm Final's End of Combat Step
Phase: Ai(1)-Kilo Helm Final's Main phase, postcombat
Add To Stack: Ai(1)-Kilo Helm Final activated Uthros Research Craft
Resolve Stack: Uthros Research Craft (93) - Ai(1)-Kilo Helm Final puts a charge counter on Uthros Research Craft (93).
Add To Stack: Ai(1)-Kilo Helm Final activated Uthros Research Craft
Resolve Stack: Uthros Research Craft (93) - Ai(1)-Kilo Helm Final puts a charge counter on Uthros Research Craft (93).
Add To Stack: Ai(1)-Kilo Helm Final activated Uthros Research Craft
Resolve Stack: Uthros Research Craft (93) - Ai(1)-Kilo Helm Final puts a charge counter on Uthros Research Craft (93).
Phase: Ai(1)-Kilo Helm Final's End step
Phase: Ai(1)-Kilo Helm Final's Cleanup step
Turn: Turn 26 (Ai(2)-Wilhelt Zombies B3)
Phase: Ai(2)-Wilhelt Zombies B3's Untap step
Phase: Ai(2)-Wilhelt Zombies B3's Upkeep step
Add To Stack: Ai(2)-Wilhelt Zombies B3 triggered Rotting Regisaur
Discard: Ai(2)-Wilhelt Zombies B3 discards Arcane Signet (194).
Resolve Stack: At the beginning of your upkeep, discard a card. [Phase: Ai(2)-Wilhelt Zombies B3]
Phase: Ai(2)-Wilhelt Zombies B3's Draw step
Phase: Ai(2)-Wilhelt Zombies B3's Main phase, precombat
Phase: Ai(2)-Wilhelt Zombies B3's Beginning of Combat Step
Phase: Ai(2)-Wilhelt Zombies B3's Declare Attackers Step
Phase: Ai(2)-Wilhelt Zombies B3's Declare Blockers Step
Phase: Ai(2)-Wilhelt Zombies B3's First Strike Damage Step
Phase: Ai(2)-Wilhelt Zombies B3's Combat Damage Step
Phase: Ai(2)-Wilhelt Zombies B3's End of Combat Step
Phase: Ai(2)-Wilhelt Zombies B3's Main phase, postcombat
Mana: Swamp (187) - {T}: Add {B}.
Mana: Swamp (186) - {T}: Add {B}.
Mana: Island (141) - {T}: Add {U}.
Mana: Island (154) - {T}: Add {U}.
Mana: Swamp (183) - {T}: Add {B}.
Add To Stack: Ai(2)-Wilhelt Zombies B3 cast Gray Merchant of Asphodel
Resolve Stack: Gray Merchant of Asphodel - Creature 2 / 4
Add To Stack: Ai(2)-Wilhelt Zombies B3 triggered Gray Merchant of Asphodel
Life: Life: Ai(3)-Wyleth Voltron B3 41 > 35
Life: Life: Ai(4)-Drana Vampires 42 > 36
Life: Life: Ai(1)-Kilo Helm Final 20 > 14
Life: Life: Ai(2)-Wilhelt Zombies B3 10 > 28
Resolve Stack: When Gray Merchant of Asphodel enters, each opponent loses X life, where X is your devotion to black. You gain life equal to the life lost this way. [Zone Changer: Gray Merchant of Asphodel (116)]
Phase: Ai(2)-Wilhelt Zombies B3's End step
Phase: Ai(2)-Wilhelt Zombies B3's Cleanup step
Turn: Turn 27 (Ai(3)-Wyleth Voltron B3)
Phase: Ai(3)-Wyleth Voltron B3's Untap step
Phase: Ai(3)-Wyleth Voltron B3's Upkeep step
Phase: Ai(3)-Wyleth Voltron B3's Draw step
Phase: Ai(3)-Wyleth Voltron B3's Main phase, precombat
Land: Ai(3)-Wyleth Voltron B3 played Mountain (289)
Mana: Plains (260) - {T}: Add {W}.
Mana: Mountain (287) - {T}: Add {R}.
Mana: Plains (255) - {T}: Add {W}.
Mana: Mountain (289) - {T}: Add {R}.
Add To Stack: Ai(3)-Wyleth Voltron B3 activated Rogue's Passage targeting [Danitha Capashen, Paragon (300)]
Resolve Stack: Rogue's Passage (221) - Danitha Capashen, Paragon (300) can't be blocked this turn.
Phase: Ai(3)-Wyleth Voltron B3's Beginning of Combat Step
Phase: Ai(3)-Wyleth Voltron B3's Declare Attackers Step
Combat: Ai(3)-Wyleth Voltron B3 assigned Danitha Capashen, Paragon (300) to attack Ai(4)-Drana Vampires.
Phase: Ai(3)-Wyleth Voltron B3's Declare Blockers Step
Combat: Ai(4)-Drana Vampires didn't block Danitha Capashen, Paragon (300).
Phase: Ai(3)-Wyleth Voltron B3's First Strike Damage Step
Damage: Danitha Capashen, Paragon (300) deals 2 combat damage to Ai(4)-Drana Vampires.
Life: Life: Ai(3)-Wyleth Voltron B3 35 > 37
Life: Life: Ai(4)-Drana Vampires 36 > 34
Add To Stack: Ai(3)-Wyleth Voltron B3 triggered Mask of Memory
Discard: Ai(3)-Wyleth Voltron B3 discards Mountain (285).
Resolve Stack: Whenever equipped creature deals combat damage to a player, you may draw two cards. If you do, discard a card. [Damage Source: Danitha Capashen, Paragon (300), Damaged: Ai(4)-Drana Vampires, Amount: 2]
Phase: Ai(3)-Wyleth Voltron B3's Combat Damage Step
Phase: Ai(3)-Wyleth Voltron B3's End of Combat Step
Phase: Ai(3)-Wyleth Voltron B3's Main phase, postcombat
Phase: Ai(3)-Wyleth Voltron B3's End step
Phase: Ai(3)-Wyleth Voltron B3's Cleanup step
Turn: Turn 28 (Ai(4)-Drana Vampires)
Phase: Ai(4)-Drana Vampires' Untap step
Phase: Ai(4)-Drana Vampires' Upkeep step
Phase: Ai(4)-Drana Vampires' Draw step
Phase: Ai(4)-Drana Vampires' Main phase, precombat
Phase: Ai(4)-Drana Vampires' Beginning of Combat Step
Phase: Ai(4)-Drana Vampires' Declare Attackers Step
Combat: Ai(4)-Drana Vampires assigned Necropolis Regent (345) and Drana, Liberator of Malakir (402) to attack Ai(2)-Wilhelt Zombies B3.
Phase: Ai(4)-Drana Vampires' Declare Blockers Step
Combat: Ai(2)-Wilhelt Zombies B3 didn't block Necropolis Regent (345).
Ai(2)-Wilhelt Zombies B3 didn't block Drana, Liberator of Malakir (402).
Phase: Ai(4)-Drana Vampires' First Strike Damage Step
Damage: Drana, Liberator of Malakir (402) deals 4 combat damage to Ai(2)-Wilhelt Zombies B3.
Life: Life: Ai(2)-Wilhelt Zombies B3 28 > 24
Add To Stack: Ai(4)-Drana Vampires triggered Drana, Liberator of Malakir
Add To Stack: Ai(4)-Drana Vampires triggered Necropolis Regent
Resolve Stack: Whenever a creature you control deals combat damage to a player, put that many +1/+1 counters on it. [Damage Source: Drana, Liberator of Malakir (402), Damaged: Ai(2)-Wilhelt Zombies B3, Amount: 4]
Resolve Stack: Whenever Drana, Liberator of Malakir deals combat damage to a player, put a +1/+1 counter on each attacking creature you control. [Damage Source: Drana, Liberator of Malakir (402), Damaged: Ai(2)-Wilhelt Zombies B3, Amount: 4]
Phase: Ai(4)-Drana Vampires' Combat Damage Step
Damage: Necropolis Regent (345) deals 7 combat damage to Ai(2)-Wilhelt Zombies B3.
Life: Life: Ai(2)-Wilhelt Zombies B3 24 > 17
Add To Stack: Ai(4)-Drana Vampires triggered Necropolis Regent
Resolve Stack: Whenever a creature you control deals combat damage to a player, put that many +1/+1 counters on it. [Damage Source: Necropolis Regent (345), Damaged: Ai(2)-Wilhelt Zombies B3, Amount: 7]
Phase: Ai(4)-Drana Vampires' End of Combat Step
Phase: Ai(4)-Drana Vampires' Main phase, postcombat
Mana: Swamp (390) - {T}: Add {B}.
Mana: Swamp (378) - {T}: Add {B}.
Mana: Swamp (357) - {T}: Add {B}.
Mana: Swamp (389) - {T}: Add {B}.
Add To Stack: Ai(4)-Drana Vampires cast Bloodline Keeper
Resolve Stack: Bloodline Keeper - Creature 3 / 3
Mana: Swamp (367) - {T}: Add {B}.
Mana: Swamp (361) - {T}: Add {B}.
Add To Stack: Ai(4)-Drana Vampires cast Mind Stone
Resolve Stack: Mind Stone
Phase: Ai(4)-Drana Vampires' End step
Phase: Ai(4)-Drana Vampires' Cleanup step
Turn: Turn 29 (Ai(1)-Kilo Helm Final)
Phase: Ai(1)-Kilo Helm Final's Untap step
Phase: Ai(1)-Kilo Helm Final's Upkeep step
Phase: Ai(1)-Kilo Helm Final's Draw step
Mana: Mountain (87) - {T}: Add {R}.
Mana: Island (64) - {T}: Add {U}.
Mana: Plains (55) - {T}: Add {W}.
Add To Stack: Ai(1)-Kilo Helm Final cast Chaos Warp targeting [Necropolis Regent (345)]
Resolve Stack: Chaos Warp (31) - Shuffle Necropolis Regent (345) into its owner's library. Ai(1)-Kilo Helm Final reveals the top card of Ai(4)-Drana Vampires' library.
Phase: Ai(1)-Kilo Helm Final's Main phase, precombat
Phase: Ai(1)-Kilo Helm Final's Beginning of Combat Step
Phase: Ai(1)-Kilo Helm Final's Declare Attackers Step
Phase: Ai(1)-Kilo Helm Final's Declare Blockers Step
Phase: Ai(1)-Kilo Helm Final's First Strike Damage Step
Phase: Ai(1)-Kilo Helm Final's Combat Damage Step
Phase: Ai(1)-Kilo Helm Final's End of Combat Step
Phase: Ai(1)-Kilo Helm Final's Main phase, postcombat
Add To Stack: Ai(1)-Kilo Helm Final activated Emry, Lurker of the Loch targeting [Walking Ballista (36)]
Resolve Stack: Emry, Lurker of the Loch (47) - {T}: Choose target artifact card in your graveyard. You may cast that card this turn.
Mana: Razortide Bridge (21) - {T}: Add {W} or {U}.
Mana: Glacial Fortress (78) - {T}: Add {W} or {U}.
Mana: Command Tower (6) - {T}: Add one mana of any color in your commander's color identity.
Mana: Spire of Industry (10) - {T}: Add {C}.
Add To Stack: Ai(1)-Kilo Helm Final cast Walking Ballista
Add To Stack: Ai(1)-Kilo Helm Final triggered Uthros Research Craft
Resolve Stack: Whenever you cast an artifact spell, draw a card. Put a charge counter on this Spacecraft. [Card: Walking Ballista (36), Activator: Ai(1)-Kilo Helm Final, SpellAbility: Walking Ballista - Creature 0 / 0 (X=0) by Emry, Lurker of the Loch (47)]
Replacement Effect: Walking Ballista enters with X +1/+1 counters on it.
Resolve Stack: Walking Ballista - Creature 0 / 0 (X=2)
Add To Stack: Ai(1)-Kilo Helm Final activated Walking Ballista targeting [Cryptbreaker (196)]
Damage: Walking Ballista (36) deals 1 damage to Cryptbreaker (196).
Resolve Stack: Walking Ballista (36) - Walking Ballista (36) deals 1 damage to Cryptbreaker (196).
Zone Change: Cryptbreaker (196) was put into Graveyard from Battlefield.
Phase: Ai(1)-Kilo Helm Final's End step
Add To Stack: Ai(1)-Kilo Helm Final activated Steel Overseer
Resolve Stack: Steel Overseer (3) - Put a +1/+1 counter on each valid permanent.
Phase: Ai(1)-Kilo Helm Final's Cleanup step
Turn: Turn 30 (Ai(2)-Wilhelt Zombies B3)
Phase: Ai(2)-Wilhelt Zombies B3's Untap step
Phase: Ai(2)-Wilhelt Zombies B3's Upkeep step
Add To Stack: Ai(2)-Wilhelt Zombies B3 triggered Rotting Regisaur
Discard: Ai(2)-Wilhelt Zombies B3 discards Sky Diamond (193).
Resolve Stack: At the beginning of your upkeep, discard a card. [Phase: Ai(2)-Wilhelt Zombies B3]
Phase: Ai(2)-Wilhelt Zombies B3's Draw step
Phase: Ai(2)-Wilhelt Zombies B3's Main phase, precombat
Mana: Swamp (187) - {T}: Add {B}.
Mana: Swamp (186) - {T}: Add {B}.
Mana: Island (141) - {T}: Add {U}.
Mana: Island (154) - {T}: Add {U}.
Add To Stack: Ai(2)-Wilhelt Zombies B3 cast Undead Warchief
Resolve Stack: Undead Warchief - Creature 1 / 1
Add To Stack: Ai(1)-Kilo Helm Final activated Walking Ballista targeting [Undead Warchief (197)]
Damage: Walking Ballista (36) deals 1 damage to Undead Warchief (197).
Resolve Stack: Walking Ballista (36) - Walking Ballista (36) deals 1 damage to Undead Warchief (197).
Add To Stack: Ai(1)-Kilo Helm Final activated Walking Ballista targeting [Undead Warchief (197)]
Zone Change: Walking Ballista (36) was put into Graveyard from Battlefield.
Damage: Walking Ballista (36) deals 1 damage to Undead Warchief (197).
Resolve Stack: Walking Ballista (36) - Walking Ballista (36) deals 1 damage to Undead Warchief (197).
Zone Change: Undead Warchief (197) was put into Graveyard from Battlefield.
Phase: Ai(2)-Wilhelt Zombies B3's Beginning of Combat Step
Phase: Ai(2)-Wilhelt Zombies B3's Declare Attackers Step
Phase: Ai(2)-Wilhelt Zombies B3's Declare Blockers Step
Phase: Ai(2)-Wilhelt Zombies B3's First Strike Damage Step
Phase: Ai(2)-Wilhelt Zombies B3's Combat Damage Step
Phase: Ai(2)-Wilhelt Zombies B3's End of Combat Step
Phase: Ai(2)-Wilhelt Zombies B3's Main phase, postcombat
Mana: Swamp (183) - {T}: Add {B}.
Add To Stack: Ai(2)-Wilhelt Zombies B3 cast Cryptbreaker
Resolve Stack: Cryptbreaker - Creature 1 / 1
Phase: Ai(2)-Wilhelt Zombies B3's End step
Phase: Ai(2)-Wilhelt Zombies B3's Cleanup step
Turn: Turn 31 (Ai(3)-Wyleth Voltron B3)
Phase: Ai(3)-Wyleth Voltron B3's Untap step
Phase: Ai(3)-Wyleth Voltron B3's Upkeep step
Phase: Ai(3)-Wyleth Voltron B3's Draw step
Phase: Ai(3)-Wyleth Voltron B3's Main phase, precombat
Land: Ai(3)-Wyleth Voltron B3 played Mountain (282)
Mana: Mountain (287) - {T}: Add {R}.
Mana: Mountain (289) - {T}: Add {R}.
Mana: Mountain (282) - {T}: Add {R}.
Mana: Plains (260) - {T}: Add {W}.
Add To Stack: Ai(3)-Wyleth Voltron B3 activated Rogue's Passage targeting [Danitha Capashen, Paragon (300)]
Resolve Stack: Rogue's Passage (221) - Danitha Capashen, Paragon (300) can't be blocked this turn.
Phase: Ai(3)-Wyleth Voltron B3's Beginning of Combat Step
Phase: Ai(3)-Wyleth Voltron B3's Declare Attackers Step
Combat: Ai(3)-Wyleth Voltron B3 assigned Danitha Capashen, Paragon (300) to attack Ai(4)-Drana Vampires.
Phase: Ai(3)-Wyleth Voltron B3's Declare Blockers Step
Combat: Ai(4)-Drana Vampires didn't block Danitha Capashen, Paragon (300).
Phase: Ai(3)-Wyleth Voltron B3's First Strike Damage Step
Damage: Danitha Capashen, Paragon (300) deals 2 combat damage to Ai(4)-Drana Vampires.
Life: Life: Ai(3)-Wyleth Voltron B3 37 > 39
Life: Life: Ai(4)-Drana Vampires 34 > 32
Add To Stack: Ai(3)-Wyleth Voltron B3 triggered Mask of Memory
Discard: Ai(3)-Wyleth Voltron B3 discards Mountain (286).
Resolve Stack: Whenever equipped creature deals combat damage to a player, you may draw two cards. If you do, discard a card. [Damage Source: Danitha Capashen, Paragon (300), Damaged: Ai(4)-Drana Vampires, Amount: 2]
Phase: Ai(3)-Wyleth Voltron B3's Combat Damage Step
Phase: Ai(3)-Wyleth Voltron B3's End of Combat Step
Phase: Ai(3)-Wyleth Voltron B3's Main phase, postcombat
Phase: Ai(3)-Wyleth Voltron B3's End step
Phase: Ai(3)-Wyleth Voltron B3's Cleanup step
Turn: Turn 32 (Ai(4)-Drana Vampires)
Phase: Ai(4)-Drana Vampires' Untap step
Phase: Ai(4)-Drana Vampires' Upkeep step
Phase: Ai(4)-Drana Vampires' Draw step
Phase: Ai(4)-Drana Vampires' Main phase, precombat
Land: Ai(4)-Drana Vampires played Swamp (387)
Phase: Ai(4)-Drana Vampires' Beginning of Combat Step
Phase: Ai(4)-Drana Vampires' Declare Attackers Step
Combat: Ai(4)-Drana Vampires assigned Drana, Liberator of Malakir (402), Vampire Nocturnus (308), Bloodline Keeper (330) and Indulgent Aristocrat (353) to attack Ai(2)-Wilhelt Zombies B3.
Phase: Ai(4)-Drana Vampires' Declare Blockers Step
Combat: Ai(2)-Wilhelt Zombies B3 didn't block Drana, Liberator of Malakir (402).
Ai(2)-Wilhelt Zombies B3 didn't block Vampire Nocturnus (308).
Ai(2)-Wilhelt Zombies B3 didn't block Bloodline Keeper (330).
Ai(2)-Wilhelt Zombies B3 didn't block Indulgent Aristocrat (353).
Phase: Ai(4)-Drana Vampires' First Strike Damage Step
Damage: Drana, Liberator of Malakir (402) deals 11 combat damage to Ai(2)-Wilhelt Zombies B3.
Life: Life: Ai(2)-Wilhelt Zombies B3 17 > 6
Add To Stack: Ai(4)-Drana Vampires triggered Drana, Liberator of Malakir
Resolve Stack: Whenever Drana, Liberator of Malakir deals combat damage to a player, put a +1/+1 counter on each attacking creature you control. [Damage Source: Drana, Liberator of Malakir (402), Damaged: Ai(2)-Wilhelt Zombies B3, Amount: 11]
Phase: Ai(4)-Drana Vampires' Combat Damage Step
Phase: Ai(4)-Drana Vampires' End of Combat Step
Phase: Ai(4)-Drana Vampires' Main phase, postcombat
Mana: Swamp (390) - {T}: Add {B}.
Mana: Swamp (378) - {T}: Add {B}.
Mana: Swamp (357) - {T}: Add {B}.
Mana: Swamp (389) - {T}: Add {B}.
Add To Stack: Ai(4)-Drana Vampires cast Diabolic Tutor
Resolve Stack: Diabolic Tutor (324) - Ai(4)-Drana Vampires searches their library for a card, reveals it, puts it into their hand, then shuffles.
Mana: Swamp (367) - {T}: Add {B}.
Mana: Swamp (361) - {T}: Add {B}.
Mana: Swamp (371) - {T}: Add {B}.
Mana: Swamp (387) - {T}: Add {B}.
Add To Stack: Ai(4)-Drana Vampires cast Erebos, God of the Dead
Resolve Stack: Erebos, God of the Dead - Creature 5 / 7
Phase: Ai(4)-Drana Vampires' End step
Phase: Ai(4)-Drana Vampires' Cleanup step
Turn: Turn 33 (Ai(1)-Kilo Helm Final)
Phase: Ai(1)-Kilo Helm Final's Untap step
Phase: Ai(1)-Kilo Helm Final's Upkeep step
Phase: Ai(1)-Kilo Helm Final's Draw step
Phase: Ai(1)-Kilo Helm Final's Main phase, precombat
Mana: Mountain (87) - {T}: Add {R}.
Mana: Plains (55) - {T}: Add {W}.
Mana: Island (64) - {T}: Add {U}.
Mana: Razortide Bridge (21) - {T}: Add {W} or {U}.
Mana: Glacial Fortress (78) - {T}: Add {W} or {U}.
Add To Stack: Ai(1)-Kilo Helm Final cast Kilo, Apogee Mind
Add To Stack: Ai(1)-Kilo Helm Final triggered Uthros Research Craft
Resolve Stack: Whenever you cast an artifact spell, draw a card. Put a charge counter on this Spacecraft. [Card: Kilo, Apogee Mind (100), Activator: Ai(1)-Kilo Helm Final, SpellAbility: Kilo, Apogee Mind - Creature 3 / 3]
Resolve Stack: Kilo, Apogee Mind - Creature 3 / 3
Replacement Effect: Clifftop Retreat enters tapped unless you control a Mountain or a Plains.
Land: Ai(1)-Kilo Helm Final played Clifftop Retreat (26)
Phase: Ai(1)-Kilo Helm Final's Beginning of Combat Step
Phase: Ai(1)-Kilo Helm Final's Declare Attackers Step
Phase: Ai(1)-Kilo Helm Final's Declare Blockers Step
Phase: Ai(1)-Kilo Helm Final's First Strike Damage Step
Phase: Ai(1)-Kilo Helm Final's Combat Damage Step
Phase: Ai(1)-Kilo Helm Final's End of Combat Step
Phase: Ai(1)-Kilo Helm Final's Main phase, postcombat
Add To Stack: Ai(1)-Kilo Helm Final activated Emry, Lurker of the Loch targeting [Walking Ballista (36)]
Resolve Stack: Emry, Lurker of the Loch (47) - {T}: Choose target artifact card in your graveyard. You may cast that card this turn.
Mana: Clifftop Retreat (26) - {T}: Add {R} or {W}.
Mana: Command Tower (6) - {T}: Add one mana of any color in your commander's color identity.
Add To Stack: Ai(1)-Kilo Helm Final cast Walking Ballista
Add To Stack: Ai(1)-Kilo Helm Final triggered Uthros Research Craft
Resolve Stack: Whenever you cast an artifact spell, draw a card. Put a charge counter on this Spacecraft. [Card: Walking Ballista (36), Activator: Ai(1)-Kilo Helm Final, SpellAbility: Walking Ballista - Creature 0 / 0 (X=0) by Emry, Lurker of the Loch (47)]
Replacement Effect: Walking Ballista enters with X +1/+1 counters on it.
Resolve Stack: Walking Ballista - Creature 0 / 0 (X=1)
Phase: Ai(1)-Kilo Helm Final's End step
Add To Stack: Ai(1)-Kilo Helm Final activated Steel Overseer
Resolve Stack: Steel Overseer (3) - Put a +1/+1 counter on each valid permanent.
Phase: Ai(1)-Kilo Helm Final's Cleanup step
Turn: Turn 34 (Ai(3)-Wyleth Voltron B3)
Phase: Ai(3)-Wyleth Voltron B3's Untap step
Phase: Ai(3)-Wyleth Voltron B3's Upkeep step
Mana: Plains (260) - {T}: Add {W}.
Mana: Mountain (287) - {T}: Add {R}.
Add To Stack: Ai(3)-Wyleth Voltron B3 cast Boros Charm
Resolve Stack: Boros Charm (273) -  Permanents you control gain indestructible until end of turn.
Phase: Ai(3)-Wyleth Voltron B3's Draw step
Phase: Ai(3)-Wyleth Voltron B3's Main phase, precombat
Mana: Plains (255) - {T}: Add {W}.
Mana: Mountain (289) - {T}: Add {R}.
Mana: Mountain (282) - {T}: Add {R}.
Add To Stack: Ai(3)-Wyleth Voltron B3 activated Sword of Vengeance targeting [Wyleth, Soul of Steel (301)]
Resolve Stack: Sword of Vengeance (225) -  Attach to Wyleth, Soul of Steel (301)
Land: Ai(3)-Wyleth Voltron B3 played Plains (264)
Mana: Plains (264) - {T}: Add {W}.
Mana: Command Tower (214) - {T}: Add one mana of any color in your commander's color identity.
Mana: Rogue's Passage (221) - {T}: Add {C}.
Add To Stack: Ai(3)-Wyleth Voltron B3 cast Hammer of Nazahn
Resolve Stack: Hammer of Nazahn
Add To Stack: Ai(3)-Wyleth Voltron B3 triggered Hammer of Nazahn targeting [Danitha Capashen, Paragon (300)]
Resolve Stack: Whenever Hammer of Nazahn or another Equipment you control enters, you may attach that Equipment to target creature you control. (Targeting: [[Danitha Capashen, Paragon (300)]]) [Zone Changer: Hammer of Nazahn (207)]
Add To Stack: Ai(3)-Wyleth Voltron B3 cast Shadowspear
Resolve Stack: Shadowspear
Add To Stack: Ai(3)-Wyleth Voltron B3 triggered Hammer of Nazahn targeting [Wyleth, Soul of Steel (301)]
Resolve Stack: Whenever Hammer of Nazahn or another Equipment you control enters, you may attach that Equipment to target creature you control. (Targeting: [[Wyleth, Soul of Steel (301)]]) [Zone Changer: Shadowspear (211)]
Phase: Ai(3)-Wyleth Voltron B3's Beginning of Combat Step
Phase: Ai(3)-Wyleth Voltron B3's Declare Attackers Step
Combat: Ai(3)-Wyleth Voltron B3 assigned Wyleth, Soul of Steel (301) and Danitha Capashen, Paragon (300) to attack Ai(4)-Drana Vampires.
Add To Stack: Ai(3)-Wyleth Voltron B3 triggered Wyleth, Soul of Steel
Resolve Stack: Whenever Wyleth, Soul of Steel attacks, draw a card for each Aura and Equipment attached to it. [Attacker: Wyleth, Soul of Steel (301)]
Phase: Ai(3)-Wyleth Voltron B3's Declare Blockers Step
Combat: Ai(4)-Drana Vampires assigned Erebos, God of the Dead (343) to block Wyleth, Soul of Steel (301).
Ai(4)-Drana Vampires didn't block Danitha Capashen, Paragon (300).
Phase: Ai(3)-Wyleth Voltron B3's First Strike Damage Step
Damage: Wyleth, Soul of Steel (301) deals 5 damage to Erebos, God of the Dead (343).
Damage: Danitha Capashen, Paragon (300) deals 4 combat damage to Ai(4)-Drana Vampires.
Life: Life: Ai(4)-Drana Vampires 32 > 28
Add To Stack: Ai(3)-Wyleth Voltron B3 triggered Mask of Memory
Discard: Ai(3)-Wyleth Voltron B3 discards Plains (250).
Resolve Stack: Whenever equipped creature deals combat damage to a player, you may draw two cards. If you do, discard a card. [Damage Source: Danitha Capashen, Paragon (300), Damaged: Ai(4)-Drana Vampires, Amount: 4]
Phase: Ai(3)-Wyleth Voltron B3's Combat Damage Step
Damage: Erebos, God of the Dead (343) deals 5 damage to Wyleth, Soul of Steel (301).
Phase: Ai(3)-Wyleth Voltron B3's End of Combat Step
Phase: Ai(3)-Wyleth Voltron B3's Main phase, postcombat
Phase: Ai(3)-Wyleth Voltron B3's End step
Phase: Ai(3)-Wyleth Voltron B3's Cleanup step
Turn: Turn 35 (Ai(4)-Drana Vampires)
Phase: Ai(4)-Drana Vampires' Untap step
Phase: Ai(4)-Drana Vampires' Upkeep step
Mana: Swamp (390) - {T}: Add {B}.
Mana: Swamp (378) - {T}: Add {B}.
Life: Life: Ai(4)-Drana Vampires 28 > 26
Add To Stack: Ai(4)-Drana Vampires activated Erebos, God of the Dead
Resolve Stack: Erebos, God of the Dead (343) - Ai(4)-Drana Vampires draws a card.
Mana: Swamp (357) - {T}: Add {B}.
Mana: Swamp (389) - {T}: Add {B}.
Life: Life: Ai(4)-Drana Vampires 26 > 24
Add To Stack: Ai(4)-Drana Vampires activated Erebos, God of the Dead
Resolve Stack: Erebos, God of the Dead (343) - Ai(4)-Drana Vampires draws a card.
Mana: Swamp (367) - {T}: Add {B}.
Mana: Swamp (361) - {T}: Add {B}.
Mana: Swamp (371) - {T}: Add {B}.
Add To Stack: Ai(4)-Drana Vampires cast Murder targeting [Uthros Research Craft (93)]
Zone Change: Uthros Research Craft (93) was put into Graveyard from Battlefield.
Resolve Stack: Murder (327) - Destroy Uthros Research Craft (93).
Mana: Swamp (387) - {T}: Add {B}.
Mana: Mind Stone (306) - {T}: Add {C}.
Life: Life: Ai(4)-Drana Vampires 24 > 22
Add To Stack: Ai(4)-Drana Vampires activated Erebos, God of the Dead
Resolve Stack: Erebos, God of the Dead (343) - Ai(4)-Drana Vampires draws a card.
Phase: Ai(4)-Drana Vampires' Draw step
Phase: Ai(4)-Drana Vampires' Main phase, precombat
Land: Ai(4)-Drana Vampires played Swamp (364)
Phase: Ai(4)-Drana Vampires' Beginning of Combat Step
Phase: Ai(4)-Drana Vampires' Declare Attackers Step
Combat: Ai(4)-Drana Vampires assigned Drana, Liberator of Malakir (402) and Bloodline Keeper (330) to attack Ai(3)-Wyleth Voltron B3.
Phase: Ai(4)-Drana Vampires' Declare Blockers Step
Combat: Ai(3)-Wyleth Voltron B3 didn't block Drana, Liberator of Malakir (402).
Ai(3)-Wyleth Voltron B3 didn't block Bloodline Keeper (330).
Phase: Ai(4)-Drana Vampires' First Strike Damage Step
Damage: Drana, Liberator of Malakir (402) deals 10 combat damage to Ai(3)-Wyleth Voltron B3.
Life: Life: Ai(3)-Wyleth Voltron B3 39 > 29
Add To Stack: Ai(4)-Drana Vampires triggered Drana, Liberator of Malakir
Resolve Stack: Whenever Drana, Liberator of Malakir deals combat damage to a player, put a +1/+1 counter on each attacking creature you control. [Damage Source: Drana, Liberator of Malakir (402), Damaged: Ai(3)-Wyleth Voltron B3, Amount: 10]
Phase: Ai(4)-Drana Vampires' Combat Damage Step
Damage: Bloodline Keeper (330) deals 5 combat damage to Ai(3)-Wyleth Voltron B3.
Life: Life: Ai(3)-Wyleth Voltron B3 29 > 24
Phase: Ai(4)-Drana Vampires' End of Combat Step
Phase: Ai(4)-Drana Vampires' Main phase, postcombat
Phase: Ai(4)-Drana Vampires' End step
Phase: Ai(4)-Drana Vampires' Cleanup step
Turn: Turn 36 (Ai(1)-Kilo Helm Final)
Phase: Ai(1)-Kilo Helm Final's Untap step
Phase: Ai(1)-Kilo Helm Final's Upkeep step
Phase: Ai(1)-Kilo Helm Final's Draw step
Phase: Ai(1)-Kilo Helm Final's Main phase, precombat
Land: Ai(1)-Kilo Helm Final played Plains (56)
Mana: Plains (55) - {T}: Add {W}.
Mana: Mountain (87) - {T}: Add {R}.
Mana: Plains (56) - {T}: Add {W}.
Mana: Island (64) - {T}: Add {U}.
Mana: Clifftop Retreat (26) - {T}: Add {R} or {W}.
Add To Stack: Ai(1)-Kilo Helm Final cast Illustrious Wanderglyph
Resolve Stack: Illustrious Wanderglyph - Creature 2 / 2
Phase: Ai(1)-Kilo Helm Final's Beginning of Combat Step
Phase: Ai(1)-Kilo Helm Final's Declare Attackers Step
Phase: Ai(1)-Kilo Helm Final's Declare Blockers Step
Phase: Ai(1)-Kilo Helm Final's First Strike Damage Step
Phase: Ai(1)-Kilo Helm Final's Combat Damage Step
Phase: Ai(1)-Kilo Helm Final's End of Combat Step
Phase: Ai(1)-Kilo Helm Final's Main phase, postcombat
Add To Stack: Ai(1)-Kilo Helm Final activated Emry, Lurker of the Loch targeting [Uthros Research Craft (93)]
Resolve Stack: Emry, Lurker of the Loch (47) - {T}: Choose target artifact card in your graveyard. You may cast that card this turn.
Mana: Razortide Bridge (21) - {T}: Add {W} or {U}.
Mana: Glacial Fortress (78) - {T}: Add {W} or {U}.
Mana: Command Tower (6) - {T}: Add one mana of any color in your commander's color identity.
Add To Stack: Ai(1)-Kilo Helm Final cast Uthros Research Craft
Resolve Stack: Uthros Research Craft
Phase: Ai(1)-Kilo Helm Final's End step
Add To Stack: Ai(1)-Kilo Helm Final activated Steel Overseer
Resolve Stack: Steel Overseer (3) - Put a +1/+1 counter on each valid permanent.
Add To Stack: Ai(1)-Kilo Helm Final activated Walking Ballista targeting [Indulgent Aristocrat (353)]
Damage: Walking Ballista (36) deals 1 damage to Indulgent Aristocrat (353).
Resolve Stack: Walking Ballista (36) - Walking Ballista (36) deals 1 damage to Indulgent Aristocrat (353).
Add To Stack: Ai(1)-Kilo Helm Final activated Walking Ballista targeting [Indulgent Aristocrat (353)]
Damage: Walking Ballista (36) deals 1 damage to Indulgent Aristocrat (353).
Resolve Stack: Walking Ballista (36) - Walking Ballista (36) deals 1 damage to Indulgent Aristocrat (353).
Add To Stack: Ai(1)-Kilo Helm Final activated Walking Ballista targeting [Indulgent Aristocrat (353)]
Damage: Walking Ballista (36) deals 1 damage to Indulgent Aristocrat (353).
Resolve Stack: Walking Ballista (36) - Walking Ballista (36) deals 1 damage to Indulgent Aristocrat (353).
Zone Change: Indulgent Aristocrat (353) was put into Graveyard from Battlefield.
Phase: Ai(1)-Kilo Helm Final's Cleanup step
Turn: Turn 37 (Ai(3)-Wyleth Voltron B3)
Phase: Ai(3)-Wyleth Voltron B3's Untap step
Phase: Ai(3)-Wyleth Voltron B3's Upkeep step
Add To Stack: Ai(1)-Kilo Helm Final triggered Illustrious Wanderglyph
Mana: Plains (260) - {T}: Add {W}.
Mana: Plains (255) - {T}: Add {W}.
Mana: Plains (264) - {T}: Add {W}.
Add To Stack: Ai(3)-Wyleth Voltron B3 cast Generous Gift targeting [Bloodline Keeper (330)]
Zone Change: Bloodline Keeper (330) was put into Graveyard from Battlefield.
Resolve Stack: Generous Gift (245) - Destroy Bloodline Keeper (330). 
Resolve Stack: At the beginning of each upkeep, create a 1/1 colorless Gnome artifact creature token. [Phase: Ai(3)-Wyleth Voltron B3]
Phase: Ai(3)-Wyleth Voltron B3's Draw step
Phase: Ai(3)-Wyleth Voltron B3's Main phase, precombat
Phase: Ai(3)-Wyleth Voltron B3's Beginning of Combat Step
Phase: Ai(3)-Wyleth Voltron B3's Declare Attackers Step
Phase: Ai(3)-Wyleth Voltron B3's Declare Blockers Step
Phase: Ai(3)-Wyleth Voltron B3's First Strike Damage Step
Phase: Ai(3)-Wyleth Voltron B3's Combat Damage Step
Phase: Ai(3)-Wyleth Voltron B3's End of Combat Step
Phase: Ai(3)-Wyleth Voltron B3's Main phase, postcombat
Replacement Effect: Temple of Triumph enters tapped.
Land: Ai(3)-Wyleth Voltron B3 played Temple of Triumph (275)
Add To Stack: Ai(3)-Wyleth Voltron B3 triggered Temple of Triumph
Resolve Stack: Ai(3)-Wyleth Voltron B3 scried 1 card(s) to the top of the library
Resolve Stack: When Temple of Triumph enters, scry 1. [Zone Changer: Temple of Triumph (275)]
Mana: Command Tower (214) - {T}: Add one mana of any color in your commander's color identity.
Add To Stack: Ai(3)-Wyleth Voltron B3 cast Sigarda's Aid
Resolve Stack: Sigarda's Aid
Add To Stack: Ai(1)-Kilo Helm Final activated Coretapper targeting [Uthros Research Craft (93)]
Resolve Stack: Coretapper (28) - Ai(1)-Kilo Helm Final puts a charge counter on Uthros Research Craft (93).
Phase: Ai(3)-Wyleth Voltron B3's End step
Phase: Ai(3)-Wyleth Voltron B3's Cleanup step
Turn: Turn 38 (Ai(4)-Drana Vampires)
Phase: Ai(4)-Drana Vampires' Untap step
Phase: Ai(4)-Drana Vampires' Upkeep step
Add To Stack: Ai(1)-Kilo Helm Final triggered Illustrious Wanderglyph
Mana: Swamp (390) - {T}: Add {B}.
Mana: Swamp (378) - {T}: Add {B}.
Life: Life: Ai(4)-Drana Vampires 22 > 20
Add To Stack: Ai(4)-Drana Vampires activated Erebos, God of the Dead
Resolve Stack: Erebos, God of the Dead (343) - Ai(4)-Drana Vampires draws a card.
Mana: Swamp (357) - {T}: Add {B}.
Mana: Swamp (389) - {T}: Add {B}.
Life: Life: Ai(4)-Drana Vampires 20 > 18
Add To Stack: Ai(4)-Drana Vampires activated Erebos, God of the Dead
Resolve Stack: Erebos, God of the Dead (343) - Ai(4)-Drana Vampires draws a card.
Mana: Swamp (367) - {T}: Add {B}.
Mana: Swamp (361) - {T}: Add {B}.
Life: Life: Ai(4)-Drana Vampires 18 > 16
Add To Stack: Ai(4)-Drana Vampires activated Erebos, God of the Dead
Resolve Stack: Erebos, God of the Dead (343) - Ai(4)-Drana Vampires draws a card.
Mana: Swamp (371) - {T}: Add {B}.
Mana: Swamp (387) - {T}: Add {B}.
Life: Life: Ai(4)-Drana Vampires 16 > 14
Add To Stack: Ai(4)-Drana Vampires activated Erebos, God of the Dead
Resolve Stack: Erebos, God of the Dead (343) - Ai(4)-Drana Vampires draws a card.
Resolve Stack: At the beginning of each upkeep, create a 1/1 colorless Gnome artifact creature token. [Phase: Ai(4)-Drana Vampires]
Phase: Ai(4)-Drana Vampires' Draw step
Phase: Ai(4)-Drana Vampires' Main phase, precombat
Land: Ai(4)-Drana Vampires played Swamp (365)
Mana: Swamp (364) - {T}: Add {B}.
Mana: Swamp (365) - {T}: Add {B}.
Add To Stack: Ai(4)-Drana Vampires cast Child of Night
Resolve Stack: Child of Night - Creature 2 / 1
Phase: Ai(4)-Drana Vampires' Beginning of Combat Step
Phase: Ai(4)-Drana Vampires' Declare Attackers Step
Combat: Ai(4)-Drana Vampires assigned Drana, Liberator of Malakir (402) to attack Ai(1)-Kilo Helm Final.
Phase: Ai(4)-Drana Vampires' Declare Blockers Step
Combat: Ai(1)-Kilo Helm Final didn't block Drana, Liberator of Malakir (402).
Phase: Ai(4)-Drana Vampires' First Strike Damage Step
Damage: Drana, Liberator of Malakir (402) deals 11 combat damage to Ai(1)-Kilo Helm Final.
Life: Life: Ai(1)-Kilo Helm Final 14 > 3
Add To Stack: Ai(4)-Drana Vampires triggered Drana, Liberator of Malakir
Resolve Stack: Whenever Drana, Liberator of Malakir deals combat damage to a player, put a +1/+1 counter on each attacking creature you control. [Damage Source: Drana, Liberator of Malakir (402), Damaged: Ai(1)-Kilo Helm Final, Amount: 11]
Phase: Ai(4)-Drana Vampires' Combat Damage Step
Phase: Ai(4)-Drana Vampires' End of Combat Step
Phase: Ai(4)-Drana Vampires' Main phase, postcombat
Mana: Mind Stone (306) - {T}: Add {C}.
Add To Stack: Ai(4)-Drana Vampires cast Sol Ring
Resolve Stack: Sol Ring
Phase: Ai(4)-Drana Vampires' End step
Phase: Ai(4)-Drana Vampires' Cleanup step
Turn: Turn 39 (Ai(1)-Kilo Helm Final)
Phase: Ai(1)-Kilo Helm Final's Untap step
Phase: Ai(1)-Kilo Helm Final's Upkeep step
Add To Stack: Ai(1)-Kilo Helm Final triggered Illustrious Wanderglyph
Resolve Stack: At the beginning of each upkeep, create a 1/1 colorless Gnome artifact creature token. [Phase: Ai(1)-Kilo Helm Final]
Phase: Ai(1)-Kilo Helm Final's Draw step
Phase: Ai(1)-Kilo Helm Final's Main phase, precombat
Land: Ai(1)-Kilo Helm Final played Mountain (86)
Phase: Ai(1)-Kilo Helm Final's Beginning of Combat Step
Phase: Ai(1)-Kilo Helm Final's Declare Attackers Step
Phase: Ai(1)-Kilo Helm Final's Declare Blockers Step
Phase: Ai(1)-Kilo Helm Final's First Strike Damage Step
Phase: Ai(1)-Kilo Helm Final's Combat Damage Step
Phase: Ai(1)-Kilo Helm Final's End of Combat Step
Phase: Ai(1)-Kilo Helm Final's Main phase, postcombat
Mana: Island (64) - {T}: Add {U}.
Mana: Razortide Bridge (21) - {T}: Add {W} or {U}.
Mana: Mountain (87) - {T}: Add {R}.
Mana: Plains (55) - {T}: Add {W}.
Add To Stack: Ai(1)-Kilo Helm Final cast Tekuthal, Inquiry Dominus
Resolve Stack: Tekuthal, Inquiry Dominus - Creature 3 / 5
Mana: Plains (56) - {T}: Add {W}.
Mana: Mountain (86) - {T}: Add {R}.
Mana: Glacial Fortress (78) - {T}: Add {W} or {U}.
Add To Stack: Ai(1)-Kilo Helm Final cast Solar Array
Resolve Stack: Solar Array
Phase: Ai(1)-Kilo Helm Final's End step
Add To Stack: Ai(1)-Kilo Helm Final activated Steel Overseer
Resolve Stack: Steel Overseer (3) - Put a +1/+1 counter on each valid permanent.
Add To Stack: Ai(1)-Kilo Helm Final activated Walking Ballista targeting [Child of Night (401)]
Damage: Walking Ballista (36) deals 1 damage to Child of Night (401).
Resolve Stack: Walking Ballista (36) - Walking Ballista (36) deals 1 damage to Child of Night (401).
Zone Change: Child of Night (401) was put into Graveyard from Battlefield.
Phase: Ai(1)-Kilo Helm Final's Cleanup step
Turn: Turn 40 (Ai(3)-Wyleth Voltron B3)
Phase: Ai(3)-Wyleth Voltron B3's Untap step
Phase: Ai(3)-Wyleth Voltron B3's Upkeep step
Add To Stack: Ai(1)-Kilo Helm Final triggered Illustrious Wanderglyph
Resolve Stack: At the beginning of each upkeep, create a 1/1 colorless Gnome artifact creature token. [Phase: Ai(3)-Wyleth Voltron B3]
Phase: Ai(3)-Wyleth Voltron B3's Draw step
Add To Stack: Ai(3)-Wyleth Voltron B3 cast Colossus Hammer
Resolve Stack: Colossus Hammer
Add To Stack: Ai(3)-Wyleth Voltron B3 triggered Hammer of Nazahn targeting [Danitha Capashen, Paragon (300)]
Add To Stack: Ai(3)-Wyleth Voltron B3 triggered Sigarda's Aid targeting [Danitha Capashen, Paragon (300)]
Resolve Stack: Whenever an Equipment you control enters, you may attach it to target creature you control. (Targeting: [[Danitha Capashen, Paragon (300)]]) [Zone Changer: Colossus Hammer (232)]
Resolve Stack: Whenever Hammer of Nazahn or another Equipment you control enters, you may attach that Equipment to target creature you control. (Targeting: [[Danitha Capashen, Paragon (300)]]) [Zone Changer: Colossus Hammer (232)]
Phase: Ai(3)-Wyleth Voltron B3's Main phase, precombat
Land: Ai(3)-Wyleth Voltron B3 played Mountain (277)
Mana: Plains (260) - {T}: Add {W}.
Mana: Plains (255) - {T}: Add {W}.
Mana: Plains (264) - {T}: Add {W}.
Mana: Mountain (287) - {T}: Add {R}.
Add To Stack: Ai(3)-Wyleth Voltron B3 activated Rogue's Passage targeting [Danitha Capashen, Paragon (300)]
Resolve Stack: Rogue's Passage (221) - Danitha Capashen, Paragon (300) can't be blocked this turn.
Phase: Ai(3)-Wyleth Voltron B3's Beginning of Combat Step
Phase: Ai(3)-Wyleth Voltron B3's Declare Attackers Step
Combat: Ai(3)-Wyleth Voltron B3 assigned Danitha Capashen, Paragon (300) and Wyleth, Soul of Steel (301) to attack Ai(1)-Kilo Helm Final.
Add To Stack: Ai(3)-Wyleth Voltron B3 triggered Wyleth, Soul of Steel
Resolve Stack: Whenever Wyleth, Soul of Steel attacks, draw a card for each Aura and Equipment attached to it. [Attacker: Wyleth, Soul of Steel (301)]
Mana: Mountain (289) - {T}: Add {R}.
Mana: Mountain (282) - {T}: Add {R}.
Add To Stack: Ai(3)-Wyleth Voltron B3 cast Champion's Helm
Resolve Stack: Champion's Helm
Add To Stack: Ai(3)-Wyleth Voltron B3 triggered Hammer of Nazahn targeting [Wyleth, Soul of Steel (301)]
Add To Stack: Ai(3)-Wyleth Voltron B3 triggered Sigarda's Aid targeting [Wyleth, Soul of Steel (301)]
Resolve Stack: Whenever an Equipment you control enters, you may attach it to target creature you control. (Targeting: [[Wyleth, Soul of Steel (301)]]) [Zone Changer: Champion's Helm (276)]
Resolve Stack: Whenever Hammer of Nazahn or another Equipment you control enters, you may attach that Equipment to target creature you control. (Targeting: [[Wyleth, Soul of Steel (301)]]) [Zone Changer: Champion's Helm (276)]
Phase: Ai(3)-Wyleth Voltron B3's Declare Blockers Step
Combat: Ai(1)-Kilo Helm Final didn't block Danitha Capashen, Paragon (300).
Ai(1)-Kilo Helm Final assigned Gnome Token (549), Emry, Lurker of the Loch (47) and Coretapper (28) to block Wyleth, Soul of Steel (301).
Add To Stack: Ai(1)-Kilo Helm Final activated Coretapper targeting [Uthros Research Craft (93)]
Resolve Stack: Coretapper (28) - Ai(1)-Kilo Helm Final puts a charge counter on Uthros Research Craft (93).
Phase: Ai(3)-Wyleth Voltron B3's First Strike Damage Step
Damage: Danitha Capashen, Paragon (300) deals 14 combat damage to Ai(1)-Kilo Helm Final.
Damage: Wyleth, Soul of Steel (301) deals 7 damage to Coretapper (28).
Life: Life: Ai(1)-Kilo Helm Final 3 > -11
Add To Stack: Ai(3)-Wyleth Voltron B3 triggered Mask of Memory
Discard: Ai(3)-Wyleth Voltron B3 discards Plains (263).
Resolve Stack: Whenever equipped creature deals combat damage to a player, you may draw two cards. If you do, discard a card. [Damage Source: Danitha Capashen, Paragon (300), Damaged: Ai(1)-Kilo Helm Final, Amount: 14]
Phase: Ai(3)-Wyleth Voltron B3's Combat Damage Step
Phase: Ai(3)-Wyleth Voltron B3's End of Combat Step
Phase: Ai(3)-Wyleth Voltron B3's Main phase, postcombat
Mana: Command Tower (214) - {T}: Add one mana of any color in your commander's color identity.
Add To Stack: Ai(3)-Wyleth Voltron B3 cast Enlightened Tutor
Resolve Stack: Enlightened Tutor (270) - Ai(3)-Wyleth Voltron B3 searches their library for an artifact or enchantment card, reveals it, puts it , then shuffles.
Phase: Ai(3)-Wyleth Voltron B3's End step
Phase: Ai(3)-Wyleth Voltron B3's Cleanup step
Turn: Turn 41 (Ai(4)-Drana Vampires)
Phase: Ai(4)-Drana Vampires' Untap step
Phase: Ai(4)-Drana Vampires' Upkeep step
Mana: Swamp (390) - {T}: Add {B}.
Mana: Sol Ring (311) - {T}: Add {C}{C}.
Life: Life: Ai(4)-Drana Vampires 14 > 12
Add To Stack: Ai(4)-Drana Vampires activated Erebos, God of the Dead
Resolve Stack: Erebos, God of the Dead (343) - Ai(4)-Drana Vampires draws a card.
Mana: Swamp (378) - {T}: Add {B}.
Life: Life: Ai(4)-Drana Vampires 12 > 10
Add To Stack: Ai(4)-Drana Vampires activated Erebos, God of the Dead
Resolve Stack: Erebos, God of the Dead (343) - Ai(4)-Drana Vampires draws a card.
Phase: Ai(4)-Drana Vampires' Draw step
Phase: Ai(4)-Drana Vampires' Main phase, precombat
Land: Ai(4)-Drana Vampires played Swamp (377)
Mana: Swamp (357) - {T}: Add {B}.
Mana: Swamp (389) - {T}: Add {B}.
Mana: Swamp (367) - {T}: Add {B}.
Mana: Swamp (361) - {T}: Add {B}.
Mana: Swamp (371) - {T}: Add {B}.
Add To Stack: Ai(4)-Drana Vampires cast Sengir Vampire
Resolve Stack: Sengir Vampire - Creature 4 / 4
Mana: Swamp (387) - {T}: Add {B}.
Mana: Swamp (364) - {T}: Add {B}.
Mana: Swamp (365) - {T}: Add {B}.
Add To Stack: Ai(4)-Drana Vampires cast Phyrexian Arena
Resolve Stack: Phyrexian Arena
Mana: Swamp (377) - {T}: Add {B}.
Mana: Mind Stone (306) - {T}: Add {C}.
Life: Life: Ai(4)-Drana Vampires 10 > 8
Add To Stack: Ai(4)-Drana Vampires activated Erebos, God of the Dead
Resolve Stack: Erebos, God of the Dead (343) - Ai(4)-Drana Vampires draws a card.
Phase: Ai(4)-Drana Vampires' Beginning of Combat Step
Phase: Ai(4)-Drana Vampires' Declare Attackers Step
Combat: Ai(4)-Drana Vampires assigned Drana, Liberator of Malakir (402) and Vampire Nocturnus (308) to attack Ai(3)-Wyleth Voltron B3.
Phase: Ai(4)-Drana Vampires' Declare Blockers Step
Combat: Ai(3)-Wyleth Voltron B3 didn't block Drana, Liberator of Malakir (402).
Ai(3)-Wyleth Voltron B3 didn't block Vampire Nocturnus (308).
Phase: Ai(4)-Drana Vampires' First Strike Damage Step
Damage: Drana, Liberator of Malakir (402) deals 14 combat damage to Ai(3)-Wyleth Voltron B3.
Life: Life: Ai(3)-Wyleth Voltron B3 24 > 10
Player Control: Ai(1)-Kilo Helm Final has restored control over themself
Player Control: Ai(2)-Wilhelt Zombies B3 has restored control over themself
Player Control: Ai(3)-Wyleth Voltron B3 has restored control over themself
Player Control: Ai(4)-Drana Vampires has restored control over themself
Game Outcome: Turn 21
Game Outcome: Ai(1)-Kilo Helm Final has lost because life total reached 0
Game Outcome: Ai(2)-Wilhelt Zombies B3 has lost due to accumulation of 21 damage from generals
Game Outcome: Ai(3)-Wyleth Voltron B3 has lost due to accumulation of 21 damage from generals
Game Outcome: Ai(4)-Drana Vampires has won because all opponents have lost
Match Result: Ai(1)-Kilo Helm Final: 1 Ai(2)-Wilhelt Zombies B3: 0 Ai(3)-Wyleth Voltron B3: 1 Ai(4)-Drana Vampires: 4 

Game Result: Game 6 ended in 67868 ms. Ai(4)-Drana Vampires has won!

Warning: default (ie. inherited from base class) implementation of confirmAction is used by Kilo, Apogee Mind for forge.ai.ability.PermanentCreatureAi. Consider declaring an overloaded method
Warning: default (ie. inherited from base class) implementation of confirmAction is used by Kilo, Apogee Mind for forge.ai.ability.PermanentCreatureAi. Consider declaring an overloaded method
Warning: default (ie. inherited from base class) implementation of confirmAction is used by Wyleth, Soul of Steel for forge.ai.ability.PermanentCreatureAi. Consider declaring an overloaded method
Warning: default (ie. inherited from base class) implementation of confirmAction is used by Drana, Liberator of Malakir for forge.ai.ability.PermanentCreatureAi. Consider declaring an overloaded method
java.util.concurrent.ExecutionException: java.lang.NullPointerException: Cannot invoke "forge.game.card.CounterType.is(forge.game.card.CounterEnumType)" because "type" is null
	at java.base/java.util.concurrent.FutureTask.report(FutureTask.java:122)
	at java.base/java.util.concurrent.FutureTask.get(FutureTask.java:205)
	at forge.ai.AiController.chooseSpellAbilityToPlayFromList(AiController.java:1680)
	at forge.ai.AiController.getSpellAbilityToPlay(AiController.java:1569)
	at forge.ai.AiController.chooseSpellAbilityToPlay(AiController.java:1389)
	at forge.ai.PlayerControllerAi.chooseSpellAbilityToPlay(PlayerControllerAi.java:833)
	at forge.game.phase.PhaseHandler.mainLoopStep(PhaseHandler.java:1063)
	at forge.game.phase.PhaseHandler.mainGameLoop(PhaseHandler.java:1042)
	at forge.game.phase.PhaseHandler.startFirstTurn(PhaseHandler.java:1036)
	at forge.game.GameAction.startGame(GameAction.java:2373)
	at forge.game.Match.startGame(Match.java:92)
	at forge.game.Match.startGame(Match.java:77)
	at forge.view.SimulateMatch.lambda$simulateSingleMatch$0(SimulateMatch.java:182)
	at forge.view.TimeLimitedCodeBlock.lambda$runWithTimeout$0(TimeLimitedCodeBlock.java:18)
	at java.base/java.util.concurrent.FutureTask.run(FutureTask.java:264)
	at java.base/java.util.concurrent.ThreadPoolExecutor.runWorker(ThreadPoolExecutor.java:1136)
	at java.base/java.util.concurrent.ThreadPoolExecutor$Worker.run(ThreadPoolExecutor.java:635)
	at java.base/java.lang.Thread.run(Thread.java:840)
Caused by: java.lang.NullPointerException: Cannot invoke "forge.game.card.CounterType.is(forge.game.card.CounterEnumType)" because "type" is null
	at forge.ai.ComputerUtilCost.checkRemoveCounterCost(ComputerUtilCost.java:100)
	at forge.ai.SpellAbilityAi.willPayCosts(SpellAbilityAi.java:389)
	at forge.ai.SpellAbilityAi.canPlayWithoutRestrict(SpellAbilityAi.java:105)
	at forge.ai.SpellAbilityAi.canPlay(SpellAbilityAi.java:76)
	at forge.ai.SpellAbilityAi.canPlayWithSubs(SpellAbilityAi.java:55)
	at forge.ai.AiController.canPlaySa(AiController.java:911)
	at forge.ai.ComputerUtil.targetPlayableSpellCard(ComputerUtil.java:3062)
	at forge.ai.ability.EffectAi.checkApiLogic(EffectAi.java:514)
	at forge.ai.SpellAbilityAi.canPlayWithoutRestrict(SpellAbilityAi.java:98)
	at forge.ai.SpellAbilityAi.canPlay(SpellAbilityAi.java:76)
	at forge.ai.SpellAbilityAi.canPlayWithSubs(SpellAbilityAi.java:55)
	at forge.ai.AiController.canPlaySa(AiController.java:911)
	at forge.ai.AiController.canPlayAndPayForFace(AiController.java:855)
	at forge.ai.AiController.canPlayAndPayFor(AiController.java:833)
	at forge.ai.AiController.lambda$chooseSpellAbilityToPlayFromList$9(AiController.java:1661)
	at java.base/java.util.concurrent.FutureTask.run(FutureTask.java:264)
	... 1 more
java.util.concurrent.ExecutionException: java.lang.NullPointerException: Cannot invoke "forge.game.card.CounterType.is(forge.game.card.CounterEnumType)" because "type" is null
	at java.base/java.util.concurrent.FutureTask.report(FutureTask.java:122)
	at java.base/java.util.concurrent.FutureTask.get(FutureTask.java:205)
	at forge.ai.AiController.chooseSpellAbilityToPlayFromList(AiController.java:1680)
	at forge.ai.AiController.getSpellAbilityToPlay(AiController.java:1569)
	at forge.ai.AiController.chooseSpellAbilityToPlay(AiController.java:1389)
	at forge.ai.PlayerControllerAi.chooseSpellAbilityToPlay(PlayerControllerAi.java:833)
	at forge.game.phase.PhaseHandler.mainLoopStep(PhaseHandler.java:1063)
	at forge.game.phase.PhaseHandler.mainGameLoop(PhaseHandler.java:1042)
	at forge.game.phase.PhaseHandler.startFirstTurn(PhaseHandler.java:1036)
	at forge.game.GameAction.startGame(GameAction.java:2373)
	at forge.game.Match.startGame(Match.java:92)
	at forge.game.Match.startGame(Match.java:77)
	at forge.view.SimulateMatch.lambda$simulateSingleMatch$0(SimulateMatch.java:182)
	at forge.view.TimeLimitedCodeBlock.lambda$runWithTimeout$0(TimeLimitedCodeBlock.java:18)
	at java.base/java.util.concurrent.FutureTask.run(FutureTask.java:264)
	at java.base/java.util.concurrent.ThreadPoolExecutor.runWorker(ThreadPoolExecutor.java:1136)
	at java.base/java.util.concurrent.ThreadPoolExecutor$Worker.run(ThreadPoolExecutor.java:635)
	at java.base/java.lang.Thread.run(Thread.java:840)
Caused by: java.lang.NullPointerException: Cannot invoke "forge.game.card.CounterType.is(forge.game.card.CounterEnumType)" because "type" is null
	at forge.ai.ComputerUtilCost.checkRemoveCounterCost(ComputerUtilCost.java:100)
	at forge.ai.SpellAbilityAi.willPayCosts(SpellAbilityAi.java:389)
	at forge.ai.SpellAbilityAi.canPlayWithoutRestrict(SpellAbilityAi.java:105)
	at forge.ai.SpellAbilityAi.canPlay(SpellAbilityAi.java:76)
	at forge.ai.SpellAbilityAi.canPlayWithSubs(SpellAbilityAi.java:55)
	at forge.ai.AiController.canPlaySa(AiController.java:911)
	at forge.ai.ComputerUtil.targetPlayableSpellCard(ComputerUtil.java:3062)
	at forge.ai.ability.EffectAi.checkApiLogic(EffectAi.java:514)
	at forge.ai.SpellAbilityAi.canPlayWithoutRestrict(SpellAbilityAi.java:98)
	at forge.ai.SpellAbilityAi.canPlay(SpellAbilityAi.java:76)
	at forge.ai.SpellAbilityAi.canPlayWithSubs(SpellAbilityAi.java:55)
	at forge.ai.AiController.canPlaySa(AiController.java:911)
	at forge.ai.AiController.canPlayAndPayForFace(AiController.java:855)
	at forge.ai.AiController.canPlayAndPayFor(AiController.java:833)
	at forge.ai.AiController.lambda$chooseSpellAbilityToPlayFromList$9(AiController.java:1661)
	at java.base/java.util.concurrent.FutureTask.run(FutureTask.java:264)
	... 1 more
Warning: default (ie. inherited from base class) implementation of chooseSingleCard is used by Urge to Feed for forge.ai.ability.TapAi. Consider declaring an overloaded method
Warning: default (ie. inherited from base class) implementation of chooseSingleCard is used by Urge to Feed for forge.ai.ability.TapAi. Consider declaring an overloaded method
Warning: default (ie. inherited from base class) implementation of chooseSingleCard is used by Urge to Feed for forge.ai.ability.TapAi. Consider declaring an overloaded method
Warning: default (ie. inherited from base class) implementation of confirmAction is used by Wilhelt, the Rotcleaver for forge.ai.ability.PermanentCreatureAi. Consider declaring an overloaded method
java.util.concurrent.ExecutionException: java.lang.NullPointerException: Cannot invoke "forge.game.card.CounterType.is(forge.game.card.CounterEnumType)" because "type" is null
	at java.base/java.util.concurrent.FutureTask.report(FutureTask.java:122)
	at java.base/java.util.concurrent.FutureTask.get(FutureTask.java:205)
	at forge.ai.AiController.chooseSpellAbilityToPlayFromList(AiController.java:1680)
	at forge.ai.AiController.getSpellAbilityToPlay(AiController.java:1569)
	at forge.ai.AiController.chooseSpellAbilityToPlay(AiController.java:1389)
	at forge.ai.PlayerControllerAi.chooseSpellAbilityToPlay(PlayerControllerAi.java:833)
	at forge.game.phase.PhaseHandler.mainLoopStep(PhaseHandler.java:1063)
	at forge.game.phase.PhaseHandler.mainGameLoop(PhaseHandler.java:1042)
	at forge.game.phase.PhaseHandler.startFirstTurn(PhaseHandler.java:1036)
	at forge.game.GameAction.startGame(GameAction.java:2373)
	at forge.game.Match.startGame(Match.java:92)
	at forge.game.Match.startGame(Match.java:77)
	at forge.view.SimulateMatch.lambda$simulateSingleMatch$0(SimulateMatch.java:182)
	at forge.view.TimeLimitedCodeBlock.lambda$runWithTimeout$0(TimeLimitedCodeBlock.java:18)
	at java.base/java.util.concurrent.FutureTask.run(FutureTask.java:264)
	at java.base/java.util.concurrent.ThreadPoolExecutor.runWorker(ThreadPoolExecutor.java:1136)
	at java.base/java.util.concurrent.ThreadPoolExecutor$Worker.run(ThreadPoolExecutor.java:635)
	at java.base/java.lang.Thread.run(Thread.java:840)
Caused by: java.lang.NullPointerException: Cannot invoke "forge.game.card.CounterType.is(forge.game.card.CounterEnumType)" because "type" is null
	at forge.ai.ComputerUtilCost.checkRemoveCounterCost(ComputerUtilCost.java:100)
	at forge.ai.SpellAbilityAi.willPayCosts(SpellAbilityAi.java:389)
	at forge.ai.SpellAbilityAi.canPlayWithoutRestrict(SpellAbilityAi.java:105)
	at forge.ai.SpellAbilityAi.canPlay(SpellAbilityAi.java:76)
	at forge.ai.SpellAbilityAi.canPlayWithSubs(SpellAbilityAi.java:55)
	at forge.ai.AiController.canPlaySa(AiController.java:911)
	at forge.ai.ComputerUtil.targetPlayableSpellCard(ComputerUtil.java:3062)
	at forge.ai.ability.EffectAi.checkApiLogic(EffectAi.java:514)
	at forge.ai.SpellAbilityAi.canPlayWithoutRestrict(SpellAbilityAi.java:98)
	at forge.ai.SpellAbilityAi.canPlay(SpellAbilityAi.java:76)
	at forge.ai.SpellAbilityAi.canPlayWithSubs(SpellAbilityAi.java:55)
	at forge.ai.AiController.canPlaySa(AiController.java:911)
	at forge.ai.AiController.canPlayAndPayForFace(AiController.java:855)
	at forge.ai.AiController.canPlayAndPayFor(AiController.java:833)
	at forge.ai.AiController.lambda$chooseSpellAbilityToPlayFromList$9(AiController.java:1661)
	at java.base/java.util.concurrent.FutureTask.run(FutureTask.java:264)
	... 1 more
java.util.concurrent.ExecutionException: java.lang.NullPointerException: Cannot invoke "forge.game.card.CounterType.is(forge.game.card.CounterEnumType)" because "type" is null
	at java.base/java.util.concurrent.FutureTask.report(FutureTask.java:122)
	at java.base/java.util.concurrent.FutureTask.get(FutureTask.java:205)
	at forge.ai.AiController.chooseSpellAbilityToPlayFromList(AiController.java:1680)
	at forge.ai.AiController.getSpellAbilityToPlay(AiController.java:1569)
	at forge.ai.AiController.chooseSpellAbilityToPlay(AiController.java:1389)
	at forge.ai.PlayerControllerAi.chooseSpellAbilityToPlay(PlayerControllerAi.java:833)
	at forge.game.phase.PhaseHandler.mainLoopStep(PhaseHandler.java:1063)
	at forge.game.phase.PhaseHandler.mainGameLoop(PhaseHandler.java:1042)
	at forge.game.phase.PhaseHandler.startFirstTurn(PhaseHandler.java:1036)
	at forge.game.GameAction.startGame(GameAction.java:2373)
	at forge.game.Match.startGame(Match.java:92)
	at forge.game.Match.startGame(Match.java:77)
	at forge.view.SimulateMatch.lambda$simulateSingleMatch$0(SimulateMatch.java:182)
	at forge.view.TimeLimitedCodeBlock.lambda$runWithTimeout$0(TimeLimitedCodeBlock.java:18)
	at java.base/java.util.concurrent.FutureTask.run(FutureTask.java:264)
	at java.base/java.util.concurrent.ThreadPoolExecutor.runWorker(ThreadPoolExecutor.java:1136)
	at java.base/java.util.concurrent.ThreadPoolExecutor$Worker.run(ThreadPoolExecutor.java:635)
	at java.base/java.lang.Thread.run(Thread.java:840)
Caused by: java.lang.NullPointerException: Cannot invoke "forge.game.card.CounterType.is(forge.game.card.CounterEnumType)" because "type" is null
	at forge.ai.ComputerUtilCost.checkRemoveCounterCost(ComputerUtilCost.java:100)
	at forge.ai.SpellAbilityAi.willPayCosts(SpellAbilityAi.java:389)
	at forge.ai.SpellAbilityAi.canPlayWithoutRestrict(SpellAbilityAi.java:105)
	at forge.ai.SpellAbilityAi.canPlay(SpellAbilityAi.java:76)
	at forge.ai.SpellAbilityAi.canPlayWithSubs(SpellAbilityAi.java:55)
	at forge.ai.AiController.canPlaySa(AiController.java:911)
	at forge.ai.ComputerUtil.targetPlayableSpellCard(ComputerUtil.java:3062)
	at forge.ai.ability.EffectAi.checkApiLogic(EffectAi.java:514)
	at forge.ai.SpellAbilityAi.canPlayWithoutRestrict(SpellAbilityAi.java:98)
	at forge.ai.SpellAbilityAi.canPlay(SpellAbilityAi.java:76)
	at forge.ai.SpellAbilityAi.canPlayWithSubs(SpellAbilityAi.java:55)
	at forge.ai.AiController.canPlaySa(AiController.java:911)
	at forge.ai.AiController.canPlayAndPayForFace(AiController.java:855)
	at forge.ai.AiController.canPlayAndPayFor(AiController.java:833)
	at forge.ai.AiController.lambda$chooseSpellAbilityToPlayFromList$9(AiController.java:1661)
	at java.base/java.util.concurrent.FutureTask.run(FutureTask.java:264)
	... 1 more
java.util.concurrent.ExecutionException: java.lang.NullPointerException: Cannot invoke "forge.game.card.CounterType.is(forge.game.card.CounterEnumType)" because "type" is null
	at java.base/java.util.concurrent.FutureTask.report(FutureTask.java:122)
	at java.base/java.util.concurrent.FutureTask.get(FutureTask.java:205)
	at forge.ai.AiController.chooseSpellAbilityToPlayFromList(AiController.java:1680)
	at forge.ai.AiController.getSpellAbilityToPlay(AiController.java:1569)
	at forge.ai.AiController.chooseSpellAbilityToPlay(AiController.java:1389)
	at forge.ai.PlayerControllerAi.chooseSpellAbilityToPlay(PlayerControllerAi.java:833)
	at forge.game.phase.PhaseHandler.mainLoopStep(PhaseHandler.java:1063)
	at forge.game.phase.PhaseHandler.mainGameLoop(PhaseHandler.java:1042)
	at forge.game.phase.PhaseHandler.startFirstTurn(PhaseHandler.java:1036)
	at forge.game.GameAction.startGame(GameAction.java:2373)
	at forge.game.Match.startGame(Match.java:92)
	at forge.game.Match.startGame(Match.java:77)
	at forge.view.SimulateMatch.lambda$simulateSingleMatch$0(SimulateMatch.java:182)
	at forge.view.TimeLimitedCodeBlock.lambda$runWithTimeout$0(TimeLimitedCodeBlock.java:18)
	at java.base/java.util.concurrent.FutureTask.run(FutureTask.java:264)
	at java.base/java.util.concurrent.ThreadPoolExecutor.runWorker(ThreadPoolExecutor.java:1136)
	at java.base/java.util.concurrent.ThreadPoolExecutor$Worker.run(ThreadPoolExecutor.java:635)
	at java.base/java.lang.Thread.run(Thread.java:840)
Caused by: java.lang.NullPointerException: Cannot invoke "forge.game.card.CounterType.is(forge.game.card.CounterEnumType)" because "type" is null
	at forge.ai.ComputerUtilCost.checkRemoveCounterCost(ComputerUtilCost.java:100)
	at forge.ai.SpellAbilityAi.willPayCosts(SpellAbilityAi.java:389)
	at forge.ai.SpellAbilityAi.canPlayWithoutRestrict(SpellAbilityAi.java:105)
	at forge.ai.SpellAbilityAi.canPlay(SpellAbilityAi.java:76)
	at forge.ai.SpellAbilityAi.canPlayWithSubs(SpellAbilityAi.java:55)
	at forge.ai.AiController.canPlaySa(AiController.java:911)
	at forge.ai.ComputerUtil.targetPlayableSpellCard(ComputerUtil.java:3062)
	at forge.ai.ability.EffectAi.checkApiLogic(EffectAi.java:514)
	at forge.ai.SpellAbilityAi.canPlayWithoutRestrict(SpellAbilityAi.java:98)
	at forge.ai.SpellAbilityAi.canPlay(SpellAbilityAi.java:76)
	at forge.ai.SpellAbilityAi.canPlayWithSubs(SpellAbilityAi.java:55)
	at forge.ai.AiController.canPlaySa(AiController.java:911)
	at forge.ai.AiController.canPlayAndPayForFace(AiController.java:855)
	at forge.ai.AiController.canPlayAndPayFor(AiController.java:833)
	at forge.ai.AiController.lambda$chooseSpellAbilityToPlayFromList$9(AiController.java:1661)
	at java.base/java.util.concurrent.FutureTask.run(FutureTask.java:264)
	... 1 more
Mulligan: Ai(2)-Wilhelt Zombies B3 has mulliganed down to 7 cards.
Mulligan: Ai(1)-Kilo Helm Final has kept a hand of 7 cards
Mulligan: Ai(2)-Wilhelt Zombies B3 has kept a hand of 7 cards
Mulligan: Ai(3)-Wyleth Voltron B3 has kept a hand of 7 cards
Mulligan: Ai(4)-Drana Vampires has kept a hand of 7 cards
Turn: Turn 1 (Ai(1)-Kilo Helm Final)
Phase: Ai(1)-Kilo Helm Final's Untap step
Phase: Ai(1)-Kilo Helm Final's Upkeep step
Phase: Ai(1)-Kilo Helm Final's Draw step
Phase: Ai(1)-Kilo Helm Final's Main phase, precombat
Land: Ai(1)-Kilo Helm Final played Ancient Den (89)
Phase: Ai(1)-Kilo Helm Final's Beginning of Combat Step
Phase: Ai(1)-Kilo Helm Final's Declare Attackers Step
Phase: Ai(1)-Kilo Helm Final's Declare Blockers Step
Phase: Ai(1)-Kilo Helm Final's First Strike Damage Step
Phase: Ai(1)-Kilo Helm Final's Combat Damage Step
Phase: Ai(1)-Kilo Helm Final's End of Combat Step
Phase: Ai(1)-Kilo Helm Final's Main phase, postcombat
Mana: Ancient Den (89) - {T}: Add {W}.
Add To Stack: Ai(1)-Kilo Helm Final cast Enlightened Tutor
Resolve Stack: Enlightened Tutor (66) - Ai(1)-Kilo Helm Final searches their library for an artifact or enchantment card, reveals it, puts it , then shuffles.
Phase: Ai(1)-Kilo Helm Final's End step
Phase: Ai(1)-Kilo Helm Final's Cleanup step
Turn: Turn 2 (Ai(2)-Wilhelt Zombies B3)
Phase: Ai(2)-Wilhelt Zombies B3's Untap step
Phase: Ai(2)-Wilhelt Zombies B3's Upkeep step
Phase: Ai(2)-Wilhelt Zombies B3's Draw step
Phase: Ai(2)-Wilhelt Zombies B3's Main phase, precombat
Land: Ai(2)-Wilhelt Zombies B3 played Island (153)
Phase: Ai(2)-Wilhelt Zombies B3's Beginning of Combat Step
Phase: Ai(2)-Wilhelt Zombies B3's Declare Attackers Step
Phase: Ai(2)-Wilhelt Zombies B3's Declare Blockers Step
Phase: Ai(2)-Wilhelt Zombies B3's First Strike Damage Step
Phase: Ai(2)-Wilhelt Zombies B3's Combat Damage Step
Phase: Ai(2)-Wilhelt Zombies B3's End of Combat Step
Phase: Ai(2)-Wilhelt Zombies B3's Main phase, postcombat
Phase: Ai(2)-Wilhelt Zombies B3's End step
Phase: Ai(2)-Wilhelt Zombies B3's Cleanup step
Turn: Turn 3 (Ai(3)-Wyleth Voltron B3)
Phase: Ai(3)-Wyleth Voltron B3's Untap step
Phase: Ai(3)-Wyleth Voltron B3's Upkeep step
Phase: Ai(3)-Wyleth Voltron B3's Draw step
Phase: Ai(3)-Wyleth Voltron B3's Main phase, precombat
Land: Ai(3)-Wyleth Voltron B3 played Slayers' Stronghold (271)
Phase: Ai(3)-Wyleth Voltron B3's Beginning of Combat Step
Phase: Ai(3)-Wyleth Voltron B3's Declare Attackers Step
Phase: Ai(3)-Wyleth Voltron B3's Declare Blockers Step
Phase: Ai(3)-Wyleth Voltron B3's First Strike Damage Step
Phase: Ai(3)-Wyleth Voltron B3's Combat Damage Step
Phase: Ai(3)-Wyleth Voltron B3's End of Combat Step
Phase: Ai(3)-Wyleth Voltron B3's Main phase, postcombat
Phase: Ai(3)-Wyleth Voltron B3's End step
Phase: Ai(3)-Wyleth Voltron B3's Cleanup step
Turn: Turn 4 (Ai(4)-Drana Vampires)
Phase: Ai(4)-Drana Vampires' Untap step
Phase: Ai(4)-Drana Vampires' Upkeep step
Phase: Ai(4)-Drana Vampires' Draw step
Phase: Ai(4)-Drana Vampires' Main phase, precombat
Land: Ai(4)-Drana Vampires played Swamp (358)
Phase: Ai(4)-Drana Vampires' Beginning of Combat Step
Phase: Ai(4)-Drana Vampires' Declare Attackers Step
Phase: Ai(4)-Drana Vampires' Declare Blockers Step
Phase: Ai(4)-Drana Vampires' First Strike Damage Step
Phase: Ai(4)-Drana Vampires' Combat Damage Step
Phase: Ai(4)-Drana Vampires' End of Combat Step
Phase: Ai(4)-Drana Vampires' Main phase, postcombat
Phase: Ai(4)-Drana Vampires' End step
Phase: Ai(4)-Drana Vampires' Cleanup step
Turn: Turn 5 (Ai(1)-Kilo Helm Final)
Phase: Ai(1)-Kilo Helm Final's Untap step
Phase: Ai(1)-Kilo Helm Final's Upkeep step
Phase: Ai(1)-Kilo Helm Final's Draw step
Phase: Ai(1)-Kilo Helm Final's Main phase, precombat
Land: Ai(1)-Kilo Helm Final played Island (63)
Phase: Ai(1)-Kilo Helm Final's Beginning of Combat Step
Phase: Ai(1)-Kilo Helm Final's Declare Attackers Step
Phase: Ai(1)-Kilo Helm Final's Declare Blockers Step
Phase: Ai(1)-Kilo Helm Final's First Strike Damage Step
Phase: Ai(1)-Kilo Helm Final's Combat Damage Step
Phase: Ai(1)-Kilo Helm Final's End of Combat Step
Phase: Ai(1)-Kilo Helm Final's Main phase, postcombat
Mana: Ancient Den (89) - {T}: Add {W}.
Mana: Island (63) - {T}: Add {U}.
Discard: Ai(1)-Kilo Helm Final discards Angel of the Ruins (5).
Add To Stack: Ai(1)-Kilo Helm Final activated Angel of the Ruins
Resolve Stack: Angel of the Ruins (5) - Ai(1)-Kilo Helm Final searches their library for a Plains card, reveals it, puts it into their hand, then shuffles.
Phase: Ai(1)-Kilo Helm Final's End step
Phase: Ai(1)-Kilo Helm Final's Cleanup step
Turn: Turn 6 (Ai(2)-Wilhelt Zombies B3)
Phase: Ai(2)-Wilhelt Zombies B3's Untap step
Phase: Ai(2)-Wilhelt Zombies B3's Upkeep step
Phase: Ai(2)-Wilhelt Zombies B3's Draw step
Phase: Ai(2)-Wilhelt Zombies B3's Main phase, precombat
Land: Ai(2)-Wilhelt Zombies B3 played Swamp (187)
Phase: Ai(2)-Wilhelt Zombies B3's Beginning of Combat Step
Phase: Ai(2)-Wilhelt Zombies B3's Declare Attackers Step
Phase: Ai(2)-Wilhelt Zombies B3's Declare Blockers Step
Phase: Ai(2)-Wilhelt Zombies B3's First Strike Damage Step
Phase: Ai(2)-Wilhelt Zombies B3's Combat Damage Step
Phase: Ai(2)-Wilhelt Zombies B3's End of Combat Step
Phase: Ai(2)-Wilhelt Zombies B3's Main phase, postcombat
Mana: Swamp (187) - {T}: Add {B}.
Mana: Island (153) - {T}: Add {U}.
Add To Stack: Ai(2)-Wilhelt Zombies B3 cast Shepherd of Rot
Resolve Stack: Shepherd of Rot - Creature 1 / 1
Phase: Ai(2)-Wilhelt Zombies B3's End step
Phase: Ai(2)-Wilhelt Zombies B3's Cleanup step
Turn: Turn 7 (Ai(3)-Wyleth Voltron B3)
Phase: Ai(3)-Wyleth Voltron B3's Untap step
Phase: Ai(3)-Wyleth Voltron B3's Upkeep step
Phase: Ai(3)-Wyleth Voltron B3's Draw step
Phase: Ai(3)-Wyleth Voltron B3's Main phase, precombat
Land: Ai(3)-Wyleth Voltron B3 played Mountain (289)
Phase: Ai(3)-Wyleth Voltron B3's Beginning of Combat Step
Phase: Ai(3)-Wyleth Voltron B3's Declare Attackers Step
Phase: Ai(3)-Wyleth Voltron B3's Declare Blockers Step
Phase: Ai(3)-Wyleth Voltron B3's First Strike Damage Step
Phase: Ai(3)-Wyleth Voltron B3's Combat Damage Step
Phase: Ai(3)-Wyleth Voltron B3's End of Combat Step
Phase: Ai(3)-Wyleth Voltron B3's Main phase, postcombat
Mana: Mountain (289) - {T}: Add {R}.
Mana: Slayers' Stronghold (271) - {T}: Add {C}.
Add To Stack: Ai(3)-Wyleth Voltron B3 cast Arcane Signet
Resolve Stack: Arcane Signet
Mana: Arcane Signet (298) - {T}: Add one mana of any color in your commander's color identity.
Add To Stack: Ai(3)-Wyleth Voltron B3 cast Sigarda's Aid
Resolve Stack: Sigarda's Aid
Phase: Ai(3)-Wyleth Voltron B3's End step
Phase: Ai(3)-Wyleth Voltron B3's Cleanup step
Turn: Turn 8 (Ai(4)-Drana Vampires)
Phase: Ai(4)-Drana Vampires' Untap step
Phase: Ai(4)-Drana Vampires' Upkeep step
Phase: Ai(4)-Drana Vampires' Draw step
Phase: Ai(4)-Drana Vampires' Main phase, precombat
Land: Ai(4)-Drana Vampires played Swamp (360)
Phase: Ai(4)-Drana Vampires' Beginning of Combat Step
Phase: Ai(4)-Drana Vampires' Declare Attackers Step
Phase: Ai(4)-Drana Vampires' Declare Blockers Step
Phase: Ai(4)-Drana Vampires' First Strike Damage Step
Phase: Ai(4)-Drana Vampires' Combat Damage Step
Phase: Ai(4)-Drana Vampires' End of Combat Step
Phase: Ai(4)-Drana Vampires' Main phase, postcombat
Phase: Ai(4)-Drana Vampires' End step
Phase: Ai(4)-Drana Vampires' Cleanup step
Turn: Turn 9 (Ai(1)-Kilo Helm Final)
Phase: Ai(1)-Kilo Helm Final's Untap step
Phase: Ai(1)-Kilo Helm Final's Upkeep step
Phase: Ai(1)-Kilo Helm Final's Draw step
Phase: Ai(1)-Kilo Helm Final's Main phase, precombat
Replacement Effect: This land enters tapped unless you control two or more basic lands.
Land: Ai(1)-Kilo Helm Final played Radiant Summit (20)
Phase: Ai(1)-Kilo Helm Final's Beginning of Combat Step
Phase: Ai(1)-Kilo Helm Final's Declare Attackers Step
Phase: Ai(1)-Kilo Helm Final's Declare Blockers Step
Phase: Ai(1)-Kilo Helm Final's First Strike Damage Step
Phase: Ai(1)-Kilo Helm Final's Combat Damage Step
Phase: Ai(1)-Kilo Helm Final's End of Combat Step
Phase: Ai(1)-Kilo Helm Final's Main phase, postcombat
Mana: Ancient Den (89) - {T}: Add {W}.
Mana: Island (63) - {T}: Add {U}.
Add To Stack: Ai(1)-Kilo Helm Final cast Arcane Signet
Resolve Stack: Arcane Signet
Phase: Ai(1)-Kilo Helm Final's End step
Phase: Ai(1)-Kilo Helm Final's Cleanup step
Turn: Turn 10 (Ai(2)-Wilhelt Zombies B3)
Phase: Ai(2)-Wilhelt Zombies B3's Untap step
Phase: Ai(2)-Wilhelt Zombies B3's Upkeep step
Phase: Ai(2)-Wilhelt Zombies B3's Draw step
Phase: Ai(2)-Wilhelt Zombies B3's Main phase, precombat
Land: Ai(2)-Wilhelt Zombies B3 played Island (152)
Phase: Ai(2)-Wilhelt Zombies B3's Beginning of Combat Step
Phase: Ai(2)-Wilhelt Zombies B3's Declare Attackers Step
Combat: Ai(2)-Wilhelt Zombies B3 assigned Shepherd of Rot (129) to attack Ai(3)-Wyleth Voltron B3.
Phase: Ai(2)-Wilhelt Zombies B3's Declare Blockers Step
Combat: Ai(3)-Wyleth Voltron B3 didn't block Shepherd of Rot (129).
Phase: Ai(2)-Wilhelt Zombies B3's First Strike Damage Step
Phase: Ai(2)-Wilhelt Zombies B3's Combat Damage Step
Damage: Shepherd of Rot (129) deals 1 combat damage to Ai(3)-Wyleth Voltron B3.
Life: Life: Ai(3)-Wyleth Voltron B3 40 > 39
Phase: Ai(2)-Wilhelt Zombies B3's End of Combat Step
Phase: Ai(2)-Wilhelt Zombies B3's Main phase, postcombat
Phase: Ai(2)-Wilhelt Zombies B3's End step
Phase: Ai(2)-Wilhelt Zombies B3's Cleanup step
Turn: Turn 11 (Ai(3)-Wyleth Voltron B3)
Phase: Ai(3)-Wyleth Voltron B3's Untap step
Phase: Ai(3)-Wyleth Voltron B3's Upkeep step
Phase: Ai(3)-Wyleth Voltron B3's Draw step
Phase: Ai(3)-Wyleth Voltron B3's Main phase, precombat
Land: Ai(3)-Wyleth Voltron B3 played Plains (265)
Mana: Plains (265) - {T}: Add {W}.
Mana: Mountain (289) - {T}: Add {R}.
Mana: Arcane Signet (298) - {T}: Add one mana of any color in your commander's color identity.
Add To Stack: Ai(3)-Wyleth Voltron B3 cast Wyleth, Soul of Steel
Resolve Stack: Wyleth, Soul of Steel - Creature 2 / 2
Phase: Ai(3)-Wyleth Voltron B3's Beginning of Combat Step
Phase: Ai(3)-Wyleth Voltron B3's Declare Attackers Step
Phase: Ai(3)-Wyleth Voltron B3's Declare Blockers Step
Phase: Ai(3)-Wyleth Voltron B3's First Strike Damage Step
Phase: Ai(3)-Wyleth Voltron B3's Combat Damage Step
Phase: Ai(3)-Wyleth Voltron B3's End of Combat Step
Phase: Ai(3)-Wyleth Voltron B3's Main phase, postcombat
Phase: Ai(3)-Wyleth Voltron B3's End step
Phase: Ai(3)-Wyleth Voltron B3's Cleanup step
Turn: Turn 12 (Ai(4)-Drana Vampires)
Phase: Ai(4)-Drana Vampires' Untap step
Phase: Ai(4)-Drana Vampires' Upkeep step
Phase: Ai(4)-Drana Vampires' Draw step
Phase: Ai(4)-Drana Vampires' Main phase, precombat
Land: Ai(4)-Drana Vampires played Swamp (357)
Phase: Ai(4)-Drana Vampires' Beginning of Combat Step
Phase: Ai(4)-Drana Vampires' Declare Attackers Step
Phase: Ai(4)-Drana Vampires' Declare Blockers Step
Phase: Ai(4)-Drana Vampires' First Strike Damage Step
Phase: Ai(4)-Drana Vampires' Combat Damage Step
Phase: Ai(4)-Drana Vampires' End of Combat Step
Phase: Ai(4)-Drana Vampires' Main phase, postcombat
Mana: Swamp (358) - {T}: Add {B}.
Mana: Swamp (360) - {T}: Add {B}.
Mana: Swamp (357) - {T}: Add {B}.
Add To Stack: Ai(4)-Drana Vampires cast Vampire Nighthawk
Resolve Stack: Vampire Nighthawk - Creature 2 / 3
Phase: Ai(4)-Drana Vampires' End step
Phase: Ai(4)-Drana Vampires' Cleanup step
Turn: Turn 13 (Ai(1)-Kilo Helm Final)
Phase: Ai(1)-Kilo Helm Final's Untap step
Phase: Ai(1)-Kilo Helm Final's Upkeep step
Phase: Ai(1)-Kilo Helm Final's Draw step
Phase: Ai(1)-Kilo Helm Final's Main phase, precombat
Mana: Island (63) - {T}: Add {U}.
Mana: Radiant Summit (20) - {T}: Add {R}.
Mana: Ancient Den (89) - {T}: Add {W}.
Add To Stack: Ai(1)-Kilo Helm Final cast Kilo, Apogee Mind
Resolve Stack: Kilo, Apogee Mind - Creature 3 / 3
Phase: Ai(1)-Kilo Helm Final's Beginning of Combat Step
Phase: Ai(1)-Kilo Helm Final's Declare Attackers Step
Combat: Ai(1)-Kilo Helm Final assigned Kilo, Apogee Mind (100) to attack Ai(3)-Wyleth Voltron B3.
Add To Stack: Ai(1)-Kilo Helm Final triggered Kilo, Apogee Mind
Resolve Stack: Whenever Kilo becomes tapped, proliferate. (Choose any number of permanents and/or players, then give each another counter of each kind already there.) [Tapped: Kilo, Apogee Mind (100)]
Phase: Ai(1)-Kilo Helm Final's Declare Blockers Step
Combat: Ai(3)-Wyleth Voltron B3 didn't block Kilo, Apogee Mind (100).
Phase: Ai(1)-Kilo Helm Final's First Strike Damage Step
Phase: Ai(1)-Kilo Helm Final's Combat Damage Step
Damage: Kilo, Apogee Mind (100) deals 3 combat damage to Ai(3)-Wyleth Voltron B3.
Life: Life: Ai(3)-Wyleth Voltron B3 39 > 36
Phase: Ai(1)-Kilo Helm Final's End of Combat Step
Phase: Ai(1)-Kilo Helm Final's Main phase, postcombat
Phase: Ai(1)-Kilo Helm Final's End step
Phase: Ai(1)-Kilo Helm Final's Cleanup step
Turn: Turn 14 (Ai(2)-Wilhelt Zombies B3)
Phase: Ai(2)-Wilhelt Zombies B3's Untap step
Phase: Ai(2)-Wilhelt Zombies B3's Upkeep step
Phase: Ai(2)-Wilhelt Zombies B3's Draw step
Phase: Ai(2)-Wilhelt Zombies B3's Main phase, precombat
Land: Ai(2)-Wilhelt Zombies B3 played Swamp (191)
Mana: Swamp (187) - {T}: Add {B}.
Mana: Island (153) - {T}: Add {U}.
Mana: Island (152) - {T}: Add {U}.
Add To Stack: Ai(2)-Wilhelt Zombies B3 cast Read the Bones
Mana: Arcane Signet (94) - {T}: Add one mana of any color in your commander's color identity.
Add To Stack: Ai(1)-Kilo Helm Final cast Swan Song targeting [Scry 2, then draw two cards. You lose 2 life.  ]
Zone Change: Send countered spell to Graveyard
Resolve Stack: Swan Song (44) - Counter Read the Bones (111). 
Phase: Ai(2)-Wilhelt Zombies B3's Beginning of Combat Step
Phase: Ai(2)-Wilhelt Zombies B3's Declare Attackers Step
Phase: Ai(2)-Wilhelt Zombies B3's Declare Blockers Step
Phase: Ai(2)-Wilhelt Zombies B3's First Strike Damage Step
Phase: Ai(2)-Wilhelt Zombies B3's Combat Damage Step
Phase: Ai(2)-Wilhelt Zombies B3's End of Combat Step
Phase: Ai(2)-Wilhelt Zombies B3's Main phase, postcombat
Phase: Ai(2)-Wilhelt Zombies B3's End step
Phase: Ai(2)-Wilhelt Zombies B3's Cleanup step
Turn: Turn 15 (Ai(3)-Wyleth Voltron B3)
Phase: Ai(3)-Wyleth Voltron B3's Untap step
Phase: Ai(3)-Wyleth Voltron B3's Upkeep step
Phase: Ai(3)-Wyleth Voltron B3's Draw step
Mana: Mountain (289) - {T}: Add {R}.
Mana: Plains (265) - {T}: Add {W}.
Add To Stack: Ai(3)-Wyleth Voltron B3 cast Swiftfoot Boots
Resolve Stack: Swiftfoot Boots
Add To Stack: Ai(3)-Wyleth Voltron B3 triggered Sigarda's Aid targeting [Wyleth, Soul of Steel (301)]
Resolve Stack: Whenever an Equipment you control enters, you may attach it to target creature you control. (Targeting: [[Wyleth, Soul of Steel (301)]]) [Zone Changer: Swiftfoot Boots (210)]
Phase: Ai(3)-Wyleth Voltron B3's Main phase, precombat
Land: Ai(3)-Wyleth Voltron B3 played Inventors' Fair (203)
Mana: Arcane Signet (298) - {T}: Add one mana of any color in your commander's color identity.
Mana: Slayers' Stronghold (271) - {T}: Add {C}.
Mana: Inventors' Fair (203) - {T}: Add {C}.
Add To Stack: Ai(3)-Wyleth Voltron B3 cast Ardenn, Intrepid Archaeologist
Resolve Stack: Ardenn, Intrepid Archaeologist - Creature 2 / 2
Phase: Ai(3)-Wyleth Voltron B3's Beginning of Combat Step
Add To Stack: Ai(3)-Wyleth Voltron B3 triggered Ardenn, Intrepid Archaeologist targeting [Ai(3)-Wyleth Voltron B3]
Resolve Stack: At the beginning of combat on your turn, you may attach any number of Auras and Equipment you control to target permanent or player. (Targeting: [[Ai(3)-Wyleth Voltron B3]]) [Phase: Ai(3)-Wyleth Voltron B3]
Phase: Ai(3)-Wyleth Voltron B3's Declare Attackers Step
Phase: Ai(3)-Wyleth Voltron B3's Declare Blockers Step
Phase: Ai(3)-Wyleth Voltron B3's First Strike Damage Step
Phase: Ai(3)-Wyleth Voltron B3's Combat Damage Step
Phase: Ai(3)-Wyleth Voltron B3's End of Combat Step
Phase: Ai(3)-Wyleth Voltron B3's Main phase, postcombat
Phase: Ai(3)-Wyleth Voltron B3's End step
Phase: Ai(3)-Wyleth Voltron B3's Cleanup step
Turn: Turn 16 (Ai(4)-Drana Vampires)
Phase: Ai(4)-Drana Vampires' Untap step
Phase: Ai(4)-Drana Vampires' Upkeep step
Phase: Ai(4)-Drana Vampires' Draw step
Phase: Ai(4)-Drana Vampires' Main phase, precombat
Land: Ai(4)-Drana Vampires played Swamp (389)
Mana: Swamp (358) - {T}: Add {B}.
Mana: Swamp (360) - {T}: Add {B}.
Mana: Swamp (357) - {T}: Add {B}.
Mana: Swamp (389) - {T}: Add {B}.
Add To Stack: Ai(4)-Drana Vampires cast Crypt Ghast
Resolve Stack: Crypt Ghast - Creature 2 / 2
Phase: Ai(4)-Drana Vampires' Beginning of Combat Step
Phase: Ai(4)-Drana Vampires' Declare Attackers Step
Combat: Ai(4)-Drana Vampires assigned Vampire Nighthawk (340) to attack Ai(3)-Wyleth Voltron B3.
Phase: Ai(4)-Drana Vampires' Declare Blockers Step
Combat: Ai(3)-Wyleth Voltron B3 didn't block Vampire Nighthawk (340).
Phase: Ai(4)-Drana Vampires' First Strike Damage Step
Phase: Ai(4)-Drana Vampires' Combat Damage Step
Damage: Vampire Nighthawk (340) deals 2 combat damage to Ai(3)-Wyleth Voltron B3.
Life: Life: Ai(4)-Drana Vampires 40 > 42
Life: Life: Ai(3)-Wyleth Voltron B3 36 > 34
Phase: Ai(4)-Drana Vampires' End of Combat Step
Phase: Ai(4)-Drana Vampires' Main phase, postcombat
Phase: Ai(4)-Drana Vampires' End step
Phase: Ai(4)-Drana Vampires' Cleanup step
Turn: Turn 17 (Ai(1)-Kilo Helm Final)
Phase: Ai(1)-Kilo Helm Final's Untap step
Phase: Ai(1)-Kilo Helm Final's Upkeep step
Phase: Ai(1)-Kilo Helm Final's Draw step
Phase: Ai(1)-Kilo Helm Final's Main phase, precombat
Land: Ai(1)-Kilo Helm Final played Inventors' Fair (2)
Phase: Ai(1)-Kilo Helm Final's Beginning of Combat Step
Phase: Ai(1)-Kilo Helm Final's Declare Attackers Step
Combat: Ai(1)-Kilo Helm Final assigned Kilo, Apogee Mind (100) to attack Ai(3)-Wyleth Voltron B3.
Add To Stack: Ai(1)-Kilo Helm Final triggered Kilo, Apogee Mind
Resolve Stack: Whenever Kilo becomes tapped, proliferate. (Choose any number of permanents and/or players, then give each another counter of each kind already there.) [Tapped: Kilo, Apogee Mind (100)]
Phase: Ai(1)-Kilo Helm Final's Declare Blockers Step
Combat: Ai(3)-Wyleth Voltron B3 didn't block Kilo, Apogee Mind (100).
Phase: Ai(1)-Kilo Helm Final's First Strike Damage Step
Phase: Ai(1)-Kilo Helm Final's Combat Damage Step
Damage: Kilo, Apogee Mind (100) deals 3 combat damage to Ai(3)-Wyleth Voltron B3.
Life: Life: Ai(3)-Wyleth Voltron B3 34 > 31
Phase: Ai(1)-Kilo Helm Final's End of Combat Step
Phase: Ai(1)-Kilo Helm Final's Main phase, postcombat
Mana: Ancient Den (89) - {T}: Add {W}.
Mana: Island (63) - {T}: Add {U}.
Mana: Radiant Summit (20) - {T}: Add {R}.
Mana: Arcane Signet (94) - {T}: Add one mana of any color in your commander's color identity.
Add To Stack: Ai(1)-Kilo Helm Final cast Mindless Automaton
Replacement Effect: Mindless Automaton enters with two +1/+1 counters on it.
Resolve Stack: Mindless Automaton - Creature 0 / 0
Add To Stack: Ai(1)-Kilo Helm Final activated Mindless Automaton
Zone Change: Mindless Automaton (68) was put into Graveyard from Battlefield.
Resolve Stack: Mindless Automaton (68) - Ai(1)-Kilo Helm Final draws a card.
Phase: Ai(1)-Kilo Helm Final's End step
Add To Stack: Ai(2)-Wilhelt Zombies B3 activated Shepherd of Rot
Life: Life: Ai(1)-Kilo Helm Final 40 > 39
Life: Life: Ai(2)-Wilhelt Zombies B3 40 > 39
Life: Life: Ai(3)-Wyleth Voltron B3 31 > 30
Life: Life: Ai(4)-Drana Vampires 42 > 41
Resolve Stack: Shepherd of Rot (129) - Ai(1)-Kilo Helm Final, Ai(2)-Wilhelt Zombies B3, Ai(3)-Wyleth Voltron B3 and Ai(4)-Drana Vampires each lose 1 life.
Phase: Ai(1)-Kilo Helm Final's Cleanup step
Turn: Turn 18 (Ai(2)-Wilhelt Zombies B3)
Phase: Ai(2)-Wilhelt Zombies B3's Untap step
Phase: Ai(2)-Wilhelt Zombies B3's Upkeep step
Phase: Ai(2)-Wilhelt Zombies B3's Draw step
Phase: Ai(2)-Wilhelt Zombies B3's Main phase, precombat
Land: Ai(2)-Wilhelt Zombies B3 played Island (154)
Mana: Swamp (187) - {T}: Add {B}.
Mana: Island (153) - {T}: Add {U}.
Add To Stack: Ai(2)-Wilhelt Zombies B3 cast Feed the Swarm targeting [Vampire Nighthawk (340)]
Zone Change: Vampire Nighthawk (340) was put into Graveyard from Battlefield.
Life: Life: Ai(2)-Wilhelt Zombies B3 39 > 36
Resolve Stack: Feed the Swarm (131) - Destroy Vampire Nighthawk (340). Ai(2)-Wilhelt Zombies B3 loses 3 life.
Phase: Ai(2)-Wilhelt Zombies B3's Beginning of Combat Step
Phase: Ai(2)-Wilhelt Zombies B3's Declare Attackers Step
Combat: Ai(2)-Wilhelt Zombies B3 assigned Bird Token (417) to attack Ai(3)-Wyleth Voltron B3.
Phase: Ai(2)-Wilhelt Zombies B3's Declare Blockers Step
Combat: Ai(3)-Wyleth Voltron B3 didn't block Bird Token (417).
Phase: Ai(2)-Wilhelt Zombies B3's First Strike Damage Step
Phase: Ai(2)-Wilhelt Zombies B3's Combat Damage Step
Damage: Bird Token (417) deals 2 combat damage to Ai(3)-Wyleth Voltron B3.
Life: Life: Ai(3)-Wyleth Voltron B3 30 > 28
Phase: Ai(2)-Wilhelt Zombies B3's End of Combat Step
Phase: Ai(2)-Wilhelt Zombies B3's Main phase, postcombat
Phase: Ai(2)-Wilhelt Zombies B3's End step
Phase: Ai(2)-Wilhelt Zombies B3's Cleanup step
Turn: Turn 19 (Ai(3)-Wyleth Voltron B3)
Phase: Ai(3)-Wyleth Voltron B3's Untap step
Phase: Ai(3)-Wyleth Voltron B3's Upkeep step
Phase: Ai(3)-Wyleth Voltron B3's Draw step
Mana: Mountain (289) - {T}: Add {R}.
Mana: Plains (265) - {T}: Add {W}.
Add To Stack: Ai(3)-Wyleth Voltron B3 cast Wear targeting [Kilo, Apogee Mind (100)]
Zone Change: Kilo, Apogee Mind (100) was put into Graveyard from Battlefield.
Resolve Stack: Wear (205) - Destroy Kilo, Apogee Mind (100).
Phase: Ai(3)-Wyleth Voltron B3's Main phase, precombat
Phase: Ai(3)-Wyleth Voltron B3's Beginning of Combat Step
Add To Stack: Ai(3)-Wyleth Voltron B3 triggered Ardenn, Intrepid Archaeologist targeting [Ai(3)-Wyleth Voltron B3]
Resolve Stack: At the beginning of combat on your turn, you may attach any number of Auras and Equipment you control to target permanent or player. (Targeting: [[Ai(3)-Wyleth Voltron B3]]) [Phase: Ai(3)-Wyleth Voltron B3]
Phase: Ai(3)-Wyleth Voltron B3's Declare Attackers Step
Combat: Ai(3)-Wyleth Voltron B3 assigned Wyleth, Soul of Steel (301) and Ardenn, Intrepid Archaeologist (223) to attack Ai(2)-Wilhelt Zombies B3.
Add To Stack: Ai(3)-Wyleth Voltron B3 triggered Wyleth, Soul of Steel
Resolve Stack: Whenever Wyleth, Soul of Steel attacks, draw a card for each Aura and Equipment attached to it. [Attacker: Wyleth, Soul of Steel (301)]
Phase: Ai(3)-Wyleth Voltron B3's Declare Blockers Step
Combat: Ai(2)-Wilhelt Zombies B3 didn't block Wyleth, Soul of Steel (301).
Ai(2)-Wilhelt Zombies B3 didn't block Ardenn, Intrepid Archaeologist (223).
Phase: Ai(3)-Wyleth Voltron B3's First Strike Damage Step
Phase: Ai(3)-Wyleth Voltron B3's Combat Damage Step
Damage: Wyleth, Soul of Steel (301) deals 2 combat damage to Ai(2)-Wilhelt Zombies B3.
Damage: Ardenn, Intrepid Archaeologist (223) deals 2 combat damage to Ai(2)-Wilhelt Zombies B3.
Life: Life: Ai(2)-Wilhelt Zombies B3 36 > 32
Phase: Ai(3)-Wyleth Voltron B3's End of Combat Step
Phase: Ai(3)-Wyleth Voltron B3's Main phase, postcombat
Replacement Effect: Temple of Triumph enters tapped.
Land: Ai(3)-Wyleth Voltron B3 played Temple of Triumph (275)
Add To Stack: Ai(3)-Wyleth Voltron B3 triggered Temple of Triumph
Resolve Stack: Ai(3)-Wyleth Voltron B3 scried 1 card(s) to the bottom of the library
Resolve Stack: When Temple of Triumph enters, scry 1. [Zone Changer: Temple of Triumph (275)]
Phase: Ai(3)-Wyleth Voltron B3's End step
Phase: Ai(3)-Wyleth Voltron B3's Cleanup step
Turn: Turn 20 (Ai(4)-Drana Vampires)
Phase: Ai(4)-Drana Vampires' Untap step
Phase: Ai(4)-Drana Vampires' Upkeep step
Mana: Swamp (358) - {T}: Add {B}.
Mana: Swamp (360) - {T}: Add {B}.
Add To Stack: Ai(4)-Drana Vampires cast Tendrils of Corruption targeting [Ardenn, Intrepid Archaeologist (223)]
Add To Stack: Ai(4)-Drana Vampires triggered Crypt Ghast
Mana: Swamp (357) - {T}: Add {B}.
Life: Life: Ai(1)-Kilo Helm Final 39 > 38
Life: Life: Ai(2)-Wilhelt Zombies B3 32 > 31
Life: Life: Ai(3)-Wyleth Voltron B3 28 > 27
Life: Life: Ai(4)-Drana Vampires 41 > 44
Resolve Stack: Extort (Whenever you cast a spell, you may pay {W/B}. If you do, each opponent loses 1 life and you gain that much life.) [Card: Tendrils of Corruption (346), Activator: Ai(4)-Drana Vampires, SpellAbility: Tendrils of Corruption deals X damage to target creature and you gain X life, where X is the number of Swamps you control. ]
Damage: Tendrils of Corruption (346) deals 4 damage to Ardenn, Intrepid Archaeologist (223).
Life: Life: Ai(4)-Drana Vampires 44 > 48
Resolve Stack: Tendrils of Corruption (346) - Tendrils of Corruption (346) deals 4 damage to Ardenn, Intrepid Archaeologist (223). Ai(4)-Drana Vampires gains 4 life.
Zone Change: Ardenn, Intrepid Archaeologist (223) was put into Graveyard from Battlefield.
Phase: Ai(4)-Drana Vampires' Draw step
Phase: Ai(4)-Drana Vampires' Main phase, precombat
Land: Ai(4)-Drana Vampires played Swamp (392)
Phase: Ai(4)-Drana Vampires' Beginning of Combat Step
Phase: Ai(4)-Drana Vampires' Declare Attackers Step
Combat: Ai(4)-Drana Vampires assigned Crypt Ghast (303) to attack Ai(3)-Wyleth Voltron B3.
Phase: Ai(4)-Drana Vampires' Declare Blockers Step
Combat: Ai(3)-Wyleth Voltron B3 didn't block Crypt Ghast (303).
Phase: Ai(4)-Drana Vampires' First Strike Damage Step
Phase: Ai(4)-Drana Vampires' Combat Damage Step
Damage: Crypt Ghast (303) deals 2 combat damage to Ai(3)-Wyleth Voltron B3.
Life: Life: Ai(3)-Wyleth Voltron B3 27 > 25
Phase: Ai(4)-Drana Vampires' End of Combat Step
Phase: Ai(4)-Drana Vampires' Main phase, postcombat
Mana: Swamp (389) - {T}: Add {B}.
Mana: Swamp (392) - {T}: Add {B}.
Add To Stack: Ai(4)-Drana Vampires cast Drana, Liberator of Malakir
Add To Stack: Ai(4)-Drana Vampires triggered Crypt Ghast
Life: Life: Ai(1)-Kilo Helm Final 38 > 37
Life: Life: Ai(2)-Wilhelt Zombies B3 31 > 30
Life: Life: Ai(3)-Wyleth Voltron B3 25 > 24
Life: Life: Ai(4)-Drana Vampires 48 > 51
Resolve Stack: Extort (Whenever you cast a spell, you may pay {W/B}. If you do, each opponent loses 1 life and you gain that much life.) [Card: Drana, Liberator of Malakir (402), Activator: Ai(4)-Drana Vampires, SpellAbility: Drana, Liberator of Malakir - Creature 2 / 3]
Resolve Stack: Drana, Liberator of Malakir - Creature 2 / 3
Phase: Ai(4)-Drana Vampires' End step
Phase: Ai(4)-Drana Vampires' Cleanup step
Turn: Turn 21 (Ai(1)-Kilo Helm Final)
Phase: Ai(1)-Kilo Helm Final's Untap step
Phase: Ai(1)-Kilo Helm Final's Upkeep step
Phase: Ai(1)-Kilo Helm Final's Draw step
Phase: Ai(1)-Kilo Helm Final's Main phase, precombat
Mana: Island (63) - {T}: Add {U}.
Mana: Radiant Summit (20) - {T}: Add {R}.
Mana: Ancient Den (89) - {T}: Add {W}.
Mana: Arcane Signet (94) - {T}: Add one mana of any color in your commander's color identity.
Mana: Inventors' Fair (2) - {T}: Add {C}.
Add To Stack: Ai(1)-Kilo Helm Final cast Kilo, Apogee Mind
Resolve Stack: Kilo, Apogee Mind - Creature 3 / 3
Phase: Ai(1)-Kilo Helm Final's Beginning of Combat Step
Phase: Ai(1)-Kilo Helm Final's Declare Attackers Step
Combat: Ai(1)-Kilo Helm Final assigned Kilo, Apogee Mind (100) to attack Ai(3)-Wyleth Voltron B3.
Add To Stack: Ai(1)-Kilo Helm Final triggered Kilo, Apogee Mind
Resolve Stack: Whenever Kilo becomes tapped, proliferate. (Choose any number of permanents and/or players, then give each another counter of each kind already there.) [Tapped: Kilo, Apogee Mind (100)]
Phase: Ai(1)-Kilo Helm Final's Declare Blockers Step
Combat: Ai(3)-Wyleth Voltron B3 didn't block Kilo, Apogee Mind (100).
Phase: Ai(1)-Kilo Helm Final's First Strike Damage Step
Phase: Ai(1)-Kilo Helm Final's Combat Damage Step
Damage: Kilo, Apogee Mind (100) deals 3 combat damage to Ai(3)-Wyleth Voltron B3.
Life: Life: Ai(3)-Wyleth Voltron B3 24 > 21
Phase: Ai(1)-Kilo Helm Final's End of Combat Step
Phase: Ai(1)-Kilo Helm Final's Main phase, postcombat
Phase: Ai(1)-Kilo Helm Final's End step
Add To Stack: Ai(2)-Wilhelt Zombies B3 activated Shepherd of Rot
Life: Life: Ai(1)-Kilo Helm Final 37 > 36
Life: Life: Ai(2)-Wilhelt Zombies B3 30 > 29
Life: Life: Ai(3)-Wyleth Voltron B3 21 > 20
Life: Life: Ai(4)-Drana Vampires 51 > 50
Resolve Stack: Shepherd of Rot (129) - Ai(1)-Kilo Helm Final, Ai(2)-Wilhelt Zombies B3, Ai(3)-Wyleth Voltron B3 and Ai(4)-Drana Vampires each lose 1 life.
Phase: Ai(1)-Kilo Helm Final's Cleanup step
Turn: Turn 22 (Ai(2)-Wilhelt Zombies B3)
Phase: Ai(2)-Wilhelt Zombies B3's Untap step
Phase: Ai(2)-Wilhelt Zombies B3's Upkeep step
Phase: Ai(2)-Wilhelt Zombies B3's Draw step
Phase: Ai(2)-Wilhelt Zombies B3's Main phase, precombat
Phase: Ai(2)-Wilhelt Zombies B3's Beginning of Combat Step
Phase: Ai(2)-Wilhelt Zombies B3's Declare Attackers Step
Combat: Ai(2)-Wilhelt Zombies B3 assigned Bird Token (417) and Shepherd of Rot (129) to attack Ai(3)-Wyleth Voltron B3.
Phase: Ai(2)-Wilhelt Zombies B3's Declare Blockers Step
Combat: Ai(3)-Wyleth Voltron B3 didn't block Bird Token (417).
Ai(3)-Wyleth Voltron B3 didn't block Shepherd of Rot (129).
Phase: Ai(2)-Wilhelt Zombies B3's First Strike Damage Step
Phase: Ai(2)-Wilhelt Zombies B3's Combat Damage Step
Damage: Bird Token (417) deals 2 combat damage to Ai(3)-Wyleth Voltron B3.
Damage: Shepherd of Rot (129) deals 1 combat damage to Ai(3)-Wyleth Voltron B3.
Life: Life: Ai(3)-Wyleth Voltron B3 20 > 17
Phase: Ai(2)-Wilhelt Zombies B3's End of Combat Step
Phase: Ai(2)-Wilhelt Zombies B3's Main phase, postcombat
Mana: Swamp (187) - {T}: Add {B}.
Mana: Island (153) - {T}: Add {U}.
Mana: Island (152) - {T}: Add {U}.
Mana: Island (154) - {T}: Add {U}.
Add To Stack: Ai(2)-Wilhelt Zombies B3 cast Gisa and Geralf
Resolve Stack: Gisa and Geralf - Creature 4 / 4
Add To Stack: Ai(2)-Wilhelt Zombies B3 triggered Gisa and Geralf
Zone Change: Ai(2)-Wilhelt Zombies B3 milled Night's Whisper (105), Ravenous Rotbelly (156), Temple of Deceit (112) and Charcoal Diamond (157).
Resolve Stack: When Gisa and Geralf enters, mill four cards. [Zone Changer: Gisa and Geralf (127)]
Phase: Ai(2)-Wilhelt Zombies B3's End step
Phase: Ai(2)-Wilhelt Zombies B3's Cleanup step
Turn: Turn 23 (Ai(3)-Wyleth Voltron B3)
Phase: Ai(3)-Wyleth Voltron B3's Untap step
Phase: Ai(3)-Wyleth Voltron B3's Upkeep step
Phase: Ai(3)-Wyleth Voltron B3's Draw step
Phase: Ai(3)-Wyleth Voltron B3's Main phase, precombat
Replacement Effect: Clifftop Retreat enters tapped unless you control a Mountain or a Plains.
Land: Ai(3)-Wyleth Voltron B3 played Clifftop Retreat (229)
Mana: Plains (265) - {T}: Add {W}.
Mana: Arcane Signet (298) - {T}: Add one mana of any color in your commander's color identity.
Mana: Mountain (289) - {T}: Add {R}.
Mana: Temple of Triumph (275) - {T}: Add {R} or {W}.
Add To Stack: Ai(3)-Wyleth Voltron B3 cast Wrath of God
Zone Change: Wyleth, Soul of Steel (301) was put into Graveyard from Battlefield.
Zone Change: Crypt Ghast (303) was put into Graveyard from Battlefield.
Zone Change: Drana, Liberator of Malakir (402) was put into Graveyard from Battlefield.
Zone Change: Kilo, Apogee Mind (100) was put into Graveyard from Battlefield.
Zone Change: Shepherd of Rot (129) was put into Graveyard from Battlefield.
Zone Change: Bird Token (417) was put into Graveyard from Battlefield.
Zone Change: Gisa and Geralf (127) was put into Graveyard from Battlefield.
Resolve Stack: Wrath of God (297) - Destroy all creatures. They can't be regenerated.
Phase: Ai(3)-Wyleth Voltron B3's Beginning of Combat Step
Phase: Ai(3)-Wyleth Voltron B3's Declare Attackers Step
Phase: Ai(3)-Wyleth Voltron B3's Declare Blockers Step
Phase: Ai(3)-Wyleth Voltron B3's First Strike Damage Step
Phase: Ai(3)-Wyleth Voltron B3's Combat Damage Step
Phase: Ai(3)-Wyleth Voltron B3's End of Combat Step
Phase: Ai(3)-Wyleth Voltron B3's Main phase, postcombat
Mana: Clifftop Retreat (229) - {T}: Add {R} or {W}.
Mana: Slayers' Stronghold (271) - {T}: Add {C}.
Mana: Inventors' Fair (203) - {T}: Add {C}.
Add To Stack: Ai(3)-Wyleth Voltron B3 cast Wheel of Fortune
Discard: Ai(1)-Kilo Helm Final discards Extinguisher Battleship (49).
Discard: Ai(1)-Kilo Helm Final discards Phyrexian Metamorph (24).
Discard: Ai(1)-Kilo Helm Final discards Lux Cannon (77).
Discard: Ai(1)-Kilo Helm Final discards Moxite Refinery (48).
Discard: Ai(1)-Kilo Helm Final discards Crystalline Crawler (72).
Discard: Ai(1)-Kilo Helm Final discards Uthros Research Craft (93).
Discard: Ai(2)-Wilhelt Zombies B3 discards Wight of the Reliquary (135).
Discard: Ai(2)-Wilhelt Zombies B3 discards Army of the Damned (133).
Discard: Ai(2)-Wilhelt Zombies B3 discards Endless Ranks of the Dead (132).
Discard: Ai(2)-Wilhelt Zombies B3 discards Victimize (125).
Discard: Ai(3)-Wyleth Voltron B3 discards Plains (259).
Discard: Ai(4)-Drana Vampires discards Night's Whisper (304).
Discard: Ai(4)-Drana Vampires discards Nirkana Revenant (336).
Discard: Ai(4)-Drana Vampires discards Languish (325).
Discard: Ai(4)-Drana Vampires discards Hero's Downfall (352).
Resolve Stack: Wheel of Fortune (219) - Ai(3)-Wyleth Voltron B3, Ai(4)-Drana Vampires, Ai(1)-Kilo Helm Final and Ai(2)-Wilhelt Zombies B3 discard their hands. Ai(3)-Wyleth Voltron B3, Ai(4)-Drana Vampires, Ai(1)-Kilo Helm Final and Ai(2)-Wilhelt Zombies B3 each draw seven cards.
Phase: Ai(3)-Wyleth Voltron B3's End step
Phase: Ai(3)-Wyleth Voltron B3's Cleanup step
Turn: Turn 24 (Ai(4)-Drana Vampires)
Phase: Ai(4)-Drana Vampires' Untap step
Phase: Ai(4)-Drana Vampires' Upkeep step
Phase: Ai(4)-Drana Vampires' Draw step
Phase: Ai(4)-Drana Vampires' Main phase, precombat
Land: Ai(4)-Drana Vampires played Swamp (364)
Phase: Ai(4)-Drana Vampires' Beginning of Combat Step
Phase: Ai(4)-Drana Vampires' Declare Attackers Step
Phase: Ai(4)-Drana Vampires' Declare Blockers Step
Phase: Ai(4)-Drana Vampires' First Strike Damage Step
Phase: Ai(4)-Drana Vampires' Combat Damage Step
Phase: Ai(4)-Drana Vampires' End of Combat Step
Phase: Ai(4)-Drana Vampires' Main phase, postcombat
Mana: Swamp (358) - {T}: Add {B}.
Mana: Swamp (360) - {T}: Add {B}.
Mana: Swamp (357) - {T}: Add {B}.
Mana: Swamp (389) - {T}: Add {B}.
Add To Stack: Ai(4)-Drana Vampires cast Erebos, God of the Dead
Resolve Stack: Erebos, God of the Dead - Creature 5 / 7
Mana: Swamp (392) - {T}: Add {B}.
Mana: Swamp (364) - {T}: Add {B}.
Life: Life: Ai(4)-Drana Vampires 50 > 48
Add To Stack: Ai(4)-Drana Vampires activated Erebos, God of the Dead
Resolve Stack: Erebos, God of the Dead (343) - Ai(4)-Drana Vampires draws a card.
Phase: Ai(4)-Drana Vampires' End step
Phase: Ai(4)-Drana Vampires' Cleanup step
Turn: Turn 25 (Ai(1)-Kilo Helm Final)
Phase: Ai(1)-Kilo Helm Final's Untap step
Phase: Ai(1)-Kilo Helm Final's Upkeep step
Phase: Ai(1)-Kilo Helm Final's Draw step
Phase: Ai(1)-Kilo Helm Final's Main phase, precombat
Land: Ai(1)-Kilo Helm Final played Adarkar Wastes (97)
Phase: Ai(1)-Kilo Helm Final's Beginning of Combat Step
Phase: Ai(1)-Kilo Helm Final's Declare Attackers Step
Phase: Ai(1)-Kilo Helm Final's Declare Blockers Step
Phase: Ai(1)-Kilo Helm Final's First Strike Damage Step
Phase: Ai(1)-Kilo Helm Final's Combat Damage Step
Phase: Ai(1)-Kilo Helm Final's End of Combat Step
Phase: Ai(1)-Kilo Helm Final's Main phase, postcombat
Mana: Radiant Summit (20) - {T}: Add {R}.
Mana: Ancient Den (89) - {T}: Add {W}.
Mana: Island (63) - {T}: Add {U}.
Mana: Arcane Signet (94) - {T}: Add one mana of any color in your commander's color identity.
Mana: Adarkar Wastes (97) - {T}: Add {C}.
Add To Stack: Ai(1)-Kilo Helm Final cast Alibou, Ancient Witness
Resolve Stack: Alibou, Ancient Witness - Creature 4 / 5
Phase: Ai(1)-Kilo Helm Final's End step
Phase: Ai(1)-Kilo Helm Final's Cleanup step
Turn: Turn 26 (Ai(2)-Wilhelt Zombies B3)
Phase: Ai(2)-Wilhelt Zombies B3's Untap step
Phase: Ai(2)-Wilhelt Zombies B3's Upkeep step
Phase: Ai(2)-Wilhelt Zombies B3's Draw step
Phase: Ai(2)-Wilhelt Zombies B3's Main phase, precombat
Land: Ai(2)-Wilhelt Zombies B3 played Island (141)
Phase: Ai(2)-Wilhelt Zombies B3's Beginning of Combat Step
Phase: Ai(2)-Wilhelt Zombies B3's Declare Attackers Step
Phase: Ai(2)-Wilhelt Zombies B3's Declare Blockers Step
Phase: Ai(2)-Wilhelt Zombies B3's First Strike Damage Step
Phase: Ai(2)-Wilhelt Zombies B3's Combat Damage Step
Phase: Ai(2)-Wilhelt Zombies B3's End of Combat Step
Phase: Ai(2)-Wilhelt Zombies B3's Main phase, postcombat
Mana: Island (153) - {T}: Add {U}.
Mana: Island (152) - {T}: Add {U}.
Mana: Island (154) - {T}: Add {U}.
Mana: Island (141) - {T}: Add {U}.
Mana: Swamp (187) - {T}: Add {B}.
Mana: Swamp (191) - {T}: Add {B}.
Add To Stack: Ai(2)-Wilhelt Zombies B3 cast Rooftop Storm
Resolve Stack: Rooftop Storm
Add To Stack: Ai(2)-Wilhelt Zombies B3 cast Wilhelt, the Rotcleaver
Resolve Stack: Wilhelt, the Rotcleaver - Creature 3 / 3
Add To Stack: Ai(2)-Wilhelt Zombies B3 cast Diregraf Colossus
Replacement Effect: Diregraf Colossus enters with a +1/+1 counter on it for each Zombie card in your graveyard.
Resolve Stack: Diregraf Colossus - Creature 2 / 2
Phase: Ai(2)-Wilhelt Zombies B3's End step
Add To Stack: Ai(2)-Wilhelt Zombies B3 triggered Wilhelt, the Rotcleaver
Resolve Stack: At the beginning of your end step, you may sacrifice a Zombie. If you do, draw a card. [Phase: Ai(2)-Wilhelt Zombies B3]
Phase: Ai(2)-Wilhelt Zombies B3's Cleanup step
Turn: Turn 27 (Ai(3)-Wyleth Voltron B3)
Phase: Ai(3)-Wyleth Voltron B3's Untap step
Phase: Ai(3)-Wyleth Voltron B3's Upkeep step
Mana: Plains (265) - {T}: Add {W}.
Mana: Mountain (289) - {T}: Add {R}.
Mana: Arcane Signet (298) - {T}: Add one mana of any color in your commander's color identity.
Add To Stack: Ai(3)-Wyleth Voltron B3 cast Whispersilk Cloak
Resolve Stack: Whispersilk Cloak
Mana: Temple of Triumph (275) - {T}: Add {R} or {W}.
Add To Stack: Ai(3)-Wyleth Voltron B3 cast Colossus Hammer
Resolve Stack: Colossus Hammer
Mana: Clifftop Retreat (229) - {T}: Add {R} or {W}.
Add To Stack: Ai(3)-Wyleth Voltron B3 cast Bloodforged Battle-Axe
Resolve Stack: Bloodforged Battle-Axe
Phase: Ai(3)-Wyleth Voltron B3's Draw step
Phase: Ai(3)-Wyleth Voltron B3's Main phase, precombat
Land: Ai(3)-Wyleth Voltron B3 played Plains (267)
Phase: Ai(3)-Wyleth Voltron B3's Beginning of Combat Step
Phase: Ai(3)-Wyleth Voltron B3's Declare Attackers Step
Phase: Ai(3)-Wyleth Voltron B3's Declare Blockers Step
Phase: Ai(3)-Wyleth Voltron B3's First Strike Damage Step
Phase: Ai(3)-Wyleth Voltron B3's Combat Damage Step
Phase: Ai(3)-Wyleth Voltron B3's End of Combat Step
Phase: Ai(3)-Wyleth Voltron B3's Main phase, postcombat
Phase: Ai(3)-Wyleth Voltron B3's End step
Phase: Ai(3)-Wyleth Voltron B3's Cleanup step
Turn: Turn 28 (Ai(4)-Drana Vampires)
Phase: Ai(4)-Drana Vampires' Untap step
Phase: Ai(4)-Drana Vampires' Upkeep step
Phase: Ai(4)-Drana Vampires' Draw step
Phase: Ai(4)-Drana Vampires' Main phase, precombat
Land: Ai(4)-Drana Vampires played Swamp (393)
Mana: Swamp (358) - {T}: Add {B}.
Mana: Swamp (360) - {T}: Add {B}.
Mana: Swamp (357) - {T}: Add {B}.
Mana: Swamp (389) - {T}: Add {B}.
Mana: Swamp (392) - {T}: Add {B}.
Add To Stack: Ai(4)-Drana Vampires cast Sengir Vampire
Resolve Stack: Sengir Vampire - Creature 4 / 4
Mana: Swamp (364) - {T}: Add {B}.
Mana: Swamp (393) - {T}: Add {B}.
Life: Life: Ai(4)-Drana Vampires 48 > 46
Add To Stack: Ai(4)-Drana Vampires activated Erebos, God of the Dead
Resolve Stack: Erebos, God of the Dead (343) - Ai(4)-Drana Vampires draws a card.
Phase: Ai(4)-Drana Vampires' Beginning of Combat Step
Phase: Ai(4)-Drana Vampires' Declare Attackers Step
Phase: Ai(4)-Drana Vampires' Declare Blockers Step
Phase: Ai(4)-Drana Vampires' First Strike Damage Step
Phase: Ai(4)-Drana Vampires' Combat Damage Step
Phase: Ai(4)-Drana Vampires' End of Combat Step
Phase: Ai(4)-Drana Vampires' Main phase, postcombat
Phase: Ai(4)-Drana Vampires' End step
Phase: Ai(4)-Drana Vampires' Cleanup step
Turn: Turn 29 (Ai(1)-Kilo Helm Final)
Phase: Ai(1)-Kilo Helm Final's Untap step
Phase: Ai(1)-Kilo Helm Final's Upkeep step
Add To Stack: Ai(1)-Kilo Helm Final triggered Inventors' Fair
Resolve Stack: At the beginning of your upkeep, if you control three or more artifacts, you gain 1 life. [Phase: Ai(1)-Kilo Helm Final]
Phase: Ai(1)-Kilo Helm Final's Draw step
Phase: Ai(1)-Kilo Helm Final's Main phase, precombat
Land: Ai(1)-Kilo Helm Final played Island (64)
Mana: Radiant Summit (20) - {T}: Add {R}.
Mana: Ancient Den (89) - {T}: Add {W}.
Mana: Island (63) - {T}: Add {U}.
Mana: Island (64) - {T}: Add {U}.
Mana: Arcane Signet (94) - {T}: Add one mana of any color in your commander's color identity.
Mana: Adarkar Wastes (97) - {T}: Add {C}.
Mana: Inventors' Fair (2) - {T}: Add {C}.
Add To Stack: Ai(1)-Kilo Helm Final cast Kilo, Apogee Mind
Resolve Stack: Kilo, Apogee Mind - Creature 3 / 3
Phase: Ai(1)-Kilo Helm Final's Beginning of Combat Step
Phase: Ai(1)-Kilo Helm Final's Declare Attackers Step
Phase: Ai(1)-Kilo Helm Final's Declare Blockers Step
Phase: Ai(1)-Kilo Helm Final's First Strike Damage Step
Phase: Ai(1)-Kilo Helm Final's Combat Damage Step
Phase: Ai(1)-Kilo Helm Final's End of Combat Step
Phase: Ai(1)-Kilo Helm Final's Main phase, postcombat
Phase: Ai(1)-Kilo Helm Final's End step
Phase: Ai(1)-Kilo Helm Final's Cleanup step
Turn: Turn 30 (Ai(2)-Wilhelt Zombies B3)
Phase: Ai(2)-Wilhelt Zombies B3's Untap step
Phase: Ai(2)-Wilhelt Zombies B3's Upkeep step
Phase: Ai(2)-Wilhelt Zombies B3's Draw step
Phase: Ai(2)-Wilhelt Zombies B3's Main phase, precombat
Land: Ai(2)-Wilhelt Zombies B3 played Island (139)
Add To Stack: Ai(2)-Wilhelt Zombies B3 cast Shambling Ghast
Add To Stack: Ai(2)-Wilhelt Zombies B3 triggered Diregraf Colossus
Resolve Stack: Whenever you cast a Zombie spell, create a tapped 2/2 black Zombie creature token. [Card: Shambling Ghast (137), Activator: Ai(2)-Wilhelt Zombies B3, SpellAbility: Shambling Ghast - Creature 1 / 1 (by paying {0} instead of its mana cost)]
Resolve Stack: Shambling Ghast - Creature 1 / 1
Mana: Swamp (187) - {T}: Add {B}.
Mana: Island (153) - {T}: Add {U}.
Mana: Island (152) - {T}: Add {U}.
Mana: Island (154) - {T}: Add {U}.
Mana: Island (141) - {T}: Add {U}.
Mana: Island (139) - {T}: Add {U}.
Mana: Swamp (191) - {T}: Add {B}.
Add To Stack: Ai(2)-Wilhelt Zombies B3 cast Dark Salvation targeting [Ai(2)-Wilhelt Zombies B3] [Sengir Vampire (319)]
Resolve Stack: Dark Salvation (164) - Target player creates X 2/2 black Zombie creature tokens, then up to one target creature gets -1/-1 until end of turn for each Zombie that player controls. (Targeting: Ai(2)-Wilhelt Zombies B3) Sengir Vampire (319) gets -7/-7  until end of turn. (X=3)
Zone Change: Sengir Vampire (319) was put into Graveyard from Battlefield.
Phase: Ai(2)-Wilhelt Zombies B3's Beginning of Combat Step
Phase: Ai(2)-Wilhelt Zombies B3's Declare Attackers Step
Combat: Ai(2)-Wilhelt Zombies B3 assigned Diregraf Colossus (122) and Wilhelt, the Rotcleaver (200) to attack Ai(3)-Wyleth Voltron B3.
Phase: Ai(2)-Wilhelt Zombies B3's Declare Blockers Step
Combat: Ai(3)-Wyleth Voltron B3 didn't block Diregraf Colossus (122).
Ai(3)-Wyleth Voltron B3 didn't block Wilhelt, the Rotcleaver (200).
Phase: Ai(2)-Wilhelt Zombies B3's First Strike Damage Step
Phase: Ai(2)-Wilhelt Zombies B3's Combat Damage Step
Damage: Diregraf Colossus (122) deals 5 combat damage to Ai(3)-Wyleth Voltron B3.
Damage: Wilhelt, the Rotcleaver (200) deals 3 combat damage to Ai(3)-Wyleth Voltron B3.
Life: Life: Ai(3)-Wyleth Voltron B3 17 > 9
Phase: Ai(2)-Wilhelt Zombies B3's End of Combat Step
Phase: Ai(2)-Wilhelt Zombies B3's Main phase, postcombat
Phase: Ai(2)-Wilhelt Zombies B3's End step
Add To Stack: Ai(2)-Wilhelt Zombies B3 triggered Wilhelt, the Rotcleaver
Resolve Stack: At the beginning of your end step, you may sacrifice a Zombie. If you do, draw a card. [Phase: Ai(2)-Wilhelt Zombies B3]
Phase: Ai(2)-Wilhelt Zombies B3's Cleanup step
Turn: Turn 31 (Ai(3)-Wyleth Voltron B3)
Phase: Ai(3)-Wyleth Voltron B3's Untap step
Phase: Ai(3)-Wyleth Voltron B3's Upkeep step
Add To Stack: Ai(3)-Wyleth Voltron B3 triggered Inventors' Fair
Resolve Stack: At the beginning of your upkeep, if you control three or more artifacts, you gain 1 life. [Phase: Ai(3)-Wyleth Voltron B3]
Phase: Ai(3)-Wyleth Voltron B3's Draw step
Phase: Ai(3)-Wyleth Voltron B3's Main phase, precombat
Land: Ai(3)-Wyleth Voltron B3 played Mountain (281)
Mana: Plains (265) - {T}: Add {W}.
Mana: Mountain (289) - {T}: Add {R}.
Mana: Mountain (281) - {T}: Add {R}.
Mana: Plains (267) - {T}: Add {W}.
Mana: Arcane Signet (298) - {T}: Add one mana of any color in your commander's color identity.
Add To Stack: Ai(3)-Wyleth Voltron B3 cast Wyleth, Soul of Steel
Resolve Stack: Wyleth, Soul of Steel - Creature 2 / 2
Mana: Temple of Triumph (275) - {T}: Add {R} or {W}.
Mana: Clifftop Retreat (229) - {T}: Add {R} or {W}.
Mana: Slayers' Stronghold (271) - {T}: Add {C}.
Add To Stack: Ai(3)-Wyleth Voltron B3 cast Chaos Warp targeting [Diregraf Colossus (122)]
Resolve Stack: Chaos Warp (234) - Shuffle Diregraf Colossus (122) into its owner's library. Ai(3)-Wyleth Voltron B3 reveals the top card of Ai(2)-Wilhelt Zombies B3's library.
Mana: Inventors' Fair (203) - {T}: Add {C}.
Add To Stack: Ai(3)-Wyleth Voltron B3 activated Swiftfoot Boots targeting [Wyleth, Soul of Steel (301)]
Resolve Stack: Swiftfoot Boots (210) -  Attach to Wyleth, Soul of Steel (301)
Phase: Ai(3)-Wyleth Voltron B3's Beginning of Combat Step
Phase: Ai(3)-Wyleth Voltron B3's Declare Attackers Step
Phase: Ai(3)-Wyleth Voltron B3's Declare Blockers Step
Phase: Ai(3)-Wyleth Voltron B3's First Strike Damage Step
Phase: Ai(3)-Wyleth Voltron B3's Combat Damage Step
Phase: Ai(3)-Wyleth Voltron B3's End of Combat Step
Phase: Ai(3)-Wyleth Voltron B3's Main phase, postcombat
Phase: Ai(3)-Wyleth Voltron B3's End step
Phase: Ai(3)-Wyleth Voltron B3's Cleanup step
Turn: Turn 32 (Ai(4)-Drana Vampires)
Phase: Ai(4)-Drana Vampires' Untap step
Phase: Ai(4)-Drana Vampires' Upkeep step
Phase: Ai(4)-Drana Vampires' Draw step
Phase: Ai(4)-Drana Vampires' Main phase, precombat
Land: Ai(4)-Drana Vampires played Swamp (380)
Mana: Swamp (358) - {T}: Add {B}.
Mana: Swamp (360) - {T}: Add {B}.
Mana: Swamp (357) - {T}: Add {B}.
Mana: Swamp (389) - {T}: Add {B}.
Add To Stack: Ai(4)-Drana Vampires cast Bloodline Keeper
Resolve Stack: Bloodline Keeper - Creature 3 / 3
Mana: Swamp (392) - {T}: Add {B}.
Add To Stack: Ai(4)-Drana Vampires cast Indulgent Aristocrat
Resolve Stack: Indulgent Aristocrat - Creature 1 / 1
Mana: Swamp (364) - {T}: Add {B}.
Mana: Swamp (393) - {T}: Add {B}.
Life: Life: Ai(4)-Drana Vampires 46 > 44
Add To Stack: Ai(4)-Drana Vampires activated Erebos, God of the Dead
Resolve Stack: Erebos, God of the Dead (343) - Ai(4)-Drana Vampires draws a card.
Phase: Ai(4)-Drana Vampires' Beginning of Combat Step
Phase: Ai(4)-Drana Vampires' Declare Attackers Step
Phase: Ai(4)-Drana Vampires' Declare Blockers Step
Phase: Ai(4)-Drana Vampires' First Strike Damage Step
Phase: Ai(4)-Drana Vampires' Combat Damage Step
Phase: Ai(4)-Drana Vampires' End of Combat Step
Phase: Ai(4)-Drana Vampires' Main phase, postcombat
Mana: Swamp (380) - {T}: Add {B}.
Add To Stack: Ai(4)-Drana Vampires cast Sol Ring
Resolve Stack: Sol Ring
Phase: Ai(4)-Drana Vampires' End step
Phase: Ai(4)-Drana Vampires' Cleanup step
Turn: Turn 33 (Ai(1)-Kilo Helm Final)
Phase: Ai(1)-Kilo Helm Final's Untap step
Phase: Ai(1)-Kilo Helm Final's Upkeep step
Add To Stack: Ai(1)-Kilo Helm Final triggered Inventors' Fair
Resolve Stack: At the beginning of your upkeep, if you control three or more artifacts, you gain 1 life. [Phase: Ai(1)-Kilo Helm Final]
Phase: Ai(1)-Kilo Helm Final's Draw step
Phase: Ai(1)-Kilo Helm Final's Main phase, precombat
Replacement Effect: Clifftop Retreat enters tapped unless you control a Mountain or a Plains.
Land: Ai(1)-Kilo Helm Final played Clifftop Retreat (26)
Mana: Island (63) - {T}: Add {U}.
Add To Stack: Ai(1)-Kilo Helm Final cast Emry, Lurker of the Loch
Resolve Stack: Emry, Lurker of the Loch - Creature 1 / 2
Add To Stack: Ai(1)-Kilo Helm Final triggered Emry, Lurker of the Loch
Zone Change: Ai(1)-Kilo Helm Final milled Sulfur Falls (18), Unwinding Clock (69), Everflowing Chalice (30) and Shivan Reef (34).
Resolve Stack: When Emry, Lurker of the Loch enters, mill four cards. [Zone Changer: Emry, Lurker of the Loch (47)]
Mana: Ancient Den (89) - {T}: Add {W}.
Mana: Island (64) - {T}: Add {U}.
Add To Stack: Ai(1)-Kilo Helm Final cast Steel Overseer
Resolve Stack: Steel Overseer - Creature 1 / 1
Phase: Ai(1)-Kilo Helm Final's Beginning of Combat Step
Phase: Ai(1)-Kilo Helm Final's Declare Attackers Step
Combat: Ai(1)-Kilo Helm Final assigned Alibou, Ancient Witness (71) and Kilo, Apogee Mind (100) to attack Ai(2)-Wilhelt Zombies B3.
Add To Stack: Ai(1)-Kilo Helm Final triggered Kilo, Apogee Mind
Add To Stack: Ai(1)-Kilo Helm Final triggered Alibou, Ancient Witness targeting [Ai(3)-Wyleth Voltron B3]
Damage: Alibou, Ancient Witness (71) deals 3 non-combat damage to Ai(3)-Wyleth Voltron B3.
Life: Life: Ai(3)-Wyleth Voltron B3 9 > 6
Resolve Stack: Ai(1)-Kilo Helm Final scried 2 card(s) to the top of the library and 1 card(s) to the bottom of the library
Resolve Stack: Whenever one or more artifact creatures you control attack, Alibou, Ancient Witness deals X damage to any target and you scry X, where X is the number of tapped artifacts you control. (Targeting: [[Ai(3)-Wyleth Voltron B3]]) [Number Attackers: [Alibou, Ancient Witness (71), Kilo, Apogee Mind (100)]]
Resolve Stack: Whenever Kilo becomes tapped, proliferate. (Choose any number of permanents and/or players, then give each another counter of each kind already there.) [Tapped: Kilo, Apogee Mind (100)]
Phase: Ai(1)-Kilo Helm Final's Declare Blockers Step
Combat: Ai(2)-Wilhelt Zombies B3 didn't block Alibou, Ancient Witness (71).
Ai(2)-Wilhelt Zombies B3 didn't block Kilo, Apogee Mind (100).
Add To Stack: Ai(1)-Kilo Helm Final activated Steel Overseer
Resolve Stack: Steel Overseer (3) - Put a +1/+1 counter on each valid permanent.
Phase: Ai(1)-Kilo Helm Final's First Strike Damage Step
Phase: Ai(1)-Kilo Helm Final's Combat Damage Step
Damage: Alibou, Ancient Witness (71) deals 5 combat damage to Ai(2)-Wilhelt Zombies B3.
Damage: Kilo, Apogee Mind (100) deals 4 combat damage to Ai(2)-Wilhelt Zombies B3.
Life: Life: Ai(2)-Wilhelt Zombies B3 29 > 20
Phase: Ai(1)-Kilo Helm Final's End of Combat Step
Phase: Ai(1)-Kilo Helm Final's Main phase, postcombat
Mana: Clifftop Retreat (26) - {T}: Add {R} or {W}.
Mana: Radiant Summit (20) - {T}: Add {R}.
Mana: Arcane Signet (94) - {T}: Add one mana of any color in your commander's color identity.
Mana: Adarkar Wastes (97) - {T}: Add {C}.
Zone Change: Inventors' Fair (2) was put into Graveyard from Battlefield.
Add To Stack: Ai(1)-Kilo Helm Final activated Inventors' Fair
Resolve Stack: Inventors' Fair (2) - Ai(1)-Kilo Helm Final searches their library for an artifact card, reveals it, puts it into their hand, then shuffles.
Phase: Ai(1)-Kilo Helm Final's End step
Phase: Ai(1)-Kilo Helm Final's Cleanup step
Turn: Turn 34 (Ai(2)-Wilhelt Zombies B3)
Phase: Ai(2)-Wilhelt Zombies B3's Untap step
Phase: Ai(2)-Wilhelt Zombies B3's Upkeep step
Phase: Ai(2)-Wilhelt Zombies B3's Draw step
Phase: Ai(2)-Wilhelt Zombies B3's Main phase, precombat
Phase: Ai(2)-Wilhelt Zombies B3's Beginning of Combat Step
Phase: Ai(2)-Wilhelt Zombies B3's Declare Attackers Step
Combat: Ai(2)-Wilhelt Zombies B3 assigned Wilhelt, the Rotcleaver (200), Zombie Token (443), Zombie Token (448), Zombie Token (449), Zombie Token (450) and Shambling Ghast (137) to attack Ai(3)-Wyleth Voltron B3.
Phase: Ai(2)-Wilhelt Zombies B3's Declare Blockers Step
Combat: Ai(3)-Wyleth Voltron B3 assigned Wyleth, Soul of Steel (301) to block Wilhelt, the Rotcleaver (200).
Ai(3)-Wyleth Voltron B3 didn't block Zombie Token (443).
Ai(3)-Wyleth Voltron B3 didn't block Zombie Token (448).
Ai(3)-Wyleth Voltron B3 didn't block Zombie Token (449).
Ai(3)-Wyleth Voltron B3 didn't block Zombie Token (450).
Ai(3)-Wyleth Voltron B3 didn't block Shambling Ghast (137).
Add To Stack: Ai(3)-Wyleth Voltron B3 cast Flawless Maneuver
Resolve Stack: Flawless Maneuver (206) - Creatures you control gain indestructible until end of turn.
Phase: Ai(2)-Wilhelt Zombies B3's First Strike Damage Step
Phase: Ai(2)-Wilhelt Zombies B3's Combat Damage Step
Damage: Wilhelt, the Rotcleaver (200) deals 3 damage to Wyleth, Soul of Steel (301).
Damage: Zombie Token (443) deals 2 combat damage to Ai(3)-Wyleth Voltron B3.
Damage: Zombie Token (448) deals 2 combat damage to Ai(3)-Wyleth Voltron B3.
Damage: Zombie Token (449) deals 2 combat damage to Ai(3)-Wyleth Voltron B3.
Damage: Zombie Token (450) deals 2 combat damage to Ai(3)-Wyleth Voltron B3.
Damage: Shambling Ghast (137) deals 1 combat damage to Ai(3)-Wyleth Voltron B3.
Damage: Wyleth, Soul of Steel (301) deals 2 damage to Wilhelt, the Rotcleaver (200).
Life: Life: Ai(3)-Wyleth Voltron B3 6 > -3
Phase: Ai(2)-Wilhelt Zombies B3's End of Combat Step
Phase: Ai(2)-Wilhelt Zombies B3's Main phase, postcombat
Land: Ai(2)-Wilhelt Zombies B3 played Unholy Grotto (117)
Mana: Island (153) - {T}: Add {U}.
Mana: Island (152) - {T}: Add {U}.
Mana: Island (154) - {T}: Add {U}.
Add To Stack: Ai(2)-Wilhelt Zombies B3 cast Ashnod's Altar
Resolve Stack: Ashnod's Altar
Mana: Swamp (187) - {T}: Add {B}.
Mana: Swamp (191) - {T}: Add {B}.
Add To Stack: Ai(2)-Wilhelt Zombies B3 cast Sign in Blood targeting [Ai(2)-Wilhelt Zombies B3]
Life: Life: Ai(2)-Wilhelt Zombies B3 20 > 18
Resolve Stack: Sign in Blood (160) - Ai(2)-Wilhelt Zombies B3 draws two cards. Ai(2)-Wilhelt Zombies B3 loses 2 life.
Add To Stack: Ai(2)-Wilhelt Zombies B3 cast Sibsig Icebreakers
Resolve Stack: Sibsig Icebreakers - Creature 2 / 3
Add To Stack: Ai(2)-Wilhelt Zombies B3 triggered Sibsig Icebreakers
Discard: Ai(1)-Kilo Helm Final discards Razortide Bridge (21).
Discard: Ai(2)-Wilhelt Zombies B3 discards Dimir Signet (104).
Discard: Ai(4)-Drana Vampires discards Swamp (386).
Resolve Stack: When Sibsig Icebreakers enters, each player discards a card. [Zone Changer: Sibsig Icebreakers (120)]
Add To Stack: Ai(2)-Wilhelt Zombies B3 cast Gleaming Overseer
Resolve Stack: Gleaming Overseer - Creature 1 / 4
Add To Stack: Ai(2)-Wilhelt Zombies B3 triggered Gleaming Overseer
Resolve Stack: When Gleaming Overseer enters, amass Zombies 1. (Put a +1/+1 counter on an Army you control. If you don't control one, create a 0/0 black Zombie Army creature token first.) [Zone Changer: Gleaming Overseer (130)]
Phase: Ai(2)-Wilhelt Zombies B3's End step
Add To Stack: Ai(2)-Wilhelt Zombies B3 triggered Wilhelt, the Rotcleaver
Resolve Stack: At the beginning of your end step, you may sacrifice a Zombie. If you do, draw a card. [Phase: Ai(2)-Wilhelt Zombies B3]
Phase: Ai(2)-Wilhelt Zombies B3's Cleanup step
Turn: Turn 35 (Ai(4)-Drana Vampires)
Phase: Ai(4)-Drana Vampires' Untap step
Phase: Ai(4)-Drana Vampires' Upkeep step
Mana: Swamp (358) - {T}: Add {B}.
Mana: Sol Ring (311) - {T}: Add {C}{C}.
Life: Life: Ai(4)-Drana Vampires 44 > 42
Add To Stack: Ai(4)-Drana Vampires activated Erebos, God of the Dead
Resolve Stack: Erebos, God of the Dead (343) - Ai(4)-Drana Vampires draws a card.
Mana: Swamp (360) - {T}: Add {B}.
Life: Life: Ai(4)-Drana Vampires 42 > 40
Add To Stack: Ai(4)-Drana Vampires activated Erebos, God of the Dead
Resolve Stack: Erebos, God of the Dead (343) - Ai(4)-Drana Vampires draws a card.
Mana: Swamp (357) - {T}: Add {B}.
Mana: Swamp (389) - {T}: Add {B}.
Life: Life: Ai(4)-Drana Vampires 40 > 38
Add To Stack: Ai(4)-Drana Vampires activated Erebos, God of the Dead
Resolve Stack: Erebos, God of the Dead (343) - Ai(4)-Drana Vampires draws a card.
Phase: Ai(4)-Drana Vampires' Draw step
Phase: Ai(4)-Drana Vampires' Main phase, precombat
Land: Ai(4)-Drana Vampires played Swamp (395)
Mana: Swamp (392) - {T}: Add {B}.
Mana: Swamp (364) - {T}: Add {B}.
Mana: Swamp (393) - {T}: Add {B}.
Mana: Swamp (380) - {T}: Add {B}.
Mana: Swamp (395) - {T}: Add {B}.
Add To Stack: Ai(4)-Drana Vampires cast Bloodlord of Vaasgoth
Resolve Stack: Bloodlord of Vaasgoth - Creature 3 / 3
Phase: Ai(4)-Drana Vampires' Beginning of Combat Step
Phase: Ai(4)-Drana Vampires' Declare Attackers Step
Combat: Ai(4)-Drana Vampires assigned Erebos, God of the Dead (343) and Bloodline Keeper (330) to attack Ai(2)-Wilhelt Zombies B3.
Phase: Ai(4)-Drana Vampires' Declare Blockers Step
Combat: Ai(2)-Wilhelt Zombies B3 didn't block Erebos, God of the Dead (343).
Ai(2)-Wilhelt Zombies B3 didn't block Bloodline Keeper (330).
Phase: Ai(4)-Drana Vampires' First Strike Damage Step
Phase: Ai(4)-Drana Vampires' Combat Damage Step
Damage: Erebos, God of the Dead (343) deals 5 combat damage to Ai(2)-Wilhelt Zombies B3.
Damage: Bloodline Keeper (330) deals 3 combat damage to Ai(2)-Wilhelt Zombies B3.
Life: Life: Ai(2)-Wilhelt Zombies B3 18 > 10
Phase: Ai(4)-Drana Vampires' End of Combat Step
Phase: Ai(4)-Drana Vampires' Main phase, postcombat
Phase: Ai(4)-Drana Vampires' End step
Phase: Ai(4)-Drana Vampires' Cleanup step
Turn: Turn 36 (Ai(1)-Kilo Helm Final)
Phase: Ai(1)-Kilo Helm Final's Untap step
Phase: Ai(1)-Kilo Helm Final's Upkeep step
Phase: Ai(1)-Kilo Helm Final's Draw step
Phase: Ai(1)-Kilo Helm Final's Main phase, precombat
Phase: Ai(1)-Kilo Helm Final's Beginning of Combat Step
Phase: Ai(1)-Kilo Helm Final's Declare Attackers Step
Combat: Ai(1)-Kilo Helm Final assigned Alibou, Ancient Witness (71) and Kilo, Apogee Mind (100) to attack Ai(2)-Wilhelt Zombies B3.
Add To Stack: Ai(1)-Kilo Helm Final triggered Kilo, Apogee Mind
Add To Stack: Ai(1)-Kilo Helm Final triggered Alibou, Ancient Witness targeting [Shambling Ghast (137)]
Damage: Alibou, Ancient Witness (71) deals 2 damage to Shambling Ghast (137).
Resolve Stack: Ai(1)-Kilo Helm Final scried 1 card(s) to the top of the library and 1 card(s) to the bottom of the library
Resolve Stack: Whenever one or more artifact creatures you control attack, Alibou, Ancient Witness deals X damage to any target and you scry X, where X is the number of tapped artifacts you control. (Targeting: [[Shambling Ghast (137)]]) [Number Attackers: [Alibou, Ancient Witness (71), Kilo, Apogee Mind (100)]]
Zone Change: Shambling Ghast (137) was put into Graveyard from Battlefield.
Add To Stack: Ai(2)-Wilhelt Zombies B3 triggered Shambling Ghast
Add To Stack: Ai(2)-Wilhelt Zombies B3 triggered Wilhelt, the Rotcleaver
Resolve Stack: Whenever another Zombie you control dies, if it didn't have decayed, create a 2/2 black Zombie creature token with decayed. (It can't block. When it attacks, sacrifice it at end of combat.) [Zone Changer: Shambling Ghast (137)]
Resolve Stack: When Shambling Ghast dies, search the Body — Create a Treasure token. [Zone Changer: Shambling Ghast (137)]
Resolve Stack: Whenever Kilo becomes tapped, proliferate. (Choose any number of permanents and/or players, then give each another counter of each kind already there.) [Tapped: Kilo, Apogee Mind (100)]
Phase: Ai(1)-Kilo Helm Final's Declare Blockers Step
Combat: Ai(2)-Wilhelt Zombies B3 assigned Zombie Army Token (465) to block Alibou, Ancient Witness (71).
Ai(2)-Wilhelt Zombies B3 didn't block Kilo, Apogee Mind (100).
Add To Stack: Ai(1)-Kilo Helm Final activated Steel Overseer
Resolve Stack: Steel Overseer (3) - Put a +1/+1 counter on each valid permanent.
Phase: Ai(1)-Kilo Helm Final's First Strike Damage Step
Phase: Ai(1)-Kilo Helm Final's Combat Damage Step
Damage: Alibou, Ancient Witness (71) deals 7 damage to Zombie Army Token (465).
Damage: Kilo, Apogee Mind (100) deals 6 combat damage to Ai(2)-Wilhelt Zombies B3.
Damage: Zombie Army Token (465) deals 1 damage to Alibou, Ancient Witness (71).
Life: Life: Ai(2)-Wilhelt Zombies B3 10 > 4
Zone Change: Zombie Army Token (465) was put into Graveyard from Battlefield.
Add To Stack: Ai(2)-Wilhelt Zombies B3 triggered Wilhelt, the Rotcleaver
Resolve Stack: Whenever another Zombie you control dies, if it didn't have decayed, create a 2/2 black Zombie creature token with decayed. (It can't block. When it attacks, sacrifice it at end of combat.) [Zone Changer: Zombie Army Token (465)]
Phase: Ai(1)-Kilo Helm Final's End of Combat Step
Phase: Ai(1)-Kilo Helm Final's Main phase, postcombat
Land: Ai(1)-Kilo Helm Final played Mountain (88)
Phase: Ai(1)-Kilo Helm Final's End step
Mana: Swamp (185) - {T}: Add {B}.
Add To Stack: Ai(2)-Wilhelt Zombies B3 activated Unholy Grotto targeting [Ravenous Rotbelly (156)]
Resolve Stack: Unholy Grotto (117) - Put Ravenous Rotbelly (156) from the graveyard on top of its owner's library.
Phase: Ai(1)-Kilo Helm Final's Cleanup step
Turn: Turn 37 (Ai(2)-Wilhelt Zombies B3)
Phase: Ai(2)-Wilhelt Zombies B3's Untap step
Phase: Ai(2)-Wilhelt Zombies B3's Upkeep step
Phase: Ai(2)-Wilhelt Zombies B3's Draw step
Phase: Ai(2)-Wilhelt Zombies B3's Main phase, precombat
Phase: Ai(2)-Wilhelt Zombies B3's Beginning of Combat Step
Phase: Ai(2)-Wilhelt Zombies B3's Declare Attackers Step
Phase: Ai(2)-Wilhelt Zombies B3's Declare Blockers Step
Phase: Ai(2)-Wilhelt Zombies B3's First Strike Damage Step
Phase: Ai(2)-Wilhelt Zombies B3's Combat Damage Step
Phase: Ai(2)-Wilhelt Zombies B3's End of Combat Step
Phase: Ai(2)-Wilhelt Zombies B3's Main phase, postcombat
Mana: Swamp (187) - {T}: Add {B}.
Mana: Swamp (191) - {T}: Add {B}.
Mana: Swamp (185) - {T}: Add {B}.
Mana: Island (153) - {T}: Add {U}.
Mana: Island (152) - {T}: Add {U}.
Mana: Island (154) - {T}: Add {U}.
Mana: Island (141) - {T}: Add {U}.
Mana: Island (139) - {T}: Add {U}.
Mana: Unholy Grotto (117) - {T}: Add {C}.
Zone Change: Treasure Token (482) was put into Graveyard from Battlefield.
Mana: Treasure Token (482) - {T}, Sacrifice this token: Add one mana of any color.
Add To Stack: Ai(2)-Wilhelt Zombies B3 cast Army of the Damned
Add To Stack: Ai(1)-Kilo Helm Final activated Emry, Lurker of the Loch targeting [Lux Cannon (77)]
Resolve Stack: Emry, Lurker of the Loch (47) - {T}: Choose target artifact card in your graveyard. You may cast that card this turn.
Resolve Stack: Army of the Damned (133) - Ai(2)-Wilhelt Zombies B3 creates thirteen tapped 2/2 black Zombie creature tokens.
Replacement Effect: Flashback {7}{B}{B}{B} (You may cast this card from your graveyard for its flashback cost. Then exile it.)
Phase: Ai(2)-Wilhelt Zombies B3's End step
Add To Stack: Ai(2)-Wilhelt Zombies B3 triggered Wilhelt, the Rotcleaver
Resolve Stack: At the beginning of your end step, you may sacrifice a Zombie. If you do, draw a card. [Phase: Ai(2)-Wilhelt Zombies B3]
Phase: Ai(2)-Wilhelt Zombies B3's Cleanup step
Turn: Turn 38 (Ai(4)-Drana Vampires)
Phase: Ai(4)-Drana Vampires' Untap step
Phase: Ai(4)-Drana Vampires' Upkeep step
Mana: Swamp (358) - {T}: Add {B}.
Mana: Sol Ring (311) - {T}: Add {C}{C}.
Life: Life: Ai(4)-Drana Vampires 38 > 36
Add To Stack: Ai(4)-Drana Vampires activated Erebos, God of the Dead
Resolve Stack: Erebos, God of the Dead (343) - Ai(4)-Drana Vampires draws a card.
Mana: Swamp (360) - {T}: Add {B}.
Mana: Swamp (357) - {T}: Add {B}.
Add To Stack: Ai(4)-Drana Vampires cast Urge to Feed targeting [Wilhelt, the Rotcleaver (200)]
Resolve Stack: Urge to Feed (350) - Wilhelt, the Rotcleaver (200) gets -3/-3  until end of turn. Tap Urge to Feed (350). Ai(4)-Drana Vampires puts a +1/+1 counter on . 
Zone Change: Wilhelt, the Rotcleaver (200) was put into Graveyard from Battlefield.
Mana: Swamp (389) - {T}: Add {B}.
Life: Life: Ai(4)-Drana Vampires 36 > 34
Add To Stack: Ai(4)-Drana Vampires activated Erebos, God of the Dead
Resolve Stack: Erebos, God of the Dead (343) - Ai(4)-Drana Vampires draws a card.
Phase: Ai(4)-Drana Vampires' Draw step
Phase: Ai(4)-Drana Vampires' Main phase, precombat
Land: Ai(4)-Drana Vampires played Swamp (384)
Mana: Swamp (392) - {T}: Add {B}.
Mana: Swamp (364) - {T}: Add {B}.
Mana: Swamp (393) - {T}: Add {B}.
Mana: Swamp (380) - {T}: Add {B}.
Mana: Swamp (395) - {T}: Add {B}.
Add To Stack: Ai(4)-Drana Vampires cast Black Market
Resolve Stack: Black Market
Phase: Ai(4)-Drana Vampires' Beginning of Combat Step
Phase: Ai(4)-Drana Vampires' Declare Attackers Step
Phase: Ai(4)-Drana Vampires' Declare Blockers Step
Phase: Ai(4)-Drana Vampires' First Strike Damage Step
Phase: Ai(4)-Drana Vampires' Combat Damage Step
Phase: Ai(4)-Drana Vampires' End of Combat Step
Phase: Ai(4)-Drana Vampires' Main phase, postcombat
Phase: Ai(4)-Drana Vampires' End step
Phase: Ai(4)-Drana Vampires' Cleanup step
Turn: Turn 39 (Ai(1)-Kilo Helm Final)
Phase: Ai(1)-Kilo Helm Final's Untap step
Phase: Ai(1)-Kilo Helm Final's Upkeep step
Phase: Ai(1)-Kilo Helm Final's Draw step
Phase: Ai(1)-Kilo Helm Final's Main phase, precombat
Land: Ai(1)-Kilo Helm Final played Seat of the Synod (85)
Phase: Ai(1)-Kilo Helm Final's Beginning of Combat Step
Phase: Ai(1)-Kilo Helm Final's Declare Attackers Step
Phase: Ai(1)-Kilo Helm Final's Declare Blockers Step
Phase: Ai(1)-Kilo Helm Final's First Strike Damage Step
Phase: Ai(1)-Kilo Helm Final's Combat Damage Step
Phase: Ai(1)-Kilo Helm Final's End of Combat Step
Phase: Ai(1)-Kilo Helm Final's Main phase, postcombat
Phase: Ai(1)-Kilo Helm Final's End step
Add To Stack: Ai(1)-Kilo Helm Final activated Steel Overseer
Resolve Stack: Steel Overseer (3) - Put a +1/+1 counter on each valid permanent.
Phase: Ai(1)-Kilo Helm Final's Cleanup step
Turn: Turn 40 (Ai(2)-Wilhelt Zombies B3)
Phase: Ai(2)-Wilhelt Zombies B3's Untap step
Phase: Ai(2)-Wilhelt Zombies B3's Upkeep step
Phase: Ai(2)-Wilhelt Zombies B3's Draw step
Phase: Ai(2)-Wilhelt Zombies B3's Main phase, precombat
Land: Ai(2)-Wilhelt Zombies B3 played Swamp (179)
Phase: Ai(2)-Wilhelt Zombies B3's Beginning of Combat Step
Phase: Ai(2)-Wilhelt Zombies B3's Declare Attackers Step
Combat: Ai(2)-Wilhelt Zombies B3 assigned Zombie Token (443), Zombie Token (448), Zombie Token (449), Zombie Token (450), Sibsig Icebreakers (120), Zombie Token (480), Zombie Token (485), Zombie Token (491), Zombie Token (492), Zombie Token (493), Zombie Token (494), Zombie Token (495), Zombie Token (496), Zombie Token (497), Zombie Token (498), Zombie Token (499), Zombie Token (500), Zombie Token (501), Zombie Token (502), Zombie Token (503) and Gleaming Overseer (130) to attack Ai(4)-Drana Vampires.
Add To Stack: Ai(2)-Wilhelt Zombies B3 triggered Zombie Token
Add To Stack: Ai(2)-Wilhelt Zombies B3 triggered Zombie Token
Resolve Stack: When a creature with decayed attacks, sacrifice it at end of combat. [Attacker: Zombie Token (485)]
Resolve Stack: When a creature with decayed attacks, sacrifice it at end of combat. [Attacker: Zombie Token (480)]
Phase: Ai(2)-Wilhelt Zombies B3's Declare Blockers Step
Combat: Ai(4)-Drana Vampires didn't block Zombie Token (443).
Ai(4)-Drana Vampires didn't block Zombie Token (448).
Ai(4)-Drana Vampires didn't block Zombie Token (449).
Ai(4)-Drana Vampires didn't block Zombie Token (450).
Ai(4)-Drana Vampires assigned Erebos, God of the Dead (343) to block Sibsig Icebreakers (120).
Ai(4)-Drana Vampires didn't block Zombie Token (480).
Ai(4)-Drana Vampires didn't block Zombie Token (485).
Ai(4)-Drana Vampires didn't block Zombie Token (491).
Ai(4)-Drana Vampires didn't block Zombie Token (492).
Ai(4)-Drana Vampires didn't block Zombie Token (493).
Ai(4)-Drana Vampires didn't block Zombie Token (494).
Ai(4)-Drana Vampires didn't block Zombie Token (495).
Ai(4)-Drana Vampires didn't block Zombie Token (496).
Ai(4)-Drana Vampires didn't block Zombie Token (497).
Ai(4)-Drana Vampires didn't block Zombie Token (498).
Ai(4)-Drana Vampires didn't block Zombie Token (499).
Ai(4)-Drana Vampires didn't block Zombie Token (500).
Ai(4)-Drana Vampires didn't block Zombie Token (501).
Ai(4)-Drana Vampires didn't block Zombie Token (502).
Ai(4)-Drana Vampires didn't block Zombie Token (503).
Ai(4)-Drana Vampires didn't block Gleaming Overseer (130).
Phase: Ai(2)-Wilhelt Zombies B3's First Strike Damage Step
Phase: Ai(2)-Wilhelt Zombies B3's Combat Damage Step
Damage: Zombie Token (443) deals 2 combat damage to Ai(4)-Drana Vampires.
Damage: Zombie Token (448) deals 2 combat damage to Ai(4)-Drana Vampires.
Damage: Zombie Token (449) deals 2 combat damage to Ai(4)-Drana Vampires.
Damage: Zombie Token (450) deals 2 combat damage to Ai(4)-Drana Vampires.
Damage: Sibsig Icebreakers (120) deals 2 damage to Erebos, God of the Dead (343).
Damage: Zombie Token (480) deals 2 combat damage to Ai(4)-Drana Vampires.
Damage: Zombie Token (485) deals 2 combat damage to Ai(4)-Drana Vampires.
Damage: Zombie Token (491) deals 2 combat damage to Ai(4)-Drana Vampires.
Damage: Zombie Token (492) deals 2 combat damage to Ai(4)-Drana Vampires.
Damage: Zombie Token (493) deals 2 combat damage to Ai(4)-Drana Vampires.
Damage: Zombie Token (494) deals 2 combat damage to Ai(4)-Drana Vampires.
Damage: Zombie Token (495) deals 2 combat damage to Ai(4)-Drana Vampires.
Damage: Zombie Token (496) deals 2 combat damage to Ai(4)-Drana Vampires.
Damage: Zombie Token (497) deals 2 combat damage to Ai(4)-Drana Vampires.
Damage: Zombie Token (498) deals 2 combat damage to Ai(4)-Drana Vampires.
Damage: Zombie Token (499) deals 2 combat damage to Ai(4)-Drana Vampires.
Damage: Zombie Token (500) deals 2 combat damage to Ai(4)-Drana Vampires.
Damage: Zombie Token (501) deals 2 combat damage to Ai(4)-Drana Vampires.
Damage: Zombie Token (502) deals 2 combat damage to Ai(4)-Drana Vampires.
Damage: Zombie Token (503) deals 2 combat damage to Ai(4)-Drana Vampires.
Damage: Gleaming Overseer (130) deals 1 combat damage to Ai(4)-Drana Vampires.
Damage: Erebos, God of the Dead (343) deals 5 damage to Sibsig Icebreakers (120).
Life: Life: Ai(4)-Drana Vampires 34 > -5
Zone Change: Sibsig Icebreakers (120) was put into Graveyard from Battlefield.
Phase: Ai(2)-Wilhelt Zombies B3's End of Combat Step
Add To Stack: Ai(2)-Wilhelt Zombies B3 triggered Zombie Token
Add To Stack: Ai(2)-Wilhelt Zombies B3 triggered Zombie Token
Zone Change: Zombie Token (480) was put into Graveyard from Battlefield.
Resolve Stack: At end of combat, sacrifice Zombie Token. [Phase: Ai(2)-Wilhelt Zombies B3]
Zone Change: Zombie Token (485) was put into Graveyard from Battlefield.
Resolve Stack: At end of combat, sacrifice Zombie Token. [Phase: Ai(2)-Wilhelt Zombies B3]
Phase: Ai(2)-Wilhelt Zombies B3's Main phase, postcombat
Mana: Island (153) - {T}: Add {U}.
Mana: Island (152) - {T}: Add {U}.
Add To Stack: Ai(2)-Wilhelt Zombies B3 cast Wilhelt, the Rotcleaver
Add To Stack: Ai(1)-Kilo Helm Final activated Emry, Lurker of the Loch targeting [Lux Cannon (77)]
Resolve Stack: Emry, Lurker of the Loch (47) - {T}: Choose target artifact card in your graveyard. You may cast that card this turn.
Resolve Stack: Wilhelt, the Rotcleaver - Creature 3 / 3
Phase: Ai(2)-Wilhelt Zombies B3's End step
Add To Stack: Ai(2)-Wilhelt Zombies B3 triggered Wilhelt, the Rotcleaver
Resolve Stack: At the beginning of your end step, you may sacrifice a Zombie. If you do, draw a card. [Phase: Ai(2)-Wilhelt Zombies B3]
Phase: Ai(2)-Wilhelt Zombies B3's Cleanup step
Turn: Turn 41 (Ai(1)-Kilo Helm Final)
Phase: Ai(1)-Kilo Helm Final's Untap step
Phase: Ai(1)-Kilo Helm Final's Upkeep step
Phase: Ai(1)-Kilo Helm Final's Draw step
Phase: Ai(1)-Kilo Helm Final's Main phase, precombat
Phase: Ai(1)-Kilo Helm Final's Beginning of Combat Step
Phase: Ai(1)-Kilo Helm Final's Declare Attackers Step
Combat: Ai(1)-Kilo Helm Final assigned Alibou, Ancient Witness (71), Kilo, Apogee Mind (100), Steel Overseer (3) and Emry, Lurker of the Loch (47) to attack Ai(2)-Wilhelt Zombies B3.
Add To Stack: Ai(1)-Kilo Helm Final triggered Kilo, Apogee Mind
Add To Stack: Ai(1)-Kilo Helm Final triggered Alibou, Ancient Witness targeting [Ai(2)-Wilhelt Zombies B3]
Damage: Alibou, Ancient Witness (71) deals 3 non-combat damage to Ai(2)-Wilhelt Zombies B3.
Life: Life: Ai(2)-Wilhelt Zombies B3 4 > 1
Resolve Stack: Ai(1)-Kilo Helm Final scried 1 card(s) to the top of the library and 2 card(s) to the bottom of the library
Resolve Stack: Whenever one or more artifact creatures you control attack, Alibou, Ancient Witness deals X damage to any target and you scry X, where X is the number of tapped artifacts you control. (Targeting: [[Ai(2)-Wilhelt Zombies B3]]) [Number Attackers: [Alibou, Ancient Witness (71), Kilo, Apogee Mind (100), Steel Overseer (3)]]
Resolve Stack: Whenever Kilo becomes tapped, proliferate. (Choose any number of permanents and/or players, then give each another counter of each kind already there.) [Tapped: Kilo, Apogee Mind (100)]
Phase: Ai(1)-Kilo Helm Final's Declare Blockers Step
Combat: Ai(2)-Wilhelt Zombies B3 assigned Wilhelt, the Rotcleaver (200) to block Alibou, Ancient Witness (71).
Ai(2)-Wilhelt Zombies B3 didn't block Kilo, Apogee Mind (100).
Ai(2)-Wilhelt Zombies B3 didn't block Steel Overseer (3).
Ai(2)-Wilhelt Zombies B3 didn't block Emry, Lurker of the Loch (47).
Phase: Ai(1)-Kilo Helm Final's First Strike Damage Step
Phase: Ai(1)-Kilo Helm Final's Combat Damage Step
Damage: Alibou, Ancient Witness (71) deals 9 damage to Wilhelt, the Rotcleaver (200).
Damage: Kilo, Apogee Mind (100) deals 8 combat damage to Ai(2)-Wilhelt Zombies B3.
Damage: Steel Overseer (3) deals 6 combat damage to Ai(2)-Wilhelt Zombies B3.
Damage: Emry, Lurker of the Loch (47) deals 1 combat damage to Ai(2)-Wilhelt Zombies B3.
Damage: Wilhelt, the Rotcleaver (200) deals 3 damage to Alibou, Ancient Witness (71).
Life: Life: Ai(2)-Wilhelt Zombies B3 1 > -14
Player Control: Ai(1)-Kilo Helm Final has restored control over themself
Player Control: Ai(2)-Wilhelt Zombies B3 has restored control over themself
Player Control: Ai(3)-Wyleth Voltron B3 has restored control over themself
Player Control: Ai(4)-Drana Vampires has restored control over themself
Game Outcome: Turn 21
Game Outcome: Ai(1)-Kilo Helm Final has won because all opponents have lost
Game Outcome: Ai(2)-Wilhelt Zombies B3 has lost because life total reached 0
Game Outcome: Ai(3)-Wyleth Voltron B3 has lost because life total reached 0
Game Outcome: Ai(4)-Drana Vampires has lost because life total reached 0
Match Result: Ai(1)-Kilo Helm Final: 2 Ai(2)-Wilhelt Zombies B3: 0 Ai(3)-Wyleth Voltron B3: 1 Ai(4)-Drana Vampires: 4 

Game Result: Game 7 ended in 80332 ms. Ai(1)-Kilo Helm Final has won!

Warning: default (ie. inherited from base class) implementation of confirmAction is used by Drana, Liberator of Malakir for forge.ai.ability.PermanentCreatureAi. Consider declaring an overloaded method
Warning: default (ie. inherited from base class) implementation of confirmAction is used by Wilhelt, the Rotcleaver for forge.ai.ability.PermanentCreatureAi. Consider declaring an overloaded method
Warning: default (ie. inherited from base class) implementation of confirmAction is used by Wyleth, Soul of Steel for forge.ai.ability.PermanentCreatureAi. Consider declaring an overloaded method
Warning: default (ie. inherited from base class) implementation of confirmAction is used by Drana, Liberator of Malakir for forge.ai.ability.PermanentCreatureAi. Consider declaring an overloaded method
Warning: default (ie. inherited from base class) implementation of confirmAction is used by Drana, Liberator of Malakir for forge.ai.ability.PermanentCreatureAi. Consider declaring an overloaded method
Warning: default (ie. inherited from base class) implementation of confirmAction is used by Wyleth, Soul of Steel for forge.ai.ability.PermanentCreatureAi. Consider declaring an overloaded method
Warning: default (ie. inherited from base class) implementation of confirmAction is used by Drana, Liberator of Malakir for forge.ai.ability.PermanentCreatureAi. Consider declaring an overloaded method
Warning: default (ie. inherited from base class) implementation of confirmAction is used by Wyleth, Soul of Steel for forge.ai.ability.PermanentCreatureAi. Consider declaring an overloaded method
Warning: default (ie. inherited from base class) implementation of confirmAction is used by Drana, Liberator of Malakir for forge.ai.ability.PermanentCreatureAi. Consider declaring an overloaded method
Mulligan: Ai(2)-Wilhelt Zombies B3 has kept a hand of 7 cards
Mulligan: Ai(3)-Wyleth Voltron B3 has kept a hand of 7 cards
Mulligan: Ai(4)-Drana Vampires has kept a hand of 7 cards
Mulligan: Ai(1)-Kilo Helm Final has kept a hand of 7 cards
Turn: Turn 1 (Ai(2)-Wilhelt Zombies B3)
Phase: Ai(2)-Wilhelt Zombies B3's Untap step
Phase: Ai(2)-Wilhelt Zombies B3's Upkeep step
Phase: Ai(2)-Wilhelt Zombies B3's Draw step
Phase: Ai(2)-Wilhelt Zombies B3's Main phase, precombat
Land: Ai(2)-Wilhelt Zombies B3 played Swamp (172)
Phase: Ai(2)-Wilhelt Zombies B3's Beginning of Combat Step
Phase: Ai(2)-Wilhelt Zombies B3's Declare Attackers Step
Phase: Ai(2)-Wilhelt Zombies B3's Declare Blockers Step
Phase: Ai(2)-Wilhelt Zombies B3's First Strike Damage Step
Phase: Ai(2)-Wilhelt Zombies B3's Combat Damage Step
Phase: Ai(2)-Wilhelt Zombies B3's End of Combat Step
Phase: Ai(2)-Wilhelt Zombies B3's Main phase, postcombat
Phase: Ai(2)-Wilhelt Zombies B3's End step
Phase: Ai(2)-Wilhelt Zombies B3's Cleanup step
Turn: Turn 2 (Ai(3)-Wyleth Voltron B3)
Phase: Ai(3)-Wyleth Voltron B3's Untap step
Phase: Ai(3)-Wyleth Voltron B3's Upkeep step
Phase: Ai(3)-Wyleth Voltron B3's Draw step
Phase: Ai(3)-Wyleth Voltron B3's Main phase, precombat
Land: Ai(3)-Wyleth Voltron B3 played Plains (260)
Phase: Ai(3)-Wyleth Voltron B3's Beginning of Combat Step
Phase: Ai(3)-Wyleth Voltron B3's Declare Attackers Step
Phase: Ai(3)-Wyleth Voltron B3's Declare Blockers Step
Phase: Ai(3)-Wyleth Voltron B3's First Strike Damage Step
Phase: Ai(3)-Wyleth Voltron B3's Combat Damage Step
Phase: Ai(3)-Wyleth Voltron B3's End of Combat Step
Phase: Ai(3)-Wyleth Voltron B3's Main phase, postcombat
Mana: Plains (260) - {T}: Add {W}.
Add To Stack: Ai(3)-Wyleth Voltron B3 cast Kor Duelist
Resolve Stack: Kor Duelist - Creature 1 / 1
Phase: Ai(3)-Wyleth Voltron B3's End step
Phase: Ai(3)-Wyleth Voltron B3's Cleanup step
Turn: Turn 3 (Ai(4)-Drana Vampires)
Phase: Ai(4)-Drana Vampires' Untap step
Phase: Ai(4)-Drana Vampires' Upkeep step
Phase: Ai(4)-Drana Vampires' Draw step
Phase: Ai(4)-Drana Vampires' Main phase, precombat
Land: Ai(4)-Drana Vampires played Swamp (357)
Phase: Ai(4)-Drana Vampires' Beginning of Combat Step
Phase: Ai(4)-Drana Vampires' Declare Attackers Step
Phase: Ai(4)-Drana Vampires' Declare Blockers Step
Phase: Ai(4)-Drana Vampires' First Strike Damage Step
Phase: Ai(4)-Drana Vampires' Combat Damage Step
Phase: Ai(4)-Drana Vampires' End of Combat Step
Phase: Ai(4)-Drana Vampires' Main phase, postcombat
Mana: Swamp (357) - {T}: Add {B}.
Add To Stack: Ai(4)-Drana Vampires cast Sol Ring
Resolve Stack: Sol Ring
Phase: Ai(4)-Drana Vampires' End step
Phase: Ai(4)-Drana Vampires' Cleanup step
Turn: Turn 4 (Ai(1)-Kilo Helm Final)
Phase: Ai(1)-Kilo Helm Final's Untap step
Phase: Ai(1)-Kilo Helm Final's Upkeep step
Phase: Ai(1)-Kilo Helm Final's Draw step
Phase: Ai(1)-Kilo Helm Final's Main phase, precombat
Land: Ai(1)-Kilo Helm Final played Island (64)
Phase: Ai(1)-Kilo Helm Final's Beginning of Combat Step
Phase: Ai(1)-Kilo Helm Final's Declare Attackers Step
Phase: Ai(1)-Kilo Helm Final's Declare Blockers Step
Phase: Ai(1)-Kilo Helm Final's First Strike Damage Step
Phase: Ai(1)-Kilo Helm Final's Combat Damage Step
Phase: Ai(1)-Kilo Helm Final's End of Combat Step
Phase: Ai(1)-Kilo Helm Final's Main phase, postcombat
Phase: Ai(1)-Kilo Helm Final's End step
Phase: Ai(1)-Kilo Helm Final's Cleanup step
Turn: Turn 5 (Ai(2)-Wilhelt Zombies B3)
Phase: Ai(2)-Wilhelt Zombies B3's Untap step
Phase: Ai(2)-Wilhelt Zombies B3's Upkeep step
Phase: Ai(2)-Wilhelt Zombies B3's Draw step
Phase: Ai(2)-Wilhelt Zombies B3's Main phase, precombat
Land: Ai(2)-Wilhelt Zombies B3 played Island (148)
Phase: Ai(2)-Wilhelt Zombies B3's Beginning of Combat Step
Phase: Ai(2)-Wilhelt Zombies B3's Declare Attackers Step
Phase: Ai(2)-Wilhelt Zombies B3's Declare Blockers Step
Phase: Ai(2)-Wilhelt Zombies B3's First Strike Damage Step
Phase: Ai(2)-Wilhelt Zombies B3's Combat Damage Step
Phase: Ai(2)-Wilhelt Zombies B3's End of Combat Step
Phase: Ai(2)-Wilhelt Zombies B3's Main phase, postcombat
Phase: Ai(2)-Wilhelt Zombies B3's End step
Phase: Ai(2)-Wilhelt Zombies B3's Cleanup step
Turn: Turn 6 (Ai(3)-Wyleth Voltron B3)
Phase: Ai(3)-Wyleth Voltron B3's Untap step
Phase: Ai(3)-Wyleth Voltron B3's Upkeep step
Phase: Ai(3)-Wyleth Voltron B3's Draw step
Phase: Ai(3)-Wyleth Voltron B3's Main phase, precombat
Mana: Plains (260) - {T}: Add {W}.
Add To Stack: Ai(3)-Wyleth Voltron B3 cast Shadowspear
Resolve Stack: Shadowspear
Land: Ai(3)-Wyleth Voltron B3 played Mountain (289)
Phase: Ai(3)-Wyleth Voltron B3's Beginning of Combat Step
Phase: Ai(3)-Wyleth Voltron B3's Declare Attackers Step
Combat: Ai(3)-Wyleth Voltron B3 assigned Kor Duelist (268) to attack Ai(4)-Drana Vampires.
Phase: Ai(3)-Wyleth Voltron B3's Declare Blockers Step
Combat: Ai(4)-Drana Vampires didn't block Kor Duelist (268).
Phase: Ai(3)-Wyleth Voltron B3's First Strike Damage Step
Phase: Ai(3)-Wyleth Voltron B3's Combat Damage Step
Damage: Kor Duelist (268) deals 1 combat damage to Ai(4)-Drana Vampires.
Life: Life: Ai(4)-Drana Vampires 40 > 39
Phase: Ai(3)-Wyleth Voltron B3's End of Combat Step
Phase: Ai(3)-Wyleth Voltron B3's Main phase, postcombat
Phase: Ai(3)-Wyleth Voltron B3's End step
Phase: Ai(3)-Wyleth Voltron B3's Cleanup step
Turn: Turn 7 (Ai(4)-Drana Vampires)
Phase: Ai(4)-Drana Vampires' Untap step
Phase: Ai(4)-Drana Vampires' Upkeep step
Phase: Ai(4)-Drana Vampires' Draw step
Phase: Ai(4)-Drana Vampires' Main phase, precombat
Land: Ai(4)-Drana Vampires played Swamp (384)
Mana: Swamp (357) - {T}: Add {B}.
Mana: Sol Ring (311) - {T}: Add {C}{C}.
Add To Stack: Ai(4)-Drana Vampires cast Read the Bones
Resolve Stack: Ai(4)-Drana Vampires scried 2 card(s) to the bottom of the library
Life: Life: Ai(4)-Drana Vampires 39 > 37
Resolve Stack: Read the Bones (309) - Ai(4)-Drana Vampires scries 2. Ai(4)-Drana Vampires draws two cards. Ai(4)-Drana Vampires loses 2 life.
Phase: Ai(4)-Drana Vampires' Beginning of Combat Step
Phase: Ai(4)-Drana Vampires' Declare Attackers Step
Phase: Ai(4)-Drana Vampires' Declare Blockers Step
Phase: Ai(4)-Drana Vampires' First Strike Damage Step
Phase: Ai(4)-Drana Vampires' Combat Damage Step
Phase: Ai(4)-Drana Vampires' End of Combat Step
Phase: Ai(4)-Drana Vampires' Main phase, postcombat
Phase: Ai(4)-Drana Vampires' End step
Phase: Ai(4)-Drana Vampires' Cleanup step
Turn: Turn 8 (Ai(1)-Kilo Helm Final)
Phase: Ai(1)-Kilo Helm Final's Untap step
Phase: Ai(1)-Kilo Helm Final's Upkeep step
Phase: Ai(1)-Kilo Helm Final's Draw step
Phase: Ai(1)-Kilo Helm Final's Main phase, precombat
Land: Ai(1)-Kilo Helm Final played Mountain (88)
Phase: Ai(1)-Kilo Helm Final's Beginning of Combat Step
Phase: Ai(1)-Kilo Helm Final's Declare Attackers Step
Phase: Ai(1)-Kilo Helm Final's Declare Blockers Step
Phase: Ai(1)-Kilo Helm Final's First Strike Damage Step
Phase: Ai(1)-Kilo Helm Final's Combat Damage Step
Phase: Ai(1)-Kilo Helm Final's End of Combat Step
Phase: Ai(1)-Kilo Helm Final's Main phase, postcombat
Mana: Island (64) - {T}: Add {U}.
Mana: Mountain (88) - {T}: Add {R}.
Add To Stack: Ai(1)-Kilo Helm Final cast Walking Ballista
Replacement Effect: Walking Ballista enters with X +1/+1 counters on it.
Resolve Stack: Walking Ballista - Creature 0 / 0 (X=1)
Phase: Ai(1)-Kilo Helm Final's End step
Phase: Ai(1)-Kilo Helm Final's Cleanup step
Turn: Turn 9 (Ai(2)-Wilhelt Zombies B3)
Phase: Ai(2)-Wilhelt Zombies B3's Untap step
Phase: Ai(2)-Wilhelt Zombies B3's Upkeep step
Phase: Ai(2)-Wilhelt Zombies B3's Draw step
Phase: Ai(2)-Wilhelt Zombies B3's Main phase, precombat
Land: Ai(2)-Wilhelt Zombies B3 played Swamp (174)
Phase: Ai(2)-Wilhelt Zombies B3's Beginning of Combat Step
Phase: Ai(2)-Wilhelt Zombies B3's Declare Attackers Step
Phase: Ai(2)-Wilhelt Zombies B3's Declare Blockers Step
Phase: Ai(2)-Wilhelt Zombies B3's First Strike Damage Step
Phase: Ai(2)-Wilhelt Zombies B3's Combat Damage Step
Phase: Ai(2)-Wilhelt Zombies B3's End of Combat Step
Phase: Ai(2)-Wilhelt Zombies B3's Main phase, postcombat
Mana: Swamp (172) - {T}: Add {B}.
Mana: Swamp (174) - {T}: Add {B}.
Add To Stack: Ai(2)-Wilhelt Zombies B3 cast Undead Augur
Resolve Stack: Undead Augur - Creature 2 / 2
Phase: Ai(2)-Wilhelt Zombies B3's End step
Phase: Ai(2)-Wilhelt Zombies B3's Cleanup step
Turn: Turn 10 (Ai(3)-Wyleth Voltron B3)
Phase: Ai(3)-Wyleth Voltron B3's Untap step
Phase: Ai(3)-Wyleth Voltron B3's Upkeep step
Phase: Ai(3)-Wyleth Voltron B3's Draw step
Phase: Ai(3)-Wyleth Voltron B3's Main phase, precombat
Land: Ai(3)-Wyleth Voltron B3 played Plains (265)
Mana: Mountain (289) - {T}: Add {R}.
Mana: Plains (260) - {T}: Add {W}.
Add To Stack: Ai(3)-Wyleth Voltron B3 activated Shadowspear targeting [Kor Duelist (268)]
Resolve Stack: Shadowspear (211) -  Attach to Kor Duelist (268)
Phase: Ai(3)-Wyleth Voltron B3's Beginning of Combat Step
Phase: Ai(3)-Wyleth Voltron B3's Declare Attackers Step
Combat: Ai(3)-Wyleth Voltron B3 assigned Kor Duelist (268) to attack Ai(2)-Wilhelt Zombies B3.
Phase: Ai(3)-Wyleth Voltron B3's Declare Blockers Step
Combat: Ai(2)-Wilhelt Zombies B3 didn't block Kor Duelist (268).
Phase: Ai(3)-Wyleth Voltron B3's First Strike Damage Step
Damage: Kor Duelist (268) deals 2 combat damage to Ai(2)-Wilhelt Zombies B3.
Life: Life: Ai(3)-Wyleth Voltron B3 40 > 42
Life: Life: Ai(2)-Wilhelt Zombies B3 40 > 38
Phase: Ai(3)-Wyleth Voltron B3's Combat Damage Step
Damage: Kor Duelist (268) deals 2 combat damage to Ai(2)-Wilhelt Zombies B3.
Life: Life: Ai(3)-Wyleth Voltron B3 42 > 44
Life: Life: Ai(2)-Wilhelt Zombies B3 38 > 36
Phase: Ai(3)-Wyleth Voltron B3's End of Combat Step
Phase: Ai(3)-Wyleth Voltron B3's Main phase, postcombat
Mana: Plains (265) - {T}: Add {W}.
Add To Stack: Ai(3)-Wyleth Voltron B3 cast Steelshaper's Gift
Resolve Stack: Steelshaper's Gift (240) - Ai(3)-Wyleth Voltron B3 searches their library for an Equipment card, reveals it, puts it into their hand, then shuffles.
Phase: Ai(3)-Wyleth Voltron B3's End step
Phase: Ai(3)-Wyleth Voltron B3's Cleanup step
Turn: Turn 11 (Ai(4)-Drana Vampires)
Phase: Ai(4)-Drana Vampires' Untap step
Phase: Ai(4)-Drana Vampires' Upkeep step
Mana: Swamp (357) - {T}: Add {B}.
Mana: Sol Ring (311) - {T}: Add {C}{C}.
Mana: Swamp (384) - {T}: Add {B}.
Add To Stack: Ai(4)-Drana Vampires cast Tendrils of Corruption targeting [Undead Augur (109)]
Damage: Tendrils of Corruption (346) deals 2 damage to Undead Augur (109).
Life: Life: Ai(4)-Drana Vampires 37 > 39
Resolve Stack: Tendrils of Corruption (346) - Tendrils of Corruption (346) deals 2 damage to Undead Augur (109). Ai(4)-Drana Vampires gains 2 life.
Zone Change: Undead Augur (109) was put into Graveyard from Battlefield.
Add To Stack: Ai(2)-Wilhelt Zombies B3 triggered Undead Augur
Life: Life: Ai(2)-Wilhelt Zombies B3 36 > 35
Resolve Stack: Whenever Undead Augur or another Zombie you control dies, you draw a card and you lose 1 life. [Zone Changer: Undead Augur (109)]
Phase: Ai(4)-Drana Vampires' Draw step
Phase: Ai(4)-Drana Vampires' Main phase, precombat
Phase: Ai(4)-Drana Vampires' Beginning of Combat Step
Phase: Ai(4)-Drana Vampires' Declare Attackers Step
Phase: Ai(4)-Drana Vampires' Declare Blockers Step
Phase: Ai(4)-Drana Vampires' First Strike Damage Step
Phase: Ai(4)-Drana Vampires' Combat Damage Step
Phase: Ai(4)-Drana Vampires' End of Combat Step
Phase: Ai(4)-Drana Vampires' Main phase, postcombat
Land: Ai(4)-Drana Vampires played Swamp (375)
Phase: Ai(4)-Drana Vampires' End step
Phase: Ai(4)-Drana Vampires' Cleanup step
Turn: Turn 12 (Ai(1)-Kilo Helm Final)
Phase: Ai(1)-Kilo Helm Final's Untap step
Phase: Ai(1)-Kilo Helm Final's Upkeep step
Phase: Ai(1)-Kilo Helm Final's Draw step
Phase: Ai(1)-Kilo Helm Final's Main phase, precombat
Land: Ai(1)-Kilo Helm Final played Inventors' Fair (2)
Phase: Ai(1)-Kilo Helm Final's Beginning of Combat Step
Phase: Ai(1)-Kilo Helm Final's Declare Attackers Step
Combat: Ai(1)-Kilo Helm Final assigned Walking Ballista (36) to attack Ai(3)-Wyleth Voltron B3.
Phase: Ai(1)-Kilo Helm Final's Declare Blockers Step
Combat: Ai(3)-Wyleth Voltron B3 didn't block Walking Ballista (36).
Phase: Ai(1)-Kilo Helm Final's First Strike Damage Step
Phase: Ai(1)-Kilo Helm Final's Combat Damage Step
Damage: Walking Ballista (36) deals 1 combat damage to Ai(3)-Wyleth Voltron B3.
Life: Life: Ai(3)-Wyleth Voltron B3 44 > 43
Phase: Ai(1)-Kilo Helm Final's End of Combat Step
Phase: Ai(1)-Kilo Helm Final's Main phase, postcombat
Mana: Mountain (88) - {T}: Add {R}.
Mana: Island (64) - {T}: Add {U}.
Add To Stack: Ai(1)-Kilo Helm Final cast Hangarback Walker
Replacement Effect: Hangarback Walker enters with X +1/+1 counters on it.
Resolve Stack: Hangarback Walker - Creature 0 / 0 (X=1)
Phase: Ai(1)-Kilo Helm Final's End step
Phase: Ai(1)-Kilo Helm Final's Cleanup step
Turn: Turn 13 (Ai(2)-Wilhelt Zombies B3)
Phase: Ai(2)-Wilhelt Zombies B3's Untap step
Phase: Ai(2)-Wilhelt Zombies B3's Upkeep step
Phase: Ai(2)-Wilhelt Zombies B3's Draw step
Phase: Ai(2)-Wilhelt Zombies B3's Main phase, precombat
Land: Ai(2)-Wilhelt Zombies B3 played Command Tower (113)
Phase: Ai(2)-Wilhelt Zombies B3's Beginning of Combat Step
Phase: Ai(2)-Wilhelt Zombies B3's Declare Attackers Step
Phase: Ai(2)-Wilhelt Zombies B3's Declare Blockers Step
Phase: Ai(2)-Wilhelt Zombies B3's First Strike Damage Step
Phase: Ai(2)-Wilhelt Zombies B3's Combat Damage Step
Phase: Ai(2)-Wilhelt Zombies B3's End of Combat Step
Phase: Ai(2)-Wilhelt Zombies B3's Main phase, postcombat
Mana: Island (148) - {T}: Add {U}.
Mana: Swamp (172) - {T}: Add {B}.
Mana: Swamp (174) - {T}: Add {B}.
Mana: Command Tower (113) - {T}: Add one mana of any color in your commander's color identity.
Add To Stack: Ai(2)-Wilhelt Zombies B3 cast Wilhelt, the Rotcleaver
Resolve Stack: Wilhelt, the Rotcleaver - Creature 3 / 3
Phase: Ai(2)-Wilhelt Zombies B3's End step
Add To Stack: Ai(2)-Wilhelt Zombies B3 triggered Wilhelt, the Rotcleaver
Resolve Stack: At the beginning of your end step, you may sacrifice a Zombie. If you do, draw a card. [Phase: Ai(2)-Wilhelt Zombies B3]
Phase: Ai(2)-Wilhelt Zombies B3's Cleanup step
Turn: Turn 14 (Ai(3)-Wyleth Voltron B3)
Phase: Ai(3)-Wyleth Voltron B3's Untap step
Phase: Ai(3)-Wyleth Voltron B3's Upkeep step
Phase: Ai(3)-Wyleth Voltron B3's Draw step
Phase: Ai(3)-Wyleth Voltron B3's Main phase, precombat
Mana: Plains (260) - {T}: Add {W}.
Mana: Plains (265) - {T}: Add {W}.
Mana: Mountain (289) - {T}: Add {R}.
Add To Stack: Ai(3)-Wyleth Voltron B3 cast Maul of the Skyclaves
Resolve Stack: Maul of the Skyclaves
Add To Stack: Ai(3)-Wyleth Voltron B3 triggered Maul of the Skyclaves targeting [Kor Duelist (268)]
Resolve Stack: When Maul of the Skyclaves enters, attach it to target creature you control. (Targeting: [[Kor Duelist (268)]]) [Zone Changer: Maul of the Skyclaves (239)]
Phase: Ai(3)-Wyleth Voltron B3's Beginning of Combat Step
Phase: Ai(3)-Wyleth Voltron B3's Declare Attackers Step
Combat: Ai(3)-Wyleth Voltron B3 assigned Kor Duelist (268) to attack Ai(1)-Kilo Helm Final.
Phase: Ai(3)-Wyleth Voltron B3's Declare Blockers Step
Combat: Ai(1)-Kilo Helm Final didn't block Kor Duelist (268).
Phase: Ai(3)-Wyleth Voltron B3's First Strike Damage Step
Damage: Kor Duelist (268) deals 4 combat damage to Ai(1)-Kilo Helm Final.
Life: Life: Ai(3)-Wyleth Voltron B3 43 > 47
Life: Life: Ai(1)-Kilo Helm Final 40 > 36
Phase: Ai(3)-Wyleth Voltron B3's Combat Damage Step
Damage: Kor Duelist (268) deals 4 combat damage to Ai(1)-Kilo Helm Final.
Life: Life: Ai(3)-Wyleth Voltron B3 47 > 51
Life: Life: Ai(1)-Kilo Helm Final 36 > 32
Phase: Ai(3)-Wyleth Voltron B3's End of Combat Step
Phase: Ai(3)-Wyleth Voltron B3's Main phase, postcombat
Replacement Effect: Wind-Scarred Crag enters tapped.
Land: Ai(3)-Wyleth Voltron B3 played Wind-Scarred Crag (231)
Add To Stack: Ai(3)-Wyleth Voltron B3 triggered Wind-Scarred Crag
Life: Life: Ai(3)-Wyleth Voltron B3 51 > 52
Resolve Stack: When Wind-Scarred Crag enters, you gain 1 life. [Zone Changer: Wind-Scarred Crag (231)]
Phase: Ai(3)-Wyleth Voltron B3's End step
Phase: Ai(3)-Wyleth Voltron B3's Cleanup step
Turn: Turn 15 (Ai(4)-Drana Vampires)
Phase: Ai(4)-Drana Vampires' Untap step
Phase: Ai(4)-Drana Vampires' Upkeep step
Mana: Swamp (357) - {T}: Add {B}.
Mana: Swamp (384) - {T}: Add {B}.
Add To Stack: Ai(4)-Drana Vampires cast Victim of Night targeting [Kor Duelist (268)]
Zone Change: Kor Duelist (268) was put into Graveyard from Battlefield.
Resolve Stack: Victim of Night (318) - Destroy Kor Duelist (268).
Phase: Ai(4)-Drana Vampires' Draw step
Phase: Ai(4)-Drana Vampires' Main phase, precombat
Land: Ai(4)-Drana Vampires played Swamp (365)
Phase: Ai(4)-Drana Vampires' Beginning of Combat Step
Phase: Ai(4)-Drana Vampires' Declare Attackers Step
Phase: Ai(4)-Drana Vampires' Declare Blockers Step
Phase: Ai(4)-Drana Vampires' First Strike Damage Step
Phase: Ai(4)-Drana Vampires' Combat Damage Step
Phase: Ai(4)-Drana Vampires' End of Combat Step
Phase: Ai(4)-Drana Vampires' Main phase, postcombat
Mana: Swamp (375) - {T}: Add {B}.
Mana: Swamp (365) - {T}: Add {B}.
Mana: Sol Ring (311) - {T}: Add {C}{C}.
Add To Stack: Ai(4)-Drana Vampires cast Drana, Liberator of Malakir
Resolve Stack: Drana, Liberator of Malakir - Creature 2 / 3
Phase: Ai(4)-Drana Vampires' End step
Phase: Ai(4)-Drana Vampires' Cleanup step
Turn: Turn 16 (Ai(1)-Kilo Helm Final)
Phase: Ai(1)-Kilo Helm Final's Untap step
Phase: Ai(1)-Kilo Helm Final's Upkeep step
Phase: Ai(1)-Kilo Helm Final's Draw step
Phase: Ai(1)-Kilo Helm Final's Main phase, precombat
Land: Ai(1)-Kilo Helm Final played Mountain (87)
Phase: Ai(1)-Kilo Helm Final's Beginning of Combat Step
Phase: Ai(1)-Kilo Helm Final's Declare Attackers Step
Phase: Ai(1)-Kilo Helm Final's Declare Blockers Step
Phase: Ai(1)-Kilo Helm Final's First Strike Damage Step
Phase: Ai(1)-Kilo Helm Final's Combat Damage Step
Phase: Ai(1)-Kilo Helm Final's End of Combat Step
Phase: Ai(1)-Kilo Helm Final's Main phase, postcombat
Mana: Mountain (88) - {T}: Add {R}.
Mana: Mountain (87) - {T}: Add {R}.
Mana: Island (64) - {T}: Add {U}.
Add To Stack: Ai(1)-Kilo Helm Final cast Cloud Key
Replacement Effect: As Cloud Key enters, choose artifact, creature, enchantment, instant, or sorcery.
Resolve Stack: Cloud Key
Phase: Ai(1)-Kilo Helm Final's End step
Phase: Ai(1)-Kilo Helm Final's Cleanup step
Turn: Turn 17 (Ai(2)-Wilhelt Zombies B3)
Phase: Ai(2)-Wilhelt Zombies B3's Untap step
Phase: Ai(2)-Wilhelt Zombies B3's Upkeep step
Phase: Ai(2)-Wilhelt Zombies B3's Draw step
Phase: Ai(2)-Wilhelt Zombies B3's Main phase, precombat
Replacement Effect: As Watery Grave enters, you may pay 2 life. If you don't, it enters tapped.
Land: Ai(2)-Wilhelt Zombies B3 played Watery Grave (106)
Mana: Swamp (172) - {T}: Add {B}.
Mana: Swamp (174) - {T}: Add {B}.
Mana: Island (148) - {T}: Add {U}.
Mana: Command Tower (113) - {T}: Add one mana of any color in your commander's color identity.
Add To Stack: Ai(2)-Wilhelt Zombies B3 cast Undead Warchief
Resolve Stack: Undead Warchief - Creature 1 / 1
Phase: Ai(2)-Wilhelt Zombies B3's Beginning of Combat Step
Phase: Ai(2)-Wilhelt Zombies B3's Declare Attackers Step
Combat: Ai(2)-Wilhelt Zombies B3 assigned Wilhelt, the Rotcleaver (200) to attack Ai(1)-Kilo Helm Final.
Phase: Ai(2)-Wilhelt Zombies B3's Declare Blockers Step
Combat: Ai(1)-Kilo Helm Final didn't block Wilhelt, the Rotcleaver (200).
Phase: Ai(2)-Wilhelt Zombies B3's First Strike Damage Step
Phase: Ai(2)-Wilhelt Zombies B3's Combat Damage Step
Damage: Wilhelt, the Rotcleaver (200) deals 5 combat damage to Ai(1)-Kilo Helm Final.
Life: Life: Ai(1)-Kilo Helm Final 32 > 27
Phase: Ai(2)-Wilhelt Zombies B3's End of Combat Step
Phase: Ai(2)-Wilhelt Zombies B3's Main phase, postcombat
Phase: Ai(2)-Wilhelt Zombies B3's End step
Add To Stack: Ai(2)-Wilhelt Zombies B3 triggered Wilhelt, the Rotcleaver
Resolve Stack: At the beginning of your end step, you may sacrifice a Zombie. If you do, draw a card. [Phase: Ai(2)-Wilhelt Zombies B3]
Phase: Ai(2)-Wilhelt Zombies B3's Cleanup step
Turn: Turn 18 (Ai(3)-Wyleth Voltron B3)
Phase: Ai(3)-Wyleth Voltron B3's Untap step
Phase: Ai(3)-Wyleth Voltron B3's Upkeep step
Phase: Ai(3)-Wyleth Voltron B3's Draw step
Phase: Ai(3)-Wyleth Voltron B3's Main phase, precombat
Land: Ai(3)-Wyleth Voltron B3 played Mountain (285)
Phase: Ai(3)-Wyleth Voltron B3's Beginning of Combat Step
Phase: Ai(3)-Wyleth Voltron B3's Declare Attackers Step
Phase: Ai(3)-Wyleth Voltron B3's Declare Blockers Step
Phase: Ai(3)-Wyleth Voltron B3's First Strike Damage Step
Phase: Ai(3)-Wyleth Voltron B3's Combat Damage Step
Phase: Ai(3)-Wyleth Voltron B3's End of Combat Step
Phase: Ai(3)-Wyleth Voltron B3's Main phase, postcombat
Mana: Plains (260) - {T}: Add {W}.
Mana: Mountain (289) - {T}: Add {R}.
Mana: Plains (265) - {T}: Add {W}.
Add To Stack: Ai(3)-Wyleth Voltron B3 cast Wyleth, Soul of Steel
Resolve Stack: Wyleth, Soul of Steel - Creature 2 / 2
Mana: Mountain (285) - {T}: Add {R}.
Mana: Wind-Scarred Crag (231) - {T}: Add {R} or {W}.
Add To Stack: Ai(3)-Wyleth Voltron B3 cast Fellwar Stone
Resolve Stack: Fellwar Stone
Phase: Ai(3)-Wyleth Voltron B3's End step
Phase: Ai(3)-Wyleth Voltron B3's Cleanup step
Turn: Turn 19 (Ai(4)-Drana Vampires)
Phase: Ai(4)-Drana Vampires' Untap step
Phase: Ai(4)-Drana Vampires' Upkeep step
Phase: Ai(4)-Drana Vampires' Draw step
Phase: Ai(4)-Drana Vampires' Main phase, precombat
Land: Ai(4)-Drana Vampires played Swamp (391)
Phase: Ai(4)-Drana Vampires' Beginning of Combat Step
Phase: Ai(4)-Drana Vampires' Declare Attackers Step
Combat: Ai(4)-Drana Vampires assigned Drana, Liberator of Malakir (402) to attack Ai(2)-Wilhelt Zombies B3.
Phase: Ai(4)-Drana Vampires' Declare Blockers Step
Combat: Ai(2)-Wilhelt Zombies B3 didn't block Drana, Liberator of Malakir (402).
Phase: Ai(4)-Drana Vampires' First Strike Damage Step
Damage: Drana, Liberator of Malakir (402) deals 2 combat damage to Ai(2)-Wilhelt Zombies B3.
Life: Life: Ai(2)-Wilhelt Zombies B3 35 > 33
Add To Stack: Ai(4)-Drana Vampires triggered Drana, Liberator of Malakir
Resolve Stack: Whenever Drana, Liberator of Malakir deals combat damage to a player, put a +1/+1 counter on each attacking creature you control. [Damage Source: Drana, Liberator of Malakir (402), Damaged: Ai(2)-Wilhelt Zombies B3, Amount: 2]
Phase: Ai(4)-Drana Vampires' Combat Damage Step
Phase: Ai(4)-Drana Vampires' End of Combat Step
Phase: Ai(4)-Drana Vampires' Main phase, postcombat
Mana: Swamp (357) - {T}: Add {B}.
Mana: Sol Ring (311) - {T}: Add {C}{C}.
Add To Stack: Ai(4)-Drana Vampires cast Barony Vampire
Resolve Stack: Barony Vampire - Creature 3 / 2
Mana: Swamp (384) - {T}: Add {B}.
Mana: Swamp (375) - {T}: Add {B}.
Add To Stack: Ai(4)-Drana Vampires cast Zulaport Cutthroat
Resolve Stack: Zulaport Cutthroat - Creature 1 / 1
Mana: Swamp (365) - {T}: Add {B}.
Mana: Swamp (391) - {T}: Add {B}.
Add To Stack: Ai(4)-Drana Vampires cast Blood Artist
Resolve Stack: Blood Artist - Creature 0 / 1
Phase: Ai(4)-Drana Vampires' End step
Mana: Inventors' Fair (2) - {T}: Add {C}.
Add To Stack: Ai(1)-Kilo Helm Final activated Hangarback Walker
Resolve Stack: Hangarback Walker (70) - Ai(1)-Kilo Helm Final puts a +1/+1 counter on Hangarback Walker (70).
Phase: Ai(4)-Drana Vampires' Cleanup step
Turn: Turn 20 (Ai(1)-Kilo Helm Final)
Phase: Ai(1)-Kilo Helm Final's Untap step
Phase: Ai(1)-Kilo Helm Final's Upkeep step
Add To Stack: Ai(1)-Kilo Helm Final triggered Inventors' Fair
Life: Life: Ai(1)-Kilo Helm Final 27 > 28
Resolve Stack: At the beginning of your upkeep, if you control three or more artifacts, you gain 1 life. [Phase: Ai(1)-Kilo Helm Final]
Phase: Ai(1)-Kilo Helm Final's Draw step
Phase: Ai(1)-Kilo Helm Final's Main phase, precombat
Phase: Ai(1)-Kilo Helm Final's Beginning of Combat Step
Phase: Ai(1)-Kilo Helm Final's Declare Attackers Step
Phase: Ai(1)-Kilo Helm Final's Declare Blockers Step
Phase: Ai(1)-Kilo Helm Final's First Strike Damage Step
Phase: Ai(1)-Kilo Helm Final's Combat Damage Step
Phase: Ai(1)-Kilo Helm Final's End of Combat Step
Phase: Ai(1)-Kilo Helm Final's Main phase, postcombat
Mana: Island (64) - {T}: Add {U}.
Mana: Mountain (88) - {T}: Add {R}.
Mana: Mountain (87) - {T}: Add {R}.
Add To Stack: Ai(1)-Kilo Helm Final cast Thought Monitor
Resolve Stack: Thought Monitor - Creature 2 / 2
Add To Stack: Ai(1)-Kilo Helm Final triggered Thought Monitor
Resolve Stack: When Thought Monitor enters, draw two cards. [Zone Changer: Thought Monitor (95)]
Phase: Ai(1)-Kilo Helm Final's End step
Phase: Ai(1)-Kilo Helm Final's Cleanup step
Turn: Turn 21 (Ai(2)-Wilhelt Zombies B3)
Phase: Ai(2)-Wilhelt Zombies B3's Untap step
Phase: Ai(2)-Wilhelt Zombies B3's Upkeep step
Phase: Ai(2)-Wilhelt Zombies B3's Draw step
Phase: Ai(2)-Wilhelt Zombies B3's Main phase, precombat
Mana: Swamp (172) - {T}: Add {B}.
Mana: Island (148) - {T}: Add {U}.
Add To Stack: Ai(2)-Wilhelt Zombies B3 cast Feed the Swarm targeting [Drana, Liberator of Malakir (402)]
Zone Change: Drana, Liberator of Malakir (402) was put into Graveyard from Battlefield.
Life: Life: Ai(2)-Wilhelt Zombies B3 33 > 30
Resolve Stack: Feed the Swarm (131) - Destroy Drana, Liberator of Malakir (402). Ai(2)-Wilhelt Zombies B3 loses 3 life.
Add To Stack: Ai(4)-Drana Vampires triggered Zulaport Cutthroat
Add To Stack: Ai(4)-Drana Vampires triggered Blood Artist targeting [Ai(1)-Kilo Helm Final]
Life: Life: Ai(1)-Kilo Helm Final 28 > 27
Life: Life: Ai(4)-Drana Vampires 39 > 40
Resolve Stack: Whenever Blood Artist or another creature dies, target player loses 1 life and you gain 1 life. (Targeting: [[Ai(1)-Kilo Helm Final]]) [Zone Changer: Drana, Liberator of Malakir (402)]
Life: Life: Ai(2)-Wilhelt Zombies B3 30 > 29
Life: Life: Ai(3)-Wyleth Voltron B3 52 > 51
Life: Life: Ai(1)-Kilo Helm Final 27 > 26
Life: Life: Ai(4)-Drana Vampires 40 > 41
Resolve Stack: Whenever Zulaport Cutthroat or another creature you control dies, each opponent loses 1 life and you gain 1 life. [Zone Changer: Drana, Liberator of Malakir (402)]
Phase: Ai(2)-Wilhelt Zombies B3's Beginning of Combat Step
Phase: Ai(2)-Wilhelt Zombies B3's Declare Attackers Step
Combat: Ai(2)-Wilhelt Zombies B3 assigned Wilhelt, the Rotcleaver (200) to attack Ai(1)-Kilo Helm Final.
Phase: Ai(2)-Wilhelt Zombies B3's Declare Blockers Step
Combat: Ai(1)-Kilo Helm Final didn't block Wilhelt, the Rotcleaver (200).
Phase: Ai(2)-Wilhelt Zombies B3's First Strike Damage Step
Phase: Ai(2)-Wilhelt Zombies B3's Combat Damage Step
Damage: Wilhelt, the Rotcleaver (200) deals 5 combat damage to Ai(1)-Kilo Helm Final.
Life: Life: Ai(1)-Kilo Helm Final 26 > 21
Phase: Ai(2)-Wilhelt Zombies B3's End of Combat Step
Phase: Ai(2)-Wilhelt Zombies B3's Main phase, postcombat
Land: Ai(2)-Wilhelt Zombies B3 played Island (149)
Mana: Swamp (174) - {T}: Add {B}.
Mana: Island (149) - {T}: Add {U}.
Add To Stack: Ai(2)-Wilhelt Zombies B3 cast Sky Diamond
Replacement Effect: Sky Diamond enters tapped.
Resolve Stack: Sky Diamond
Phase: Ai(2)-Wilhelt Zombies B3's End step
Add To Stack: Ai(2)-Wilhelt Zombies B3 triggered Wilhelt, the Rotcleaver
Resolve Stack: At the beginning of your end step, you may sacrifice a Zombie. If you do, draw a card. [Phase: Ai(2)-Wilhelt Zombies B3]
Phase: Ai(2)-Wilhelt Zombies B3's Cleanup step
Turn: Turn 22 (Ai(3)-Wyleth Voltron B3)
Phase: Ai(3)-Wyleth Voltron B3's Untap step
Phase: Ai(3)-Wyleth Voltron B3's Upkeep step
Phase: Ai(3)-Wyleth Voltron B3's Draw step
Phase: Ai(3)-Wyleth Voltron B3's Main phase, precombat
Land: Ai(3)-Wyleth Voltron B3 played Plains (263)
Mana: Plains (260) - {T}: Add {W}.
Mana: Plains (265) - {T}: Add {W}.
Mana: Fellwar Stone (230) - {T}: Add one mana of any color that a land an opponent controls could produce.
Mana: Plains (263) - {T}: Add {W}.
Add To Stack: Ai(3)-Wyleth Voltron B3 activated Maul of the Skyclaves targeting [Wyleth, Soul of Steel (301)]
Resolve Stack: Maul of the Skyclaves (239) -  Attach to Wyleth, Soul of Steel (301)
Mana: Mountain (289) - {T}: Add {R}.
Mana: Mountain (285) - {T}: Add {R}.
Add To Stack: Ai(3)-Wyleth Voltron B3 activated Shadowspear targeting [Wyleth, Soul of Steel (301)]
Resolve Stack: Shadowspear (211) -  Attach to Wyleth, Soul of Steel (301)
Phase: Ai(3)-Wyleth Voltron B3's Beginning of Combat Step
Phase: Ai(3)-Wyleth Voltron B3's Declare Attackers Step
Combat: Ai(3)-Wyleth Voltron B3 assigned Wyleth, Soul of Steel (301) to attack Ai(1)-Kilo Helm Final.
Add To Stack: Ai(3)-Wyleth Voltron B3 triggered Wyleth, Soul of Steel
Resolve Stack: Whenever Wyleth, Soul of Steel attacks, draw a card for each Aura and Equipment attached to it. [Attacker: Wyleth, Soul of Steel (301)]
Phase: Ai(3)-Wyleth Voltron B3's Declare Blockers Step
Combat: Ai(1)-Kilo Helm Final didn't block Wyleth, Soul of Steel (301).
Phase: Ai(3)-Wyleth Voltron B3's First Strike Damage Step
Damage: Wyleth, Soul of Steel (301) deals 5 combat damage to Ai(1)-Kilo Helm Final.
Life: Life: Ai(3)-Wyleth Voltron B3 51 > 56
Life: Life: Ai(1)-Kilo Helm Final 21 > 16
Phase: Ai(3)-Wyleth Voltron B3's Combat Damage Step
Phase: Ai(3)-Wyleth Voltron B3's End of Combat Step
Phase: Ai(3)-Wyleth Voltron B3's Main phase, postcombat
Phase: Ai(3)-Wyleth Voltron B3's End step
Phase: Ai(3)-Wyleth Voltron B3's Cleanup step
Turn: Turn 23 (Ai(4)-Drana Vampires)
Phase: Ai(4)-Drana Vampires' Untap step
Phase: Ai(4)-Drana Vampires' Upkeep step
Phase: Ai(4)-Drana Vampires' Draw step
Phase: Ai(4)-Drana Vampires' Main phase, precombat
Phase: Ai(4)-Drana Vampires' Beginning of Combat Step
Phase: Ai(4)-Drana Vampires' Declare Attackers Step
Combat: Ai(4)-Drana Vampires assigned Barony Vampire (312) and Zulaport Cutthroat (323) to attack Ai(3)-Wyleth Voltron B3.
Phase: Ai(4)-Drana Vampires' Declare Blockers Step
Combat: Ai(3)-Wyleth Voltron B3 didn't block Barony Vampire (312).
Ai(3)-Wyleth Voltron B3 didn't block Zulaport Cutthroat (323).
Phase: Ai(4)-Drana Vampires' First Strike Damage Step
Phase: Ai(4)-Drana Vampires' Combat Damage Step
Damage: Barony Vampire (312) deals 3 combat damage to Ai(3)-Wyleth Voltron B3.
Damage: Zulaport Cutthroat (323) deals 1 combat damage to Ai(3)-Wyleth Voltron B3.
Life: Life: Ai(3)-Wyleth Voltron B3 56 > 52
Phase: Ai(4)-Drana Vampires' End of Combat Step
Phase: Ai(4)-Drana Vampires' Main phase, postcombat
Land: Ai(4)-Drana Vampires played Swamp (393)
Mana: Swamp (357) - {T}: Add {B}.
Mana: Swamp (384) - {T}: Add {B}.
Mana: Sol Ring (311) - {T}: Add {C}{C}.
Mana: Swamp (375) - {T}: Add {B}.
Add To Stack: Ai(4)-Drana Vampires cast Drana, Liberator of Malakir
Resolve Stack: Drana, Liberator of Malakir - Creature 2 / 3
Mana: Swamp (365) - {T}: Add {B}.
Mana: Swamp (391) - {T}: Add {B}.
Add To Stack: Ai(4)-Drana Vampires cast Sign in Blood targeting [Ai(4)-Drana Vampires]
Life: Life: Ai(4)-Drana Vampires 41 > 39
Resolve Stack: Sign in Blood (344) - Ai(4)-Drana Vampires draws two cards. Ai(4)-Drana Vampires loses 2 life.
Phase: Ai(4)-Drana Vampires' End step
Mana: Inventors' Fair (2) - {T}: Add {C}.
Add To Stack: Ai(1)-Kilo Helm Final activated Hangarback Walker
Resolve Stack: Hangarback Walker (70) - Ai(1)-Kilo Helm Final puts a +1/+1 counter on Hangarback Walker (70).
Phase: Ai(4)-Drana Vampires' Cleanup step
Turn: Turn 24 (Ai(1)-Kilo Helm Final)
Phase: Ai(1)-Kilo Helm Final's Untap step
Phase: Ai(1)-Kilo Helm Final's Upkeep step
Add To Stack: Ai(1)-Kilo Helm Final triggered Inventors' Fair
Life: Life: Ai(1)-Kilo Helm Final 16 > 17
Resolve Stack: At the beginning of your upkeep, if you control three or more artifacts, you gain 1 life. [Phase: Ai(1)-Kilo Helm Final]
Phase: Ai(1)-Kilo Helm Final's Draw step
Phase: Ai(1)-Kilo Helm Final's Main phase, precombat
Phase: Ai(1)-Kilo Helm Final's Beginning of Combat Step
Phase: Ai(1)-Kilo Helm Final's Declare Attackers Step
Combat: Ai(1)-Kilo Helm Final assigned Hangarback Walker (70), Thought Monitor (95) and Walking Ballista (36) to attack Ai(3)-Wyleth Voltron B3.
Phase: Ai(1)-Kilo Helm Final's Declare Blockers Step
Combat: Ai(3)-Wyleth Voltron B3 didn't block Hangarback Walker (70).
Ai(3)-Wyleth Voltron B3 didn't block Thought Monitor (95).
Ai(3)-Wyleth Voltron B3 didn't block Walking Ballista (36).
Phase: Ai(1)-Kilo Helm Final's First Strike Damage Step
Phase: Ai(1)-Kilo Helm Final's Combat Damage Step
Damage: Hangarback Walker (70) deals 3 combat damage to Ai(3)-Wyleth Voltron B3.
Damage: Thought Monitor (95) deals 2 combat damage to Ai(3)-Wyleth Voltron B3.
Damage: Walking Ballista (36) deals 1 combat damage to Ai(3)-Wyleth Voltron B3.
Life: Life: Ai(3)-Wyleth Voltron B3 52 > 46
Phase: Ai(1)-Kilo Helm Final's End of Combat Step
Phase: Ai(1)-Kilo Helm Final's Main phase, postcombat
Mana: Mountain (88) - {T}: Add {R}.
Mana: Mountain (87) - {T}: Add {R}.
Mana: Island (64) - {T}: Add {U}.
Mana: Inventors' Fair (2) - {T}: Add {C}.
Add To Stack: Ai(1)-Kilo Helm Final cast Dawnsire, Sunstar Dreadnought
Resolve Stack: Dawnsire, Sunstar Dreadnought
Phase: Ai(1)-Kilo Helm Final's End step
Phase: Ai(1)-Kilo Helm Final's Cleanup step
Turn: Turn 25 (Ai(2)-Wilhelt Zombies B3)
Phase: Ai(2)-Wilhelt Zombies B3's Untap step
Phase: Ai(2)-Wilhelt Zombies B3's Upkeep step
Phase: Ai(2)-Wilhelt Zombies B3's Draw step
Phase: Ai(2)-Wilhelt Zombies B3's Main phase, precombat
Phase: Ai(2)-Wilhelt Zombies B3's Beginning of Combat Step
Phase: Ai(2)-Wilhelt Zombies B3's Declare Attackers Step
Combat: Ai(2)-Wilhelt Zombies B3 assigned Wilhelt, the Rotcleaver (200) and Undead Warchief (197) to attack Ai(1)-Kilo Helm Final.
Phase: Ai(2)-Wilhelt Zombies B3's Declare Blockers Step
Combat: Ai(1)-Kilo Helm Final didn't block Wilhelt, the Rotcleaver (200).
Ai(1)-Kilo Helm Final didn't block Undead Warchief (197).
Phase: Ai(2)-Wilhelt Zombies B3's First Strike Damage Step
Phase: Ai(2)-Wilhelt Zombies B3's Combat Damage Step
Damage: Wilhelt, the Rotcleaver (200) deals 5 combat damage to Ai(1)-Kilo Helm Final.
Damage: Undead Warchief (197) deals 3 combat damage to Ai(1)-Kilo Helm Final.
Life: Life: Ai(1)-Kilo Helm Final 17 > 9
Phase: Ai(2)-Wilhelt Zombies B3's End of Combat Step
Phase: Ai(2)-Wilhelt Zombies B3's Main phase, postcombat
Land: Ai(2)-Wilhelt Zombies B3 played Island (140)
Phase: Ai(2)-Wilhelt Zombies B3's End step
Add To Stack: Ai(2)-Wilhelt Zombies B3 triggered Wilhelt, the Rotcleaver
Resolve Stack: At the beginning of your end step, you may sacrifice a Zombie. If you do, draw a card. [Phase: Ai(2)-Wilhelt Zombies B3]
Phase: Ai(2)-Wilhelt Zombies B3's Cleanup step
Turn: Turn 26 (Ai(3)-Wyleth Voltron B3)
Phase: Ai(3)-Wyleth Voltron B3's Untap step
Phase: Ai(3)-Wyleth Voltron B3's Upkeep step
Phase: Ai(3)-Wyleth Voltron B3's Draw step
Phase: Ai(3)-Wyleth Voltron B3's Main phase, precombat
Land: Ai(3)-Wyleth Voltron B3 played Mountain (279)
Mana: Fellwar Stone (230) - {T}: Add one mana of any color that a land an opponent controls could produce.
Mana: Plains (260) - {T}: Add {W}.
Add To Stack: Ai(3)-Wyleth Voltron B3 cast Lightning Greaves
Resolve Stack: Lightning Greaves
Add To Stack: Ai(3)-Wyleth Voltron B3 activated Lightning Greaves targeting [Wyleth, Soul of Steel (301)]
Resolve Stack: Lightning Greaves (295) -  Attach to Wyleth, Soul of Steel (301)
Phase: Ai(3)-Wyleth Voltron B3's Beginning of Combat Step
Phase: Ai(3)-Wyleth Voltron B3's Declare Attackers Step
Combat: Ai(3)-Wyleth Voltron B3 assigned Wyleth, Soul of Steel (301) to attack Ai(1)-Kilo Helm Final.
Add To Stack: Ai(3)-Wyleth Voltron B3 triggered Wyleth, Soul of Steel
Resolve Stack: Whenever Wyleth, Soul of Steel attacks, draw a card for each Aura and Equipment attached to it. [Attacker: Wyleth, Soul of Steel (301)]
Phase: Ai(3)-Wyleth Voltron B3's Declare Blockers Step
Combat: Ai(1)-Kilo Helm Final didn't block Wyleth, Soul of Steel (301).
Phase: Ai(3)-Wyleth Voltron B3's First Strike Damage Step
Damage: Wyleth, Soul of Steel (301) deals 5 combat damage to Ai(1)-Kilo Helm Final.
Life: Life: Ai(3)-Wyleth Voltron B3 46 > 51
Life: Life: Ai(1)-Kilo Helm Final 9 > 4
Phase: Ai(3)-Wyleth Voltron B3's Combat Damage Step
Phase: Ai(3)-Wyleth Voltron B3's End of Combat Step
Phase: Ai(3)-Wyleth Voltron B3's Main phase, postcombat
Mana: Plains (265) - {T}: Add {W}.
Mana: Plains (263) - {T}: Add {W}.
Mana: Mountain (289) - {T}: Add {R}.
Mana: Mountain (285) - {T}: Add {R}.
Add To Stack: Ai(3)-Wyleth Voltron B3 cast Balan, Wandering Knight
Resolve Stack: Balan, Wandering Knight - Creature 3 / 3
Phase: Ai(3)-Wyleth Voltron B3's End step
Phase: Ai(3)-Wyleth Voltron B3's Cleanup step
Turn: Turn 27 (Ai(4)-Drana Vampires)
Phase: Ai(4)-Drana Vampires' Untap step
Phase: Ai(4)-Drana Vampires' Upkeep step
Phase: Ai(4)-Drana Vampires' Draw step
Phase: Ai(4)-Drana Vampires' Main phase, precombat
Land: Ai(4)-Drana Vampires played Swamp (389)
Mana: Swamp (357) - {T}: Add {B}.
Mana: Sol Ring (311) - {T}: Add {C}{C}.
Mana: Swamp (384) - {T}: Add {B}.
Add To Stack: Ai(4)-Drana Vampires cast Erebos, God of the Dead
Resolve Stack: Erebos, God of the Dead - Creature 5 / 7
Mana: Swamp (375) - {T}: Add {B}.
Mana: Swamp (365) - {T}: Add {B}.
Life: Life: Ai(4)-Drana Vampires 39 > 37
Add To Stack: Ai(4)-Drana Vampires activated Erebos, God of the Dead
Resolve Stack: Erebos, God of the Dead (343) - Ai(4)-Drana Vampires draws a card.
Mana: Swamp (391) - {T}: Add {B}.
Mana: Swamp (393) - {T}: Add {B}.
Life: Life: Ai(4)-Drana Vampires 37 > 35
Add To Stack: Ai(4)-Drana Vampires activated Erebos, God of the Dead
Resolve Stack: Erebos, God of the Dead (343) - Ai(4)-Drana Vampires draws a card.
Phase: Ai(4)-Drana Vampires' Beginning of Combat Step
Phase: Ai(4)-Drana Vampires' Declare Attackers Step
Combat: Ai(4)-Drana Vampires assigned Barony Vampire (312), Drana, Liberator of Malakir (402) and Zulaport Cutthroat (323) to attack Ai(1)-Kilo Helm Final.
Phase: Ai(4)-Drana Vampires' Declare Blockers Step
Combat: Ai(1)-Kilo Helm Final didn't block Barony Vampire (312).
Ai(1)-Kilo Helm Final didn't block Drana, Liberator of Malakir (402).
Ai(1)-Kilo Helm Final didn't block Zulaport Cutthroat (323).
Phase: Ai(4)-Drana Vampires' First Strike Damage Step
Damage: Drana, Liberator of Malakir (402) deals 2 combat damage to Ai(1)-Kilo Helm Final.
Life: Life: Ai(1)-Kilo Helm Final 4 > 2
Add To Stack: Ai(4)-Drana Vampires triggered Drana, Liberator of Malakir
Resolve Stack: Whenever Drana, Liberator of Malakir deals combat damage to a player, put a +1/+1 counter on each attacking creature you control. [Damage Source: Drana, Liberator of Malakir (402), Damaged: Ai(1)-Kilo Helm Final, Amount: 2]
Phase: Ai(4)-Drana Vampires' Combat Damage Step
Damage: Barony Vampire (312) deals 4 combat damage to Ai(1)-Kilo Helm Final.
Damage: Zulaport Cutthroat (323) deals 2 combat damage to Ai(1)-Kilo Helm Final.
Life: Life: Ai(1)-Kilo Helm Final 2 > -4
Phase: Ai(4)-Drana Vampires' End of Combat Step
Phase: Ai(4)-Drana Vampires' Main phase, postcombat
Phase: Ai(4)-Drana Vampires' End step
Phase: Ai(4)-Drana Vampires' Cleanup step
Turn: Turn 28 (Ai(2)-Wilhelt Zombies B3)
Phase: Ai(2)-Wilhelt Zombies B3's Untap step
Phase: Ai(2)-Wilhelt Zombies B3's Upkeep step
Phase: Ai(2)-Wilhelt Zombies B3's Draw step
Phase: Ai(2)-Wilhelt Zombies B3's Main phase, precombat
Phase: Ai(2)-Wilhelt Zombies B3's Beginning of Combat Step
Phase: Ai(2)-Wilhelt Zombies B3's Declare Attackers Step
Phase: Ai(2)-Wilhelt Zombies B3's Declare Blockers Step
Phase: Ai(2)-Wilhelt Zombies B3's First Strike Damage Step
Phase: Ai(2)-Wilhelt Zombies B3's Combat Damage Step
Phase: Ai(2)-Wilhelt Zombies B3's End of Combat Step
Phase: Ai(2)-Wilhelt Zombies B3's Main phase, postcombat
Land: Ai(2)-Wilhelt Zombies B3 played Island (152)
Phase: Ai(2)-Wilhelt Zombies B3's End step
Add To Stack: Ai(2)-Wilhelt Zombies B3 triggered Wilhelt, the Rotcleaver
Resolve Stack: At the beginning of your end step, you may sacrifice a Zombie. If you do, draw a card. [Phase: Ai(2)-Wilhelt Zombies B3]
Phase: Ai(2)-Wilhelt Zombies B3's Cleanup step
Turn: Turn 29 (Ai(3)-Wyleth Voltron B3)
Phase: Ai(3)-Wyleth Voltron B3's Untap step
Phase: Ai(3)-Wyleth Voltron B3's Upkeep step
Mana: Plains (260) - {T}: Add {W}.
Mana: Plains (265) - {T}: Add {W}.
Mana: Fellwar Stone (230) - {T}: Add one mana of any color that a land an opponent controls could produce.
Mana: Plains (263) - {T}: Add {W}.
Add To Stack: Ai(3)-Wyleth Voltron B3 cast Akroma's Will
Resolve Stack: Akroma's Will (213) -  Creatures you control gain flying, vigilance, and double strike until end of turn. Creatures you control gain lifelink, indestructible, and protection from each color until end of turn.
Phase: Ai(3)-Wyleth Voltron B3's Draw step
Phase: Ai(3)-Wyleth Voltron B3's Main phase, precombat
Land: Ai(3)-Wyleth Voltron B3 played Rogue's Passage (221)
Mana: Wind-Scarred Crag (231) - {T}: Add {R} or {W}.
Mana: Mountain (289) - {T}: Add {R}.
Add To Stack: Ai(3)-Wyleth Voltron B3 activated Balan, Wandering Knight
Resolve Stack: Balan, Wandering Knight (202) - {1}{W}: Attach all Equipment you control to Balan.
Phase: Ai(3)-Wyleth Voltron B3's Beginning of Combat Step
Phase: Ai(3)-Wyleth Voltron B3's Declare Attackers Step
Combat: Ai(3)-Wyleth Voltron B3 assigned Wyleth, Soul of Steel (301) and Balan, Wandering Knight (202) to attack Ai(4)-Drana Vampires.
Add To Stack: Ai(3)-Wyleth Voltron B3 triggered Wyleth, Soul of Steel
Resolve Stack: Whenever Wyleth, Soul of Steel attacks, draw a card for each Aura and Equipment attached to it. [Attacker: Wyleth, Soul of Steel (301)]
Phase: Ai(3)-Wyleth Voltron B3's Declare Blockers Step
Combat: Ai(4)-Drana Vampires didn't block Wyleth, Soul of Steel (301).
Ai(4)-Drana Vampires didn't block Balan, Wandering Knight (202).
Phase: Ai(3)-Wyleth Voltron B3's First Strike Damage Step
Damage: Wyleth, Soul of Steel (301) deals 2 combat damage to Ai(4)-Drana Vampires.
Damage: Balan, Wandering Knight (202) deals 4 combat damage to Ai(4)-Drana Vampires.
Life: Life: Ai(4)-Drana Vampires 35 > 29
Phase: Ai(3)-Wyleth Voltron B3's Combat Damage Step
Damage: Wyleth, Soul of Steel (301) deals 2 combat damage to Ai(4)-Drana Vampires.
Damage: Balan, Wandering Knight (202) deals 4 combat damage to Ai(4)-Drana Vampires.
Life: Life: Ai(4)-Drana Vampires 29 > 23
Phase: Ai(3)-Wyleth Voltron B3's End of Combat Step
Phase: Ai(3)-Wyleth Voltron B3's Main phase, postcombat
Phase: Ai(3)-Wyleth Voltron B3's End step
Phase: Ai(3)-Wyleth Voltron B3's Cleanup step
Turn: Turn 30 (Ai(4)-Drana Vampires)
Phase: Ai(4)-Drana Vampires' Untap step
Phase: Ai(4)-Drana Vampires' Upkeep step
Mana: Swamp (357) - {T}: Add {B}.
Mana: Sol Ring (311) - {T}: Add {C}{C}.
Life: Life: Ai(4)-Drana Vampires 23 > 21
Add To Stack: Ai(4)-Drana Vampires activated Erebos, God of the Dead
Resolve Stack: Erebos, God of the Dead (343) - Ai(4)-Drana Vampires draws a card.
Mana: Swamp (384) - {T}: Add {B}.
Life: Life: Ai(4)-Drana Vampires 21 > 19
Add To Stack: Ai(4)-Drana Vampires activated Erebos, God of the Dead
Resolve Stack: Erebos, God of the Dead (343) - Ai(4)-Drana Vampires draws a card.
Mana: Swamp (375) - {T}: Add {B}.
Mana: Swamp (365) - {T}: Add {B}.
Life: Life: Ai(4)-Drana Vampires 19 > 17
Add To Stack: Ai(4)-Drana Vampires activated Erebos, God of the Dead
Resolve Stack: Erebos, God of the Dead (343) - Ai(4)-Drana Vampires draws a card.
Mana: Swamp (391) - {T}: Add {B}.
Mana: Swamp (393) - {T}: Add {B}.
Add To Stack: Ai(4)-Drana Vampires cast Go for the Throat targeting [Wilhelt, the Rotcleaver (200)]
Zone Change: Wilhelt, the Rotcleaver (200) was put into Graveyard from Battlefield.
Resolve Stack: Go for the Throat (339) - Destroy Wilhelt, the Rotcleaver (200).
Add To Stack: Ai(4)-Drana Vampires triggered Blood Artist targeting [Ai(2)-Wilhelt Zombies B3]
Life: Life: Ai(2)-Wilhelt Zombies B3 29 > 28
Life: Life: Ai(4)-Drana Vampires 17 > 18
Resolve Stack: Whenever Blood Artist or another creature dies, target player loses 1 life and you gain 1 life. (Targeting: [[Ai(2)-Wilhelt Zombies B3]]) [Zone Changer: Wilhelt, the Rotcleaver (200)]
Phase: Ai(4)-Drana Vampires' Draw step
Phase: Ai(4)-Drana Vampires' Main phase, precombat
Land: Ai(4)-Drana Vampires played Swamp (383)
Mana: Swamp (389) - {T}: Add {B}.
Mana: Swamp (383) - {T}: Add {B}.
Add To Stack: Ai(4)-Drana Vampires cast Child of Night
Resolve Stack: Child of Night - Creature 2 / 1
Phase: Ai(4)-Drana Vampires' Beginning of Combat Step
Phase: Ai(4)-Drana Vampires' Declare Attackers Step
Combat: Ai(4)-Drana Vampires assigned Erebos, God of the Dead (343) and Drana, Liberator of Malakir (402) to attack Ai(3)-Wyleth Voltron B3.
Phase: Ai(4)-Drana Vampires' Declare Blockers Step
Combat: Ai(3)-Wyleth Voltron B3 didn't block Erebos, God of the Dead (343).
Ai(3)-Wyleth Voltron B3 didn't block Drana, Liberator of Malakir (402).
Phase: Ai(4)-Drana Vampires' First Strike Damage Step
Damage: Drana, Liberator of Malakir (402) deals 3 combat damage to Ai(3)-Wyleth Voltron B3.
Life: Life: Ai(3)-Wyleth Voltron B3 51 > 48
Add To Stack: Ai(4)-Drana Vampires triggered Drana, Liberator of Malakir
Resolve Stack: Whenever Drana, Liberator of Malakir deals combat damage to a player, put a +1/+1 counter on each attacking creature you control. [Damage Source: Drana, Liberator of Malakir (402), Damaged: Ai(3)-Wyleth Voltron B3, Amount: 3]
Phase: Ai(4)-Drana Vampires' Combat Damage Step
Damage: Erebos, God of the Dead (343) deals 6 combat damage to Ai(3)-Wyleth Voltron B3.
Life: Life: Ai(3)-Wyleth Voltron B3 48 > 42
Phase: Ai(4)-Drana Vampires' End of Combat Step
Phase: Ai(4)-Drana Vampires' Main phase, postcombat
Phase: Ai(4)-Drana Vampires' End step
Phase: Ai(4)-Drana Vampires' Cleanup step
Turn: Turn 31 (Ai(2)-Wilhelt Zombies B3)
Phase: Ai(2)-Wilhelt Zombies B3's Untap step
Phase: Ai(2)-Wilhelt Zombies B3's Upkeep step
Phase: Ai(2)-Wilhelt Zombies B3's Draw step
Phase: Ai(2)-Wilhelt Zombies B3's Main phase, precombat
Phase: Ai(2)-Wilhelt Zombies B3's Beginning of Combat Step
Phase: Ai(2)-Wilhelt Zombies B3's Declare Attackers Step
Phase: Ai(2)-Wilhelt Zombies B3's Declare Blockers Step
Phase: Ai(2)-Wilhelt Zombies B3's First Strike Damage Step
Phase: Ai(2)-Wilhelt Zombies B3's Combat Damage Step
Phase: Ai(2)-Wilhelt Zombies B3's End of Combat Step
Phase: Ai(2)-Wilhelt Zombies B3's Main phase, postcombat
Land: Ai(2)-Wilhelt Zombies B3 played Island (154)
Mana: Swamp (172) - {T}: Add {B}.
Mana: Island (148) - {T}: Add {U}.
Mana: Island (149) - {T}: Add {U}.
Mana: Sky Diamond (193) - {T}: Add {U}.
Mana: Island (140) - {T}: Add {U}.
Add To Stack: Ai(2)-Wilhelt Zombies B3 cast Wilhelt, the Rotcleaver
Resolve Stack: Wilhelt, the Rotcleaver - Creature 3 / 3
Phase: Ai(2)-Wilhelt Zombies B3's End step
Add To Stack: Ai(2)-Wilhelt Zombies B3 triggered Wilhelt, the Rotcleaver
Resolve Stack: At the beginning of your end step, you may sacrifice a Zombie. If you do, draw a card. [Phase: Ai(2)-Wilhelt Zombies B3]
Phase: Ai(2)-Wilhelt Zombies B3's Cleanup step
Turn: Turn 32 (Ai(3)-Wyleth Voltron B3)
Phase: Ai(3)-Wyleth Voltron B3's Untap step
Phase: Ai(3)-Wyleth Voltron B3's Upkeep step
Phase: Ai(3)-Wyleth Voltron B3's Draw step
Phase: Ai(3)-Wyleth Voltron B3's Main phase, precombat
Land: Ai(3)-Wyleth Voltron B3 played Plains (252)
Mana: Plains (260) - {T}: Add {W}.
Mana: Plains (265) - {T}: Add {W}.
Mana: Fellwar Stone (230) - {T}: Add one mana of any color that a land an opponent controls could produce.
Mana: Plains (263) - {T}: Add {W}.
Add To Stack: Ai(3)-Wyleth Voltron B3 activated Maul of the Skyclaves targeting [Wyleth, Soul of Steel (301)]
Resolve Stack: Maul of the Skyclaves (239) -  Attach to Wyleth, Soul of Steel (301)
Mana: Plains (252) - {T}: Add {W}.
Mana: Mountain (289) - {T}: Add {R}.
Add To Stack: Ai(3)-Wyleth Voltron B3 activated Balan, Wandering Knight
Resolve Stack: Balan, Wandering Knight (202) - {1}{W}: Attach all Equipment you control to Balan.
Phase: Ai(3)-Wyleth Voltron B3's Beginning of Combat Step
Phase: Ai(3)-Wyleth Voltron B3's Declare Attackers Step
Combat: Ai(3)-Wyleth Voltron B3 assigned Balan, Wandering Knight (202) to attack Ai(4)-Drana Vampires.
Phase: Ai(3)-Wyleth Voltron B3's Declare Blockers Step
Combat: Ai(4)-Drana Vampires didn't block Balan, Wandering Knight (202).
Phase: Ai(3)-Wyleth Voltron B3's First Strike Damage Step
Damage: Balan, Wandering Knight (202) deals 6 combat damage to Ai(4)-Drana Vampires.
Life: Life: Ai(4)-Drana Vampires 18 > 12
Phase: Ai(3)-Wyleth Voltron B3's Combat Damage Step
Damage: Balan, Wandering Knight (202) deals 6 combat damage to Ai(4)-Drana Vampires.
Life: Life: Ai(4)-Drana Vampires 12 > 6
Phase: Ai(3)-Wyleth Voltron B3's End of Combat Step
Phase: Ai(3)-Wyleth Voltron B3's Main phase, postcombat
Mana: Wind-Scarred Crag (231) - {T}: Add {R} or {W}.
Add To Stack: Ai(3)-Wyleth Voltron B3 cast Sigarda's Aid
Resolve Stack: Sigarda's Aid
Phase: Ai(3)-Wyleth Voltron B3's End step
Phase: Ai(3)-Wyleth Voltron B3's Cleanup step
Turn: Turn 33 (Ai(4)-Drana Vampires)
Phase: Ai(4)-Drana Vampires' Untap step
Phase: Ai(4)-Drana Vampires' Upkeep step
Mana: Swamp (357) - {T}: Add {B}.
Mana: Sol Ring (311) - {T}: Add {C}{C}.
Life: Life: Ai(4)-Drana Vampires 6 > 4
Add To Stack: Ai(4)-Drana Vampires activated Erebos, God of the Dead
Resolve Stack: Erebos, God of the Dead (343) - Ai(4)-Drana Vampires draws a card.
Phase: Ai(4)-Drana Vampires' Draw step
Phase: Ai(4)-Drana Vampires' Main phase, precombat
Land: Ai(4)-Drana Vampires played Swamp (355)
Mana: Swamp (384) - {T}: Add {B}.
Mana: Swamp (375) - {T}: Add {B}.
Mana: Swamp (365) - {T}: Add {B}.
Mana: Swamp (391) - {T}: Add {B}.
Add To Stack: Ai(4)-Drana Vampires cast Whip of Erebos
Resolve Stack: Whip of Erebos
Mana: Swamp (393) - {T}: Add {B}.
Mana: Swamp (389) - {T}: Add {B}.
Mana: Swamp (383) - {T}: Add {B}.
Add To Stack: Ai(4)-Drana Vampires cast Quag Sickness targeting [Wyleth, Soul of Steel (301)]
Resolve Stack: Quag Sickness (333) -  Attach to Wyleth, Soul of Steel (301)
Zone Change: Wyleth, Soul of Steel (301) was put into Graveyard from Battlefield.
Zone Change: Quag Sickness (333) was put into Graveyard from Battlefield.
Add To Stack: Ai(4)-Drana Vampires triggered Blood Artist targeting [Ai(2)-Wilhelt Zombies B3]
Life: Life: Ai(2)-Wilhelt Zombies B3 28 > 27
Life: Life: Ai(4)-Drana Vampires 4 > 5
Resolve Stack: Whenever Blood Artist or another creature dies, target player loses 1 life and you gain 1 life. (Targeting: [[Ai(2)-Wilhelt Zombies B3]]) [Zone Changer: Wyleth, Soul of Steel (301)]
Phase: Ai(4)-Drana Vampires' Beginning of Combat Step
Phase: Ai(4)-Drana Vampires' Declare Attackers Step
Phase: Ai(4)-Drana Vampires' Declare Blockers Step
Phase: Ai(4)-Drana Vampires' First Strike Damage Step
Phase: Ai(4)-Drana Vampires' Combat Damage Step
Phase: Ai(4)-Drana Vampires' End of Combat Step
Phase: Ai(4)-Drana Vampires' Main phase, postcombat
Phase: Ai(4)-Drana Vampires' End step
Phase: Ai(4)-Drana Vampires' Cleanup step
Turn: Turn 34 (Ai(2)-Wilhelt Zombies B3)
Phase: Ai(2)-Wilhelt Zombies B3's Untap step
Phase: Ai(2)-Wilhelt Zombies B3's Upkeep step
Phase: Ai(2)-Wilhelt Zombies B3's Draw step
Phase: Ai(2)-Wilhelt Zombies B3's Main phase, precombat
Land: Ai(2)-Wilhelt Zombies B3 played Island (147)
Phase: Ai(2)-Wilhelt Zombies B3's Beginning of Combat Step
Phase: Ai(2)-Wilhelt Zombies B3's Declare Attackers Step
Phase: Ai(2)-Wilhelt Zombies B3's Declare Blockers Step
Phase: Ai(2)-Wilhelt Zombies B3's First Strike Damage Step
Phase: Ai(2)-Wilhelt Zombies B3's Combat Damage Step
Phase: Ai(2)-Wilhelt Zombies B3's End of Combat Step
Phase: Ai(2)-Wilhelt Zombies B3's Main phase, postcombat
Mana: Island (148) - {T}: Add {U}.
Mana: Island (149) - {T}: Add {U}.
Mana: Sky Diamond (193) - {T}: Add {U}.
Mana: Island (140) - {T}: Add {U}.
Mana: Island (152) - {T}: Add {U}.
Mana: Island (154) - {T}: Add {U}.
Add To Stack: Ai(2)-Wilhelt Zombies B3 cast Rooftop Storm
Resolve Stack: Rooftop Storm
Add To Stack: Ai(2)-Wilhelt Zombies B3 cast Wight of the Reliquary
Resolve Stack: Wight of the Reliquary - Creature 2 / 2
Phase: Ai(2)-Wilhelt Zombies B3's End step
Add To Stack: Ai(2)-Wilhelt Zombies B3 triggered Wilhelt, the Rotcleaver
Resolve Stack: At the beginning of your end step, you may sacrifice a Zombie. If you do, draw a card. [Phase: Ai(2)-Wilhelt Zombies B3]
Phase: Ai(2)-Wilhelt Zombies B3's Cleanup step
Turn: Turn 35 (Ai(3)-Wyleth Voltron B3)
Phase: Ai(3)-Wyleth Voltron B3's Untap step
Phase: Ai(3)-Wyleth Voltron B3's Upkeep step
Phase: Ai(3)-Wyleth Voltron B3's Draw step
Phase: Ai(3)-Wyleth Voltron B3's Main phase, precombat
Land: Ai(3)-Wyleth Voltron B3 played Mountain (288)
Phase: Ai(3)-Wyleth Voltron B3's Beginning of Combat Step
Phase: Ai(3)-Wyleth Voltron B3's Declare Attackers Step
Combat: Ai(3)-Wyleth Voltron B3 assigned Balan, Wandering Knight (202) to attack Ai(4)-Drana Vampires.
Phase: Ai(3)-Wyleth Voltron B3's Declare Blockers Step
Combat: Ai(4)-Drana Vampires assigned Drana, Liberator of Malakir (402) to block Balan, Wandering Knight (202).
Phase: Ai(3)-Wyleth Voltron B3's First Strike Damage Step
Damage: Balan, Wandering Knight (202) deals 1 combat damage to Ai(4)-Drana Vampires.
Damage: Balan, Wandering Knight (202) deals 5 damage to Drana, Liberator of Malakir (402).
Damage: Drana, Liberator of Malakir (402) deals 4 damage to Balan, Wandering Knight (202).
Life: Life: Ai(4)-Drana Vampires 5 > 9
Life: Life: Ai(4)-Drana Vampires 9 > 8
Zone Change: Drana, Liberator of Malakir (402) was put into Graveyard from Battlefield.
Add To Stack: Ai(4)-Drana Vampires triggered Zulaport Cutthroat
Add To Stack: Ai(4)-Drana Vampires triggered Blood Artist targeting [Ai(2)-Wilhelt Zombies B3]
Life: Life: Ai(2)-Wilhelt Zombies B3 27 > 26
Life: Life: Ai(4)-Drana Vampires 8 > 9
Resolve Stack: Whenever Blood Artist or another creature dies, target player loses 1 life and you gain 1 life. (Targeting: [[Ai(2)-Wilhelt Zombies B3]]) [Zone Changer: Drana, Liberator of Malakir (402)]
Life: Life: Ai(3)-Wyleth Voltron B3 42 > 41
Life: Life: Ai(2)-Wilhelt Zombies B3 26 > 25
Life: Life: Ai(4)-Drana Vampires 9 > 10
Resolve Stack: Whenever Zulaport Cutthroat or another creature you control dies, each opponent loses 1 life and you gain 1 life. [Zone Changer: Drana, Liberator of Malakir (402)]
Phase: Ai(3)-Wyleth Voltron B3's Combat Damage Step
Damage: Balan, Wandering Knight (202) deals 6 combat damage to Ai(4)-Drana Vampires.
Life: Life: Ai(4)-Drana Vampires 10 > 4
Phase: Ai(3)-Wyleth Voltron B3's End of Combat Step
Phase: Ai(3)-Wyleth Voltron B3's Main phase, postcombat
Mana: Plains (260) - {T}: Add {W}.
Mana: Mountain (289) - {T}: Add {R}.
Mana: Plains (265) - {T}: Add {W}.
Mana: Fellwar Stone (230) - {T}: Add one mana of any color that a land an opponent controls could produce.
Mana: Plains (263) - {T}: Add {W}.
Add To Stack: Ai(3)-Wyleth Voltron B3 cast Wyleth, Soul of Steel
Resolve Stack: Wyleth, Soul of Steel - Creature 2 / 2
Phase: Ai(3)-Wyleth Voltron B3's End step
Phase: Ai(3)-Wyleth Voltron B3's Cleanup step
Turn: Turn 36 (Ai(4)-Drana Vampires)
Phase: Ai(4)-Drana Vampires' Untap step
Phase: Ai(4)-Drana Vampires' Upkeep step
Phase: Ai(4)-Drana Vampires' Draw step
Phase: Ai(4)-Drana Vampires' Main phase, precombat
Land: Ai(4)-Drana Vampires played Swamp (380)
Mana: Swamp (357) - {T}: Add {B}.
Mana: Swamp (384) - {T}: Add {B}.
Mana: Sol Ring (311) - {T}: Add {C}{C}.
Mana: Swamp (375) - {T}: Add {B}.
Mana: Swamp (365) - {T}: Add {B}.
Mana: Swamp (391) - {T}: Add {B}.
Add To Stack: Ai(4)-Drana Vampires cast Drana, Liberator of Malakir
Resolve Stack: Drana, Liberator of Malakir - Creature 2 / 3
Phase: Ai(4)-Drana Vampires' Beginning of Combat Step
Phase: Ai(4)-Drana Vampires' Declare Attackers Step
Phase: Ai(4)-Drana Vampires' Declare Blockers Step
Phase: Ai(4)-Drana Vampires' First Strike Damage Step
Phase: Ai(4)-Drana Vampires' Combat Damage Step
Phase: Ai(4)-Drana Vampires' End of Combat Step
Phase: Ai(4)-Drana Vampires' Main phase, postcombat
Phase: Ai(4)-Drana Vampires' End step
Phase: Ai(4)-Drana Vampires' Cleanup step
Turn: Turn 37 (Ai(2)-Wilhelt Zombies B3)
Phase: Ai(2)-Wilhelt Zombies B3's Untap step
Phase: Ai(2)-Wilhelt Zombies B3's Upkeep step
Phase: Ai(2)-Wilhelt Zombies B3's Draw step
Phase: Ai(2)-Wilhelt Zombies B3's Main phase, precombat
Phase: Ai(2)-Wilhelt Zombies B3's Beginning of Combat Step
Phase: Ai(2)-Wilhelt Zombies B3's Declare Attackers Step
Phase: Ai(2)-Wilhelt Zombies B3's Declare Blockers Step
Phase: Ai(2)-Wilhelt Zombies B3's First Strike Damage Step
Phase: Ai(2)-Wilhelt Zombies B3's Combat Damage Step
Phase: Ai(2)-Wilhelt Zombies B3's End of Combat Step
Zone Change: Undead Warchief (197) was put into Graveyard from Battlefield.
Add To Stack: Ai(2)-Wilhelt Zombies B3 activated Wight of the Reliquary
Add To Stack: Ai(2)-Wilhelt Zombies B3 triggered Wilhelt, the Rotcleaver
Add To Stack: Ai(4)-Drana Vampires triggered Blood Artist targeting [Ai(2)-Wilhelt Zombies B3]
Life: Life: Ai(2)-Wilhelt Zombies B3 25 > 24
Life: Life: Ai(4)-Drana Vampires 4 > 5
Resolve Stack: Whenever Blood Artist or another creature dies, target player loses 1 life and you gain 1 life. (Targeting: [[Ai(2)-Wilhelt Zombies B3]]) [Zone Changer: Undead Warchief (197)]
Resolve Stack: Whenever another Zombie you control dies, if it didn't have decayed, create a 2/2 black Zombie creature token with decayed. (It can't block. When it attacks, sacrifice it at end of combat.) [Zone Changer: Undead Warchief (197)]
Replacement Effect: Sunken Hollow enters tapped unless you control two or more basic lands.
Resolve Stack: Wight of the Reliquary (135) - Ai(2)-Wilhelt Zombies B3 searches their library for a land card, puts it onto the battlefield tapped, then shuffles.
Phase: Ai(2)-Wilhelt Zombies B3's Main phase, postcombat
Land: Ai(2)-Wilhelt Zombies B3 played Swamp (177)
Phase: Ai(2)-Wilhelt Zombies B3's End step
Add To Stack: Ai(2)-Wilhelt Zombies B3 triggered Wilhelt, the Rotcleaver
Resolve Stack: At the beginning of your end step, you may sacrifice a Zombie. If you do, draw a card. [Phase: Ai(2)-Wilhelt Zombies B3]
Phase: Ai(2)-Wilhelt Zombies B3's Cleanup step
Turn: Turn 38 (Ai(3)-Wyleth Voltron B3)
Phase: Ai(3)-Wyleth Voltron B3's Untap step
Phase: Ai(3)-Wyleth Voltron B3's Upkeep step
Phase: Ai(3)-Wyleth Voltron B3's Draw step
Phase: Ai(3)-Wyleth Voltron B3's Main phase, precombat
Land: Ai(3)-Wyleth Voltron B3 played Plains (261)
Phase: Ai(3)-Wyleth Voltron B3's Beginning of Combat Step
Phase: Ai(3)-Wyleth Voltron B3's Declare Attackers Step
Combat: Ai(3)-Wyleth Voltron B3 assigned Balan, Wandering Knight (202) and Wyleth, Soul of Steel (301) to attack Ai(4)-Drana Vampires.
Add To Stack: Ai(3)-Wyleth Voltron B3 triggered Wyleth, Soul of Steel
Resolve Stack: Whenever Wyleth, Soul of Steel attacks, draw a card for each Aura and Equipment attached to it. [Attacker: Wyleth, Soul of Steel (301)]
Phase: Ai(3)-Wyleth Voltron B3's Declare Blockers Step
Combat: Ai(4)-Drana Vampires assigned Drana, Liberator of Malakir (402) to block Balan, Wandering Knight (202).
Ai(4)-Drana Vampires assigned Blood Artist (332) and Barony Vampire (312) to block Wyleth, Soul of Steel (301).
Phase: Ai(3)-Wyleth Voltron B3's First Strike Damage Step
Damage: Balan, Wandering Knight (202) deals 3 combat damage to Ai(4)-Drana Vampires.
Damage: Balan, Wandering Knight (202) deals 3 damage to Drana, Liberator of Malakir (402).
Damage: Drana, Liberator of Malakir (402) deals 2 damage to Balan, Wandering Knight (202).
Life: Life: Ai(4)-Drana Vampires 5 > 7
Life: Life: Ai(4)-Drana Vampires 7 > 4
Zone Change: Drana, Liberator of Malakir (402) was put into Graveyard from Battlefield.
Add To Stack: Ai(4)-Drana Vampires triggered Zulaport Cutthroat
Add To Stack: Ai(4)-Drana Vampires triggered Blood Artist targeting [Ai(2)-Wilhelt Zombies B3]
Life: Life: Ai(2)-Wilhelt Zombies B3 24 > 23
Life: Life: Ai(4)-Drana Vampires 4 > 5
Resolve Stack: Whenever Blood Artist or another creature dies, target player loses 1 life and you gain 1 life. (Targeting: [[Ai(2)-Wilhelt Zombies B3]]) [Zone Changer: Drana, Liberator of Malakir (402)]
Life: Life: Ai(3)-Wyleth Voltron B3 41 > 40
Life: Life: Ai(2)-Wilhelt Zombies B3 23 > 22
Life: Life: Ai(4)-Drana Vampires 5 > 6
Resolve Stack: Whenever Zulaport Cutthroat or another creature you control dies, each opponent loses 1 life and you gain 1 life. [Zone Changer: Drana, Liberator of Malakir (402)]
Mana: Swamp (393) - {T}: Add {B}.
Mana: Swamp (389) - {T}: Add {B}.
Life: Life: Ai(4)-Drana Vampires 6 > 4
Add To Stack: Ai(4)-Drana Vampires activated Erebos, God of the Dead
Resolve Stack: Erebos, God of the Dead (343) - Ai(4)-Drana Vampires draws a card.
Phase: Ai(3)-Wyleth Voltron B3's Combat Damage Step
Damage: Balan, Wandering Knight (202) deals 6 combat damage to Ai(4)-Drana Vampires.
Damage: Wyleth, Soul of Steel (301) deals 1 damage to Barony Vampire (312).
Damage: Wyleth, Soul of Steel (301) deals 1 damage to Blood Artist (332).
Damage: Barony Vampire (312) deals 4 damage to Wyleth, Soul of Steel (301).
Life: Life: Ai(4)-Drana Vampires 4 > 8
Life: Life: Ai(4)-Drana Vampires 8 > 2
Zone Change: Wyleth, Soul of Steel (301) was put into Graveyard from Battlefield.
Zone Change: Blood Artist (332) was put into Graveyard from Battlefield.
Add To Stack: Ai(4)-Drana Vampires triggered Blood Artist targeting [Ai(2)-Wilhelt Zombies B3]
Add To Stack: Ai(4)-Drana Vampires triggered Zulaport Cutthroat
Add To Stack: Ai(4)-Drana Vampires triggered Blood Artist targeting [Ai(2)-Wilhelt Zombies B3]
Life: Life: Ai(2)-Wilhelt Zombies B3 22 > 21
Life: Life: Ai(4)-Drana Vampires 2 > 3
Resolve Stack: Whenever Blood Artist or another creature dies, target player loses 1 life and you gain 1 life. (Targeting: [[Ai(2)-Wilhelt Zombies B3]]) [Zone Changer: Blood Artist (332)]
Life: Life: Ai(3)-Wyleth Voltron B3 40 > 39
Life: Life: Ai(2)-Wilhelt Zombies B3 21 > 20
Life: Life: Ai(4)-Drana Vampires 3 > 4
Resolve Stack: Whenever Zulaport Cutthroat or another creature you control dies, each opponent loses 1 life and you gain 1 life. [Zone Changer: Blood Artist (332)]
Life: Life: Ai(2)-Wilhelt Zombies B3 20 > 19
Life: Life: Ai(4)-Drana Vampires 4 > 5
Resolve Stack: Whenever Blood Artist or another creature dies, target player loses 1 life and you gain 1 life. (Targeting: [[Ai(2)-Wilhelt Zombies B3]]) [Zone Changer: Wyleth, Soul of Steel (301)]
Phase: Ai(3)-Wyleth Voltron B3's End of Combat Step
Phase: Ai(3)-Wyleth Voltron B3's Main phase, postcombat
Mana: Mountain (289) - {T}: Add {R}.
Mana: Plains (260) - {T}: Add {W}.
Mana: Plains (265) - {T}: Add {W}.
Mana: Fellwar Stone (230) - {T}: Add one mana of any color that a land an opponent controls could produce.
Mana: Plains (263) - {T}: Add {W}.
Mana: Plains (252) - {T}: Add {W}.
Mana: Plains (261) - {T}: Add {W}.
Add To Stack: Ai(3)-Wyleth Voltron B3 cast Wyleth, Soul of Steel
Resolve Stack: Wyleth, Soul of Steel - Creature 2 / 2
Phase: Ai(3)-Wyleth Voltron B3's End step
Phase: Ai(3)-Wyleth Voltron B3's Cleanup step
Turn: Turn 39 (Ai(4)-Drana Vampires)
Phase: Ai(4)-Drana Vampires' Untap step
Phase: Ai(4)-Drana Vampires' Upkeep step
Phase: Ai(4)-Drana Vampires' Draw step
Phase: Ai(4)-Drana Vampires' Main phase, precombat
Land: Ai(4)-Drana Vampires played Swamp (390)
Mana: Swamp (357) - {T}: Add {B}.
Mana: Swamp (384) - {T}: Add {B}.
Mana: Sol Ring (311) - {T}: Add {C}{C}.
Mana: Swamp (375) - {T}: Add {B}.
Mana: Swamp (365) - {T}: Add {B}.
Mana: Swamp (391) - {T}: Add {B}.
Mana: Swamp (393) - {T}: Add {B}.
Mana: Swamp (389) - {T}: Add {B}.
Add To Stack: Ai(4)-Drana Vampires cast Drana, Liberator of Malakir
Resolve Stack: Drana, Liberator of Malakir - Creature 2 / 3
Mana: Swamp (383) - {T}: Add {B}.
Mana: Swamp (355) - {T}: Add {B}.
Mana: Swamp (380) - {T}: Add {B}.
Mana: Swamp (390) - {T}: Add {B}.
Add To Stack: Ai(4)-Drana Vampires activated Whip of Erebos targeting [Blood Artist (332)]
Resolve Stack: Whip of Erebos (317) - Return Blood Artist (332) from the graveyard to the battlefield. It gains haste. Exile it at the beginning of the next end step or if it would leave the battlefield. 
Phase: Ai(4)-Drana Vampires' Beginning of Combat Step
Phase: Ai(4)-Drana Vampires' Declare Attackers Step
Combat: Ai(4)-Drana Vampires assigned Blood Artist (332) to attack Ai(3)-Wyleth Voltron B3.
Phase: Ai(4)-Drana Vampires' Declare Blockers Step
Combat: Ai(3)-Wyleth Voltron B3 assigned Wyleth, Soul of Steel (301) to block Blood Artist (332).
Phase: Ai(4)-Drana Vampires' First Strike Damage Step
Phase: Ai(4)-Drana Vampires' Combat Damage Step
Damage: Wyleth, Soul of Steel (301) deals 2 damage to Blood Artist (332).
Zone Change: Blood Artist (332) was put into Exile from Battlefield.
Replacement Effect: If Creature would leave the battlefield,  exile it instead of putting it anywhere else.
Phase: Ai(4)-Drana Vampires' End of Combat Step
Phase: Ai(4)-Drana Vampires' Main phase, postcombat
Phase: Ai(4)-Drana Vampires' End step
Add To Stack: Ai(4)-Drana Vampires triggered Whip of Erebos
Resolve Stack: Exile Blood Artist (332) at the beginning of the next end step. ([Blood Artist (332)]) [Phase: Ai(4)-Drana Vampires]
Phase: Ai(4)-Drana Vampires' Cleanup step
Turn: Turn 40 (Ai(2)-Wilhelt Zombies B3)
Phase: Ai(2)-Wilhelt Zombies B3's Untap step
Phase: Ai(2)-Wilhelt Zombies B3's Upkeep step
Phase: Ai(2)-Wilhelt Zombies B3's Draw step
Phase: Ai(2)-Wilhelt Zombies B3's Main phase, precombat
Phase: Ai(2)-Wilhelt Zombies B3's Beginning of Combat Step
Phase: Ai(2)-Wilhelt Zombies B3's Declare Attackers Step
Phase: Ai(2)-Wilhelt Zombies B3's Declare Blockers Step
Phase: Ai(2)-Wilhelt Zombies B3's First Strike Damage Step
Phase: Ai(2)-Wilhelt Zombies B3's Combat Damage Step
Phase: Ai(2)-Wilhelt Zombies B3's End of Combat Step
Zone Change: Zombie Token (406) was put into Graveyard from Battlefield.
Add To Stack: Ai(2)-Wilhelt Zombies B3 activated Wight of the Reliquary
Replacement Effect: Drowned Catacomb enters tapped unless you control an Island or a Swamp.
Resolve Stack: Wight of the Reliquary (135) - Ai(2)-Wilhelt Zombies B3 searches their library for a land card, puts it onto the battlefield tapped, then shuffles.
Phase: Ai(2)-Wilhelt Zombies B3's Main phase, postcombat
Land: Ai(2)-Wilhelt Zombies B3 played Exotic Orchard (199)
Add To Stack: Ai(2)-Wilhelt Zombies B3 cast Cryptbreaker
Resolve Stack: Cryptbreaker - Creature 1 / 1
Phase: Ai(2)-Wilhelt Zombies B3's End step
Add To Stack: Ai(2)-Wilhelt Zombies B3 triggered Wilhelt, the Rotcleaver
Resolve Stack: At the beginning of your end step, you may sacrifice a Zombie. If you do, draw a card. [Phase: Ai(2)-Wilhelt Zombies B3]
Phase: Ai(2)-Wilhelt Zombies B3's Cleanup step
Turn: Turn 41 (Ai(3)-Wyleth Voltron B3)
Phase: Ai(3)-Wyleth Voltron B3's Untap step
Phase: Ai(3)-Wyleth Voltron B3's Upkeep step
Phase: Ai(3)-Wyleth Voltron B3's Draw step
Phase: Ai(3)-Wyleth Voltron B3's Main phase, precombat
Land: Ai(3)-Wyleth Voltron B3 played Mountain (282)
Phase: Ai(3)-Wyleth Voltron B3's Beginning of Combat Step
Phase: Ai(3)-Wyleth Voltron B3's Declare Attackers Step
Combat: Ai(3)-Wyleth Voltron B3 assigned Balan, Wandering Knight (202) and Wyleth, Soul of Steel (301) to attack Ai(4)-Drana Vampires.
Add To Stack: Ai(3)-Wyleth Voltron B3 triggered Wyleth, Soul of Steel
Resolve Stack: Whenever Wyleth, Soul of Steel attacks, draw a card for each Aura and Equipment attached to it. [Attacker: Wyleth, Soul of Steel (301)]
Phase: Ai(3)-Wyleth Voltron B3's Declare Blockers Step
Combat: Ai(4)-Drana Vampires assigned Drana, Liberator of Malakir (402) to block Balan, Wandering Knight (202).
Ai(4)-Drana Vampires assigned Child of Night (401) and Barony Vampire (312) to block Wyleth, Soul of Steel (301).
Phase: Ai(3)-Wyleth Voltron B3's First Strike Damage Step
Damage: Balan, Wandering Knight (202) deals 3 combat damage to Ai(4)-Drana Vampires.
Damage: Balan, Wandering Knight (202) deals 3 damage to Drana, Liberator of Malakir (402).
Damage: Drana, Liberator of Malakir (402) deals 2 damage to Balan, Wandering Knight (202).
Life: Life: Ai(4)-Drana Vampires 5 > 7
Life: Life: Ai(4)-Drana Vampires 7 > 4
Zone Change: Drana, Liberator of Malakir (402) was put into Graveyard from Battlefield.
Add To Stack: Ai(4)-Drana Vampires triggered Zulaport Cutthroat
Life: Life: Ai(3)-Wyleth Voltron B3 39 > 38
Life: Life: Ai(2)-Wilhelt Zombies B3 19 > 18
Life: Life: Ai(4)-Drana Vampires 4 > 5
Resolve Stack: Whenever Zulaport Cutthroat or another creature you control dies, each opponent loses 1 life and you gain 1 life. [Zone Changer: Drana, Liberator of Malakir (402)]
Phase: Ai(3)-Wyleth Voltron B3's Combat Damage Step
Damage: Balan, Wandering Knight (202) deals 6 combat damage to Ai(4)-Drana Vampires.
Damage: Wyleth, Soul of Steel (301) deals 1 damage to Child of Night (401).
Damage: Wyleth, Soul of Steel (301) deals 1 damage to Barony Vampire (312).
Damage: Child of Night (401) deals 2 damage to Wyleth, Soul of Steel (301).
Life: Life: Ai(4)-Drana Vampires 5 > 7
Damage: Barony Vampire (312) deals 4 damage to Wyleth, Soul of Steel (301).
Life: Life: Ai(4)-Drana Vampires 7 > 11
Life: Life: Ai(4)-Drana Vampires 11 > 5
Zone Change: Wyleth, Soul of Steel (301) was put into Graveyard from Battlefield.
Zone Change: Child of Night (401) was put into Graveyard from Battlefield.
Add To Stack: Ai(4)-Drana Vampires triggered Zulaport Cutthroat
Life: Life: Ai(3)-Wyleth Voltron B3 38 > 37
Life: Life: Ai(2)-Wilhelt Zombies B3 18 > 17
Life: Life: Ai(4)-Drana Vampires 5 > 6
Resolve Stack: Whenever Zulaport Cutthroat or another creature you control dies, each opponent loses 1 life and you gain 1 life. [Zone Changer: Child of Night (401)]
Phase: Ai(3)-Wyleth Voltron B3's End of Combat Step
Phase: Ai(3)-Wyleth Voltron B3's Main phase, postcombat
Mana: Plains (260) - {T}: Add {W}.
Mana: Plains (265) - {T}: Add {W}.
Mana: Fellwar Stone (230) - {T}: Add one mana of any color that a land an opponent controls could produce.
Mana: Plains (263) - {T}: Add {W}.
Mana: Plains (252) - {T}: Add {W}.
Add To Stack: Ai(3)-Wyleth Voltron B3 cast Stonehewer Giant
Resolve Stack: Stonehewer Giant - Creature 4 / 4
Phase: Ai(3)-Wyleth Voltron B3's End step
Phase: Ai(3)-Wyleth Voltron B3's Cleanup step
Turn: Turn 42 (Ai(4)-Drana Vampires)
Phase: Ai(4)-Drana Vampires' Untap step
Phase: Ai(4)-Drana Vampires' Upkeep step
Mana: Swamp (357) - {T}: Add {B}.
Mana: Sol Ring (311) - {T}: Add {C}{C}.
Life: Life: Ai(4)-Drana Vampires 6 > 4
Add To Stack: Ai(4)-Drana Vampires activated Erebos, God of the Dead
Resolve Stack: Erebos, God of the Dead (343) - Ai(4)-Drana Vampires draws a card.
Phase: Ai(4)-Drana Vampires' Draw step
Phase: Ai(4)-Drana Vampires' Main phase, precombat
Land: Ai(4)-Drana Vampires played Swamp (361)
Mana: Swamp (384) - {T}: Add {B}.
Mana: Swamp (375) - {T}: Add {B}.
Mana: Swamp (365) - {T}: Add {B}.
Mana: Swamp (391) - {T}: Add {B}.
Mana: Swamp (393) - {T}: Add {B}.
Mana: Swamp (389) - {T}: Add {B}.
Mana: Swamp (383) - {T}: Add {B}.
Mana: Swamp (355) - {T}: Add {B}.
Mana: Swamp (380) - {T}: Add {B}.
Mana: Swamp (390) - {T}: Add {B}.
Mana: Swamp (361) - {T}: Add {B}.
Add To Stack: Ai(4)-Drana Vampires cast Drana, Liberator of Malakir
Resolve Stack: Drana, Liberator of Malakir - Creature 2 / 3
Phase: Ai(4)-Drana Vampires' Beginning of Combat Step
Phase: Ai(4)-Drana Vampires' Declare Attackers Step
Phase: Ai(4)-Drana Vampires' Declare Blockers Step
Phase: Ai(4)-Drana Vampires' First Strike Damage Step
Phase: Ai(4)-Drana Vampires' Combat Damage Step
Phase: Ai(4)-Drana Vampires' End of Combat Step
Phase: Ai(4)-Drana Vampires' Main phase, postcombat
Phase: Ai(4)-Drana Vampires' End step
Phase: Ai(4)-Drana Vampires' Cleanup step
Turn: Turn 43 (Ai(2)-Wilhelt Zombies B3)
Phase: Ai(2)-Wilhelt Zombies B3's Untap step
Phase: Ai(2)-Wilhelt Zombies B3's Upkeep step
Phase: Ai(2)-Wilhelt Zombies B3's Draw step
Phase: Ai(2)-Wilhelt Zombies B3's Main phase, precombat
Add To Stack: Ai(2)-Wilhelt Zombies B3 cast Diregraf Captain
Resolve Stack: Diregraf Captain - Creature 2 / 2
Phase: Ai(2)-Wilhelt Zombies B3's Beginning of Combat Step
Phase: Ai(2)-Wilhelt Zombies B3's Declare Attackers Step
Phase: Ai(2)-Wilhelt Zombies B3's Declare Blockers Step
Phase: Ai(2)-Wilhelt Zombies B3's First Strike Damage Step
Phase: Ai(2)-Wilhelt Zombies B3's Combat Damage Step
Phase: Ai(2)-Wilhelt Zombies B3's End of Combat Step
Zone Change: Cryptbreaker (196) was put into Graveyard from Battlefield.
Add To Stack: Ai(2)-Wilhelt Zombies B3 activated Wight of the Reliquary
Add To Stack: Ai(2)-Wilhelt Zombies B3 triggered Diregraf Captain targeting [Ai(3)-Wyleth Voltron B3]
Add To Stack: Ai(2)-Wilhelt Zombies B3 triggered Wilhelt, the Rotcleaver
Resolve Stack: Whenever another Zombie you control dies, if it didn't have decayed, create a 2/2 black Zombie creature token with decayed. (It can't block. When it attacks, sacrifice it at end of combat.) [Zone Changer: Cryptbreaker (196)]
Life: Life: Ai(3)-Wyleth Voltron B3 37 > 36
Resolve Stack: Whenever another Zombie you control dies, target opponent loses 1 life. (Targeting: [[Ai(3)-Wyleth Voltron B3]]) [Zone Changer: Cryptbreaker (196)]
Resolve Stack: Wight of the Reliquary (135) - Ai(2)-Wilhelt Zombies B3 searches their library for a land card, puts it onto the battlefield tapped, then shuffles.
Phase: Ai(2)-Wilhelt Zombies B3's Main phase, postcombat
Phase: Ai(2)-Wilhelt Zombies B3's End step
Add To Stack: Ai(2)-Wilhelt Zombies B3 triggered Wilhelt, the Rotcleaver
Resolve Stack: At the beginning of your end step, you may sacrifice a Zombie. If you do, draw a card. [Phase: Ai(2)-Wilhelt Zombies B3]
Phase: Ai(2)-Wilhelt Zombies B3's Cleanup step
Turn: Turn 44 (Ai(3)-Wyleth Voltron B3)
Phase: Ai(3)-Wyleth Voltron B3's Untap step
Phase: Ai(3)-Wyleth Voltron B3's Upkeep step
Phase: Ai(3)-Wyleth Voltron B3's Draw step
Mana: Plains (260) - {T}: Add {W}.
Mana: Plains (265) - {T}: Add {W}.
Mana: Fellwar Stone (230) - {T}: Add one mana of any color that a land an opponent controls could produce.
Mana: Plains (263) - {T}: Add {W}.
Add To Stack: Ai(3)-Wyleth Voltron B3 cast Hammer of Nazahn
Resolve Stack: Hammer of Nazahn
Add To Stack: Ai(3)-Wyleth Voltron B3 triggered Hammer of Nazahn targeting [Stonehewer Giant (222)]
Add To Stack: Ai(3)-Wyleth Voltron B3 triggered Sigarda's Aid targeting [Stonehewer Giant (222)]
Resolve Stack: Whenever an Equipment you control enters, you may attach it to target creature you control. (Targeting: [[Stonehewer Giant (222)]]) [Zone Changer: Hammer of Nazahn (207)]
Resolve Stack: Whenever Hammer of Nazahn or another Equipment you control enters, you may attach that Equipment to target creature you control. (Targeting: [[Stonehewer Giant (222)]]) [Zone Changer: Hammer of Nazahn (207)]
Phase: Ai(3)-Wyleth Voltron B3's Main phase, precombat
Land: Ai(3)-Wyleth Voltron B3 played Plains (258)
Mana: Plains (252) - {T}: Add {W}.
Mana: Plains (261) - {T}: Add {W}.
Mana: Plains (258) - {T}: Add {W}.
Mana: Mountain (289) - {T}: Add {R}.
Add To Stack: Ai(3)-Wyleth Voltron B3 activated Rogue's Passage targeting [Stonehewer Giant (222)]
Resolve Stack: Rogue's Passage (221) - Stonehewer Giant (222) can't be blocked this turn.
Mana: Wind-Scarred Crag (231) - {T}: Add {R} or {W}.
Mana: Mountain (285) - {T}: Add {R}.
Add To Stack: Ai(3)-Wyleth Voltron B3 activated Balan, Wandering Knight
Resolve Stack: Balan, Wandering Knight (202) - {1}{W}: Attach all Equipment you control to Balan.
Phase: Ai(3)-Wyleth Voltron B3's Beginning of Combat Step
Phase: Ai(3)-Wyleth Voltron B3's Declare Attackers Step
Combat: Ai(3)-Wyleth Voltron B3 assigned Balan, Wandering Knight (202) and Stonehewer Giant (222) to attack Ai(4)-Drana Vampires.
Phase: Ai(3)-Wyleth Voltron B3's Declare Blockers Step
Combat: Ai(4)-Drana Vampires assigned Drana, Liberator of Malakir (402) to block Balan, Wandering Knight (202).
Ai(4)-Drana Vampires didn't block Stonehewer Giant (222).
Phase: Ai(3)-Wyleth Voltron B3's First Strike Damage Step
Damage: Balan, Wandering Knight (202) deals 5 combat damage to Ai(4)-Drana Vampires.
Damage: Balan, Wandering Knight (202) deals 3 damage to Drana, Liberator of Malakir (402).
Damage: Drana, Liberator of Malakir (402) deals 2 damage to Balan, Wandering Knight (202).
Life: Life: Ai(4)-Drana Vampires 4 > 6
Life: Life: Ai(4)-Drana Vampires 6 > 1
Zone Change: Drana, Liberator of Malakir (402) was put into Graveyard from Battlefield.
Add To Stack: Ai(4)-Drana Vampires triggered Zulaport Cutthroat
Life: Life: Ai(3)-Wyleth Voltron B3 36 > 35
Life: Life: Ai(2)-Wilhelt Zombies B3 17 > 16
Life: Life: Ai(4)-Drana Vampires 1 > 2
Resolve Stack: Whenever Zulaport Cutthroat or another creature you control dies, each opponent loses 1 life and you gain 1 life. [Zone Changer: Drana, Liberator of Malakir (402)]
Phase: Ai(3)-Wyleth Voltron B3's Combat Damage Step
Damage: Balan, Wandering Knight (202) deals 8 combat damage to Ai(4)-Drana Vampires.
Damage: Stonehewer Giant (222) deals 4 combat damage to Ai(4)-Drana Vampires.
Life: Life: Ai(4)-Drana Vampires 2 > -10
Phase: Ai(3)-Wyleth Voltron B3's End of Combat Step
Phase: Ai(3)-Wyleth Voltron B3's Main phase, postcombat
Phase: Ai(3)-Wyleth Voltron B3's End step
Phase: Ai(3)-Wyleth Voltron B3's Cleanup step
Turn: Turn 45 (Ai(2)-Wilhelt Zombies B3)
Phase: Ai(2)-Wilhelt Zombies B3's Untap step
Phase: Ai(2)-Wilhelt Zombies B3's Upkeep step
Phase: Ai(2)-Wilhelt Zombies B3's Draw step
Phase: Ai(2)-Wilhelt Zombies B3's Main phase, precombat
Phase: Ai(2)-Wilhelt Zombies B3's Beginning of Combat Step
Phase: Ai(2)-Wilhelt Zombies B3's Declare Attackers Step
Combat: Ai(2)-Wilhelt Zombies B3 assigned Wight of the Reliquary (135) to attack Ai(3)-Wyleth Voltron B3.
Phase: Ai(2)-Wilhelt Zombies B3's Declare Blockers Step
Combat: Ai(3)-Wyleth Voltron B3 didn't block Wight of the Reliquary (135).
Zone Change: Zombie Token (415) was put into Graveyard from Battlefield.
Add To Stack: Ai(2)-Wilhelt Zombies B3 activated Wight of the Reliquary
Add To Stack: Ai(2)-Wilhelt Zombies B3 triggered Diregraf Captain targeting [Ai(3)-Wyleth Voltron B3]
Life: Life: Ai(3)-Wyleth Voltron B3 35 > 34
Resolve Stack: Whenever another Zombie you control dies, target opponent loses 1 life. (Targeting: [[Ai(3)-Wyleth Voltron B3]]) [Zone Changer: Zombie Token (415)]
Replacement Effect: Temple of Deceit enters tapped.
Resolve Stack: Wight of the Reliquary (135) - Ai(2)-Wilhelt Zombies B3 searches their library for a land card, puts it onto the battlefield tapped, then shuffles.
Add To Stack: Ai(2)-Wilhelt Zombies B3 triggered Temple of Deceit
Resolve Stack: Ai(2)-Wilhelt Zombies B3 scried 1 card(s) to the top of the library
Resolve Stack: When Temple of Deceit enters, scry 1. [Zone Changer: Temple of Deceit (112)]
Phase: Ai(2)-Wilhelt Zombies B3's First Strike Damage Step
Phase: Ai(2)-Wilhelt Zombies B3's Combat Damage Step
Damage: Wight of the Reliquary (135) deals 6 combat damage to Ai(3)-Wyleth Voltron B3.
Life: Life: Ai(3)-Wyleth Voltron B3 34 > 28
Phase: Ai(2)-Wilhelt Zombies B3's End of Combat Step
Phase: Ai(2)-Wilhelt Zombies B3's Main phase, postcombat
Phase: Ai(2)-Wilhelt Zombies B3's End step
Add To Stack: Ai(2)-Wilhelt Zombies B3 triggered Wilhelt, the Rotcleaver
Resolve Stack: At the beginning of your end step, you may sacrifice a Zombie. If you do, draw a card. [Phase: Ai(2)-Wilhelt Zombies B3]
Phase: Ai(2)-Wilhelt Zombies B3's Cleanup step
Turn: Turn 46 (Ai(3)-Wyleth Voltron B3)
Phase: Ai(3)-Wyleth Voltron B3's Untap step
Phase: Ai(3)-Wyleth Voltron B3's Upkeep step
Phase: Ai(3)-Wyleth Voltron B3's Draw step
Mana: Mountain (289) - {T}: Add {R}.
Mana: Plains (260) - {T}: Add {W}.
Add To Stack: Ai(3)-Wyleth Voltron B3 cast Abrade
Damage: Abrade (247) deals 3 damage to Diregraf Captain (118).
Resolve Stack: Abrade (247) -  Abrade deals 3 damage to target creature. (Targeting: Diregraf Captain (118))
Zone Change: Diregraf Captain (118) was put into Graveyard from Battlefield.
Add To Stack: Ai(2)-Wilhelt Zombies B3 triggered Wilhelt, the Rotcleaver
Resolve Stack: Whenever another Zombie you control dies, if it didn't have decayed, create a 2/2 black Zombie creature token with decayed. (It can't block. When it attacks, sacrifice it at end of combat.) [Zone Changer: Diregraf Captain (118)]
Phase: Ai(3)-Wyleth Voltron B3's Main phase, precombat
Phase: Ai(3)-Wyleth Voltron B3's Beginning of Combat Step
Phase: Ai(3)-Wyleth Voltron B3's Declare Attackers Step
Combat: Ai(3)-Wyleth Voltron B3 assigned Balan, Wandering Knight (202) and Stonehewer Giant (222) to attack Ai(2)-Wilhelt Zombies B3.
Phase: Ai(3)-Wyleth Voltron B3's Declare Blockers Step
Combat: Ai(2)-Wilhelt Zombies B3 didn't block Balan, Wandering Knight (202).
Ai(2)-Wilhelt Zombies B3 assigned Wilhelt, the Rotcleaver (200) to block Stonehewer Giant (222).
Mana: Plains (265) - {T}: Add {W}.
Mana: Fellwar Stone (230) - {T}: Add one mana of any color that a land an opponent controls could produce.
Add To Stack: Ai(3)-Wyleth Voltron B3 activated Stonehewer Giant
Resolve Stack: Stonehewer Giant (222) - Ai(3)-Wyleth Voltron B3 searches their library for a Card.Equipment+YouOwn card, puts it onto the battlefield, then shuffles.
Add To Stack: Ai(3)-Wyleth Voltron B3 triggered Hammer of Nazahn targeting [Stonehewer Giant (222)]
Add To Stack: Ai(3)-Wyleth Voltron B3 triggered Sigarda's Aid targeting [Stonehewer Giant (222)]
Resolve Stack: Whenever an Equipment you control enters, you may attach it to target creature you control. (Targeting: [[Stonehewer Giant (222)]]) [Zone Changer: Loxodon Warhammer (299)]
Resolve Stack: Whenever Hammer of Nazahn or another Equipment you control enters, you may attach that Equipment to target creature you control. (Targeting: [[Stonehewer Giant (222)]]) [Zone Changer: Loxodon Warhammer (299)]
Phase: Ai(3)-Wyleth Voltron B3's First Strike Damage Step
Damage: Balan, Wandering Knight (202) deals 8 combat damage to Ai(2)-Wilhelt Zombies B3.
Life: Life: Ai(3)-Wyleth Voltron B3 28 > 36
Life: Life: Ai(2)-Wilhelt Zombies B3 16 > 8
Phase: Ai(3)-Wyleth Voltron B3's Combat Damage Step
Damage: Balan, Wandering Knight (202) deals 8 combat damage to Ai(2)-Wilhelt Zombies B3.
Life: Life: Ai(3)-Wyleth Voltron B3 36 > 44
Damage: Stonehewer Giant (222) deals 4 combat damage to Ai(2)-Wilhelt Zombies B3.
Damage: Stonehewer Giant (222) deals 3 damage to Wilhelt, the Rotcleaver (200).
Life: Life: Ai(3)-Wyleth Voltron B3 44 > 51
Damage: Wilhelt, the Rotcleaver (200) deals 3 damage to Stonehewer Giant (222).
Life: Life: Ai(2)-Wilhelt Zombies B3 8 > -4
Player Control: Ai(1)-Kilo Helm Final has restored control over themself
Player Control: Ai(2)-Wilhelt Zombies B3 has restored control over themself
Player Control: Ai(3)-Wyleth Voltron B3 has restored control over themself
Player Control: Ai(4)-Drana Vampires has restored control over themself
Game Outcome: Turn 23
Game Outcome: Ai(1)-Kilo Helm Final has lost because life total reached 0
Game Outcome: Ai(2)-Wilhelt Zombies B3 has lost because life total reached 0
Game Outcome: Ai(3)-Wyleth Voltron B3 has won because all opponents have lost
Game Outcome: Ai(4)-Drana Vampires has lost because life total reached 0
Match Result: Ai(1)-Kilo Helm Final: 2 Ai(2)-Wilhelt Zombies B3: 0 Ai(3)-Wyleth Voltron B3: 2 Ai(4)-Drana Vampires: 4 

Game Result: Game 8 ended in 39316 ms. Ai(3)-Wyleth Voltron B3 has won!

