Error handling registered!
08:44:35 [INFO ] GuiBase: ##########################################
08:44:35 [INFO ] GuiBase: APP: Forge v.2.0.13-SNAPSHOT-06.22
08:44:35 [INFO ] GuiBase: Java: 17.0.20 (Homebrew)
08:44:35 [INFO ] GuiBase: OS: Mac OS X 15.7.5 aarch64
08:44:35 [INFO ] GuiBase: RAM: 4096 MB max, 12 CPUs
08:44:35 [INFO ] GuiBase: ##########################################
Language 'en-US' loaded successfully.
(ThreadUtil first call): Running with priority 5
Read cards: 33319 archived files in 0 ms (25 parts) using thread pool
Upcoming set Star Trek (TRK) dated in the future. All `upcoming` cards will be added to this set with unknown rarity.
The card A-Alrund's Epiphany was not assigned to any set. Adding it to UNKNOWN set... to fix see res/editions/ folder. 
The card A-Baba Lysaga, Night Witch was not assigned to any set. Adding it to UNKNOWN set... to fix see res/editions/ folder. 
The card A-Divide by Zero was not assigned to any set. Adding it to UNKNOWN set... to fix see res/editions/ folder. 
The card A-Esika's Chariot was not assigned to any set. Adding it to UNKNOWN set... to fix see res/editions/ folder. 
The card A-Faceless Haven was not assigned to any set. Adding it to UNKNOWN set... to fix see res/editions/ folder. 
The card A-Fires of Invention was not assigned to any set. Adding it to UNKNOWN set... to fix see res/editions/ folder. 
The card A-Goldspan Dragon was not assigned to any set. Adding it to UNKNOWN set... to fix see res/editions/ folder. 
The card A-Hullbreaker Horror was not assigned to any set. Adding it to UNKNOWN set... to fix see res/editions/ folder. 
The card A-Kumano Faces Kakkazan was not assigned to any set. Adding it to UNKNOWN set... to fix see res/editions/ folder. 
The card A-Luminarch Aspirant was not assigned to any set. Adding it to UNKNOWN set... to fix see res/editions/ folder. 
The card A-Monster Manual was not assigned to any set. Adding it to UNKNOWN set... to fix see res/editions/ folder. 
The card A-Omnath, Locus of Creation was not assigned to any set. Adding it to UNKNOWN set... to fix see res/editions/ folder. 
The card A-The Meathook Massacre was not assigned to any set. Adding it to UNKNOWN set... to fix see res/editions/ folder. 
The card A-Unholy Heat was not assigned to any set. Adding it to UNKNOWN set... to fix see res/editions/ folder. 
The card Blinding Radiance was not assigned to any set. Adding it to UNKNOWN set... to fix see res/editions/ folder. 
The card Goblin Bruiser was not assigned to any set. Adding it to UNKNOWN set... to fix see res/editions/ folder. 
The card Ogre Painbringer was not assigned to any set. Adding it to UNKNOWN set... to fix see res/editions/ folder. 
The card Titanic Pelagosaur was not assigned to any set. Adding it to UNKNOWN set... to fix see res/editions/ folder. 
The card Treetop Recluse was not assigned to any set. Adding it to UNKNOWN set... to fix see res/editions/ folder. 
Upcoming set Star Trek (TRK) dated in the future. All `upcoming` cards will be added to this set with unknown rarity.
Read cards: 821 files in 0 ms (8 parts) using thread pool
Simulation mode
Ai(1)-Slurrk Oozes B3 vs Ai(2)-Kambal Taxes B3 vs Ai(3)-Kilo Helm Final vs Ai(4)-Nekusar Punisher B3 - four games of Commander
Warning: default (ie. inherited from base class) implementation of confirmAction is used by Kambal, Consul of Allocation for forge.ai.ability.PermanentCreatureAi. Consider declaring an overloaded method
Warning: default (ie. inherited from base class) implementation of confirmAction is used by Kilo, Apogee Mind for forge.ai.ability.PermanentCreatureAi. Consider declaring an overloaded method
Warning: default (ie. inherited from base class) implementation of confirmAction is used by Nekusar, the Mindrazer for forge.ai.ability.PermanentCreatureAi. Consider declaring an overloaded method
Warning: default (ie. inherited from base class) implementation of confirmAction is used by Kilo, Apogee Mind for forge.ai.ability.PermanentCreatureAi. Consider declaring an overloaded method
Warning: default (ie. inherited from base class) implementation of confirmAction is used by Nekusar, the Mindrazer for forge.ai.ability.PermanentCreatureAi. Consider declaring an overloaded method
Warning: default (ie. inherited from base class) implementation of confirmAction is used by Nekusar, the Mindrazer for forge.ai.ability.PermanentCreatureAi. Consider declaring an overloaded method
Active player is no longer in the game...
Active player is no longer in the game...
Active player is no longer in the game...
Active player is no longer in the game...
Warning: default (ie. inherited from base class) implementation of confirmAction is used by Slurrk, All-Ingesting for forge.ai.ability.PermanentCreatureAi. Consider declaring an overloaded method
Active player is no longer in the game...
Active player is no longer in the game...
Active player is no longer in the game...
Active player is no longer in the game...
Active player is no longer in the game...
Active player is no longer in the game...
Mulligan: Ai(3)-Kilo Helm Final has kept a hand of 7 cards
Mulligan: Ai(4)-Nekusar Punisher B3 has kept a hand of 7 cards
Mulligan: Ai(1)-Slurrk Oozes B3 has kept a hand of 7 cards
Mulligan: Ai(2)-Kambal Taxes B3 has kept a hand of 7 cards
Turn: Turn 1 (Ai(3)-Kilo Helm Final)
Phase: Ai(3)-Kilo Helm Final's Untap step
Phase: Ai(3)-Kilo Helm Final's Upkeep step
Phase: Ai(3)-Kilo Helm Final's Draw step
Phase: Ai(3)-Kilo Helm Final's Main phase, precombat
Land: Ai(3)-Kilo Helm Final played Shivan Reef (236)
Phase: Ai(3)-Kilo Helm Final's Beginning of Combat Step
Phase: Ai(3)-Kilo Helm Final's Declare Attackers Step
Phase: Ai(3)-Kilo Helm Final's Declare Blockers Step
Phase: Ai(3)-Kilo Helm Final's First Strike Damage Step
Phase: Ai(3)-Kilo Helm Final's Combat Damage Step
Phase: Ai(3)-Kilo Helm Final's End of Combat Step
Phase: Ai(3)-Kilo Helm Final's Main phase, postcombat
Mana: Shivan Reef (236) - {T}: Add {C}.
Add To Stack: Ai(3)-Kilo Helm Final cast Adamantium Bonding Tank
Resolve Stack: The Ozolith
Phase: Ai(3)-Kilo Helm Final's End step
Phase: Ai(3)-Kilo Helm Final's Cleanup step
Turn: Turn 2 (Ai(4)-Nekusar Punisher B3)
Phase: Ai(4)-Nekusar Punisher B3's Untap step
Phase: Ai(4)-Nekusar Punisher B3's Upkeep step
Phase: Ai(4)-Nekusar Punisher B3's Draw step
Phase: Ai(4)-Nekusar Punisher B3's Main phase, precombat
Land: Ai(4)-Nekusar Punisher B3 played Swamp (390)
Phase: Ai(4)-Nekusar Punisher B3's Beginning of Combat Step
Phase: Ai(4)-Nekusar Punisher B3's Declare Attackers Step
Phase: Ai(4)-Nekusar Punisher B3's Declare Blockers Step
Phase: Ai(4)-Nekusar Punisher B3's First Strike Damage Step
Phase: Ai(4)-Nekusar Punisher B3's Combat Damage Step
Phase: Ai(4)-Nekusar Punisher B3's End of Combat Step
Phase: Ai(4)-Nekusar Punisher B3's Main phase, postcombat
Mana: Swamp (390) - {T}: Add {B}.
Add To Stack: Ai(4)-Nekusar Punisher B3 cast Kederekt Parasite
Resolve Stack: Kederekt Parasite - Creature 1 / 1
Phase: Ai(4)-Nekusar Punisher B3's End step
Phase: Ai(4)-Nekusar Punisher B3's Cleanup step
Turn: Turn 3 (Ai(1)-Slurrk Oozes B3)
Phase: Ai(1)-Slurrk Oozes B3's Untap step
Phase: Ai(1)-Slurrk Oozes B3's Upkeep step
Phase: Ai(1)-Slurrk Oozes B3's Draw step
Phase: Ai(1)-Slurrk Oozes B3's Main phase, precombat
Replacement Effect: Temple of Malady enters tapped.
Land: Ai(1)-Slurrk Oozes B3 played Temple of Malady (17)
Add To Stack: Ai(1)-Slurrk Oozes B3 triggered Temple of Malady
Resolve Stack: Ai(1)-Slurrk Oozes B3 scried 1 card(s) to the bottom of the library
Resolve Stack: When Temple of Malady enters, scry 1. [Zone Changer: Temple of Malady (17)]
Phase: Ai(1)-Slurrk Oozes B3's Beginning of Combat Step
Phase: Ai(1)-Slurrk Oozes B3's Declare Attackers Step
Phase: Ai(1)-Slurrk Oozes B3's Declare Blockers Step
Phase: Ai(1)-Slurrk Oozes B3's First Strike Damage Step
Phase: Ai(1)-Slurrk Oozes B3's Combat Damage Step
Phase: Ai(1)-Slurrk Oozes B3's End of Combat Step
Phase: Ai(1)-Slurrk Oozes B3's Main phase, postcombat
Phase: Ai(1)-Slurrk Oozes B3's End step
Phase: Ai(1)-Slurrk Oozes B3's Cleanup step
Turn: Turn 4 (Ai(2)-Kambal Taxes B3)
Phase: Ai(2)-Kambal Taxes B3's Untap step
Phase: Ai(2)-Kambal Taxes B3's Upkeep step
Phase: Ai(2)-Kambal Taxes B3's Draw step
Phase: Ai(2)-Kambal Taxes B3's Main phase, precombat
Land: Ai(2)-Kambal Taxes B3 played Plains (152)
Phase: Ai(2)-Kambal Taxes B3's Beginning of Combat Step
Phase: Ai(2)-Kambal Taxes B3's Declare Attackers Step
Phase: Ai(2)-Kambal Taxes B3's Declare Blockers Step
Phase: Ai(2)-Kambal Taxes B3's First Strike Damage Step
Phase: Ai(2)-Kambal Taxes B3's Combat Damage Step
Phase: Ai(2)-Kambal Taxes B3's End of Combat Step
Phase: Ai(2)-Kambal Taxes B3's Main phase, postcombat
Phase: Ai(2)-Kambal Taxes B3's End step
Phase: Ai(2)-Kambal Taxes B3's Cleanup step
Turn: Turn 5 (Ai(3)-Kilo Helm Final)
Phase: Ai(3)-Kilo Helm Final's Untap step
Phase: Ai(3)-Kilo Helm Final's Upkeep step
Phase: Ai(3)-Kilo Helm Final's Draw step
Phase: Ai(3)-Kilo Helm Final's Main phase, precombat
Phase: Ai(3)-Kilo Helm Final's Beginning of Combat Step
Phase: Ai(3)-Kilo Helm Final's Declare Attackers Step
Phase: Ai(3)-Kilo Helm Final's Declare Blockers Step
Phase: Ai(3)-Kilo Helm Final's First Strike Damage Step
Phase: Ai(3)-Kilo Helm Final's Combat Damage Step
Phase: Ai(3)-Kilo Helm Final's End of Combat Step
Phase: Ai(3)-Kilo Helm Final's Main phase, postcombat
Replacement Effect: Silverbluff Bridge enters tapped.
Land: Ai(3)-Kilo Helm Final played Silverbluff Bridge (227)
Phase: Ai(3)-Kilo Helm Final's End step
Phase: Ai(3)-Kilo Helm Final's Cleanup step
Turn: Turn 6 (Ai(4)-Nekusar Punisher B3)
Phase: Ai(4)-Nekusar Punisher B3's Untap step
Phase: Ai(4)-Nekusar Punisher B3's Upkeep step
Phase: Ai(4)-Nekusar Punisher B3's Draw step
Phase: Ai(4)-Nekusar Punisher B3's Main phase, precombat
Land: Ai(4)-Nekusar Punisher B3 played Mountain (383)
Phase: Ai(4)-Nekusar Punisher B3's Beginning of Combat Step
Phase: Ai(4)-Nekusar Punisher B3's Declare Attackers Step
Combat: Ai(4)-Nekusar Punisher B3 assigned Kederekt Parasite (343) to attack Ai(3)-Kilo Helm Final.
Phase: Ai(4)-Nekusar Punisher B3's Declare Blockers Step
Combat: Ai(3)-Kilo Helm Final didn't block Kederekt Parasite (343).
Phase: Ai(4)-Nekusar Punisher B3's First Strike Damage Step
Phase: Ai(4)-Nekusar Punisher B3's Combat Damage Step
Damage: Kederekt Parasite (343) deals 1 combat damage to Ai(3)-Kilo Helm Final.
Life: Life: Ai(3)-Kilo Helm Final 40 > 39
Phase: Ai(4)-Nekusar Punisher B3's End of Combat Step
Phase: Ai(4)-Nekusar Punisher B3's Main phase, postcombat
Mana: Swamp (390) - {T}: Add {B}.
Mana: Mountain (383) - {T}: Add {R}.
Add To Stack: Ai(4)-Nekusar Punisher B3 cast Arcane Signet
Resolve Stack: Arcane Signet
Phase: Ai(4)-Nekusar Punisher B3's End step
Phase: Ai(4)-Nekusar Punisher B3's Cleanup step
Turn: Turn 7 (Ai(1)-Slurrk Oozes B3)
Phase: Ai(1)-Slurrk Oozes B3's Untap step
Phase: Ai(1)-Slurrk Oozes B3's Upkeep step
Phase: Ai(1)-Slurrk Oozes B3's Draw step
Phase: Ai(1)-Slurrk Oozes B3's Main phase, precombat
Land: Ai(1)-Slurrk Oozes B3 played Forest (38)
Phase: Ai(1)-Slurrk Oozes B3's Beginning of Combat Step
Phase: Ai(1)-Slurrk Oozes B3's Declare Attackers Step
Phase: Ai(1)-Slurrk Oozes B3's Declare Blockers Step
Phase: Ai(1)-Slurrk Oozes B3's First Strike Damage Step
Phase: Ai(1)-Slurrk Oozes B3's Combat Damage Step
Phase: Ai(1)-Slurrk Oozes B3's End of Combat Step
Phase: Ai(1)-Slurrk Oozes B3's Main phase, postcombat
Phase: Ai(1)-Slurrk Oozes B3's End step
Phase: Ai(1)-Slurrk Oozes B3's Cleanup step
Turn: Turn 8 (Ai(2)-Kambal Taxes B3)
Phase: Ai(2)-Kambal Taxes B3's Untap step
Phase: Ai(2)-Kambal Taxes B3's Upkeep step
Phase: Ai(2)-Kambal Taxes B3's Draw step
Phase: Ai(2)-Kambal Taxes B3's Main phase, precombat
Land: Ai(2)-Kambal Taxes B3 played Swamp (176)
Phase: Ai(2)-Kambal Taxes B3's Beginning of Combat Step
Phase: Ai(2)-Kambal Taxes B3's Declare Attackers Step
Phase: Ai(2)-Kambal Taxes B3's Declare Blockers Step
Phase: Ai(2)-Kambal Taxes B3's First Strike Damage Step
Phase: Ai(2)-Kambal Taxes B3's Combat Damage Step
Phase: Ai(2)-Kambal Taxes B3's End of Combat Step
Phase: Ai(2)-Kambal Taxes B3's Main phase, postcombat
Mana: Plains (152) - {T}: Add {W}.
Mana: Swamp (176) - {T}: Add {B}.
Add To Stack: Ai(2)-Kambal Taxes B3 cast Ayli, Eternal Pilgrim
Resolve Stack: Ayli, Eternal Pilgrim - Creature 2 / 3
Phase: Ai(2)-Kambal Taxes B3's End step
Phase: Ai(2)-Kambal Taxes B3's Cleanup step
Turn: Turn 9 (Ai(3)-Kilo Helm Final)
Phase: Ai(3)-Kilo Helm Final's Untap step
Phase: Ai(3)-Kilo Helm Final's Upkeep step
Phase: Ai(3)-Kilo Helm Final's Draw step
Phase: Ai(3)-Kilo Helm Final's Main phase, precombat
Phase: Ai(3)-Kilo Helm Final's Beginning of Combat Step
Phase: Ai(3)-Kilo Helm Final's Declare Attackers Step
Phase: Ai(3)-Kilo Helm Final's Declare Blockers Step
Phase: Ai(3)-Kilo Helm Final's First Strike Damage Step
Phase: Ai(3)-Kilo Helm Final's Combat Damage Step
Phase: Ai(3)-Kilo Helm Final's End of Combat Step
Phase: Ai(3)-Kilo Helm Final's Main phase, postcombat
Land: Ai(3)-Kilo Helm Final played Plains (258)
Mana: Plains (258) - {T}: Add {W}.
Mana: Silverbluff Bridge (227) - {T}: Add {U} or {R}.
Add To Stack: Ai(3)-Kilo Helm Final cast Walking Ballista
Replacement Effect: Walking Ballista enters with X +1/+1 counters on it.
Resolve Stack: Walking Ballista - Creature 0 / 0 (X=1)
Add To Stack: Ai(3)-Kilo Helm Final activated Walking Ballista targeting [Kederekt Parasite (343)]
Zone Change: Walking Ballista (238) was put into Graveyard from Battlefield.
Damage: Walking Ballista (238) deals 1 damage to Kederekt Parasite (343).
Resolve Stack: Walking Ballista (238) - Walking Ballista (238) deals 1 damage to Kederekt Parasite (343).
Zone Change: Kederekt Parasite (343) was put into Graveyard from Battlefield.
Phase: Ai(3)-Kilo Helm Final's End step
Phase: Ai(3)-Kilo Helm Final's Cleanup step
Turn: Turn 10 (Ai(4)-Nekusar Punisher B3)
Phase: Ai(4)-Nekusar Punisher B3's Untap step
Phase: Ai(4)-Nekusar Punisher B3's Upkeep step
Phase: Ai(4)-Nekusar Punisher B3's Draw step
Phase: Ai(4)-Nekusar Punisher B3's Main phase, precombat
Replacement Effect: As Watery Grave enters, you may pay 2 life. If you don't, it enters tapped.
Land: Ai(4)-Nekusar Punisher B3 played Watery Grave (314)
Phase: Ai(4)-Nekusar Punisher B3's Beginning of Combat Step
Phase: Ai(4)-Nekusar Punisher B3's Declare Attackers Step
Phase: Ai(4)-Nekusar Punisher B3's Declare Blockers Step
Phase: Ai(4)-Nekusar Punisher B3's First Strike Damage Step
Phase: Ai(4)-Nekusar Punisher B3's Combat Damage Step
Phase: Ai(4)-Nekusar Punisher B3's End of Combat Step
Phase: Ai(4)-Nekusar Punisher B3's Main phase, postcombat
Mana: Mountain (383) - {T}: Add {R}.
Mana: Swamp (390) - {T}: Add {B}.
Add To Stack: Ai(4)-Nekusar Punisher B3 cast Fellwar Stone
Resolve Stack: Fellwar Stone
Phase: Ai(4)-Nekusar Punisher B3's End step
Phase: Ai(4)-Nekusar Punisher B3's Cleanup step
Turn: Turn 11 (Ai(1)-Slurrk Oozes B3)
Phase: Ai(1)-Slurrk Oozes B3's Untap step
Phase: Ai(1)-Slurrk Oozes B3's Upkeep step
Phase: Ai(1)-Slurrk Oozes B3's Draw step
Phase: Ai(1)-Slurrk Oozes B3's Main phase, precombat
Land: Ai(1)-Slurrk Oozes B3 played Swamp (92)
Phase: Ai(1)-Slurrk Oozes B3's Beginning of Combat Step
Phase: Ai(1)-Slurrk Oozes B3's Declare Attackers Step
Phase: Ai(1)-Slurrk Oozes B3's Declare Blockers Step
Phase: Ai(1)-Slurrk Oozes B3's First Strike Damage Step
Phase: Ai(1)-Slurrk Oozes B3's Combat Damage Step
Phase: Ai(1)-Slurrk Oozes B3's End of Combat Step
Phase: Ai(1)-Slurrk Oozes B3's Main phase, postcombat
Mana: Forest (38) - {T}: Add {G}.
Mana: Swamp (92) - {T}: Add {B}.
Mana: Temple of Malady (17) - {T}: Add {B} or {G}.
Add To Stack: Ai(1)-Slurrk Oozes B3 cast Evolution Sage
Resolve Stack: Evolution Sage - Creature 3 / 2
Phase: Ai(1)-Slurrk Oozes B3's End step
Phase: Ai(1)-Slurrk Oozes B3's Cleanup step
Turn: Turn 12 (Ai(2)-Kambal Taxes B3)
Phase: Ai(2)-Kambal Taxes B3's Untap step
Phase: Ai(2)-Kambal Taxes B3's Upkeep step
Phase: Ai(2)-Kambal Taxes B3's Draw step
Phase: Ai(2)-Kambal Taxes B3's Main phase, precombat
Land: Ai(2)-Kambal Taxes B3 played Plains (151)
Phase: Ai(2)-Kambal Taxes B3's Beginning of Combat Step
Phase: Ai(2)-Kambal Taxes B3's Declare Attackers Step
Phase: Ai(2)-Kambal Taxes B3's Declare Blockers Step
Phase: Ai(2)-Kambal Taxes B3's First Strike Damage Step
Phase: Ai(2)-Kambal Taxes B3's Combat Damage Step
Phase: Ai(2)-Kambal Taxes B3's End of Combat Step
Phase: Ai(2)-Kambal Taxes B3's Main phase, postcombat
Mana: Swamp (176) - {T}: Add {B}.
Mana: Plains (152) - {T}: Add {W}.
Mana: Plains (151) - {T}: Add {W}.
Add To Stack: Ai(2)-Kambal Taxes B3 cast Kambal, Consul of Allocation
Resolve Stack: Kambal, Consul of Allocation - Creature 2 / 3
Phase: Ai(2)-Kambal Taxes B3's End step
Phase: Ai(2)-Kambal Taxes B3's Cleanup step
Turn: Turn 13 (Ai(3)-Kilo Helm Final)
Phase: Ai(3)-Kilo Helm Final's Untap step
Phase: Ai(3)-Kilo Helm Final's Upkeep step
Phase: Ai(3)-Kilo Helm Final's Draw step
Phase: Ai(3)-Kilo Helm Final's Main phase, precombat
Land: Ai(3)-Kilo Helm Final played Island (264)
Mana: Plains (258) - {T}: Add {W}.
Mana: Silverbluff Bridge (227) - {T}: Add {U} or {R}.
Mana: Island (264) - {T}: Add {U}.
Add To Stack: Ai(3)-Kilo Helm Final cast Kilo, Apogee Mind
Resolve Stack: Kilo, Apogee Mind - Creature 3 / 3
Phase: Ai(3)-Kilo Helm Final's Beginning of Combat Step
Phase: Ai(3)-Kilo Helm Final's Declare Attackers Step
Phase: Ai(3)-Kilo Helm Final's Declare Blockers Step
Phase: Ai(3)-Kilo Helm Final's First Strike Damage Step
Phase: Ai(3)-Kilo Helm Final's Combat Damage Step
Phase: Ai(3)-Kilo Helm Final's End of Combat Step
Phase: Ai(3)-Kilo Helm Final's Main phase, postcombat
Phase: Ai(3)-Kilo Helm Final's End step
Phase: Ai(3)-Kilo Helm Final's Cleanup step
Turn: Turn 14 (Ai(4)-Nekusar Punisher B3)
Phase: Ai(4)-Nekusar Punisher B3's Untap step
Phase: Ai(4)-Nekusar Punisher B3's Upkeep step
Phase: Ai(4)-Nekusar Punisher B3's Draw step
Phase: Ai(4)-Nekusar Punisher B3's Main phase, precombat
Phase: Ai(4)-Nekusar Punisher B3's Beginning of Combat Step
Phase: Ai(4)-Nekusar Punisher B3's Declare Attackers Step
Phase: Ai(4)-Nekusar Punisher B3's Declare Blockers Step
Phase: Ai(4)-Nekusar Punisher B3's First Strike Damage Step
Phase: Ai(4)-Nekusar Punisher B3's Combat Damage Step
Phase: Ai(4)-Nekusar Punisher B3's End of Combat Step
Phase: Ai(4)-Nekusar Punisher B3's Main phase, postcombat
Land: Ai(4)-Nekusar Punisher B3 played Mountain (377)
Mana: Fellwar Stone (337) - {T}: Add one mana of any color that a land an opponent controls could produce.
Mana: Swamp (390) - {T}: Add {B}.
Mana: Mountain (383) - {T}: Add {R}.
Mana: Mountain (377) - {T}: Add {R}.
Mana: Watery Grave (314) - {T}: Add {B}.
Add To Stack: Ai(4)-Nekusar Punisher B3 cast Nekusar, the Mindrazer
Resolve Stack: Nekusar, the Mindrazer - Creature 2 / 4
Phase: Ai(4)-Nekusar Punisher B3's End step
Phase: Ai(4)-Nekusar Punisher B3's Cleanup step
Turn: Turn 15 (Ai(1)-Slurrk Oozes B3)
Phase: Ai(1)-Slurrk Oozes B3's Untap step
Phase: Ai(1)-Slurrk Oozes B3's Upkeep step
Phase: Ai(1)-Slurrk Oozes B3's Draw step
Add To Stack: Ai(4)-Nekusar Punisher B3 triggered Nekusar, the Mindrazer
Add To Stack: Ai(4)-Nekusar Punisher B3 triggered Nekusar, the Mindrazer
Resolve Stack: At the beginning of each player's draw step, that player draws an additional card. [Phase: Ai(1)-Slurrk Oozes B3]
Add To Stack: Ai(4)-Nekusar Punisher B3 triggered Nekusar, the Mindrazer
Damage: Nekusar, the Mindrazer (403) deals 1 non-combat damage to Ai(1)-Slurrk Oozes B3.
Life: Life: Ai(1)-Slurrk Oozes B3 40 > 39
Resolve Stack: Whenever an opponent draws a card, Nekusar, the Mindrazer deals 1 damage to that player. [Player: Ai(1)-Slurrk Oozes B3]
Damage: Nekusar, the Mindrazer (403) deals 1 non-combat damage to Ai(1)-Slurrk Oozes B3.
Life: Life: Ai(1)-Slurrk Oozes B3 39 > 38
Resolve Stack: Whenever an opponent draws a card, Nekusar, the Mindrazer deals 1 damage to that player. [Player: Ai(1)-Slurrk Oozes B3]
Phase: Ai(1)-Slurrk Oozes B3's Main phase, precombat
Land: Ai(1)-Slurrk Oozes B3 played Forest (54)
Add To Stack: Ai(1)-Slurrk Oozes B3 triggered Evolution Sage
Resolve Stack: Landfall — Whenever a land you control enters, proliferate. (Choose any number of permanents and/or players, then give each another counter of each kind already there.) [Zone Changer: Forest (54)]
Phase: Ai(1)-Slurrk Oozes B3's Beginning of Combat Step
Phase: Ai(1)-Slurrk Oozes B3's Declare Attackers Step
Phase: Ai(1)-Slurrk Oozes B3's Declare Blockers Step
Phase: Ai(1)-Slurrk Oozes B3's First Strike Damage Step
Phase: Ai(1)-Slurrk Oozes B3's Combat Damage Step
Phase: Ai(1)-Slurrk Oozes B3's End of Combat Step
Phase: Ai(1)-Slurrk Oozes B3's Main phase, postcombat
Mana: Swamp (92) - {T}: Add {B}.
Mana: Forest (38) - {T}: Add {G}.
Add To Stack: Ai(1)-Slurrk Oozes B3 cast Arcane Signet
Add To Stack: Ai(2)-Kambal Taxes B3 triggered Kambal, Consul of Allocation
Life: Life: Ai(1)-Slurrk Oozes B3 38 > 36
Life: Life: Ai(2)-Kambal Taxes B3 40 > 42
Resolve Stack: Whenever an opponent casts a noncreature spell, that player loses 2 life and you gain 2 life. [Card: Arcane Signet (95), Activator: Ai(1)-Slurrk Oozes B3, SpellAbility: Arcane Signet]
Resolve Stack: Arcane Signet
Phase: Ai(1)-Slurrk Oozes B3's End step
Phase: Ai(1)-Slurrk Oozes B3's Cleanup step
Turn: Turn 16 (Ai(2)-Kambal Taxes B3)
Phase: Ai(2)-Kambal Taxes B3's Untap step
Phase: Ai(2)-Kambal Taxes B3's Upkeep step
Phase: Ai(2)-Kambal Taxes B3's Draw step
Add To Stack: Ai(4)-Nekusar Punisher B3 triggered Nekusar, the Mindrazer
Add To Stack: Ai(4)-Nekusar Punisher B3 triggered Nekusar, the Mindrazer
Resolve Stack: At the beginning of each player's draw step, that player draws an additional card. [Phase: Ai(2)-Kambal Taxes B3]
Add To Stack: Ai(4)-Nekusar Punisher B3 triggered Nekusar, the Mindrazer
Damage: Nekusar, the Mindrazer (403) deals 1 non-combat damage to Ai(2)-Kambal Taxes B3.
Life: Life: Ai(2)-Kambal Taxes B3 42 > 41
Resolve Stack: Whenever an opponent draws a card, Nekusar, the Mindrazer deals 1 damage to that player. [Player: Ai(2)-Kambal Taxes B3]
Damage: Nekusar, the Mindrazer (403) deals 1 non-combat damage to Ai(2)-Kambal Taxes B3.
Life: Life: Ai(2)-Kambal Taxes B3 41 > 40
Resolve Stack: Whenever an opponent draws a card, Nekusar, the Mindrazer deals 1 damage to that player. [Player: Ai(2)-Kambal Taxes B3]
Phase: Ai(2)-Kambal Taxes B3's Main phase, precombat
Land: Ai(2)-Kambal Taxes B3 played Swamp (184)
Phase: Ai(2)-Kambal Taxes B3's Beginning of Combat Step
Phase: Ai(2)-Kambal Taxes B3's Declare Attackers Step
Combat: Ai(2)-Kambal Taxes B3 assigned Ayli, Eternal Pilgrim (122) to attack Ai(4)-Nekusar Punisher B3.
Phase: Ai(2)-Kambal Taxes B3's Declare Blockers Step
Combat: Ai(4)-Nekusar Punisher B3 didn't block Ayli, Eternal Pilgrim (122).
Phase: Ai(2)-Kambal Taxes B3's First Strike Damage Step
Phase: Ai(2)-Kambal Taxes B3's Combat Damage Step
Damage: Ayli, Eternal Pilgrim (122) deals 2 combat damage to Ai(4)-Nekusar Punisher B3.
Life: Life: Ai(4)-Nekusar Punisher B3 40 > 38
Phase: Ai(2)-Kambal Taxes B3's End of Combat Step
Phase: Ai(2)-Kambal Taxes B3's Main phase, postcombat
Mana: Swamp (176) - {T}: Add {B}.
Mana: Plains (152) - {T}: Add {W}.
Mana: Plains (151) - {T}: Add {W}.
Add To Stack: Ai(2)-Kambal Taxes B3 cast Bastion of Remembrance
Resolve Stack: Bastion of Remembrance
Add To Stack: Ai(2)-Kambal Taxes B3 triggered Bastion of Remembrance
Resolve Stack: When Bastion of Remembrance enters, create a 1/1 white Human Soldier creature token. [Zone Changer: Bastion of Remembrance (125)]
Phase: Ai(2)-Kambal Taxes B3's End step
Phase: Ai(2)-Kambal Taxes B3's Cleanup step
Turn: Turn 17 (Ai(3)-Kilo Helm Final)
Phase: Ai(3)-Kilo Helm Final's Untap step
Phase: Ai(3)-Kilo Helm Final's Upkeep step
Phase: Ai(3)-Kilo Helm Final's Draw step
Add To Stack: Ai(4)-Nekusar Punisher B3 triggered Nekusar, the Mindrazer
Add To Stack: Ai(4)-Nekusar Punisher B3 triggered Nekusar, the Mindrazer
Resolve Stack: At the beginning of each player's draw step, that player draws an additional card. [Phase: Ai(3)-Kilo Helm Final]
Add To Stack: Ai(4)-Nekusar Punisher B3 triggered Nekusar, the Mindrazer
Damage: Nekusar, the Mindrazer (403) deals 1 non-combat damage to Ai(3)-Kilo Helm Final.
Life: Life: Ai(3)-Kilo Helm Final 39 > 38
Resolve Stack: Whenever an opponent draws a card, Nekusar, the Mindrazer deals 1 damage to that player. [Player: Ai(3)-Kilo Helm Final]
Damage: Nekusar, the Mindrazer (403) deals 1 non-combat damage to Ai(3)-Kilo Helm Final.
Life: Life: Ai(3)-Kilo Helm Final 38 > 37
Resolve Stack: Whenever an opponent draws a card, Nekusar, the Mindrazer deals 1 damage to that player. [Player: Ai(3)-Kilo Helm Final]
Phase: Ai(3)-Kilo Helm Final's Main phase, precombat
Land: Ai(3)-Kilo Helm Final played Spire of Industry (212)
Phase: Ai(3)-Kilo Helm Final's Beginning of Combat Step
Phase: Ai(3)-Kilo Helm Final's Declare Attackers Step
Combat: Ai(3)-Kilo Helm Final assigned Kilo, Apogee Mind (302) to attack Ai(2)-Kambal Taxes B3.
Add To Stack: Ai(3)-Kilo Helm Final triggered Kilo, Apogee Mind
Resolve Stack: Whenever Kilo becomes tapped, proliferate. (Choose any number of permanents and/or players, then give each another counter of each kind already there.) [Tapped: Kilo, Apogee Mind (302)]
Phase: Ai(3)-Kilo Helm Final's Declare Blockers Step
Combat: Ai(2)-Kambal Taxes B3 didn't block Kilo, Apogee Mind (302).
Phase: Ai(3)-Kilo Helm Final's First Strike Damage Step
Phase: Ai(3)-Kilo Helm Final's Combat Damage Step
Damage: Kilo, Apogee Mind (302) deals 3 combat damage to Ai(2)-Kambal Taxes B3.
Life: Life: Ai(2)-Kambal Taxes B3 40 > 37
Phase: Ai(3)-Kilo Helm Final's End of Combat Step
Phase: Ai(3)-Kilo Helm Final's Main phase, postcombat
Mana: Plains (258) - {T}: Add {W}.
Mana: Island (264) - {T}: Add {U}.
Mana: Silverbluff Bridge (227) - {T}: Add {U} or {R}.
Add To Stack: Ai(3)-Kilo Helm Final cast Foundry Inspector
Resolve Stack: Foundry Inspector - Creature 3 / 2
Mana: Shivan Reef (236) - {T}: Add {C}.
Add To Stack: Ai(3)-Kilo Helm Final cast Coretapper
Resolve Stack: Coretapper - Creature 1 / 1
Mana: Spire of Industry (212) - {T}: Add {C}.
Add To Stack: Ai(3)-Kilo Helm Final cast Arcane Signet
Add To Stack: Ai(2)-Kambal Taxes B3 triggered Kambal, Consul of Allocation
Life: Life: Ai(3)-Kilo Helm Final 37 > 35
Life: Life: Ai(2)-Kambal Taxes B3 37 > 39
Resolve Stack: Whenever an opponent casts a noncreature spell, that player loses 2 life and you gain 2 life. [Card: Arcane Signet (296), Activator: Ai(3)-Kilo Helm Final, SpellAbility: Arcane Signet]
Resolve Stack: Arcane Signet
Phase: Ai(3)-Kilo Helm Final's End step
Phase: Ai(3)-Kilo Helm Final's Cleanup step
Turn: Turn 18 (Ai(4)-Nekusar Punisher B3)
Phase: Ai(4)-Nekusar Punisher B3's Untap step
Phase: Ai(4)-Nekusar Punisher B3's Upkeep step
Phase: Ai(4)-Nekusar Punisher B3's Draw step
Add To Stack: Ai(4)-Nekusar Punisher B3 triggered Nekusar, the Mindrazer
Resolve Stack: At the beginning of each player's draw step, that player draws an additional card. [Phase: Ai(4)-Nekusar Punisher B3]
Phase: Ai(4)-Nekusar Punisher B3's Main phase, precombat
Phase: Ai(4)-Nekusar Punisher B3's Beginning of Combat Step
Phase: Ai(4)-Nekusar Punisher B3's Declare Attackers Step
Combat: Ai(4)-Nekusar Punisher B3 assigned Nekusar, the Mindrazer (403) to attack Ai(3)-Kilo Helm Final.
Phase: Ai(4)-Nekusar Punisher B3's Declare Blockers Step
Combat: Ai(3)-Kilo Helm Final didn't block Nekusar, the Mindrazer (403).
Phase: Ai(4)-Nekusar Punisher B3's First Strike Damage Step
Phase: Ai(4)-Nekusar Punisher B3's Combat Damage Step
Damage: Nekusar, the Mindrazer (403) deals 2 combat damage to Ai(3)-Kilo Helm Final.
Life: Life: Ai(3)-Kilo Helm Final 35 > 33
Phase: Ai(4)-Nekusar Punisher B3's End of Combat Step
Phase: Ai(4)-Nekusar Punisher B3's Main phase, postcombat
Land: Ai(4)-Nekusar Punisher B3 played Island (355)
Mana: Swamp (390) - {T}: Add {B}.
Mana: Fellwar Stone (337) - {T}: Add one mana of any color that a land an opponent controls could produce.
Mana: Watery Grave (314) - {T}: Add {B}.
Add To Stack: Ai(4)-Nekusar Punisher B3 cast Underworld Dreams
Add To Stack: Ai(2)-Kambal Taxes B3 triggered Kambal, Consul of Allocation
Life: Life: Ai(4)-Nekusar Punisher B3 38 > 36
Life: Life: Ai(2)-Kambal Taxes B3 39 > 41
Resolve Stack: Whenever an opponent casts a noncreature spell, that player loses 2 life and you gain 2 life. [Card: Underworld Dreams (329), Activator: Ai(4)-Nekusar Punisher B3, SpellAbility: Underworld Dreams]
Resolve Stack: Underworld Dreams
Mana: Mountain (383) - {T}: Add {R}.
Add To Stack: Ai(4)-Nekusar Punisher B3 cast Library of Leng
Add To Stack: Ai(2)-Kambal Taxes B3 triggered Kambal, Consul of Allocation
Life: Life: Ai(4)-Nekusar Punisher B3 36 > 34
Life: Life: Ai(2)-Kambal Taxes B3 41 > 43
Resolve Stack: Whenever an opponent casts a noncreature spell, that player loses 2 life and you gain 2 life. [Card: Library of Leng (305), Activator: Ai(4)-Nekusar Punisher B3, SpellAbility: Library of Leng]
Resolve Stack: Library of Leng
Phase: Ai(4)-Nekusar Punisher B3's End step
Phase: Ai(4)-Nekusar Punisher B3's Cleanup step
Turn: Turn 19 (Ai(1)-Slurrk Oozes B3)
Phase: Ai(1)-Slurrk Oozes B3's Untap step
Phase: Ai(1)-Slurrk Oozes B3's Upkeep step
Phase: Ai(1)-Slurrk Oozes B3's Draw step
Add To Stack: Ai(4)-Nekusar Punisher B3 triggered Nekusar, the Mindrazer
Add To Stack: Ai(4)-Nekusar Punisher B3 triggered Underworld Dreams
Add To Stack: Ai(4)-Nekusar Punisher B3 triggered Nekusar, the Mindrazer
Resolve Stack: At the beginning of each player's draw step, that player draws an additional card. [Phase: Ai(1)-Slurrk Oozes B3]
Add To Stack: Ai(4)-Nekusar Punisher B3 triggered Underworld Dreams
Add To Stack: Ai(4)-Nekusar Punisher B3 triggered Nekusar, the Mindrazer
Damage: Nekusar, the Mindrazer (403) deals 1 non-combat damage to Ai(1)-Slurrk Oozes B3.
Life: Life: Ai(1)-Slurrk Oozes B3 36 > 35
Resolve Stack: Whenever an opponent draws a card, Nekusar, the Mindrazer deals 1 damage to that player. [Player: Ai(1)-Slurrk Oozes B3]
Damage: Underworld Dreams (329) deals 1 non-combat damage to Ai(1)-Slurrk Oozes B3.
Life: Life: Ai(1)-Slurrk Oozes B3 35 > 34
Resolve Stack: Whenever an opponent draws a card, Underworld Dreams deals 1 damage to that player. [Player: Ai(1)-Slurrk Oozes B3]
Damage: Underworld Dreams (329) deals 1 non-combat damage to Ai(1)-Slurrk Oozes B3.
Life: Life: Ai(1)-Slurrk Oozes B3 34 > 33
Resolve Stack: Whenever an opponent draws a card, Underworld Dreams deals 1 damage to that player. [Player: Ai(1)-Slurrk Oozes B3]
Damage: Nekusar, the Mindrazer (403) deals 1 non-combat damage to Ai(1)-Slurrk Oozes B3.
Life: Life: Ai(1)-Slurrk Oozes B3 33 > 32
Resolve Stack: Whenever an opponent draws a card, Nekusar, the Mindrazer deals 1 damage to that player. [Player: Ai(1)-Slurrk Oozes B3]
Phase: Ai(1)-Slurrk Oozes B3's Main phase, precombat
Land: Ai(1)-Slurrk Oozes B3 played Llanowar Wastes (64)
Add To Stack: Ai(1)-Slurrk Oozes B3 triggered Evolution Sage
Resolve Stack: Landfall — Whenever a land you control enters, proliferate. (Choose any number of permanents and/or players, then give each another counter of each kind already there.) [Zone Changer: Llanowar Wastes (64)]
Phase: Ai(1)-Slurrk Oozes B3's Beginning of Combat Step
Phase: Ai(1)-Slurrk Oozes B3's Declare Attackers Step
Phase: Ai(1)-Slurrk Oozes B3's Declare Blockers Step
Phase: Ai(1)-Slurrk Oozes B3's First Strike Damage Step
Phase: Ai(1)-Slurrk Oozes B3's Combat Damage Step
Phase: Ai(1)-Slurrk Oozes B3's End of Combat Step
Phase: Ai(1)-Slurrk Oozes B3's Main phase, postcombat
Mana: Forest (38) - {T}: Add {G}.
Mana: Swamp (92) - {T}: Add {B}.
Mana: Forest (54) - {T}: Add {G}.
Mana: Arcane Signet (95) - {T}: Add one mana of any color in your commander's color identity.
Mana: Temple of Malady (17) - {T}: Add {B} or {G}.
Add To Stack: Ai(1)-Slurrk Oozes B3 cast Mitotic Slime
Resolve Stack: Mitotic Slime - Creature 4 / 4
Phase: Ai(1)-Slurrk Oozes B3's End step
Phase: Ai(1)-Slurrk Oozes B3's Cleanup step
Turn: Turn 20 (Ai(2)-Kambal Taxes B3)
Phase: Ai(2)-Kambal Taxes B3's Untap step
Phase: Ai(2)-Kambal Taxes B3's Upkeep step
Phase: Ai(2)-Kambal Taxes B3's Draw step
Add To Stack: Ai(4)-Nekusar Punisher B3 triggered Nekusar, the Mindrazer
Add To Stack: Ai(4)-Nekusar Punisher B3 triggered Underworld Dreams
Add To Stack: Ai(4)-Nekusar Punisher B3 triggered Nekusar, the Mindrazer
Resolve Stack: At the beginning of each player's draw step, that player draws an additional card. [Phase: Ai(2)-Kambal Taxes B3]
Add To Stack: Ai(4)-Nekusar Punisher B3 triggered Underworld Dreams
Add To Stack: Ai(4)-Nekusar Punisher B3 triggered Nekusar, the Mindrazer
Damage: Nekusar, the Mindrazer (403) deals 1 non-combat damage to Ai(2)-Kambal Taxes B3.
Life: Life: Ai(2)-Kambal Taxes B3 43 > 42
Resolve Stack: Whenever an opponent draws a card, Nekusar, the Mindrazer deals 1 damage to that player. [Player: Ai(2)-Kambal Taxes B3]
Damage: Underworld Dreams (329) deals 1 non-combat damage to Ai(2)-Kambal Taxes B3.
Life: Life: Ai(2)-Kambal Taxes B3 42 > 41
Resolve Stack: Whenever an opponent draws a card, Underworld Dreams deals 1 damage to that player. [Player: Ai(2)-Kambal Taxes B3]
Damage: Underworld Dreams (329) deals 1 non-combat damage to Ai(2)-Kambal Taxes B3.
Life: Life: Ai(2)-Kambal Taxes B3 41 > 40
Resolve Stack: Whenever an opponent draws a card, Underworld Dreams deals 1 damage to that player. [Player: Ai(2)-Kambal Taxes B3]
Damage: Nekusar, the Mindrazer (403) deals 1 non-combat damage to Ai(2)-Kambal Taxes B3.
Life: Life: Ai(2)-Kambal Taxes B3 40 > 39
Resolve Stack: Whenever an opponent draws a card, Nekusar, the Mindrazer deals 1 damage to that player. [Player: Ai(2)-Kambal Taxes B3]
Phase: Ai(2)-Kambal Taxes B3's Main phase, precombat
Land: Ai(2)-Kambal Taxes B3 played Swamp (174)
Phase: Ai(2)-Kambal Taxes B3's Beginning of Combat Step
Phase: Ai(2)-Kambal Taxes B3's Declare Attackers Step
Phase: Ai(2)-Kambal Taxes B3's Declare Blockers Step
Phase: Ai(2)-Kambal Taxes B3's First Strike Damage Step
Phase: Ai(2)-Kambal Taxes B3's Combat Damage Step
Phase: Ai(2)-Kambal Taxes B3's End of Combat Step
Phase: Ai(2)-Kambal Taxes B3's Main phase, postcombat
Mana: Swamp (176) - {T}: Add {B}.
Mana: Swamp (184) - {T}: Add {B}.
Mana: Swamp (174) - {T}: Add {B}.
Add To Stack: Ai(2)-Kambal Taxes B3 cast Phyrexian Arena
Mana: Island (355) - {T}: Add {U}.
Mana: Mountain (377) - {T}: Add {R}.
Add To Stack: Ai(4)-Nekusar Punisher B3 cast Negate targeting [Phyrexian Arena]
Add To Stack: Ai(2)-Kambal Taxes B3 triggered Kambal, Consul of Allocation
Life: Life: Ai(4)-Nekusar Punisher B3 34 > 32
Life: Life: Ai(2)-Kambal Taxes B3 39 > 41
Resolve Stack: Whenever an opponent casts a noncreature spell, that player loses 2 life and you gain 2 life. [Card: Negate (308), Activator: Ai(4)-Nekusar Punisher B3, SpellAbility: Counter target noncreature spell.]
Zone Change: Send countered spell to Graveyard
Resolve Stack: Negate (308) - Counter Phyrexian Arena (168).
Mana: Plains (152) - {T}: Add {W}.
Mana: Plains (151) - {T}: Add {W}.
Add To Stack: Ai(2)-Kambal Taxes B3 cast Fellwar Stone
Resolve Stack: Fellwar Stone
Phase: Ai(2)-Kambal Taxes B3's End step
Phase: Ai(2)-Kambal Taxes B3's Cleanup step
Turn: Turn 21 (Ai(3)-Kilo Helm Final)
Phase: Ai(3)-Kilo Helm Final's Untap step
Phase: Ai(3)-Kilo Helm Final's Upkeep step
Phase: Ai(3)-Kilo Helm Final's Draw step
Add To Stack: Ai(4)-Nekusar Punisher B3 triggered Nekusar, the Mindrazer
Add To Stack: Ai(4)-Nekusar Punisher B3 triggered Underworld Dreams
Add To Stack: Ai(4)-Nekusar Punisher B3 triggered Nekusar, the Mindrazer
Resolve Stack: At the beginning of each player's draw step, that player draws an additional card. [Phase: Ai(3)-Kilo Helm Final]
Add To Stack: Ai(4)-Nekusar Punisher B3 triggered Underworld Dreams
Add To Stack: Ai(4)-Nekusar Punisher B3 triggered Nekusar, the Mindrazer
Damage: Nekusar, the Mindrazer (403) deals 1 non-combat damage to Ai(3)-Kilo Helm Final.
Life: Life: Ai(3)-Kilo Helm Final 33 > 32
Resolve Stack: Whenever an opponent draws a card, Nekusar, the Mindrazer deals 1 damage to that player. [Player: Ai(3)-Kilo Helm Final]
Damage: Underworld Dreams (329) deals 1 non-combat damage to Ai(3)-Kilo Helm Final.
Life: Life: Ai(3)-Kilo Helm Final 32 > 31
Resolve Stack: Whenever an opponent draws a card, Underworld Dreams deals 1 damage to that player. [Player: Ai(3)-Kilo Helm Final]
Damage: Underworld Dreams (329) deals 1 non-combat damage to Ai(3)-Kilo Helm Final.
Life: Life: Ai(3)-Kilo Helm Final 31 > 30
Resolve Stack: Whenever an opponent draws a card, Underworld Dreams deals 1 damage to that player. [Player: Ai(3)-Kilo Helm Final]
Damage: Nekusar, the Mindrazer (403) deals 1 non-combat damage to Ai(3)-Kilo Helm Final.
Life: Life: Ai(3)-Kilo Helm Final 30 > 29
Resolve Stack: Whenever an opponent draws a card, Nekusar, the Mindrazer deals 1 damage to that player. [Player: Ai(3)-Kilo Helm Final]
Phase: Ai(3)-Kilo Helm Final's Main phase, precombat
Phase: Ai(3)-Kilo Helm Final's Beginning of Combat Step
Phase: Ai(3)-Kilo Helm Final's Declare Attackers Step
Phase: Ai(3)-Kilo Helm Final's Declare Blockers Step
Phase: Ai(3)-Kilo Helm Final's First Strike Damage Step
Phase: Ai(3)-Kilo Helm Final's Combat Damage Step
Phase: Ai(3)-Kilo Helm Final's End of Combat Step
Phase: Ai(3)-Kilo Helm Final's Main phase, postcombat
Land: Ai(3)-Kilo Helm Final played Buried Ruin (211)
Mana: Plains (258) - {T}: Add {W}.
Mana: Island (264) - {T}: Add {U}.
Add To Stack: Ai(3)-Kilo Helm Final cast Solar Array
Add To Stack: Ai(2)-Kambal Taxes B3 triggered Kambal, Consul of Allocation
Mana: Silverbluff Bridge (227) - {T}: Add {U} or {R}.
Mana: Arcane Signet (296) - {T}: Add one mana of any color in your commander's color identity.
Mana: Buried Ruin (211) - {T}: Add {C}.
Add To Stack: Ai(3)-Kilo Helm Final cast Thirst for Knowledge
Add To Stack: Ai(2)-Kambal Taxes B3 triggered Kambal, Consul of Allocation
Life: Life: Ai(3)-Kilo Helm Final 29 > 27
Life: Life: Ai(2)-Kambal Taxes B3 41 > 43
Resolve Stack: Whenever an opponent casts a noncreature spell, that player loses 2 life and you gain 2 life. [Card: Thirst for Knowledge (293), Activator: Ai(3)-Kilo Helm Final, SpellAbility: Draw three cards. Then discard two cards unless you discard an artifact card. ]
Discard: Ai(3)-Kilo Helm Final discards Patrolling Peacemaker (277).
Resolve Stack: Thirst for Knowledge (293) - Ai(3)-Kilo Helm Final draws three cards. Ai(3)-Kilo Helm Final discards two cards.
Add To Stack: Ai(4)-Nekusar Punisher B3 triggered Underworld Dreams
Add To Stack: Ai(4)-Nekusar Punisher B3 triggered Nekusar, the Mindrazer
Add To Stack: Ai(4)-Nekusar Punisher B3 triggered Underworld Dreams
Add To Stack: Ai(4)-Nekusar Punisher B3 triggered Nekusar, the Mindrazer
Add To Stack: Ai(4)-Nekusar Punisher B3 triggered Underworld Dreams
Add To Stack: Ai(4)-Nekusar Punisher B3 triggered Nekusar, the Mindrazer
Damage: Nekusar, the Mindrazer (403) deals 1 non-combat damage to Ai(3)-Kilo Helm Final.
Life: Life: Ai(3)-Kilo Helm Final 27 > 26
Resolve Stack: Whenever an opponent draws a card, Nekusar, the Mindrazer deals 1 damage to that player. [Player: Ai(3)-Kilo Helm Final]
Damage: Underworld Dreams (329) deals 1 non-combat damage to Ai(3)-Kilo Helm Final.
Life: Life: Ai(3)-Kilo Helm Final 26 > 25
Resolve Stack: Whenever an opponent draws a card, Underworld Dreams deals 1 damage to that player. [Player: Ai(3)-Kilo Helm Final]
Damage: Nekusar, the Mindrazer (403) deals 1 non-combat damage to Ai(3)-Kilo Helm Final.
Life: Life: Ai(3)-Kilo Helm Final 25 > 24
Resolve Stack: Whenever an opponent draws a card, Nekusar, the Mindrazer deals 1 damage to that player. [Player: Ai(3)-Kilo Helm Final]
Damage: Underworld Dreams (329) deals 1 non-combat damage to Ai(3)-Kilo Helm Final.
Life: Life: Ai(3)-Kilo Helm Final 24 > 23
Resolve Stack: Whenever an opponent draws a card, Underworld Dreams deals 1 damage to that player. [Player: Ai(3)-Kilo Helm Final]
Damage: Nekusar, the Mindrazer (403) deals 1 non-combat damage to Ai(3)-Kilo Helm Final.
Life: Life: Ai(3)-Kilo Helm Final 23 > 22
Resolve Stack: Whenever an opponent draws a card, Nekusar, the Mindrazer deals 1 damage to that player. [Player: Ai(3)-Kilo Helm Final]
Damage: Underworld Dreams (329) deals 1 non-combat damage to Ai(3)-Kilo Helm Final.
Life: Life: Ai(3)-Kilo Helm Final 22 > 21
Resolve Stack: Whenever an opponent draws a card, Underworld Dreams deals 1 damage to that player. [Player: Ai(3)-Kilo Helm Final]
Life: Life: Ai(3)-Kilo Helm Final 21 > 19
Life: Life: Ai(2)-Kambal Taxes B3 43 > 45
Resolve Stack: Whenever an opponent casts a noncreature spell, that player loses 2 life and you gain 2 life. [Card: Solar Array (245), Activator: Ai(3)-Kilo Helm Final, SpellAbility: Solar Array]
Resolve Stack: Solar Array
Damage: Shivan Reef (236) deals 1 non-combat damage to Ai(3)-Kilo Helm Final.
Life: Life: Ai(3)-Kilo Helm Final 19 > 18
Mana: Shivan Reef (236) - {T}: Add {U} or {R}. Shivan Reef deals 1 damage to you. 
Mana: Solar Array (245) - {T}: Add one mana of any color. When you next cast an artifact spell this turn, that spell gains sunburst. (If it's a creature, it enters with a +1/+1 counter on it for each color of mana spent to cast it. Otherwise, it enters with that many charge counters on it.) 
Mana: Spire of Industry (212) - {T}: Add {C}.
Add To Stack: Ai(3)-Kilo Helm Final cast Kappa Cannoneer
Add To Stack: Ai(3)-Kilo Helm Final triggered Solar Array (245)'s Effect
Resolve Stack: When you next cast an artifact spell this turn, that spell gains sunburst. (If it's a creature, it enters with a +1/+1 counter on it for each color of mana spent to cast it. Otherwise, it enters with that many charge counters on it.) [Card: Kappa Cannoneer (300), Activator: Ai(3)-Kilo Helm Final, SpellAbility: Kappa Cannoneer - Creature 4 / 4]
Replacement Effect: Sunburst (This enters with either a +1/+1 or charge counter on it for each color of mana spent to cast it based on whether it's a creature.)
Resolve Stack: Kappa Cannoneer - Creature 4 / 4
Add To Stack: Ai(3)-Kilo Helm Final triggered Kappa Cannoneer
Resolve Stack: Whenever an artifact you control enters, put a +1/+1 counter on Kappa Cannoneer and it can't be blocked this turn. [Zone Changer: Kappa Cannoneer (300)]
Phase: Ai(3)-Kilo Helm Final's End step
Phase: Ai(3)-Kilo Helm Final's Cleanup step
Turn: Turn 22 (Ai(4)-Nekusar Punisher B3)
Phase: Ai(4)-Nekusar Punisher B3's Untap step
Phase: Ai(4)-Nekusar Punisher B3's Upkeep step
Phase: Ai(4)-Nekusar Punisher B3's Draw step
Add To Stack: Ai(4)-Nekusar Punisher B3 triggered Nekusar, the Mindrazer
Resolve Stack: At the beginning of each player's draw step, that player draws an additional card. [Phase: Ai(4)-Nekusar Punisher B3]
Phase: Ai(4)-Nekusar Punisher B3's Main phase, precombat
Land: Ai(4)-Nekusar Punisher B3 played Swamp (395)
Phase: Ai(4)-Nekusar Punisher B3's Beginning of Combat Step
Phase: Ai(4)-Nekusar Punisher B3's Declare Attackers Step
Phase: Ai(4)-Nekusar Punisher B3's Declare Blockers Step
Phase: Ai(4)-Nekusar Punisher B3's First Strike Damage Step
Phase: Ai(4)-Nekusar Punisher B3's Combat Damage Step
Phase: Ai(4)-Nekusar Punisher B3's End of Combat Step
Phase: Ai(4)-Nekusar Punisher B3's Main phase, postcombat
Mana: Swamp (390) - {T}: Add {B}.
Mana: Mountain (383) - {T}: Add {R}.
Mana: Fellwar Stone (337) - {T}: Add one mana of any color that a land an opponent controls could produce.
Mana: Mountain (377) - {T}: Add {R}.
Mana: Island (355) - {T}: Add {U}.
Add To Stack: Ai(4)-Nekusar Punisher B3 cast Venser's Journal
Add To Stack: Ai(2)-Kambal Taxes B3 triggered Kambal, Consul of Allocation
Life: Life: Ai(4)-Nekusar Punisher B3 32 > 30
Life: Life: Ai(2)-Kambal Taxes B3 45 > 47
Resolve Stack: Whenever an opponent casts a noncreature spell, that player loses 2 life and you gain 2 life. [Card: Venser's Journal (333), Activator: Ai(4)-Nekusar Punisher B3, SpellAbility: Venser's Journal]
Resolve Stack: Venser's Journal
Mana: Swamp (395) - {T}: Add {B}.
Mana: Watery Grave (314) - {T}: Add {B}.
Mana: Arcane Signet (399) - {T}: Add one mana of any color in your commander's color identity.
Add To Stack: Ai(4)-Nekusar Punisher B3 cast Commander's Sphere
Add To Stack: Ai(2)-Kambal Taxes B3 triggered Kambal, Consul of Allocation
Life: Life: Ai(4)-Nekusar Punisher B3 30 > 28
Life: Life: Ai(2)-Kambal Taxes B3 47 > 49
Resolve Stack: Whenever an opponent casts a noncreature spell, that player loses 2 life and you gain 2 life. [Card: Commander's Sphere (323), Activator: Ai(4)-Nekusar Punisher B3, SpellAbility: Commander's Sphere]
Resolve Stack: Commander's Sphere
Phase: Ai(4)-Nekusar Punisher B3's End step
Phase: Ai(4)-Nekusar Punisher B3's Cleanup step
Turn: Turn 23 (Ai(1)-Slurrk Oozes B3)
Phase: Ai(1)-Slurrk Oozes B3's Untap step
Phase: Ai(1)-Slurrk Oozes B3's Upkeep step
Phase: Ai(1)-Slurrk Oozes B3's Draw step
Add To Stack: Ai(4)-Nekusar Punisher B3 triggered Nekusar, the Mindrazer
Add To Stack: Ai(4)-Nekusar Punisher B3 triggered Underworld Dreams
Add To Stack: Ai(4)-Nekusar Punisher B3 triggered Nekusar, the Mindrazer
Resolve Stack: At the beginning of each player's draw step, that player draws an additional card. [Phase: Ai(1)-Slurrk Oozes B3]
Add To Stack: Ai(4)-Nekusar Punisher B3 triggered Underworld Dreams
Add To Stack: Ai(4)-Nekusar Punisher B3 triggered Nekusar, the Mindrazer
Damage: Nekusar, the Mindrazer (403) deals 1 non-combat damage to Ai(1)-Slurrk Oozes B3.
Life: Life: Ai(1)-Slurrk Oozes B3 32 > 31
Resolve Stack: Whenever an opponent draws a card, Nekusar, the Mindrazer deals 1 damage to that player. [Player: Ai(1)-Slurrk Oozes B3]
Damage: Underworld Dreams (329) deals 1 non-combat damage to Ai(1)-Slurrk Oozes B3.
Life: Life: Ai(1)-Slurrk Oozes B3 31 > 30
Resolve Stack: Whenever an opponent draws a card, Underworld Dreams deals 1 damage to that player. [Player: Ai(1)-Slurrk Oozes B3]
Damage: Underworld Dreams (329) deals 1 non-combat damage to Ai(1)-Slurrk Oozes B3.
Life: Life: Ai(1)-Slurrk Oozes B3 30 > 29
Resolve Stack: Whenever an opponent draws a card, Underworld Dreams deals 1 damage to that player. [Player: Ai(1)-Slurrk Oozes B3]
Damage: Nekusar, the Mindrazer (403) deals 1 non-combat damage to Ai(1)-Slurrk Oozes B3.
Life: Life: Ai(1)-Slurrk Oozes B3 29 > 28
Resolve Stack: Whenever an opponent draws a card, Nekusar, the Mindrazer deals 1 damage to that player. [Player: Ai(1)-Slurrk Oozes B3]
Phase: Ai(1)-Slurrk Oozes B3's Main phase, precombat
Land: Ai(1)-Slurrk Oozes B3 played Swamp (81)
Add To Stack: Ai(1)-Slurrk Oozes B3 triggered Evolution Sage
Resolve Stack: Landfall — Whenever a land you control enters, proliferate. (Choose any number of permanents and/or players, then give each another counter of each kind already there.) [Zone Changer: Swamp (81)]
Phase: Ai(1)-Slurrk Oozes B3's Beginning of Combat Step
Phase: Ai(1)-Slurrk Oozes B3's Declare Attackers Step
Phase: Ai(1)-Slurrk Oozes B3's Declare Blockers Step
Phase: Ai(1)-Slurrk Oozes B3's First Strike Damage Step
Phase: Ai(1)-Slurrk Oozes B3's Combat Damage Step
Phase: Ai(1)-Slurrk Oozes B3's End of Combat Step
Phase: Ai(1)-Slurrk Oozes B3's Main phase, postcombat
Mana: Forest (38) - {T}: Add {G}.
Mana: Forest (54) - {T}: Add {G}.
Mana: Swamp (92) - {T}: Add {B}.
Mana: Swamp (81) - {T}: Add {B}.
Mana: Arcane Signet (95) - {T}: Add one mana of any color in your commander's color identity.
Add To Stack: Ai(1)-Slurrk Oozes B3 cast Biogenic Ooze
Resolve Stack: Biogenic Ooze - Creature 2 / 2
Add To Stack: Ai(1)-Slurrk Oozes B3 triggered Biogenic Ooze
Resolve Stack: When Biogenic Ooze enters, create a 2/2 green Ooze creature token. [Zone Changer: Biogenic Ooze (57)]
Phase: Ai(1)-Slurrk Oozes B3's End step
Add To Stack: Ai(1)-Slurrk Oozes B3 triggered Biogenic Ooze
Resolve Stack: At the beginning of your end step, put a +1/+1 counter on each Ooze you control. [Phase: Ai(1)-Slurrk Oozes B3]
Phase: Ai(1)-Slurrk Oozes B3's Cleanup step
Turn: Turn 24 (Ai(2)-Kambal Taxes B3)
Phase: Ai(2)-Kambal Taxes B3's Untap step
Phase: Ai(2)-Kambal Taxes B3's Upkeep step
Phase: Ai(2)-Kambal Taxes B3's Draw step
Add To Stack: Ai(4)-Nekusar Punisher B3 triggered Nekusar, the Mindrazer
Add To Stack: Ai(4)-Nekusar Punisher B3 triggered Underworld Dreams
Add To Stack: Ai(4)-Nekusar Punisher B3 triggered Nekusar, the Mindrazer
Resolve Stack: At the beginning of each player's draw step, that player draws an additional card. [Phase: Ai(2)-Kambal Taxes B3]
Add To Stack: Ai(4)-Nekusar Punisher B3 triggered Underworld Dreams
Add To Stack: Ai(4)-Nekusar Punisher B3 triggered Nekusar, the Mindrazer
Damage: Nekusar, the Mindrazer (403) deals 1 non-combat damage to Ai(2)-Kambal Taxes B3.
Life: Life: Ai(2)-Kambal Taxes B3 49 > 48
Resolve Stack: Whenever an opponent draws a card, Nekusar, the Mindrazer deals 1 damage to that player. [Player: Ai(2)-Kambal Taxes B3]
Damage: Underworld Dreams (329) deals 1 non-combat damage to Ai(2)-Kambal Taxes B3.
Life: Life: Ai(2)-Kambal Taxes B3 48 > 47
Resolve Stack: Whenever an opponent draws a card, Underworld Dreams deals 1 damage to that player. [Player: Ai(2)-Kambal Taxes B3]
Damage: Underworld Dreams (329) deals 1 non-combat damage to Ai(2)-Kambal Taxes B3.
Life: Life: Ai(2)-Kambal Taxes B3 47 > 46
Resolve Stack: Whenever an opponent draws a card, Underworld Dreams deals 1 damage to that player. [Player: Ai(2)-Kambal Taxes B3]
Damage: Nekusar, the Mindrazer (403) deals 1 non-combat damage to Ai(2)-Kambal Taxes B3.
Life: Life: Ai(2)-Kambal Taxes B3 46 > 45
Resolve Stack: Whenever an opponent draws a card, Nekusar, the Mindrazer deals 1 damage to that player. [Player: Ai(2)-Kambal Taxes B3]
Phase: Ai(2)-Kambal Taxes B3's Main phase, precombat
Land: Ai(2)-Kambal Taxes B3 played Plains (160)
Phase: Ai(2)-Kambal Taxes B3's Beginning of Combat Step
Phase: Ai(2)-Kambal Taxes B3's Declare Attackers Step
Phase: Ai(2)-Kambal Taxes B3's Declare Blockers Step
Phase: Ai(2)-Kambal Taxes B3's First Strike Damage Step
Phase: Ai(2)-Kambal Taxes B3's Combat Damage Step
Phase: Ai(2)-Kambal Taxes B3's End of Combat Step
Phase: Ai(2)-Kambal Taxes B3's Main phase, postcombat
Mana: Plains (152) - {T}: Add {W}.
Mana: Swamp (176) - {T}: Add {B}.
Mana: Plains (151) - {T}: Add {W}.
Mana: Fellwar Stone (124) - {T}: Add one mana of any color that a land an opponent controls could produce.
Mana: Plains (160) - {T}: Add {W}.
Mana: Swamp (184) - {T}: Add {B}.
Add To Stack: Ai(2)-Kambal Taxes B3 cast Merciless Eviction
Zone Change: Ayli, Eternal Pilgrim (122) was put into Exile from Battlefield.
Zone Change: Kambal, Consul of Allocation (201) was put into Exile from Battlefield.
Zone Change: Human Soldier Token (415) was put into Exile from Battlefield.
Zone Change: Kilo, Apogee Mind (302) was put into Exile from Battlefield.
Zone Change: Foundry Inspector (237) was put into Exile from Battlefield.
Zone Change: Coretapper (230) was put into Exile from Battlefield.
Zone Change: Kappa Cannoneer (300) was put into Exile from Battlefield.
Zone Change: Nekusar, the Mindrazer (403) was put into Exile from Battlefield.
Zone Change: Evolution Sage (71) was put into Exile from Battlefield.
Zone Change: Mitotic Slime (6) was put into Exile from Battlefield.
Zone Change: Biogenic Ooze (57) was put into Exile from Battlefield.
Zone Change: Ooze Token (422) was put into Exile from Battlefield.
Resolve Stack: Merciless Eviction (126) -  Exile all creatures.
Add To Stack: Ai(3)-Kilo Helm Final triggered Adamantium Bonding Tank
Resolve Stack: Whenever a creature you control leaves the battlefield, if it had counters on it, put those counters on Adamantium Bonding Tank. [Zone Changer: Kappa Cannoneer (300)]
Phase: Ai(2)-Kambal Taxes B3's End step
Phase: Ai(2)-Kambal Taxes B3's Cleanup step
Turn: Turn 25 (Ai(3)-Kilo Helm Final)
Phase: Ai(3)-Kilo Helm Final's Untap step
Phase: Ai(3)-Kilo Helm Final's Upkeep step
Phase: Ai(3)-Kilo Helm Final's Draw step
Add To Stack: Ai(4)-Nekusar Punisher B3 triggered Underworld Dreams
Damage: Underworld Dreams (329) deals 1 non-combat damage to Ai(3)-Kilo Helm Final.
Life: Life: Ai(3)-Kilo Helm Final 18 > 17
Resolve Stack: Whenever an opponent draws a card, Underworld Dreams deals 1 damage to that player. [Player: Ai(3)-Kilo Helm Final]
Phase: Ai(3)-Kilo Helm Final's Main phase, precombat
Land: Ai(3)-Kilo Helm Final played Plains (257)
Mana: Plains (258) - {T}: Add {W}.
Mana: Silverbluff Bridge (227) - {T}: Add {U} or {R}.
Mana: Island (264) - {T}: Add {U}.
Mana: Plains (257) - {T}: Add {W}.
Mana: Arcane Signet (296) - {T}: Add one mana of any color in your commander's color identity.
Add To Stack: Ai(3)-Kilo Helm Final cast Kilo, Apogee Mind
Resolve Stack: Kilo, Apogee Mind - Creature 3 / 3
Phase: Ai(3)-Kilo Helm Final's Beginning of Combat Step
Add To Stack: Ai(3)-Kilo Helm Final triggered Adamantium Bonding Tank targeting [Kilo, Apogee Mind (302)]
Resolve Stack: At the beginning of combat on your turn, if Adamantium Bonding Tank has counters on it, you may move all counters from Adamantium Bonding Tank onto target creature. (Targeting: [[Kilo, Apogee Mind (302)]]) [Phase: Ai(3)-Kilo Helm Final]
Phase: Ai(3)-Kilo Helm Final's Declare Attackers Step
Combat: Ai(3)-Kilo Helm Final assigned Kilo, Apogee Mind (302) to attack Ai(4)-Nekusar Punisher B3.
Add To Stack: Ai(3)-Kilo Helm Final triggered Kilo, Apogee Mind
Resolve Stack: Whenever Kilo becomes tapped, proliferate. (Choose any number of permanents and/or players, then give each another counter of each kind already there.) [Tapped: Kilo, Apogee Mind (302)]
Phase: Ai(3)-Kilo Helm Final's Declare Blockers Step
Combat: Ai(4)-Nekusar Punisher B3 didn't block Kilo, Apogee Mind (302).
Phase: Ai(3)-Kilo Helm Final's First Strike Damage Step
Phase: Ai(3)-Kilo Helm Final's Combat Damage Step
Damage: Kilo, Apogee Mind (302) deals 7 combat damage to Ai(4)-Nekusar Punisher B3.
Life: Life: Ai(4)-Nekusar Punisher B3 28 > 21
Phase: Ai(3)-Kilo Helm Final's End of Combat Step
Phase: Ai(3)-Kilo Helm Final's Main phase, postcombat
Damage: Shivan Reef (236) deals 1 non-combat damage to Ai(3)-Kilo Helm Final.
Life: Life: Ai(3)-Kilo Helm Final 17 > 16
Mana: Shivan Reef (236) - {T}: Add {U} or {R}. Shivan Reef deals 1 damage to you. 
Mana: Solar Array (245) - {T}: Add one mana of any color. When you next cast an artifact spell this turn, that spell gains sunburst. (If it's a creature, it enters with a +1/+1 counter on it for each color of mana spent to cast it. Otherwise, it enters with that many charge counters on it.) 
Mana: Buried Ruin (211) - {T}: Add {C}.
Mana: Spire of Industry (212) - {T}: Add {C}.
Add To Stack: Ai(3)-Kilo Helm Final cast Jhoira, Weatherlight Captain
Resolve Stack: Jhoira, Weatherlight Captain - Creature 3 / 3
Phase: Ai(3)-Kilo Helm Final's End step
Phase: Ai(3)-Kilo Helm Final's Cleanup step
Turn: Turn 26 (Ai(4)-Nekusar Punisher B3)
Phase: Ai(4)-Nekusar Punisher B3's Untap step
Phase: Ai(4)-Nekusar Punisher B3's Upkeep step
Add To Stack: Ai(4)-Nekusar Punisher B3 triggered Venser's Journal
Life: Life: Ai(4)-Nekusar Punisher B3 21 > 22
Resolve Stack: At the beginning of your upkeep, you gain 1 life for each card in your hand. [Phase: Ai(4)-Nekusar Punisher B3]
Phase: Ai(4)-Nekusar Punisher B3's Draw step
Phase: Ai(4)-Nekusar Punisher B3's Main phase, precombat
Phase: Ai(4)-Nekusar Punisher B3's Beginning of Combat Step
Phase: Ai(4)-Nekusar Punisher B3's Declare Attackers Step
Phase: Ai(4)-Nekusar Punisher B3's Declare Blockers Step
Phase: Ai(4)-Nekusar Punisher B3's First Strike Damage Step
Phase: Ai(4)-Nekusar Punisher B3's Combat Damage Step
Phase: Ai(4)-Nekusar Punisher B3's End of Combat Step
Phase: Ai(4)-Nekusar Punisher B3's Main phase, postcombat
Replacement Effect: Crumbling Necropolis enters tapped.
Land: Ai(4)-Nekusar Punisher B3 played Crumbling Necropolis (348)
Mana: Fellwar Stone (337) - {T}: Add one mana of any color that a land an opponent controls could produce.
Mana: Mountain (383) - {T}: Add {R}.
Mana: Swamp (390) - {T}: Add {B}.
Mana: Mountain (377) - {T}: Add {R}.
Mana: Island (355) - {T}: Add {U}.
Mana: Swamp (395) - {T}: Add {B}.
Mana: Watery Grave (314) - {T}: Add {B}.
Add To Stack: Ai(4)-Nekusar Punisher B3 cast Nekusar, the Mindrazer
Resolve Stack: Nekusar, the Mindrazer - Creature 2 / 4
Phase: Ai(4)-Nekusar Punisher B3's End step
Phase: Ai(4)-Nekusar Punisher B3's Cleanup step
Turn: Turn 27 (Ai(1)-Slurrk Oozes B3)
Phase: Ai(1)-Slurrk Oozes B3's Untap step
Phase: Ai(1)-Slurrk Oozes B3's Upkeep step
Phase: Ai(1)-Slurrk Oozes B3's Draw step
Add To Stack: Ai(4)-Nekusar Punisher B3 triggered Underworld Dreams
Add To Stack: Ai(4)-Nekusar Punisher B3 triggered Nekusar, the Mindrazer
Add To Stack: Ai(4)-Nekusar Punisher B3 triggered Nekusar, the Mindrazer
Resolve Stack: At the beginning of each player's draw step, that player draws an additional card. [Phase: Ai(1)-Slurrk Oozes B3]
Add To Stack: Ai(4)-Nekusar Punisher B3 triggered Underworld Dreams
Add To Stack: Ai(4)-Nekusar Punisher B3 triggered Nekusar, the Mindrazer
Damage: Nekusar, the Mindrazer (403) deals 1 non-combat damage to Ai(1)-Slurrk Oozes B3.
Life: Life: Ai(1)-Slurrk Oozes B3 28 > 27
Resolve Stack: Whenever an opponent draws a card, Nekusar, the Mindrazer deals 1 damage to that player. [Player: Ai(1)-Slurrk Oozes B3]
Damage: Underworld Dreams (329) deals 1 non-combat damage to Ai(1)-Slurrk Oozes B3.
Life: Life: Ai(1)-Slurrk Oozes B3 27 > 26
Resolve Stack: Whenever an opponent draws a card, Underworld Dreams deals 1 damage to that player. [Player: Ai(1)-Slurrk Oozes B3]
Damage: Nekusar, the Mindrazer (403) deals 1 non-combat damage to Ai(1)-Slurrk Oozes B3.
Life: Life: Ai(1)-Slurrk Oozes B3 26 > 25
Resolve Stack: Whenever an opponent draws a card, Nekusar, the Mindrazer deals 1 damage to that player. [Player: Ai(1)-Slurrk Oozes B3]
Damage: Underworld Dreams (329) deals 1 non-combat damage to Ai(1)-Slurrk Oozes B3.
Life: Life: Ai(1)-Slurrk Oozes B3 25 > 24
Resolve Stack: Whenever an opponent draws a card, Underworld Dreams deals 1 damage to that player. [Player: Ai(1)-Slurrk Oozes B3]
Phase: Ai(1)-Slurrk Oozes B3's Main phase, precombat
Land: Ai(1)-Slurrk Oozes B3 played Swamp (90)
Mana: Forest (38) - {T}: Add {G}.
Mana: Forest (54) - {T}: Add {G}.
Mana: Arcane Signet (95) - {T}: Add one mana of any color in your commander's color identity.
Mana: Swamp (92) - {T}: Add {B}.
Mana: Swamp (81) - {T}: Add {B}.
Mana: Swamp (90) - {T}: Add {B}.
Mana: Temple of Malady (17) - {T}: Add {B} or {G}.
Mana: Llanowar Wastes (64) - {T}: Add {C}.
Add To Stack: Ai(1)-Slurrk Oozes B3 cast Craterhoof Behemoth
Resolve Stack: Craterhoof Behemoth - Creature 5 / 5
Add To Stack: Ai(1)-Slurrk Oozes B3 triggered Craterhoof Behemoth
Resolve Stack: When Craterhoof Behemoth enters, creatures you control gain trample and get +X/+X until end of turn, where X is the number of creatures you control. [Zone Changer: Craterhoof Behemoth (19)]
Phase: Ai(1)-Slurrk Oozes B3's Beginning of Combat Step
Phase: Ai(1)-Slurrk Oozes B3's Declare Attackers Step
Combat: Ai(1)-Slurrk Oozes B3 assigned Craterhoof Behemoth (19) to attack Ai(3)-Kilo Helm Final.
Phase: Ai(1)-Slurrk Oozes B3's Declare Blockers Step
Combat: Ai(3)-Kilo Helm Final didn't block Craterhoof Behemoth (19).
Phase: Ai(1)-Slurrk Oozes B3's First Strike Damage Step
Phase: Ai(1)-Slurrk Oozes B3's Combat Damage Step
Damage: Craterhoof Behemoth (19) deals 6 combat damage to Ai(3)-Kilo Helm Final.
Life: Life: Ai(3)-Kilo Helm Final 16 > 10
Phase: Ai(1)-Slurrk Oozes B3's End of Combat Step
Phase: Ai(1)-Slurrk Oozes B3's Main phase, postcombat
Phase: Ai(1)-Slurrk Oozes B3's End step
Phase: Ai(1)-Slurrk Oozes B3's Cleanup step
Turn: Turn 28 (Ai(2)-Kambal Taxes B3)
Phase: Ai(2)-Kambal Taxes B3's Untap step
Phase: Ai(2)-Kambal Taxes B3's Upkeep step
Phase: Ai(2)-Kambal Taxes B3's Draw step
Add To Stack: Ai(4)-Nekusar Punisher B3 triggered Underworld Dreams
Add To Stack: Ai(4)-Nekusar Punisher B3 triggered Nekusar, the Mindrazer
Add To Stack: Ai(4)-Nekusar Punisher B3 triggered Nekusar, the Mindrazer
Resolve Stack: At the beginning of each player's draw step, that player draws an additional card. [Phase: Ai(2)-Kambal Taxes B3]
Add To Stack: Ai(4)-Nekusar Punisher B3 triggered Underworld Dreams
Add To Stack: Ai(4)-Nekusar Punisher B3 triggered Nekusar, the Mindrazer
Damage: Nekusar, the Mindrazer (403) deals 1 non-combat damage to Ai(2)-Kambal Taxes B3.
Life: Life: Ai(2)-Kambal Taxes B3 45 > 44
Resolve Stack: Whenever an opponent draws a card, Nekusar, the Mindrazer deals 1 damage to that player. [Player: Ai(2)-Kambal Taxes B3]
Damage: Underworld Dreams (329) deals 1 non-combat damage to Ai(2)-Kambal Taxes B3.
Life: Life: Ai(2)-Kambal Taxes B3 44 > 43
Resolve Stack: Whenever an opponent draws a card, Underworld Dreams deals 1 damage to that player. [Player: Ai(2)-Kambal Taxes B3]
Damage: Nekusar, the Mindrazer (403) deals 1 non-combat damage to Ai(2)-Kambal Taxes B3.
Life: Life: Ai(2)-Kambal Taxes B3 43 > 42
Resolve Stack: Whenever an opponent draws a card, Nekusar, the Mindrazer deals 1 damage to that player. [Player: Ai(2)-Kambal Taxes B3]
Damage: Underworld Dreams (329) deals 1 non-combat damage to Ai(2)-Kambal Taxes B3.
Life: Life: Ai(2)-Kambal Taxes B3 42 > 41
Resolve Stack: Whenever an opponent draws a card, Underworld Dreams deals 1 damage to that player. [Player: Ai(2)-Kambal Taxes B3]
Phase: Ai(2)-Kambal Taxes B3's Main phase, precombat
Land: Ai(2)-Kambal Taxes B3 played Swamp (187)
Mana: Plains (152) - {T}: Add {W}.
Mana: Plains (151) - {T}: Add {W}.
Mana: Fellwar Stone (124) - {T}: Add one mana of any color that a land an opponent controls could produce.
Mana: Plains (160) - {T}: Add {W}.
Mana: Swamp (176) - {T}: Add {B}.
Add To Stack: Ai(2)-Kambal Taxes B3 cast Fumigate
Zone Change: Kilo, Apogee Mind (302) was put into Graveyard from Battlefield.
Zone Change: Jhoira, Weatherlight Captain (278) was put into Graveyard from Battlefield.
Zone Change: Nekusar, the Mindrazer (403) was put into Graveyard from Battlefield.
Zone Change: Craterhoof Behemoth (19) was put into Graveyard from Battlefield.
Life: Life: Ai(2)-Kambal Taxes B3 41 > 45
Resolve Stack: Fumigate (139) - Destroy all creatures. You gain 1 life for each creature destroyed this way. Ai(2)-Kambal Taxes B3 gains 0 life. 
Add To Stack: Ai(3)-Kilo Helm Final triggered Adamantium Bonding Tank
Resolve Stack: Whenever a creature you control leaves the battlefield, if it had counters on it, put those counters on Adamantium Bonding Tank. [Zone Changer: Kilo, Apogee Mind (302)]
Mana: Swamp (184) - {T}: Add {B}.
Mana: Swamp (174) - {T}: Add {B}.
Mana: Swamp (187) - {T}: Add {B}.
Add To Stack: Ai(2)-Kambal Taxes B3 cast Read the Bones
Resolve Stack: Ai(2)-Kambal Taxes B3 scried 1 card(s) to the top of the library and 1 card(s) to the bottom of the library
Life: Life: Ai(2)-Kambal Taxes B3 45 > 43
Resolve Stack: Read the Bones (107) - Ai(2)-Kambal Taxes B3 scries 2. Ai(2)-Kambal Taxes B3 draws two cards. Ai(2)-Kambal Taxes B3 loses 2 life.
Add To Stack: Ai(4)-Nekusar Punisher B3 triggered Underworld Dreams
Add To Stack: Ai(4)-Nekusar Punisher B3 triggered Underworld Dreams
Damage: Underworld Dreams (329) deals 1 non-combat damage to Ai(2)-Kambal Taxes B3.
Life: Life: Ai(2)-Kambal Taxes B3 43 > 42
Resolve Stack: Whenever an opponent draws a card, Underworld Dreams deals 1 damage to that player. [Player: Ai(2)-Kambal Taxes B3]
Damage: Underworld Dreams (329) deals 1 non-combat damage to Ai(2)-Kambal Taxes B3.
Life: Life: Ai(2)-Kambal Taxes B3 42 > 41
Resolve Stack: Whenever an opponent draws a card, Underworld Dreams deals 1 damage to that player. [Player: Ai(2)-Kambal Taxes B3]
Phase: Ai(2)-Kambal Taxes B3's Beginning of Combat Step
Phase: Ai(2)-Kambal Taxes B3's Declare Attackers Step
Phase: Ai(2)-Kambal Taxes B3's Declare Blockers Step
Phase: Ai(2)-Kambal Taxes B3's First Strike Damage Step
Phase: Ai(2)-Kambal Taxes B3's Combat Damage Step
Phase: Ai(2)-Kambal Taxes B3's End of Combat Step
Phase: Ai(2)-Kambal Taxes B3's Main phase, postcombat
Phase: Ai(2)-Kambal Taxes B3's End step
Phase: Ai(2)-Kambal Taxes B3's Cleanup step
Turn: Turn 29 (Ai(3)-Kilo Helm Final)
Phase: Ai(3)-Kilo Helm Final's Untap step
Phase: Ai(3)-Kilo Helm Final's Upkeep step
Phase: Ai(3)-Kilo Helm Final's Draw step
Add To Stack: Ai(4)-Nekusar Punisher B3 triggered Underworld Dreams
Damage: Underworld Dreams (329) deals 1 non-combat damage to Ai(3)-Kilo Helm Final.
Life: Life: Ai(3)-Kilo Helm Final 10 > 9
Resolve Stack: Whenever an opponent draws a card, Underworld Dreams deals 1 damage to that player. [Player: Ai(3)-Kilo Helm Final]
Phase: Ai(3)-Kilo Helm Final's Main phase, precombat
Replacement Effect: Sulfur Falls enters tapped unless you control an Island or a Mountain.
Land: Ai(3)-Kilo Helm Final played Sulfur Falls (220)
Mana: Plains (258) - {T}: Add {W}.
Mana: Silverbluff Bridge (227) - {T}: Add {U} or {R}.
Mana: Island (264) - {T}: Add {U}.
Mana: Plains (257) - {T}: Add {W}.
Mana: Sulfur Falls (220) - {T}: Add {U} or {R}.
Mana: Arcane Signet (296) - {T}: Add one mana of any color in your commander's color identity.
Mana: Buried Ruin (211) - {T}: Add {C}.
Add To Stack: Ai(3)-Kilo Helm Final cast Kilo, Apogee Mind
Resolve Stack: Kilo, Apogee Mind - Creature 3 / 3
Phase: Ai(3)-Kilo Helm Final's Beginning of Combat Step
Add To Stack: Ai(3)-Kilo Helm Final triggered Adamantium Bonding Tank targeting [Kilo, Apogee Mind (302)]
Resolve Stack: At the beginning of combat on your turn, if Adamantium Bonding Tank has counters on it, you may move all counters from Adamantium Bonding Tank onto target creature. (Targeting: [[Kilo, Apogee Mind (302)]]) [Phase: Ai(3)-Kilo Helm Final]
Phase: Ai(3)-Kilo Helm Final's Declare Attackers Step
Combat: Ai(3)-Kilo Helm Final assigned Kilo, Apogee Mind (302) to attack Ai(4)-Nekusar Punisher B3.
Add To Stack: Ai(3)-Kilo Helm Final triggered Kilo, Apogee Mind
Resolve Stack: Whenever Kilo becomes tapped, proliferate. (Choose any number of permanents and/or players, then give each another counter of each kind already there.) [Tapped: Kilo, Apogee Mind (302)]
Phase: Ai(3)-Kilo Helm Final's Declare Blockers Step
Combat: Ai(4)-Nekusar Punisher B3 didn't block Kilo, Apogee Mind (302).
Phase: Ai(3)-Kilo Helm Final's First Strike Damage Step
Phase: Ai(3)-Kilo Helm Final's Combat Damage Step
Damage: Kilo, Apogee Mind (302) deals 8 combat damage to Ai(4)-Nekusar Punisher B3.
Life: Life: Ai(4)-Nekusar Punisher B3 22 > 14
Phase: Ai(3)-Kilo Helm Final's End of Combat Step
Phase: Ai(3)-Kilo Helm Final's Main phase, postcombat
Phase: Ai(3)-Kilo Helm Final's End step
Phase: Ai(3)-Kilo Helm Final's Cleanup step
Turn: Turn 30 (Ai(4)-Nekusar Punisher B3)
Phase: Ai(4)-Nekusar Punisher B3's Untap step
Phase: Ai(4)-Nekusar Punisher B3's Upkeep step
Add To Stack: Ai(4)-Nekusar Punisher B3 triggered Venser's Journal
Life: Life: Ai(4)-Nekusar Punisher B3 14 > 15
Resolve Stack: At the beginning of your upkeep, you gain 1 life for each card in your hand. [Phase: Ai(4)-Nekusar Punisher B3]
Phase: Ai(4)-Nekusar Punisher B3's Draw step
Phase: Ai(4)-Nekusar Punisher B3's Main phase, precombat
Phase: Ai(4)-Nekusar Punisher B3's Beginning of Combat Step
Phase: Ai(4)-Nekusar Punisher B3's Declare Attackers Step
Phase: Ai(4)-Nekusar Punisher B3's Declare Blockers Step
Phase: Ai(4)-Nekusar Punisher B3's First Strike Damage Step
Phase: Ai(4)-Nekusar Punisher B3's Combat Damage Step
Phase: Ai(4)-Nekusar Punisher B3's End of Combat Step
Phase: Ai(4)-Nekusar Punisher B3's Main phase, postcombat
Land: Ai(4)-Nekusar Punisher B3 played Mountain (381)
Mana: Fellwar Stone (337) - {T}: Add one mana of any color that a land an opponent controls could produce.
Mana: Swamp (390) - {T}: Add {B}.
Mana: Mountain (383) - {T}: Add {R}.
Mana: Mountain (377) - {T}: Add {R}.
Mana: Island (355) - {T}: Add {U}.
Mana: Swamp (395) - {T}: Add {B}.
Mana: Mountain (381) - {T}: Add {R}.
Mana: Watery Grave (314) - {T}: Add {B}.
Mana: Arcane Signet (399) - {T}: Add one mana of any color in your commander's color identity.
Add To Stack: Ai(4)-Nekusar Punisher B3 cast Nekusar, the Mindrazer
Resolve Stack: Nekusar, the Mindrazer - Creature 2 / 4
Phase: Ai(4)-Nekusar Punisher B3's End step
Phase: Ai(4)-Nekusar Punisher B3's Cleanup step
Turn: Turn 31 (Ai(1)-Slurrk Oozes B3)
Phase: Ai(1)-Slurrk Oozes B3's Untap step
Phase: Ai(1)-Slurrk Oozes B3's Upkeep step
Phase: Ai(1)-Slurrk Oozes B3's Draw step
Add To Stack: Ai(4)-Nekusar Punisher B3 triggered Underworld Dreams
Add To Stack: Ai(4)-Nekusar Punisher B3 triggered Nekusar, the Mindrazer
Add To Stack: Ai(4)-Nekusar Punisher B3 triggered Nekusar, the Mindrazer
Resolve Stack: At the beginning of each player's draw step, that player draws an additional card. [Phase: Ai(1)-Slurrk Oozes B3]
Add To Stack: Ai(4)-Nekusar Punisher B3 triggered Underworld Dreams
Add To Stack: Ai(4)-Nekusar Punisher B3 triggered Nekusar, the Mindrazer
Damage: Nekusar, the Mindrazer (403) deals 1 non-combat damage to Ai(1)-Slurrk Oozes B3.
Life: Life: Ai(1)-Slurrk Oozes B3 24 > 23
Resolve Stack: Whenever an opponent draws a card, Nekusar, the Mindrazer deals 1 damage to that player. [Player: Ai(1)-Slurrk Oozes B3]
Damage: Underworld Dreams (329) deals 1 non-combat damage to Ai(1)-Slurrk Oozes B3.
Life: Life: Ai(1)-Slurrk Oozes B3 23 > 22
Resolve Stack: Whenever an opponent draws a card, Underworld Dreams deals 1 damage to that player. [Player: Ai(1)-Slurrk Oozes B3]
Damage: Nekusar, the Mindrazer (403) deals 1 non-combat damage to Ai(1)-Slurrk Oozes B3.
Life: Life: Ai(1)-Slurrk Oozes B3 22 > 21
Resolve Stack: Whenever an opponent draws a card, Nekusar, the Mindrazer deals 1 damage to that player. [Player: Ai(1)-Slurrk Oozes B3]
Damage: Underworld Dreams (329) deals 1 non-combat damage to Ai(1)-Slurrk Oozes B3.
Life: Life: Ai(1)-Slurrk Oozes B3 21 > 20
Resolve Stack: Whenever an opponent draws a card, Underworld Dreams deals 1 damage to that player. [Player: Ai(1)-Slurrk Oozes B3]
Phase: Ai(1)-Slurrk Oozes B3's Main phase, precombat
Replacement Effect: Woodland Cemetery enters tapped unless you control a Swamp or a Forest.
Land: Ai(1)-Slurrk Oozes B3 played Woodland Cemetery (72)
Phase: Ai(1)-Slurrk Oozes B3's Beginning of Combat Step
Phase: Ai(1)-Slurrk Oozes B3's Declare Attackers Step
Phase: Ai(1)-Slurrk Oozes B3's Declare Blockers Step
Phase: Ai(1)-Slurrk Oozes B3's First Strike Damage Step
Phase: Ai(1)-Slurrk Oozes B3's Combat Damage Step
Phase: Ai(1)-Slurrk Oozes B3's End of Combat Step
Phase: Ai(1)-Slurrk Oozes B3's Main phase, postcombat
Mana: Forest (38) - {T}: Add {G}.
Mana: Swamp (92) - {T}: Add {B}.
Mana: Swamp (81) - {T}: Add {B}.
Mana: Swamp (90) - {T}: Add {B}.
Mana: Forest (54) - {T}: Add {G}.
Mana: Arcane Signet (95) - {T}: Add one mana of any color in your commander's color identity.
Add To Stack: Ai(1)-Slurrk Oozes B3 cast Slurrk, All-Ingesting
Replacement Effect: Slurrk, All-Ingesting enters with five +1/+1 counters on it.
Resolve Stack: Slurrk, All-Ingesting - Creature 0 / 0
Phase: Ai(1)-Slurrk Oozes B3's End step
Phase: Ai(1)-Slurrk Oozes B3's Cleanup step
Turn: Turn 32 (Ai(2)-Kambal Taxes B3)
Phase: Ai(2)-Kambal Taxes B3's Untap step
Phase: Ai(2)-Kambal Taxes B3's Upkeep step
Phase: Ai(2)-Kambal Taxes B3's Draw step
Add To Stack: Ai(4)-Nekusar Punisher B3 triggered Underworld Dreams
Add To Stack: Ai(4)-Nekusar Punisher B3 triggered Nekusar, the Mindrazer
Add To Stack: Ai(4)-Nekusar Punisher B3 triggered Nekusar, the Mindrazer
Resolve Stack: At the beginning of each player's draw step, that player draws an additional card. [Phase: Ai(2)-Kambal Taxes B3]
Add To Stack: Ai(4)-Nekusar Punisher B3 triggered Underworld Dreams
Add To Stack: Ai(4)-Nekusar Punisher B3 triggered Nekusar, the Mindrazer
Damage: Nekusar, the Mindrazer (403) deals 1 non-combat damage to Ai(2)-Kambal Taxes B3.
Life: Life: Ai(2)-Kambal Taxes B3 41 > 40
Resolve Stack: Whenever an opponent draws a card, Nekusar, the Mindrazer deals 1 damage to that player. [Player: Ai(2)-Kambal Taxes B3]
Damage: Underworld Dreams (329) deals 1 non-combat damage to Ai(2)-Kambal Taxes B3.
Life: Life: Ai(2)-Kambal Taxes B3 40 > 39
Resolve Stack: Whenever an opponent draws a card, Underworld Dreams deals 1 damage to that player. [Player: Ai(2)-Kambal Taxes B3]
Damage: Nekusar, the Mindrazer (403) deals 1 non-combat damage to Ai(2)-Kambal Taxes B3.
Life: Life: Ai(2)-Kambal Taxes B3 39 > 38
Resolve Stack: Whenever an opponent draws a card, Nekusar, the Mindrazer deals 1 damage to that player. [Player: Ai(2)-Kambal Taxes B3]
Damage: Underworld Dreams (329) deals 1 non-combat damage to Ai(2)-Kambal Taxes B3.
Life: Life: Ai(2)-Kambal Taxes B3 38 > 37
Resolve Stack: Whenever an opponent draws a card, Underworld Dreams deals 1 damage to that player. [Player: Ai(2)-Kambal Taxes B3]
Phase: Ai(2)-Kambal Taxes B3's Main phase, precombat
Land: Ai(2)-Kambal Taxes B3 played Plains (161)
Phase: Ai(2)-Kambal Taxes B3's Beginning of Combat Step
Phase: Ai(2)-Kambal Taxes B3's Declare Attackers Step
Phase: Ai(2)-Kambal Taxes B3's Declare Blockers Step
Phase: Ai(2)-Kambal Taxes B3's First Strike Damage Step
Phase: Ai(2)-Kambal Taxes B3's Combat Damage Step
Phase: Ai(2)-Kambal Taxes B3's End of Combat Step
Phase: Ai(2)-Kambal Taxes B3's Main phase, postcombat
Mana: Swamp (176) - {T}: Add {B}.
Mana: Fellwar Stone (124) - {T}: Add one mana of any color that a land an opponent controls could produce.
Mana: Plains (152) - {T}: Add {W}.
Mana: Plains (151) - {T}: Add {W}.
Mana: Plains (160) - {T}: Add {W}.
Add To Stack: Ai(2)-Kambal Taxes B3 cast Exquisite Blood
Resolve Stack: Exquisite Blood
Mana: Swamp (184) - {T}: Add {B}.
Mana: Plains (161) - {T}: Add {W}.
Mana: Swamp (174) - {T}: Add {B}.
Mana: Swamp (187) - {T}: Add {B}.
Add To Stack: Ai(2)-Kambal Taxes B3 cast Erebos, God of the Dead
Resolve Stack: Erebos, God of the Dead - Creature 5 / 7
Phase: Ai(2)-Kambal Taxes B3's End step
Phase: Ai(2)-Kambal Taxes B3's Cleanup step
Turn: Turn 33 (Ai(3)-Kilo Helm Final)
Phase: Ai(3)-Kilo Helm Final's Untap step
Phase: Ai(3)-Kilo Helm Final's Upkeep step
Phase: Ai(3)-Kilo Helm Final's Draw step
Add To Stack: Ai(4)-Nekusar Punisher B3 triggered Underworld Dreams
Add To Stack: Ai(4)-Nekusar Punisher B3 triggered Nekusar, the Mindrazer
Add To Stack: Ai(4)-Nekusar Punisher B3 triggered Nekusar, the Mindrazer
Resolve Stack: At the beginning of each player's draw step, that player draws an additional card. [Phase: Ai(3)-Kilo Helm Final]
Add To Stack: Ai(4)-Nekusar Punisher B3 triggered Underworld Dreams
Add To Stack: Ai(4)-Nekusar Punisher B3 triggered Nekusar, the Mindrazer
Damage: Nekusar, the Mindrazer (403) deals 1 non-combat damage to Ai(3)-Kilo Helm Final.
Life: Life: Ai(3)-Kilo Helm Final 9 > 8
Resolve Stack: Whenever an opponent draws a card, Nekusar, the Mindrazer deals 1 damage to that player. [Player: Ai(3)-Kilo Helm Final]
Add To Stack: Ai(2)-Kambal Taxes B3 triggered Exquisite Blood
Life: Life: Ai(2)-Kambal Taxes B3 37 > 38
Resolve Stack: Whenever an opponent loses life, you gain that much life. [Player: Ai(3)-Kilo Helm Final, Lost Amount: 1]
Damage: Underworld Dreams (329) deals 1 non-combat damage to Ai(3)-Kilo Helm Final.
Life: Life: Ai(3)-Kilo Helm Final 8 > 7
Resolve Stack: Whenever an opponent draws a card, Underworld Dreams deals 1 damage to that player. [Player: Ai(3)-Kilo Helm Final]
Add To Stack: Ai(2)-Kambal Taxes B3 triggered Exquisite Blood
Life: Life: Ai(2)-Kambal Taxes B3 38 > 39
Resolve Stack: Whenever an opponent loses life, you gain that much life. [Player: Ai(3)-Kilo Helm Final, Lost Amount: 1]
Damage: Nekusar, the Mindrazer (403) deals 1 non-combat damage to Ai(3)-Kilo Helm Final.
Life: Life: Ai(3)-Kilo Helm Final 7 > 6
Resolve Stack: Whenever an opponent draws a card, Nekusar, the Mindrazer deals 1 damage to that player. [Player: Ai(3)-Kilo Helm Final]
Add To Stack: Ai(2)-Kambal Taxes B3 triggered Exquisite Blood
Life: Life: Ai(2)-Kambal Taxes B3 39 > 40
Resolve Stack: Whenever an opponent loses life, you gain that much life. [Player: Ai(3)-Kilo Helm Final, Lost Amount: 1]
Damage: Underworld Dreams (329) deals 1 non-combat damage to Ai(3)-Kilo Helm Final.
Life: Life: Ai(3)-Kilo Helm Final 6 > 5
Resolve Stack: Whenever an opponent draws a card, Underworld Dreams deals 1 damage to that player. [Player: Ai(3)-Kilo Helm Final]
Add To Stack: Ai(2)-Kambal Taxes B3 triggered Exquisite Blood
Life: Life: Ai(2)-Kambal Taxes B3 40 > 41
Resolve Stack: Whenever an opponent loses life, you gain that much life. [Player: Ai(3)-Kilo Helm Final, Lost Amount: 1]
Phase: Ai(3)-Kilo Helm Final's Main phase, precombat
Phase: Ai(3)-Kilo Helm Final's Beginning of Combat Step
Phase: Ai(3)-Kilo Helm Final's Declare Attackers Step
Phase: Ai(3)-Kilo Helm Final's Declare Blockers Step
Phase: Ai(3)-Kilo Helm Final's First Strike Damage Step
Phase: Ai(3)-Kilo Helm Final's Combat Damage Step
Phase: Ai(3)-Kilo Helm Final's End of Combat Step
Phase: Ai(3)-Kilo Helm Final's Main phase, postcombat
Mana: Island (264) - {T}: Add {U}.
Mana: Plains (258) - {T}: Add {W}.
Add To Stack: Ai(3)-Kilo Helm Final cast Thought Monitor
Resolve Stack: Thought Monitor - Creature 2 / 2
Add To Stack: Ai(3)-Kilo Helm Final triggered Thought Monitor
Resolve Stack: When Thought Monitor enters, draw two cards. [Zone Changer: Thought Monitor (297)]
Add To Stack: Ai(4)-Nekusar Punisher B3 triggered Underworld Dreams
Add To Stack: Ai(4)-Nekusar Punisher B3 triggered Nekusar, the Mindrazer
Add To Stack: Ai(4)-Nekusar Punisher B3 triggered Underworld Dreams
Add To Stack: Ai(4)-Nekusar Punisher B3 triggered Nekusar, the Mindrazer
Mana: Plains (257) - {T}: Add {W}.
Mana: Silverbluff Bridge (227) - {T}: Add {U} or {R}.
Zone Change: Buried Ruin (211) was put into Graveyard from Battlefield.
Add To Stack: Ai(3)-Kilo Helm Final activated Buried Ruin targeting [Walking Ballista (238)]
Resolve Stack: Buried Ruin (211) - Return Walking Ballista (238) from the graveyard to its owner's hand.
Damage: Nekusar, the Mindrazer (403) deals 1 non-combat damage to Ai(3)-Kilo Helm Final.
Life: Life: Ai(3)-Kilo Helm Final 5 > 4
Resolve Stack: Whenever an opponent draws a card, Nekusar, the Mindrazer deals 1 damage to that player. [Player: Ai(3)-Kilo Helm Final]
Add To Stack: Ai(2)-Kambal Taxes B3 triggered Exquisite Blood
Life: Life: Ai(2)-Kambal Taxes B3 41 > 42
Resolve Stack: Whenever an opponent loses life, you gain that much life. [Player: Ai(3)-Kilo Helm Final, Lost Amount: 1]
Damage: Underworld Dreams (329) deals 1 non-combat damage to Ai(3)-Kilo Helm Final.
Life: Life: Ai(3)-Kilo Helm Final 4 > 3
Resolve Stack: Whenever an opponent draws a card, Underworld Dreams deals 1 damage to that player. [Player: Ai(3)-Kilo Helm Final]
Add To Stack: Ai(2)-Kambal Taxes B3 triggered Exquisite Blood
Life: Life: Ai(2)-Kambal Taxes B3 42 > 43
Resolve Stack: Whenever an opponent loses life, you gain that much life. [Player: Ai(3)-Kilo Helm Final, Lost Amount: 1]
Damage: Nekusar, the Mindrazer (403) deals 1 non-combat damage to Ai(3)-Kilo Helm Final.
Life: Life: Ai(3)-Kilo Helm Final 3 > 2
Resolve Stack: Whenever an opponent draws a card, Nekusar, the Mindrazer deals 1 damage to that player. [Player: Ai(3)-Kilo Helm Final]
Add To Stack: Ai(2)-Kambal Taxes B3 triggered Exquisite Blood
Life: Life: Ai(2)-Kambal Taxes B3 43 > 44
Resolve Stack: Whenever an opponent loses life, you gain that much life. [Player: Ai(3)-Kilo Helm Final, Lost Amount: 1]
Damage: Underworld Dreams (329) deals 1 non-combat damage to Ai(3)-Kilo Helm Final.
Life: Life: Ai(3)-Kilo Helm Final 2 > 1
Resolve Stack: Whenever an opponent draws a card, Underworld Dreams deals 1 damage to that player. [Player: Ai(3)-Kilo Helm Final]
Add To Stack: Ai(2)-Kambal Taxes B3 triggered Exquisite Blood
Life: Life: Ai(2)-Kambal Taxes B3 44 > 45
Resolve Stack: Whenever an opponent loses life, you gain that much life. [Player: Ai(3)-Kilo Helm Final, Lost Amount: 1]
Land: Ai(3)-Kilo Helm Final played Command Tower (208)
Mana: Sulfur Falls (220) - {T}: Add {U} or {R}.
Mana: Arcane Signet (296) - {T}: Add one mana of any color in your commander's color identity.
Mana: Command Tower (208) - {T}: Add one mana of any color in your commander's color identity.
Mana: Shivan Reef (236) - {T}: Add {C}.
Mana: Solar Array (245) - {T}: Add one mana of any color. When you next cast an artifact spell this turn, that spell gains sunburst. (If it's a creature, it enters with a +1/+1 counter on it for each color of mana spent to cast it. Otherwise, it enters with that many charge counters on it.) 
Mana: Spire of Industry (212) - {T}: Add {C}.
Add To Stack: Ai(3)-Kilo Helm Final cast Walking Ballista
Add To Stack: Ai(3)-Kilo Helm Final triggered Solar Array (245)'s Effect
Resolve Stack: When you next cast an artifact spell this turn, that spell gains sunburst. (If it's a creature, it enters with a +1/+1 counter on it for each color of mana spent to cast it. Otherwise, it enters with that many charge counters on it.) [Card: Walking Ballista (238), Activator: Ai(3)-Kilo Helm Final, SpellAbility: Walking Ballista - Creature 0 / 0 (X=0)]
Replacement Effect: Walking Ballista enters with X +1/+1 counters on it.
Replacement Effect: Sunburst (This enters with either a +1/+1 or charge counter on it for each color of mana spent to cast it based on whether it's a creature.)
Resolve Stack: Walking Ballista - Creature 0 / 0 (X=3)
Add To Stack: Ai(3)-Kilo Helm Final activated Walking Ballista targeting [Nekusar, the Mindrazer (403)]
Damage: Walking Ballista (238) deals 1 damage to Nekusar, the Mindrazer (403).
Resolve Stack: Walking Ballista (238) - Walking Ballista (238) deals 1 damage to Nekusar, the Mindrazer (403).
Add To Stack: Ai(3)-Kilo Helm Final activated Walking Ballista targeting [Nekusar, the Mindrazer (403)]
Damage: Walking Ballista (238) deals 1 damage to Nekusar, the Mindrazer (403).
Resolve Stack: Walking Ballista (238) - Walking Ballista (238) deals 1 damage to Nekusar, the Mindrazer (403).
Add To Stack: Ai(3)-Kilo Helm Final activated Walking Ballista targeting [Nekusar, the Mindrazer (403)]
Damage: Walking Ballista (238) deals 1 damage to Nekusar, the Mindrazer (403).
Resolve Stack: Walking Ballista (238) - Walking Ballista (238) deals 1 damage to Nekusar, the Mindrazer (403).
Add To Stack: Ai(3)-Kilo Helm Final activated Walking Ballista targeting [Nekusar, the Mindrazer (403)]
Damage: Walking Ballista (238) deals 1 damage to Nekusar, the Mindrazer (403).
Resolve Stack: Walking Ballista (238) - Walking Ballista (238) deals 1 damage to Nekusar, the Mindrazer (403).
Zone Change: Nekusar, the Mindrazer (403) was put into Graveyard from Battlefield.
Phase: Ai(3)-Kilo Helm Final's End step
Phase: Ai(3)-Kilo Helm Final's Cleanup step
Turn: Turn 34 (Ai(4)-Nekusar Punisher B3)
Phase: Ai(4)-Nekusar Punisher B3's Untap step
Phase: Ai(4)-Nekusar Punisher B3's Upkeep step
Add To Stack: Ai(4)-Nekusar Punisher B3 triggered Venser's Journal
Resolve Stack: At the beginning of your upkeep, you gain 1 life for each card in your hand. [Phase: Ai(4)-Nekusar Punisher B3]
Phase: Ai(4)-Nekusar Punisher B3's Draw step
Phase: Ai(4)-Nekusar Punisher B3's Main phase, precombat
Phase: Ai(4)-Nekusar Punisher B3's Beginning of Combat Step
Phase: Ai(4)-Nekusar Punisher B3's Declare Attackers Step
Phase: Ai(4)-Nekusar Punisher B3's Declare Blockers Step
Phase: Ai(4)-Nekusar Punisher B3's First Strike Damage Step
Phase: Ai(4)-Nekusar Punisher B3's Combat Damage Step
Phase: Ai(4)-Nekusar Punisher B3's End of Combat Step
Phase: Ai(4)-Nekusar Punisher B3's Main phase, postcombat
Land: Ai(4)-Nekusar Punisher B3 played Swamp (392)
Mana: Mountain (383) - {T}: Add {R}.
Mana: Swamp (390) - {T}: Add {B}.
Mana: Fellwar Stone (337) - {T}: Add one mana of any color that a land an opponent controls could produce.
Mana: Mountain (377) - {T}: Add {R}.
Mana: Island (355) - {T}: Add {U}.
Mana: Swamp (395) - {T}: Add {B}.
Add To Stack: Ai(4)-Nekusar Punisher B3 cast Sire of Insanity
Resolve Stack: Sire of Insanity - Creature 6 / 4
Zone Change: Commander's Sphere (323) was put into Graveyard from Battlefield.
Add To Stack: Ai(4)-Nekusar Punisher B3 activated Commander's Sphere
Resolve Stack: Commander's Sphere (323) - Ai(4)-Nekusar Punisher B3 draws a card.
Mana: Swamp (392) - {T}: Add {B}.
Mana: Watery Grave (314) - {T}: Add {B}.
Mana: Mountain (381) - {T}: Add {R}.
Mana: Arcane Signet (399) - {T}: Add one mana of any color in your commander's color identity.
Add To Stack: Ai(4)-Nekusar Punisher B3 cast Sangromancer
Resolve Stack: Sangromancer - Creature 3 / 3
Phase: Ai(4)-Nekusar Punisher B3's End step
Add To Stack: Ai(4)-Nekusar Punisher B3 triggered Sire of Insanity
Discard: Ai(1)-Slurrk Oozes B3 discards Kalonian Hydra (94).
Discard: Ai(1)-Slurrk Oozes B3 discards Forest (34).
Discard: Ai(1)-Slurrk Oozes B3 discards Swamp (86).
Discard: Ai(1)-Slurrk Oozes B3 discards Overwhelming Stampede (23).
Discard: Ai(1)-Slurrk Oozes B3 discards Swamp (85).
Discard: Ai(1)-Slurrk Oozes B3 discards Forest (52).
Discard: Ai(1)-Slurrk Oozes B3 discards Gluttonous Slime (74).
Discard: Ai(2)-Kambal Taxes B3 discards Orzhov Signet (130).
Discard: Ai(2)-Kambal Taxes B3 discards Swamp (172).
Discard: Ai(2)-Kambal Taxes B3 discards Orzhov Basilica (131).
Discard: Ai(2)-Kambal Taxes B3 discards Path to Exile (106).
Discard: Ai(2)-Kambal Taxes B3 discards Exsanguinate (118).
Discard: Ai(3)-Kilo Helm Final discards Tezzeret's Gambit (285).
Discard: Ai(3)-Kilo Helm Final discards Lux Cannon (279).
Discard: Ai(3)-Kilo Helm Final discards Filigree Vector (269).
Discard: Ai(3)-Kilo Helm Final discards Cayth, Famed Mechanist (215).
Resolve Stack: At the beginning of each end step, each player discards their hand. [Phase: Ai(4)-Nekusar Punisher B3]
Add To Stack: Ai(4)-Nekusar Punisher B3 triggered Sangromancer
Add To Stack: Ai(4)-Nekusar Punisher B3 triggered Sangromancer
Add To Stack: Ai(4)-Nekusar Punisher B3 triggered Sangromancer
Add To Stack: Ai(4)-Nekusar Punisher B3 triggered Sangromancer
Add To Stack: Ai(4)-Nekusar Punisher B3 triggered Sangromancer
Add To Stack: Ai(4)-Nekusar Punisher B3 triggered Sangromancer
Add To Stack: Ai(4)-Nekusar Punisher B3 triggered Sangromancer
Add To Stack: Ai(4)-Nekusar Punisher B3 triggered Sangromancer
Add To Stack: Ai(4)-Nekusar Punisher B3 triggered Sangromancer
Add To Stack: Ai(4)-Nekusar Punisher B3 triggered Sangromancer
Add To Stack: Ai(4)-Nekusar Punisher B3 triggered Sangromancer
Add To Stack: Ai(4)-Nekusar Punisher B3 triggered Sangromancer
Add To Stack: Ai(4)-Nekusar Punisher B3 triggered Sangromancer
Add To Stack: Ai(4)-Nekusar Punisher B3 triggered Sangromancer
Add To Stack: Ai(4)-Nekusar Punisher B3 triggered Sangromancer
Add To Stack: Ai(4)-Nekusar Punisher B3 triggered Sangromancer
Resolve Stack: Whenever an opponent discards a card, you may gain 3 life. [Discarded: Cayth, Famed Mechanist (215), Cause: ]
Resolve Stack: Whenever an opponent discards a card, you may gain 3 life. [Discarded: Filigree Vector (269), Cause: ]
Resolve Stack: Whenever an opponent discards a card, you may gain 3 life. [Discarded: Lux Cannon (279), Cause: ]
Resolve Stack: Whenever an opponent discards a card, you may gain 3 life. [Discarded: Tezzeret's Gambit (285), Cause: ]
Resolve Stack: Whenever an opponent discards a card, you may gain 3 life. [Discarded: Exsanguinate (118), Cause: ]
Resolve Stack: Whenever an opponent discards a card, you may gain 3 life. [Discarded: Path to Exile (106), Cause: ]
Resolve Stack: Whenever an opponent discards a card, you may gain 3 life. [Discarded: Orzhov Basilica (131), Cause: ]
Resolve Stack: Whenever an opponent discards a card, you may gain 3 life. [Discarded: Swamp (172), Cause: ]
Resolve Stack: Whenever an opponent discards a card, you may gain 3 life. [Discarded: Orzhov Signet (130), Cause: ]
Resolve Stack: Whenever an opponent discards a card, you may gain 3 life. [Discarded: Gluttonous Slime (74), Cause: ]
Resolve Stack: Whenever an opponent discards a card, you may gain 3 life. [Discarded: Forest (52), Cause: ]
Resolve Stack: Whenever an opponent discards a card, you may gain 3 life. [Discarded: Swamp (85), Cause: ]
Resolve Stack: Whenever an opponent discards a card, you may gain 3 life. [Discarded: Overwhelming Stampede (23), Cause: ]
Resolve Stack: Whenever an opponent discards a card, you may gain 3 life. [Discarded: Swamp (86), Cause: ]
Resolve Stack: Whenever an opponent discards a card, you may gain 3 life. [Discarded: Forest (34), Cause: ]
Resolve Stack: Whenever an opponent discards a card, you may gain 3 life. [Discarded: Kalonian Hydra (94), Cause: ]
Phase: Ai(4)-Nekusar Punisher B3's Cleanup step
Turn: Turn 35 (Ai(1)-Slurrk Oozes B3)
Phase: Ai(1)-Slurrk Oozes B3's Untap step
Phase: Ai(1)-Slurrk Oozes B3's Upkeep step
Phase: Ai(1)-Slurrk Oozes B3's Draw step
Add To Stack: Ai(4)-Nekusar Punisher B3 triggered Underworld Dreams
Damage: Underworld Dreams (329) deals 1 non-combat damage to Ai(1)-Slurrk Oozes B3.
Life: Life: Ai(1)-Slurrk Oozes B3 20 > 19
Resolve Stack: Whenever an opponent draws a card, Underworld Dreams deals 1 damage to that player. [Player: Ai(1)-Slurrk Oozes B3]
Add To Stack: Ai(2)-Kambal Taxes B3 triggered Exquisite Blood
Life: Life: Ai(2)-Kambal Taxes B3 45 > 46
Resolve Stack: Whenever an opponent loses life, you gain that much life. [Player: Ai(1)-Slurrk Oozes B3, Lost Amount: 1]
Phase: Ai(1)-Slurrk Oozes B3's Main phase, precombat
Phase: Ai(1)-Slurrk Oozes B3's Beginning of Combat Step
Phase: Ai(1)-Slurrk Oozes B3's Declare Attackers Step
Phase: Ai(1)-Slurrk Oozes B3's Declare Blockers Step
Phase: Ai(1)-Slurrk Oozes B3's First Strike Damage Step
Phase: Ai(1)-Slurrk Oozes B3's Combat Damage Step
Phase: Ai(1)-Slurrk Oozes B3's End of Combat Step
Phase: Ai(1)-Slurrk Oozes B3's Main phase, postcombat
Land: Ai(1)-Slurrk Oozes B3 played Forest (43)
Phase: Ai(1)-Slurrk Oozes B3's End step
Add To Stack: Ai(4)-Nekusar Punisher B3 triggered Sire of Insanity
Resolve Stack: At the beginning of each end step, each player discards their hand. [Phase: Ai(1)-Slurrk Oozes B3]
Phase: Ai(1)-Slurrk Oozes B3's Cleanup step
Turn: Turn 36 (Ai(2)-Kambal Taxes B3)
Phase: Ai(2)-Kambal Taxes B3's Untap step
Phase: Ai(2)-Kambal Taxes B3's Upkeep step
Mana: Swamp (176) - {T}: Add {B}.
Mana: Plains (152) - {T}: Add {W}.
Life: Life: Ai(2)-Kambal Taxes B3 46 > 44
Add To Stack: Ai(2)-Kambal Taxes B3 activated Erebos, God of the Dead
Resolve Stack: Erebos, God of the Dead (165) - Ai(2)-Kambal Taxes B3 draws a card.
Add To Stack: Ai(4)-Nekusar Punisher B3 triggered Underworld Dreams
Mana: Swamp (184) - {T}: Add {B}.
Mana: Swamp (174) - {T}: Add {B}.
Life: Life: Ai(2)-Kambal Taxes B3 44 > 42
Add To Stack: Ai(2)-Kambal Taxes B3 activated Erebos, God of the Dead
Resolve Stack: Erebos, God of the Dead (165) - Ai(2)-Kambal Taxes B3 draws a card.
Add To Stack: Ai(4)-Nekusar Punisher B3 triggered Underworld Dreams
Mana: Fellwar Stone (124) - {T}: Add one mana of any color that a land an opponent controls could produce.
Mana: Swamp (187) - {T}: Add {B}.
Life: Life: Ai(2)-Kambal Taxes B3 42 > 40
Add To Stack: Ai(2)-Kambal Taxes B3 activated Erebos, God of the Dead
Resolve Stack: Erebos, God of the Dead (165) - Ai(2)-Kambal Taxes B3 draws a card.
Add To Stack: Ai(4)-Nekusar Punisher B3 triggered Underworld Dreams
Damage: Underworld Dreams (329) deals 1 non-combat damage to Ai(2)-Kambal Taxes B3.
Life: Life: Ai(2)-Kambal Taxes B3 40 > 39
Resolve Stack: Whenever an opponent draws a card, Underworld Dreams deals 1 damage to that player. [Player: Ai(2)-Kambal Taxes B3]
Damage: Underworld Dreams (329) deals 1 non-combat damage to Ai(2)-Kambal Taxes B3.
Life: Life: Ai(2)-Kambal Taxes B3 39 > 38
Resolve Stack: Whenever an opponent draws a card, Underworld Dreams deals 1 damage to that player. [Player: Ai(2)-Kambal Taxes B3]
Damage: Underworld Dreams (329) deals 1 non-combat damage to Ai(2)-Kambal Taxes B3.
Life: Life: Ai(2)-Kambal Taxes B3 38 > 37
Resolve Stack: Whenever an opponent draws a card, Underworld Dreams deals 1 damage to that player. [Player: Ai(2)-Kambal Taxes B3]
Phase: Ai(2)-Kambal Taxes B3's Draw step
Add To Stack: Ai(4)-Nekusar Punisher B3 triggered Underworld Dreams
Damage: Underworld Dreams (329) deals 1 non-combat damage to Ai(2)-Kambal Taxes B3.
Life: Life: Ai(2)-Kambal Taxes B3 37 > 36
Resolve Stack: Whenever an opponent draws a card, Underworld Dreams deals 1 damage to that player. [Player: Ai(2)-Kambal Taxes B3]
Phase: Ai(2)-Kambal Taxes B3's Main phase, precombat
Land: Ai(2)-Kambal Taxes B3 played Swamp (186)
Mana: Swamp (186) - {T}: Add {B}.
Mana: Plains (151) - {T}: Add {W}.
Add To Stack: Ai(2)-Kambal Taxes B3 cast Karlov of the Ghost Council
Resolve Stack: Karlov of the Ghost Council - Creature 2 / 2
Phase: Ai(2)-Kambal Taxes B3's Beginning of Combat Step
Phase: Ai(2)-Kambal Taxes B3's Declare Attackers Step
Phase: Ai(2)-Kambal Taxes B3's Declare Blockers Step
Phase: Ai(2)-Kambal Taxes B3's First Strike Damage Step
Phase: Ai(2)-Kambal Taxes B3's Combat Damage Step
Phase: Ai(2)-Kambal Taxes B3's End of Combat Step
Phase: Ai(2)-Kambal Taxes B3's Main phase, postcombat
Mana: Plains (160) - {T}: Add {W}.
Add To Stack: Ai(2)-Kambal Taxes B3 cast Authority of the Consuls
Resolve Stack: Authority of the Consuls
Phase: Ai(2)-Kambal Taxes B3's End step
Add To Stack: Ai(4)-Nekusar Punisher B3 triggered Sire of Insanity
Discard: Ai(2)-Kambal Taxes B3 discards Plains (156).
Resolve Stack: At the beginning of each end step, each player discards their hand. [Phase: Ai(2)-Kambal Taxes B3]
Add To Stack: Ai(4)-Nekusar Punisher B3 triggered Sangromancer
Resolve Stack: Whenever an opponent discards a card, you may gain 3 life. [Discarded: Plains (156), Cause: ]
Phase: Ai(2)-Kambal Taxes B3's Cleanup step
Turn: Turn 37 (Ai(3)-Kilo Helm Final)
Phase: Ai(3)-Kilo Helm Final's Untap step
Phase: Ai(3)-Kilo Helm Final's Upkeep step
Phase: Ai(3)-Kilo Helm Final's Draw step
Add To Stack: Ai(4)-Nekusar Punisher B3 triggered Underworld Dreams
Damage: Underworld Dreams (329) deals 1 non-combat damage to Ai(3)-Kilo Helm Final.
Life: Life: Ai(3)-Kilo Helm Final 1 > 0
Resolve Stack: Whenever an opponent draws a card, Underworld Dreams deals 1 damage to that player. [Player: Ai(3)-Kilo Helm Final]
Add To Stack: Ai(2)-Kambal Taxes B3 triggered Exquisite Blood
Life: Life: Ai(2)-Kambal Taxes B3 36 > 37
Resolve Stack: Whenever an opponent loses life, you gain that much life. [Player: Ai(3)-Kilo Helm Final, Lost Amount: 1]
Add To Stack: Ai(2)-Kambal Taxes B3 triggered Karlov of the Ghost Council
Resolve Stack: Whenever you gain life, put two +1/+1 counters on Karlov of the Ghost Council. [Player: Ai(2)-Kambal Taxes B3, Gained Amount: 1]
Phase: Ai(3)-Kilo Helm Final's Main phase, precombat
Phase: Ai(3)-Kilo Helm Final's Beginning of Combat Step
Phase: Ai(3)-Kilo Helm Final's Declare Attackers Step
Phase: Ai(3)-Kilo Helm Final's Declare Blockers Step
Phase: Ai(3)-Kilo Helm Final's First Strike Damage Step
Phase: Ai(3)-Kilo Helm Final's Combat Damage Step
Phase: Ai(3)-Kilo Helm Final's End of Combat Step
Phase: Ai(3)-Kilo Helm Final's Main phase, postcombat
Phase: Ai(3)-Kilo Helm Final's End step
Add To Stack: Ai(4)-Nekusar Punisher B3 triggered Sire of Insanity
Resolve Stack: At the beginning of each end step, each player discards their hand. [Phase: Ai(3)-Kilo Helm Final]
Phase: Ai(3)-Kilo Helm Final's Cleanup step
Turn: Turn 38 (Ai(4)-Nekusar Punisher B3)
Phase: Ai(4)-Nekusar Punisher B3's Untap step
Phase: Ai(4)-Nekusar Punisher B3's Upkeep step
Add To Stack: Ai(4)-Nekusar Punisher B3 triggered Venser's Journal
Resolve Stack: At the beginning of your upkeep, you gain 1 life for each card in your hand. [Phase: Ai(4)-Nekusar Punisher B3]
Phase: Ai(4)-Nekusar Punisher B3's Draw step
Phase: Ai(4)-Nekusar Punisher B3's Main phase, precombat
Phase: Ai(4)-Nekusar Punisher B3's Beginning of Combat Step
Phase: Ai(4)-Nekusar Punisher B3's Declare Attackers Step
Combat: Ai(4)-Nekusar Punisher B3 assigned Sangromancer (372) to attack Ai(2)-Kambal Taxes B3.
Phase: Ai(4)-Nekusar Punisher B3's Declare Blockers Step
Combat: Ai(2)-Kambal Taxes B3 didn't block Sangromancer (372).
Phase: Ai(4)-Nekusar Punisher B3's First Strike Damage Step
Phase: Ai(4)-Nekusar Punisher B3's Combat Damage Step
Damage: Sangromancer (372) deals 3 combat damage to Ai(2)-Kambal Taxes B3.
Life: Life: Ai(2)-Kambal Taxes B3 37 > 34
Phase: Ai(4)-Nekusar Punisher B3's End of Combat Step
Phase: Ai(4)-Nekusar Punisher B3's Main phase, postcombat
Replacement Effect: Sulfur Falls enters tapped unless you control an Island or a Mountain.
Land: Ai(4)-Nekusar Punisher B3 played Sulfur Falls (334)
Mana: Island (355) - {T}: Add {U}.
Mana: Mountain (383) - {T}: Add {R}.
Mana: Swamp (390) - {T}: Add {B}.
Mana: Fellwar Stone (337) - {T}: Add one mana of any color that a land an opponent controls could produce.
Mana: Mountain (377) - {T}: Add {R}.
Mana: Swamp (395) - {T}: Add {B}.
Mana: Mountain (381) - {T}: Add {R}.
Mana: Swamp (392) - {T}: Add {B}.
Mana: Sulfur Falls (334) - {T}: Add {U} or {R}.
Mana: Watery Grave (314) - {T}: Add {B}.
Mana: Arcane Signet (399) - {T}: Add one mana of any color in your commander's color identity.
Add To Stack: Ai(4)-Nekusar Punisher B3 cast Nekusar, the Mindrazer
Replacement Effect: Creatures your opponents control enter tapped.
Resolve Stack: Nekusar, the Mindrazer - Creature 2 / 4
Add To Stack: Ai(2)-Kambal Taxes B3 triggered Authority of the Consuls
Life: Life: Ai(2)-Kambal Taxes B3 34 > 35
Resolve Stack: Whenever a creature an opponent controls enters, you gain 1 life. [Zone Changer: Nekusar, the Mindrazer (403)]
Add To Stack: Ai(2)-Kambal Taxes B3 triggered Karlov of the Ghost Council
Resolve Stack: Whenever you gain life, put two +1/+1 counters on Karlov of the Ghost Council. [Player: Ai(2)-Kambal Taxes B3, Gained Amount: 1]
Phase: Ai(4)-Nekusar Punisher B3's End step
Add To Stack: Ai(4)-Nekusar Punisher B3 triggered Sire of Insanity
Resolve Stack: At the beginning of each end step, each player discards their hand. [Phase: Ai(4)-Nekusar Punisher B3]
Phase: Ai(4)-Nekusar Punisher B3's Cleanup step
Turn: Turn 39 (Ai(1)-Slurrk Oozes B3)
Phase: Ai(1)-Slurrk Oozes B3's Untap step
Phase: Ai(1)-Slurrk Oozes B3's Upkeep step
Phase: Ai(1)-Slurrk Oozes B3's Draw step
Add To Stack: Ai(4)-Nekusar Punisher B3 triggered Underworld Dreams
Add To Stack: Ai(4)-Nekusar Punisher B3 triggered Nekusar, the Mindrazer
Add To Stack: Ai(4)-Nekusar Punisher B3 triggered Nekusar, the Mindrazer
Mana: Swamp (92) - {T}: Add {B}.
Mana: Forest (38) - {T}: Add {G}.
Add To Stack: Ai(1)-Slurrk Oozes B3 cast Golgari Charm
Zone Change: Exquisite Blood (115) was put into Graveyard from Battlefield.
Resolve Stack: Golgari Charm (25) -  Destroy target enchantment. (Targeting: Exquisite Blood (115))
Resolve Stack: At the beginning of each player's draw step, that player draws an additional card. [Phase: Ai(1)-Slurrk Oozes B3]
Add To Stack: Ai(4)-Nekusar Punisher B3 triggered Underworld Dreams
Add To Stack: Ai(4)-Nekusar Punisher B3 triggered Nekusar, the Mindrazer
Damage: Nekusar, the Mindrazer (403) deals 1 non-combat damage to Ai(1)-Slurrk Oozes B3.
Life: Life: Ai(1)-Slurrk Oozes B3 19 > 18
Resolve Stack: Whenever an opponent draws a card, Nekusar, the Mindrazer deals 1 damage to that player. [Player: Ai(1)-Slurrk Oozes B3]
Damage: Underworld Dreams (329) deals 1 non-combat damage to Ai(1)-Slurrk Oozes B3.
Life: Life: Ai(1)-Slurrk Oozes B3 18 > 17
Resolve Stack: Whenever an opponent draws a card, Underworld Dreams deals 1 damage to that player. [Player: Ai(1)-Slurrk Oozes B3]
Damage: Nekusar, the Mindrazer (403) deals 1 non-combat damage to Ai(1)-Slurrk Oozes B3.
Life: Life: Ai(1)-Slurrk Oozes B3 17 > 16
Resolve Stack: Whenever an opponent draws a card, Nekusar, the Mindrazer deals 1 damage to that player. [Player: Ai(1)-Slurrk Oozes B3]
Damage: Underworld Dreams (329) deals 1 non-combat damage to Ai(1)-Slurrk Oozes B3.
Life: Life: Ai(1)-Slurrk Oozes B3 16 > 15
Resolve Stack: Whenever an opponent draws a card, Underworld Dreams deals 1 damage to that player. [Player: Ai(1)-Slurrk Oozes B3]
Phase: Ai(1)-Slurrk Oozes B3's Main phase, precombat
Phase: Ai(1)-Slurrk Oozes B3's Beginning of Combat Step
Phase: Ai(1)-Slurrk Oozes B3's Declare Attackers Step
Phase: Ai(1)-Slurrk Oozes B3's Declare Blockers Step
Phase: Ai(1)-Slurrk Oozes B3's First Strike Damage Step
Phase: Ai(1)-Slurrk Oozes B3's Combat Damage Step
Phase: Ai(1)-Slurrk Oozes B3's End of Combat Step
Phase: Ai(1)-Slurrk Oozes B3's Main phase, postcombat
Mana: Forest (54) - {T}: Add {G}.
Mana: Arcane Signet (95) - {T}: Add one mana of any color in your commander's color identity.
Mana: Swamp (81) - {T}: Add {B}.
Add To Stack: Ai(1)-Slurrk Oozes B3 cast Oran-Rief Ooze
Replacement Effect: Creatures your opponents control enter tapped.
Resolve Stack: Oran-Rief Ooze - Creature 2 / 2
Add To Stack: Ai(1)-Slurrk Oozes B3 triggered Oran-Rief Ooze targeting [Slurrk, All-Ingesting (100)]
Add To Stack: Ai(2)-Kambal Taxes B3 triggered Authority of the Consuls
Life: Life: Ai(2)-Kambal Taxes B3 35 > 36
Resolve Stack: Whenever a creature an opponent controls enters, you gain 1 life. [Zone Changer: Oran-Rief Ooze (61)]
Add To Stack: Ai(2)-Kambal Taxes B3 triggered Karlov of the Ghost Council
Resolve Stack: Whenever you gain life, put two +1/+1 counters on Karlov of the Ghost Council. [Player: Ai(2)-Kambal Taxes B3, Gained Amount: 1]
Resolve Stack: When Oran-Rief Ooze enters, put a +1/+1 counter on target creature you control. (Targeting: [[Slurrk, All-Ingesting (100)]]) [Zone Changer: Oran-Rief Ooze (61)]
Phase: Ai(1)-Slurrk Oozes B3's End step
Add To Stack: Ai(4)-Nekusar Punisher B3 triggered Sire of Insanity
Resolve Stack: At the beginning of each end step, each player discards their hand. [Phase: Ai(1)-Slurrk Oozes B3]
Phase: Ai(1)-Slurrk Oozes B3's Cleanup step
Turn: Turn 40 (Ai(2)-Kambal Taxes B3)
Phase: Ai(2)-Kambal Taxes B3's Untap step
Phase: Ai(2)-Kambal Taxes B3's Upkeep step
Mana: Plains (152) - {T}: Add {W}.
Mana: Swamp (176) - {T}: Add {B}.
Add To Stack: Ai(2)-Kambal Taxes B3 activated Karlov of the Ghost Council targeting [Sire of Insanity (335)]
Zone Change: Sire of Insanity (335) was put into Exile from Battlefield.
Resolve Stack: Karlov of the Ghost Council (170) - Exile Sire of Insanity (335).
Mana: Swamp (184) - {T}: Add {B}.
Mana: Plains (151) - {T}: Add {W}.
Life: Life: Ai(2)-Kambal Taxes B3 36 > 34
Add To Stack: Ai(2)-Kambal Taxes B3 activated Erebos, God of the Dead
Resolve Stack: Erebos, God of the Dead (165) - Ai(2)-Kambal Taxes B3 draws a card.
Add To Stack: Ai(4)-Nekusar Punisher B3 triggered Underworld Dreams
Add To Stack: Ai(4)-Nekusar Punisher B3 triggered Nekusar, the Mindrazer
Mana: Swamp (174) - {T}: Add {B}.
Mana: Fellwar Stone (124) - {T}: Add one mana of any color that a land an opponent controls could produce.
Life: Life: Ai(2)-Kambal Taxes B3 34 > 32
Add To Stack: Ai(2)-Kambal Taxes B3 activated Erebos, God of the Dead
Resolve Stack: Erebos, God of the Dead (165) - Ai(2)-Kambal Taxes B3 draws a card.
Add To Stack: Ai(4)-Nekusar Punisher B3 triggered Underworld Dreams
Add To Stack: Ai(4)-Nekusar Punisher B3 triggered Nekusar, the Mindrazer
Mana: Swamp (187) - {T}: Add {B}.
Mana: Swamp (186) - {T}: Add {B}.
Life: Life: Ai(2)-Kambal Taxes B3 32 > 30
Add To Stack: Ai(2)-Kambal Taxes B3 activated Erebos, God of the Dead
Resolve Stack: Erebos, God of the Dead (165) - Ai(2)-Kambal Taxes B3 draws a card.
Add To Stack: Ai(4)-Nekusar Punisher B3 triggered Underworld Dreams
Add To Stack: Ai(4)-Nekusar Punisher B3 triggered Nekusar, the Mindrazer
Mana: Plains (160) - {T}: Add {W}.
Add To Stack: Ai(2)-Kambal Taxes B3 cast Swords to Plowshares targeting [Slurrk, All-Ingesting (100)]
Zone Change: Slurrk, All-Ingesting (100) was put into Exile from Battlefield.
Resolve Stack: Swords to Plowshares (141) - Exile Slurrk, All-Ingesting (100). Ai(1)-Slurrk Oozes B3 gains life equal to its power.
Damage: Nekusar, the Mindrazer (403) deals 1 non-combat damage to Ai(2)-Kambal Taxes B3.
Life: Life: Ai(2)-Kambal Taxes B3 30 > 29
Resolve Stack: Whenever an opponent draws a card, Nekusar, the Mindrazer deals 1 damage to that player. [Player: Ai(2)-Kambal Taxes B3]
Damage: Underworld Dreams (329) deals 1 non-combat damage to Ai(2)-Kambal Taxes B3.
Life: Life: Ai(2)-Kambal Taxes B3 29 > 28
Resolve Stack: Whenever an opponent draws a card, Underworld Dreams deals 1 damage to that player. [Player: Ai(2)-Kambal Taxes B3]
Damage: Nekusar, the Mindrazer (403) deals 1 non-combat damage to Ai(2)-Kambal Taxes B3.
Life: Life: Ai(2)-Kambal Taxes B3 28 > 27
Resolve Stack: Whenever an opponent draws a card, Nekusar, the Mindrazer deals 1 damage to that player. [Player: Ai(2)-Kambal Taxes B3]
Damage: Underworld Dreams (329) deals 1 non-combat damage to Ai(2)-Kambal Taxes B3.
Life: Life: Ai(2)-Kambal Taxes B3 27 > 26
Resolve Stack: Whenever an opponent draws a card, Underworld Dreams deals 1 damage to that player. [Player: Ai(2)-Kambal Taxes B3]
Damage: Nekusar, the Mindrazer (403) deals 1 non-combat damage to Ai(2)-Kambal Taxes B3.
Life: Life: Ai(2)-Kambal Taxes B3 26 > 25
Resolve Stack: Whenever an opponent draws a card, Nekusar, the Mindrazer deals 1 damage to that player. [Player: Ai(2)-Kambal Taxes B3]
Damage: Underworld Dreams (329) deals 1 non-combat damage to Ai(2)-Kambal Taxes B3.
Life: Life: Ai(2)-Kambal Taxes B3 25 > 24
Resolve Stack: Whenever an opponent draws a card, Underworld Dreams deals 1 damage to that player. [Player: Ai(2)-Kambal Taxes B3]
Phase: Ai(2)-Kambal Taxes B3's Draw step
Add To Stack: Ai(4)-Nekusar Punisher B3 triggered Underworld Dreams
Add To Stack: Ai(4)-Nekusar Punisher B3 triggered Nekusar, the Mindrazer
Add To Stack: Ai(4)-Nekusar Punisher B3 triggered Nekusar, the Mindrazer
Resolve Stack: At the beginning of each player's draw step, that player draws an additional card. [Phase: Ai(2)-Kambal Taxes B3]
Add To Stack: Ai(4)-Nekusar Punisher B3 triggered Underworld Dreams
Add To Stack: Ai(4)-Nekusar Punisher B3 triggered Nekusar, the Mindrazer
Damage: Nekusar, the Mindrazer (403) deals 1 non-combat damage to Ai(2)-Kambal Taxes B3.
Life: Life: Ai(2)-Kambal Taxes B3 24 > 23
Resolve Stack: Whenever an opponent draws a card, Nekusar, the Mindrazer deals 1 damage to that player. [Player: Ai(2)-Kambal Taxes B3]
Damage: Underworld Dreams (329) deals 1 non-combat damage to Ai(2)-Kambal Taxes B3.
Life: Life: Ai(2)-Kambal Taxes B3 23 > 22
Resolve Stack: Whenever an opponent draws a card, Underworld Dreams deals 1 damage to that player. [Player: Ai(2)-Kambal Taxes B3]
Damage: Nekusar, the Mindrazer (403) deals 1 non-combat damage to Ai(2)-Kambal Taxes B3.
Life: Life: Ai(2)-Kambal Taxes B3 22 > 21
Resolve Stack: Whenever an opponent draws a card, Nekusar, the Mindrazer deals 1 damage to that player. [Player: Ai(2)-Kambal Taxes B3]
Damage: Underworld Dreams (329) deals 1 non-combat damage to Ai(2)-Kambal Taxes B3.
Life: Life: Ai(2)-Kambal Taxes B3 21 > 20
Resolve Stack: Whenever an opponent draws a card, Underworld Dreams deals 1 damage to that player. [Player: Ai(2)-Kambal Taxes B3]
Phase: Ai(2)-Kambal Taxes B3's Main phase, precombat
Land: Ai(2)-Kambal Taxes B3 played Plains (153)
Phase: Ai(2)-Kambal Taxes B3's Beginning of Combat Step
Phase: Ai(2)-Kambal Taxes B3's Declare Attackers Step
Combat: Ai(2)-Kambal Taxes B3 assigned Karlov of the Ghost Council (170) to attack Ai(4)-Nekusar Punisher B3.
Phase: Ai(2)-Kambal Taxes B3's Declare Blockers Step
Combat: Ai(4)-Nekusar Punisher B3 didn't block Karlov of the Ghost Council (170).
Phase: Ai(2)-Kambal Taxes B3's First Strike Damage Step
Phase: Ai(2)-Kambal Taxes B3's Combat Damage Step
Damage: Karlov of the Ghost Council (170) deals 2 combat damage to Ai(4)-Nekusar Punisher B3.
Life: Life: Ai(4)-Nekusar Punisher B3 15 > 13
Phase: Ai(2)-Kambal Taxes B3's End of Combat Step
Phase: Ai(2)-Kambal Taxes B3's Main phase, postcombat
Phase: Ai(2)-Kambal Taxes B3's End step
Phase: Ai(2)-Kambal Taxes B3's Cleanup step
Turn: Turn 41 (Ai(4)-Nekusar Punisher B3)
Phase: Ai(4)-Nekusar Punisher B3's Untap step
Phase: Ai(4)-Nekusar Punisher B3's Upkeep step
Add To Stack: Ai(4)-Nekusar Punisher B3 triggered Venser's Journal
Resolve Stack: At the beginning of your upkeep, you gain 1 life for each card in your hand. [Phase: Ai(4)-Nekusar Punisher B3]
Phase: Ai(4)-Nekusar Punisher B3's Draw step
Add To Stack: Ai(4)-Nekusar Punisher B3 triggered Nekusar, the Mindrazer
Resolve Stack: At the beginning of each player's draw step, that player draws an additional card. [Phase: Ai(4)-Nekusar Punisher B3]
Phase: Ai(4)-Nekusar Punisher B3's Main phase, precombat
Mana: Mountain (383) - {T}: Add {R}.
Mana: Swamp (390) - {T}: Add {B}.
Mana: Fellwar Stone (337) - {T}: Add one mana of any color that a land an opponent controls could produce.
Add To Stack: Ai(4)-Nekusar Punisher B3 cast Wheel of Misfortune
Discard: Ai(2)-Kambal Taxes B3 discards Plains (154).
Discard: Ai(2)-Kambal Taxes B3 discards Plains (159).
Discard: Ai(2)-Kambal Taxes B3 discards Exotic Orchard (200).
Replacement Effect: If an effect causes you to discard a card, discard it, but you may put it on top of your library instead of into your graveyard.
Discard: Ai(4)-Nekusar Punisher B3 discards Faithless Looting (346).
Damage: Wheel of Misfortune (322) deals 12 non-combat damage to Ai(4)-Nekusar Punisher B3.
Life: Life: Ai(4)-Nekusar Punisher B3 13 > 1
Resolve Stack: Wheel of Misfortune (322) - Each player secretly chooses a number 0 or greater, then all players reveal those numbers simultaneously and determine the highest and lowest numbers revealed this way. Wheel of Misfortune deals damage equal to the highest number to each player who chose that number. Each player who didn't choose the lowest number discards their hand, then draws seven cards.
Add To Stack: Ai(4)-Nekusar Punisher B3 triggered Sangromancer
Add To Stack: Ai(4)-Nekusar Punisher B3 triggered Sangromancer
Add To Stack: Ai(4)-Nekusar Punisher B3 triggered Sangromancer
Add To Stack: Ai(4)-Nekusar Punisher B3 triggered Underworld Dreams
Add To Stack: Ai(4)-Nekusar Punisher B3 triggered Nekusar, the Mindrazer
Add To Stack: Ai(4)-Nekusar Punisher B3 triggered Underworld Dreams
Add To Stack: Ai(4)-Nekusar Punisher B3 triggered Nekusar, the Mindrazer
Add To Stack: Ai(4)-Nekusar Punisher B3 triggered Underworld Dreams
Add To Stack: Ai(4)-Nekusar Punisher B3 triggered Nekusar, the Mindrazer
Add To Stack: Ai(4)-Nekusar Punisher B3 triggered Underworld Dreams
Add To Stack: Ai(4)-Nekusar Punisher B3 triggered Nekusar, the Mindrazer
Add To Stack: Ai(4)-Nekusar Punisher B3 triggered Underworld Dreams
Add To Stack: Ai(4)-Nekusar Punisher B3 triggered Nekusar, the Mindrazer
Add To Stack: Ai(4)-Nekusar Punisher B3 triggered Underworld Dreams
Add To Stack: Ai(4)-Nekusar Punisher B3 triggered Nekusar, the Mindrazer
Add To Stack: Ai(4)-Nekusar Punisher B3 triggered Underworld Dreams
Add To Stack: Ai(4)-Nekusar Punisher B3 triggered Nekusar, the Mindrazer
Damage: Nekusar, the Mindrazer (403) deals 1 non-combat damage to Ai(2)-Kambal Taxes B3.
Life: Life: Ai(2)-Kambal Taxes B3 20 > 19
Resolve Stack: Whenever an opponent draws a card, Nekusar, the Mindrazer deals 1 damage to that player. [Player: Ai(2)-Kambal Taxes B3]
Damage: Underworld Dreams (329) deals 1 non-combat damage to Ai(2)-Kambal Taxes B3.
Life: Life: Ai(2)-Kambal Taxes B3 19 > 18
Resolve Stack: Whenever an opponent draws a card, Underworld Dreams deals 1 damage to that player. [Player: Ai(2)-Kambal Taxes B3]
Damage: Nekusar, the Mindrazer (403) deals 1 non-combat damage to Ai(2)-Kambal Taxes B3.
Life: Life: Ai(2)-Kambal Taxes B3 18 > 17
Resolve Stack: Whenever an opponent draws a card, Nekusar, the Mindrazer deals 1 damage to that player. [Player: Ai(2)-Kambal Taxes B3]
Damage: Underworld Dreams (329) deals 1 non-combat damage to Ai(2)-Kambal Taxes B3.
Life: Life: Ai(2)-Kambal Taxes B3 17 > 16
Resolve Stack: Whenever an opponent draws a card, Underworld Dreams deals 1 damage to that player. [Player: Ai(2)-Kambal Taxes B3]
Damage: Nekusar, the Mindrazer (403) deals 1 non-combat damage to Ai(2)-Kambal Taxes B3.
Life: Life: Ai(2)-Kambal Taxes B3 16 > 15
Resolve Stack: Whenever an opponent draws a card, Nekusar, the Mindrazer deals 1 damage to that player. [Player: Ai(2)-Kambal Taxes B3]
Damage: Underworld Dreams (329) deals 1 non-combat damage to Ai(2)-Kambal Taxes B3.
Life: Life: Ai(2)-Kambal Taxes B3 15 > 14
Resolve Stack: Whenever an opponent draws a card, Underworld Dreams deals 1 damage to that player. [Player: Ai(2)-Kambal Taxes B3]
Damage: Nekusar, the Mindrazer (403) deals 1 non-combat damage to Ai(2)-Kambal Taxes B3.
Life: Life: Ai(2)-Kambal Taxes B3 14 > 13
Resolve Stack: Whenever an opponent draws a card, Nekusar, the Mindrazer deals 1 damage to that player. [Player: Ai(2)-Kambal Taxes B3]
Damage: Underworld Dreams (329) deals 1 non-combat damage to Ai(2)-Kambal Taxes B3.
Life: Life: Ai(2)-Kambal Taxes B3 13 > 12
Resolve Stack: Whenever an opponent draws a card, Underworld Dreams deals 1 damage to that player. [Player: Ai(2)-Kambal Taxes B3]
Damage: Nekusar, the Mindrazer (403) deals 1 non-combat damage to Ai(2)-Kambal Taxes B3.
Life: Life: Ai(2)-Kambal Taxes B3 12 > 11
Resolve Stack: Whenever an opponent draws a card, Nekusar, the Mindrazer deals 1 damage to that player. [Player: Ai(2)-Kambal Taxes B3]
Damage: Underworld Dreams (329) deals 1 non-combat damage to Ai(2)-Kambal Taxes B3.
Life: Life: Ai(2)-Kambal Taxes B3 11 > 10
Resolve Stack: Whenever an opponent draws a card, Underworld Dreams deals 1 damage to that player. [Player: Ai(2)-Kambal Taxes B3]
Damage: Nekusar, the Mindrazer (403) deals 1 non-combat damage to Ai(2)-Kambal Taxes B3.
Life: Life: Ai(2)-Kambal Taxes B3 10 > 9
Resolve Stack: Whenever an opponent draws a card, Nekusar, the Mindrazer deals 1 damage to that player. [Player: Ai(2)-Kambal Taxes B3]
Damage: Underworld Dreams (329) deals 1 non-combat damage to Ai(2)-Kambal Taxes B3.
Life: Life: Ai(2)-Kambal Taxes B3 9 > 8
Resolve Stack: Whenever an opponent draws a card, Underworld Dreams deals 1 damage to that player. [Player: Ai(2)-Kambal Taxes B3]
Damage: Nekusar, the Mindrazer (403) deals 1 non-combat damage to Ai(2)-Kambal Taxes B3.
Life: Life: Ai(2)-Kambal Taxes B3 8 > 7
Resolve Stack: Whenever an opponent draws a card, Nekusar, the Mindrazer deals 1 damage to that player. [Player: Ai(2)-Kambal Taxes B3]
Damage: Underworld Dreams (329) deals 1 non-combat damage to Ai(2)-Kambal Taxes B3.
Life: Life: Ai(2)-Kambal Taxes B3 7 > 6
Resolve Stack: Whenever an opponent draws a card, Underworld Dreams deals 1 damage to that player. [Player: Ai(2)-Kambal Taxes B3]
Resolve Stack: Whenever an opponent discards a card, you may gain 3 life. [Discarded: Exotic Orchard (200), Cause:  ]
Resolve Stack: Whenever an opponent discards a card, you may gain 3 life. [Discarded: Plains (159), Cause:  ]
Resolve Stack: Whenever an opponent discards a card, you may gain 3 life. [Discarded: Plains (154), Cause:  ]
Phase: Ai(4)-Nekusar Punisher B3's Beginning of Combat Step
Phase: Ai(4)-Nekusar Punisher B3's Declare Attackers Step
Combat: Ai(4)-Nekusar Punisher B3 assigned Sangromancer (372) to attack Ai(2)-Kambal Taxes B3.
Phase: Ai(4)-Nekusar Punisher B3's Declare Blockers Step
Combat: Ai(2)-Kambal Taxes B3 didn't block Sangromancer (372).
Phase: Ai(4)-Nekusar Punisher B3's First Strike Damage Step
Phase: Ai(4)-Nekusar Punisher B3's Combat Damage Step
Damage: Sangromancer (372) deals 3 combat damage to Ai(2)-Kambal Taxes B3.
Life: Life: Ai(2)-Kambal Taxes B3 6 > 3
Phase: Ai(4)-Nekusar Punisher B3's End of Combat Step
Phase: Ai(4)-Nekusar Punisher B3's Main phase, postcombat
Land: Ai(4)-Nekusar Punisher B3 played Island (354)
Mana: Island (355) - {T}: Add {U}.
Mana: Swamp (395) - {T}: Add {B}.
Mana: Swamp (392) - {T}: Add {B}.
Add To Stack: Ai(4)-Nekusar Punisher B3 cast Frantic Search
Replacement Effect: If an effect causes you to discard a card, discard it, but you may put it on top of your library instead of into your graveyard.
Discard: Ai(4)-Nekusar Punisher B3 discards Swamp (396).
Replacement Effect: If an effect causes you to discard a card, discard it, but you may put it on top of your library instead of into your graveyard.
Discard: Ai(4)-Nekusar Punisher B3 discards Swamp (387).
Resolve Stack: Frantic Search (336) - Ai(4)-Nekusar Punisher B3 draws two cards. Ai(4)-Nekusar Punisher B3 discards two cards. Untap up to 3 Lands.
Mana: Mountain (383) - {T}: Add {R}.
Mana: Mountain (377) - {T}: Add {R}.
Mana: Island (355) - {T}: Add {U}.
Mana: Swamp (392) - {T}: Add {B}.
Add To Stack: Ai(4)-Nekusar Punisher B3 cast Spiteful Visions
Resolve Stack: Spiteful Visions
Phase: Ai(4)-Nekusar Punisher B3's End step
Phase: Ai(4)-Nekusar Punisher B3's Cleanup step
Turn: Turn 42 (Ai(1)-Slurrk Oozes B3)
Phase: Ai(1)-Slurrk Oozes B3's Untap step
Phase: Ai(1)-Slurrk Oozes B3's Upkeep step
Phase: Ai(1)-Slurrk Oozes B3's Draw step
Add To Stack: Ai(4)-Nekusar Punisher B3 triggered Underworld Dreams
Add To Stack: Ai(4)-Nekusar Punisher B3 triggered Nekusar, the Mindrazer
Add To Stack: Ai(4)-Nekusar Punisher B3 triggered Spiteful Visions
Add To Stack: Ai(4)-Nekusar Punisher B3 triggered Nekusar, the Mindrazer
Add To Stack: Ai(4)-Nekusar Punisher B3 triggered Spiteful Visions
Resolve Stack: At the beginning of each player's draw step, that player draws an additional card. [Phase: Ai(1)-Slurrk Oozes B3]
Add To Stack: Ai(4)-Nekusar Punisher B3 triggered Underworld Dreams
Add To Stack: Ai(4)-Nekusar Punisher B3 triggered Nekusar, the Mindrazer
Add To Stack: Ai(4)-Nekusar Punisher B3 triggered Spiteful Visions
Damage: Spiteful Visions (385) deals 1 non-combat damage to Ai(1)-Slurrk Oozes B3.
Life: Life: Ai(1)-Slurrk Oozes B3 15 > 14
Resolve Stack: Whenever a player draws a card, Spiteful Visions deals 1 damage to that player. [Player: Ai(1)-Slurrk Oozes B3]
Damage: Nekusar, the Mindrazer (403) deals 1 non-combat damage to Ai(1)-Slurrk Oozes B3.
Life: Life: Ai(1)-Slurrk Oozes B3 14 > 13
Resolve Stack: Whenever an opponent draws a card, Nekusar, the Mindrazer deals 1 damage to that player. [Player: Ai(1)-Slurrk Oozes B3]
Damage: Underworld Dreams (329) deals 1 non-combat damage to Ai(1)-Slurrk Oozes B3.
Life: Life: Ai(1)-Slurrk Oozes B3 13 > 12
Resolve Stack: Whenever an opponent draws a card, Underworld Dreams deals 1 damage to that player. [Player: Ai(1)-Slurrk Oozes B3]
Resolve Stack: At the beginning of each player's draw step, that player draws an additional card. [Phase: Ai(1)-Slurrk Oozes B3]
Add To Stack: Ai(4)-Nekusar Punisher B3 triggered Underworld Dreams
Add To Stack: Ai(4)-Nekusar Punisher B3 triggered Nekusar, the Mindrazer
Add To Stack: Ai(4)-Nekusar Punisher B3 triggered Spiteful Visions
Damage: Spiteful Visions (385) deals 1 non-combat damage to Ai(1)-Slurrk Oozes B3.
Life: Life: Ai(1)-Slurrk Oozes B3 12 > 11
Resolve Stack: Whenever a player draws a card, Spiteful Visions deals 1 damage to that player. [Player: Ai(1)-Slurrk Oozes B3]
Damage: Nekusar, the Mindrazer (403) deals 1 non-combat damage to Ai(1)-Slurrk Oozes B3.
Life: Life: Ai(1)-Slurrk Oozes B3 11 > 10
Resolve Stack: Whenever an opponent draws a card, Nekusar, the Mindrazer deals 1 damage to that player. [Player: Ai(1)-Slurrk Oozes B3]
Damage: Underworld Dreams (329) deals 1 non-combat damage to Ai(1)-Slurrk Oozes B3.
Life: Life: Ai(1)-Slurrk Oozes B3 10 > 9
Resolve Stack: Whenever an opponent draws a card, Underworld Dreams deals 1 damage to that player. [Player: Ai(1)-Slurrk Oozes B3]
Damage: Spiteful Visions (385) deals 1 non-combat damage to Ai(1)-Slurrk Oozes B3.
Life: Life: Ai(1)-Slurrk Oozes B3 9 > 8
Resolve Stack: Whenever a player draws a card, Spiteful Visions deals 1 damage to that player. [Player: Ai(1)-Slurrk Oozes B3]
Damage: Nekusar, the Mindrazer (403) deals 1 non-combat damage to Ai(1)-Slurrk Oozes B3.
Life: Life: Ai(1)-Slurrk Oozes B3 8 > 7
Resolve Stack: Whenever an opponent draws a card, Nekusar, the Mindrazer deals 1 damage to that player. [Player: Ai(1)-Slurrk Oozes B3]
Damage: Underworld Dreams (329) deals 1 non-combat damage to Ai(1)-Slurrk Oozes B3.
Life: Life: Ai(1)-Slurrk Oozes B3 7 > 6
Resolve Stack: Whenever an opponent draws a card, Underworld Dreams deals 1 damage to that player. [Player: Ai(1)-Slurrk Oozes B3]
Phase: Ai(1)-Slurrk Oozes B3's Main phase, precombat
Phase: Ai(1)-Slurrk Oozes B3's Beginning of Combat Step
Phase: Ai(1)-Slurrk Oozes B3's Declare Attackers Step
Phase: Ai(1)-Slurrk Oozes B3's Declare Blockers Step
Phase: Ai(1)-Slurrk Oozes B3's First Strike Damage Step
Phase: Ai(1)-Slurrk Oozes B3's Combat Damage Step
Phase: Ai(1)-Slurrk Oozes B3's End of Combat Step
Phase: Ai(1)-Slurrk Oozes B3's Main phase, postcombat
Land: Ai(1)-Slurrk Oozes B3 played Forest (42)
Mana: Forest (38) - {T}: Add {G}.
Mana: Swamp (92) - {T}: Add {B}.
Mana: Forest (54) - {T}: Add {G}.
Mana: Arcane Signet (95) - {T}: Add one mana of any color in your commander's color identity.
Mana: Swamp (81) - {T}: Add {B}.
Mana: Swamp (90) - {T}: Add {B}.
Mana: Forest (43) - {T}: Add {G}.
Mana: Forest (42) - {T}: Add {G}.
Add To Stack: Ai(1)-Slurrk Oozes B3 cast Slurrk, All-Ingesting
Replacement Effect: Creatures your opponents control enter tapped.
Replacement Effect: Slurrk, All-Ingesting enters with five +1/+1 counters on it.
Resolve Stack: Slurrk, All-Ingesting - Creature 0 / 0
Add To Stack: Ai(2)-Kambal Taxes B3 triggered Authority of the Consuls
Life: Life: Ai(2)-Kambal Taxes B3 3 > 4
Resolve Stack: Whenever a creature an opponent controls enters, you gain 1 life. [Zone Changer: Slurrk, All-Ingesting (100)]
Add To Stack: Ai(2)-Kambal Taxes B3 triggered Karlov of the Ghost Council
Resolve Stack: Whenever you gain life, put two +1/+1 counters on Karlov of the Ghost Council. [Player: Ai(2)-Kambal Taxes B3, Gained Amount: 1]
Phase: Ai(1)-Slurrk Oozes B3's End step
Phase: Ai(1)-Slurrk Oozes B3's Cleanup step
Turn: Turn 43 (Ai(2)-Kambal Taxes B3)
Phase: Ai(2)-Kambal Taxes B3's Untap step
Phase: Ai(2)-Kambal Taxes B3's Upkeep step
Phase: Ai(2)-Kambal Taxes B3's Draw step
Add To Stack: Ai(4)-Nekusar Punisher B3 triggered Underworld Dreams
Add To Stack: Ai(4)-Nekusar Punisher B3 triggered Nekusar, the Mindrazer
Add To Stack: Ai(4)-Nekusar Punisher B3 triggered Spiteful Visions
Add To Stack: Ai(4)-Nekusar Punisher B3 triggered Nekusar, the Mindrazer
Add To Stack: Ai(4)-Nekusar Punisher B3 triggered Spiteful Visions
Resolve Stack: At the beginning of each player's draw step, that player draws an additional card. [Phase: Ai(2)-Kambal Taxes B3]
Add To Stack: Ai(4)-Nekusar Punisher B3 triggered Underworld Dreams
Add To Stack: Ai(4)-Nekusar Punisher B3 triggered Nekusar, the Mindrazer
Add To Stack: Ai(4)-Nekusar Punisher B3 triggered Spiteful Visions
Mana: Plains (152) - {T}: Add {W}.
Mana: Swamp (176) - {T}: Add {B}.
Add To Stack: Ai(2)-Kambal Taxes B3 cast Despark targeting [Sangromancer (372)]
Zone Change: Sangromancer (372) was put into Exile from Battlefield.
Resolve Stack: Despark (116) - Exile Sangromancer (372).
Damage: Spiteful Visions (385) deals 1 non-combat damage to Ai(2)-Kambal Taxes B3.
Life: Life: Ai(2)-Kambal Taxes B3 4 > 3
Resolve Stack: Whenever a player draws a card, Spiteful Visions deals 1 damage to that player. [Player: Ai(2)-Kambal Taxes B3]
Damage: Nekusar, the Mindrazer (403) deals 1 non-combat damage to Ai(2)-Kambal Taxes B3.
Life: Life: Ai(2)-Kambal Taxes B3 3 > 2
Resolve Stack: Whenever an opponent draws a card, Nekusar, the Mindrazer deals 1 damage to that player. [Player: Ai(2)-Kambal Taxes B3]
Damage: Underworld Dreams (329) deals 1 non-combat damage to Ai(2)-Kambal Taxes B3.
Life: Life: Ai(2)-Kambal Taxes B3 2 > 1
Resolve Stack: Whenever an opponent draws a card, Underworld Dreams deals 1 damage to that player. [Player: Ai(2)-Kambal Taxes B3]
Resolve Stack: At the beginning of each player's draw step, that player draws an additional card. [Phase: Ai(2)-Kambal Taxes B3]
Add To Stack: Ai(4)-Nekusar Punisher B3 triggered Underworld Dreams
Add To Stack: Ai(4)-Nekusar Punisher B3 triggered Nekusar, the Mindrazer
Add To Stack: Ai(4)-Nekusar Punisher B3 triggered Spiteful Visions
Damage: Spiteful Visions (385) deals 1 non-combat damage to Ai(2)-Kambal Taxes B3.
Life: Life: Ai(2)-Kambal Taxes B3 1 > 0
Resolve Stack: Whenever a player draws a card, Spiteful Visions deals 1 damage to that player. [Player: Ai(2)-Kambal Taxes B3]
Resolve Stack: Whenever an opponent draws a card, Nekusar, the Mindrazer deals 1 damage to that player. [Player: Ai(2)-Kambal Taxes B3]
Resolve Stack: Whenever an opponent draws a card, Underworld Dreams deals 1 damage to that player. [Player: Ai(2)-Kambal Taxes B3]
Resolve Stack: Whenever a player draws a card, Spiteful Visions deals 1 damage to that player. [Player: Ai(2)-Kambal Taxes B3]
Resolve Stack: Whenever an opponent draws a card, Nekusar, the Mindrazer deals 1 damage to that player. [Player: Ai(2)-Kambal Taxes B3]
Resolve Stack: Whenever an opponent draws a card, Underworld Dreams deals 1 damage to that player. [Player: Ai(2)-Kambal Taxes B3]
Phase: Ai(2)-Kambal Taxes B3's Main phase, precombat
Phase: Ai(2)-Kambal Taxes B3's Beginning of Combat Step
Phase: Ai(2)-Kambal Taxes B3's Declare Attackers Step
Phase: Ai(2)-Kambal Taxes B3's Declare Blockers Step
Phase: Ai(2)-Kambal Taxes B3's First Strike Damage Step
Phase: Ai(2)-Kambal Taxes B3's Combat Damage Step
Phase: Ai(2)-Kambal Taxes B3's End of Combat Step
Phase: Ai(2)-Kambal Taxes B3's Main phase, postcombat
Phase: Ai(2)-Kambal Taxes B3's End step
Phase: Ai(2)-Kambal Taxes B3's Cleanup step
Turn: Turn 44 (Ai(4)-Nekusar Punisher B3)
Phase: Ai(4)-Nekusar Punisher B3's Untap step
Phase: Ai(4)-Nekusar Punisher B3's Upkeep step
Add To Stack: Ai(4)-Nekusar Punisher B3 triggered Venser's Journal
Life: Life: Ai(4)-Nekusar Punisher B3 1 > 5
Resolve Stack: At the beginning of your upkeep, you gain 1 life for each card in your hand. [Phase: Ai(4)-Nekusar Punisher B3]
Phase: Ai(4)-Nekusar Punisher B3's Draw step
Add To Stack: Ai(4)-Nekusar Punisher B3 triggered Spiteful Visions
Add To Stack: Ai(4)-Nekusar Punisher B3 triggered Nekusar, the Mindrazer
Add To Stack: Ai(4)-Nekusar Punisher B3 triggered Spiteful Visions
Resolve Stack: At the beginning of each player's draw step, that player draws an additional card. [Phase: Ai(4)-Nekusar Punisher B3]
Add To Stack: Ai(4)-Nekusar Punisher B3 triggered Spiteful Visions
Damage: Spiteful Visions (385) deals 1 non-combat damage to Ai(4)-Nekusar Punisher B3.
Life: Life: Ai(4)-Nekusar Punisher B3 5 > 4
Resolve Stack: Whenever a player draws a card, Spiteful Visions deals 1 damage to that player. [Player: Ai(4)-Nekusar Punisher B3]
Resolve Stack: At the beginning of each player's draw step, that player draws an additional card. [Phase: Ai(4)-Nekusar Punisher B3]
Add To Stack: Ai(4)-Nekusar Punisher B3 triggered Spiteful Visions
Damage: Spiteful Visions (385) deals 1 non-combat damage to Ai(4)-Nekusar Punisher B3.
Life: Life: Ai(4)-Nekusar Punisher B3 4 > 3
Resolve Stack: Whenever a player draws a card, Spiteful Visions deals 1 damage to that player. [Player: Ai(4)-Nekusar Punisher B3]
Damage: Spiteful Visions (385) deals 1 non-combat damage to Ai(4)-Nekusar Punisher B3.
Life: Life: Ai(4)-Nekusar Punisher B3 3 > 2
Resolve Stack: Whenever a player draws a card, Spiteful Visions deals 1 damage to that player. [Player: Ai(4)-Nekusar Punisher B3]
Phase: Ai(4)-Nekusar Punisher B3's Main phase, precombat
Phase: Ai(4)-Nekusar Punisher B3's Beginning of Combat Step
Phase: Ai(4)-Nekusar Punisher B3's Declare Attackers Step
Phase: Ai(4)-Nekusar Punisher B3's Declare Blockers Step
Phase: Ai(4)-Nekusar Punisher B3's First Strike Damage Step
Phase: Ai(4)-Nekusar Punisher B3's Combat Damage Step
Phase: Ai(4)-Nekusar Punisher B3's End of Combat Step
Phase: Ai(4)-Nekusar Punisher B3's Main phase, postcombat
Land: Ai(4)-Nekusar Punisher B3 played Island (359)
Mana: Swamp (390) - {T}: Add {B}.
Mana: Fellwar Stone (337) - {T}: Add one mana of any color that a land an opponent controls could produce.
Add To Stack: Ai(4)-Nekusar Punisher B3 cast Waste Not
Resolve Stack: Waste Not
Phase: Ai(4)-Nekusar Punisher B3's End step
Phase: Ai(4)-Nekusar Punisher B3's Cleanup step
Turn: Turn 45 (Ai(1)-Slurrk Oozes B3)
Phase: Ai(1)-Slurrk Oozes B3's Untap step
Phase: Ai(1)-Slurrk Oozes B3's Upkeep step
Phase: Ai(1)-Slurrk Oozes B3's Draw step
Add To Stack: Ai(4)-Nekusar Punisher B3 triggered Underworld Dreams
Add To Stack: Ai(4)-Nekusar Punisher B3 triggered Nekusar, the Mindrazer
Add To Stack: Ai(4)-Nekusar Punisher B3 triggered Spiteful Visions
Add To Stack: Ai(4)-Nekusar Punisher B3 triggered Nekusar, the Mindrazer
Add To Stack: Ai(4)-Nekusar Punisher B3 triggered Spiteful Visions
Resolve Stack: At the beginning of each player's draw step, that player draws an additional card. [Phase: Ai(1)-Slurrk Oozes B3]
Add To Stack: Ai(4)-Nekusar Punisher B3 triggered Underworld Dreams
Add To Stack: Ai(4)-Nekusar Punisher B3 triggered Nekusar, the Mindrazer
Add To Stack: Ai(4)-Nekusar Punisher B3 triggered Spiteful Visions
Damage: Spiteful Visions (385) deals 1 non-combat damage to Ai(1)-Slurrk Oozes B3.
Life: Life: Ai(1)-Slurrk Oozes B3 6 > 5
Resolve Stack: Whenever a player draws a card, Spiteful Visions deals 1 damage to that player. [Player: Ai(1)-Slurrk Oozes B3]
Damage: Nekusar, the Mindrazer (403) deals 1 non-combat damage to Ai(1)-Slurrk Oozes B3.
Life: Life: Ai(1)-Slurrk Oozes B3 5 > 4
Resolve Stack: Whenever an opponent draws a card, Nekusar, the Mindrazer deals 1 damage to that player. [Player: Ai(1)-Slurrk Oozes B3]
Damage: Underworld Dreams (329) deals 1 non-combat damage to Ai(1)-Slurrk Oozes B3.
Life: Life: Ai(1)-Slurrk Oozes B3 4 > 3
Resolve Stack: Whenever an opponent draws a card, Underworld Dreams deals 1 damage to that player. [Player: Ai(1)-Slurrk Oozes B3]
Resolve Stack: At the beginning of each player's draw step, that player draws an additional card. [Phase: Ai(1)-Slurrk Oozes B3]
Add To Stack: Ai(4)-Nekusar Punisher B3 triggered Underworld Dreams
Add To Stack: Ai(4)-Nekusar Punisher B3 triggered Nekusar, the Mindrazer
Add To Stack: Ai(4)-Nekusar Punisher B3 triggered Spiteful Visions
Damage: Spiteful Visions (385) deals 1 non-combat damage to Ai(1)-Slurrk Oozes B3.
Life: Life: Ai(1)-Slurrk Oozes B3 3 > 2
Resolve Stack: Whenever a player draws a card, Spiteful Visions deals 1 damage to that player. [Player: Ai(1)-Slurrk Oozes B3]
Damage: Nekusar, the Mindrazer (403) deals 1 non-combat damage to Ai(1)-Slurrk Oozes B3.
Life: Life: Ai(1)-Slurrk Oozes B3 2 > 1
Resolve Stack: Whenever an opponent draws a card, Nekusar, the Mindrazer deals 1 damage to that player. [Player: Ai(1)-Slurrk Oozes B3]
Damage: Underworld Dreams (329) deals 1 non-combat damage to Ai(1)-Slurrk Oozes B3.
Life: Life: Ai(1)-Slurrk Oozes B3 1 > 0
Resolve Stack: Whenever an opponent draws a card, Underworld Dreams deals 1 damage to that player. [Player: Ai(1)-Slurrk Oozes B3]
Player Control: Ai(1)-Slurrk Oozes B3 has restored control over themself
Player Control: Ai(2)-Kambal Taxes B3 has restored control over themself
Player Control: Ai(3)-Kilo Helm Final has restored control over themself
Player Control: Ai(4)-Nekusar Punisher B3 has restored control over themself
Game Outcome: Turn 23
Game Outcome: Ai(1)-Slurrk Oozes B3 has lost because life total reached 0
Game Outcome: Ai(2)-Kambal Taxes B3 has lost because life total reached 0
Game Outcome: Ai(3)-Kilo Helm Final has lost because life total reached 0
Game Outcome: Ai(4)-Nekusar Punisher B3 has won because all opponents have lost
Match Result: Ai(1)-Slurrk Oozes B3: 0 Ai(2)-Kambal Taxes B3: 0 Ai(3)-Kilo Helm Final: 0 Ai(4)-Nekusar Punisher B3: 1 

Game Result: Game 1 ended in 26406 ms. Ai(4)-Nekusar Punisher B3 has won!

Warning: default (ie. inherited from base class) implementation of confirmAction is used by Slurrk, All-Ingesting for forge.ai.ability.PermanentCreatureAi. Consider declaring an overloaded method
Warning: default (ie. inherited from base class) implementation of confirmAction is used by Kambal, Consul of Allocation for forge.ai.ability.PermanentCreatureAi. Consider declaring an overloaded method
Active player is no longer in the game...
Active player is no longer in the game...
Warning: default (ie. inherited from base class) implementation of confirmAction is used by Nekusar, the Mindrazer for forge.ai.ability.PermanentCreatureAi. Consider declaring an overloaded method
Mulligan: Ai(1)-Slurrk Oozes B3 has kept a hand of 7 cards
Mulligan: Ai(2)-Kambal Taxes B3 has kept a hand of 7 cards
Mulligan: Ai(3)-Kilo Helm Final has kept a hand of 7 cards
Mulligan: Ai(4)-Nekusar Punisher B3 has kept a hand of 7 cards
Turn: Turn 1 (Ai(1)-Slurrk Oozes B3)
Phase: Ai(1)-Slurrk Oozes B3's Untap step
Phase: Ai(1)-Slurrk Oozes B3's Upkeep step
Phase: Ai(1)-Slurrk Oozes B3's Draw step
Phase: Ai(1)-Slurrk Oozes B3's Main phase, precombat
Land: Ai(1)-Slurrk Oozes B3 played Forest (52)
Phase: Ai(1)-Slurrk Oozes B3's Beginning of Combat Step
Phase: Ai(1)-Slurrk Oozes B3's Declare Attackers Step
Phase: Ai(1)-Slurrk Oozes B3's Declare Blockers Step
Phase: Ai(1)-Slurrk Oozes B3's First Strike Damage Step
Phase: Ai(1)-Slurrk Oozes B3's Combat Damage Step
Phase: Ai(1)-Slurrk Oozes B3's End of Combat Step
Phase: Ai(1)-Slurrk Oozes B3's Main phase, postcombat
Phase: Ai(1)-Slurrk Oozes B3's End step
Phase: Ai(1)-Slurrk Oozes B3's Cleanup step
Turn: Turn 2 (Ai(2)-Kambal Taxes B3)
Phase: Ai(2)-Kambal Taxes B3's Untap step
Phase: Ai(2)-Kambal Taxes B3's Upkeep step
Phase: Ai(2)-Kambal Taxes B3's Draw step
Phase: Ai(2)-Kambal Taxes B3's Main phase, precombat
Replacement Effect: Isolated Chapel enters tapped unless you control a Plains or a Swamp.
Land: Ai(2)-Kambal Taxes B3 played Isolated Chapel (121)
Phase: Ai(2)-Kambal Taxes B3's Beginning of Combat Step
Phase: Ai(2)-Kambal Taxes B3's Declare Attackers Step
Phase: Ai(2)-Kambal Taxes B3's Declare Blockers Step
Phase: Ai(2)-Kambal Taxes B3's First Strike Damage Step
Phase: Ai(2)-Kambal Taxes B3's Combat Damage Step
Phase: Ai(2)-Kambal Taxes B3's End of Combat Step
Phase: Ai(2)-Kambal Taxes B3's Main phase, postcombat
Phase: Ai(2)-Kambal Taxes B3's End step
Phase: Ai(2)-Kambal Taxes B3's Cleanup step
Turn: Turn 3 (Ai(3)-Kilo Helm Final)
Phase: Ai(3)-Kilo Helm Final's Untap step
Phase: Ai(3)-Kilo Helm Final's Upkeep step
Phase: Ai(3)-Kilo Helm Final's Draw step
Phase: Ai(3)-Kilo Helm Final's Main phase, precombat
Land: Ai(3)-Kilo Helm Final played Rugged Prairie (242)
Phase: Ai(3)-Kilo Helm Final's Beginning of Combat Step
Phase: Ai(3)-Kilo Helm Final's Declare Attackers Step
Phase: Ai(3)-Kilo Helm Final's Declare Blockers Step
Phase: Ai(3)-Kilo Helm Final's First Strike Damage Step
Phase: Ai(3)-Kilo Helm Final's Combat Damage Step
Phase: Ai(3)-Kilo Helm Final's End of Combat Step
Phase: Ai(3)-Kilo Helm Final's Main phase, postcombat
Phase: Ai(3)-Kilo Helm Final's End step
Phase: Ai(3)-Kilo Helm Final's Cleanup step
Turn: Turn 4 (Ai(4)-Nekusar Punisher B3)
Phase: Ai(4)-Nekusar Punisher B3's Untap step
Phase: Ai(4)-Nekusar Punisher B3's Upkeep step
Phase: Ai(4)-Nekusar Punisher B3's Draw step
Phase: Ai(4)-Nekusar Punisher B3's Main phase, precombat
Land: Ai(4)-Nekusar Punisher B3 played Island (365)
Mana: Island (365) - {T}: Add {U}.
Add To Stack: Ai(4)-Nekusar Punisher B3 cast Ponder
Resolve Stack: Ponder (319) - Look at the top 3 cards of Ai(4)-Nekusar Punisher B3's library. Then put them back in any order.You may have that player shuffle their library. Ai(4)-Nekusar Punisher B3 draws a card.
Phase: Ai(4)-Nekusar Punisher B3's Beginning of Combat Step
Phase: Ai(4)-Nekusar Punisher B3's Declare Attackers Step
Phase: Ai(4)-Nekusar Punisher B3's Declare Blockers Step
Phase: Ai(4)-Nekusar Punisher B3's First Strike Damage Step
Phase: Ai(4)-Nekusar Punisher B3's Combat Damage Step
Phase: Ai(4)-Nekusar Punisher B3's End of Combat Step
Phase: Ai(4)-Nekusar Punisher B3's Main phase, postcombat
Phase: Ai(4)-Nekusar Punisher B3's End step
Phase: Ai(4)-Nekusar Punisher B3's Cleanup step
Turn: Turn 5 (Ai(1)-Slurrk Oozes B3)
Phase: Ai(1)-Slurrk Oozes B3's Untap step
Phase: Ai(1)-Slurrk Oozes B3's Upkeep step
Phase: Ai(1)-Slurrk Oozes B3's Draw step
Phase: Ai(1)-Slurrk Oozes B3's Main phase, precombat
Land: Ai(1)-Slurrk Oozes B3 played Swamp (82)
Phase: Ai(1)-Slurrk Oozes B3's Beginning of Combat Step
Phase: Ai(1)-Slurrk Oozes B3's Declare Attackers Step
Phase: Ai(1)-Slurrk Oozes B3's Declare Blockers Step
Phase: Ai(1)-Slurrk Oozes B3's First Strike Damage Step
Phase: Ai(1)-Slurrk Oozes B3's Combat Damage Step
Phase: Ai(1)-Slurrk Oozes B3's End of Combat Step
Phase: Ai(1)-Slurrk Oozes B3's Main phase, postcombat
Phase: Ai(1)-Slurrk Oozes B3's End step
Phase: Ai(1)-Slurrk Oozes B3's Cleanup step
Turn: Turn 6 (Ai(2)-Kambal Taxes B3)
Phase: Ai(2)-Kambal Taxes B3's Untap step
Phase: Ai(2)-Kambal Taxes B3's Upkeep step
Phase: Ai(2)-Kambal Taxes B3's Draw step
Phase: Ai(2)-Kambal Taxes B3's Main phase, precombat
Land: Ai(2)-Kambal Taxes B3 played Vault of the Archangel (113)
Phase: Ai(2)-Kambal Taxes B3's Beginning of Combat Step
Phase: Ai(2)-Kambal Taxes B3's Declare Attackers Step
Phase: Ai(2)-Kambal Taxes B3's Declare Blockers Step
Phase: Ai(2)-Kambal Taxes B3's First Strike Damage Step
Phase: Ai(2)-Kambal Taxes B3's Combat Damage Step
Phase: Ai(2)-Kambal Taxes B3's End of Combat Step
Phase: Ai(2)-Kambal Taxes B3's Main phase, postcombat
Phase: Ai(2)-Kambal Taxes B3's End step
Phase: Ai(2)-Kambal Taxes B3's Cleanup step
Turn: Turn 7 (Ai(3)-Kilo Helm Final)
Phase: Ai(3)-Kilo Helm Final's Untap step
Phase: Ai(3)-Kilo Helm Final's Upkeep step
Phase: Ai(3)-Kilo Helm Final's Draw step
Phase: Ai(3)-Kilo Helm Final's Main phase, precombat
Land: Ai(3)-Kilo Helm Final played Academy Ruins (255)
Phase: Ai(3)-Kilo Helm Final's Beginning of Combat Step
Phase: Ai(3)-Kilo Helm Final's Declare Attackers Step
Phase: Ai(3)-Kilo Helm Final's Declare Blockers Step
Phase: Ai(3)-Kilo Helm Final's First Strike Damage Step
Phase: Ai(3)-Kilo Helm Final's Combat Damage Step
Phase: Ai(3)-Kilo Helm Final's End of Combat Step
Phase: Ai(3)-Kilo Helm Final's Main phase, postcombat
Mana: Rugged Prairie (242) - {T}: Add {C}.
Mana: Academy Ruins (255) - {T}: Add {C}.
Add To Stack: Ai(3)-Kilo Helm Final cast Steel Overseer
Resolve Stack: Steel Overseer - Creature 1 / 1
Phase: Ai(3)-Kilo Helm Final's End step
Phase: Ai(3)-Kilo Helm Final's Cleanup step
Turn: Turn 8 (Ai(4)-Nekusar Punisher B3)
Phase: Ai(4)-Nekusar Punisher B3's Untap step
Phase: Ai(4)-Nekusar Punisher B3's Upkeep step
Phase: Ai(4)-Nekusar Punisher B3's Draw step
Phase: Ai(4)-Nekusar Punisher B3's Main phase, precombat
Land: Ai(4)-Nekusar Punisher B3 played Mountain (381)
Phase: Ai(4)-Nekusar Punisher B3's Beginning of Combat Step
Phase: Ai(4)-Nekusar Punisher B3's Declare Attackers Step
Phase: Ai(4)-Nekusar Punisher B3's Declare Blockers Step
Phase: Ai(4)-Nekusar Punisher B3's First Strike Damage Step
Phase: Ai(4)-Nekusar Punisher B3's Combat Damage Step
Phase: Ai(4)-Nekusar Punisher B3's End of Combat Step
Phase: Ai(4)-Nekusar Punisher B3's Main phase, postcombat
Mana: Mountain (381) - {T}: Add {R}.
Add To Stack: Ai(4)-Nekusar Punisher B3 cast Library of Leng
Resolve Stack: Library of Leng
Phase: Ai(4)-Nekusar Punisher B3's End step
Phase: Ai(4)-Nekusar Punisher B3's Cleanup step
Turn: Turn 9 (Ai(1)-Slurrk Oozes B3)
Phase: Ai(1)-Slurrk Oozes B3's Untap step
Phase: Ai(1)-Slurrk Oozes B3's Upkeep step
Phase: Ai(1)-Slurrk Oozes B3's Draw step
Phase: Ai(1)-Slurrk Oozes B3's Main phase, precombat
Land: Ai(1)-Slurrk Oozes B3 played Forest (34)
Phase: Ai(1)-Slurrk Oozes B3's Beginning of Combat Step
Phase: Ai(1)-Slurrk Oozes B3's Declare Attackers Step
Phase: Ai(1)-Slurrk Oozes B3's Declare Blockers Step
Phase: Ai(1)-Slurrk Oozes B3's First Strike Damage Step
Phase: Ai(1)-Slurrk Oozes B3's Combat Damage Step
Phase: Ai(1)-Slurrk Oozes B3's End of Combat Step
Phase: Ai(1)-Slurrk Oozes B3's Main phase, postcombat
Mana: Forest (52) - {T}: Add {G}.
Mana: Swamp (82) - {T}: Add {B}.
Mana: Forest (34) - {T}: Add {G}.
Add To Stack: Ai(1)-Slurrk Oozes B3 cast Evolution Sage
Resolve Stack: Evolution Sage - Creature 3 / 2
Phase: Ai(1)-Slurrk Oozes B3's End step
Phase: Ai(1)-Slurrk Oozes B3's Cleanup step
Turn: Turn 10 (Ai(2)-Kambal Taxes B3)
Phase: Ai(2)-Kambal Taxes B3's Untap step
Phase: Ai(2)-Kambal Taxes B3's Upkeep step
Phase: Ai(2)-Kambal Taxes B3's Draw step
Phase: Ai(2)-Kambal Taxes B3's Main phase, precombat
Land: Ai(2)-Kambal Taxes B3 played Swamp (182)
Phase: Ai(2)-Kambal Taxes B3's Beginning of Combat Step
Phase: Ai(2)-Kambal Taxes B3's Declare Attackers Step
Phase: Ai(2)-Kambal Taxes B3's Declare Blockers Step
Phase: Ai(2)-Kambal Taxes B3's First Strike Damage Step
Phase: Ai(2)-Kambal Taxes B3's Combat Damage Step
Phase: Ai(2)-Kambal Taxes B3's End of Combat Step
Phase: Ai(2)-Kambal Taxes B3's Main phase, postcombat
Mana: Isolated Chapel (121) - {T}: Add {W} or {B}.
Mana: Swamp (182) - {T}: Add {B}.
Add To Stack: Ai(2)-Kambal Taxes B3 cast Ayli, Eternal Pilgrim
Resolve Stack: Ayli, Eternal Pilgrim - Creature 2 / 3
Phase: Ai(2)-Kambal Taxes B3's End step
Phase: Ai(2)-Kambal Taxes B3's Cleanup step
Turn: Turn 11 (Ai(3)-Kilo Helm Final)
Phase: Ai(3)-Kilo Helm Final's Untap step
Phase: Ai(3)-Kilo Helm Final's Upkeep step
Phase: Ai(3)-Kilo Helm Final's Draw step
Phase: Ai(3)-Kilo Helm Final's Main phase, precombat
Phase: Ai(3)-Kilo Helm Final's Beginning of Combat Step
Phase: Ai(3)-Kilo Helm Final's Declare Attackers Step
Phase: Ai(3)-Kilo Helm Final's Declare Blockers Step
Phase: Ai(3)-Kilo Helm Final's First Strike Damage Step
Phase: Ai(3)-Kilo Helm Final's Combat Damage Step
Phase: Ai(3)-Kilo Helm Final's End of Combat Step
Phase: Ai(3)-Kilo Helm Final's Main phase, postcombat
Mana: Rugged Prairie (242) - {T}: Add {C}.
Mana: Academy Ruins (255) - {T}: Add {C}.
Add To Stack: Ai(3)-Kilo Helm Final cast Arcane Signet
Resolve Stack: Arcane Signet
Phase: Ai(3)-Kilo Helm Final's End step
Add To Stack: Ai(3)-Kilo Helm Final activated Steel Overseer
Resolve Stack: Steel Overseer (205) - Put a +1/+1 counter on each valid permanent.
Phase: Ai(3)-Kilo Helm Final's Cleanup step
Turn: Turn 12 (Ai(4)-Nekusar Punisher B3)
Phase: Ai(4)-Nekusar Punisher B3's Untap step
Phase: Ai(4)-Nekusar Punisher B3's Upkeep step
Phase: Ai(4)-Nekusar Punisher B3's Draw step
Phase: Ai(4)-Nekusar Punisher B3's Main phase, precombat
Land: Ai(4)-Nekusar Punisher B3 played Swamp (390)
Phase: Ai(4)-Nekusar Punisher B3's Beginning of Combat Step
Phase: Ai(4)-Nekusar Punisher B3's Declare Attackers Step
Phase: Ai(4)-Nekusar Punisher B3's Declare Blockers Step
Phase: Ai(4)-Nekusar Punisher B3's First Strike Damage Step
Phase: Ai(4)-Nekusar Punisher B3's Combat Damage Step
Phase: Ai(4)-Nekusar Punisher B3's End of Combat Step
Phase: Ai(4)-Nekusar Punisher B3's Main phase, postcombat
Mana: Swamp (390) - {T}: Add {B}.
Mana: Island (365) - {T}: Add {U}.
Mana: Mountain (381) - {T}: Add {R}.
Add To Stack: Ai(4)-Nekusar Punisher B3 cast Phyrexian Tyranny
Resolve Stack: Phyrexian Tyranny
Phase: Ai(4)-Nekusar Punisher B3's End step
Phase: Ai(4)-Nekusar Punisher B3's Cleanup step
Turn: Turn 13 (Ai(1)-Slurrk Oozes B3)
Phase: Ai(1)-Slurrk Oozes B3's Untap step
Phase: Ai(1)-Slurrk Oozes B3's Upkeep step
Phase: Ai(1)-Slurrk Oozes B3's Draw step
Add To Stack: Ai(4)-Nekusar Punisher B3 triggered Phyrexian Tyranny
Mana: Forest (52) - {T}: Add {G}.
Mana: Forest (34) - {T}: Add {G}.
Resolve Stack: Whenever a player draws a card, that player loses 2 life unless they pay {2}. [Player: Ai(1)-Slurrk Oozes B3]
Phase: Ai(1)-Slurrk Oozes B3's Main phase, precombat
Land: Ai(1)-Slurrk Oozes B3 played Swamp (92)
Add To Stack: Ai(1)-Slurrk Oozes B3 triggered Evolution Sage
Resolve Stack: Landfall — Whenever a land you control enters, proliferate. (Choose any number of permanents and/or players, then give each another counter of each kind already there.) [Zone Changer: Swamp (92)]
Phase: Ai(1)-Slurrk Oozes B3's Beginning of Combat Step
Phase: Ai(1)-Slurrk Oozes B3's Declare Attackers Step
Combat: Ai(1)-Slurrk Oozes B3 assigned Evolution Sage (71) to attack Ai(3)-Kilo Helm Final.
Phase: Ai(1)-Slurrk Oozes B3's Declare Blockers Step
Combat: Ai(3)-Kilo Helm Final didn't block Evolution Sage (71).
Phase: Ai(1)-Slurrk Oozes B3's First Strike Damage Step
Phase: Ai(1)-Slurrk Oozes B3's Combat Damage Step
Damage: Evolution Sage (71) deals 3 combat damage to Ai(3)-Kilo Helm Final.
Life: Life: Ai(3)-Kilo Helm Final 40 > 37
Phase: Ai(1)-Slurrk Oozes B3's End of Combat Step
Phase: Ai(1)-Slurrk Oozes B3's Main phase, postcombat
Mana: Swamp (82) - {T}: Add {B}.
Mana: Swamp (92) - {T}: Add {B}.
Add To Stack: Ai(1)-Slurrk Oozes B3 cast Talisman of Resilience
Resolve Stack: Talisman of Resilience
Phase: Ai(1)-Slurrk Oozes B3's End step
Phase: Ai(1)-Slurrk Oozes B3's Cleanup step
Turn: Turn 14 (Ai(2)-Kambal Taxes B3)
Phase: Ai(2)-Kambal Taxes B3's Untap step
Phase: Ai(2)-Kambal Taxes B3's Upkeep step
Phase: Ai(2)-Kambal Taxes B3's Draw step
Add To Stack: Ai(4)-Nekusar Punisher B3 triggered Phyrexian Tyranny
Mana: Swamp (182) - {T}: Add {B}.
Mana: Isolated Chapel (121) - {T}: Add {W} or {B}.
Resolve Stack: Whenever a player draws a card, that player loses 2 life unless they pay {2}. [Player: Ai(2)-Kambal Taxes B3]
Phase: Ai(2)-Kambal Taxes B3's Main phase, precombat
Land: Ai(2)-Kambal Taxes B3 played Plains (160)
Phase: Ai(2)-Kambal Taxes B3's Beginning of Combat Step
Phase: Ai(2)-Kambal Taxes B3's Declare Attackers Step
Combat: Ai(2)-Kambal Taxes B3 assigned Ayli, Eternal Pilgrim (122) to attack Ai(1)-Slurrk Oozes B3.
Phase: Ai(2)-Kambal Taxes B3's Declare Blockers Step
Combat: Ai(1)-Slurrk Oozes B3 didn't block Ayli, Eternal Pilgrim (122).
Phase: Ai(2)-Kambal Taxes B3's First Strike Damage Step
Phase: Ai(2)-Kambal Taxes B3's Combat Damage Step
Damage: Ayli, Eternal Pilgrim (122) deals 2 combat damage to Ai(1)-Slurrk Oozes B3.
Life: Life: Ai(1)-Slurrk Oozes B3 40 > 38
Phase: Ai(2)-Kambal Taxes B3's End of Combat Step
Phase: Ai(2)-Kambal Taxes B3's Main phase, postcombat
Phase: Ai(2)-Kambal Taxes B3's End step
Phase: Ai(2)-Kambal Taxes B3's Cleanup step
Turn: Turn 15 (Ai(3)-Kilo Helm Final)
Phase: Ai(3)-Kilo Helm Final's Untap step
Phase: Ai(3)-Kilo Helm Final's Upkeep step
Phase: Ai(3)-Kilo Helm Final's Draw step
Add To Stack: Ai(4)-Nekusar Punisher B3 triggered Phyrexian Tyranny
Mana: Arcane Signet (296) - {T}: Add one mana of any color in your commander's color identity.
Mana: Rugged Prairie (242) - {T}: Add {C}.
Resolve Stack: Whenever a player draws a card, that player loses 2 life unless they pay {2}. [Player: Ai(3)-Kilo Helm Final]
Phase: Ai(3)-Kilo Helm Final's Main phase, precombat
Phase: Ai(3)-Kilo Helm Final's Beginning of Combat Step
Phase: Ai(3)-Kilo Helm Final's Declare Attackers Step
Combat: Ai(3)-Kilo Helm Final assigned Steel Overseer (205) to attack Ai(1)-Slurrk Oozes B3.
Phase: Ai(3)-Kilo Helm Final's Declare Blockers Step
Combat: Ai(1)-Slurrk Oozes B3 didn't block Steel Overseer (205).
Phase: Ai(3)-Kilo Helm Final's First Strike Damage Step
Phase: Ai(3)-Kilo Helm Final's Combat Damage Step
Damage: Steel Overseer (205) deals 2 combat damage to Ai(1)-Slurrk Oozes B3.
Life: Life: Ai(1)-Slurrk Oozes B3 38 > 36
Phase: Ai(3)-Kilo Helm Final's End of Combat Step
Phase: Ai(3)-Kilo Helm Final's Main phase, postcombat
Phase: Ai(3)-Kilo Helm Final's End step
Phase: Ai(3)-Kilo Helm Final's Cleanup step
Turn: Turn 16 (Ai(4)-Nekusar Punisher B3)
Phase: Ai(4)-Nekusar Punisher B3's Untap step
Phase: Ai(4)-Nekusar Punisher B3's Upkeep step
Phase: Ai(4)-Nekusar Punisher B3's Draw step
Add To Stack: Ai(4)-Nekusar Punisher B3 triggered Phyrexian Tyranny
Mana: Mountain (381) - {T}: Add {R}.
Mana: Swamp (390) - {T}: Add {B}.
Resolve Stack: Whenever a player draws a card, that player loses 2 life unless they pay {2}. [Player: Ai(4)-Nekusar Punisher B3]
Phase: Ai(4)-Nekusar Punisher B3's Main phase, precombat
Land: Ai(4)-Nekusar Punisher B3 played Swamp (389)
Phase: Ai(4)-Nekusar Punisher B3's Beginning of Combat Step
Phase: Ai(4)-Nekusar Punisher B3's Declare Attackers Step
Phase: Ai(4)-Nekusar Punisher B3's Declare Blockers Step
Phase: Ai(4)-Nekusar Punisher B3's First Strike Damage Step
Phase: Ai(4)-Nekusar Punisher B3's Combat Damage Step
Phase: Ai(4)-Nekusar Punisher B3's End of Combat Step
Phase: Ai(4)-Nekusar Punisher B3's Main phase, postcombat
Phase: Ai(4)-Nekusar Punisher B3's End step
Phase: Ai(4)-Nekusar Punisher B3's Cleanup step
Turn: Turn 17 (Ai(1)-Slurrk Oozes B3)
Phase: Ai(1)-Slurrk Oozes B3's Untap step
Phase: Ai(1)-Slurrk Oozes B3's Upkeep step
Phase: Ai(1)-Slurrk Oozes B3's Draw step
Add To Stack: Ai(4)-Nekusar Punisher B3 triggered Phyrexian Tyranny
Mana: Forest (52) - {T}: Add {G}.
Mana: Forest (34) - {T}: Add {G}.
Resolve Stack: Whenever a player draws a card, that player loses 2 life unless they pay {2}. [Player: Ai(1)-Slurrk Oozes B3]
Phase: Ai(1)-Slurrk Oozes B3's Main phase, precombat
Land: Ai(1)-Slurrk Oozes B3 played Forest (48)
Add To Stack: Ai(1)-Slurrk Oozes B3 triggered Evolution Sage
Resolve Stack: Landfall — Whenever a land you control enters, proliferate. (Choose any number of permanents and/or players, then give each another counter of each kind already there.) [Zone Changer: Forest (48)]
Phase: Ai(1)-Slurrk Oozes B3's Beginning of Combat Step
Phase: Ai(1)-Slurrk Oozes B3's Declare Attackers Step
Combat: Ai(1)-Slurrk Oozes B3 assigned Evolution Sage (71) to attack Ai(3)-Kilo Helm Final.
Phase: Ai(1)-Slurrk Oozes B3's Declare Blockers Step
Combat: Ai(3)-Kilo Helm Final didn't block Evolution Sage (71).
Phase: Ai(1)-Slurrk Oozes B3's First Strike Damage Step
Phase: Ai(1)-Slurrk Oozes B3's Combat Damage Step
Damage: Evolution Sage (71) deals 3 combat damage to Ai(3)-Kilo Helm Final.
Life: Life: Ai(3)-Kilo Helm Final 37 > 34
Phase: Ai(1)-Slurrk Oozes B3's End of Combat Step
Phase: Ai(1)-Slurrk Oozes B3's Main phase, postcombat
Mana: Forest (48) - {T}: Add {G}.
Mana: Swamp (82) - {T}: Add {B}.
Mana: Swamp (92) - {T}: Add {B}.
Add To Stack: Ai(1)-Slurrk Oozes B3 cast Branching Evolution
Resolve Stack: Branching Evolution
Phase: Ai(1)-Slurrk Oozes B3's End step
Phase: Ai(1)-Slurrk Oozes B3's Cleanup step
Turn: Turn 18 (Ai(2)-Kambal Taxes B3)
Phase: Ai(2)-Kambal Taxes B3's Untap step
Phase: Ai(2)-Kambal Taxes B3's Upkeep step
Phase: Ai(2)-Kambal Taxes B3's Draw step
Add To Stack: Ai(4)-Nekusar Punisher B3 triggered Phyrexian Tyranny
Mana: Plains (160) - {T}: Add {W}.
Mana: Swamp (182) - {T}: Add {B}.
Resolve Stack: Whenever a player draws a card, that player loses 2 life unless they pay {2}. [Player: Ai(2)-Kambal Taxes B3]
Phase: Ai(2)-Kambal Taxes B3's Main phase, precombat
Land: Ai(2)-Kambal Taxes B3 played Plains (151)
Mana: Isolated Chapel (121) - {T}: Add {W} or {B}.
Mana: Plains (151) - {T}: Add {W}.
Mana: Vault of the Archangel (113) - {T}: Add {C}.
Add To Stack: Ai(2)-Kambal Taxes B3 cast Read the Bones
Resolve Stack: Ai(2)-Kambal Taxes B3 scried 2 card(s) to the top of the library
Life: Life: Ai(2)-Kambal Taxes B3 40 > 38
Resolve Stack: Read the Bones (107) - Ai(2)-Kambal Taxes B3 scries 2. Ai(2)-Kambal Taxes B3 draws two cards. Ai(2)-Kambal Taxes B3 loses 2 life.
Add To Stack: Ai(4)-Nekusar Punisher B3 triggered Phyrexian Tyranny
Add To Stack: Ai(4)-Nekusar Punisher B3 triggered Phyrexian Tyranny
Life: Life: Ai(2)-Kambal Taxes B3 38 > 36
Resolve Stack: Whenever a player draws a card, that player loses 2 life unless they pay {2}. [Player: Ai(2)-Kambal Taxes B3]
Life: Life: Ai(2)-Kambal Taxes B3 36 > 34
Resolve Stack: Whenever a player draws a card, that player loses 2 life unless they pay {2}. [Player: Ai(2)-Kambal Taxes B3]
Phase: Ai(2)-Kambal Taxes B3's Beginning of Combat Step
Phase: Ai(2)-Kambal Taxes B3's Declare Attackers Step
Combat: Ai(2)-Kambal Taxes B3 assigned Ayli, Eternal Pilgrim (122) to attack Ai(1)-Slurrk Oozes B3.
Phase: Ai(2)-Kambal Taxes B3's Declare Blockers Step
Combat: Ai(1)-Slurrk Oozes B3 didn't block Ayli, Eternal Pilgrim (122).
Phase: Ai(2)-Kambal Taxes B3's First Strike Damage Step
Phase: Ai(2)-Kambal Taxes B3's Combat Damage Step
Damage: Ayli, Eternal Pilgrim (122) deals 2 combat damage to Ai(1)-Slurrk Oozes B3.
Life: Life: Ai(1)-Slurrk Oozes B3 36 > 34
Phase: Ai(2)-Kambal Taxes B3's End of Combat Step
Phase: Ai(2)-Kambal Taxes B3's Main phase, postcombat
Phase: Ai(2)-Kambal Taxes B3's End step
Phase: Ai(2)-Kambal Taxes B3's Cleanup step
Turn: Turn 19 (Ai(3)-Kilo Helm Final)
Phase: Ai(3)-Kilo Helm Final's Untap step
Phase: Ai(3)-Kilo Helm Final's Upkeep step
Phase: Ai(3)-Kilo Helm Final's Draw step
Add To Stack: Ai(4)-Nekusar Punisher B3 triggered Phyrexian Tyranny
Mana: Arcane Signet (296) - {T}: Add one mana of any color in your commander's color identity.
Mana: Rugged Prairie (242) - {T}: Add {C}.
Resolve Stack: Whenever a player draws a card, that player loses 2 life unless they pay {2}. [Player: Ai(3)-Kilo Helm Final]
Phase: Ai(3)-Kilo Helm Final's Main phase, precombat
Phase: Ai(3)-Kilo Helm Final's Beginning of Combat Step
Phase: Ai(3)-Kilo Helm Final's Declare Attackers Step
Combat: Ai(3)-Kilo Helm Final assigned Steel Overseer (205) to attack Ai(1)-Slurrk Oozes B3.
Phase: Ai(3)-Kilo Helm Final's Declare Blockers Step
Combat: Ai(1)-Slurrk Oozes B3 didn't block Steel Overseer (205).
Phase: Ai(3)-Kilo Helm Final's First Strike Damage Step
Phase: Ai(3)-Kilo Helm Final's Combat Damage Step
Damage: Steel Overseer (205) deals 2 combat damage to Ai(1)-Slurrk Oozes B3.
Life: Life: Ai(1)-Slurrk Oozes B3 34 > 32
Phase: Ai(3)-Kilo Helm Final's End of Combat Step
Phase: Ai(3)-Kilo Helm Final's Main phase, postcombat
Phase: Ai(3)-Kilo Helm Final's End step
Phase: Ai(3)-Kilo Helm Final's Cleanup step
Discard: Ai(3)-Kilo Helm Final discards Fumigate (244).
Turn: Turn 20 (Ai(4)-Nekusar Punisher B3)
Phase: Ai(4)-Nekusar Punisher B3's Untap step
Phase: Ai(4)-Nekusar Punisher B3's Upkeep step
Phase: Ai(4)-Nekusar Punisher B3's Draw step
Add To Stack: Ai(4)-Nekusar Punisher B3 triggered Phyrexian Tyranny
Mana: Mountain (381) - {T}: Add {R}.
Mana: Swamp (390) - {T}: Add {B}.
Resolve Stack: Whenever a player draws a card, that player loses 2 life unless they pay {2}. [Player: Ai(4)-Nekusar Punisher B3]
Phase: Ai(4)-Nekusar Punisher B3's Main phase, precombat
Phase: Ai(4)-Nekusar Punisher B3's Beginning of Combat Step
Phase: Ai(4)-Nekusar Punisher B3's Declare Attackers Step
Phase: Ai(4)-Nekusar Punisher B3's Declare Blockers Step
Phase: Ai(4)-Nekusar Punisher B3's First Strike Damage Step
Phase: Ai(4)-Nekusar Punisher B3's Combat Damage Step
Phase: Ai(4)-Nekusar Punisher B3's End of Combat Step
Phase: Ai(4)-Nekusar Punisher B3's Main phase, postcombat
Phase: Ai(4)-Nekusar Punisher B3's End step
Phase: Ai(4)-Nekusar Punisher B3's Cleanup step
Turn: Turn 21 (Ai(1)-Slurrk Oozes B3)
Phase: Ai(1)-Slurrk Oozes B3's Untap step
Phase: Ai(1)-Slurrk Oozes B3's Upkeep step
Phase: Ai(1)-Slurrk Oozes B3's Draw step
Add To Stack: Ai(4)-Nekusar Punisher B3 triggered Phyrexian Tyranny
Mana: Forest (52) - {T}: Add {G}.
Mana: Forest (34) - {T}: Add {G}.
Resolve Stack: Whenever a player draws a card, that player loses 2 life unless they pay {2}. [Player: Ai(1)-Slurrk Oozes B3]
Phase: Ai(1)-Slurrk Oozes B3's Main phase, precombat
Land: Ai(1)-Slurrk Oozes B3 played Command Tower (8)
Add To Stack: Ai(1)-Slurrk Oozes B3 triggered Evolution Sage
Resolve Stack: Landfall — Whenever a land you control enters, proliferate. (Choose any number of permanents and/or players, then give each another counter of each kind already there.) [Zone Changer: Command Tower (8)]
Phase: Ai(1)-Slurrk Oozes B3's Beginning of Combat Step
Phase: Ai(1)-Slurrk Oozes B3's Declare Attackers Step
Combat: Ai(1)-Slurrk Oozes B3 assigned Evolution Sage (71) to attack Ai(3)-Kilo Helm Final.
Phase: Ai(1)-Slurrk Oozes B3's Declare Blockers Step
Combat: Ai(3)-Kilo Helm Final didn't block Evolution Sage (71).
Phase: Ai(1)-Slurrk Oozes B3's First Strike Damage Step
Phase: Ai(1)-Slurrk Oozes B3's Combat Damage Step
Damage: Evolution Sage (71) deals 3 combat damage to Ai(3)-Kilo Helm Final.
Life: Life: Ai(3)-Kilo Helm Final 34 > 31
Phase: Ai(1)-Slurrk Oozes B3's End of Combat Step
Phase: Ai(1)-Slurrk Oozes B3's Main phase, postcombat
Mana: Forest (48) - {T}: Add {G}.
Mana: Swamp (82) - {T}: Add {B}.
Mana: Swamp (92) - {T}: Add {B}.
Mana: Command Tower (8) - {T}: Add one mana of any color in your commander's color identity.
Mana: Talisman of Resilience (96) - {T}: Add {C}.
Add To Stack: Ai(1)-Slurrk Oozes B3 cast Mitotic Slime
Resolve Stack: Mitotic Slime - Creature 4 / 4
Phase: Ai(1)-Slurrk Oozes B3's End step
Phase: Ai(1)-Slurrk Oozes B3's Cleanup step
Turn: Turn 22 (Ai(2)-Kambal Taxes B3)
Phase: Ai(2)-Kambal Taxes B3's Untap step
Phase: Ai(2)-Kambal Taxes B3's Upkeep step
Phase: Ai(2)-Kambal Taxes B3's Draw step
Add To Stack: Ai(4)-Nekusar Punisher B3 triggered Phyrexian Tyranny
Mana: Plains (160) - {T}: Add {W}.
Mana: Plains (151) - {T}: Add {W}.
Resolve Stack: Whenever a player draws a card, that player loses 2 life unless they pay {2}. [Player: Ai(2)-Kambal Taxes B3]
Phase: Ai(2)-Kambal Taxes B3's Main phase, precombat
Land: Ai(2)-Kambal Taxes B3 played Plains (158)
Mana: Plains (158) - {T}: Add {W}.
Mana: Swamp (182) - {T}: Add {B}.
Mana: Isolated Chapel (121) - {T}: Add {W} or {B}.
Mana: Vault of the Archangel (113) - {T}: Add {C}.
Add To Stack: Ai(2)-Kambal Taxes B3 cast Utter End targeting [Mitotic Slime (6)]
Zone Change: Mitotic Slime (6) was put into Exile from Battlefield.
Resolve Stack: Utter End (132) - Exile Mitotic Slime (6).
Phase: Ai(2)-Kambal Taxes B3's Beginning of Combat Step
Phase: Ai(2)-Kambal Taxes B3's Declare Attackers Step
Combat: Ai(2)-Kambal Taxes B3 assigned Ayli, Eternal Pilgrim (122) to attack Ai(1)-Slurrk Oozes B3.
Phase: Ai(2)-Kambal Taxes B3's Declare Blockers Step
Combat: Ai(1)-Slurrk Oozes B3 didn't block Ayli, Eternal Pilgrim (122).
Phase: Ai(2)-Kambal Taxes B3's First Strike Damage Step
Phase: Ai(2)-Kambal Taxes B3's Combat Damage Step
Damage: Ayli, Eternal Pilgrim (122) deals 2 combat damage to Ai(1)-Slurrk Oozes B3.
Life: Life: Ai(1)-Slurrk Oozes B3 32 > 30
Phase: Ai(2)-Kambal Taxes B3's End of Combat Step
Phase: Ai(2)-Kambal Taxes B3's Main phase, postcombat
Phase: Ai(2)-Kambal Taxes B3's End step
Phase: Ai(2)-Kambal Taxes B3's Cleanup step
Turn: Turn 23 (Ai(3)-Kilo Helm Final)
Phase: Ai(3)-Kilo Helm Final's Untap step
Phase: Ai(3)-Kilo Helm Final's Upkeep step
Phase: Ai(3)-Kilo Helm Final's Draw step
Add To Stack: Ai(4)-Nekusar Punisher B3 triggered Phyrexian Tyranny
Mana: Arcane Signet (296) - {T}: Add one mana of any color in your commander's color identity.
Mana: Rugged Prairie (242) - {T}: Add {C}.
Resolve Stack: Whenever a player draws a card, that player loses 2 life unless they pay {2}. [Player: Ai(3)-Kilo Helm Final]
Phase: Ai(3)-Kilo Helm Final's Main phase, precombat
Land: Ai(3)-Kilo Helm Final played Battlefield Forge (216)
Phase: Ai(3)-Kilo Helm Final's Beginning of Combat Step
Phase: Ai(3)-Kilo Helm Final's Declare Attackers Step
Combat: Ai(3)-Kilo Helm Final assigned Steel Overseer (205) to attack Ai(1)-Slurrk Oozes B3.
Phase: Ai(3)-Kilo Helm Final's Declare Blockers Step
Combat: Ai(1)-Slurrk Oozes B3 didn't block Steel Overseer (205).
Phase: Ai(3)-Kilo Helm Final's First Strike Damage Step
Phase: Ai(3)-Kilo Helm Final's Combat Damage Step
Damage: Steel Overseer (205) deals 2 combat damage to Ai(1)-Slurrk Oozes B3.
Life: Life: Ai(1)-Slurrk Oozes B3 30 > 28
Phase: Ai(3)-Kilo Helm Final's End of Combat Step
Phase: Ai(3)-Kilo Helm Final's Main phase, postcombat
Phase: Ai(3)-Kilo Helm Final's End step
Phase: Ai(3)-Kilo Helm Final's Cleanup step
Turn: Turn 24 (Ai(4)-Nekusar Punisher B3)
Phase: Ai(4)-Nekusar Punisher B3's Untap step
Phase: Ai(4)-Nekusar Punisher B3's Upkeep step
Mana: Mountain (381) - {T}: Add {R}.
Mana: Swamp (390) - {T}: Add {B}.
Mana: Swamp (389) - {T}: Add {B}.
Add To Stack: Ai(4)-Nekusar Punisher B3 cast Bedevil targeting [Ayli, Eternal Pilgrim (122)]
Zone Change: Ayli, Eternal Pilgrim (122) was put into Graveyard from Battlefield.
Resolve Stack: Bedevil (367) - Destroy Ayli, Eternal Pilgrim (122).
Phase: Ai(4)-Nekusar Punisher B3's Draw step
Add To Stack: Ai(4)-Nekusar Punisher B3 triggered Phyrexian Tyranny
Life: Life: Ai(4)-Nekusar Punisher B3 40 > 38
Resolve Stack: Whenever a player draws a card, that player loses 2 life unless they pay {2}. [Player: Ai(4)-Nekusar Punisher B3]
Phase: Ai(4)-Nekusar Punisher B3's Main phase, precombat
Land: Ai(4)-Nekusar Punisher B3 played Island (355)
Phase: Ai(4)-Nekusar Punisher B3's Beginning of Combat Step
Phase: Ai(4)-Nekusar Punisher B3's Declare Attackers Step
Phase: Ai(4)-Nekusar Punisher B3's Declare Blockers Step
Phase: Ai(4)-Nekusar Punisher B3's First Strike Damage Step
Phase: Ai(4)-Nekusar Punisher B3's Combat Damage Step
Phase: Ai(4)-Nekusar Punisher B3's End of Combat Step
Phase: Ai(4)-Nekusar Punisher B3's Main phase, postcombat
Phase: Ai(4)-Nekusar Punisher B3's End step
Phase: Ai(4)-Nekusar Punisher B3's Cleanup step
Turn: Turn 25 (Ai(1)-Slurrk Oozes B3)
Phase: Ai(1)-Slurrk Oozes B3's Untap step
Phase: Ai(1)-Slurrk Oozes B3's Upkeep step
Phase: Ai(1)-Slurrk Oozes B3's Draw step
Add To Stack: Ai(4)-Nekusar Punisher B3 triggered Phyrexian Tyranny
Mana: Forest (52) - {T}: Add {G}.
Mana: Forest (34) - {T}: Add {G}.
Resolve Stack: Whenever a player draws a card, that player loses 2 life unless they pay {2}. [Player: Ai(1)-Slurrk Oozes B3]
Phase: Ai(1)-Slurrk Oozes B3's Main phase, precombat
Land: Ai(1)-Slurrk Oozes B3 played Forest (47)
Add To Stack: Ai(1)-Slurrk Oozes B3 triggered Evolution Sage
Resolve Stack: Landfall — Whenever a land you control enters, proliferate. (Choose any number of permanents and/or players, then give each another counter of each kind already there.) [Zone Changer: Forest (47)]
Phase: Ai(1)-Slurrk Oozes B3's Beginning of Combat Step
Phase: Ai(1)-Slurrk Oozes B3's Declare Attackers Step
Combat: Ai(1)-Slurrk Oozes B3 assigned Evolution Sage (71) to attack Ai(3)-Kilo Helm Final.
Phase: Ai(1)-Slurrk Oozes B3's Declare Blockers Step
Combat: Ai(3)-Kilo Helm Final didn't block Evolution Sage (71).
Phase: Ai(1)-Slurrk Oozes B3's First Strike Damage Step
Phase: Ai(1)-Slurrk Oozes B3's Combat Damage Step
Damage: Evolution Sage (71) deals 3 combat damage to Ai(3)-Kilo Helm Final.
Life: Life: Ai(3)-Kilo Helm Final 31 > 28
Phase: Ai(1)-Slurrk Oozes B3's End of Combat Step
Phase: Ai(1)-Slurrk Oozes B3's Main phase, postcombat
Mana: Forest (48) - {T}: Add {G}.
Mana: Command Tower (8) - {T}: Add one mana of any color in your commander's color identity.
Mana: Forest (47) - {T}: Add {G}.
Add To Stack: Ai(1)-Slurrk Oozes B3 cast Predator Ooze
Resolve Stack: Predator Ooze - Creature 1 / 1
Damage: Talisman of Resilience (96) deals 1 non-combat damage to Ai(1)-Slurrk Oozes B3.
Life: Life: Ai(1)-Slurrk Oozes B3 28 > 27
Mana: Talisman of Resilience (96) - {T}: Add {B} or {G}. Talisman of Resilience deals 1 damage to you. 
Mana: Swamp (82) - {T}: Add {B}.
Add To Stack: Ai(1)-Slurrk Oozes B3 cast Winding Constrictor
Resolve Stack: Winding Constrictor - Creature 2 / 3
Phase: Ai(1)-Slurrk Oozes B3's End step
Phase: Ai(1)-Slurrk Oozes B3's Cleanup step
Turn: Turn 26 (Ai(2)-Kambal Taxes B3)
Phase: Ai(2)-Kambal Taxes B3's Untap step
Phase: Ai(2)-Kambal Taxes B3's Upkeep step
Phase: Ai(2)-Kambal Taxes B3's Draw step
Add To Stack: Ai(4)-Nekusar Punisher B3 triggered Phyrexian Tyranny
Mana: Plains (160) - {T}: Add {W}.
Mana: Plains (151) - {T}: Add {W}.
Resolve Stack: Whenever a player draws a card, that player loses 2 life unless they pay {2}. [Player: Ai(2)-Kambal Taxes B3]
Phase: Ai(2)-Kambal Taxes B3's Main phase, precombat
Land: Ai(2)-Kambal Taxes B3 played Swamp (186)
Mana: Swamp (182) - {T}: Add {B}.
Mana: Swamp (186) - {T}: Add {B}.
Mana: Plains (158) - {T}: Add {W}.
Mana: Isolated Chapel (121) - {T}: Add {W} or {B}.
Mana: Vault of the Archangel (113) - {T}: Add {C}.
Add To Stack: Ai(2)-Kambal Taxes B3 cast Torment of Hailfire
Zone Change: Arcane Signet (296) was put into Graveyard from Battlefield.
Zone Change: Library of Leng (305) was put into Graveyard from Battlefield.
Zone Change: Talisman of Resilience (96) was put into Graveyard from Battlefield.
Zone Change: Steel Overseer (205) was put into Graveyard from Battlefield.
Zone Change: Phyrexian Tyranny (317) was put into Graveyard from Battlefield.
Zone Change: Branching Evolution (4) was put into Graveyard from Battlefield.
Discard: Ai(3)-Kilo Helm Final discards Uthros Research Craft (295).
Discard: Ai(4)-Nekusar Punisher B3 discards Izzet Signet (313).
Zone Change: Winding Constrictor (98) was put into Graveyard from Battlefield.
Resolve Stack: Torment of Hailfire (164) - Repeat the following process X times. Each opponent loses 3 life unless that player sacrifices a nonland permanent or discards a card. (X=3)
Phase: Ai(2)-Kambal Taxes B3's Beginning of Combat Step
Phase: Ai(2)-Kambal Taxes B3's Declare Attackers Step
Phase: Ai(2)-Kambal Taxes B3's Declare Blockers Step
Phase: Ai(2)-Kambal Taxes B3's First Strike Damage Step
Phase: Ai(2)-Kambal Taxes B3's Combat Damage Step
Phase: Ai(2)-Kambal Taxes B3's End of Combat Step
Phase: Ai(2)-Kambal Taxes B3's Main phase, postcombat
Phase: Ai(2)-Kambal Taxes B3's End step
Phase: Ai(2)-Kambal Taxes B3's Cleanup step
Turn: Turn 27 (Ai(3)-Kilo Helm Final)
Phase: Ai(3)-Kilo Helm Final's Untap step
Phase: Ai(3)-Kilo Helm Final's Upkeep step
Phase: Ai(3)-Kilo Helm Final's Draw step
Phase: Ai(3)-Kilo Helm Final's Main phase, precombat
Phase: Ai(3)-Kilo Helm Final's Beginning of Combat Step
Phase: Ai(3)-Kilo Helm Final's Declare Attackers Step
Phase: Ai(3)-Kilo Helm Final's Declare Blockers Step
Phase: Ai(3)-Kilo Helm Final's First Strike Damage Step
Phase: Ai(3)-Kilo Helm Final's Combat Damage Step
Phase: Ai(3)-Kilo Helm Final's End of Combat Step
Phase: Ai(3)-Kilo Helm Final's Main phase, postcombat
Phase: Ai(3)-Kilo Helm Final's End step
Phase: Ai(3)-Kilo Helm Final's Cleanup step
Turn: Turn 28 (Ai(4)-Nekusar Punisher B3)
Phase: Ai(4)-Nekusar Punisher B3's Untap step
Phase: Ai(4)-Nekusar Punisher B3's Upkeep step
Phase: Ai(4)-Nekusar Punisher B3's Draw step
Phase: Ai(4)-Nekusar Punisher B3's Main phase, precombat
Phase: Ai(4)-Nekusar Punisher B3's Beginning of Combat Step
Phase: Ai(4)-Nekusar Punisher B3's Declare Attackers Step
Phase: Ai(4)-Nekusar Punisher B3's Declare Blockers Step
Phase: Ai(4)-Nekusar Punisher B3's First Strike Damage Step
Phase: Ai(4)-Nekusar Punisher B3's Combat Damage Step
Phase: Ai(4)-Nekusar Punisher B3's End of Combat Step
Phase: Ai(4)-Nekusar Punisher B3's Main phase, postcombat
Mana: Mountain (381) - {T}: Add {R}.
Mana: Swamp (390) - {T}: Add {B}.
Mana: Island (365) - {T}: Add {U}.
Mana: Swamp (389) - {T}: Add {B}.
Mana: Island (355) - {T}: Add {U}.
Add To Stack: Ai(4)-Nekusar Punisher B3 cast Nekusar, the Mindrazer
Resolve Stack: Nekusar, the Mindrazer - Creature 2 / 4
Phase: Ai(4)-Nekusar Punisher B3's End step
Phase: Ai(4)-Nekusar Punisher B3's Cleanup step
Turn: Turn 29 (Ai(1)-Slurrk Oozes B3)
Phase: Ai(1)-Slurrk Oozes B3's Untap step
Phase: Ai(1)-Slurrk Oozes B3's Upkeep step
Phase: Ai(1)-Slurrk Oozes B3's Draw step
Add To Stack: Ai(4)-Nekusar Punisher B3 triggered Nekusar, the Mindrazer
Add To Stack: Ai(4)-Nekusar Punisher B3 triggered Nekusar, the Mindrazer
Resolve Stack: At the beginning of each player's draw step, that player draws an additional card. [Phase: Ai(1)-Slurrk Oozes B3]
Add To Stack: Ai(4)-Nekusar Punisher B3 triggered Nekusar, the Mindrazer
Damage: Nekusar, the Mindrazer (403) deals 1 non-combat damage to Ai(1)-Slurrk Oozes B3.
Life: Life: Ai(1)-Slurrk Oozes B3 27 > 26
Resolve Stack: Whenever an opponent draws a card, Nekusar, the Mindrazer deals 1 damage to that player. [Player: Ai(1)-Slurrk Oozes B3]
Damage: Nekusar, the Mindrazer (403) deals 1 non-combat damage to Ai(1)-Slurrk Oozes B3.
Life: Life: Ai(1)-Slurrk Oozes B3 26 > 25
Resolve Stack: Whenever an opponent draws a card, Nekusar, the Mindrazer deals 1 damage to that player. [Player: Ai(1)-Slurrk Oozes B3]
Phase: Ai(1)-Slurrk Oozes B3's Main phase, precombat
Land: Ai(1)-Slurrk Oozes B3 played Forest (43)
Add To Stack: Ai(1)-Slurrk Oozes B3 triggered Evolution Sage
Resolve Stack: Landfall — Whenever a land you control enters, proliferate. (Choose any number of permanents and/or players, then give each another counter of each kind already there.) [Zone Changer: Forest (43)]
Phase: Ai(1)-Slurrk Oozes B3's Beginning of Combat Step
Phase: Ai(1)-Slurrk Oozes B3's Declare Attackers Step
Phase: Ai(1)-Slurrk Oozes B3's Declare Blockers Step
Phase: Ai(1)-Slurrk Oozes B3's First Strike Damage Step
Phase: Ai(1)-Slurrk Oozes B3's Combat Damage Step
Phase: Ai(1)-Slurrk Oozes B3's End of Combat Step
Phase: Ai(1)-Slurrk Oozes B3's Main phase, postcombat
Mana: Forest (52) - {T}: Add {G}.
Add To Stack: Ai(1)-Slurrk Oozes B3 cast Llanowar Elves
Resolve Stack: Llanowar Elves - Creature 1 / 1
Mana: Forest (34) - {T}: Add {G}.
Mana: Swamp (82) - {T}: Add {B}.
Mana: Swamp (92) - {T}: Add {B}.
Mana: Forest (48) - {T}: Add {G}.
Mana: Command Tower (8) - {T}: Add one mana of any color in your commander's color identity.
Mana: Forest (47) - {T}: Add {G}.
Add To Stack: Ai(1)-Slurrk Oozes B3 cast Slurrk, All-Ingesting
Replacement Effect: Slurrk, All-Ingesting enters with five +1/+1 counters on it.
Resolve Stack: Slurrk, All-Ingesting - Creature 0 / 0
Phase: Ai(1)-Slurrk Oozes B3's End step
Phase: Ai(1)-Slurrk Oozes B3's Cleanup step
Turn: Turn 30 (Ai(2)-Kambal Taxes B3)
Phase: Ai(2)-Kambal Taxes B3's Untap step
Phase: Ai(2)-Kambal Taxes B3's Upkeep step
Phase: Ai(2)-Kambal Taxes B3's Draw step
Add To Stack: Ai(4)-Nekusar Punisher B3 triggered Nekusar, the Mindrazer
Add To Stack: Ai(4)-Nekusar Punisher B3 triggered Nekusar, the Mindrazer
Resolve Stack: At the beginning of each player's draw step, that player draws an additional card. [Phase: Ai(2)-Kambal Taxes B3]
Add To Stack: Ai(4)-Nekusar Punisher B3 triggered Nekusar, the Mindrazer
Damage: Nekusar, the Mindrazer (403) deals 1 non-combat damage to Ai(2)-Kambal Taxes B3.
Life: Life: Ai(2)-Kambal Taxes B3 34 > 33
Resolve Stack: Whenever an opponent draws a card, Nekusar, the Mindrazer deals 1 damage to that player. [Player: Ai(2)-Kambal Taxes B3]
Damage: Nekusar, the Mindrazer (403) deals 1 non-combat damage to Ai(2)-Kambal Taxes B3.
Life: Life: Ai(2)-Kambal Taxes B3 33 > 32
Resolve Stack: Whenever an opponent draws a card, Nekusar, the Mindrazer deals 1 damage to that player. [Player: Ai(2)-Kambal Taxes B3]
Phase: Ai(2)-Kambal Taxes B3's Main phase, precombat
Land: Ai(2)-Kambal Taxes B3 played Plains (154)
Phase: Ai(2)-Kambal Taxes B3's Beginning of Combat Step
Phase: Ai(2)-Kambal Taxes B3's Declare Attackers Step
Phase: Ai(2)-Kambal Taxes B3's Declare Blockers Step
Phase: Ai(2)-Kambal Taxes B3's First Strike Damage Step
Phase: Ai(2)-Kambal Taxes B3's Combat Damage Step
Phase: Ai(2)-Kambal Taxes B3's End of Combat Step
Phase: Ai(2)-Kambal Taxes B3's Main phase, postcombat
Mana: Swamp (182) - {T}: Add {B}.
Mana: Swamp (186) - {T}: Add {B}.
Mana: Plains (160) - {T}: Add {W}.
Mana: Plains (151) - {T}: Add {W}.
Mana: Plains (158) - {T}: Add {W}.
Add To Stack: Ai(2)-Kambal Taxes B3 cast Sanguine Bond
Resolve Stack: Sanguine Bond
Mana: Isolated Chapel (121) - {T}: Add {W} or {B}.
Mana: Plains (154) - {T}: Add {W}.
Mana: Vault of the Archangel (113) - {T}: Add {C}.
Add To Stack: Ai(2)-Kambal Taxes B3 cast Kambal, Consul of Allocation
Resolve Stack: Kambal, Consul of Allocation - Creature 2 / 3
Phase: Ai(2)-Kambal Taxes B3's End step
Phase: Ai(2)-Kambal Taxes B3's Cleanup step
Turn: Turn 31 (Ai(3)-Kilo Helm Final)
Phase: Ai(3)-Kilo Helm Final's Untap step
Phase: Ai(3)-Kilo Helm Final's Upkeep step
Phase: Ai(3)-Kilo Helm Final's Draw step
Add To Stack: Ai(4)-Nekusar Punisher B3 triggered Nekusar, the Mindrazer
Add To Stack: Ai(4)-Nekusar Punisher B3 triggered Nekusar, the Mindrazer
Resolve Stack: At the beginning of each player's draw step, that player draws an additional card. [Phase: Ai(3)-Kilo Helm Final]
Add To Stack: Ai(4)-Nekusar Punisher B3 triggered Nekusar, the Mindrazer
Damage: Nekusar, the Mindrazer (403) deals 1 non-combat damage to Ai(3)-Kilo Helm Final.
Life: Life: Ai(3)-Kilo Helm Final 28 > 27
Resolve Stack: Whenever an opponent draws a card, Nekusar, the Mindrazer deals 1 damage to that player. [Player: Ai(3)-Kilo Helm Final]
Damage: Nekusar, the Mindrazer (403) deals 1 non-combat damage to Ai(3)-Kilo Helm Final.
Life: Life: Ai(3)-Kilo Helm Final 27 > 26
Resolve Stack: Whenever an opponent draws a card, Nekusar, the Mindrazer deals 1 damage to that player. [Player: Ai(3)-Kilo Helm Final]
Phase: Ai(3)-Kilo Helm Final's Main phase, precombat
Phase: Ai(3)-Kilo Helm Final's Beginning of Combat Step
Phase: Ai(3)-Kilo Helm Final's Declare Attackers Step
Phase: Ai(3)-Kilo Helm Final's Declare Blockers Step
Phase: Ai(3)-Kilo Helm Final's First Strike Damage Step
Phase: Ai(3)-Kilo Helm Final's Combat Damage Step
Phase: Ai(3)-Kilo Helm Final's End of Combat Step
Phase: Ai(3)-Kilo Helm Final's Main phase, postcombat
Mana: Battlefield Forge (216) - {T}: Add {C}.
Mana: Rugged Prairie (242) - {T}: Add {C}.
Add To Stack: Ai(3)-Kilo Helm Final cast Hangarback Walker
Replacement Effect: Hangarback Walker enters with X +1/+1 counters on it.
Resolve Stack: Hangarback Walker - Creature 0 / 0 (X=1)
Phase: Ai(3)-Kilo Helm Final's End step
Phase: Ai(3)-Kilo Helm Final's Cleanup step
Discard: Ai(3)-Kilo Helm Final discards Tezzeret's Gambit (285).
Turn: Turn 32 (Ai(4)-Nekusar Punisher B3)
Phase: Ai(4)-Nekusar Punisher B3's Untap step
Phase: Ai(4)-Nekusar Punisher B3's Upkeep step
Phase: Ai(4)-Nekusar Punisher B3's Draw step
Add To Stack: Ai(4)-Nekusar Punisher B3 triggered Nekusar, the Mindrazer
Resolve Stack: At the beginning of each player's draw step, that player draws an additional card. [Phase: Ai(4)-Nekusar Punisher B3]
Phase: Ai(4)-Nekusar Punisher B3's Main phase, precombat
Land: Ai(4)-Nekusar Punisher B3 played Mountain (378)
Phase: Ai(4)-Nekusar Punisher B3's Beginning of Combat Step
Phase: Ai(4)-Nekusar Punisher B3's Declare Attackers Step
Phase: Ai(4)-Nekusar Punisher B3's Declare Blockers Step
Phase: Ai(4)-Nekusar Punisher B3's First Strike Damage Step
Phase: Ai(4)-Nekusar Punisher B3's Combat Damage Step
Phase: Ai(4)-Nekusar Punisher B3's End of Combat Step
Phase: Ai(4)-Nekusar Punisher B3's Main phase, postcombat
Mana: Swamp (390) - {T}: Add {B}.
Mana: Mountain (381) - {T}: Add {R}.
Mana: Mountain (378) - {T}: Add {R}.
Mana: Swamp (389) - {T}: Add {B}.
Mana: Island (365) - {T}: Add {U}.
Mana: Island (355) - {T}: Add {U}.
Add To Stack: Ai(4)-Nekusar Punisher B3 cast Sire of Insanity
Resolve Stack: Sire of Insanity - Creature 6 / 4
Phase: Ai(4)-Nekusar Punisher B3's End step
Add To Stack: Ai(4)-Nekusar Punisher B3 triggered Sire of Insanity
Discard: Ai(1)-Slurrk Oozes B3 discards Forest (49).
Discard: Ai(2)-Kambal Taxes B3 discards Commander's Sphere (111).
Discard: Ai(2)-Kambal Taxes B3 discards Authority of the Consuls (193).
Discard: Ai(2)-Kambal Taxes B3 discards Arcane Signet (196).
Discard: Ai(2)-Kambal Taxes B3 discards Polluted Bonds (128).
Discard: Ai(2)-Kambal Taxes B3 discards Path to Exile (106).
Discard: Ai(3)-Kilo Helm Final discards Empowered Autogenerator (261).
Discard: Ai(3)-Kilo Helm Final discards Cayth, Famed Mechanist (215).
Discard: Ai(3)-Kilo Helm Final discards Filigree Vector (269).
Discard: Ai(3)-Kilo Helm Final discards Fierce Guardianship (219).
Discard: Ai(3)-Kilo Helm Final discards Experimental Augury (239).
Discard: Ai(3)-Kilo Helm Final discards Emry, Lurker of the Loch (249).
Discard: Ai(3)-Kilo Helm Final discards Swords to Plowshares (248).
Discard: Ai(4)-Nekusar Punisher B3 discards Jace's Archivist (400).
Discard: Ai(4)-Nekusar Punisher B3 discards Dark Deal (398).
Discard: Ai(4)-Nekusar Punisher B3 discards Nin, the Pain Artist (325).
Discard: Ai(4)-Nekusar Punisher B3 discards Ebony Owl Netsuke (316).
Discard: Ai(4)-Nekusar Punisher B3 discards Negate (308).
Resolve Stack: At the beginning of each end step, each player discards their hand. [Phase: Ai(4)-Nekusar Punisher B3]
Phase: Ai(4)-Nekusar Punisher B3's Cleanup step
Turn: Turn 33 (Ai(1)-Slurrk Oozes B3)
Phase: Ai(1)-Slurrk Oozes B3's Untap step
Phase: Ai(1)-Slurrk Oozes B3's Upkeep step
Phase: Ai(1)-Slurrk Oozes B3's Draw step
Add To Stack: Ai(4)-Nekusar Punisher B3 triggered Nekusar, the Mindrazer
Add To Stack: Ai(4)-Nekusar Punisher B3 triggered Nekusar, the Mindrazer
Resolve Stack: At the beginning of each player's draw step, that player draws an additional card. [Phase: Ai(1)-Slurrk Oozes B3]
Add To Stack: Ai(4)-Nekusar Punisher B3 triggered Nekusar, the Mindrazer
Damage: Nekusar, the Mindrazer (403) deals 1 non-combat damage to Ai(1)-Slurrk Oozes B3.
Life: Life: Ai(1)-Slurrk Oozes B3 25 > 24
Resolve Stack: Whenever an opponent draws a card, Nekusar, the Mindrazer deals 1 damage to that player. [Player: Ai(1)-Slurrk Oozes B3]
Damage: Nekusar, the Mindrazer (403) deals 1 non-combat damage to Ai(1)-Slurrk Oozes B3.
Life: Life: Ai(1)-Slurrk Oozes B3 24 > 23
Resolve Stack: Whenever an opponent draws a card, Nekusar, the Mindrazer deals 1 damage to that player. [Player: Ai(1)-Slurrk Oozes B3]
Phase: Ai(1)-Slurrk Oozes B3's Main phase, precombat
Land: Ai(1)-Slurrk Oozes B3 played Karn's Bastion (15)
Add To Stack: Ai(1)-Slurrk Oozes B3 triggered Evolution Sage
Resolve Stack: Landfall — Whenever a land you control enters, proliferate. (Choose any number of permanents and/or players, then give each another counter of each kind already there.) [Zone Changer: Karn's Bastion (15)]
Phase: Ai(1)-Slurrk Oozes B3's Beginning of Combat Step
Phase: Ai(1)-Slurrk Oozes B3's Declare Attackers Step
Combat: Ai(1)-Slurrk Oozes B3 assigned Predator Ooze (68) to attack Ai(4)-Nekusar Punisher B3.
Add To Stack: Ai(1)-Slurrk Oozes B3 triggered Predator Ooze
Resolve Stack: Whenever Predator Ooze attacks, put a +1/+1 counter on it. [Attacker: Predator Ooze (68)]
Phase: Ai(1)-Slurrk Oozes B3's Declare Blockers Step
Combat: Ai(4)-Nekusar Punisher B3 assigned Nekusar, the Mindrazer (403) to block Predator Ooze (68).
Phase: Ai(1)-Slurrk Oozes B3's First Strike Damage Step
Phase: Ai(1)-Slurrk Oozes B3's Combat Damage Step
Damage: Predator Ooze (68) deals 2 damage to Nekusar, the Mindrazer (403).
Damage: Nekusar, the Mindrazer (403) deals 2 damage to Predator Ooze (68).
Phase: Ai(1)-Slurrk Oozes B3's End of Combat Step
Phase: Ai(1)-Slurrk Oozes B3's Main phase, postcombat
Mana: Forest (52) - {T}: Add {G}.
Mana: Swamp (82) - {T}: Add {B}.
Mana: Forest (34) - {T}: Add {G}.
Add To Stack: Ai(1)-Slurrk Oozes B3 cast Kodama's Reach
Add To Stack: Ai(2)-Kambal Taxes B3 triggered Kambal, Consul of Allocation
Life: Life: Ai(1)-Slurrk Oozes B3 23 > 21
Life: Life: Ai(2)-Kambal Taxes B3 32 > 34
Resolve Stack: Whenever an opponent casts a noncreature spell, that player loses 2 life and you gain 2 life. [Card: Kodama's Reach (76), Activator: Ai(1)-Slurrk Oozes B3, SpellAbility: Search your library for up to two basic land cards, reveal those cards, put one onto the battlefield tapped and the other into your hand, then shuffle.   ]
Add To Stack: Ai(2)-Kambal Taxes B3 triggered Sanguine Bond targeting [Ai(3)-Kilo Helm Final]
Life: Life: Ai(3)-Kilo Helm Final 26 > 24
Resolve Stack: Whenever you gain life, target opponent loses that much life. (Targeting: [[Ai(3)-Kilo Helm Final]]) [Player: Ai(2)-Kambal Taxes B3, Gained Amount: 2]
Resolve Stack: Kodama's Reach (76) - Search your library for up to two basic land cards, reveal those cards, put one onto the battlefield tapped and the other into your hand, then shuffle.   
Add To Stack: Ai(1)-Slurrk Oozes B3 triggered Evolution Sage
Resolve Stack: Landfall — Whenever a land you control enters, proliferate. (Choose any number of permanents and/or players, then give each another counter of each kind already there.) [Zone Changer: Swamp (80)]
Phase: Ai(1)-Slurrk Oozes B3's End step
Add To Stack: Ai(4)-Nekusar Punisher B3 triggered Sire of Insanity
Discard: Ai(1)-Slurrk Oozes B3 discards Swamp (89).
Resolve Stack: At the beginning of each end step, each player discards their hand. [Phase: Ai(1)-Slurrk Oozes B3]
Phase: Ai(1)-Slurrk Oozes B3's Cleanup step
Turn: Turn 34 (Ai(2)-Kambal Taxes B3)
Phase: Ai(2)-Kambal Taxes B3's Untap step
Phase: Ai(2)-Kambal Taxes B3's Upkeep step
Phase: Ai(2)-Kambal Taxes B3's Draw step
Add To Stack: Ai(4)-Nekusar Punisher B3 triggered Nekusar, the Mindrazer
Add To Stack: Ai(4)-Nekusar Punisher B3 triggered Nekusar, the Mindrazer
Resolve Stack: At the beginning of each player's draw step, that player draws an additional card. [Phase: Ai(2)-Kambal Taxes B3]
Add To Stack: Ai(4)-Nekusar Punisher B3 triggered Nekusar, the Mindrazer
Damage: Nekusar, the Mindrazer (403) deals 1 non-combat damage to Ai(2)-Kambal Taxes B3.
Life: Life: Ai(2)-Kambal Taxes B3 34 > 33
Resolve Stack: Whenever an opponent draws a card, Nekusar, the Mindrazer deals 1 damage to that player. [Player: Ai(2)-Kambal Taxes B3]
Damage: Nekusar, the Mindrazer (403) deals 1 non-combat damage to Ai(2)-Kambal Taxes B3.
Life: Life: Ai(2)-Kambal Taxes B3 33 > 32
Resolve Stack: Whenever an opponent draws a card, Nekusar, the Mindrazer deals 1 damage to that player. [Player: Ai(2)-Kambal Taxes B3]
Phase: Ai(2)-Kambal Taxes B3's Main phase, precombat
Land: Ai(2)-Kambal Taxes B3 played Plains (146)
Phase: Ai(2)-Kambal Taxes B3's Beginning of Combat Step
Phase: Ai(2)-Kambal Taxes B3's Declare Attackers Step
Phase: Ai(2)-Kambal Taxes B3's Declare Blockers Step
Phase: Ai(2)-Kambal Taxes B3's First Strike Damage Step
Phase: Ai(2)-Kambal Taxes B3's Combat Damage Step
Phase: Ai(2)-Kambal Taxes B3's End of Combat Step
Phase: Ai(2)-Kambal Taxes B3's Main phase, postcombat
Mana: Swamp (182) - {T}: Add {B}.
Mana: Swamp (186) - {T}: Add {B}.
Mana: Plains (160) - {T}: Add {W}.
Mana: Plains (151) - {T}: Add {W}.
Mana: Plains (158) - {T}: Add {W}.
Add To Stack: Ai(2)-Kambal Taxes B3 cast Gray Merchant of Asphodel
Resolve Stack: Gray Merchant of Asphodel - Creature 2 / 4
Add To Stack: Ai(2)-Kambal Taxes B3 triggered Gray Merchant of Asphodel
Life: Life: Ai(3)-Kilo Helm Final 24 > 19
Life: Life: Ai(4)-Nekusar Punisher B3 38 > 33
Life: Life: Ai(1)-Slurrk Oozes B3 21 > 16
Life: Life: Ai(2)-Kambal Taxes B3 32 > 47
Resolve Stack: When Gray Merchant of Asphodel enters, each opponent loses X life, where X is your devotion to black. You gain life equal to the life lost this way. [Zone Changer: Gray Merchant of Asphodel (114)]
Add To Stack: Ai(2)-Kambal Taxes B3 triggered Sanguine Bond targeting [Ai(3)-Kilo Helm Final]
Life: Life: Ai(3)-Kilo Helm Final 19 > 4
Resolve Stack: Whenever you gain life, target opponent loses that much life. (Targeting: [[Ai(3)-Kilo Helm Final]]) [Player: Ai(2)-Kambal Taxes B3, Gained Amount: 15]
Phase: Ai(2)-Kambal Taxes B3's End step
Add To Stack: Ai(4)-Nekusar Punisher B3 triggered Sire of Insanity
Resolve Stack: At the beginning of each end step, each player discards their hand. [Phase: Ai(2)-Kambal Taxes B3]
Phase: Ai(2)-Kambal Taxes B3's Cleanup step
Turn: Turn 35 (Ai(3)-Kilo Helm Final)
Phase: Ai(3)-Kilo Helm Final's Untap step
Phase: Ai(3)-Kilo Helm Final's Upkeep step
Phase: Ai(3)-Kilo Helm Final's Draw step
Add To Stack: Ai(4)-Nekusar Punisher B3 triggered Nekusar, the Mindrazer
Add To Stack: Ai(4)-Nekusar Punisher B3 triggered Nekusar, the Mindrazer
Resolve Stack: At the beginning of each player's draw step, that player draws an additional card. [Phase: Ai(3)-Kilo Helm Final]
Add To Stack: Ai(4)-Nekusar Punisher B3 triggered Nekusar, the Mindrazer
Damage: Nekusar, the Mindrazer (403) deals 1 non-combat damage to Ai(3)-Kilo Helm Final.
Life: Life: Ai(3)-Kilo Helm Final 4 > 3
Resolve Stack: Whenever an opponent draws a card, Nekusar, the Mindrazer deals 1 damage to that player. [Player: Ai(3)-Kilo Helm Final]
Damage: Nekusar, the Mindrazer (403) deals 1 non-combat damage to Ai(3)-Kilo Helm Final.
Life: Life: Ai(3)-Kilo Helm Final 3 > 2
Resolve Stack: Whenever an opponent draws a card, Nekusar, the Mindrazer deals 1 damage to that player. [Player: Ai(3)-Kilo Helm Final]
Phase: Ai(3)-Kilo Helm Final's Main phase, precombat
Land: Ai(3)-Kilo Helm Final played Inkmoth Nexus (243)
Phase: Ai(3)-Kilo Helm Final's Beginning of Combat Step
Phase: Ai(3)-Kilo Helm Final's Declare Attackers Step
Phase: Ai(3)-Kilo Helm Final's Declare Blockers Step
Phase: Ai(3)-Kilo Helm Final's First Strike Damage Step
Phase: Ai(3)-Kilo Helm Final's Combat Damage Step
Phase: Ai(3)-Kilo Helm Final's End of Combat Step
Phase: Ai(3)-Kilo Helm Final's Main phase, postcombat
Phase: Ai(3)-Kilo Helm Final's End step
Add To Stack: Ai(4)-Nekusar Punisher B3 triggered Sire of Insanity
Discard: Ai(3)-Kilo Helm Final discards Insight Engine (235).
Resolve Stack: At the beginning of each end step, each player discards their hand. [Phase: Ai(3)-Kilo Helm Final]
Phase: Ai(3)-Kilo Helm Final's Cleanup step
Turn: Turn 36 (Ai(4)-Nekusar Punisher B3)
Phase: Ai(4)-Nekusar Punisher B3's Untap step
Phase: Ai(4)-Nekusar Punisher B3's Upkeep step
Phase: Ai(4)-Nekusar Punisher B3's Draw step
Add To Stack: Ai(4)-Nekusar Punisher B3 triggered Nekusar, the Mindrazer
Resolve Stack: At the beginning of each player's draw step, that player draws an additional card. [Phase: Ai(4)-Nekusar Punisher B3]
Mana: Swamp (390) - {T}: Add {B}.
Mana: Mountain (381) - {T}: Add {R}.
Add To Stack: Ai(4)-Nekusar Punisher B3 cast Terminate targeting [Slurrk, All-Ingesting (100)]
Add To Stack: Ai(2)-Kambal Taxes B3 triggered Kambal, Consul of Allocation
Life: Life: Ai(4)-Nekusar Punisher B3 33 > 31
Life: Life: Ai(2)-Kambal Taxes B3 47 > 49
Resolve Stack: Whenever an opponent casts a noncreature spell, that player loses 2 life and you gain 2 life. [Card: Terminate (351), Activator: Ai(4)-Nekusar Punisher B3, SpellAbility: Destroy target creature. It can't be regenerated.]
Add To Stack: Ai(2)-Kambal Taxes B3 triggered Sanguine Bond targeting [Ai(3)-Kilo Helm Final]
Life: Life: Ai(3)-Kilo Helm Final 2 > 0
Resolve Stack: Whenever you gain life, target opponent loses that much life. (Targeting: [[Ai(3)-Kilo Helm Final]]) [Player: Ai(2)-Kambal Taxes B3, Gained Amount: 2]
Zone Change: Slurrk, All-Ingesting (100) was put into Graveyard from Battlefield.
Resolve Stack: Terminate (351) - Destroy Slurrk, All-Ingesting (100). It can't be regenerated.
Add To Stack: Ai(1)-Slurrk Oozes B3 triggered Slurrk, All-Ingesting
Resolve Stack: Whenever Slurrk or another creature dies, if it had a +1/+1 counter on it, put a +1/+1 counter on each creature you control that has a +1/+1 counter on it. [Zone Changer: Slurrk, All-Ingesting (100)]
Phase: Ai(4)-Nekusar Punisher B3's Main phase, precombat
Phase: Ai(4)-Nekusar Punisher B3's Beginning of Combat Step
Phase: Ai(4)-Nekusar Punisher B3's Declare Attackers Step
Combat: Ai(4)-Nekusar Punisher B3 assigned Sire of Insanity (335) and Nekusar, the Mindrazer (403) to attack Ai(1)-Slurrk Oozes B3.
Phase: Ai(4)-Nekusar Punisher B3's Declare Blockers Step
Combat: Ai(1)-Slurrk Oozes B3 didn't block Sire of Insanity (335).
Ai(1)-Slurrk Oozes B3 didn't block Nekusar, the Mindrazer (403).
Phase: Ai(4)-Nekusar Punisher B3's First Strike Damage Step
Phase: Ai(4)-Nekusar Punisher B3's Combat Damage Step
Damage: Sire of Insanity (335) deals 6 combat damage to Ai(1)-Slurrk Oozes B3.
Damage: Nekusar, the Mindrazer (403) deals 2 combat damage to Ai(1)-Slurrk Oozes B3.
Life: Life: Ai(1)-Slurrk Oozes B3 16 > 8
Phase: Ai(4)-Nekusar Punisher B3's End of Combat Step
Phase: Ai(4)-Nekusar Punisher B3's Main phase, postcombat
Land: Ai(4)-Nekusar Punisher B3 played Swamp (396)
Phase: Ai(4)-Nekusar Punisher B3's End step
Add To Stack: Ai(4)-Nekusar Punisher B3 triggered Sire of Insanity
Resolve Stack: At the beginning of each end step, each player discards their hand. [Phase: Ai(4)-Nekusar Punisher B3]
Phase: Ai(4)-Nekusar Punisher B3's Cleanup step
Turn: Turn 37 (Ai(1)-Slurrk Oozes B3)
Phase: Ai(1)-Slurrk Oozes B3's Untap step
Phase: Ai(1)-Slurrk Oozes B3's Upkeep step
Phase: Ai(1)-Slurrk Oozes B3's Draw step
Add To Stack: Ai(4)-Nekusar Punisher B3 triggered Nekusar, the Mindrazer
Add To Stack: Ai(4)-Nekusar Punisher B3 triggered Nekusar, the Mindrazer
Resolve Stack: At the beginning of each player's draw step, that player draws an additional card. [Phase: Ai(1)-Slurrk Oozes B3]
Add To Stack: Ai(4)-Nekusar Punisher B3 triggered Nekusar, the Mindrazer
Damage: Nekusar, the Mindrazer (403) deals 1 non-combat damage to Ai(1)-Slurrk Oozes B3.
Life: Life: Ai(1)-Slurrk Oozes B3 8 > 7
Resolve Stack: Whenever an opponent draws a card, Nekusar, the Mindrazer deals 1 damage to that player. [Player: Ai(1)-Slurrk Oozes B3]
Damage: Nekusar, the Mindrazer (403) deals 1 non-combat damage to Ai(1)-Slurrk Oozes B3.
Life: Life: Ai(1)-Slurrk Oozes B3 7 > 6
Resolve Stack: Whenever an opponent draws a card, Nekusar, the Mindrazer deals 1 damage to that player. [Player: Ai(1)-Slurrk Oozes B3]
Phase: Ai(1)-Slurrk Oozes B3's Main phase, precombat
Land: Ai(1)-Slurrk Oozes B3 played Forest (44)
Add To Stack: Ai(1)-Slurrk Oozes B3 triggered Evolution Sage
Resolve Stack: Landfall — Whenever a land you control enters, proliferate. (Choose any number of permanents and/or players, then give each another counter of each kind already there.) [Zone Changer: Forest (44)]
Phase: Ai(1)-Slurrk Oozes B3's Beginning of Combat Step
Phase: Ai(1)-Slurrk Oozes B3's Declare Attackers Step
Combat: Ai(1)-Slurrk Oozes B3 assigned Predator Ooze (68) to attack Ai(2)-Kambal Taxes B3.
Add To Stack: Ai(1)-Slurrk Oozes B3 triggered Predator Ooze
Resolve Stack: Whenever Predator Ooze attacks, put a +1/+1 counter on it. [Attacker: Predator Ooze (68)]
Phase: Ai(1)-Slurrk Oozes B3's Declare Blockers Step
Combat: Ai(2)-Kambal Taxes B3 didn't block Predator Ooze (68).
Phase: Ai(1)-Slurrk Oozes B3's First Strike Damage Step
Phase: Ai(1)-Slurrk Oozes B3's Combat Damage Step
Damage: Predator Ooze (68) deals 6 combat damage to Ai(2)-Kambal Taxes B3.
Life: Life: Ai(2)-Kambal Taxes B3 49 > 43
Phase: Ai(1)-Slurrk Oozes B3's End of Combat Step
Phase: Ai(1)-Slurrk Oozes B3's Main phase, postcombat
Mana: Forest (52) - {T}: Add {G}.
Mana: Forest (34) - {T}: Add {G}.
Mana: Swamp (82) - {T}: Add {B}.
Mana: Swamp (92) - {T}: Add {B}.
Mana: Forest (48) - {T}: Add {G}.
Add To Stack: Ai(1)-Slurrk Oozes B3 cast Biogenic Ooze
Resolve Stack: Biogenic Ooze - Creature 2 / 2
Add To Stack: Ai(1)-Slurrk Oozes B3 triggered Biogenic Ooze
Resolve Stack: When Biogenic Ooze enters, create a 2/2 green Ooze creature token. [Zone Changer: Biogenic Ooze (57)]
Phase: Ai(1)-Slurrk Oozes B3's End step
Add To Stack: Ai(1)-Slurrk Oozes B3 triggered Biogenic Ooze
Add To Stack: Ai(4)-Nekusar Punisher B3 triggered Sire of Insanity
Resolve Stack: At the beginning of each end step, each player discards their hand. [Phase: Ai(1)-Slurrk Oozes B3]
Resolve Stack: At the beginning of your end step, put a +1/+1 counter on each Ooze you control. [Phase: Ai(1)-Slurrk Oozes B3]
Phase: Ai(1)-Slurrk Oozes B3's Cleanup step
Turn: Turn 38 (Ai(2)-Kambal Taxes B3)
Phase: Ai(2)-Kambal Taxes B3's Untap step
Phase: Ai(2)-Kambal Taxes B3's Upkeep step
Phase: Ai(2)-Kambal Taxes B3's Draw step
Add To Stack: Ai(4)-Nekusar Punisher B3 triggered Nekusar, the Mindrazer
Add To Stack: Ai(4)-Nekusar Punisher B3 triggered Nekusar, the Mindrazer
Resolve Stack: At the beginning of each player's draw step, that player draws an additional card. [Phase: Ai(2)-Kambal Taxes B3]
Add To Stack: Ai(4)-Nekusar Punisher B3 triggered Nekusar, the Mindrazer
Damage: Nekusar, the Mindrazer (403) deals 1 non-combat damage to Ai(2)-Kambal Taxes B3.
Life: Life: Ai(2)-Kambal Taxes B3 43 > 42
Resolve Stack: Whenever an opponent draws a card, Nekusar, the Mindrazer deals 1 damage to that player. [Player: Ai(2)-Kambal Taxes B3]
Damage: Nekusar, the Mindrazer (403) deals 1 non-combat damage to Ai(2)-Kambal Taxes B3.
Life: Life: Ai(2)-Kambal Taxes B3 42 > 41
Resolve Stack: Whenever an opponent draws a card, Nekusar, the Mindrazer deals 1 damage to that player. [Player: Ai(2)-Kambal Taxes B3]
Mana: Swamp (182) - {T}: Add {B}.
Mana: Plains (160) - {T}: Add {W}.
Mana: Plains (151) - {T}: Add {W}.
Mana: Plains (158) - {T}: Add {W}.
Add To Stack: Ai(2)-Kambal Taxes B3 activated Vault of the Archangel
Resolve Stack: Vault of the Archangel (113) - Creatures you control gain deathtouch and lifelink until end of turn.
Phase: Ai(2)-Kambal Taxes B3's Main phase, precombat
Land: Ai(2)-Kambal Taxes B3 played Plains (162)
Mana: Swamp (186) - {T}: Add {B}.
Mana: Plains (154) - {T}: Add {W}.
Mana: Plains (146) - {T}: Add {W}.
Mana: Plains (162) - {T}: Add {W}.
Add To Stack: Ai(2)-Kambal Taxes B3 cast Crypt Ghast
Resolve Stack: Crypt Ghast - Creature 2 / 2
Phase: Ai(2)-Kambal Taxes B3's Beginning of Combat Step
Phase: Ai(2)-Kambal Taxes B3's Declare Attackers Step
Combat: Ai(2)-Kambal Taxes B3 assigned Kambal, Consul of Allocation (201) and Gray Merchant of Asphodel (114) to attack Ai(1)-Slurrk Oozes B3.
Mana: Command Tower (8) - {T}: Add one mana of any color in your commander's color identity.
Mana: Forest (47) - {T}: Add {G}.
Mana: Forest (43) - {T}: Add {G}.
Mana: Swamp (80) - {T}: Add {B}.
Add To Stack: Ai(1)-Slurrk Oozes B3 activated Biogenic Ooze
Resolve Stack: Biogenic Ooze (57) - Ai(1)-Slurrk Oozes B3 creates a 2/2 green Ooze creature token.
Phase: Ai(2)-Kambal Taxes B3's Declare Blockers Step
Combat: Ai(1)-Slurrk Oozes B3 assigned Ooze Token (418) to block Kambal, Consul of Allocation (201).
Ai(1)-Slurrk Oozes B3 didn't block Gray Merchant of Asphodel (114).
Phase: Ai(2)-Kambal Taxes B3's First Strike Damage Step
Phase: Ai(2)-Kambal Taxes B3's Combat Damage Step
Damage: Kambal, Consul of Allocation (201) deals 2 damage (Deathtouch) to Ooze Token (418).
Life: Life: Ai(2)-Kambal Taxes B3 41 > 43
Damage: Gray Merchant of Asphodel (114) deals 2 combat damage to Ai(1)-Slurrk Oozes B3.
Life: Life: Ai(2)-Kambal Taxes B3 43 > 45
Damage: Ooze Token (418) deals 3 damage to Kambal, Consul of Allocation (201).
Life: Life: Ai(1)-Slurrk Oozes B3 6 > 4
Zone Change: Kambal, Consul of Allocation (201) was put into Graveyard from Battlefield.
Zone Change: Ooze Token (418) was put into Graveyard from Battlefield.
Add To Stack: Ai(2)-Kambal Taxes B3 triggered Sanguine Bond targeting [Ai(4)-Nekusar Punisher B3]
Add To Stack: Ai(2)-Kambal Taxes B3 triggered Sanguine Bond targeting [Ai(4)-Nekusar Punisher B3]
Life: Life: Ai(4)-Nekusar Punisher B3 31 > 29
Resolve Stack: Whenever you gain life, target opponent loses that much life. (Targeting: [[Ai(4)-Nekusar Punisher B3]]) [Player: Ai(2)-Kambal Taxes B3, Gained Amount: 2]
Life: Life: Ai(4)-Nekusar Punisher B3 29 > 27
Resolve Stack: Whenever you gain life, target opponent loses that much life. (Targeting: [[Ai(4)-Nekusar Punisher B3]]) [Player: Ai(2)-Kambal Taxes B3, Gained Amount: 2]
Phase: Ai(2)-Kambal Taxes B3's End of Combat Step
Phase: Ai(2)-Kambal Taxes B3's Main phase, postcombat
Phase: Ai(2)-Kambal Taxes B3's End step
Add To Stack: Ai(4)-Nekusar Punisher B3 triggered Sire of Insanity
Resolve Stack: At the beginning of each end step, each player discards their hand. [Phase: Ai(2)-Kambal Taxes B3]
Phase: Ai(2)-Kambal Taxes B3's Cleanup step
Turn: Turn 39 (Ai(4)-Nekusar Punisher B3)
Phase: Ai(4)-Nekusar Punisher B3's Untap step
Phase: Ai(4)-Nekusar Punisher B3's Upkeep step
Phase: Ai(4)-Nekusar Punisher B3's Draw step
Add To Stack: Ai(4)-Nekusar Punisher B3 triggered Nekusar, the Mindrazer
Resolve Stack: At the beginning of each player's draw step, that player draws an additional card. [Phase: Ai(4)-Nekusar Punisher B3]
Phase: Ai(4)-Nekusar Punisher B3's Main phase, precombat
Phase: Ai(4)-Nekusar Punisher B3's Beginning of Combat Step
Phase: Ai(4)-Nekusar Punisher B3's Declare Attackers Step
Combat: Ai(4)-Nekusar Punisher B3 assigned Sire of Insanity (335) to attack Ai(1)-Slurrk Oozes B3.
Phase: Ai(4)-Nekusar Punisher B3's Declare Blockers Step
Combat: Ai(1)-Slurrk Oozes B3 assigned Ooze Token (434) and Evolution Sage (71) to block Sire of Insanity (335).
Phase: Ai(4)-Nekusar Punisher B3's First Strike Damage Step
Phase: Ai(4)-Nekusar Punisher B3's Combat Damage Step
Damage: Sire of Insanity (335) deals 4 damage to Ooze Token (434).
Damage: Sire of Insanity (335) deals 2 damage to Evolution Sage (71).
Damage: Ooze Token (434) deals 2 damage to Sire of Insanity (335).
Damage: Evolution Sage (71) deals 3 damage to Sire of Insanity (335).
Zone Change: Sire of Insanity (335) was put into Graveyard from Battlefield.
Zone Change: Evolution Sage (71) was put into Graveyard from Battlefield.
Zone Change: Ooze Token (434) was put into Graveyard from Battlefield.
Phase: Ai(4)-Nekusar Punisher B3's End of Combat Step
Phase: Ai(4)-Nekusar Punisher B3's Main phase, postcombat
Replacement Effect: Sulfur Falls enters tapped unless you control an Island or a Mountain.
Land: Ai(4)-Nekusar Punisher B3 played Sulfur Falls (334)
Phase: Ai(4)-Nekusar Punisher B3's End step
Phase: Ai(4)-Nekusar Punisher B3's Cleanup step
Turn: Turn 40 (Ai(1)-Slurrk Oozes B3)
Phase: Ai(1)-Slurrk Oozes B3's Untap step
Phase: Ai(1)-Slurrk Oozes B3's Upkeep step
Phase: Ai(1)-Slurrk Oozes B3's Draw step
Add To Stack: Ai(4)-Nekusar Punisher B3 triggered Nekusar, the Mindrazer
Add To Stack: Ai(4)-Nekusar Punisher B3 triggered Nekusar, the Mindrazer
Resolve Stack: At the beginning of each player's draw step, that player draws an additional card. [Phase: Ai(1)-Slurrk Oozes B3]
Add To Stack: Ai(4)-Nekusar Punisher B3 triggered Nekusar, the Mindrazer
Damage: Nekusar, the Mindrazer (403) deals 1 non-combat damage to Ai(1)-Slurrk Oozes B3.
Life: Life: Ai(1)-Slurrk Oozes B3 4 > 3
Resolve Stack: Whenever an opponent draws a card, Nekusar, the Mindrazer deals 1 damage to that player. [Player: Ai(1)-Slurrk Oozes B3]
Damage: Nekusar, the Mindrazer (403) deals 1 non-combat damage to Ai(1)-Slurrk Oozes B3.
Life: Life: Ai(1)-Slurrk Oozes B3 3 > 2
Resolve Stack: Whenever an opponent draws a card, Nekusar, the Mindrazer deals 1 damage to that player. [Player: Ai(1)-Slurrk Oozes B3]
Phase: Ai(1)-Slurrk Oozes B3's Main phase, precombat
Land: Ai(1)-Slurrk Oozes B3 played Swamp (85)
Phase: Ai(1)-Slurrk Oozes B3's Beginning of Combat Step
Phase: Ai(1)-Slurrk Oozes B3's Declare Attackers Step
Combat: Ai(1)-Slurrk Oozes B3 assigned Predator Ooze (68) to attack Ai(2)-Kambal Taxes B3.
Add To Stack: Ai(1)-Slurrk Oozes B3 triggered Predator Ooze
Resolve Stack: Whenever Predator Ooze attacks, put a +1/+1 counter on it. [Attacker: Predator Ooze (68)]
Phase: Ai(1)-Slurrk Oozes B3's Declare Blockers Step
Combat: Ai(2)-Kambal Taxes B3 didn't block Predator Ooze (68).
Phase: Ai(1)-Slurrk Oozes B3's First Strike Damage Step
Phase: Ai(1)-Slurrk Oozes B3's Combat Damage Step
Damage: Predator Ooze (68) deals 8 combat damage to Ai(2)-Kambal Taxes B3.
Life: Life: Ai(2)-Kambal Taxes B3 45 > 37
Phase: Ai(1)-Slurrk Oozes B3's End of Combat Step
Phase: Ai(1)-Slurrk Oozes B3's Main phase, postcombat
Mana: Forest (52) - {T}: Add {G}.
Mana: Forest (34) - {T}: Add {G}.
Mana: Forest (48) - {T}: Add {G}.
Mana: Command Tower (8) - {T}: Add one mana of any color in your commander's color identity.
Mana: Forest (47) - {T}: Add {G}.
Mana: Forest (43) - {T}: Add {G}.
Mana: Forest (44) - {T}: Add {G}.
Mana: Swamp (82) - {T}: Add {B}.
Add To Stack: Ai(1)-Slurrk Oozes B3 cast Slurrk, All-Ingesting
Replacement Effect: Slurrk, All-Ingesting enters with five +1/+1 counters on it.
Resolve Stack: Slurrk, All-Ingesting - Creature 0 / 0
Phase: Ai(1)-Slurrk Oozes B3's End step
Add To Stack: Ai(1)-Slurrk Oozes B3 triggered Biogenic Ooze
Resolve Stack: At the beginning of your end step, put a +1/+1 counter on each Ooze you control. [Phase: Ai(1)-Slurrk Oozes B3]
Phase: Ai(1)-Slurrk Oozes B3's Cleanup step
Turn: Turn 41 (Ai(2)-Kambal Taxes B3)
Phase: Ai(2)-Kambal Taxes B3's Untap step
Phase: Ai(2)-Kambal Taxes B3's Upkeep step
Phase: Ai(2)-Kambal Taxes B3's Draw step
Add To Stack: Ai(4)-Nekusar Punisher B3 triggered Nekusar, the Mindrazer
Add To Stack: Ai(4)-Nekusar Punisher B3 triggered Nekusar, the Mindrazer
Resolve Stack: At the beginning of each player's draw step, that player draws an additional card. [Phase: Ai(2)-Kambal Taxes B3]
Add To Stack: Ai(4)-Nekusar Punisher B3 triggered Nekusar, the Mindrazer
Damage: Nekusar, the Mindrazer (403) deals 1 non-combat damage to Ai(2)-Kambal Taxes B3.
Life: Life: Ai(2)-Kambal Taxes B3 37 > 36
Resolve Stack: Whenever an opponent draws a card, Nekusar, the Mindrazer deals 1 damage to that player. [Player: Ai(2)-Kambal Taxes B3]
Damage: Nekusar, the Mindrazer (403) deals 1 non-combat damage to Ai(2)-Kambal Taxes B3.
Life: Life: Ai(2)-Kambal Taxes B3 36 > 35
Resolve Stack: Whenever an opponent draws a card, Nekusar, the Mindrazer deals 1 damage to that player. [Player: Ai(2)-Kambal Taxes B3]
Phase: Ai(2)-Kambal Taxes B3's Main phase, precombat
Land: Ai(2)-Kambal Taxes B3 played Swamp (184)
Phase: Ai(2)-Kambal Taxes B3's Beginning of Combat Step
Phase: Ai(2)-Kambal Taxes B3's Declare Attackers Step
Phase: Ai(2)-Kambal Taxes B3's Declare Blockers Step
Phase: Ai(2)-Kambal Taxes B3's First Strike Damage Step
Phase: Ai(2)-Kambal Taxes B3's Combat Damage Step
Phase: Ai(2)-Kambal Taxes B3's End of Combat Step
Phase: Ai(2)-Kambal Taxes B3's Main phase, postcombat
Mana: Swamp (182) - {T}: Add {B}.
Mana: Plains (160) - {T}: Add {W}.
Mana: Plains (151) - {T}: Add {W}.
Mana: Plains (158) - {T}: Add {W}.
Add To Stack: Ai(2)-Kambal Taxes B3 cast Kambal, Consul of Allocation
Add To Stack: Ai(2)-Kambal Taxes B3 triggered Crypt Ghast
Mana: Plains (154) - {T}: Add {W}.
Life: Life: Ai(4)-Nekusar Punisher B3 27 > 26
Life: Life: Ai(1)-Slurrk Oozes B3 2 > 1
Life: Life: Ai(2)-Kambal Taxes B3 35 > 37
Resolve Stack: Extort (Whenever you cast a spell, you may pay {W/B}. If you do, each opponent loses 1 life and you gain that much life.) [Card: Kambal, Consul of Allocation (201), Activator: Ai(2)-Kambal Taxes B3, SpellAbility: Kambal, Consul of Allocation - Creature 2 / 3]
Add To Stack: Ai(2)-Kambal Taxes B3 triggered Sanguine Bond targeting [Ai(4)-Nekusar Punisher B3]
Life: Life: Ai(4)-Nekusar Punisher B3 26 > 24
Resolve Stack: Whenever you gain life, target opponent loses that much life. (Targeting: [[Ai(4)-Nekusar Punisher B3]]) [Player: Ai(2)-Kambal Taxes B3, Gained Amount: 2]
Resolve Stack: Kambal, Consul of Allocation - Creature 2 / 3
Phase: Ai(2)-Kambal Taxes B3's End step
Phase: Ai(2)-Kambal Taxes B3's Cleanup step
Turn: Turn 42 (Ai(4)-Nekusar Punisher B3)
Phase: Ai(4)-Nekusar Punisher B3's Untap step
Phase: Ai(4)-Nekusar Punisher B3's Upkeep step
Phase: Ai(4)-Nekusar Punisher B3's Draw step
Add To Stack: Ai(4)-Nekusar Punisher B3 triggered Nekusar, the Mindrazer
Resolve Stack: At the beginning of each player's draw step, that player draws an additional card. [Phase: Ai(4)-Nekusar Punisher B3]
Phase: Ai(4)-Nekusar Punisher B3's Main phase, precombat
Phase: Ai(4)-Nekusar Punisher B3's Beginning of Combat Step
Phase: Ai(4)-Nekusar Punisher B3's Declare Attackers Step
Phase: Ai(4)-Nekusar Punisher B3's Declare Blockers Step
Phase: Ai(4)-Nekusar Punisher B3's First Strike Damage Step
Phase: Ai(4)-Nekusar Punisher B3's Combat Damage Step
Phase: Ai(4)-Nekusar Punisher B3's End of Combat Step
Phase: Ai(4)-Nekusar Punisher B3's Main phase, postcombat
Land: Ai(4)-Nekusar Punisher B3 played Island (360)
Mana: Island (365) - {T}: Add {U}.
Mana: Mountain (381) - {T}: Add {R}.
Mana: Swamp (390) - {T}: Add {B}.
Add To Stack: Ai(4)-Nekusar Punisher B3 cast Iron Maiden
Add To Stack: Ai(2)-Kambal Taxes B3 triggered Kambal, Consul of Allocation
Life: Life: Ai(4)-Nekusar Punisher B3 24 > 22
Life: Life: Ai(2)-Kambal Taxes B3 37 > 39
Resolve Stack: Whenever an opponent casts a noncreature spell, that player loses 2 life and you gain 2 life. [Card: Iron Maiden (369), Activator: Ai(4)-Nekusar Punisher B3, SpellAbility: Iron Maiden]
Add To Stack: Ai(2)-Kambal Taxes B3 triggered Sanguine Bond targeting [Ai(4)-Nekusar Punisher B3]
Life: Life: Ai(4)-Nekusar Punisher B3 22 > 20
Resolve Stack: Whenever you gain life, target opponent loses that much life. (Targeting: [[Ai(4)-Nekusar Punisher B3]]) [Player: Ai(2)-Kambal Taxes B3, Gained Amount: 2]
Resolve Stack: Iron Maiden
Phase: Ai(4)-Nekusar Punisher B3's End step
Phase: Ai(4)-Nekusar Punisher B3's Cleanup step
Turn: Turn 43 (Ai(1)-Slurrk Oozes B3)
Phase: Ai(1)-Slurrk Oozes B3's Untap step
Phase: Ai(1)-Slurrk Oozes B3's Upkeep step
Add To Stack: Ai(4)-Nekusar Punisher B3 triggered Iron Maiden
Resolve Stack: At the beginning of each opponent's upkeep, Iron Maiden deals X damage to that player, where X is the number of cards in their hand minus 4. [Phase: Ai(1)-Slurrk Oozes B3]
Phase: Ai(1)-Slurrk Oozes B3's Draw step
Add To Stack: Ai(4)-Nekusar Punisher B3 triggered Nekusar, the Mindrazer
Add To Stack: Ai(4)-Nekusar Punisher B3 triggered Nekusar, the Mindrazer
Resolve Stack: At the beginning of each player's draw step, that player draws an additional card. [Phase: Ai(1)-Slurrk Oozes B3]
Add To Stack: Ai(4)-Nekusar Punisher B3 triggered Nekusar, the Mindrazer
Damage: Nekusar, the Mindrazer (403) deals 1 non-combat damage to Ai(1)-Slurrk Oozes B3.
Life: Life: Ai(1)-Slurrk Oozes B3 1 > 0
Resolve Stack: Whenever an opponent draws a card, Nekusar, the Mindrazer deals 1 damage to that player. [Player: Ai(1)-Slurrk Oozes B3]
Resolve Stack: Whenever an opponent draws a card, Nekusar, the Mindrazer deals 1 damage to that player. [Player: Ai(1)-Slurrk Oozes B3]
Phase: Ai(1)-Slurrk Oozes B3's Main phase, precombat
Phase: Ai(1)-Slurrk Oozes B3's Beginning of Combat Step
Phase: Ai(1)-Slurrk Oozes B3's Declare Attackers Step
Phase: Ai(1)-Slurrk Oozes B3's Declare Blockers Step
Phase: Ai(1)-Slurrk Oozes B3's First Strike Damage Step
Phase: Ai(1)-Slurrk Oozes B3's Combat Damage Step
Phase: Ai(1)-Slurrk Oozes B3's End of Combat Step
Phase: Ai(1)-Slurrk Oozes B3's Main phase, postcombat
Phase: Ai(1)-Slurrk Oozes B3's End step
Phase: Ai(1)-Slurrk Oozes B3's Cleanup step
Turn: Turn 44 (Ai(2)-Kambal Taxes B3)
Phase: Ai(2)-Kambal Taxes B3's Untap step
Phase: Ai(2)-Kambal Taxes B3's Upkeep step
Add To Stack: Ai(4)-Nekusar Punisher B3 triggered Iron Maiden
Resolve Stack: At the beginning of each opponent's upkeep, Iron Maiden deals X damage to that player, where X is the number of cards in their hand minus 4. [Phase: Ai(2)-Kambal Taxes B3]
Phase: Ai(2)-Kambal Taxes B3's Draw step
Add To Stack: Ai(4)-Nekusar Punisher B3 triggered Nekusar, the Mindrazer
Add To Stack: Ai(4)-Nekusar Punisher B3 triggered Nekusar, the Mindrazer
Resolve Stack: At the beginning of each player's draw step, that player draws an additional card. [Phase: Ai(2)-Kambal Taxes B3]
Add To Stack: Ai(4)-Nekusar Punisher B3 triggered Nekusar, the Mindrazer
Damage: Nekusar, the Mindrazer (403) deals 1 non-combat damage to Ai(2)-Kambal Taxes B3.
Life: Life: Ai(2)-Kambal Taxes B3 39 > 38
Resolve Stack: Whenever an opponent draws a card, Nekusar, the Mindrazer deals 1 damage to that player. [Player: Ai(2)-Kambal Taxes B3]
Damage: Nekusar, the Mindrazer (403) deals 1 non-combat damage to Ai(2)-Kambal Taxes B3.
Life: Life: Ai(2)-Kambal Taxes B3 38 > 37
Resolve Stack: Whenever an opponent draws a card, Nekusar, the Mindrazer deals 1 damage to that player. [Player: Ai(2)-Kambal Taxes B3]
Phase: Ai(2)-Kambal Taxes B3's Main phase, precombat
Land: Ai(2)-Kambal Taxes B3 played Swamp (183)
Phase: Ai(2)-Kambal Taxes B3's Beginning of Combat Step
Phase: Ai(2)-Kambal Taxes B3's Declare Attackers Step
Phase: Ai(2)-Kambal Taxes B3's Declare Blockers Step
Phase: Ai(2)-Kambal Taxes B3's First Strike Damage Step
Phase: Ai(2)-Kambal Taxes B3's Combat Damage Step
Phase: Ai(2)-Kambal Taxes B3's End of Combat Step
Phase: Ai(2)-Kambal Taxes B3's Main phase, postcombat
Mana: Swamp (182) - {T}: Add {B}.
Mana: Plains (160) - {T}: Add {W}.
Add To Stack: Ai(2)-Kambal Taxes B3 cast Elas il-Kor, Sadistic Pilgrim
Add To Stack: Ai(2)-Kambal Taxes B3 triggered Crypt Ghast
Life: Life: Ai(4)-Nekusar Punisher B3 20 > 19
Life: Life: Ai(2)-Kambal Taxes B3 37 > 38
Resolve Stack: Extort (Whenever you cast a spell, you may pay {W/B}. If you do, each opponent loses 1 life and you gain that much life.) [Card: Elas il-Kor, Sadistic Pilgrim (127), Activator: Ai(2)-Kambal Taxes B3, SpellAbility: Elas il-Kor, Sadistic Pilgrim - Creature 2 / 2]
Add To Stack: Ai(2)-Kambal Taxes B3 triggered Sanguine Bond targeting [Ai(4)-Nekusar Punisher B3]
Life: Life: Ai(4)-Nekusar Punisher B3 19 > 18
Resolve Stack: Whenever you gain life, target opponent loses that much life. (Targeting: [[Ai(4)-Nekusar Punisher B3]]) [Player: Ai(2)-Kambal Taxes B3, Gained Amount: 1]
Resolve Stack: Elas il-Kor, Sadistic Pilgrim - Creature 2 / 2
Mana: Plains (151) - {T}: Add {W}.
Add To Stack: Ai(2)-Kambal Taxes B3 cast Soul Warden
Add To Stack: Ai(2)-Kambal Taxes B3 triggered Crypt Ghast
Mana: Plains (158) - {T}: Add {W}.
Life: Life: Ai(4)-Nekusar Punisher B3 18 > 17
Life: Life: Ai(2)-Kambal Taxes B3 38 > 39
Resolve Stack: Extort (Whenever you cast a spell, you may pay {W/B}. If you do, each opponent loses 1 life and you gain that much life.) [Card: Soul Warden (140), Activator: Ai(2)-Kambal Taxes B3, SpellAbility: Soul Warden - Creature 1 / 1]
Add To Stack: Ai(2)-Kambal Taxes B3 triggered Sanguine Bond targeting [Ai(4)-Nekusar Punisher B3]
Life: Life: Ai(4)-Nekusar Punisher B3 17 > 16
Resolve Stack: Whenever you gain life, target opponent loses that much life. (Targeting: [[Ai(4)-Nekusar Punisher B3]]) [Player: Ai(2)-Kambal Taxes B3, Gained Amount: 1]
Resolve Stack: Soul Warden - Creature 1 / 1
Add To Stack: Ai(2)-Kambal Taxes B3 triggered Elas il-Kor, Sadistic Pilgrim
Life: Life: Ai(2)-Kambal Taxes B3 39 > 40
Resolve Stack: Whenever another creature you control enters, you gain 1 life. [Zone Changer: Soul Warden (140)]
Add To Stack: Ai(2)-Kambal Taxes B3 triggered Sanguine Bond targeting [Ai(4)-Nekusar Punisher B3]
Life: Life: Ai(4)-Nekusar Punisher B3 16 > 15
Resolve Stack: Whenever you gain life, target opponent loses that much life. (Targeting: [[Ai(4)-Nekusar Punisher B3]]) [Player: Ai(2)-Kambal Taxes B3, Gained Amount: 1]
Phase: Ai(2)-Kambal Taxes B3's End step
Phase: Ai(2)-Kambal Taxes B3's Cleanup step
Turn: Turn 45 (Ai(4)-Nekusar Punisher B3)
Phase: Ai(4)-Nekusar Punisher B3's Untap step
Phase: Ai(4)-Nekusar Punisher B3's Upkeep step
Phase: Ai(4)-Nekusar Punisher B3's Draw step
Add To Stack: Ai(4)-Nekusar Punisher B3 triggered Nekusar, the Mindrazer
Resolve Stack: At the beginning of each player's draw step, that player draws an additional card. [Phase: Ai(4)-Nekusar Punisher B3]
Phase: Ai(4)-Nekusar Punisher B3's Main phase, precombat
Phase: Ai(4)-Nekusar Punisher B3's Beginning of Combat Step
Phase: Ai(4)-Nekusar Punisher B3's Declare Attackers Step
Phase: Ai(4)-Nekusar Punisher B3's Declare Blockers Step
Phase: Ai(4)-Nekusar Punisher B3's First Strike Damage Step
Phase: Ai(4)-Nekusar Punisher B3's Combat Damage Step
Phase: Ai(4)-Nekusar Punisher B3's End of Combat Step
Phase: Ai(4)-Nekusar Punisher B3's Main phase, postcombat
Land: Ai(4)-Nekusar Punisher B3 played Mountain (383)
Phase: Ai(4)-Nekusar Punisher B3's End step
Phase: Ai(4)-Nekusar Punisher B3's Cleanup step
Turn: Turn 46 (Ai(2)-Kambal Taxes B3)
Phase: Ai(2)-Kambal Taxes B3's Untap step
Phase: Ai(2)-Kambal Taxes B3's Upkeep step
Add To Stack: Ai(4)-Nekusar Punisher B3 triggered Iron Maiden
Resolve Stack: At the beginning of each opponent's upkeep, Iron Maiden deals X damage to that player, where X is the number of cards in their hand minus 4. [Phase: Ai(2)-Kambal Taxes B3]
Phase: Ai(2)-Kambal Taxes B3's Draw step
Add To Stack: Ai(4)-Nekusar Punisher B3 triggered Nekusar, the Mindrazer
Add To Stack: Ai(4)-Nekusar Punisher B3 triggered Nekusar, the Mindrazer
Resolve Stack: At the beginning of each player's draw step, that player draws an additional card. [Phase: Ai(2)-Kambal Taxes B3]
Add To Stack: Ai(4)-Nekusar Punisher B3 triggered Nekusar, the Mindrazer
Damage: Nekusar, the Mindrazer (403) deals 1 non-combat damage to Ai(2)-Kambal Taxes B3.
Life: Life: Ai(2)-Kambal Taxes B3 40 > 39
Resolve Stack: Whenever an opponent draws a card, Nekusar, the Mindrazer deals 1 damage to that player. [Player: Ai(2)-Kambal Taxes B3]
Damage: Nekusar, the Mindrazer (403) deals 1 non-combat damage to Ai(2)-Kambal Taxes B3.
Life: Life: Ai(2)-Kambal Taxes B3 39 > 38
Resolve Stack: Whenever an opponent draws a card, Nekusar, the Mindrazer deals 1 damage to that player. [Player: Ai(2)-Kambal Taxes B3]
Phase: Ai(2)-Kambal Taxes B3's Main phase, precombat
Land: Ai(2)-Kambal Taxes B3 played Plains (163)
Phase: Ai(2)-Kambal Taxes B3's Beginning of Combat Step
Phase: Ai(2)-Kambal Taxes B3's Declare Attackers Step
Combat: Ai(2)-Kambal Taxes B3 assigned Gray Merchant of Asphodel (114), Crypt Ghast (102), Kambal, Consul of Allocation (201), Elas il-Kor, Sadistic Pilgrim (127) and Soul Warden (140) to attack Ai(4)-Nekusar Punisher B3.
Phase: Ai(2)-Kambal Taxes B3's Declare Blockers Step
Combat: Ai(4)-Nekusar Punisher B3 assigned Nekusar, the Mindrazer (403) to block Gray Merchant of Asphodel (114).
Ai(4)-Nekusar Punisher B3 didn't block Crypt Ghast (102).
Ai(4)-Nekusar Punisher B3 didn't block Kambal, Consul of Allocation (201).
Ai(4)-Nekusar Punisher B3 didn't block Elas il-Kor, Sadistic Pilgrim (127).
Ai(4)-Nekusar Punisher B3 didn't block Soul Warden (140).
Mana: Swamp (182) - {T}: Add {B}.
Mana: Plains (160) - {T}: Add {W}.
Mana: Swamp (186) - {T}: Add {B}.
Add To Stack: Ai(2)-Kambal Taxes B3 activated Vault of the Archangel
Resolve Stack: Vault of the Archangel (113) - Creatures you control gain deathtouch and lifelink until end of turn.
Phase: Ai(2)-Kambal Taxes B3's First Strike Damage Step
Phase: Ai(2)-Kambal Taxes B3's Combat Damage Step
Damage: Gray Merchant of Asphodel (114) deals 2 damage (Deathtouch) to Nekusar, the Mindrazer (403).
Life: Life: Ai(2)-Kambal Taxes B3 38 > 40
Damage: Crypt Ghast (102) deals 2 combat damage to Ai(4)-Nekusar Punisher B3.
Life: Life: Ai(2)-Kambal Taxes B3 40 > 42
Damage: Kambal, Consul of Allocation (201) deals 2 combat damage to Ai(4)-Nekusar Punisher B3.
Life: Life: Ai(2)-Kambal Taxes B3 42 > 44
Damage: Elas il-Kor, Sadistic Pilgrim (127) deals 2 combat damage to Ai(4)-Nekusar Punisher B3.
Life: Life: Ai(2)-Kambal Taxes B3 44 > 46
Damage: Soul Warden (140) deals 1 combat damage to Ai(4)-Nekusar Punisher B3.
Life: Life: Ai(2)-Kambal Taxes B3 46 > 47
Damage: Nekusar, the Mindrazer (403) deals 2 damage to Gray Merchant of Asphodel (114).
Life: Life: Ai(4)-Nekusar Punisher B3 15 > 8
Zone Change: Nekusar, the Mindrazer (403) was put into Graveyard from Battlefield.
Add To Stack: Ai(2)-Kambal Taxes B3 triggered Sanguine Bond targeting [Ai(4)-Nekusar Punisher B3]
Add To Stack: Ai(2)-Kambal Taxes B3 triggered Sanguine Bond targeting [Ai(4)-Nekusar Punisher B3]
Add To Stack: Ai(2)-Kambal Taxes B3 triggered Sanguine Bond targeting [Ai(4)-Nekusar Punisher B3]
Add To Stack: Ai(2)-Kambal Taxes B3 triggered Sanguine Bond targeting [Ai(4)-Nekusar Punisher B3]
Add To Stack: Ai(2)-Kambal Taxes B3 triggered Sanguine Bond targeting [Ai(4)-Nekusar Punisher B3]
Life: Life: Ai(4)-Nekusar Punisher B3 8 > 7
Resolve Stack: Whenever you gain life, target opponent loses that much life. (Targeting: [[Ai(4)-Nekusar Punisher B3]]) [Player: Ai(2)-Kambal Taxes B3, Gained Amount: 1]
Life: Life: Ai(4)-Nekusar Punisher B3 7 > 5
Resolve Stack: Whenever you gain life, target opponent loses that much life. (Targeting: [[Ai(4)-Nekusar Punisher B3]]) [Player: Ai(2)-Kambal Taxes B3, Gained Amount: 2]
Life: Life: Ai(4)-Nekusar Punisher B3 5 > 3
Resolve Stack: Whenever you gain life, target opponent loses that much life. (Targeting: [[Ai(4)-Nekusar Punisher B3]]) [Player: Ai(2)-Kambal Taxes B3, Gained Amount: 2]
Life: Life: Ai(4)-Nekusar Punisher B3 3 > 1
Resolve Stack: Whenever you gain life, target opponent loses that much life. (Targeting: [[Ai(4)-Nekusar Punisher B3]]) [Player: Ai(2)-Kambal Taxes B3, Gained Amount: 2]
Life: Life: Ai(4)-Nekusar Punisher B3 1 > -1
Resolve Stack: Whenever you gain life, target opponent loses that much life. (Targeting: [[Ai(4)-Nekusar Punisher B3]]) [Player: Ai(2)-Kambal Taxes B3, Gained Amount: 2]
Player Control: Ai(1)-Slurrk Oozes B3 has restored control over themself
Player Control: Ai(2)-Kambal Taxes B3 has restored control over themself
Player Control: Ai(3)-Kilo Helm Final has restored control over themself
Player Control: Ai(4)-Nekusar Punisher B3 has restored control over themself
Game Outcome: Turn 23
Game Outcome: Ai(1)-Slurrk Oozes B3 has lost because life total reached 0
Game Outcome: Ai(2)-Kambal Taxes B3 has won because all opponents have lost
Game Outcome: Ai(3)-Kilo Helm Final has lost because life total reached 0
Game Outcome: Ai(4)-Nekusar Punisher B3 has lost because life total reached 0
Match Result: Ai(1)-Slurrk Oozes B3: 0 Ai(2)-Kambal Taxes B3: 1 Ai(3)-Kilo Helm Final: 0 Ai(4)-Nekusar Punisher B3: 1 

Game Result: Game 2 ended in 21513 ms. Ai(2)-Kambal Taxes B3 has won!

java.util.concurrent.ExecutionException: java.lang.NullPointerException: Cannot invoke "forge.game.card.CounterType.is(forge.game.card.CounterEnumType)" because "type" is null
	at java.base/java.util.concurrent.FutureTask.report(FutureTask.java:122)
	at java.base/java.util.concurrent.FutureTask.get(FutureTask.java:205)
	at forge.ai.AiController.chooseSpellAbilityToPlayFromList(AiController.java:1680)
	at forge.ai.AiController.getSpellAbilityToPlay(AiController.java:1569)
	at forge.ai.AiController.chooseSpellAbilityToPlay(AiController.java:1389)
	at forge.ai.PlayerControllerAi.chooseSpellAbilityToPlay(PlayerControllerAi.java:833)
	at forge.game.phase.PhaseHandler.mainLoopStep(PhaseHandler.java:1063)
	at forge.game.phase.PhaseHandler.mainGameLoop(PhaseHandler.java:1042)
	at forge.game.phase.PhaseHandler.startFirstTurn(PhaseHandler.java:1036)
	at forge.game.GameAction.startGame(GameAction.java:2373)
	at forge.game.Match.startGame(Match.java:92)
	at forge.game.Match.startGame(Match.java:77)
	at forge.view.SimulateMatch.lambda$simulateSingleMatch$0(SimulateMatch.java:182)
	at forge.view.TimeLimitedCodeBlock.lambda$runWithTimeout$0(TimeLimitedCodeBlock.java:18)
	at java.base/java.util.concurrent.FutureTask.run(FutureTask.java:264)
	at java.base/java.util.concurrent.ThreadPoolExecutor.runWorker(ThreadPoolExecutor.java:1136)
	at java.base/java.util.concurrent.ThreadPoolExecutor$Worker.run(ThreadPoolExecutor.java:635)
	at java.base/java.lang.Thread.run(Thread.java:840)
Caused by: java.lang.NullPointerException: Cannot invoke "forge.game.card.CounterType.is(forge.game.card.CounterEnumType)" because "type" is null
	at forge.ai.ComputerUtilCost.checkRemoveCounterCost(ComputerUtilCost.java:100)
	at forge.ai.SpellAbilityAi.willPayCosts(SpellAbilityAi.java:389)
	at forge.ai.SpellAbilityAi.canPlayWithoutRestrict(SpellAbilityAi.java:105)
	at forge.ai.SpellAbilityAi.canPlay(SpellAbilityAi.java:76)
	at forge.ai.SpellAbilityAi.canPlayWithSubs(SpellAbilityAi.java:55)
	at forge.ai.AiController.canPlaySa(AiController.java:911)
	at forge.ai.AiController.canPlayAndPayForFace(AiController.java:855)
	at forge.ai.AiController.canPlayAndPayFor(AiController.java:833)
	at forge.ai.AiController.lambda$chooseSpellAbilityToPlayFromList$9(AiController.java:1661)
	at java.base/java.util.concurrent.FutureTask.run(FutureTask.java:264)
	... 1 more
java.util.concurrent.ExecutionException: java.lang.NullPointerException: Cannot invoke "forge.game.card.CounterType.is(forge.game.card.CounterEnumType)" because "type" is null
	at java.base/java.util.concurrent.FutureTask.report(FutureTask.java:122)
	at java.base/java.util.concurrent.FutureTask.get(FutureTask.java:205)
	at forge.ai.AiController.chooseSpellAbilityToPlayFromList(AiController.java:1680)
	at forge.ai.AiController.getSpellAbilityToPlay(AiController.java:1569)
	at forge.ai.AiController.chooseSpellAbilityToPlay(AiController.java:1389)
	at forge.ai.PlayerControllerAi.chooseSpellAbilityToPlay(PlayerControllerAi.java:833)
	at forge.game.phase.PhaseHandler.mainLoopStep(PhaseHandler.java:1063)
	at forge.game.phase.PhaseHandler.mainGameLoop(PhaseHandler.java:1042)
	at forge.game.phase.PhaseHandler.startFirstTurn(PhaseHandler.java:1036)
	at forge.game.GameAction.startGame(GameAction.java:2373)
	at forge.game.Match.startGame(Match.java:92)
	at forge.game.Match.startGame(Match.java:77)
	at forge.view.SimulateMatch.lambda$simulateSingleMatch$0(SimulateMatch.java:182)
	at forge.view.TimeLimitedCodeBlock.lambda$runWithTimeout$0(TimeLimitedCodeBlock.java:18)
	at java.base/java.util.concurrent.FutureTask.run(FutureTask.java:264)
	at java.base/java.util.concurrent.ThreadPoolExecutor.runWorker(ThreadPoolExecutor.java:1136)
	at java.base/java.util.concurrent.ThreadPoolExecutor$Worker.run(ThreadPoolExecutor.java:635)
	at java.base/java.lang.Thread.run(Thread.java:840)
Caused by: java.lang.NullPointerException: Cannot invoke "forge.game.card.CounterType.is(forge.game.card.CounterEnumType)" because "type" is null
	at forge.ai.ComputerUtilCost.checkRemoveCounterCost(ComputerUtilCost.java:100)
	at forge.ai.SpellAbilityAi.willPayCosts(SpellAbilityAi.java:389)
	at forge.ai.SpellAbilityAi.canPlayWithoutRestrict(SpellAbilityAi.java:105)
	at forge.ai.SpellAbilityAi.canPlay(SpellAbilityAi.java:76)
	at forge.ai.SpellAbilityAi.canPlayWithSubs(SpellAbilityAi.java:55)
	at forge.ai.AiController.canPlaySa(AiController.java:911)
	at forge.ai.AiController.canPlayAndPayForFace(AiController.java:855)
	at forge.ai.AiController.canPlayAndPayFor(AiController.java:833)
	at forge.ai.AiController.lambda$chooseSpellAbilityToPlayFromList$9(AiController.java:1661)
	at java.base/java.util.concurrent.FutureTask.run(FutureTask.java:264)
	... 1 more
java.util.concurrent.ExecutionException: java.lang.NullPointerException: Cannot invoke "forge.game.card.CounterType.is(forge.game.card.CounterEnumType)" because "type" is null
	at java.base/java.util.concurrent.FutureTask.report(FutureTask.java:122)
	at java.base/java.util.concurrent.FutureTask.get(FutureTask.java:205)
	at forge.ai.AiController.chooseSpellAbilityToPlayFromList(AiController.java:1680)
	at forge.ai.AiController.getSpellAbilityToPlay(AiController.java:1569)
	at forge.ai.AiController.chooseSpellAbilityToPlay(AiController.java:1389)
	at forge.ai.PlayerControllerAi.chooseSpellAbilityToPlay(PlayerControllerAi.java:833)
	at forge.game.phase.PhaseHandler.mainLoopStep(PhaseHandler.java:1063)
	at forge.game.phase.PhaseHandler.mainGameLoop(PhaseHandler.java:1042)
	at forge.game.phase.PhaseHandler.startFirstTurn(PhaseHandler.java:1036)
	at forge.game.GameAction.startGame(GameAction.java:2373)
	at forge.game.Match.startGame(Match.java:92)
	at forge.game.Match.startGame(Match.java:77)
	at forge.view.SimulateMatch.lambda$simulateSingleMatch$0(SimulateMatch.java:182)
	at forge.view.TimeLimitedCodeBlock.lambda$runWithTimeout$0(TimeLimitedCodeBlock.java:18)
	at java.base/java.util.concurrent.FutureTask.run(FutureTask.java:264)
	at java.base/java.util.concurrent.ThreadPoolExecutor.runWorker(ThreadPoolExecutor.java:1136)
	at java.base/java.util.concurrent.ThreadPoolExecutor$Worker.run(ThreadPoolExecutor.java:635)
	at java.base/java.lang.Thread.run(Thread.java:840)
Caused by: java.lang.NullPointerException: Cannot invoke "forge.game.card.CounterType.is(forge.game.card.CounterEnumType)" because "type" is null
	at forge.ai.ComputerUtilCost.checkRemoveCounterCost(ComputerUtilCost.java:100)
	at forge.ai.SpellAbilityAi.willPayCosts(SpellAbilityAi.java:389)
	at forge.ai.SpellAbilityAi.canPlayWithoutRestrict(SpellAbilityAi.java:105)
	at forge.ai.SpellAbilityAi.canPlay(SpellAbilityAi.java:76)
	at forge.ai.SpellAbilityAi.canPlayWithSubs(SpellAbilityAi.java:55)
	at forge.ai.AiController.canPlaySa(AiController.java:911)
	at forge.ai.AiController.canPlayAndPayForFace(AiController.java:855)
	at forge.ai.AiController.canPlayAndPayFor(AiController.java:833)
	at forge.ai.AiController.lambda$chooseSpellAbilityToPlayFromList$9(AiController.java:1661)
	at java.base/java.util.concurrent.FutureTask.run(FutureTask.java:264)
	... 1 more
java.util.concurrent.ExecutionException: java.lang.NullPointerException: Cannot invoke "forge.game.card.CounterType.is(forge.game.card.CounterEnumType)" because "type" is null
	at java.base/java.util.concurrent.FutureTask.report(FutureTask.java:122)
	at java.base/java.util.concurrent.FutureTask.get(FutureTask.java:205)
	at forge.ai.AiController.chooseSpellAbilityToPlayFromList(AiController.java:1680)
	at forge.ai.AiController.getSpellAbilityToPlay(AiController.java:1569)
	at forge.ai.AiController.chooseSpellAbilityToPlay(AiController.java:1389)
	at forge.ai.PlayerControllerAi.chooseSpellAbilityToPlay(PlayerControllerAi.java:833)
	at forge.game.phase.PhaseHandler.mainLoopStep(PhaseHandler.java:1063)
	at forge.game.phase.PhaseHandler.mainGameLoop(PhaseHandler.java:1042)
	at forge.game.phase.PhaseHandler.startFirstTurn(PhaseHandler.java:1036)
	at forge.game.GameAction.startGame(GameAction.java:2373)
	at forge.game.Match.startGame(Match.java:92)
	at forge.game.Match.startGame(Match.java:77)
	at forge.view.SimulateMatch.lambda$simulateSingleMatch$0(SimulateMatch.java:182)
	at forge.view.TimeLimitedCodeBlock.lambda$runWithTimeout$0(TimeLimitedCodeBlock.java:18)
	at java.base/java.util.concurrent.FutureTask.run(FutureTask.java:264)
	at java.base/java.util.concurrent.ThreadPoolExecutor.runWorker(ThreadPoolExecutor.java:1136)
	at java.base/java.util.concurrent.ThreadPoolExecutor$Worker.run(ThreadPoolExecutor.java:635)
	at java.base/java.lang.Thread.run(Thread.java:840)
Caused by: java.lang.NullPointerException: Cannot invoke "forge.game.card.CounterType.is(forge.game.card.CounterEnumType)" because "type" is null
	at forge.ai.ComputerUtilCost.checkRemoveCounterCost(ComputerUtilCost.java:100)
	at forge.ai.SpellAbilityAi.willPayCosts(SpellAbilityAi.java:389)
	at forge.ai.SpellAbilityAi.canPlayWithoutRestrict(SpellAbilityAi.java:105)
	at forge.ai.SpellAbilityAi.canPlay(SpellAbilityAi.java:76)
	at forge.ai.SpellAbilityAi.canPlayWithSubs(SpellAbilityAi.java:55)
	at forge.ai.AiController.canPlaySa(AiController.java:911)
	at forge.ai.AiController.canPlayAndPayForFace(AiController.java:855)
	at forge.ai.AiController.canPlayAndPayFor(AiController.java:833)
	at forge.ai.AiController.lambda$chooseSpellAbilityToPlayFromList$9(AiController.java:1661)
	at java.base/java.util.concurrent.FutureTask.run(FutureTask.java:264)
	... 1 more
No AI assigned for API: Incubate
java.util.concurrent.ExecutionException: java.lang.NullPointerException: Cannot invoke "forge.game.card.CounterType.is(forge.game.card.CounterEnumType)" because "type" is null
	at java.base/java.util.concurrent.FutureTask.report(FutureTask.java:122)
	at java.base/java.util.concurrent.FutureTask.get(FutureTask.java:205)
	at forge.ai.AiController.chooseSpellAbilityToPlayFromList(AiController.java:1680)
	at forge.ai.AiController.getSpellAbilityToPlay(AiController.java:1569)
	at forge.ai.AiController.chooseSpellAbilityToPlay(AiController.java:1389)
	at forge.ai.PlayerControllerAi.chooseSpellAbilityToPlay(PlayerControllerAi.java:833)
	at forge.game.phase.PhaseHandler.mainLoopStep(PhaseHandler.java:1063)
	at forge.game.phase.PhaseHandler.mainGameLoop(PhaseHandler.java:1042)
	at forge.game.phase.PhaseHandler.startFirstTurn(PhaseHandler.java:1036)
	at forge.game.GameAction.startGame(GameAction.java:2373)
	at forge.game.Match.startGame(Match.java:92)
	at forge.game.Match.startGame(Match.java:77)
	at forge.view.SimulateMatch.lambda$simulateSingleMatch$0(SimulateMatch.java:182)
	at forge.view.TimeLimitedCodeBlock.lambda$runWithTimeout$0(TimeLimitedCodeBlock.java:18)
	at java.base/java.util.concurrent.FutureTask.run(FutureTask.java:264)
	at java.base/java.util.concurrent.ThreadPoolExecutor.runWorker(ThreadPoolExecutor.java:1136)
	at java.base/java.util.concurrent.ThreadPoolExecutor$Worker.run(ThreadPoolExecutor.java:635)
	at java.base/java.lang.Thread.run(Thread.java:840)
Caused by: java.lang.NullPointerException: Cannot invoke "forge.game.card.CounterType.is(forge.game.card.CounterEnumType)" because "type" is null
	at forge.ai.ComputerUtilCost.checkRemoveCounterCost(ComputerUtilCost.java:100)
	at forge.ai.SpellAbilityAi.willPayCosts(SpellAbilityAi.java:389)
	at forge.ai.SpellAbilityAi.canPlayWithoutRestrict(SpellAbilityAi.java:105)
	at forge.ai.SpellAbilityAi.canPlay(SpellAbilityAi.java:76)
	at forge.ai.SpellAbilityAi.canPlayWithSubs(SpellAbilityAi.java:55)
	at forge.ai.AiController.canPlaySa(AiController.java:911)
	at forge.ai.AiController.canPlayAndPayForFace(AiController.java:855)
	at forge.ai.AiController.canPlayAndPayFor(AiController.java:833)
	at forge.ai.AiController.lambda$chooseSpellAbilityToPlayFromList$9(AiController.java:1661)
	at java.base/java.util.concurrent.FutureTask.run(FutureTask.java:264)
	... 1 more
Warning: default (ie. inherited from base class) implementation of confirmAction is used by Kambal, Consul of Allocation for forge.ai.ability.PermanentCreatureAi. Consider declaring an overloaded method
Mulligan: Ai(3)-Kilo Helm Final has mulliganed down to 7 cards.
Mulligan: Ai(1)-Slurrk Oozes B3 has kept a hand of 7 cards
Mulligan: Ai(2)-Kambal Taxes B3 has kept a hand of 7 cards
Mulligan: Ai(3)-Kilo Helm Final has kept a hand of 7 cards
Mulligan: Ai(4)-Nekusar Punisher B3 has kept a hand of 7 cards
Turn: Turn 1 (Ai(1)-Slurrk Oozes B3)
Phase: Ai(1)-Slurrk Oozes B3's Untap step
Phase: Ai(1)-Slurrk Oozes B3's Upkeep step
Phase: Ai(1)-Slurrk Oozes B3's Draw step
Phase: Ai(1)-Slurrk Oozes B3's Main phase, precombat
Land: Ai(1)-Slurrk Oozes B3 played Forest (41)
Phase: Ai(1)-Slurrk Oozes B3's Beginning of Combat Step
Phase: Ai(1)-Slurrk Oozes B3's Declare Attackers Step
Phase: Ai(1)-Slurrk Oozes B3's Declare Blockers Step
Phase: Ai(1)-Slurrk Oozes B3's First Strike Damage Step
Phase: Ai(1)-Slurrk Oozes B3's Combat Damage Step
Phase: Ai(1)-Slurrk Oozes B3's End of Combat Step
Phase: Ai(1)-Slurrk Oozes B3's Main phase, postcombat
Phase: Ai(1)-Slurrk Oozes B3's End step
Phase: Ai(1)-Slurrk Oozes B3's Cleanup step
Turn: Turn 2 (Ai(2)-Kambal Taxes B3)
Phase: Ai(2)-Kambal Taxes B3's Untap step
Phase: Ai(2)-Kambal Taxes B3's Upkeep step
Phase: Ai(2)-Kambal Taxes B3's Draw step
Phase: Ai(2)-Kambal Taxes B3's Main phase, precombat
Land: Ai(2)-Kambal Taxes B3 played Plains (145)
Phase: Ai(2)-Kambal Taxes B3's Beginning of Combat Step
Phase: Ai(2)-Kambal Taxes B3's Declare Attackers Step
Phase: Ai(2)-Kambal Taxes B3's Declare Blockers Step
Phase: Ai(2)-Kambal Taxes B3's First Strike Damage Step
Phase: Ai(2)-Kambal Taxes B3's Combat Damage Step
Phase: Ai(2)-Kambal Taxes B3's End of Combat Step
Phase: Ai(2)-Kambal Taxes B3's Main phase, postcombat
Mana: Plains (145) - {T}: Add {W}.
Add To Stack: Ai(2)-Kambal Taxes B3 cast Soul Warden
Resolve Stack: Soul Warden - Creature 1 / 1
Phase: Ai(2)-Kambal Taxes B3's End step
Phase: Ai(2)-Kambal Taxes B3's Cleanup step
Turn: Turn 3 (Ai(3)-Kilo Helm Final)
Phase: Ai(3)-Kilo Helm Final's Untap step
Phase: Ai(3)-Kilo Helm Final's Upkeep step
Phase: Ai(3)-Kilo Helm Final's Draw step
Phase: Ai(3)-Kilo Helm Final's Main phase, precombat
Replacement Effect: This land enters tapped.
Land: Ai(3)-Kilo Helm Final played Glittering Massif (247)
Phase: Ai(3)-Kilo Helm Final's Beginning of Combat Step
Phase: Ai(3)-Kilo Helm Final's Declare Attackers Step
Phase: Ai(3)-Kilo Helm Final's Declare Blockers Step
Phase: Ai(3)-Kilo Helm Final's First Strike Damage Step
Phase: Ai(3)-Kilo Helm Final's Combat Damage Step
Phase: Ai(3)-Kilo Helm Final's End of Combat Step
Phase: Ai(3)-Kilo Helm Final's Main phase, postcombat
Phase: Ai(3)-Kilo Helm Final's End step
Phase: Ai(3)-Kilo Helm Final's Cleanup step
Turn: Turn 4 (Ai(4)-Nekusar Punisher B3)
Phase: Ai(4)-Nekusar Punisher B3's Untap step
Phase: Ai(4)-Nekusar Punisher B3's Upkeep step
Phase: Ai(4)-Nekusar Punisher B3's Draw step
Phase: Ai(4)-Nekusar Punisher B3's Main phase, precombat
Land: Ai(4)-Nekusar Punisher B3 played Mountain (383)
Phase: Ai(4)-Nekusar Punisher B3's Beginning of Combat Step
Phase: Ai(4)-Nekusar Punisher B3's Declare Attackers Step
Phase: Ai(4)-Nekusar Punisher B3's Declare Blockers Step
Phase: Ai(4)-Nekusar Punisher B3's First Strike Damage Step
Phase: Ai(4)-Nekusar Punisher B3's Combat Damage Step
Phase: Ai(4)-Nekusar Punisher B3's End of Combat Step
Phase: Ai(4)-Nekusar Punisher B3's Main phase, postcombat
Mana: Mountain (383) - {T}: Add {R}.
Add To Stack: Ai(4)-Nekusar Punisher B3 cast Library of Leng
Resolve Stack: Library of Leng
Phase: Ai(4)-Nekusar Punisher B3's End step
Phase: Ai(4)-Nekusar Punisher B3's Cleanup step
Turn: Turn 5 (Ai(1)-Slurrk Oozes B3)
Phase: Ai(1)-Slurrk Oozes B3's Untap step
Phase: Ai(1)-Slurrk Oozes B3's Upkeep step
Phase: Ai(1)-Slurrk Oozes B3's Draw step
Phase: Ai(1)-Slurrk Oozes B3's Main phase, precombat
Land: Ai(1)-Slurrk Oozes B3 played Swamp (80)
Phase: Ai(1)-Slurrk Oozes B3's Beginning of Combat Step
Phase: Ai(1)-Slurrk Oozes B3's Declare Attackers Step
Phase: Ai(1)-Slurrk Oozes B3's Declare Blockers Step
Phase: Ai(1)-Slurrk Oozes B3's First Strike Damage Step
Phase: Ai(1)-Slurrk Oozes B3's Combat Damage Step
Phase: Ai(1)-Slurrk Oozes B3's End of Combat Step
Phase: Ai(1)-Slurrk Oozes B3's Main phase, postcombat
Mana: Forest (41) - {T}: Add {G}.
Mana: Swamp (80) - {T}: Add {B}.
Add To Stack: Ai(1)-Slurrk Oozes B3 cast Sakura-Tribe Elder
Resolve Stack: Sakura-Tribe Elder - Creature 1 / 1
Add To Stack: Ai(2)-Kambal Taxes B3 triggered Soul Warden
Zone Change: Sakura-Tribe Elder (66) was put into Graveyard from Battlefield.
Add To Stack: Ai(1)-Slurrk Oozes B3 activated Sakura-Tribe Elder
Resolve Stack: Sakura-Tribe Elder (66) - Ai(1)-Slurrk Oozes B3 searches their library for a basic land card, puts it onto the battlefield tapped, then shuffles.
Life: Life: Ai(2)-Kambal Taxes B3 40 > 41
Resolve Stack: Whenever another creature enters, you gain 1 life. [Zone Changer: Sakura-Tribe Elder (66)]
Phase: Ai(1)-Slurrk Oozes B3's End step
Phase: Ai(1)-Slurrk Oozes B3's Cleanup step
Turn: Turn 6 (Ai(2)-Kambal Taxes B3)
Phase: Ai(2)-Kambal Taxes B3's Untap step
Phase: Ai(2)-Kambal Taxes B3's Upkeep step
Phase: Ai(2)-Kambal Taxes B3's Draw step
Phase: Ai(2)-Kambal Taxes B3's Main phase, precombat
Land: Ai(2)-Kambal Taxes B3 played Swamp (179)
Phase: Ai(2)-Kambal Taxes B3's Beginning of Combat Step
Phase: Ai(2)-Kambal Taxes B3's Declare Attackers Step
Combat: Ai(2)-Kambal Taxes B3 assigned Soul Warden (140) to attack Ai(4)-Nekusar Punisher B3.
Phase: Ai(2)-Kambal Taxes B3's Declare Blockers Step
Combat: Ai(4)-Nekusar Punisher B3 didn't block Soul Warden (140).
Phase: Ai(2)-Kambal Taxes B3's First Strike Damage Step
Phase: Ai(2)-Kambal Taxes B3's Combat Damage Step
Damage: Soul Warden (140) deals 1 combat damage to Ai(4)-Nekusar Punisher B3.
Life: Life: Ai(4)-Nekusar Punisher B3 40 > 39
Phase: Ai(2)-Kambal Taxes B3's End of Combat Step
Phase: Ai(2)-Kambal Taxes B3's Main phase, postcombat
Mana: Plains (145) - {T}: Add {W}.
Add To Stack: Ai(2)-Kambal Taxes B3 cast Authority of the Consuls
Resolve Stack: Authority of the Consuls
Phase: Ai(2)-Kambal Taxes B3's End step
Phase: Ai(2)-Kambal Taxes B3's Cleanup step
Turn: Turn 7 (Ai(3)-Kilo Helm Final)
Phase: Ai(3)-Kilo Helm Final's Untap step
Phase: Ai(3)-Kilo Helm Final's Upkeep step
Phase: Ai(3)-Kilo Helm Final's Draw step
Phase: Ai(3)-Kilo Helm Final's Main phase, precombat
Replacement Effect: Glacial Fortress enters tapped unless you control a Plains or an Island.
Land: Ai(3)-Kilo Helm Final played Glacial Fortress (280)
Phase: Ai(3)-Kilo Helm Final's Beginning of Combat Step
Phase: Ai(3)-Kilo Helm Final's Declare Attackers Step
Phase: Ai(3)-Kilo Helm Final's Declare Blockers Step
Phase: Ai(3)-Kilo Helm Final's First Strike Damage Step
Phase: Ai(3)-Kilo Helm Final's Combat Damage Step
Phase: Ai(3)-Kilo Helm Final's End of Combat Step
Phase: Ai(3)-Kilo Helm Final's Main phase, postcombat
Mana: Glacial Fortress (280) - {T}: Add {W} or {U}.
Mana: Glittering Massif (247) - {T}: Add {R}.
Add To Stack: Ai(3)-Kilo Helm Final cast Moxite Refinery
Resolve Stack: Moxite Refinery
Phase: Ai(3)-Kilo Helm Final's End step
Phase: Ai(3)-Kilo Helm Final's Cleanup step
Turn: Turn 8 (Ai(4)-Nekusar Punisher B3)
Phase: Ai(4)-Nekusar Punisher B3's Untap step
Phase: Ai(4)-Nekusar Punisher B3's Upkeep step
Phase: Ai(4)-Nekusar Punisher B3's Draw step
Phase: Ai(4)-Nekusar Punisher B3's Main phase, precombat
Land: Ai(4)-Nekusar Punisher B3 played Island (353)
Phase: Ai(4)-Nekusar Punisher B3's Beginning of Combat Step
Phase: Ai(4)-Nekusar Punisher B3's Declare Attackers Step
Phase: Ai(4)-Nekusar Punisher B3's Declare Blockers Step
Phase: Ai(4)-Nekusar Punisher B3's First Strike Damage Step
Phase: Ai(4)-Nekusar Punisher B3's Combat Damage Step
Phase: Ai(4)-Nekusar Punisher B3's End of Combat Step
Phase: Ai(4)-Nekusar Punisher B3's Main phase, postcombat
Mana: Island (353) - {T}: Add {U}.
Mana: Mountain (383) - {T}: Add {R}.
Add To Stack: Ai(4)-Nekusar Punisher B3 cast Ebony Owl Netsuke
Resolve Stack: Ebony Owl Netsuke
Phase: Ai(4)-Nekusar Punisher B3's End step
Phase: Ai(4)-Nekusar Punisher B3's Cleanup step
Turn: Turn 9 (Ai(1)-Slurrk Oozes B3)
Phase: Ai(1)-Slurrk Oozes B3's Untap step
Phase: Ai(1)-Slurrk Oozes B3's Upkeep step
Phase: Ai(1)-Slurrk Oozes B3's Draw step
Phase: Ai(1)-Slurrk Oozes B3's Main phase, precombat
Replacement Effect: Golgari Rot Farm enters tapped.
Land: Ai(1)-Slurrk Oozes B3 played Golgari Rot Farm (59)
Add To Stack: Ai(1)-Slurrk Oozes B3 triggered Golgari Rot Farm
Resolve Stack: When Golgari Rot Farm enters, return a land you control to its owner's hand. [Zone Changer: Golgari Rot Farm (59)]
Phase: Ai(1)-Slurrk Oozes B3's Beginning of Combat Step
Phase: Ai(1)-Slurrk Oozes B3's Declare Attackers Step
Phase: Ai(1)-Slurrk Oozes B3's Declare Blockers Step
Phase: Ai(1)-Slurrk Oozes B3's First Strike Damage Step
Phase: Ai(1)-Slurrk Oozes B3's Combat Damage Step
Phase: Ai(1)-Slurrk Oozes B3's End of Combat Step
Phase: Ai(1)-Slurrk Oozes B3's Main phase, postcombat
Phase: Ai(1)-Slurrk Oozes B3's End step
Phase: Ai(1)-Slurrk Oozes B3's Cleanup step
Turn: Turn 10 (Ai(2)-Kambal Taxes B3)
Phase: Ai(2)-Kambal Taxes B3's Untap step
Phase: Ai(2)-Kambal Taxes B3's Upkeep step
Phase: Ai(2)-Kambal Taxes B3's Draw step
Phase: Ai(2)-Kambal Taxes B3's Main phase, precombat
Land: Ai(2)-Kambal Taxes B3 played Swamp (177)
Phase: Ai(2)-Kambal Taxes B3's Beginning of Combat Step
Phase: Ai(2)-Kambal Taxes B3's Declare Attackers Step
Combat: Ai(2)-Kambal Taxes B3 assigned Soul Warden (140) to attack Ai(4)-Nekusar Punisher B3.
Phase: Ai(2)-Kambal Taxes B3's Declare Blockers Step
Combat: Ai(4)-Nekusar Punisher B3 didn't block Soul Warden (140).
Phase: Ai(2)-Kambal Taxes B3's First Strike Damage Step
Phase: Ai(2)-Kambal Taxes B3's Combat Damage Step
Damage: Soul Warden (140) deals 1 combat damage to Ai(4)-Nekusar Punisher B3.
Life: Life: Ai(4)-Nekusar Punisher B3 39 > 38
Phase: Ai(2)-Kambal Taxes B3's End of Combat Step
Phase: Ai(2)-Kambal Taxes B3's Main phase, postcombat
Mana: Plains (145) - {T}: Add {W}.
Mana: Swamp (179) - {T}: Add {B}.
Mana: Swamp (177) - {T}: Add {B}.
Add To Stack: Ai(2)-Kambal Taxes B3 cast Kambal, Consul of Allocation
Resolve Stack: Kambal, Consul of Allocation - Creature 2 / 3
Add To Stack: Ai(2)-Kambal Taxes B3 triggered Soul Warden
Life: Life: Ai(2)-Kambal Taxes B3 41 > 42
Resolve Stack: Whenever another creature enters, you gain 1 life. [Zone Changer: Kambal, Consul of Allocation (201)]
Phase: Ai(2)-Kambal Taxes B3's End step
Phase: Ai(2)-Kambal Taxes B3's Cleanup step
Turn: Turn 11 (Ai(3)-Kilo Helm Final)
Phase: Ai(3)-Kilo Helm Final's Untap step
Phase: Ai(3)-Kilo Helm Final's Upkeep step
Phase: Ai(3)-Kilo Helm Final's Draw step
Phase: Ai(3)-Kilo Helm Final's Main phase, precombat
Replacement Effect: This land enters tapped unless you control two or more basic lands.
Land: Ai(3)-Kilo Helm Final played Radiant Summit (222)
Phase: Ai(3)-Kilo Helm Final's Beginning of Combat Step
Phase: Ai(3)-Kilo Helm Final's Declare Attackers Step
Phase: Ai(3)-Kilo Helm Final's Declare Blockers Step
Phase: Ai(3)-Kilo Helm Final's First Strike Damage Step
Phase: Ai(3)-Kilo Helm Final's Combat Damage Step
Phase: Ai(3)-Kilo Helm Final's End of Combat Step
Phase: Ai(3)-Kilo Helm Final's Main phase, postcombat
Phase: Ai(3)-Kilo Helm Final's End step
Phase: Ai(3)-Kilo Helm Final's Cleanup step
Turn: Turn 12 (Ai(4)-Nekusar Punisher B3)
Phase: Ai(4)-Nekusar Punisher B3's Untap step
Phase: Ai(4)-Nekusar Punisher B3's Upkeep step
Phase: Ai(4)-Nekusar Punisher B3's Draw step
Phase: Ai(4)-Nekusar Punisher B3's Main phase, precombat
Replacement Effect: As Watery Grave enters, you may pay 2 life. If you don't, it enters tapped.
Land: Ai(4)-Nekusar Punisher B3 played Watery Grave (314)
Phase: Ai(4)-Nekusar Punisher B3's Beginning of Combat Step
Phase: Ai(4)-Nekusar Punisher B3's Declare Attackers Step
Phase: Ai(4)-Nekusar Punisher B3's Declare Blockers Step
Phase: Ai(4)-Nekusar Punisher B3's First Strike Damage Step
Phase: Ai(4)-Nekusar Punisher B3's Combat Damage Step
Phase: Ai(4)-Nekusar Punisher B3's End of Combat Step
Phase: Ai(4)-Nekusar Punisher B3's Main phase, postcombat
Phase: Ai(4)-Nekusar Punisher B3's End step
Phase: Ai(4)-Nekusar Punisher B3's Cleanup step
Turn: Turn 13 (Ai(1)-Slurrk Oozes B3)
Phase: Ai(1)-Slurrk Oozes B3's Untap step
Phase: Ai(1)-Slurrk Oozes B3's Upkeep step
Add To Stack: Ai(4)-Nekusar Punisher B3 triggered Ebony Owl Netsuke
Damage: Ebony Owl Netsuke (316) deals 4 non-combat damage to Ai(1)-Slurrk Oozes B3.
Life: Life: Ai(1)-Slurrk Oozes B3 40 > 36
Resolve Stack: At the beginning of each opponent's upkeep, if that player has seven or more cards in hand, Ebony Owl Netsuke deals 4 damage to that player. [Phase: Ai(1)-Slurrk Oozes B3]
Phase: Ai(1)-Slurrk Oozes B3's Draw step
Phase: Ai(1)-Slurrk Oozes B3's Main phase, precombat
Land: Ai(1)-Slurrk Oozes B3 played Forest (54)
Phase: Ai(1)-Slurrk Oozes B3's Beginning of Combat Step
Phase: Ai(1)-Slurrk Oozes B3's Declare Attackers Step
Phase: Ai(1)-Slurrk Oozes B3's Declare Blockers Step
Phase: Ai(1)-Slurrk Oozes B3's First Strike Damage Step
Phase: Ai(1)-Slurrk Oozes B3's Combat Damage Step
Phase: Ai(1)-Slurrk Oozes B3's End of Combat Step
Phase: Ai(1)-Slurrk Oozes B3's Main phase, postcombat
Mana: Forest (41) - {T}: Add {G}.
Mana: Swamp (80) - {T}: Add {B}.
Mana: Forest (54) - {T}: Add {G}.
Add To Stack: Ai(1)-Slurrk Oozes B3 cast Fertilid
Replacement Effect: Creatures your opponents control enter tapped.
Replacement Effect: Fertilid enters with two +1/+1 counters on it.
Resolve Stack: Fertilid - Creature 0 / 0
Add To Stack: Ai(2)-Kambal Taxes B3 triggered Authority of the Consuls
Add To Stack: Ai(2)-Kambal Taxes B3 triggered Soul Warden
Mana: Golgari Rot Farm (59) - {T}: Add {B}{G}.
Add To Stack: Ai(1)-Slurrk Oozes B3 activated Fertilid targeting [Ai(1)-Slurrk Oozes B3]
Resolve Stack: Fertilid (78) - Ai(1)-Slurrk Oozes B3 searches their library for a basic land card, puts it onto the battlefield tapped, then shuffles.
Life: Life: Ai(2)-Kambal Taxes B3 42 > 43
Resolve Stack: Whenever another creature enters, you gain 1 life. [Zone Changer: Fertilid (78)]
Life: Life: Ai(2)-Kambal Taxes B3 43 > 44
Resolve Stack: Whenever a creature an opponent controls enters, you gain 1 life. [Zone Changer: Fertilid (78)]
Phase: Ai(1)-Slurrk Oozes B3's End step
Phase: Ai(1)-Slurrk Oozes B3's Cleanup step
Turn: Turn 14 (Ai(2)-Kambal Taxes B3)
Phase: Ai(2)-Kambal Taxes B3's Untap step
Phase: Ai(2)-Kambal Taxes B3's Upkeep step
Phase: Ai(2)-Kambal Taxes B3's Draw step
Phase: Ai(2)-Kambal Taxes B3's Main phase, precombat
Land: Ai(2)-Kambal Taxes B3 played Plains (148)
Phase: Ai(2)-Kambal Taxes B3's Beginning of Combat Step
Phase: Ai(2)-Kambal Taxes B3's Declare Attackers Step
Combat: Ai(2)-Kambal Taxes B3 assigned Kambal, Consul of Allocation (201) and Soul Warden (140) to attack Ai(1)-Slurrk Oozes B3.
Phase: Ai(2)-Kambal Taxes B3's Declare Blockers Step
Combat: Ai(1)-Slurrk Oozes B3 didn't block Kambal, Consul of Allocation (201).
Ai(1)-Slurrk Oozes B3 didn't block Soul Warden (140).
Phase: Ai(2)-Kambal Taxes B3's First Strike Damage Step
Phase: Ai(2)-Kambal Taxes B3's Combat Damage Step
Damage: Kambal, Consul of Allocation (201) deals 2 combat damage to Ai(1)-Slurrk Oozes B3.
Damage: Soul Warden (140) deals 1 combat damage to Ai(1)-Slurrk Oozes B3.
Life: Life: Ai(1)-Slurrk Oozes B3 36 > 33
Phase: Ai(2)-Kambal Taxes B3's End of Combat Step
Phase: Ai(2)-Kambal Taxes B3's Main phase, postcombat
Mana: Swamp (179) - {T}: Add {B}.
Mana: Swamp (177) - {T}: Add {B}.
Mana: Plains (145) - {T}: Add {W}.
Mana: Plains (148) - {T}: Add {W}.
Add To Stack: Ai(2)-Kambal Taxes B3 cast Twilight Prophet
Resolve Stack: Twilight Prophet - Creature 2 / 4
Add To Stack: Ai(2)-Kambal Taxes B3 triggered Soul Warden
Life: Life: Ai(2)-Kambal Taxes B3 44 > 45
Resolve Stack: Whenever another creature enters, you gain 1 life. [Zone Changer: Twilight Prophet (109)]
Phase: Ai(2)-Kambal Taxes B3's End step
Phase: Ai(2)-Kambal Taxes B3's Cleanup step
Turn: Turn 15 (Ai(3)-Kilo Helm Final)
Phase: Ai(3)-Kilo Helm Final's Untap step
Phase: Ai(3)-Kilo Helm Final's Upkeep step
Phase: Ai(3)-Kilo Helm Final's Draw step
Phase: Ai(3)-Kilo Helm Final's Main phase, precombat
Mana: Glacial Fortress (280) - {T}: Add {W} or {U}.
Mana: Glittering Massif (247) - {T}: Add {R}.
Mana: Radiant Summit (222) - {T}: Add {W}.
Add To Stack: Ai(3)-Kilo Helm Final cast Kilo, Apogee Mind
Replacement Effect: Creatures your opponents control enter tapped.
Resolve Stack: Kilo, Apogee Mind - Creature 3 / 3
Add To Stack: Ai(2)-Kambal Taxes B3 triggered Authority of the Consuls
Add To Stack: Ai(2)-Kambal Taxes B3 triggered Soul Warden
Life: Life: Ai(2)-Kambal Taxes B3 45 > 46
Resolve Stack: Whenever another creature enters, you gain 1 life. [Zone Changer: Kilo, Apogee Mind (302)]
Life: Life: Ai(2)-Kambal Taxes B3 46 > 47
Resolve Stack: Whenever a creature an opponent controls enters, you gain 1 life. [Zone Changer: Kilo, Apogee Mind (302)]
Phase: Ai(3)-Kilo Helm Final's Beginning of Combat Step
Phase: Ai(3)-Kilo Helm Final's Declare Attackers Step
Phase: Ai(3)-Kilo Helm Final's Declare Blockers Step
Phase: Ai(3)-Kilo Helm Final's First Strike Damage Step
Phase: Ai(3)-Kilo Helm Final's Combat Damage Step
Phase: Ai(3)-Kilo Helm Final's End of Combat Step
Phase: Ai(3)-Kilo Helm Final's Main phase, postcombat
Phase: Ai(3)-Kilo Helm Final's End step
Phase: Ai(3)-Kilo Helm Final's Cleanup step
Turn: Turn 16 (Ai(4)-Nekusar Punisher B3)
Phase: Ai(4)-Nekusar Punisher B3's Untap step
Phase: Ai(4)-Nekusar Punisher B3's Upkeep step
Phase: Ai(4)-Nekusar Punisher B3's Draw step
Phase: Ai(4)-Nekusar Punisher B3's Main phase, precombat
Land: Ai(4)-Nekusar Punisher B3 played Swamp (387)
Phase: Ai(4)-Nekusar Punisher B3's Beginning of Combat Step
Phase: Ai(4)-Nekusar Punisher B3's Declare Attackers Step
Phase: Ai(4)-Nekusar Punisher B3's Declare Blockers Step
Phase: Ai(4)-Nekusar Punisher B3's First Strike Damage Step
Phase: Ai(4)-Nekusar Punisher B3's Combat Damage Step
Phase: Ai(4)-Nekusar Punisher B3's End of Combat Step
Phase: Ai(4)-Nekusar Punisher B3's Main phase, postcombat
Mana: Swamp (387) - {T}: Add {B}.
Mana: Island (353) - {T}: Add {U}.
Mana: Mountain (383) - {T}: Add {R}.
Mana: Watery Grave (314) - {T}: Add {B}.
Add To Stack: Ai(4)-Nekusar Punisher B3 cast Fate Unraveler
Replacement Effect: Creatures your opponents control enter tapped.
Resolve Stack: Fate Unraveler - Creature 3 / 4
Add To Stack: Ai(2)-Kambal Taxes B3 triggered Authority of the Consuls
Add To Stack: Ai(2)-Kambal Taxes B3 triggered Soul Warden
Life: Life: Ai(2)-Kambal Taxes B3 47 > 48
Resolve Stack: Whenever another creature enters, you gain 1 life. [Zone Changer: Fate Unraveler (324)]
Life: Life: Ai(2)-Kambal Taxes B3 48 > 49
Resolve Stack: Whenever a creature an opponent controls enters, you gain 1 life. [Zone Changer: Fate Unraveler (324)]
Phase: Ai(4)-Nekusar Punisher B3's End step
Phase: Ai(4)-Nekusar Punisher B3's Cleanup step
Turn: Turn 17 (Ai(1)-Slurrk Oozes B3)
Phase: Ai(1)-Slurrk Oozes B3's Untap step
Phase: Ai(1)-Slurrk Oozes B3's Upkeep step
Mana: Forest (41) - {T}: Add {G}.
Mana: Swamp (80) - {T}: Add {B}.
Add To Stack: Ai(1)-Slurrk Oozes B3 activated Fertilid targeting [Ai(1)-Slurrk Oozes B3]
Zone Change: Fertilid (78) was put into Graveyard from Battlefield.
Resolve Stack: Fertilid (78) - Ai(1)-Slurrk Oozes B3 searches their library for a basic land card, puts it onto the battlefield tapped, then shuffles.
Phase: Ai(1)-Slurrk Oozes B3's Draw step
Add To Stack: Ai(4)-Nekusar Punisher B3 triggered Fate Unraveler
Damage: Fate Unraveler (324) deals 1 non-combat damage to Ai(1)-Slurrk Oozes B3.
Life: Life: Ai(1)-Slurrk Oozes B3 33 > 32
Resolve Stack: Whenever an opponent draws a card, Fate Unraveler deals 1 damage to that player. [Player: Ai(1)-Slurrk Oozes B3]
Phase: Ai(1)-Slurrk Oozes B3's Main phase, precombat
Land: Ai(1)-Slurrk Oozes B3 played Forest (50)
Phase: Ai(1)-Slurrk Oozes B3's Beginning of Combat Step
Phase: Ai(1)-Slurrk Oozes B3's Declare Attackers Step
Phase: Ai(1)-Slurrk Oozes B3's Declare Blockers Step
Phase: Ai(1)-Slurrk Oozes B3's First Strike Damage Step
Phase: Ai(1)-Slurrk Oozes B3's Combat Damage Step
Phase: Ai(1)-Slurrk Oozes B3's End of Combat Step
Phase: Ai(1)-Slurrk Oozes B3's Main phase, postcombat
Mana: Forest (54) - {T}: Add {G}.
Mana: Forest (50) - {T}: Add {G}.
Mana: Swamp (81) - {T}: Add {B}.
Mana: Golgari Rot Farm (59) - {T}: Add {B}{G}.
Add To Stack: Ai(1)-Slurrk Oozes B3 cast Acidic Slime
Replacement Effect: Creatures your opponents control enter tapped.
Resolve Stack: Acidic Slime - Creature 2 / 2
Add To Stack: Ai(1)-Slurrk Oozes B3 triggered Acidic Slime targeting [Fate Unraveler (324)]
Add To Stack: Ai(2)-Kambal Taxes B3 triggered Authority of the Consuls
Add To Stack: Ai(2)-Kambal Taxes B3 triggered Soul Warden
Life: Life: Ai(2)-Kambal Taxes B3 49 > 50
Resolve Stack: Whenever another creature enters, you gain 1 life. [Zone Changer: Acidic Slime (29)]
Life: Life: Ai(2)-Kambal Taxes B3 50 > 51
Resolve Stack: Whenever a creature an opponent controls enters, you gain 1 life. [Zone Changer: Acidic Slime (29)]
Zone Change: Fate Unraveler (324) was put into Graveyard from Battlefield.
Resolve Stack: When Acidic Slime enters, destroy target artifact, enchantment, or land. (Targeting: [[Fate Unraveler (324)]]) [Zone Changer: Acidic Slime (29)]
Phase: Ai(1)-Slurrk Oozes B3's End step
Phase: Ai(1)-Slurrk Oozes B3's Cleanup step
Turn: Turn 18 (Ai(2)-Kambal Taxes B3)
Phase: Ai(2)-Kambal Taxes B3's Untap step
Phase: Ai(2)-Kambal Taxes B3's Upkeep step
Phase: Ai(2)-Kambal Taxes B3's Draw step
Phase: Ai(2)-Kambal Taxes B3's Main phase, precombat
Mana: Plains (145) - {T}: Add {W}.
Mana: Swamp (179) - {T}: Add {B}.
Add To Stack: Ai(2)-Kambal Taxes B3 cast Despark targeting [Acidic Slime (29)]
Zone Change: Acidic Slime (29) was put into Exile from Battlefield.
Resolve Stack: Despark (116) - Exile Acidic Slime (29).
Phase: Ai(2)-Kambal Taxes B3's Beginning of Combat Step
Phase: Ai(2)-Kambal Taxes B3's Declare Attackers Step
Combat: Ai(2)-Kambal Taxes B3 assigned Kambal, Consul of Allocation (201), Twilight Prophet (109) and Soul Warden (140) to attack Ai(3)-Kilo Helm Final.
Phase: Ai(2)-Kambal Taxes B3's Declare Blockers Step
Combat: Ai(3)-Kilo Helm Final didn't block Kambal, Consul of Allocation (201).
Ai(3)-Kilo Helm Final didn't block Twilight Prophet (109).
Ai(3)-Kilo Helm Final didn't block Soul Warden (140).
Phase: Ai(2)-Kambal Taxes B3's First Strike Damage Step
Phase: Ai(2)-Kambal Taxes B3's Combat Damage Step
Damage: Kambal, Consul of Allocation (201) deals 2 combat damage to Ai(3)-Kilo Helm Final.
Damage: Twilight Prophet (109) deals 2 combat damage to Ai(3)-Kilo Helm Final.
Damage: Soul Warden (140) deals 1 combat damage to Ai(3)-Kilo Helm Final.
Life: Life: Ai(3)-Kilo Helm Final 40 > 35
Phase: Ai(2)-Kambal Taxes B3's End of Combat Step
Phase: Ai(2)-Kambal Taxes B3's Main phase, postcombat
Replacement Effect: Temple of Silence enters tapped.
Land: Ai(2)-Kambal Taxes B3 played Temple of Silence (171)
Add To Stack: Ai(2)-Kambal Taxes B3 triggered Temple of Silence
Resolve Stack: Ai(2)-Kambal Taxes B3 scried 1 card(s) to the bottom of the library
Resolve Stack: When Temple of Silence enters, scry 1. [Zone Changer: Temple of Silence (171)]
Phase: Ai(2)-Kambal Taxes B3's End step
Phase: Ai(2)-Kambal Taxes B3's Cleanup step
Turn: Turn 19 (Ai(3)-Kilo Helm Final)
Phase: Ai(3)-Kilo Helm Final's Untap step
Phase: Ai(3)-Kilo Helm Final's Upkeep step
Add To Stack: Ai(4)-Nekusar Punisher B3 triggered Ebony Owl Netsuke
Damage: Ebony Owl Netsuke (316) deals 4 non-combat damage to Ai(3)-Kilo Helm Final.
Life: Life: Ai(3)-Kilo Helm Final 35 > 31
Resolve Stack: At the beginning of each opponent's upkeep, if that player has seven or more cards in hand, Ebony Owl Netsuke deals 4 damage to that player. [Phase: Ai(3)-Kilo Helm Final]
Phase: Ai(3)-Kilo Helm Final's Draw step
Phase: Ai(3)-Kilo Helm Final's Main phase, precombat
Phase: Ai(3)-Kilo Helm Final's Beginning of Combat Step
Phase: Ai(3)-Kilo Helm Final's Declare Attackers Step
Combat: Ai(3)-Kilo Helm Final assigned Kilo, Apogee Mind (302) to attack Ai(2)-Kambal Taxes B3.
Add To Stack: Ai(3)-Kilo Helm Final triggered Kilo, Apogee Mind
Resolve Stack: Whenever Kilo becomes tapped, proliferate. (Choose any number of permanents and/or players, then give each another counter of each kind already there.) [Tapped: Kilo, Apogee Mind (302)]
Phase: Ai(3)-Kilo Helm Final's Declare Blockers Step
Combat: Ai(2)-Kambal Taxes B3 didn't block Kilo, Apogee Mind (302).
Phase: Ai(3)-Kilo Helm Final's First Strike Damage Step
Phase: Ai(3)-Kilo Helm Final's Combat Damage Step
Damage: Kilo, Apogee Mind (302) deals 3 combat damage to Ai(2)-Kambal Taxes B3.
Life: Life: Ai(2)-Kambal Taxes B3 51 > 48
Phase: Ai(3)-Kilo Helm Final's End of Combat Step
Phase: Ai(3)-Kilo Helm Final's Main phase, postcombat
Mana: Glacial Fortress (280) - {T}: Add {W} or {U}.
Mana: Glittering Massif (247) - {T}: Add {R}.
Add To Stack: Ai(3)-Kilo Helm Final cast Hangarback Walker
Replacement Effect: Creatures your opponents control enter tapped.
Replacement Effect: Hangarback Walker enters with X +1/+1 counters on it.
Resolve Stack: Hangarback Walker - Creature 0 / 0 (X=1)
Add To Stack: Ai(2)-Kambal Taxes B3 triggered Authority of the Consuls
Add To Stack: Ai(2)-Kambal Taxes B3 triggered Soul Warden
Life: Life: Ai(2)-Kambal Taxes B3 48 > 49
Resolve Stack: Whenever another creature enters, you gain 1 life. [Zone Changer: Hangarback Walker (272)]
Life: Life: Ai(2)-Kambal Taxes B3 49 > 50
Resolve Stack: Whenever a creature an opponent controls enters, you gain 1 life. [Zone Changer: Hangarback Walker (272)]
Phase: Ai(3)-Kilo Helm Final's End step
Phase: Ai(3)-Kilo Helm Final's Cleanup step
Turn: Turn 20 (Ai(4)-Nekusar Punisher B3)
Phase: Ai(4)-Nekusar Punisher B3's Untap step
Phase: Ai(4)-Nekusar Punisher B3's Upkeep step
Phase: Ai(4)-Nekusar Punisher B3's Draw step
Phase: Ai(4)-Nekusar Punisher B3's Main phase, precombat
Land: Ai(4)-Nekusar Punisher B3 played Island (359)
Phase: Ai(4)-Nekusar Punisher B3's Beginning of Combat Step
Phase: Ai(4)-Nekusar Punisher B3's Declare Attackers Step
Phase: Ai(4)-Nekusar Punisher B3's Declare Blockers Step
Phase: Ai(4)-Nekusar Punisher B3's First Strike Damage Step
Phase: Ai(4)-Nekusar Punisher B3's Combat Damage Step
Phase: Ai(4)-Nekusar Punisher B3's End of Combat Step
Phase: Ai(4)-Nekusar Punisher B3's Main phase, postcombat
Mana: Mountain (383) - {T}: Add {R}.
Mana: Swamp (387) - {T}: Add {B}.
Mana: Island (353) - {T}: Add {U}.
Mana: Island (359) - {T}: Add {U}.
Mana: Watery Grave (314) - {T}: Add {B}.
Add To Stack: Ai(4)-Nekusar Punisher B3 cast Nekusar, the Mindrazer
Replacement Effect: Creatures your opponents control enter tapped.
Resolve Stack: Nekusar, the Mindrazer - Creature 2 / 4
Add To Stack: Ai(2)-Kambal Taxes B3 triggered Authority of the Consuls
Add To Stack: Ai(2)-Kambal Taxes B3 triggered Soul Warden
Life: Life: Ai(2)-Kambal Taxes B3 50 > 51
Resolve Stack: Whenever another creature enters, you gain 1 life. [Zone Changer: Nekusar, the Mindrazer (403)]
Life: Life: Ai(2)-Kambal Taxes B3 51 > 52
Resolve Stack: Whenever a creature an opponent controls enters, you gain 1 life. [Zone Changer: Nekusar, the Mindrazer (403)]
Phase: Ai(4)-Nekusar Punisher B3's End step
Phase: Ai(4)-Nekusar Punisher B3's Cleanup step
Turn: Turn 21 (Ai(1)-Slurrk Oozes B3)
Phase: Ai(1)-Slurrk Oozes B3's Untap step
Phase: Ai(1)-Slurrk Oozes B3's Upkeep step
Phase: Ai(1)-Slurrk Oozes B3's Draw step
Add To Stack: Ai(4)-Nekusar Punisher B3 triggered Nekusar, the Mindrazer
Add To Stack: Ai(4)-Nekusar Punisher B3 triggered Nekusar, the Mindrazer
Resolve Stack: At the beginning of each player's draw step, that player draws an additional card. [Phase: Ai(1)-Slurrk Oozes B3]
Add To Stack: Ai(4)-Nekusar Punisher B3 triggered Nekusar, the Mindrazer
Damage: Nekusar, the Mindrazer (403) deals 1 non-combat damage to Ai(1)-Slurrk Oozes B3.
Life: Life: Ai(1)-Slurrk Oozes B3 32 > 31
Resolve Stack: Whenever an opponent draws a card, Nekusar, the Mindrazer deals 1 damage to that player. [Player: Ai(1)-Slurrk Oozes B3]
Damage: Nekusar, the Mindrazer (403) deals 1 non-combat damage to Ai(1)-Slurrk Oozes B3.
Life: Life: Ai(1)-Slurrk Oozes B3 31 > 30
Resolve Stack: Whenever an opponent draws a card, Nekusar, the Mindrazer deals 1 damage to that player. [Player: Ai(1)-Slurrk Oozes B3]
Phase: Ai(1)-Slurrk Oozes B3's Main phase, precombat
Land: Ai(1)-Slurrk Oozes B3 played Forest (34)
Phase: Ai(1)-Slurrk Oozes B3's Beginning of Combat Step
Phase: Ai(1)-Slurrk Oozes B3's Declare Attackers Step
Phase: Ai(1)-Slurrk Oozes B3's Declare Blockers Step
Phase: Ai(1)-Slurrk Oozes B3's First Strike Damage Step
Phase: Ai(1)-Slurrk Oozes B3's Combat Damage Step
Phase: Ai(1)-Slurrk Oozes B3's End of Combat Step
Phase: Ai(1)-Slurrk Oozes B3's Main phase, postcombat
Mana: Forest (41) - {T}: Add {G}.
Mana: Swamp (80) - {T}: Add {B}.
Mana: Swamp (81) - {T}: Add {B}.
Mana: Swamp (91) - {T}: Add {B}.
Mana: Forest (54) - {T}: Add {G}.
Mana: Forest (50) - {T}: Add {G}.
Add To Stack: Ai(1)-Slurrk Oozes B3 cast Slurrk, All-Ingesting
Replacement Effect: Creatures your opponents control enter tapped.
Replacement Effect: Slurrk, All-Ingesting enters with five +1/+1 counters on it.
Resolve Stack: Slurrk, All-Ingesting - Creature 0 / 0
Add To Stack: Ai(2)-Kambal Taxes B3 triggered Authority of the Consuls
Add To Stack: Ai(2)-Kambal Taxes B3 triggered Soul Warden
Life: Life: Ai(2)-Kambal Taxes B3 52 > 53
Resolve Stack: Whenever another creature enters, you gain 1 life. [Zone Changer: Slurrk, All-Ingesting (100)]
Life: Life: Ai(2)-Kambal Taxes B3 53 > 54
Resolve Stack: Whenever a creature an opponent controls enters, you gain 1 life. [Zone Changer: Slurrk, All-Ingesting (100)]
Mana: Forest (34) - {T}: Add {G}.
Mana: Golgari Rot Farm (59) - {T}: Add {B}{G}.
Add To Stack: Ai(1)-Slurrk Oozes B3 cast Branching Evolution
Add To Stack: Ai(2)-Kambal Taxes B3 triggered Kambal, Consul of Allocation
Life: Life: Ai(1)-Slurrk Oozes B3 30 > 28
Life: Life: Ai(2)-Kambal Taxes B3 54 > 56
Resolve Stack: Whenever an opponent casts a noncreature spell, that player loses 2 life and you gain 2 life. [Card: Branching Evolution (4), Activator: Ai(1)-Slurrk Oozes B3, SpellAbility: Branching Evolution]
Resolve Stack: Branching Evolution
Phase: Ai(1)-Slurrk Oozes B3's End step
Phase: Ai(1)-Slurrk Oozes B3's Cleanup step
Turn: Turn 22 (Ai(2)-Kambal Taxes B3)
Phase: Ai(2)-Kambal Taxes B3's Untap step
Phase: Ai(2)-Kambal Taxes B3's Upkeep step
Phase: Ai(2)-Kambal Taxes B3's Draw step
Add To Stack: Ai(4)-Nekusar Punisher B3 triggered Nekusar, the Mindrazer
Add To Stack: Ai(4)-Nekusar Punisher B3 triggered Nekusar, the Mindrazer
Resolve Stack: At the beginning of each player's draw step, that player draws an additional card. [Phase: Ai(2)-Kambal Taxes B3]
Add To Stack: Ai(4)-Nekusar Punisher B3 triggered Nekusar, the Mindrazer
Damage: Nekusar, the Mindrazer (403) deals 1 non-combat damage to Ai(2)-Kambal Taxes B3.
Life: Life: Ai(2)-Kambal Taxes B3 56 > 55
Resolve Stack: Whenever an opponent draws a card, Nekusar, the Mindrazer deals 1 damage to that player. [Player: Ai(2)-Kambal Taxes B3]
Damage: Nekusar, the Mindrazer (403) deals 1 non-combat damage to Ai(2)-Kambal Taxes B3.
Life: Life: Ai(2)-Kambal Taxes B3 55 > 54
Resolve Stack: Whenever an opponent draws a card, Nekusar, the Mindrazer deals 1 damage to that player. [Player: Ai(2)-Kambal Taxes B3]
Phase: Ai(2)-Kambal Taxes B3's Main phase, precombat
Phase: Ai(2)-Kambal Taxes B3's Beginning of Combat Step
Phase: Ai(2)-Kambal Taxes B3's Declare Attackers Step
Combat: Ai(2)-Kambal Taxes B3 assigned Kambal, Consul of Allocation (201), Twilight Prophet (109) and Soul Warden (140) to attack Ai(1)-Slurrk Oozes B3.
Phase: Ai(2)-Kambal Taxes B3's Declare Blockers Step
Combat: Ai(1)-Slurrk Oozes B3 didn't block Kambal, Consul of Allocation (201).
Ai(1)-Slurrk Oozes B3 didn't block Twilight Prophet (109).
Ai(1)-Slurrk Oozes B3 didn't block Soul Warden (140).
Phase: Ai(2)-Kambal Taxes B3's First Strike Damage Step
Phase: Ai(2)-Kambal Taxes B3's Combat Damage Step
Damage: Kambal, Consul of Allocation (201) deals 2 combat damage to Ai(1)-Slurrk Oozes B3.
Damage: Twilight Prophet (109) deals 2 combat damage to Ai(1)-Slurrk Oozes B3.
Damage: Soul Warden (140) deals 1 combat damage to Ai(1)-Slurrk Oozes B3.
Life: Life: Ai(1)-Slurrk Oozes B3 28 > 23
Phase: Ai(2)-Kambal Taxes B3's End of Combat Step
Phase: Ai(2)-Kambal Taxes B3's Main phase, postcombat
Land: Ai(2)-Kambal Taxes B3 played Plains (163)
Phase: Ai(2)-Kambal Taxes B3's End step
Phase: Ai(2)-Kambal Taxes B3's Cleanup step
Turn: Turn 23 (Ai(3)-Kilo Helm Final)
Phase: Ai(3)-Kilo Helm Final's Untap step
Phase: Ai(3)-Kilo Helm Final's Upkeep step
Add To Stack: Ai(4)-Nekusar Punisher B3 triggered Ebony Owl Netsuke
Damage: Ebony Owl Netsuke (316) deals 4 non-combat damage to Ai(3)-Kilo Helm Final.
Life: Life: Ai(3)-Kilo Helm Final 31 > 27
Resolve Stack: At the beginning of each opponent's upkeep, if that player has seven or more cards in hand, Ebony Owl Netsuke deals 4 damage to that player. [Phase: Ai(3)-Kilo Helm Final]
Phase: Ai(3)-Kilo Helm Final's Draw step
Add To Stack: Ai(4)-Nekusar Punisher B3 triggered Nekusar, the Mindrazer
Add To Stack: Ai(4)-Nekusar Punisher B3 triggered Nekusar, the Mindrazer
Resolve Stack: At the beginning of each player's draw step, that player draws an additional card. [Phase: Ai(3)-Kilo Helm Final]
Add To Stack: Ai(4)-Nekusar Punisher B3 triggered Nekusar, the Mindrazer
Damage: Nekusar, the Mindrazer (403) deals 1 non-combat damage to Ai(3)-Kilo Helm Final.
Life: Life: Ai(3)-Kilo Helm Final 27 > 26
Resolve Stack: Whenever an opponent draws a card, Nekusar, the Mindrazer deals 1 damage to that player. [Player: Ai(3)-Kilo Helm Final]
Damage: Nekusar, the Mindrazer (403) deals 1 non-combat damage to Ai(3)-Kilo Helm Final.
Life: Life: Ai(3)-Kilo Helm Final 26 > 25
Resolve Stack: Whenever an opponent draws a card, Nekusar, the Mindrazer deals 1 damage to that player. [Player: Ai(3)-Kilo Helm Final]
Phase: Ai(3)-Kilo Helm Final's Main phase, precombat
Land: Ai(3)-Kilo Helm Final played Mountain (290)
Mana: Mountain (290) - {T}: Add {R}.
Mana: Glacial Fortress (280) - {T}: Add {W} or {U}.
Mana: Glittering Massif (247) - {T}: Add {R}.
Mana: Radiant Summit (222) - {T}: Add {R}.
Add To Stack: Ai(3)-Kilo Helm Final cast Everflowing Chalice
Add To Stack: Ai(2)-Kambal Taxes B3 triggered Kambal, Consul of Allocation
Life: Life: Ai(3)-Kilo Helm Final 25 > 23
Life: Life: Ai(2)-Kambal Taxes B3 54 > 56
Resolve Stack: Whenever an opponent casts a noncreature spell, that player loses 2 life and you gain 2 life. [Card: Everflowing Chalice (232), Activator: Ai(3)-Kilo Helm Final, SpellAbility: Everflowing Chalice]
Replacement Effect: Everflowing Chalice enters with a charge counter on it for each time it was kicked.
Resolve Stack: Everflowing Chalice
Phase: Ai(3)-Kilo Helm Final's Beginning of Combat Step
Phase: Ai(3)-Kilo Helm Final's Declare Attackers Step
Combat: Ai(3)-Kilo Helm Final assigned Kilo, Apogee Mind (302) and Hangarback Walker (272) to attack Ai(2)-Kambal Taxes B3.
Add To Stack: Ai(3)-Kilo Helm Final triggered Kilo, Apogee Mind
Resolve Stack: Whenever Kilo becomes tapped, proliferate. (Choose any number of permanents and/or players, then give each another counter of each kind already there.) [Tapped: Kilo, Apogee Mind (302)]
Phase: Ai(3)-Kilo Helm Final's Declare Blockers Step
Combat: Ai(2)-Kambal Taxes B3 didn't block Kilo, Apogee Mind (302).
Ai(2)-Kambal Taxes B3 didn't block Hangarback Walker (272).
Phase: Ai(3)-Kilo Helm Final's First Strike Damage Step
Phase: Ai(3)-Kilo Helm Final's Combat Damage Step
Damage: Kilo, Apogee Mind (302) deals 3 combat damage to Ai(2)-Kambal Taxes B3.
Damage: Hangarback Walker (272) deals 2 combat damage to Ai(2)-Kambal Taxes B3.
Life: Life: Ai(2)-Kambal Taxes B3 56 > 51
Phase: Ai(3)-Kilo Helm Final's End of Combat Step
Phase: Ai(3)-Kilo Helm Final's Main phase, postcombat
Mana: Everflowing Chalice (232) - {T}: Add {C} for each charge counter on Everflowing Chalice.
Add To Stack: Ai(3)-Kilo Helm Final cast Foundry Inspector
Replacement Effect: Creatures your opponents control enter tapped.
Resolve Stack: Foundry Inspector - Creature 3 / 2
Add To Stack: Ai(2)-Kambal Taxes B3 triggered Authority of the Consuls
Add To Stack: Ai(2)-Kambal Taxes B3 triggered Soul Warden
Life: Life: Ai(2)-Kambal Taxes B3 51 > 52
Resolve Stack: Whenever another creature enters, you gain 1 life. [Zone Changer: Foundry Inspector (237)]
Life: Life: Ai(2)-Kambal Taxes B3 52 > 53
Resolve Stack: Whenever a creature an opponent controls enters, you gain 1 life. [Zone Changer: Foundry Inspector (237)]
Phase: Ai(3)-Kilo Helm Final's End step
Phase: Ai(3)-Kilo Helm Final's Cleanup step
Turn: Turn 24 (Ai(4)-Nekusar Punisher B3)
Phase: Ai(4)-Nekusar Punisher B3's Untap step
Phase: Ai(4)-Nekusar Punisher B3's Upkeep step
Phase: Ai(4)-Nekusar Punisher B3's Draw step
Add To Stack: Ai(4)-Nekusar Punisher B3 triggered Nekusar, the Mindrazer
Resolve Stack: At the beginning of each player's draw step, that player draws an additional card. [Phase: Ai(4)-Nekusar Punisher B3]
Phase: Ai(4)-Nekusar Punisher B3's Main phase, precombat
Land: Ai(4)-Nekusar Punisher B3 played Swamp (393)
Phase: Ai(4)-Nekusar Punisher B3's Beginning of Combat Step
Phase: Ai(4)-Nekusar Punisher B3's Declare Attackers Step
Combat: Ai(4)-Nekusar Punisher B3 assigned Nekusar, the Mindrazer (403) to attack Ai(3)-Kilo Helm Final.
Phase: Ai(4)-Nekusar Punisher B3's Declare Blockers Step
Combat: Ai(3)-Kilo Helm Final didn't block Nekusar, the Mindrazer (403).
Phase: Ai(4)-Nekusar Punisher B3's First Strike Damage Step
Phase: Ai(4)-Nekusar Punisher B3's Combat Damage Step
Damage: Nekusar, the Mindrazer (403) deals 2 combat damage to Ai(3)-Kilo Helm Final.
Life: Life: Ai(3)-Kilo Helm Final 23 > 21
Phase: Ai(4)-Nekusar Punisher B3's End of Combat Step
Phase: Ai(4)-Nekusar Punisher B3's Main phase, postcombat
Mana: Swamp (387) - {T}: Add {B}.
Mana: Island (353) - {T}: Add {U}.
Add To Stack: Ai(4)-Nekusar Punisher B3 cast Night's Whisper
Add To Stack: Ai(2)-Kambal Taxes B3 triggered Kambal, Consul of Allocation
Life: Life: Ai(4)-Nekusar Punisher B3 38 > 36
Life: Life: Ai(2)-Kambal Taxes B3 53 > 55
Resolve Stack: Whenever an opponent casts a noncreature spell, that player loses 2 life and you gain 2 life. [Card: Night's Whisper (312), Activator: Ai(4)-Nekusar Punisher B3, SpellAbility: You draw two cards and you lose 2 life. ]
Life: Life: Ai(4)-Nekusar Punisher B3 36 > 34
Resolve Stack: Night's Whisper (312) - Ai(4)-Nekusar Punisher B3 draws two cards. Ai(4)-Nekusar Punisher B3 loses 2 life.
Mana: Swamp (393) - {T}: Add {B}.
Add To Stack: Ai(4)-Nekusar Punisher B3 cast Bloodchief Ascension
Add To Stack: Ai(2)-Kambal Taxes B3 triggered Kambal, Consul of Allocation
Life: Life: Ai(4)-Nekusar Punisher B3 34 > 32
Life: Life: Ai(2)-Kambal Taxes B3 55 > 57
Resolve Stack: Whenever an opponent casts a noncreature spell, that player loses 2 life and you gain 2 life. [Card: Bloodchief Ascension (384), Activator: Ai(4)-Nekusar Punisher B3, SpellAbility: Bloodchief Ascension]
Resolve Stack: Bloodchief Ascension
Phase: Ai(4)-Nekusar Punisher B3's End step
Add To Stack: Ai(4)-Nekusar Punisher B3 triggered Bloodchief Ascension
Resolve Stack: At the beginning of each end step, if an opponent lost 2 or more life this turn, you may put a quest counter on Bloodchief Ascension. (Damage causes loss of life.) [Phase: Ai(4)-Nekusar Punisher B3]
Phase: Ai(4)-Nekusar Punisher B3's Cleanup step
Turn: Turn 25 (Ai(1)-Slurrk Oozes B3)
Phase: Ai(1)-Slurrk Oozes B3's Untap step
Phase: Ai(1)-Slurrk Oozes B3's Upkeep step
Phase: Ai(1)-Slurrk Oozes B3's Draw step
Add To Stack: Ai(4)-Nekusar Punisher B3 triggered Nekusar, the Mindrazer
Add To Stack: Ai(4)-Nekusar Punisher B3 triggered Nekusar, the Mindrazer
Resolve Stack: At the beginning of each player's draw step, that player draws an additional card. [Phase: Ai(1)-Slurrk Oozes B3]
Add To Stack: Ai(4)-Nekusar Punisher B3 triggered Nekusar, the Mindrazer
Damage: Nekusar, the Mindrazer (403) deals 1 non-combat damage to Ai(1)-Slurrk Oozes B3.
Life: Life: Ai(1)-Slurrk Oozes B3 23 > 22
Resolve Stack: Whenever an opponent draws a card, Nekusar, the Mindrazer deals 1 damage to that player. [Player: Ai(1)-Slurrk Oozes B3]
Damage: Nekusar, the Mindrazer (403) deals 1 non-combat damage to Ai(1)-Slurrk Oozes B3.
Life: Life: Ai(1)-Slurrk Oozes B3 22 > 21
Resolve Stack: Whenever an opponent draws a card, Nekusar, the Mindrazer deals 1 damage to that player. [Player: Ai(1)-Slurrk Oozes B3]
Phase: Ai(1)-Slurrk Oozes B3's Main phase, precombat
Phase: Ai(1)-Slurrk Oozes B3's Beginning of Combat Step
Phase: Ai(1)-Slurrk Oozes B3's Declare Attackers Step
Combat: Ai(1)-Slurrk Oozes B3 assigned Slurrk, All-Ingesting (100) to attack Ai(3)-Kilo Helm Final.
Phase: Ai(1)-Slurrk Oozes B3's Declare Blockers Step
Combat: Ai(3)-Kilo Helm Final didn't block Slurrk, All-Ingesting (100).
Phase: Ai(1)-Slurrk Oozes B3's First Strike Damage Step
Phase: Ai(1)-Slurrk Oozes B3's Combat Damage Step
Damage: Slurrk, All-Ingesting (100) deals 5 combat damage to Ai(3)-Kilo Helm Final.
Life: Life: Ai(3)-Kilo Helm Final 21 > 16
Phase: Ai(1)-Slurrk Oozes B3's End of Combat Step
Phase: Ai(1)-Slurrk Oozes B3's Main phase, postcombat
Land: Ai(1)-Slurrk Oozes B3 played Swamp (90)
Mana: Forest (41) - {T}: Add {G}.
Mana: Forest (54) - {T}: Add {G}.
Mana: Swamp (80) - {T}: Add {B}.
Mana: Swamp (81) - {T}: Add {B}.
Mana: Swamp (91) - {T}: Add {B}.
Add To Stack: Ai(1)-Slurrk Oozes B3 cast Kalonian Hydra
Replacement Effect: Creatures your opponents control enter tapped.
Replacement Effect: Kalonian Hydra enters with four +1/+1 counters on it.
Replacement Effect: If one or more +1/+1 counters would be put a creature you control, twice that many +1/+1 counters are put on that creature instead.
Resolve Stack: Kalonian Hydra - Creature 0 / 0
Add To Stack: Ai(2)-Kambal Taxes B3 triggered Authority of the Consuls
Add To Stack: Ai(2)-Kambal Taxes B3 triggered Soul Warden
Life: Life: Ai(2)-Kambal Taxes B3 57 > 58
Resolve Stack: Whenever another creature enters, you gain 1 life. [Zone Changer: Kalonian Hydra (94)]
Life: Life: Ai(2)-Kambal Taxes B3 58 > 59
Resolve Stack: Whenever a creature an opponent controls enters, you gain 1 life. [Zone Changer: Kalonian Hydra (94)]
Phase: Ai(1)-Slurrk Oozes B3's End step
Add To Stack: Ai(4)-Nekusar Punisher B3 triggered Bloodchief Ascension
Resolve Stack: At the beginning of each end step, if an opponent lost 2 or more life this turn, you may put a quest counter on Bloodchief Ascension. (Damage causes loss of life.) [Phase: Ai(1)-Slurrk Oozes B3]
Phase: Ai(1)-Slurrk Oozes B3's Cleanup step
Turn: Turn 26 (Ai(2)-Kambal Taxes B3)
Phase: Ai(2)-Kambal Taxes B3's Untap step
Phase: Ai(2)-Kambal Taxes B3's Upkeep step
Add To Stack: Ai(2)-Kambal Taxes B3 triggered Twilight Prophet
Life: Life: Ai(3)-Kilo Helm Final 16 > 13
Life: Life: Ai(4)-Nekusar Punisher B3 32 > 29
Life: Life: Ai(1)-Slurrk Oozes B3 21 > 18
Life: Life: Ai(2)-Kambal Taxes B3 59 > 62
Resolve Stack: At the beginning of your upkeep, if you have the city's blessing, reveal the top card of your library and put it into your hand. Each opponent loses X life and you gain X life, where X is that card's mana value. [Phase: Ai(2)-Kambal Taxes B3]
Phase: Ai(2)-Kambal Taxes B3's Draw step
Add To Stack: Ai(4)-Nekusar Punisher B3 triggered Nekusar, the Mindrazer
Add To Stack: Ai(4)-Nekusar Punisher B3 triggered Nekusar, the Mindrazer
Resolve Stack: At the beginning of each player's draw step, that player draws an additional card. [Phase: Ai(2)-Kambal Taxes B3]
Add To Stack: Ai(4)-Nekusar Punisher B3 triggered Nekusar, the Mindrazer
Damage: Nekusar, the Mindrazer (403) deals 1 non-combat damage to Ai(2)-Kambal Taxes B3.
Life: Life: Ai(2)-Kambal Taxes B3 62 > 61
Resolve Stack: Whenever an opponent draws a card, Nekusar, the Mindrazer deals 1 damage to that player. [Player: Ai(2)-Kambal Taxes B3]
Damage: Nekusar, the Mindrazer (403) deals 1 non-combat damage to Ai(2)-Kambal Taxes B3.
Life: Life: Ai(2)-Kambal Taxes B3 61 > 60
Resolve Stack: Whenever an opponent draws a card, Nekusar, the Mindrazer deals 1 damage to that player. [Player: Ai(2)-Kambal Taxes B3]
Phase: Ai(2)-Kambal Taxes B3's Main phase, precombat
Phase: Ai(2)-Kambal Taxes B3's Beginning of Combat Step
Phase: Ai(2)-Kambal Taxes B3's Declare Attackers Step
Combat: Ai(2)-Kambal Taxes B3 assigned Kambal, Consul of Allocation (201), Twilight Prophet (109) and Soul Warden (140) to attack Ai(1)-Slurrk Oozes B3.
Phase: Ai(2)-Kambal Taxes B3's Declare Blockers Step
Combat: Ai(1)-Slurrk Oozes B3 didn't block Kambal, Consul of Allocation (201).
Ai(1)-Slurrk Oozes B3 didn't block Twilight Prophet (109).
Ai(1)-Slurrk Oozes B3 didn't block Soul Warden (140).
Phase: Ai(2)-Kambal Taxes B3's First Strike Damage Step
Phase: Ai(2)-Kambal Taxes B3's Combat Damage Step
Damage: Kambal, Consul of Allocation (201) deals 2 combat damage to Ai(1)-Slurrk Oozes B3.
Damage: Twilight Prophet (109) deals 2 combat damage to Ai(1)-Slurrk Oozes B3.
Damage: Soul Warden (140) deals 1 combat damage to Ai(1)-Slurrk Oozes B3.
Life: Life: Ai(1)-Slurrk Oozes B3 18 > 13
Phase: Ai(2)-Kambal Taxes B3's End of Combat Step
Phase: Ai(2)-Kambal Taxes B3's Main phase, postcombat
Land: Ai(2)-Kambal Taxes B3 played Swamp (185)
Mana: Swamp (179) - {T}: Add {B}.
Mana: Swamp (177) - {T}: Add {B}.
Mana: Plains (145) - {T}: Add {W}.
Add To Stack: Ai(2)-Kambal Taxes B3 cast Phyrexian Arena
Resolve Stack: Phyrexian Arena
Phase: Ai(2)-Kambal Taxes B3's End step
Add To Stack: Ai(4)-Nekusar Punisher B3 triggered Bloodchief Ascension
Resolve Stack: At the beginning of each end step, if an opponent lost 2 or more life this turn, you may put a quest counter on Bloodchief Ascension. (Damage causes loss of life.) [Phase: Ai(2)-Kambal Taxes B3]
Phase: Ai(2)-Kambal Taxes B3's Cleanup step
Turn: Turn 27 (Ai(3)-Kilo Helm Final)
Phase: Ai(3)-Kilo Helm Final's Untap step
Phase: Ai(3)-Kilo Helm Final's Upkeep step
Phase: Ai(3)-Kilo Helm Final's Draw step
Add To Stack: Ai(4)-Nekusar Punisher B3 triggered Nekusar, the Mindrazer
Add To Stack: Ai(4)-Nekusar Punisher B3 triggered Nekusar, the Mindrazer
Resolve Stack: At the beginning of each player's draw step, that player draws an additional card. [Phase: Ai(3)-Kilo Helm Final]
Add To Stack: Ai(4)-Nekusar Punisher B3 triggered Nekusar, the Mindrazer
Damage: Nekusar, the Mindrazer (403) deals 1 non-combat damage to Ai(3)-Kilo Helm Final.
Life: Life: Ai(3)-Kilo Helm Final 13 > 12
Resolve Stack: Whenever an opponent draws a card, Nekusar, the Mindrazer deals 1 damage to that player. [Player: Ai(3)-Kilo Helm Final]
Damage: Nekusar, the Mindrazer (403) deals 1 non-combat damage to Ai(3)-Kilo Helm Final.
Life: Life: Ai(3)-Kilo Helm Final 12 > 11
Resolve Stack: Whenever an opponent draws a card, Nekusar, the Mindrazer deals 1 damage to that player. [Player: Ai(3)-Kilo Helm Final]
Phase: Ai(3)-Kilo Helm Final's Main phase, precombat
Land: Ai(3)-Kilo Helm Final played Seat of the Synod (287)
Phase: Ai(3)-Kilo Helm Final's Beginning of Combat Step
Phase: Ai(3)-Kilo Helm Final's Declare Attackers Step
Combat: Ai(3)-Kilo Helm Final assigned Kilo, Apogee Mind (302) and Foundry Inspector (237) to attack Ai(1)-Slurrk Oozes B3.
Add To Stack: Ai(3)-Kilo Helm Final triggered Kilo, Apogee Mind
Resolve Stack: Whenever Kilo becomes tapped, proliferate. (Choose any number of permanents and/or players, then give each another counter of each kind already there.) [Tapped: Kilo, Apogee Mind (302)]
Phase: Ai(3)-Kilo Helm Final's Declare Blockers Step
Combat: Ai(1)-Slurrk Oozes B3 didn't block Kilo, Apogee Mind (302).
Ai(1)-Slurrk Oozes B3 didn't block Foundry Inspector (237).
Phase: Ai(3)-Kilo Helm Final's First Strike Damage Step
Phase: Ai(3)-Kilo Helm Final's Combat Damage Step
Damage: Kilo, Apogee Mind (302) deals 3 combat damage to Ai(1)-Slurrk Oozes B3.
Damage: Foundry Inspector (237) deals 3 combat damage to Ai(1)-Slurrk Oozes B3.
Life: Life: Ai(1)-Slurrk Oozes B3 13 > 7
Phase: Ai(3)-Kilo Helm Final's End of Combat Step
Phase: Ai(3)-Kilo Helm Final's Main phase, postcombat
Mana: Seat of the Synod (287) - {T}: Add {U}.
Add To Stack: Ai(3)-Kilo Helm Final cast Thought Monitor
Replacement Effect: Creatures your opponents control enter tapped.
Resolve Stack: Thought Monitor - Creature 2 / 2
Add To Stack: Ai(3)-Kilo Helm Final triggered Thought Monitor
Add To Stack: Ai(2)-Kambal Taxes B3 triggered Authority of the Consuls
Add To Stack: Ai(2)-Kambal Taxes B3 triggered Soul Warden
Life: Life: Ai(2)-Kambal Taxes B3 60 > 61
Resolve Stack: Whenever another creature enters, you gain 1 life. [Zone Changer: Thought Monitor (297)]
Life: Life: Ai(2)-Kambal Taxes B3 61 > 62
Resolve Stack: Whenever a creature an opponent controls enters, you gain 1 life. [Zone Changer: Thought Monitor (297)]
Resolve Stack: When Thought Monitor enters, draw two cards. [Zone Changer: Thought Monitor (297)]
Add To Stack: Ai(4)-Nekusar Punisher B3 triggered Nekusar, the Mindrazer
Add To Stack: Ai(4)-Nekusar Punisher B3 triggered Nekusar, the Mindrazer
Damage: Nekusar, the Mindrazer (403) deals 1 non-combat damage to Ai(3)-Kilo Helm Final.
Life: Life: Ai(3)-Kilo Helm Final 11 > 10
Resolve Stack: Whenever an opponent draws a card, Nekusar, the Mindrazer deals 1 damage to that player. [Player: Ai(3)-Kilo Helm Final]
Damage: Nekusar, the Mindrazer (403) deals 1 non-combat damage to Ai(3)-Kilo Helm Final.
Life: Life: Ai(3)-Kilo Helm Final 10 > 9
Resolve Stack: Whenever an opponent draws a card, Nekusar, the Mindrazer deals 1 damage to that player. [Player: Ai(3)-Kilo Helm Final]
Mana: Glacial Fortress (280) - {T}: Add {W} or {U}.
Mana: Mountain (290) - {T}: Add {R}.
Mana: Glittering Massif (247) - {T}: Add {R}.
Add To Stack: Ai(3)-Kilo Helm Final cast Chrome Host Seedshark
Replacement Effect: Creatures your opponents control enter tapped.
Resolve Stack: Chrome Host Seedshark - Creature 2 / 4
Add To Stack: Ai(2)-Kambal Taxes B3 triggered Authority of the Consuls
Add To Stack: Ai(2)-Kambal Taxes B3 triggered Soul Warden
Life: Life: Ai(2)-Kambal Taxes B3 62 > 63
Resolve Stack: Whenever another creature enters, you gain 1 life. [Zone Changer: Chrome Host Seedshark (281)]
Life: Life: Ai(2)-Kambal Taxes B3 63 > 64
Resolve Stack: Whenever a creature an opponent controls enters, you gain 1 life. [Zone Changer: Chrome Host Seedshark (281)]
Mana: Radiant Summit (222) - {T}: Add {R}.
Mana: Everflowing Chalice (232) - {T}: Add {C} for each charge counter on Everflowing Chalice.
Add To Stack: Ai(3)-Kilo Helm Final cast Cloud Key
Add To Stack: Ai(3)-Kilo Helm Final triggered Chrome Host Seedshark
Add To Stack: Ai(2)-Kambal Taxes B3 triggered Kambal, Consul of Allocation
Life: Life: Ai(3)-Kilo Helm Final 9 > 7
Life: Life: Ai(2)-Kambal Taxes B3 64 > 66
Resolve Stack: Whenever an opponent casts a noncreature spell, that player loses 2 life and you gain 2 life. [Card: Cloud Key (259), Activator: Ai(3)-Kilo Helm Final, SpellAbility: Cloud Key]
Resolve Stack: Whenever you cast a noncreature spell, incubate X, where X is that spell's mana value. (Create an Incubator token with X +1/+1 counters on it and "{2}: Transform this artifact." It transforms into a 0/0 Phyrexian artifact creature.) [Card: Cloud Key (259), Activator: Ai(3)-Kilo Helm Final, SpellAbility: Cloud Key]
Replacement Effect: As Cloud Key enters, choose artifact, creature, enchantment, instant, or sorcery.
Resolve Stack: Cloud Key
Life: Life: Ai(3)-Kilo Helm Final 7 > 5
Add To Stack: Ai(3)-Kilo Helm Final cast Phyrexian Metamorph
Replacement Effect: You may have Thought Monitor enter as a copy of any artifact or creature on the battlefield, except it's an artifact in addition to its other types.
Replacement Effect: Creatures your opponents control enter tapped.
Resolve Stack: Phyrexian Metamorph - Creature 0 / 0
Add To Stack: Ai(3)-Kilo Helm Final triggered Thought Monitor
Add To Stack: Ai(2)-Kambal Taxes B3 triggered Authority of the Consuls
Add To Stack: Ai(2)-Kambal Taxes B3 triggered Soul Warden
Add To Stack: Ai(3)-Kilo Helm Final activated Incubator Token
Resolve Stack: Phyrexian Token (407) - Transform Phyrexian Token (407).
Life: Life: Ai(2)-Kambal Taxes B3 66 > 67
Resolve Stack: Whenever another creature enters, you gain 1 life. [Zone Changer: Thought Monitor (226)]
Life: Life: Ai(2)-Kambal Taxes B3 67 > 68
Resolve Stack: Whenever a creature an opponent controls enters, you gain 1 life. [Zone Changer: Thought Monitor (226)]
Resolve Stack: When Thought Monitor enters, draw two cards. [Zone Changer: Thought Monitor (226)]
Add To Stack: Ai(4)-Nekusar Punisher B3 triggered Nekusar, the Mindrazer
Add To Stack: Ai(4)-Nekusar Punisher B3 triggered Nekusar, the Mindrazer
Damage: Nekusar, the Mindrazer (403) deals 1 non-combat damage to Ai(3)-Kilo Helm Final.
Life: Life: Ai(3)-Kilo Helm Final 5 > 4
Resolve Stack: Whenever an opponent draws a card, Nekusar, the Mindrazer deals 1 damage to that player. [Player: Ai(3)-Kilo Helm Final]
Damage: Nekusar, the Mindrazer (403) deals 1 non-combat damage to Ai(3)-Kilo Helm Final.
Life: Life: Ai(3)-Kilo Helm Final 4 > 3
Resolve Stack: Whenever an opponent draws a card, Nekusar, the Mindrazer deals 1 damage to that player. [Player: Ai(3)-Kilo Helm Final]
Phase: Ai(3)-Kilo Helm Final's End step
Add To Stack: Ai(4)-Nekusar Punisher B3 triggered Bloodchief Ascension
Resolve Stack: At the beginning of each end step, if an opponent lost 2 or more life this turn, you may put a quest counter on Bloodchief Ascension. (Damage causes loss of life.) [Phase: Ai(3)-Kilo Helm Final]
Phase: Ai(3)-Kilo Helm Final's Cleanup step
Turn: Turn 28 (Ai(4)-Nekusar Punisher B3)
Phase: Ai(4)-Nekusar Punisher B3's Untap step
Phase: Ai(4)-Nekusar Punisher B3's Upkeep step
Phase: Ai(4)-Nekusar Punisher B3's Draw step
Add To Stack: Ai(4)-Nekusar Punisher B3 triggered Nekusar, the Mindrazer
Resolve Stack: At the beginning of each player's draw step, that player draws an additional card. [Phase: Ai(4)-Nekusar Punisher B3]
Phase: Ai(4)-Nekusar Punisher B3's Main phase, precombat
Land: Ai(4)-Nekusar Punisher B3 played Swamp (394)
Phase: Ai(4)-Nekusar Punisher B3's Beginning of Combat Step
Phase: Ai(4)-Nekusar Punisher B3's Declare Attackers Step
Phase: Ai(4)-Nekusar Punisher B3's Declare Blockers Step
Phase: Ai(4)-Nekusar Punisher B3's First Strike Damage Step
Phase: Ai(4)-Nekusar Punisher B3's Combat Damage Step
Phase: Ai(4)-Nekusar Punisher B3's End of Combat Step
Phase: Ai(4)-Nekusar Punisher B3's Main phase, postcombat
Mana: Island (353) - {T}: Add {U}.
Mana: Swamp (387) - {T}: Add {B}.
Mana: Island (359) - {T}: Add {U}.
Add To Stack: Ai(4)-Nekusar Punisher B3 cast Iron Maiden
Add To Stack: Ai(2)-Kambal Taxes B3 triggered Kambal, Consul of Allocation
Life: Life: Ai(4)-Nekusar Punisher B3 29 > 27
Life: Life: Ai(2)-Kambal Taxes B3 68 > 70
Resolve Stack: Whenever an opponent casts a noncreature spell, that player loses 2 life and you gain 2 life. [Card: Iron Maiden (369), Activator: Ai(4)-Nekusar Punisher B3, SpellAbility: Iron Maiden]
Resolve Stack: Iron Maiden
Phase: Ai(4)-Nekusar Punisher B3's End step
Phase: Ai(4)-Nekusar Punisher B3's Cleanup step
Turn: Turn 29 (Ai(1)-Slurrk Oozes B3)
Phase: Ai(1)-Slurrk Oozes B3's Untap step
Phase: Ai(1)-Slurrk Oozes B3's Upkeep step
Add To Stack: Ai(4)-Nekusar Punisher B3 triggered Iron Maiden
Damage: Iron Maiden (369) deals 1 non-combat damage to Ai(1)-Slurrk Oozes B3.
Life: Life: Ai(1)-Slurrk Oozes B3 7 > 6
Resolve Stack: At the beginning of each opponent's upkeep, Iron Maiden deals X damage to that player, where X is the number of cards in their hand minus 4. [Phase: Ai(1)-Slurrk Oozes B3]
Phase: Ai(1)-Slurrk Oozes B3's Draw step
Add To Stack: Ai(4)-Nekusar Punisher B3 triggered Nekusar, the Mindrazer
Add To Stack: Ai(4)-Nekusar Punisher B3 triggered Nekusar, the Mindrazer
Resolve Stack: At the beginning of each player's draw step, that player draws an additional card. [Phase: Ai(1)-Slurrk Oozes B3]
Add To Stack: Ai(4)-Nekusar Punisher B3 triggered Nekusar, the Mindrazer
Damage: Nekusar, the Mindrazer (403) deals 1 non-combat damage to Ai(1)-Slurrk Oozes B3.
Life: Life: Ai(1)-Slurrk Oozes B3 6 > 5
Resolve Stack: Whenever an opponent draws a card, Nekusar, the Mindrazer deals 1 damage to that player. [Player: Ai(1)-Slurrk Oozes B3]
Damage: Nekusar, the Mindrazer (403) deals 1 non-combat damage to Ai(1)-Slurrk Oozes B3.
Life: Life: Ai(1)-Slurrk Oozes B3 5 > 4
Resolve Stack: Whenever an opponent draws a card, Nekusar, the Mindrazer deals 1 damage to that player. [Player: Ai(1)-Slurrk Oozes B3]
Phase: Ai(1)-Slurrk Oozes B3's Main phase, precombat
Phase: Ai(1)-Slurrk Oozes B3's Beginning of Combat Step
Phase: Ai(1)-Slurrk Oozes B3's Declare Attackers Step
Phase: Ai(1)-Slurrk Oozes B3's Declare Blockers Step
Phase: Ai(1)-Slurrk Oozes B3's First Strike Damage Step
Phase: Ai(1)-Slurrk Oozes B3's Combat Damage Step
Phase: Ai(1)-Slurrk Oozes B3's End of Combat Step
Phase: Ai(1)-Slurrk Oozes B3's Main phase, postcombat
Replacement Effect: Woodland Cemetery enters tapped unless you control a Swamp or a Forest.
Land: Ai(1)-Slurrk Oozes B3 played Woodland Cemetery (72)
Phase: Ai(1)-Slurrk Oozes B3's End step
Add To Stack: Ai(4)-Nekusar Punisher B3 triggered Bloodchief Ascension
Resolve Stack: At the beginning of each end step, if an opponent lost 2 or more life this turn, you may put a quest counter on Bloodchief Ascension. (Damage causes loss of life.) [Phase: Ai(1)-Slurrk Oozes B3]
Phase: Ai(1)-Slurrk Oozes B3's Cleanup step
Turn: Turn 30 (Ai(2)-Kambal Taxes B3)
Phase: Ai(2)-Kambal Taxes B3's Untap step
Phase: Ai(2)-Kambal Taxes B3's Upkeep step
Add To Stack: Ai(2)-Kambal Taxes B3 triggered Twilight Prophet
Add To Stack: Ai(2)-Kambal Taxes B3 triggered Phyrexian Arena
Add To Stack: Ai(4)-Nekusar Punisher B3 triggered Iron Maiden
Damage: Iron Maiden (369) deals 1 non-combat damage to Ai(2)-Kambal Taxes B3.
Life: Life: Ai(2)-Kambal Taxes B3 70 > 69
Resolve Stack: At the beginning of each opponent's upkeep, Iron Maiden deals X damage to that player, where X is the number of cards in their hand minus 4. [Phase: Ai(2)-Kambal Taxes B3]
Life: Life: Ai(2)-Kambal Taxes B3 69 > 68
Resolve Stack: At the beginning of your upkeep, you draw a card and you lose 1 life. [Phase: Ai(2)-Kambal Taxes B3]
Add To Stack: Ai(4)-Nekusar Punisher B3 triggered Nekusar, the Mindrazer
Damage: Nekusar, the Mindrazer (403) deals 1 non-combat damage to Ai(2)-Kambal Taxes B3.
Life: Life: Ai(2)-Kambal Taxes B3 68 > 67
Resolve Stack: Whenever an opponent draws a card, Nekusar, the Mindrazer deals 1 damage to that player. [Player: Ai(2)-Kambal Taxes B3]
Life: Life: Ai(3)-Kilo Helm Final 3 > 0
Life: Life: Ai(4)-Nekusar Punisher B3 27 > 24
Life: Life: Ai(1)-Slurrk Oozes B3 4 > 1
Life: Life: Ai(2)-Kambal Taxes B3 67 > 70
Resolve Stack: At the beginning of your upkeep, if you have the city's blessing, reveal the top card of your library and put it into your hand. Each opponent loses X life and you gain X life, where X is that card's mana value. [Phase: Ai(2)-Kambal Taxes B3]
Phase: Ai(2)-Kambal Taxes B3's Draw step
Add To Stack: Ai(4)-Nekusar Punisher B3 triggered Nekusar, the Mindrazer
Add To Stack: Ai(4)-Nekusar Punisher B3 triggered Nekusar, the Mindrazer
Mana: Plains (145) - {T}: Add {W}.
Add To Stack: Ai(2)-Kambal Taxes B3 cast Path to Exile targeting [Kalonian Hydra (94)]
Zone Change: Kalonian Hydra (94) was put into Exile from Battlefield.
Resolve Stack: Path to Exile (106) - Exile Kalonian Hydra (94). Ai(1)-Slurrk Oozes B3 may search their library for a basic land card, put that card onto the battlefield tapped, then shuffle their library. 
Add To Stack: Ai(4)-Nekusar Punisher B3 triggered Bloodchief Ascension
Life: Life: Ai(2)-Kambal Taxes B3 70 > 68
Life: Life: Ai(4)-Nekusar Punisher B3 24 > 26
Resolve Stack: Whenever a card is put into an opponent's graveyard from anywhere, if Bloodchief Ascension has three or more quest counters on it, you may have that player lose 2 life. If you do, you gain 2 life. [Zone Changer: Path to Exile (106)]
Resolve Stack: At the beginning of each player's draw step, that player draws an additional card. [Phase: Ai(2)-Kambal Taxes B3]
Add To Stack: Ai(4)-Nekusar Punisher B3 triggered Nekusar, the Mindrazer
Damage: Nekusar, the Mindrazer (403) deals 1 non-combat damage to Ai(2)-Kambal Taxes B3.
Life: Life: Ai(2)-Kambal Taxes B3 68 > 67
Resolve Stack: Whenever an opponent draws a card, Nekusar, the Mindrazer deals 1 damage to that player. [Player: Ai(2)-Kambal Taxes B3]
Damage: Nekusar, the Mindrazer (403) deals 1 non-combat damage to Ai(2)-Kambal Taxes B3.
Life: Life: Ai(2)-Kambal Taxes B3 67 > 66
Resolve Stack: Whenever an opponent draws a card, Nekusar, the Mindrazer deals 1 damage to that player. [Player: Ai(2)-Kambal Taxes B3]
Phase: Ai(2)-Kambal Taxes B3's Main phase, precombat
Mana: Swamp (179) - {T}: Add {B}.
Mana: Swamp (177) - {T}: Add {B}.
Mana: Swamp (185) - {T}: Add {B}.
Add To Stack: Ai(2)-Kambal Taxes B3 cast Vito, Thorn of the Dusk Rose
Resolve Stack: Vito, Thorn of the Dusk Rose - Creature 1 / 3
Add To Stack: Ai(2)-Kambal Taxes B3 triggered Soul Warden
Life: Life: Ai(2)-Kambal Taxes B3 66 > 67
Resolve Stack: Whenever another creature enters, you gain 1 life. [Zone Changer: Vito, Thorn of the Dusk Rose (169)]
Add To Stack: Ai(2)-Kambal Taxes B3 triggered Vito, Thorn of the Dusk Rose targeting [Ai(4)-Nekusar Punisher B3]
Life: Life: Ai(4)-Nekusar Punisher B3 26 > 25
Resolve Stack: Whenever you gain life, target opponent loses that much life. (Targeting: [[Ai(4)-Nekusar Punisher B3]]) [Player: Ai(2)-Kambal Taxes B3, Gained Amount: 1]
Land: Ai(2)-Kambal Taxes B3 played Plains (162)
Phase: Ai(2)-Kambal Taxes B3's Beginning of Combat Step
Phase: Ai(2)-Kambal Taxes B3's Declare Attackers Step
Combat: Ai(2)-Kambal Taxes B3 assigned Kambal, Consul of Allocation (201), Twilight Prophet (109) and Soul Warden (140) to attack Ai(1)-Slurrk Oozes B3.
Phase: Ai(2)-Kambal Taxes B3's Declare Blockers Step
Combat: Ai(1)-Slurrk Oozes B3 assigned Slurrk, All-Ingesting (100) to block Kambal, Consul of Allocation (201).
Ai(1)-Slurrk Oozes B3 didn't block Twilight Prophet (109).
Ai(1)-Slurrk Oozes B3 didn't block Soul Warden (140).
Phase: Ai(2)-Kambal Taxes B3's First Strike Damage Step
Phase: Ai(2)-Kambal Taxes B3's Combat Damage Step
Damage: Kambal, Consul of Allocation (201) deals 2 damage to Slurrk, All-Ingesting (100).
Damage: Twilight Prophet (109) deals 2 combat damage to Ai(1)-Slurrk Oozes B3.
Damage: Soul Warden (140) deals 1 combat damage to Ai(1)-Slurrk Oozes B3.
Damage: Slurrk, All-Ingesting (100) deals 5 damage to Kambal, Consul of Allocation (201).
Life: Life: Ai(1)-Slurrk Oozes B3 1 > -2
Zone Change: Kambal, Consul of Allocation (201) was put into Graveyard from Battlefield.
Add To Stack: Ai(4)-Nekusar Punisher B3 triggered Bloodchief Ascension
Life: Life: Ai(2)-Kambal Taxes B3 67 > 65
Life: Life: Ai(4)-Nekusar Punisher B3 25 > 27
Resolve Stack: Whenever a card is put into an opponent's graveyard from anywhere, if Bloodchief Ascension has three or more quest counters on it, you may have that player lose 2 life. If you do, you gain 2 life. [Zone Changer: Kambal, Consul of Allocation (201)]
Phase: Ai(2)-Kambal Taxes B3's End of Combat Step
Phase: Ai(2)-Kambal Taxes B3's Main phase, postcombat
Mana: Temple of Silence (171) - {T}: Add {W} or {B}.
Mana: Plains (148) - {T}: Add {W}.
Add To Stack: Ai(2)-Kambal Taxes B3 cast Elas il-Kor, Sadistic Pilgrim
Resolve Stack: Elas il-Kor, Sadistic Pilgrim - Creature 2 / 2
Add To Stack: Ai(2)-Kambal Taxes B3 triggered Soul Warden
Life: Life: Ai(2)-Kambal Taxes B3 65 > 66
Resolve Stack: Whenever another creature enters, you gain 1 life. [Zone Changer: Elas il-Kor, Sadistic Pilgrim (127)]
Add To Stack: Ai(2)-Kambal Taxes B3 triggered Vito, Thorn of the Dusk Rose targeting [Ai(4)-Nekusar Punisher B3]
Life: Life: Ai(4)-Nekusar Punisher B3 27 > 26
Resolve Stack: Whenever you gain life, target opponent loses that much life. (Targeting: [[Ai(4)-Nekusar Punisher B3]]) [Player: Ai(2)-Kambal Taxes B3, Gained Amount: 1]
Phase: Ai(2)-Kambal Taxes B3's End step
Add To Stack: Ai(4)-Nekusar Punisher B3 triggered Bloodchief Ascension
Resolve Stack: At the beginning of each end step, if an opponent lost 2 or more life this turn, you may put a quest counter on Bloodchief Ascension. (Damage causes loss of life.) [Phase: Ai(2)-Kambal Taxes B3]
Phase: Ai(2)-Kambal Taxes B3's Cleanup step
Turn: Turn 31 (Ai(4)-Nekusar Punisher B3)
Phase: Ai(4)-Nekusar Punisher B3's Untap step
Phase: Ai(4)-Nekusar Punisher B3's Upkeep step
Phase: Ai(4)-Nekusar Punisher B3's Draw step
Add To Stack: Ai(4)-Nekusar Punisher B3 triggered Nekusar, the Mindrazer
Resolve Stack: At the beginning of each player's draw step, that player draws an additional card. [Phase: Ai(4)-Nekusar Punisher B3]
Mana: Mountain (383) - {T}: Add {R}.
Mana: Island (353) - {T}: Add {U}.
Mana: Swamp (387) - {T}: Add {B}.
Add To Stack: Ai(4)-Nekusar Punisher B3 cast Crosis's Charm
Zone Change: Soul Warden (140) was put into Graveyard from Battlefield.
Resolve Stack: Crosis's Charm (332) -  Destroy target nonblack creature. It can't be regenerated. (Targeting: Soul Warden (140))
Add To Stack: Ai(4)-Nekusar Punisher B3 triggered Bloodchief Ascension
Add To Stack: Ai(2)-Kambal Taxes B3 triggered Elas il-Kor, Sadistic Pilgrim
Life: Life: Ai(4)-Nekusar Punisher B3 26 > 25
Resolve Stack: Whenever another creature you control dies, each opponent loses 1 life. [Zone Changer: Soul Warden (140)]
Life: Life: Ai(2)-Kambal Taxes B3 66 > 64
Life: Life: Ai(4)-Nekusar Punisher B3 25 > 27
Resolve Stack: Whenever a card is put into an opponent's graveyard from anywhere, if Bloodchief Ascension has three or more quest counters on it, you may have that player lose 2 life. If you do, you gain 2 life. [Zone Changer: Soul Warden (140)]
Phase: Ai(4)-Nekusar Punisher B3's Main phase, precombat
Land: Ai(4)-Nekusar Punisher B3 played Swamp (390)
Phase: Ai(4)-Nekusar Punisher B3's Beginning of Combat Step
Phase: Ai(4)-Nekusar Punisher B3's Declare Attackers Step
Phase: Ai(4)-Nekusar Punisher B3's Declare Blockers Step
Phase: Ai(4)-Nekusar Punisher B3's First Strike Damage Step
Phase: Ai(4)-Nekusar Punisher B3's Combat Damage Step
Phase: Ai(4)-Nekusar Punisher B3's End of Combat Step
Phase: Ai(4)-Nekusar Punisher B3's Main phase, postcombat
Phase: Ai(4)-Nekusar Punisher B3's End step
Add To Stack: Ai(4)-Nekusar Punisher B3 triggered Bloodchief Ascension
Resolve Stack: At the beginning of each end step, if an opponent lost 2 or more life this turn, you may put a quest counter on Bloodchief Ascension. (Damage causes loss of life.) [Phase: Ai(4)-Nekusar Punisher B3]
Phase: Ai(4)-Nekusar Punisher B3's Cleanup step
Turn: Turn 32 (Ai(2)-Kambal Taxes B3)
Phase: Ai(2)-Kambal Taxes B3's Untap step
Phase: Ai(2)-Kambal Taxes B3's Upkeep step
Add To Stack: Ai(2)-Kambal Taxes B3 triggered Twilight Prophet
Add To Stack: Ai(2)-Kambal Taxes B3 triggered Phyrexian Arena
Add To Stack: Ai(4)-Nekusar Punisher B3 triggered Iron Maiden
Damage: Iron Maiden (369) deals 1 non-combat damage to Ai(2)-Kambal Taxes B3.
Life: Life: Ai(2)-Kambal Taxes B3 64 > 63
Resolve Stack: At the beginning of each opponent's upkeep, Iron Maiden deals X damage to that player, where X is the number of cards in their hand minus 4. [Phase: Ai(2)-Kambal Taxes B3]
Life: Life: Ai(2)-Kambal Taxes B3 63 > 62
Resolve Stack: At the beginning of your upkeep, you draw a card and you lose 1 life. [Phase: Ai(2)-Kambal Taxes B3]
Add To Stack: Ai(4)-Nekusar Punisher B3 triggered Nekusar, the Mindrazer
Damage: Nekusar, the Mindrazer (403) deals 1 non-combat damage to Ai(2)-Kambal Taxes B3.
Life: Life: Ai(2)-Kambal Taxes B3 62 > 61
Resolve Stack: Whenever an opponent draws a card, Nekusar, the Mindrazer deals 1 damage to that player. [Player: Ai(2)-Kambal Taxes B3]
Resolve Stack: At the beginning of your upkeep, if you have the city's blessing, reveal the top card of your library and put it into your hand. Each opponent loses X life and you gain X life, where X is that card's mana value. [Phase: Ai(2)-Kambal Taxes B3]
Phase: Ai(2)-Kambal Taxes B3's Draw step
Add To Stack: Ai(4)-Nekusar Punisher B3 triggered Nekusar, the Mindrazer
Add To Stack: Ai(4)-Nekusar Punisher B3 triggered Nekusar, the Mindrazer
Resolve Stack: At the beginning of each player's draw step, that player draws an additional card. [Phase: Ai(2)-Kambal Taxes B3]
Add To Stack: Ai(4)-Nekusar Punisher B3 triggered Nekusar, the Mindrazer
Damage: Nekusar, the Mindrazer (403) deals 1 non-combat damage to Ai(2)-Kambal Taxes B3.
Life: Life: Ai(2)-Kambal Taxes B3 61 > 60
Resolve Stack: Whenever an opponent draws a card, Nekusar, the Mindrazer deals 1 damage to that player. [Player: Ai(2)-Kambal Taxes B3]
Damage: Nekusar, the Mindrazer (403) deals 1 non-combat damage to Ai(2)-Kambal Taxes B3.
Life: Life: Ai(2)-Kambal Taxes B3 60 > 59
Resolve Stack: Whenever an opponent draws a card, Nekusar, the Mindrazer deals 1 damage to that player. [Player: Ai(2)-Kambal Taxes B3]
Phase: Ai(2)-Kambal Taxes B3's Main phase, precombat
Land: Ai(2)-Kambal Taxes B3 played Swamp (178)
Phase: Ai(2)-Kambal Taxes B3's Beginning of Combat Step
Phase: Ai(2)-Kambal Taxes B3's Declare Attackers Step
Combat: Ai(2)-Kambal Taxes B3 assigned Twilight Prophet (109) and Elas il-Kor, Sadistic Pilgrim (127) to attack Ai(4)-Nekusar Punisher B3.
Phase: Ai(2)-Kambal Taxes B3's Declare Blockers Step
Combat: Ai(4)-Nekusar Punisher B3 didn't block Twilight Prophet (109).
Ai(4)-Nekusar Punisher B3 didn't block Elas il-Kor, Sadistic Pilgrim (127).
Phase: Ai(2)-Kambal Taxes B3's First Strike Damage Step
Phase: Ai(2)-Kambal Taxes B3's Combat Damage Step
Damage: Twilight Prophet (109) deals 2 combat damage to Ai(4)-Nekusar Punisher B3.
Damage: Elas il-Kor, Sadistic Pilgrim (127) deals 2 combat damage to Ai(4)-Nekusar Punisher B3.
Life: Life: Ai(4)-Nekusar Punisher B3 27 > 23
Phase: Ai(2)-Kambal Taxes B3's End of Combat Step
Phase: Ai(2)-Kambal Taxes B3's Main phase, postcombat
Mana: Plains (145) - {T}: Add {W}.
Mana: Swamp (179) - {T}: Add {B}.
Mana: Swamp (177) - {T}: Add {B}.
Mana: Plains (148) - {T}: Add {W}.
Mana: Plains (163) - {T}: Add {W}.
Add To Stack: Ai(2)-Kambal Taxes B3 cast Kambal, Consul of Allocation
Resolve Stack: Kambal, Consul of Allocation - Creature 2 / 3
Add To Stack: Ai(2)-Kambal Taxes B3 triggered Elas il-Kor, Sadistic Pilgrim
Life: Life: Ai(2)-Kambal Taxes B3 59 > 60
Resolve Stack: Whenever another creature you control enters, you gain 1 life. [Zone Changer: Kambal, Consul of Allocation (201)]
Add To Stack: Ai(2)-Kambal Taxes B3 triggered Vito, Thorn of the Dusk Rose targeting [Ai(4)-Nekusar Punisher B3]
Life: Life: Ai(4)-Nekusar Punisher B3 23 > 22
Resolve Stack: Whenever you gain life, target opponent loses that much life. (Targeting: [[Ai(4)-Nekusar Punisher B3]]) [Player: Ai(2)-Kambal Taxes B3, Gained Amount: 1]
Phase: Ai(2)-Kambal Taxes B3's End step
Add To Stack: Ai(4)-Nekusar Punisher B3 triggered Bloodchief Ascension
Resolve Stack: At the beginning of each end step, if an opponent lost 2 or more life this turn, you may put a quest counter on Bloodchief Ascension. (Damage causes loss of life.) [Phase: Ai(2)-Kambal Taxes B3]
Phase: Ai(2)-Kambal Taxes B3's Cleanup step
Discard: Ai(2)-Kambal Taxes B3 discards Plains (156).
Add To Stack: Ai(4)-Nekusar Punisher B3 triggered Bloodchief Ascension
Life: Life: Ai(2)-Kambal Taxes B3 60 > 58
Life: Life: Ai(4)-Nekusar Punisher B3 22 > 24
Resolve Stack: Whenever a card is put into an opponent's graveyard from anywhere, if Bloodchief Ascension has three or more quest counters on it, you may have that player lose 2 life. If you do, you gain 2 life. [Zone Changer: Plains (156)]
Phase: RepeatAi(2)-Kambal Taxes B3's Cleanup step
Turn: Turn 33 (Ai(4)-Nekusar Punisher B3)
Phase: Ai(4)-Nekusar Punisher B3's Untap step
Phase: Ai(4)-Nekusar Punisher B3's Upkeep step
Mana: Mountain (383) - {T}: Add {R}.
Mana: Swamp (387) - {T}: Add {B}.
Add To Stack: Ai(4)-Nekusar Punisher B3 cast Terminate targeting [Twilight Prophet (109)]
Add To Stack: Ai(2)-Kambal Taxes B3 triggered Kambal, Consul of Allocation
Life: Life: Ai(4)-Nekusar Punisher B3 24 > 22
Life: Life: Ai(2)-Kambal Taxes B3 58 > 60
Resolve Stack: Whenever an opponent casts a noncreature spell, that player loses 2 life and you gain 2 life. [Card: Terminate (351), Activator: Ai(4)-Nekusar Punisher B3, SpellAbility: Destroy target creature. It can't be regenerated.]
Add To Stack: Ai(2)-Kambal Taxes B3 triggered Vito, Thorn of the Dusk Rose targeting [Ai(4)-Nekusar Punisher B3]
Life: Life: Ai(4)-Nekusar Punisher B3 22 > 20
Resolve Stack: Whenever you gain life, target opponent loses that much life. (Targeting: [[Ai(4)-Nekusar Punisher B3]]) [Player: Ai(2)-Kambal Taxes B3, Gained Amount: 2]
Zone Change: Twilight Prophet (109) was put into Graveyard from Battlefield.
Resolve Stack: Terminate (351) - Destroy Twilight Prophet (109). It can't be regenerated.
Add To Stack: Ai(4)-Nekusar Punisher B3 triggered Bloodchief Ascension
Add To Stack: Ai(2)-Kambal Taxes B3 triggered Elas il-Kor, Sadistic Pilgrim
Life: Life: Ai(4)-Nekusar Punisher B3 20 > 19
Resolve Stack: Whenever another creature you control dies, each opponent loses 1 life. [Zone Changer: Twilight Prophet (109)]
Life: Life: Ai(2)-Kambal Taxes B3 60 > 58
Life: Life: Ai(4)-Nekusar Punisher B3 19 > 21
Resolve Stack: Whenever a card is put into an opponent's graveyard from anywhere, if Bloodchief Ascension has three or more quest counters on it, you may have that player lose 2 life. If you do, you gain 2 life. [Zone Changer: Twilight Prophet (109)]
Phase: Ai(4)-Nekusar Punisher B3's Draw step
Add To Stack: Ai(4)-Nekusar Punisher B3 triggered Nekusar, the Mindrazer
Resolve Stack: At the beginning of each player's draw step, that player draws an additional card. [Phase: Ai(4)-Nekusar Punisher B3]
Phase: Ai(4)-Nekusar Punisher B3's Main phase, precombat
Land: Ai(4)-Nekusar Punisher B3 played Swamp (389)
Phase: Ai(4)-Nekusar Punisher B3's Beginning of Combat Step
Phase: Ai(4)-Nekusar Punisher B3's Declare Attackers Step
Phase: Ai(4)-Nekusar Punisher B3's Declare Blockers Step
Phase: Ai(4)-Nekusar Punisher B3's First Strike Damage Step
Phase: Ai(4)-Nekusar Punisher B3's Combat Damage Step
Phase: Ai(4)-Nekusar Punisher B3's End of Combat Step
Phase: Ai(4)-Nekusar Punisher B3's Main phase, postcombat
Mana: Swamp (393) - {T}: Add {B}.
Add To Stack: Ai(4)-Nekusar Punisher B3 cast Kederekt Parasite
Replacement Effect: Creatures your opponents control enter tapped.
Resolve Stack: Kederekt Parasite - Creature 1 / 1
Add To Stack: Ai(2)-Kambal Taxes B3 triggered Authority of the Consuls
Life: Life: Ai(2)-Kambal Taxes B3 58 > 59
Resolve Stack: Whenever a creature an opponent controls enters, you gain 1 life. [Zone Changer: Kederekt Parasite (343)]
Add To Stack: Ai(2)-Kambal Taxes B3 triggered Vito, Thorn of the Dusk Rose targeting [Ai(4)-Nekusar Punisher B3]
Life: Life: Ai(4)-Nekusar Punisher B3 21 > 20
Resolve Stack: Whenever you gain life, target opponent loses that much life. (Targeting: [[Ai(4)-Nekusar Punisher B3]]) [Player: Ai(2)-Kambal Taxes B3, Gained Amount: 1]
Phase: Ai(4)-Nekusar Punisher B3's End step
Add To Stack: Ai(4)-Nekusar Punisher B3 triggered Bloodchief Ascension
Resolve Stack: At the beginning of each end step, if an opponent lost 2 or more life this turn, you may put a quest counter on Bloodchief Ascension. (Damage causes loss of life.) [Phase: Ai(4)-Nekusar Punisher B3]
Phase: Ai(4)-Nekusar Punisher B3's Cleanup step
Turn: Turn 34 (Ai(2)-Kambal Taxes B3)
Phase: Ai(2)-Kambal Taxes B3's Untap step
Phase: Ai(2)-Kambal Taxes B3's Upkeep step
Add To Stack: Ai(2)-Kambal Taxes B3 triggered Phyrexian Arena
Add To Stack: Ai(4)-Nekusar Punisher B3 triggered Ebony Owl Netsuke
Add To Stack: Ai(4)-Nekusar Punisher B3 triggered Iron Maiden
Damage: Iron Maiden (369) deals 3 non-combat damage to Ai(2)-Kambal Taxes B3.
Life: Life: Ai(2)-Kambal Taxes B3 59 > 56
Resolve Stack: At the beginning of each opponent's upkeep, Iron Maiden deals X damage to that player, where X is the number of cards in their hand minus 4. [Phase: Ai(2)-Kambal Taxes B3]
Damage: Ebony Owl Netsuke (316) deals 4 non-combat damage to Ai(2)-Kambal Taxes B3.
Life: Life: Ai(2)-Kambal Taxes B3 56 > 52
Resolve Stack: At the beginning of each opponent's upkeep, if that player has seven or more cards in hand, Ebony Owl Netsuke deals 4 damage to that player. [Phase: Ai(2)-Kambal Taxes B3]
Life: Life: Ai(2)-Kambal Taxes B3 52 > 51
Resolve Stack: At the beginning of your upkeep, you draw a card and you lose 1 life. [Phase: Ai(2)-Kambal Taxes B3]
Add To Stack: Ai(4)-Nekusar Punisher B3 triggered Nekusar, the Mindrazer
Add To Stack: Ai(4)-Nekusar Punisher B3 triggered Kederekt Parasite
Damage: Kederekt Parasite (343) deals 1 non-combat damage to Ai(2)-Kambal Taxes B3.
Life: Life: Ai(2)-Kambal Taxes B3 51 > 50
Resolve Stack: Whenever an opponent draws a card, if you control a red permanent, you may have Kederekt Parasite deal 1 damage to that player. [Player: Ai(2)-Kambal Taxes B3]
Damage: Nekusar, the Mindrazer (403) deals 1 non-combat damage to Ai(2)-Kambal Taxes B3.
Life: Life: Ai(2)-Kambal Taxes B3 50 > 49
Resolve Stack: Whenever an opponent draws a card, Nekusar, the Mindrazer deals 1 damage to that player. [Player: Ai(2)-Kambal Taxes B3]
Phase: Ai(2)-Kambal Taxes B3's Draw step
Add To Stack: Ai(4)-Nekusar Punisher B3 triggered Nekusar, the Mindrazer
Add To Stack: Ai(4)-Nekusar Punisher B3 triggered Kederekt Parasite
Add To Stack: Ai(4)-Nekusar Punisher B3 triggered Nekusar, the Mindrazer
Resolve Stack: At the beginning of each player's draw step, that player draws an additional card. [Phase: Ai(2)-Kambal Taxes B3]
Add To Stack: Ai(4)-Nekusar Punisher B3 triggered Nekusar, the Mindrazer
Add To Stack: Ai(4)-Nekusar Punisher B3 triggered Kederekt Parasite
Damage: Kederekt Parasite (343) deals 1 non-combat damage to Ai(2)-Kambal Taxes B3.
Life: Life: Ai(2)-Kambal Taxes B3 49 > 48
Resolve Stack: Whenever an opponent draws a card, if you control a red permanent, you may have Kederekt Parasite deal 1 damage to that player. [Player: Ai(2)-Kambal Taxes B3]
Damage: Nekusar, the Mindrazer (403) deals 1 non-combat damage to Ai(2)-Kambal Taxes B3.
Life: Life: Ai(2)-Kambal Taxes B3 48 > 47
Resolve Stack: Whenever an opponent draws a card, Nekusar, the Mindrazer deals 1 damage to that player. [Player: Ai(2)-Kambal Taxes B3]
Damage: Kederekt Parasite (343) deals 1 non-combat damage to Ai(2)-Kambal Taxes B3.
Life: Life: Ai(2)-Kambal Taxes B3 47 > 46
Resolve Stack: Whenever an opponent draws a card, if you control a red permanent, you may have Kederekt Parasite deal 1 damage to that player. [Player: Ai(2)-Kambal Taxes B3]
Damage: Nekusar, the Mindrazer (403) deals 1 non-combat damage to Ai(2)-Kambal Taxes B3.
Life: Life: Ai(2)-Kambal Taxes B3 46 > 45
Resolve Stack: Whenever an opponent draws a card, Nekusar, the Mindrazer deals 1 damage to that player. [Player: Ai(2)-Kambal Taxes B3]
Phase: Ai(2)-Kambal Taxes B3's Main phase, precombat
Land: Ai(2)-Kambal Taxes B3 played Plains (154)
Phase: Ai(2)-Kambal Taxes B3's Beginning of Combat Step
Phase: Ai(2)-Kambal Taxes B3's Declare Attackers Step
Combat: Ai(2)-Kambal Taxes B3 assigned Elas il-Kor, Sadistic Pilgrim (127) to attack Ai(4)-Nekusar Punisher B3.
Phase: Ai(2)-Kambal Taxes B3's Declare Blockers Step
Combat: Ai(4)-Nekusar Punisher B3 didn't block Elas il-Kor, Sadistic Pilgrim (127).
Phase: Ai(2)-Kambal Taxes B3's First Strike Damage Step
Phase: Ai(2)-Kambal Taxes B3's Combat Damage Step
Damage: Elas il-Kor, Sadistic Pilgrim (127) deals 2 combat damage to Ai(4)-Nekusar Punisher B3.
Life: Life: Ai(4)-Nekusar Punisher B3 20 > 18
Phase: Ai(2)-Kambal Taxes B3's End of Combat Step
Phase: Ai(2)-Kambal Taxes B3's Main phase, postcombat
Mana: Swamp (179) - {T}: Add {B}.
Mana: Plains (145) - {T}: Add {W}.
Mana: Plains (148) - {T}: Add {W}.
Add To Stack: Ai(2)-Kambal Taxes B3 cast Athreos, God of Passage
Resolve Stack: Athreos, God of Passage - Creature 5 / 4
Add To Stack: Ai(2)-Kambal Taxes B3 triggered Elas il-Kor, Sadistic Pilgrim
Life: Life: Ai(2)-Kambal Taxes B3 45 > 46
Resolve Stack: Whenever another creature you control enters, you gain 1 life. [Zone Changer: Athreos, God of Passage (166)]
Add To Stack: Ai(2)-Kambal Taxes B3 triggered Vito, Thorn of the Dusk Rose targeting [Ai(4)-Nekusar Punisher B3]
Life: Life: Ai(4)-Nekusar Punisher B3 18 > 17
Resolve Stack: Whenever you gain life, target opponent loses that much life. (Targeting: [[Ai(4)-Nekusar Punisher B3]]) [Player: Ai(2)-Kambal Taxes B3, Gained Amount: 1]
Mana: Swamp (177) - {T}: Add {B}.
Mana: Plains (163) - {T}: Add {W}.
Add To Stack: Ai(2)-Kambal Taxes B3 cast Zulaport Cutthroat
Resolve Stack: Zulaport Cutthroat - Creature 1 / 1
Add To Stack: Ai(2)-Kambal Taxes B3 triggered Elas il-Kor, Sadistic Pilgrim
Life: Life: Ai(2)-Kambal Taxes B3 46 > 47
Resolve Stack: Whenever another creature you control enters, you gain 1 life. [Zone Changer: Zulaport Cutthroat (123)]
Add To Stack: Ai(2)-Kambal Taxes B3 triggered Vito, Thorn of the Dusk Rose targeting [Ai(4)-Nekusar Punisher B3]
Life: Life: Ai(4)-Nekusar Punisher B3 17 > 16
Resolve Stack: Whenever you gain life, target opponent loses that much life. (Targeting: [[Ai(4)-Nekusar Punisher B3]]) [Player: Ai(2)-Kambal Taxes B3, Gained Amount: 1]
Phase: Ai(2)-Kambal Taxes B3's End step
Add To Stack: Ai(4)-Nekusar Punisher B3 triggered Bloodchief Ascension
Resolve Stack: At the beginning of each end step, if an opponent lost 2 or more life this turn, you may put a quest counter on Bloodchief Ascension. (Damage causes loss of life.) [Phase: Ai(2)-Kambal Taxes B3]
Phase: Ai(2)-Kambal Taxes B3's Cleanup step
Turn: Turn 35 (Ai(4)-Nekusar Punisher B3)
Phase: Ai(4)-Nekusar Punisher B3's Untap step
Phase: Ai(4)-Nekusar Punisher B3's Upkeep step
Phase: Ai(4)-Nekusar Punisher B3's Draw step
Add To Stack: Ai(4)-Nekusar Punisher B3 triggered Nekusar, the Mindrazer
Resolve Stack: At the beginning of each player's draw step, that player draws an additional card. [Phase: Ai(4)-Nekusar Punisher B3]
Phase: Ai(4)-Nekusar Punisher B3's Main phase, precombat
Phase: Ai(4)-Nekusar Punisher B3's Beginning of Combat Step
Phase: Ai(4)-Nekusar Punisher B3's Declare Attackers Step
Phase: Ai(4)-Nekusar Punisher B3's Declare Blockers Step
Phase: Ai(4)-Nekusar Punisher B3's First Strike Damage Step
Phase: Ai(4)-Nekusar Punisher B3's Combat Damage Step
Phase: Ai(4)-Nekusar Punisher B3's End of Combat Step
Phase: Ai(4)-Nekusar Punisher B3's Main phase, postcombat
Phase: Ai(4)-Nekusar Punisher B3's End step
Phase: Ai(4)-Nekusar Punisher B3's Cleanup step
Turn: Turn 36 (Ai(2)-Kambal Taxes B3)
Phase: Ai(2)-Kambal Taxes B3's Untap step
Phase: Ai(2)-Kambal Taxes B3's Upkeep step
Add To Stack: Ai(2)-Kambal Taxes B3 triggered Phyrexian Arena
Add To Stack: Ai(4)-Nekusar Punisher B3 triggered Ebony Owl Netsuke
Add To Stack: Ai(4)-Nekusar Punisher B3 triggered Iron Maiden
Damage: Iron Maiden (369) deals 3 non-combat damage to Ai(2)-Kambal Taxes B3.
Life: Life: Ai(2)-Kambal Taxes B3 47 > 44
Resolve Stack: At the beginning of each opponent's upkeep, Iron Maiden deals X damage to that player, where X is the number of cards in their hand minus 4. [Phase: Ai(2)-Kambal Taxes B3]
Damage: Ebony Owl Netsuke (316) deals 4 non-combat damage to Ai(2)-Kambal Taxes B3.
Life: Life: Ai(2)-Kambal Taxes B3 44 > 40
Resolve Stack: At the beginning of each opponent's upkeep, if that player has seven or more cards in hand, Ebony Owl Netsuke deals 4 damage to that player. [Phase: Ai(2)-Kambal Taxes B3]
Life: Life: Ai(2)-Kambal Taxes B3 40 > 39
Resolve Stack: At the beginning of your upkeep, you draw a card and you lose 1 life. [Phase: Ai(2)-Kambal Taxes B3]
Add To Stack: Ai(4)-Nekusar Punisher B3 triggered Nekusar, the Mindrazer
Add To Stack: Ai(4)-Nekusar Punisher B3 triggered Kederekt Parasite
Damage: Kederekt Parasite (343) deals 1 non-combat damage to Ai(2)-Kambal Taxes B3.
Life: Life: Ai(2)-Kambal Taxes B3 39 > 38
Resolve Stack: Whenever an opponent draws a card, if you control a red permanent, you may have Kederekt Parasite deal 1 damage to that player. [Player: Ai(2)-Kambal Taxes B3]
Damage: Nekusar, the Mindrazer (403) deals 1 non-combat damage to Ai(2)-Kambal Taxes B3.
Life: Life: Ai(2)-Kambal Taxes B3 38 > 37
Resolve Stack: Whenever an opponent draws a card, Nekusar, the Mindrazer deals 1 damage to that player. [Player: Ai(2)-Kambal Taxes B3]
Phase: Ai(2)-Kambal Taxes B3's Draw step
Add To Stack: Ai(4)-Nekusar Punisher B3 triggered Nekusar, the Mindrazer
Add To Stack: Ai(4)-Nekusar Punisher B3 triggered Kederekt Parasite
Add To Stack: Ai(4)-Nekusar Punisher B3 triggered Nekusar, the Mindrazer
Resolve Stack: At the beginning of each player's draw step, that player draws an additional card. [Phase: Ai(2)-Kambal Taxes B3]
Add To Stack: Ai(4)-Nekusar Punisher B3 triggered Nekusar, the Mindrazer
Add To Stack: Ai(4)-Nekusar Punisher B3 triggered Kederekt Parasite
Damage: Kederekt Parasite (343) deals 1 non-combat damage to Ai(2)-Kambal Taxes B3.
Life: Life: Ai(2)-Kambal Taxes B3 37 > 36
Resolve Stack: Whenever an opponent draws a card, if you control a red permanent, you may have Kederekt Parasite deal 1 damage to that player. [Player: Ai(2)-Kambal Taxes B3]
Damage: Nekusar, the Mindrazer (403) deals 1 non-combat damage to Ai(2)-Kambal Taxes B3.
Life: Life: Ai(2)-Kambal Taxes B3 36 > 35
Resolve Stack: Whenever an opponent draws a card, Nekusar, the Mindrazer deals 1 damage to that player. [Player: Ai(2)-Kambal Taxes B3]
Damage: Kederekt Parasite (343) deals 1 non-combat damage to Ai(2)-Kambal Taxes B3.
Life: Life: Ai(2)-Kambal Taxes B3 35 > 34
Resolve Stack: Whenever an opponent draws a card, if you control a red permanent, you may have Kederekt Parasite deal 1 damage to that player. [Player: Ai(2)-Kambal Taxes B3]
Damage: Nekusar, the Mindrazer (403) deals 1 non-combat damage to Ai(2)-Kambal Taxes B3.
Life: Life: Ai(2)-Kambal Taxes B3 34 > 33
Resolve Stack: Whenever an opponent draws a card, Nekusar, the Mindrazer deals 1 damage to that player. [Player: Ai(2)-Kambal Taxes B3]
Phase: Ai(2)-Kambal Taxes B3's Main phase, precombat
Land: Ai(2)-Kambal Taxes B3 played Swamp (172)
Mana: Swamp (179) - {T}: Add {B}.
Mana: Plains (145) - {T}: Add {W}.
Mana: Swamp (177) - {T}: Add {B}.
Mana: Plains (148) - {T}: Add {W}.
Mana: Plains (163) - {T}: Add {W}.
Add To Stack: Ai(2)-Kambal Taxes B3 cast Exquisite Blood
Resolve Stack: Exquisite Blood
Phase: Ai(2)-Kambal Taxes B3's Beginning of Combat Step
Phase: Ai(2)-Kambal Taxes B3's Declare Attackers Step
Combat: Ai(2)-Kambal Taxes B3 assigned Athreos, God of Passage (166) and Elas il-Kor, Sadistic Pilgrim (127) to attack Ai(4)-Nekusar Punisher B3.
Phase: Ai(2)-Kambal Taxes B3's Declare Blockers Step
Combat: Ai(4)-Nekusar Punisher B3 didn't block Athreos, God of Passage (166).
Ai(4)-Nekusar Punisher B3 didn't block Elas il-Kor, Sadistic Pilgrim (127).
Mana: Swamp (185) - {T}: Add {B}.
Mana: Swamp (178) - {T}: Add {B}.
Mana: Plains (162) - {T}: Add {W}.
Mana: Plains (154) - {T}: Add {W}.
Mana: Swamp (172) - {T}: Add {B}.
Add To Stack: Ai(2)-Kambal Taxes B3 activated Vito, Thorn of the Dusk Rose
Resolve Stack: Vito, Thorn of the Dusk Rose (169) - Creatures you control gain lifelink until end of turn.
Phase: Ai(2)-Kambal Taxes B3's First Strike Damage Step
Phase: Ai(2)-Kambal Taxes B3's Combat Damage Step
Damage: Athreos, God of Passage (166) deals 5 combat damage to Ai(4)-Nekusar Punisher B3.
Life: Life: Ai(2)-Kambal Taxes B3 33 > 38
Damage: Elas il-Kor, Sadistic Pilgrim (127) deals 2 combat damage to Ai(4)-Nekusar Punisher B3.
Life: Life: Ai(2)-Kambal Taxes B3 38 > 40
Life: Life: Ai(4)-Nekusar Punisher B3 16 > 9
Add To Stack: Ai(2)-Kambal Taxes B3 triggered Vito, Thorn of the Dusk Rose targeting [Ai(4)-Nekusar Punisher B3]
Add To Stack: Ai(2)-Kambal Taxes B3 triggered Vito, Thorn of the Dusk Rose targeting [Ai(4)-Nekusar Punisher B3]
Add To Stack: Ai(2)-Kambal Taxes B3 triggered Exquisite Blood
Life: Life: Ai(2)-Kambal Taxes B3 40 > 47
Resolve Stack: Whenever an opponent loses life, you gain that much life. [Player: Ai(4)-Nekusar Punisher B3, Lost Amount: 7]
Add To Stack: Ai(2)-Kambal Taxes B3 triggered Vito, Thorn of the Dusk Rose targeting [Ai(4)-Nekusar Punisher B3]
Life: Life: Ai(4)-Nekusar Punisher B3 9 > 2
Resolve Stack: Whenever you gain life, target opponent loses that much life. (Targeting: [[Ai(4)-Nekusar Punisher B3]]) [Player: Ai(2)-Kambal Taxes B3, Gained Amount: 7]
Add To Stack: Ai(2)-Kambal Taxes B3 triggered Exquisite Blood
Life: Life: Ai(2)-Kambal Taxes B3 47 > 54
Resolve Stack: Whenever an opponent loses life, you gain that much life. [Player: Ai(4)-Nekusar Punisher B3, Lost Amount: 7]
Add To Stack: Ai(2)-Kambal Taxes B3 triggered Vito, Thorn of the Dusk Rose targeting [Ai(4)-Nekusar Punisher B3]
Life: Life: Ai(4)-Nekusar Punisher B3 2 > -5
Resolve Stack: Whenever you gain life, target opponent loses that much life. (Targeting: [[Ai(4)-Nekusar Punisher B3]]) [Player: Ai(2)-Kambal Taxes B3, Gained Amount: 7]
Player Control: Ai(1)-Slurrk Oozes B3 has restored control over themself
Player Control: Ai(2)-Kambal Taxes B3 has restored control over themself
Player Control: Ai(3)-Kilo Helm Final has restored control over themself
Player Control: Ai(4)-Nekusar Punisher B3 has restored control over themself
Game Outcome: Turn 18
Game Outcome: Ai(1)-Slurrk Oozes B3 has lost because life total reached 0
Game Outcome: Ai(2)-Kambal Taxes B3 has won because all opponents have lost
Game Outcome: Ai(3)-Kilo Helm Final has lost because life total reached 0
Game Outcome: Ai(4)-Nekusar Punisher B3 has lost because life total reached 0
Match Result: Ai(1)-Slurrk Oozes B3: 0 Ai(2)-Kambal Taxes B3: 2 Ai(3)-Kilo Helm Final: 0 Ai(4)-Nekusar Punisher B3: 1 

Game Result: Game 3 ended in 14756 ms. Ai(2)-Kambal Taxes B3 has won!

Warning: default (ie. inherited from base class) implementation of confirmAction is used by Kambal, Consul of Allocation for forge.ai.ability.PermanentCreatureAi. Consider declaring an overloaded method
Warning: default (ie. inherited from base class) implementation of confirmAction is used by Slurrk, All-Ingesting for forge.ai.ability.PermanentCreatureAi. Consider declaring an overloaded method
Warning: default (ie. inherited from base class) implementation of confirmAction is used by Kilo, Apogee Mind for forge.ai.ability.PermanentCreatureAi. Consider declaring an overloaded method
Warning: default (ie. inherited from base class) implementation of confirmAction is used by Slurrk, All-Ingesting for forge.ai.ability.PermanentCreatureAi. Consider declaring an overloaded method
Active player is no longer in the game...
Active player is no longer in the game...
Active player is no longer in the game...
Active player is no longer in the game...
Active player is no longer in the game...
Active player is no longer in the game...
Warning: default (ie. inherited from base class) implementation of confirmAction is used by Kilo, Apogee Mind for forge.ai.ability.PermanentCreatureAi. Consider declaring an overloaded method
Active player is no longer in the game...
Active player is no longer in the game...
Active player is no longer in the game...
Active player is no longer in the game...
Active player is no longer in the game...
Warning: default (ie. inherited from base class) implementation of confirmAction is used by Slurrk, All-Ingesting for forge.ai.ability.PermanentCreatureAi. Consider declaring an overloaded method
Mulligan: Ai(1)-Slurrk Oozes B3 has kept a hand of 7 cards
Mulligan: Ai(2)-Kambal Taxes B3 has kept a hand of 7 cards
Mulligan: Ai(3)-Kilo Helm Final has kept a hand of 7 cards
Mulligan: Ai(4)-Nekusar Punisher B3 has kept a hand of 7 cards
Turn: Turn 1 (Ai(1)-Slurrk Oozes B3)
Phase: Ai(1)-Slurrk Oozes B3's Untap step
Phase: Ai(1)-Slurrk Oozes B3's Upkeep step
Phase: Ai(1)-Slurrk Oozes B3's Draw step
Phase: Ai(1)-Slurrk Oozes B3's Main phase, precombat
Land: Ai(1)-Slurrk Oozes B3 played Forest (34)
Phase: Ai(1)-Slurrk Oozes B3's Beginning of Combat Step
Phase: Ai(1)-Slurrk Oozes B3's Declare Attackers Step
Phase: Ai(1)-Slurrk Oozes B3's Declare Blockers Step
Phase: Ai(1)-Slurrk Oozes B3's First Strike Damage Step
Phase: Ai(1)-Slurrk Oozes B3's Combat Damage Step
Phase: Ai(1)-Slurrk Oozes B3's End of Combat Step
Phase: Ai(1)-Slurrk Oozes B3's Main phase, postcombat
Mana: Forest (34) - {T}: Add {G}.
Add To Stack: Ai(1)-Slurrk Oozes B3 cast Hardened Scales
Resolve Stack: Hardened Scales
Phase: Ai(1)-Slurrk Oozes B3's End step
Phase: Ai(1)-Slurrk Oozes B3's Cleanup step
Turn: Turn 2 (Ai(2)-Kambal Taxes B3)
Phase: Ai(2)-Kambal Taxes B3's Untap step
Phase: Ai(2)-Kambal Taxes B3's Upkeep step
Phase: Ai(2)-Kambal Taxes B3's Draw step
Phase: Ai(2)-Kambal Taxes B3's Main phase, precombat
Land: Ai(2)-Kambal Taxes B3 played Plains (158)
Phase: Ai(2)-Kambal Taxes B3's Beginning of Combat Step
Phase: Ai(2)-Kambal Taxes B3's Declare Attackers Step
Phase: Ai(2)-Kambal Taxes B3's Declare Blockers Step
Phase: Ai(2)-Kambal Taxes B3's First Strike Damage Step
Phase: Ai(2)-Kambal Taxes B3's Combat Damage Step
Phase: Ai(2)-Kambal Taxes B3's End of Combat Step
Phase: Ai(2)-Kambal Taxes B3's Main phase, postcombat
Phase: Ai(2)-Kambal Taxes B3's End step
Phase: Ai(2)-Kambal Taxes B3's Cleanup step
Turn: Turn 3 (Ai(3)-Kilo Helm Final)
Phase: Ai(3)-Kilo Helm Final's Untap step
Phase: Ai(3)-Kilo Helm Final's Upkeep step
Phase: Ai(3)-Kilo Helm Final's Draw step
Phase: Ai(3)-Kilo Helm Final's Main phase, precombat
Replacement Effect: This land enters tapped.
Land: Ai(3)-Kilo Helm Final played Uthros, Titanic Godcore (240)
Phase: Ai(3)-Kilo Helm Final's Beginning of Combat Step
Phase: Ai(3)-Kilo Helm Final's Declare Attackers Step
Phase: Ai(3)-Kilo Helm Final's Declare Blockers Step
Phase: Ai(3)-Kilo Helm Final's First Strike Damage Step
Phase: Ai(3)-Kilo Helm Final's Combat Damage Step
Phase: Ai(3)-Kilo Helm Final's End of Combat Step
Phase: Ai(3)-Kilo Helm Final's Main phase, postcombat
Phase: Ai(3)-Kilo Helm Final's End step
Phase: Ai(3)-Kilo Helm Final's Cleanup step
Turn: Turn 4 (Ai(4)-Nekusar Punisher B3)
Phase: Ai(4)-Nekusar Punisher B3's Untap step
Phase: Ai(4)-Nekusar Punisher B3's Upkeep step
Phase: Ai(4)-Nekusar Punisher B3's Draw step
Phase: Ai(4)-Nekusar Punisher B3's Main phase, precombat
Land: Ai(4)-Nekusar Punisher B3 played Island (362)
Phase: Ai(4)-Nekusar Punisher B3's Beginning of Combat Step
Phase: Ai(4)-Nekusar Punisher B3's Declare Attackers Step
Phase: Ai(4)-Nekusar Punisher B3's Declare Blockers Step
Phase: Ai(4)-Nekusar Punisher B3's First Strike Damage Step
Phase: Ai(4)-Nekusar Punisher B3's Combat Damage Step
Phase: Ai(4)-Nekusar Punisher B3's End of Combat Step
Phase: Ai(4)-Nekusar Punisher B3's Main phase, postcombat
Phase: Ai(4)-Nekusar Punisher B3's End step
Phase: Ai(4)-Nekusar Punisher B3's Cleanup step
Turn: Turn 5 (Ai(1)-Slurrk Oozes B3)
Phase: Ai(1)-Slurrk Oozes B3's Untap step
Phase: Ai(1)-Slurrk Oozes B3's Upkeep step
Phase: Ai(1)-Slurrk Oozes B3's Draw step
Phase: Ai(1)-Slurrk Oozes B3's Main phase, precombat
Land: Ai(1)-Slurrk Oozes B3 played Forest (49)
Phase: Ai(1)-Slurrk Oozes B3's Beginning of Combat Step
Phase: Ai(1)-Slurrk Oozes B3's Declare Attackers Step
Phase: Ai(1)-Slurrk Oozes B3's Declare Blockers Step
Phase: Ai(1)-Slurrk Oozes B3's First Strike Damage Step
Phase: Ai(1)-Slurrk Oozes B3's Combat Damage Step
Phase: Ai(1)-Slurrk Oozes B3's End of Combat Step
Phase: Ai(1)-Slurrk Oozes B3's Main phase, postcombat
Mana: Forest (34) - {T}: Add {G}.
Mana: Forest (49) - {T}: Add {G}.
Add To Stack: Ai(1)-Slurrk Oozes B3 cast Corrosive Ooze
Resolve Stack: Corrosive Ooze - Creature 2 / 2
Phase: Ai(1)-Slurrk Oozes B3's End step
Phase: Ai(1)-Slurrk Oozes B3's Cleanup step
Turn: Turn 6 (Ai(2)-Kambal Taxes B3)
Phase: Ai(2)-Kambal Taxes B3's Untap step
Phase: Ai(2)-Kambal Taxes B3's Upkeep step
Phase: Ai(2)-Kambal Taxes B3's Draw step
Phase: Ai(2)-Kambal Taxes B3's Main phase, precombat
Replacement Effect: Temple of Silence enters tapped.
Land: Ai(2)-Kambal Taxes B3 played Temple of Silence (171)
Add To Stack: Ai(2)-Kambal Taxes B3 triggered Temple of Silence
Resolve Stack: Ai(2)-Kambal Taxes B3 scried 1 card(s) to the bottom of the library
Resolve Stack: When Temple of Silence enters, scry 1. [Zone Changer: Temple of Silence (171)]
Phase: Ai(2)-Kambal Taxes B3's Beginning of Combat Step
Phase: Ai(2)-Kambal Taxes B3's Declare Attackers Step
Phase: Ai(2)-Kambal Taxes B3's Declare Blockers Step
Phase: Ai(2)-Kambal Taxes B3's First Strike Damage Step
Phase: Ai(2)-Kambal Taxes B3's Combat Damage Step
Phase: Ai(2)-Kambal Taxes B3's End of Combat Step
Phase: Ai(2)-Kambal Taxes B3's Main phase, postcombat
Phase: Ai(2)-Kambal Taxes B3's End step
Phase: Ai(2)-Kambal Taxes B3's Cleanup step
Turn: Turn 7 (Ai(3)-Kilo Helm Final)
Phase: Ai(3)-Kilo Helm Final's Untap step
Phase: Ai(3)-Kilo Helm Final's Upkeep step
Phase: Ai(3)-Kilo Helm Final's Draw step
Phase: Ai(3)-Kilo Helm Final's Main phase, precombat
Land: Ai(3)-Kilo Helm Final played Island (264)
Mana: Plains (158) - {T}: Add {W}.
Add To Stack: Ai(2)-Kambal Taxes B3 cast Swords to Plowshares targeting [Corrosive Ooze (63)]
Zone Change: Corrosive Ooze (63) was put into Exile from Battlefield.
Life: Life: Ai(1)-Slurrk Oozes B3 40 > 42
Resolve Stack: Swords to Plowshares (141) - Exile Corrosive Ooze (63). Ai(1)-Slurrk Oozes B3 gains life equal to its power.
Phase: Ai(3)-Kilo Helm Final's Beginning of Combat Step
Phase: Ai(3)-Kilo Helm Final's Declare Attackers Step
Phase: Ai(3)-Kilo Helm Final's Declare Blockers Step
Phase: Ai(3)-Kilo Helm Final's First Strike Damage Step
Phase: Ai(3)-Kilo Helm Final's Combat Damage Step
Phase: Ai(3)-Kilo Helm Final's End of Combat Step
Phase: Ai(3)-Kilo Helm Final's Main phase, postcombat
Phase: Ai(3)-Kilo Helm Final's End step
Phase: Ai(3)-Kilo Helm Final's Cleanup step
Turn: Turn 8 (Ai(4)-Nekusar Punisher B3)
Phase: Ai(4)-Nekusar Punisher B3's Untap step
Phase: Ai(4)-Nekusar Punisher B3's Upkeep step
Phase: Ai(4)-Nekusar Punisher B3's Draw step
Phase: Ai(4)-Nekusar Punisher B3's Main phase, precombat
Land: Ai(4)-Nekusar Punisher B3 played Swamp (397)
Phase: Ai(4)-Nekusar Punisher B3's Beginning of Combat Step
Phase: Ai(4)-Nekusar Punisher B3's Declare Attackers Step
Phase: Ai(4)-Nekusar Punisher B3's Declare Blockers Step
Phase: Ai(4)-Nekusar Punisher B3's First Strike Damage Step
Phase: Ai(4)-Nekusar Punisher B3's Combat Damage Step
Phase: Ai(4)-Nekusar Punisher B3's End of Combat Step
Phase: Ai(4)-Nekusar Punisher B3's Main phase, postcombat
Phase: Ai(4)-Nekusar Punisher B3's End step
Phase: Ai(4)-Nekusar Punisher B3's Cleanup step
Turn: Turn 9 (Ai(1)-Slurrk Oozes B3)
Phase: Ai(1)-Slurrk Oozes B3's Untap step
Phase: Ai(1)-Slurrk Oozes B3's Upkeep step
Phase: Ai(1)-Slurrk Oozes B3's Draw step
Phase: Ai(1)-Slurrk Oozes B3's Main phase, precombat
Land: Ai(1)-Slurrk Oozes B3 played Forest (53)
Phase: Ai(1)-Slurrk Oozes B3's Beginning of Combat Step
Phase: Ai(1)-Slurrk Oozes B3's Declare Attackers Step
Phase: Ai(1)-Slurrk Oozes B3's Declare Blockers Step
Phase: Ai(1)-Slurrk Oozes B3's First Strike Damage Step
Phase: Ai(1)-Slurrk Oozes B3's Combat Damage Step
Phase: Ai(1)-Slurrk Oozes B3's End of Combat Step
Phase: Ai(1)-Slurrk Oozes B3's Main phase, postcombat
Mana: Forest (34) - {T}: Add {G}.
Mana: Forest (49) - {T}: Add {G}.
Mana: Forest (53) - {T}: Add {G}.
Add To Stack: Ai(1)-Slurrk Oozes B3 cast Cultivate
Resolve Stack: Cultivate (21) - Search your library for up to two basic land cards, reveal those cards, put one onto the battlefield tapped and the other into your hand, then shuffle.   
Phase: Ai(1)-Slurrk Oozes B3's End step
Phase: Ai(1)-Slurrk Oozes B3's Cleanup step
Turn: Turn 10 (Ai(2)-Kambal Taxes B3)
Phase: Ai(2)-Kambal Taxes B3's Untap step
Phase: Ai(2)-Kambal Taxes B3's Upkeep step
Phase: Ai(2)-Kambal Taxes B3's Draw step
Phase: Ai(2)-Kambal Taxes B3's Main phase, precombat
Land: Ai(2)-Kambal Taxes B3 played Swamp (182)
Phase: Ai(2)-Kambal Taxes B3's Beginning of Combat Step
Phase: Ai(2)-Kambal Taxes B3's Declare Attackers Step
Phase: Ai(2)-Kambal Taxes B3's Declare Blockers Step
Phase: Ai(2)-Kambal Taxes B3's First Strike Damage Step
Phase: Ai(2)-Kambal Taxes B3's Combat Damage Step
Phase: Ai(2)-Kambal Taxes B3's End of Combat Step
Phase: Ai(2)-Kambal Taxes B3's Main phase, postcombat
Mana: Plains (158) - {T}: Add {W}.
Mana: Swamp (182) - {T}: Add {B}.
Mana: Temple of Silence (171) - {T}: Add {W} or {B}.
Add To Stack: Ai(2)-Kambal Taxes B3 cast Kambal, Consul of Allocation
Resolve Stack: Kambal, Consul of Allocation - Creature 2 / 3
Phase: Ai(2)-Kambal Taxes B3's End step
Phase: Ai(2)-Kambal Taxes B3's Cleanup step
Turn: Turn 11 (Ai(3)-Kilo Helm Final)
Phase: Ai(3)-Kilo Helm Final's Untap step
Phase: Ai(3)-Kilo Helm Final's Upkeep step
Phase: Ai(3)-Kilo Helm Final's Draw step
Phase: Ai(3)-Kilo Helm Final's Main phase, precombat
Phase: Ai(3)-Kilo Helm Final's Beginning of Combat Step
Phase: Ai(3)-Kilo Helm Final's Declare Attackers Step
Phase: Ai(3)-Kilo Helm Final's Declare Blockers Step
Phase: Ai(3)-Kilo Helm Final's First Strike Damage Step
Phase: Ai(3)-Kilo Helm Final's Combat Damage Step
Phase: Ai(3)-Kilo Helm Final's End of Combat Step
Phase: Ai(3)-Kilo Helm Final's Main phase, postcombat
Phase: Ai(3)-Kilo Helm Final's End step
Phase: Ai(3)-Kilo Helm Final's Cleanup step
Discard: Ai(3)-Kilo Helm Final discards Threefold Thunderhulk (282).
Turn: Turn 12 (Ai(4)-Nekusar Punisher B3)
Phase: Ai(4)-Nekusar Punisher B3's Untap step
Phase: Ai(4)-Nekusar Punisher B3's Upkeep step
Phase: Ai(4)-Nekusar Punisher B3's Draw step
Phase: Ai(4)-Nekusar Punisher B3's Main phase, precombat
Land: Ai(4)-Nekusar Punisher B3 played Island (355)
Phase: Ai(4)-Nekusar Punisher B3's Beginning of Combat Step
Phase: Ai(4)-Nekusar Punisher B3's Declare Attackers Step
Phase: Ai(4)-Nekusar Punisher B3's Declare Blockers Step
Phase: Ai(4)-Nekusar Punisher B3's First Strike Damage Step
Phase: Ai(4)-Nekusar Punisher B3's Combat Damage Step
Phase: Ai(4)-Nekusar Punisher B3's End of Combat Step
Phase: Ai(4)-Nekusar Punisher B3's Main phase, postcombat
Mana: Swamp (397) - {T}: Add {B}.
Mana: Island (362) - {T}: Add {U}.
Mana: Island (355) - {T}: Add {U}.
Add To Stack: Ai(4)-Nekusar Punisher B3 cast Commander's Sphere
Add To Stack: Ai(2)-Kambal Taxes B3 triggered Kambal, Consul of Allocation
Life: Life: Ai(4)-Nekusar Punisher B3 40 > 38
Life: Life: Ai(2)-Kambal Taxes B3 40 > 42
Resolve Stack: Whenever an opponent casts a noncreature spell, that player loses 2 life and you gain 2 life. [Card: Commander's Sphere (323), Activator: Ai(4)-Nekusar Punisher B3, SpellAbility: Commander's Sphere]
Resolve Stack: Commander's Sphere
Phase: Ai(4)-Nekusar Punisher B3's End step
Phase: Ai(4)-Nekusar Punisher B3's Cleanup step
Turn: Turn 13 (Ai(1)-Slurrk Oozes B3)
Phase: Ai(1)-Slurrk Oozes B3's Untap step
Phase: Ai(1)-Slurrk Oozes B3's Upkeep step
Phase: Ai(1)-Slurrk Oozes B3's Draw step
Phase: Ai(1)-Slurrk Oozes B3's Main phase, precombat
Land: Ai(1)-Slurrk Oozes B3 played Swamp (82)
Phase: Ai(1)-Slurrk Oozes B3's Beginning of Combat Step
Phase: Ai(1)-Slurrk Oozes B3's Declare Attackers Step
Phase: Ai(1)-Slurrk Oozes B3's Declare Blockers Step
Phase: Ai(1)-Slurrk Oozes B3's First Strike Damage Step
Phase: Ai(1)-Slurrk Oozes B3's Combat Damage Step
Phase: Ai(1)-Slurrk Oozes B3's End of Combat Step
Phase: Ai(1)-Slurrk Oozes B3's Main phase, postcombat
Phase: Ai(1)-Slurrk Oozes B3's End step
Phase: Ai(1)-Slurrk Oozes B3's Cleanup step
Turn: Turn 14 (Ai(2)-Kambal Taxes B3)
Phase: Ai(2)-Kambal Taxes B3's Untap step
Phase: Ai(2)-Kambal Taxes B3's Upkeep step
Phase: Ai(2)-Kambal Taxes B3's Draw step
Phase: Ai(2)-Kambal Taxes B3's Main phase, precombat
Land: Ai(2)-Kambal Taxes B3 played Plains (162)
Phase: Ai(2)-Kambal Taxes B3's Beginning of Combat Step
Phase: Ai(2)-Kambal Taxes B3's Declare Attackers Step
Combat: Ai(2)-Kambal Taxes B3 assigned Kambal, Consul of Allocation (201) to attack Ai(4)-Nekusar Punisher B3.
Phase: Ai(2)-Kambal Taxes B3's Declare Blockers Step
Combat: Ai(4)-Nekusar Punisher B3 didn't block Kambal, Consul of Allocation (201).
Phase: Ai(2)-Kambal Taxes B3's First Strike Damage Step
Phase: Ai(2)-Kambal Taxes B3's Combat Damage Step
Damage: Kambal, Consul of Allocation (201) deals 2 combat damage to Ai(4)-Nekusar Punisher B3.
Life: Life: Ai(4)-Nekusar Punisher B3 38 > 36
Phase: Ai(2)-Kambal Taxes B3's End of Combat Step
Phase: Ai(2)-Kambal Taxes B3's Main phase, postcombat
Mana: Swamp (182) - {T}: Add {B}.
Mana: Plains (158) - {T}: Add {W}.
Add To Stack: Ai(2)-Kambal Taxes B3 cast Zulaport Cutthroat
Resolve Stack: Zulaport Cutthroat - Creature 1 / 1
Phase: Ai(2)-Kambal Taxes B3's End step
Phase: Ai(2)-Kambal Taxes B3's Cleanup step
Turn: Turn 15 (Ai(3)-Kilo Helm Final)
Phase: Ai(3)-Kilo Helm Final's Untap step
Phase: Ai(3)-Kilo Helm Final's Upkeep step
Phase: Ai(3)-Kilo Helm Final's Draw step
Phase: Ai(3)-Kilo Helm Final's Main phase, precombat
Phase: Ai(3)-Kilo Helm Final's Beginning of Combat Step
Phase: Ai(3)-Kilo Helm Final's Declare Attackers Step
Phase: Ai(3)-Kilo Helm Final's Declare Blockers Step
Phase: Ai(3)-Kilo Helm Final's First Strike Damage Step
Phase: Ai(3)-Kilo Helm Final's Combat Damage Step
Phase: Ai(3)-Kilo Helm Final's End of Combat Step
Phase: Ai(3)-Kilo Helm Final's Main phase, postcombat
Phase: Ai(3)-Kilo Helm Final's End step
Phase: Ai(3)-Kilo Helm Final's Cleanup step
Discard: Ai(3)-Kilo Helm Final discards Organic Extinction (283).
Turn: Turn 16 (Ai(4)-Nekusar Punisher B3)
Phase: Ai(4)-Nekusar Punisher B3's Untap step
Phase: Ai(4)-Nekusar Punisher B3's Upkeep step
Phase: Ai(4)-Nekusar Punisher B3's Draw step
Phase: Ai(4)-Nekusar Punisher B3's Main phase, precombat
Mana: Commander's Sphere (323) - {T}: Add one mana of any color in your commander's color identity.
Mana: Swamp (397) - {T}: Add {B}.
Mana: Island (362) - {T}: Add {U}.
Add To Stack: Ai(4)-Nekusar Punisher B3 cast Wheel of Misfortune
Add To Stack: Ai(2)-Kambal Taxes B3 triggered Kambal, Consul of Allocation
Life: Life: Ai(4)-Nekusar Punisher B3 36 > 34
Life: Life: Ai(2)-Kambal Taxes B3 42 > 44
Resolve Stack: Whenever an opponent casts a noncreature spell, that player loses 2 life and you gain 2 life. [Card: Wheel of Misfortune (322), Activator: Ai(4)-Nekusar Punisher B3, SpellAbility: Each player secretly chooses a number 0 or greater, then all players reveal those numbers simultaneously and determine the highest and lowest numbers revealed this way. Wheel of Misfortune deals damage equal to the highest number to each player who chose that number. Each player who didn't choose the lowest number discards their hand, then draws seven cards.]
Discard: Ai(1)-Slurrk Oozes B3 discards Oran-Rief Ooze (61).
Discard: Ai(1)-Slurrk Oozes B3 discards Golgari Signet (12).
Discard: Ai(1)-Slurrk Oozes B3 discards Overwhelming Stampede (23).
Discard: Ai(1)-Slurrk Oozes B3 discards Casualties of War (10).
Discard: Ai(1)-Slurrk Oozes B3 discards Swamp (93).
Discard: Ai(2)-Kambal Taxes B3 discards Painful Quandary (129).
Discard: Ai(2)-Kambal Taxes B3 discards Swamp (183).
Discard: Ai(2)-Kambal Taxes B3 discards Swamp (188).
Discard: Ai(2)-Kambal Taxes B3 discards Plains (157).
Discard: Ai(2)-Kambal Taxes B3 discards Norn's Annex (144).
Discard: Ai(3)-Kilo Helm Final discards Lux Cannon (279).
Discard: Ai(3)-Kilo Helm Final discards Jhoira, Weatherlight Captain (278).
Discard: Ai(3)-Kilo Helm Final discards Dawnsire, Sunstar Dreadnought (214).
Discard: Ai(3)-Kilo Helm Final discards Unwinding Clock (271).
Discard: Ai(3)-Kilo Helm Final discards The Seriema (254).
Discard: Ai(3)-Kilo Helm Final discards Resourceful Defense (276).
Discard: Ai(3)-Kilo Helm Final discards Tezzeret's Gambit (285).
Damage: Wheel of Misfortune (322) deals 10 non-combat damage to Ai(2)-Kambal Taxes B3.
Life: Life: Ai(2)-Kambal Taxes B3 44 > 34
Damage: Wheel of Misfortune (322) deals 10 non-combat damage to Ai(3)-Kilo Helm Final.
Life: Life: Ai(3)-Kilo Helm Final 40 > 30
Resolve Stack: Wheel of Misfortune (322) - Each player secretly chooses a number 0 or greater, then all players reveal those numbers simultaneously and determine the highest and lowest numbers revealed this way. Wheel of Misfortune deals damage equal to the highest number to each player who chose that number. Each player who didn't choose the lowest number discards their hand, then draws seven cards.
Phase: Ai(4)-Nekusar Punisher B3's Beginning of Combat Step
Phase: Ai(4)-Nekusar Punisher B3's Declare Attackers Step
Phase: Ai(4)-Nekusar Punisher B3's Declare Blockers Step
Phase: Ai(4)-Nekusar Punisher B3's First Strike Damage Step
Phase: Ai(4)-Nekusar Punisher B3's Combat Damage Step
Phase: Ai(4)-Nekusar Punisher B3's End of Combat Step
Phase: Ai(4)-Nekusar Punisher B3's Main phase, postcombat
Phase: Ai(4)-Nekusar Punisher B3's End step
Phase: Ai(4)-Nekusar Punisher B3's Cleanup step
Turn: Turn 17 (Ai(1)-Slurrk Oozes B3)
Phase: Ai(1)-Slurrk Oozes B3's Untap step
Phase: Ai(1)-Slurrk Oozes B3's Upkeep step
Phase: Ai(1)-Slurrk Oozes B3's Draw step
Phase: Ai(1)-Slurrk Oozes B3's Main phase, precombat
Replacement Effect: Woodland Cemetery enters tapped unless you control a Swamp or a Forest.
Land: Ai(1)-Slurrk Oozes B3 played Woodland Cemetery (72)
Mana: Forest (34) - {T}: Add {G}.
Mana: Swamp (85) - {T}: Add {B}.
Add To Stack: Ai(1)-Slurrk Oozes B3 cast Farseek
Add To Stack: Ai(2)-Kambal Taxes B3 triggered Kambal, Consul of Allocation
Life: Life: Ai(1)-Slurrk Oozes B3 42 > 40
Life: Life: Ai(2)-Kambal Taxes B3 34 > 36
Resolve Stack: Whenever an opponent casts a noncreature spell, that player loses 2 life and you gain 2 life. [Card: Farseek (62), Activator: Ai(1)-Slurrk Oozes B3, SpellAbility: Search your library for a Plains, Island, Swamp, or Mountain card, put it onto the battlefield tapped, then shuffle.]
Replacement Effect: As Overgrown Tomb enters, you may pay 2 life. If you don't, it enters tapped.
Resolve Stack: Farseek (62) - Ai(1)-Slurrk Oozes B3 searches their library for a Plains, Island, Swamp or Mountain card, puts it onto the battlefield tapped, then shuffles.
Phase: Ai(1)-Slurrk Oozes B3's Beginning of Combat Step
Phase: Ai(1)-Slurrk Oozes B3's Declare Attackers Step
Phase: Ai(1)-Slurrk Oozes B3's Declare Blockers Step
Phase: Ai(1)-Slurrk Oozes B3's First Strike Damage Step
Phase: Ai(1)-Slurrk Oozes B3's Combat Damage Step
Phase: Ai(1)-Slurrk Oozes B3's End of Combat Step
Phase: Ai(1)-Slurrk Oozes B3's Main phase, postcombat
Mana: Swamp (82) - {T}: Add {B}.
Add To Stack: Ai(1)-Slurrk Oozes B3 cast Sol Ring
Add To Stack: Ai(2)-Kambal Taxes B3 triggered Kambal, Consul of Allocation
Life: Life: Ai(1)-Slurrk Oozes B3 40 > 38
Life: Life: Ai(2)-Kambal Taxes B3 36 > 38
Resolve Stack: Whenever an opponent casts a noncreature spell, that player loses 2 life and you gain 2 life. [Card: Sol Ring (11), Activator: Ai(1)-Slurrk Oozes B3, SpellAbility: Sol Ring]
Resolve Stack: Sol Ring
Phase: Ai(1)-Slurrk Oozes B3's End step
Phase: Ai(1)-Slurrk Oozes B3's Cleanup step
Turn: Turn 18 (Ai(2)-Kambal Taxes B3)
Phase: Ai(2)-Kambal Taxes B3's Untap step
Phase: Ai(2)-Kambal Taxes B3's Upkeep step
Phase: Ai(2)-Kambal Taxes B3's Draw step
Phase: Ai(2)-Kambal Taxes B3's Main phase, precombat
Phase: Ai(2)-Kambal Taxes B3's Beginning of Combat Step
Phase: Ai(2)-Kambal Taxes B3's Declare Attackers Step
Combat: Ai(2)-Kambal Taxes B3 assigned Kambal, Consul of Allocation (201) and Zulaport Cutthroat (123) to attack Ai(1)-Slurrk Oozes B3.
Phase: Ai(2)-Kambal Taxes B3's Declare Blockers Step
Combat: Ai(1)-Slurrk Oozes B3 didn't block Kambal, Consul of Allocation (201).
Ai(1)-Slurrk Oozes B3 didn't block Zulaport Cutthroat (123).
Phase: Ai(2)-Kambal Taxes B3's First Strike Damage Step
Phase: Ai(2)-Kambal Taxes B3's Combat Damage Step
Damage: Kambal, Consul of Allocation (201) deals 2 combat damage to Ai(1)-Slurrk Oozes B3.
Damage: Zulaport Cutthroat (123) deals 1 combat damage to Ai(1)-Slurrk Oozes B3.
Life: Life: Ai(1)-Slurrk Oozes B3 38 > 35
Phase: Ai(2)-Kambal Taxes B3's End of Combat Step
Phase: Ai(2)-Kambal Taxes B3's Main phase, postcombat
Replacement Effect: Orzhov Basilica enters tapped.
Land: Ai(2)-Kambal Taxes B3 played Orzhov Basilica (131)
Add To Stack: Ai(2)-Kambal Taxes B3 triggered Orzhov Basilica
Resolve Stack: When Orzhov Basilica enters, return a land you control to its owner's hand. [Zone Changer: Orzhov Basilica (131)]
Mana: Swamp (182) - {T}: Add {B}.
Mana: Temple of Silence (171) - {T}: Add {W} or {B}.
Mana: Plains (162) - {T}: Add {W}.
Add To Stack: Ai(2)-Kambal Taxes B3 cast Exsanguinate
Life: Life: Ai(3)-Kilo Helm Final 30 > 29
Life: Life: Ai(4)-Nekusar Punisher B3 34 > 33
Life: Life: Ai(1)-Slurrk Oozes B3 35 > 34
Life: Life: Ai(2)-Kambal Taxes B3 38 > 41
Resolve Stack: Exsanguinate (118) - Ai(3)-Kilo Helm Final, Ai(4)-Nekusar Punisher B3 and Ai(1)-Slurrk Oozes B3 each lose life equal to the life lost this way. You gain life equal to the life lost this way. (X=1)
Phase: Ai(2)-Kambal Taxes B3's End step
Phase: Ai(2)-Kambal Taxes B3's Cleanup step
Turn: Turn 19 (Ai(3)-Kilo Helm Final)
Phase: Ai(3)-Kilo Helm Final's Untap step
Phase: Ai(3)-Kilo Helm Final's Upkeep step
Phase: Ai(3)-Kilo Helm Final's Draw step
Phase: Ai(3)-Kilo Helm Final's Main phase, precombat
Land: Ai(3)-Kilo Helm Final played Adarkar Wastes (299)
Phase: Ai(3)-Kilo Helm Final's Beginning of Combat Step
Phase: Ai(3)-Kilo Helm Final's Declare Attackers Step
Phase: Ai(3)-Kilo Helm Final's Declare Blockers Step
Phase: Ai(3)-Kilo Helm Final's First Strike Damage Step
Phase: Ai(3)-Kilo Helm Final's Combat Damage Step
Phase: Ai(3)-Kilo Helm Final's End of Combat Step
Phase: Ai(3)-Kilo Helm Final's Main phase, postcombat
Mana: Island (264) - {T}: Add {U}.
Mana: Adarkar Wastes (299) - {T}: Add {C}.
Mana: Uthros, Titanic Godcore (240) - {T}: Add {U}.
Add To Stack: Ai(3)-Kilo Helm Final cast Solar Array
Add To Stack: Ai(2)-Kambal Taxes B3 triggered Kambal, Consul of Allocation
Life: Life: Ai(3)-Kilo Helm Final 29 > 27
Life: Life: Ai(2)-Kambal Taxes B3 41 > 43
Resolve Stack: Whenever an opponent casts a noncreature spell, that player loses 2 life and you gain 2 life. [Card: Solar Array (245), Activator: Ai(3)-Kilo Helm Final, SpellAbility: Solar Array]
Resolve Stack: Solar Array
Mana: Solar Array (245) - {T}: Add one mana of any color. When you next cast an artifact spell this turn, that spell gains sunburst. (If it's a creature, it enters with a +1/+1 counter on it for each color of mana spent to cast it. Otherwise, it enters with that many charge counters on it.) 
Add To Stack: Ai(3)-Kilo Helm Final cast Enlightened Tutor
Add To Stack: Ai(2)-Kambal Taxes B3 triggered Kambal, Consul of Allocation
Life: Life: Ai(3)-Kilo Helm Final 27 > 25
Life: Life: Ai(2)-Kambal Taxes B3 43 > 45
Resolve Stack: Whenever an opponent casts a noncreature spell, that player loses 2 life and you gain 2 life. [Card: Enlightened Tutor (268), Activator: Ai(3)-Kilo Helm Final, SpellAbility: Search your library for an artifact or enchantment card, reveal it, then shuffle and put that card on top.]
Resolve Stack: Enlightened Tutor (268) - Ai(3)-Kilo Helm Final searches their library for an artifact or enchantment card, reveals it, puts it , then shuffles.
Phase: Ai(3)-Kilo Helm Final's End step
Phase: Ai(3)-Kilo Helm Final's Cleanup step
Turn: Turn 20 (Ai(4)-Nekusar Punisher B3)
Phase: Ai(4)-Nekusar Punisher B3's Untap step
Phase: Ai(4)-Nekusar Punisher B3's Upkeep step
Phase: Ai(4)-Nekusar Punisher B3's Draw step
Phase: Ai(4)-Nekusar Punisher B3's Main phase, precombat
Phase: Ai(4)-Nekusar Punisher B3's Beginning of Combat Step
Phase: Ai(4)-Nekusar Punisher B3's Declare Attackers Step
Phase: Ai(4)-Nekusar Punisher B3's Declare Blockers Step
Phase: Ai(4)-Nekusar Punisher B3's First Strike Damage Step
Phase: Ai(4)-Nekusar Punisher B3's Combat Damage Step
Phase: Ai(4)-Nekusar Punisher B3's End of Combat Step
Phase: Ai(4)-Nekusar Punisher B3's Main phase, postcombat
Mana: Swamp (397) - {T}: Add {B}.
Mana: Island (362) - {T}: Add {U}.
Mana: Island (355) - {T}: Add {U}.
Mana: Commander's Sphere (323) - {T}: Add one mana of any color in your commander's color identity.
Add To Stack: Ai(4)-Nekusar Punisher B3 cast Viseling
Resolve Stack: Viseling - Creature 2 / 2
Phase: Ai(4)-Nekusar Punisher B3's End step
Phase: Ai(4)-Nekusar Punisher B3's Cleanup step
Turn: Turn 21 (Ai(1)-Slurrk Oozes B3)
Phase: Ai(1)-Slurrk Oozes B3's Untap step
Phase: Ai(1)-Slurrk Oozes B3's Upkeep step
Add To Stack: Ai(4)-Nekusar Punisher B3 triggered Viseling
Damage: Viseling (306) deals 1 non-combat damage to Ai(1)-Slurrk Oozes B3.
Life: Life: Ai(1)-Slurrk Oozes B3 34 > 33
Resolve Stack: At the beginning of each opponent's upkeep, Viseling deals X damage to that player, where X is the number of cards in their hand minus 4. [Phase: Ai(1)-Slurrk Oozes B3]
Phase: Ai(1)-Slurrk Oozes B3's Draw step
Phase: Ai(1)-Slurrk Oozes B3's Main phase, precombat
Land: Ai(1)-Slurrk Oozes B3 played Swamp (83)
Phase: Ai(1)-Slurrk Oozes B3's Beginning of Combat Step
Phase: Ai(1)-Slurrk Oozes B3's Declare Attackers Step
Phase: Ai(1)-Slurrk Oozes B3's Declare Blockers Step
Phase: Ai(1)-Slurrk Oozes B3's First Strike Damage Step
Phase: Ai(1)-Slurrk Oozes B3's Combat Damage Step
Phase: Ai(1)-Slurrk Oozes B3's End of Combat Step
Phase: Ai(1)-Slurrk Oozes B3's Main phase, postcombat
Mana: Forest (34) - {T}: Add {G}.
Mana: Sol Ring (11) - {T}: Add {C}{C}.
Mana: Swamp (85) - {T}: Add {B}.
Mana: Swamp (82) - {T}: Add {B}.
Mana: Swamp (83) - {T}: Add {B}.
Add To Stack: Ai(1)-Slurrk Oozes B3 cast Slurrk, All-Ingesting
Replacement Effect: Slurrk, All-Ingesting enters with five +1/+1 counters on it.
Replacement Effect: If one or more +1/+1 counters would be put on a creature you control, that many plus one +1/+1 counters are put on it instead.
Resolve Stack: Slurrk, All-Ingesting - Creature 0 / 0
Mana: Forest (49) - {T}: Add {G}.
Mana: Forest (53) - {T}: Add {G}.
Mana: Woodland Cemetery (72) - {T}: Add {B} or {G}.
Mana: Overgrown Tomb (77) - {T}: Add {G}.
Add To Stack: Ai(1)-Slurrk Oozes B3 cast Slippery Bogbonder
Resolve Stack: Slippery Bogbonder - Creature 3 / 3
Add To Stack: Ai(1)-Slurrk Oozes B3 triggered Slippery Bogbonder targeting [Slurrk, All-Ingesting (100)]
Resolve Stack: When Slippery Bogbonder enters, put a hexproof counter on target creature. Then move any number of counters from among creatures you control onto that creature. (Targeting: [[Slurrk, All-Ingesting (100)]]) [Zone Changer: Slippery Bogbonder (16)]
Phase: Ai(1)-Slurrk Oozes B3's End step
Phase: Ai(1)-Slurrk Oozes B3's Cleanup step
Turn: Turn 22 (Ai(2)-Kambal Taxes B3)
Phase: Ai(2)-Kambal Taxes B3's Untap step
Phase: Ai(2)-Kambal Taxes B3's Upkeep step
Add To Stack: Ai(4)-Nekusar Punisher B3 triggered Viseling
Damage: Viseling (306) deals 3 non-combat damage to Ai(2)-Kambal Taxes B3.
Life: Life: Ai(2)-Kambal Taxes B3 45 > 42
Resolve Stack: At the beginning of each opponent's upkeep, Viseling deals X damage to that player, where X is the number of cards in their hand minus 4. [Phase: Ai(2)-Kambal Taxes B3]
Phase: Ai(2)-Kambal Taxes B3's Draw step
Phase: Ai(2)-Kambal Taxes B3's Main phase, precombat
Phase: Ai(2)-Kambal Taxes B3's Beginning of Combat Step
Phase: Ai(2)-Kambal Taxes B3's Declare Attackers Step
Phase: Ai(2)-Kambal Taxes B3's Declare Blockers Step
Phase: Ai(2)-Kambal Taxes B3's First Strike Damage Step
Phase: Ai(2)-Kambal Taxes B3's Combat Damage Step
Phase: Ai(2)-Kambal Taxes B3's End of Combat Step
Phase: Ai(2)-Kambal Taxes B3's Main phase, postcombat
Land: Ai(2)-Kambal Taxes B3 played Plains (152)
Mana: Swamp (182) - {T}: Add {B}.
Mana: Temple of Silence (171) - {T}: Add {W} or {B}.
Mana: Plains (162) - {T}: Add {W}.
Mana: Plains (152) - {T}: Add {W}.
Add To Stack: Ai(2)-Kambal Taxes B3 cast Twilight Prophet
Resolve Stack: Twilight Prophet - Creature 2 / 4
Phase: Ai(2)-Kambal Taxes B3's End step
Phase: Ai(2)-Kambal Taxes B3's Cleanup step
Turn: Turn 23 (Ai(3)-Kilo Helm Final)
Phase: Ai(3)-Kilo Helm Final's Untap step
Phase: Ai(3)-Kilo Helm Final's Upkeep step
Add To Stack: Ai(4)-Nekusar Punisher B3 triggered Viseling
Damage: Viseling (306) deals 1 non-combat damage to Ai(3)-Kilo Helm Final.
Life: Life: Ai(3)-Kilo Helm Final 25 > 24
Resolve Stack: At the beginning of each opponent's upkeep, Viseling deals X damage to that player, where X is the number of cards in their hand minus 4. [Phase: Ai(3)-Kilo Helm Final]
Phase: Ai(3)-Kilo Helm Final's Draw step
Phase: Ai(3)-Kilo Helm Final's Main phase, precombat
Land: Ai(3)-Kilo Helm Final played The Mycosynth Gardens (263)
Mana: Solar Array (245) - {T}: Add one mana of any color. When you next cast an artifact spell this turn, that spell gains sunburst. (If it's a creature, it enters with a +1/+1 counter on it for each color of mana spent to cast it. Otherwise, it enters with that many charge counters on it.) 
Damage: Adarkar Wastes (299) deals 1 non-combat damage to Ai(3)-Kilo Helm Final.
Life: Life: Ai(3)-Kilo Helm Final 24 > 23
Mana: Adarkar Wastes (299) - {T}: Add {W} or {U}. Adarkar Wastes deals 1 damage to you. 
Mana: Island (264) - {T}: Add {U}.
Add To Stack: Ai(3)-Kilo Helm Final cast Kilo, Apogee Mind
Add To Stack: Ai(3)-Kilo Helm Final triggered Solar Array (245)'s Effect
Resolve Stack: When you next cast an artifact spell this turn, that spell gains sunburst. (If it's a creature, it enters with a +1/+1 counter on it for each color of mana spent to cast it. Otherwise, it enters with that many charge counters on it.) [Card: Kilo, Apogee Mind (302), Activator: Ai(3)-Kilo Helm Final, SpellAbility: Kilo, Apogee Mind - Creature 3 / 3]
Replacement Effect: Sunburst (This enters with either a +1/+1 or charge counter on it for each color of mana spent to cast it based on whether it's a creature.)
Resolve Stack: Kilo, Apogee Mind - Creature 3 / 3
Phase: Ai(3)-Kilo Helm Final's Beginning of Combat Step
Phase: Ai(3)-Kilo Helm Final's Declare Attackers Step
Phase: Ai(3)-Kilo Helm Final's Declare Blockers Step
Phase: Ai(3)-Kilo Helm Final's First Strike Damage Step
Phase: Ai(3)-Kilo Helm Final's Combat Damage Step
Phase: Ai(3)-Kilo Helm Final's End of Combat Step
Phase: Ai(3)-Kilo Helm Final's Main phase, postcombat
Mana: Uthros, Titanic Godcore (240) - {T}: Add {U}.
Mana: The Mycosynth Gardens (263) - {T}: Add {C}.
Add To Stack: Ai(3)-Kilo Helm Final cast Steel Overseer
Resolve Stack: Steel Overseer - Creature 1 / 1
Phase: Ai(3)-Kilo Helm Final's End step
Phase: Ai(3)-Kilo Helm Final's Cleanup step
Turn: Turn 24 (Ai(4)-Nekusar Punisher B3)
Phase: Ai(4)-Nekusar Punisher B3's Untap step
Phase: Ai(4)-Nekusar Punisher B3's Upkeep step
Phase: Ai(4)-Nekusar Punisher B3's Draw step
Phase: Ai(4)-Nekusar Punisher B3's Main phase, precombat
Phase: Ai(4)-Nekusar Punisher B3's Beginning of Combat Step
Phase: Ai(4)-Nekusar Punisher B3's Declare Attackers Step
Phase: Ai(4)-Nekusar Punisher B3's Declare Blockers Step
Phase: Ai(4)-Nekusar Punisher B3's First Strike Damage Step
Phase: Ai(4)-Nekusar Punisher B3's Combat Damage Step
Phase: Ai(4)-Nekusar Punisher B3's End of Combat Step
Phase: Ai(4)-Nekusar Punisher B3's Main phase, postcombat
Mana: Swamp (397) - {T}: Add {B}.
Mana: Island (362) - {T}: Add {U}.
Mana: Island (355) - {T}: Add {U}.
Mana: Commander's Sphere (323) - {T}: Add one mana of any color in your commander's color identity.
Add To Stack: Ai(4)-Nekusar Punisher B3 cast Teferi's Puzzle Box
Add To Stack: Ai(2)-Kambal Taxes B3 triggered Kambal, Consul of Allocation
Life: Life: Ai(4)-Nekusar Punisher B3 33 > 31
Life: Life: Ai(2)-Kambal Taxes B3 42 > 44
Resolve Stack: Whenever an opponent casts a noncreature spell, that player loses 2 life and you gain 2 life. [Card: Teferi's Puzzle Box (338), Activator: Ai(4)-Nekusar Punisher B3, SpellAbility: Teferi's Puzzle Box]
Resolve Stack: Teferi's Puzzle Box
Phase: Ai(4)-Nekusar Punisher B3's End step
Phase: Ai(4)-Nekusar Punisher B3's Cleanup step
Turn: Turn 25 (Ai(1)-Slurrk Oozes B3)
Phase: Ai(1)-Slurrk Oozes B3's Untap step
Phase: Ai(1)-Slurrk Oozes B3's Upkeep step
Add To Stack: Ai(4)-Nekusar Punisher B3 triggered Viseling
Mana: Forest (34) - {T}: Add {G}.
Mana: Forest (49) - {T}: Add {G}.
Mana: Sol Ring (11) - {T}: Add {C}{C}.
Mana: Swamp (85) - {T}: Add {B}.
Add To Stack: Ai(1)-Slurrk Oozes B3 cast Inscription of Abundance
Add To Stack: Ai(2)-Kambal Taxes B3 triggered Kambal, Consul of Allocation
Life: Life: Ai(1)-Slurrk Oozes B3 33 > 31
Life: Life: Ai(2)-Kambal Taxes B3 44 > 46
Resolve Stack: Whenever an opponent casts a noncreature spell, that player loses 2 life and you gain 2 life. [Card: Inscription of Abundance (13), Activator: Ai(1)-Slurrk Oozes B3, SpellAbility: Choose one. If this spell was kicked, choose any number instead.
• Put two +1/+1 counters on target creature.
• Target player gains X life, where X is the greatest power among creatures they control.
• Target creature you control fights target creature you don't control.

 Put two +1/+1 counters on target creature. Target player gains X life, where X is the greatest power among creatures they control. Target creature you control fights target creature you don't control. ]
Replacement Effect: If one or more +1/+1 counters would be put on a creature you control, that many plus one +1/+1 counters are put on it instead.
Life: Life: Ai(1)-Slurrk Oozes B3 31 > 40
Damage: Slurrk, All-Ingesting (100) deals 9 damage to Kambal, Consul of Allocation (201).
Damage: Kambal, Consul of Allocation (201) deals 2 damage to Slurrk, All-Ingesting (100).
Resolve Stack: Inscription of Abundance (13) -  Put two +1/+1 counters on target creature. (Targeting: Slurrk, All-Ingesting (100)) Target player gains X life, where X is the greatest power among creatures they control. (Targeting: Ai(1)-Slurrk Oozes B3) Target creature you control fights target creature you don't control. (Targeting: Slurrk, All-Ingesting (100)) Slurrk, All-Ingesting (100) fights Kambal, Consul of Allocation (201).
Zone Change: Kambal, Consul of Allocation (201) was put into Graveyard from Battlefield.
Add To Stack: Ai(2)-Kambal Taxes B3 triggered Zulaport Cutthroat
Life: Life: Ai(1)-Slurrk Oozes B3 40 > 39
Life: Life: Ai(3)-Kilo Helm Final 23 > 22
Life: Life: Ai(4)-Nekusar Punisher B3 31 > 30
Life: Life: Ai(2)-Kambal Taxes B3 46 > 47
Resolve Stack: Whenever Zulaport Cutthroat or another creature you control dies, each opponent loses 1 life and you gain 1 life. [Zone Changer: Kambal, Consul of Allocation (201)]
Resolve Stack: At the beginning of each opponent's upkeep, Viseling deals X damage to that player, where X is the number of cards in their hand minus 4. [Phase: Ai(1)-Slurrk Oozes B3]
Phase: Ai(1)-Slurrk Oozes B3's Draw step
Add To Stack: Ai(4)-Nekusar Punisher B3 triggered Teferi's Puzzle Box
Resolve Stack: At the beginning of each player's draw step, that player puts the cards in their hand on the bottom of their library in any order, then draws that many cards. [Phase: Ai(1)-Slurrk Oozes B3]
Phase: Ai(1)-Slurrk Oozes B3's Main phase, precombat
Mana: Forest (53) - {T}: Add {G}.
Mana: Swamp (82) - {T}: Add {B}.
Add To Stack: Ai(1)-Slurrk Oozes B3 cast Rampant Growth
Resolve Stack: Rampant Growth (69) - Search your library for a basic land card, put that card onto the battlefield tapped, then shuffle.
Phase: Ai(1)-Slurrk Oozes B3's Beginning of Combat Step
Phase: Ai(1)-Slurrk Oozes B3's Declare Attackers Step
Combat: Ai(1)-Slurrk Oozes B3 assigned Slurrk, All-Ingesting (100) to attack Ai(3)-Kilo Helm Final.
Phase: Ai(1)-Slurrk Oozes B3's Declare Blockers Step
Combat: Ai(3)-Kilo Helm Final assigned Steel Overseer (205) and Kilo, Apogee Mind (302) to block Slurrk, All-Ingesting (100).
Phase: Ai(1)-Slurrk Oozes B3's First Strike Damage Step
Phase: Ai(1)-Slurrk Oozes B3's Combat Damage Step
Damage: Slurrk, All-Ingesting (100) deals 3 damage to Steel Overseer (205).
Damage: Slurrk, All-Ingesting (100) deals 6 damage to Kilo, Apogee Mind (302).
Damage: Steel Overseer (205) deals 1 damage to Slurrk, All-Ingesting (100).
Damage: Kilo, Apogee Mind (302) deals 6 damage to Slurrk, All-Ingesting (100).
Zone Change: Slurrk, All-Ingesting (100) was put into Graveyard from Battlefield.
Zone Change: Kilo, Apogee Mind (302) was put into Graveyard from Battlefield.
Zone Change: Steel Overseer (205) was put into Graveyard from Battlefield.
Add To Stack: Ai(1)-Slurrk Oozes B3 triggered Slurrk, All-Ingesting
Resolve Stack: Whenever Slurrk or another creature dies, if it had a +1/+1 counter on it, put a +1/+1 counter on each creature you control that has a +1/+1 counter on it. [Zone Changer: Slurrk, All-Ingesting (100)]
Phase: Ai(1)-Slurrk Oozes B3's End of Combat Step
Phase: Ai(1)-Slurrk Oozes B3's Main phase, postcombat
Land: Ai(1)-Slurrk Oozes B3 played Forest (47)
Mana: Forest (47) - {T}: Add {G}.
Mana: Swamp (83) - {T}: Add {B}.
Add To Stack: Ai(1)-Slurrk Oozes B3 cast Scavenging Ooze
Resolve Stack: Scavenging Ooze - Creature 2 / 2
Phase: Ai(1)-Slurrk Oozes B3's End step
Phase: Ai(1)-Slurrk Oozes B3's Cleanup step
Turn: Turn 26 (Ai(2)-Kambal Taxes B3)
Phase: Ai(2)-Kambal Taxes B3's Untap step
Phase: Ai(2)-Kambal Taxes B3's Upkeep step
Add To Stack: Ai(4)-Nekusar Punisher B3 triggered Viseling
Damage: Viseling (306) deals 2 non-combat damage to Ai(2)-Kambal Taxes B3.
Life: Life: Ai(2)-Kambal Taxes B3 47 > 45
Resolve Stack: At the beginning of each opponent's upkeep, Viseling deals X damage to that player, where X is the number of cards in their hand minus 4. [Phase: Ai(2)-Kambal Taxes B3]
Phase: Ai(2)-Kambal Taxes B3's Draw step
Add To Stack: Ai(4)-Nekusar Punisher B3 triggered Teferi's Puzzle Box
Resolve Stack: At the beginning of each player's draw step, that player puts the cards in their hand on the bottom of their library in any order, then draws that many cards. [Phase: Ai(2)-Kambal Taxes B3]
Phase: Ai(2)-Kambal Taxes B3's Main phase, precombat
Land: Ai(2)-Kambal Taxes B3 played Swamp (187)
Mana: Swamp (182) - {T}: Add {B}.
Mana: Swamp (187) - {T}: Add {B}.
Mana: Plains (162) - {T}: Add {W}.
Mana: Plains (152) - {T}: Add {W}.
Add To Stack: Ai(2)-Kambal Taxes B3 cast Erebos, God of the Dead
Resolve Stack: Erebos, God of the Dead - Creature 5 / 7
Mana: Temple of Silence (171) - {T}: Add {W} or {B}.
Mana: Orzhov Basilica (131) - {T}: Add {W}{B}.
Add To Stack: Ai(2)-Kambal Taxes B3 cast Vito, Thorn of the Dusk Rose
Resolve Stack: Vito, Thorn of the Dusk Rose - Creature 1 / 3
Phase: Ai(2)-Kambal Taxes B3's Beginning of Combat Step
Phase: Ai(2)-Kambal Taxes B3's Declare Attackers Step
Combat: Ai(2)-Kambal Taxes B3 assigned Twilight Prophet (109) to attack Ai(1)-Slurrk Oozes B3.
Phase: Ai(2)-Kambal Taxes B3's Declare Blockers Step
Combat: Ai(1)-Slurrk Oozes B3 didn't block Twilight Prophet (109).
Phase: Ai(2)-Kambal Taxes B3's First Strike Damage Step
Phase: Ai(2)-Kambal Taxes B3's Combat Damage Step
Damage: Twilight Prophet (109) deals 2 combat damage to Ai(1)-Slurrk Oozes B3.
Life: Life: Ai(1)-Slurrk Oozes B3 39 > 37
Phase: Ai(2)-Kambal Taxes B3's End of Combat Step
Phase: Ai(2)-Kambal Taxes B3's Main phase, postcombat
Phase: Ai(2)-Kambal Taxes B3's End step
Phase: Ai(2)-Kambal Taxes B3's Cleanup step
Turn: Turn 27 (Ai(3)-Kilo Helm Final)
Phase: Ai(3)-Kilo Helm Final's Untap step
Phase: Ai(3)-Kilo Helm Final's Upkeep step
Add To Stack: Ai(4)-Nekusar Punisher B3 triggered Viseling
Resolve Stack: At the beginning of each opponent's upkeep, Viseling deals X damage to that player, where X is the number of cards in their hand minus 4. [Phase: Ai(3)-Kilo Helm Final]
Phase: Ai(3)-Kilo Helm Final's Draw step
Add To Stack: Ai(4)-Nekusar Punisher B3 triggered Teferi's Puzzle Box
Resolve Stack: At the beginning of each player's draw step, that player puts the cards in their hand on the bottom of their library in any order, then draws that many cards. [Phase: Ai(3)-Kilo Helm Final]
Phase: Ai(3)-Kilo Helm Final's Main phase, precombat
Land: Ai(3)-Kilo Helm Final played Inventors' Fair (204)
Mana: Solar Array (245) - {T}: Add one mana of any color. When you next cast an artifact spell this turn, that spell gains sunburst. (If it's a creature, it enters with a +1/+1 counter on it for each color of mana spent to cast it. Otherwise, it enters with that many charge counters on it.) 
Damage: Adarkar Wastes (299) deals 1 non-combat damage to Ai(3)-Kilo Helm Final.
Life: Life: Ai(3)-Kilo Helm Final 22 > 21
Mana: Adarkar Wastes (299) - {T}: Add {W} or {U}. Adarkar Wastes deals 1 damage to you. 
Mana: Island (264) - {T}: Add {U}.
Mana: Inventors' Fair (204) - {T}: Add {C}.
Mana: Uthros, Titanic Godcore (240) - {T}: Add {U}.
Add To Stack: Ai(3)-Kilo Helm Final cast Kilo, Apogee Mind
Add To Stack: Ai(3)-Kilo Helm Final triggered Solar Array (245)'s Effect
Resolve Stack: When you next cast an artifact spell this turn, that spell gains sunburst. (If it's a creature, it enters with a +1/+1 counter on it for each color of mana spent to cast it. Otherwise, it enters with that many charge counters on it.) [Card: Kilo, Apogee Mind (302), Activator: Ai(3)-Kilo Helm Final, SpellAbility: Kilo, Apogee Mind - Creature 3 / 3]
Replacement Effect: Sunburst (This enters with either a +1/+1 or charge counter on it for each color of mana spent to cast it based on whether it's a creature.)
Resolve Stack: Kilo, Apogee Mind - Creature 3 / 3
Phase: Ai(3)-Kilo Helm Final's Beginning of Combat Step
Phase: Ai(3)-Kilo Helm Final's Declare Attackers Step
Phase: Ai(3)-Kilo Helm Final's Declare Blockers Step
Phase: Ai(3)-Kilo Helm Final's First Strike Damage Step
Phase: Ai(3)-Kilo Helm Final's Combat Damage Step
Phase: Ai(3)-Kilo Helm Final's End of Combat Step
Phase: Ai(3)-Kilo Helm Final's Main phase, postcombat
Phase: Ai(3)-Kilo Helm Final's End step
Phase: Ai(3)-Kilo Helm Final's Cleanup step
Turn: Turn 28 (Ai(4)-Nekusar Punisher B3)
Phase: Ai(4)-Nekusar Punisher B3's Untap step
Phase: Ai(4)-Nekusar Punisher B3's Upkeep step
Phase: Ai(4)-Nekusar Punisher B3's Draw step
Add To Stack: Ai(4)-Nekusar Punisher B3 triggered Teferi's Puzzle Box
Resolve Stack: At the beginning of each player's draw step, that player puts the cards in their hand on the bottom of their library in any order, then draws that many cards. [Phase: Ai(4)-Nekusar Punisher B3]
Phase: Ai(4)-Nekusar Punisher B3's Main phase, precombat
Replacement Effect: As Blood Crypt enters, you may pay 2 life. If you don't, it enters tapped.
Land: Ai(4)-Nekusar Punisher B3 played Blood Crypt (352)
Mana: Swamp (397) - {T}: Add {B}.
Mana: Island (362) - {T}: Add {U}.
Add To Stack: Ai(4)-Nekusar Punisher B3 cast Feed the Swarm targeting [Twilight Prophet (109)]
Zone Change: Twilight Prophet (109) was put into Graveyard from Battlefield.
Life: Life: Ai(4)-Nekusar Punisher B3 30 > 26
Resolve Stack: Feed the Swarm (345) - Destroy Twilight Prophet (109). Ai(4)-Nekusar Punisher B3 loses 4 life.
Add To Stack: Ai(2)-Kambal Taxes B3 triggered Zulaport Cutthroat
Life: Life: Ai(4)-Nekusar Punisher B3 26 > 25
Life: Life: Ai(1)-Slurrk Oozes B3 37 > 36
Life: Life: Ai(3)-Kilo Helm Final 21 > 20
Life: Life: Ai(2)-Kambal Taxes B3 45 > 46
Resolve Stack: Whenever Zulaport Cutthroat or another creature you control dies, each opponent loses 1 life and you gain 1 life. [Zone Changer: Twilight Prophet (109)]
Add To Stack: Ai(2)-Kambal Taxes B3 triggered Vito, Thorn of the Dusk Rose targeting [Ai(3)-Kilo Helm Final]
Life: Life: Ai(3)-Kilo Helm Final 20 > 19
Resolve Stack: Whenever you gain life, target opponent loses that much life. (Targeting: [[Ai(3)-Kilo Helm Final]]) [Player: Ai(2)-Kambal Taxes B3, Gained Amount: 1]
Phase: Ai(4)-Nekusar Punisher B3's Beginning of Combat Step
Phase: Ai(4)-Nekusar Punisher B3's Declare Attackers Step
Phase: Ai(4)-Nekusar Punisher B3's Declare Blockers Step
Phase: Ai(4)-Nekusar Punisher B3's First Strike Damage Step
Phase: Ai(4)-Nekusar Punisher B3's Combat Damage Step
Phase: Ai(4)-Nekusar Punisher B3's End of Combat Step
Phase: Ai(4)-Nekusar Punisher B3's Main phase, postcombat
Phase: Ai(4)-Nekusar Punisher B3's End step
Mana: Woodland Cemetery (72) - {T}: Add {B} or {G}.
Add To Stack: Ai(1)-Slurrk Oozes B3 activated Scavenging Ooze targeting [Organic Extinction (283)]
Resolve Stack: Scavenging Ooze (97) - Exile Organic Extinction (283) from the graveyard. Ai(1)-Slurrk Oozes B3 puts a +1/+1 counter on Scavenging Ooze (97). Ai(1)-Slurrk Oozes B3 gains 1 life.
Mana: Overgrown Tomb (77) - {T}: Add {G}.
Add To Stack: Ai(1)-Slurrk Oozes B3 activated Scavenging Ooze targeting [Threefold Thunderhulk (282)]
Replacement Effect: If one or more +1/+1 counters would be put on a creature you control, that many plus one +1/+1 counters are put on it instead.
Resolve Stack: Scavenging Ooze (97) - Exile Threefold Thunderhulk (282) from the graveyard. Ai(1)-Slurrk Oozes B3 puts a +1/+1 counter on Scavenging Ooze (97). Ai(1)-Slurrk Oozes B3 gains 1 life.
Phase: Ai(4)-Nekusar Punisher B3's Cleanup step
Turn: Turn 29 (Ai(1)-Slurrk Oozes B3)
Phase: Ai(1)-Slurrk Oozes B3's Untap step
Phase: Ai(1)-Slurrk Oozes B3's Upkeep step
Add To Stack: Ai(4)-Nekusar Punisher B3 triggered Viseling
Resolve Stack: At the beginning of each opponent's upkeep, Viseling deals X damage to that player, where X is the number of cards in their hand minus 4. [Phase: Ai(1)-Slurrk Oozes B3]
Phase: Ai(1)-Slurrk Oozes B3's Draw step
Add To Stack: Ai(4)-Nekusar Punisher B3 triggered Teferi's Puzzle Box
Resolve Stack: At the beginning of each player's draw step, that player puts the cards in their hand on the bottom of their library in any order, then draws that many cards. [Phase: Ai(1)-Slurrk Oozes B3]
Phase: Ai(1)-Slurrk Oozes B3's Main phase, precombat
Phase: Ai(1)-Slurrk Oozes B3's Beginning of Combat Step
Phase: Ai(1)-Slurrk Oozes B3's Declare Attackers Step
Combat: Ai(1)-Slurrk Oozes B3 assigned Scavenging Ooze (97) and Slippery Bogbonder (16) to attack Ai(4)-Nekusar Punisher B3.
Phase: Ai(1)-Slurrk Oozes B3's Declare Blockers Step
Combat: Ai(4)-Nekusar Punisher B3 didn't block Scavenging Ooze (97).
Ai(4)-Nekusar Punisher B3 didn't block Slippery Bogbonder (16).
Phase: Ai(1)-Slurrk Oozes B3's First Strike Damage Step
Phase: Ai(1)-Slurrk Oozes B3's Combat Damage Step
Damage: Scavenging Ooze (97) deals 4 combat damage to Ai(4)-Nekusar Punisher B3.
Damage: Slippery Bogbonder (16) deals 3 combat damage to Ai(4)-Nekusar Punisher B3.
Life: Life: Ai(4)-Nekusar Punisher B3 25 > 18
Phase: Ai(1)-Slurrk Oozes B3's End of Combat Step
Phase: Ai(1)-Slurrk Oozes B3's Main phase, postcombat
Mana: Forest (34) - {T}: Add {G}.
Mana: Sol Ring (11) - {T}: Add {C}{C}.
Mana: Swamp (85) - {T}: Add {B}.
Mana: Swamp (82) - {T}: Add {B}.
Add To Stack: Ai(1)-Slurrk Oozes B3 cast Mitotic Slime
Resolve Stack: Mitotic Slime - Creature 4 / 4
Phase: Ai(1)-Slurrk Oozes B3's End step
Phase: Ai(1)-Slurrk Oozes B3's Cleanup step
Turn: Turn 30 (Ai(2)-Kambal Taxes B3)
Phase: Ai(2)-Kambal Taxes B3's Untap step
Phase: Ai(2)-Kambal Taxes B3's Upkeep step
Add To Stack: Ai(4)-Nekusar Punisher B3 triggered Viseling
Mana: Swamp (182) - {T}: Add {B}.
Mana: Swamp (187) - {T}: Add {B}.
Life: Life: Ai(2)-Kambal Taxes B3 46 > 44
Add To Stack: Ai(2)-Kambal Taxes B3 activated Erebos, God of the Dead
Resolve Stack: Erebos, God of the Dead (165) - Ai(2)-Kambal Taxes B3 draws a card.
Mana: Temple of Silence (171) - {T}: Add {W} or {B}.
Mana: Plains (162) - {T}: Add {W}.
Life: Life: Ai(2)-Kambal Taxes B3 44 > 42
Add To Stack: Ai(2)-Kambal Taxes B3 activated Erebos, God of the Dead
Resolve Stack: Erebos, God of the Dead (165) - Ai(2)-Kambal Taxes B3 draws a card.
Mana: Orzhov Basilica (131) - {T}: Add {W}{B}.
Life: Life: Ai(2)-Kambal Taxes B3 42 > 40
Add To Stack: Ai(2)-Kambal Taxes B3 activated Erebos, God of the Dead
Resolve Stack: Erebos, God of the Dead (165) - Ai(2)-Kambal Taxes B3 draws a card.
Damage: Viseling (306) deals 3 non-combat damage to Ai(2)-Kambal Taxes B3.
Life: Life: Ai(2)-Kambal Taxes B3 40 > 37
Resolve Stack: At the beginning of each opponent's upkeep, Viseling deals X damage to that player, where X is the number of cards in their hand minus 4. [Phase: Ai(2)-Kambal Taxes B3]
Phase: Ai(2)-Kambal Taxes B3's Draw step
Add To Stack: Ai(4)-Nekusar Punisher B3 triggered Teferi's Puzzle Box
Resolve Stack: At the beginning of each player's draw step, that player puts the cards in their hand on the bottom of their library in any order, then draws that many cards. [Phase: Ai(2)-Kambal Taxes B3]
Phase: Ai(2)-Kambal Taxes B3's Main phase, precombat
Land: Ai(2)-Kambal Taxes B3 played Plains (145)
Phase: Ai(2)-Kambal Taxes B3's Beginning of Combat Step
Phase: Ai(2)-Kambal Taxes B3's Declare Attackers Step
Phase: Ai(2)-Kambal Taxes B3's Declare Blockers Step
Phase: Ai(2)-Kambal Taxes B3's First Strike Damage Step
Phase: Ai(2)-Kambal Taxes B3's Combat Damage Step
Phase: Ai(2)-Kambal Taxes B3's End of Combat Step
Phase: Ai(2)-Kambal Taxes B3's Main phase, postcombat
Phase: Ai(2)-Kambal Taxes B3's End step
Phase: Ai(2)-Kambal Taxes B3's Cleanup step
Turn: Turn 31 (Ai(3)-Kilo Helm Final)
Phase: Ai(3)-Kilo Helm Final's Untap step
Phase: Ai(3)-Kilo Helm Final's Upkeep step
Add To Stack: Ai(4)-Nekusar Punisher B3 triggered Viseling
Resolve Stack: At the beginning of each opponent's upkeep, Viseling deals X damage to that player, where X is the number of cards in their hand minus 4. [Phase: Ai(3)-Kilo Helm Final]
Phase: Ai(3)-Kilo Helm Final's Draw step
Add To Stack: Ai(4)-Nekusar Punisher B3 triggered Teferi's Puzzle Box
Resolve Stack: At the beginning of each player's draw step, that player puts the cards in their hand on the bottom of their library in any order, then draws that many cards. [Phase: Ai(3)-Kilo Helm Final]
Phase: Ai(3)-Kilo Helm Final's Main phase, precombat
Land: Ai(3)-Kilo Helm Final played Mountain (288)
Phase: Ai(3)-Kilo Helm Final's Beginning of Combat Step
Phase: Ai(3)-Kilo Helm Final's Declare Attackers Step
Combat: Ai(3)-Kilo Helm Final assigned Kilo, Apogee Mind (302) to attack Ai(1)-Slurrk Oozes B3.
Add To Stack: Ai(3)-Kilo Helm Final triggered Kilo, Apogee Mind
Resolve Stack: Whenever Kilo becomes tapped, proliferate. (Choose any number of permanents and/or players, then give each another counter of each kind already there.) [Tapped: Kilo, Apogee Mind (302)]
Phase: Ai(3)-Kilo Helm Final's Declare Blockers Step
Combat: Ai(1)-Slurrk Oozes B3 didn't block Kilo, Apogee Mind (302).
Phase: Ai(3)-Kilo Helm Final's First Strike Damage Step
Phase: Ai(3)-Kilo Helm Final's Combat Damage Step
Damage: Kilo, Apogee Mind (302) deals 7 combat damage to Ai(1)-Slurrk Oozes B3.
Life: Life: Ai(1)-Slurrk Oozes B3 36 > 29
Phase: Ai(3)-Kilo Helm Final's End of Combat Step
Phase: Ai(3)-Kilo Helm Final's Main phase, postcombat
Mana: Mountain (288) - {T}: Add {R}.
Mana: Island (264) - {T}: Add {U}.
Mana: Inventors' Fair (204) - {T}: Add {C}.
Add To Stack: Ai(3)-Kilo Helm Final cast Cloud Key
Replacement Effect: As Cloud Key enters, choose artifact, creature, enchantment, instant, or sorcery.
Resolve Stack: Cloud Key
Phase: Ai(3)-Kilo Helm Final's End step
Phase: Ai(3)-Kilo Helm Final's Cleanup step
Turn: Turn 32 (Ai(4)-Nekusar Punisher B3)
Phase: Ai(4)-Nekusar Punisher B3's Untap step
Phase: Ai(4)-Nekusar Punisher B3's Upkeep step
Phase: Ai(4)-Nekusar Punisher B3's Draw step
Add To Stack: Ai(4)-Nekusar Punisher B3 triggered Teferi's Puzzle Box
Resolve Stack: At the beginning of each player's draw step, that player puts the cards in their hand on the bottom of their library in any order, then draws that many cards. [Phase: Ai(4)-Nekusar Punisher B3]
Mana: Blood Crypt (352) - {T}: Add {R}.
Mana: Island (362) - {T}: Add {U}.
Mana: Swamp (397) - {T}: Add {B}.
Add To Stack: Ai(4)-Nekusar Punisher B3 cast Chaos Warp targeting [Kilo, Apogee Mind (302)]
Replacement Effect: If a commander would be put into its owner's hand or library from anywhere, its owner may put it into the command zone instead.
Resolve Stack: Chaos Warp (339) - Shuffle Kilo, Apogee Mind (302) into its owner's library. Ai(4)-Nekusar Punisher B3 reveals the top card of Ai(3)-Kilo Helm Final's library.
Phase: Ai(4)-Nekusar Punisher B3's Main phase, precombat
Phase: Ai(4)-Nekusar Punisher B3's Beginning of Combat Step
Phase: Ai(4)-Nekusar Punisher B3's Declare Attackers Step
Phase: Ai(4)-Nekusar Punisher B3's Declare Blockers Step
Phase: Ai(4)-Nekusar Punisher B3's First Strike Damage Step
Phase: Ai(4)-Nekusar Punisher B3's Combat Damage Step
Phase: Ai(4)-Nekusar Punisher B3's End of Combat Step
Phase: Ai(4)-Nekusar Punisher B3's Main phase, postcombat
Replacement Effect: Temple of Epiphany enters tapped.
Land: Ai(4)-Nekusar Punisher B3 played Temple of Epiphany (342)
Add To Stack: Ai(4)-Nekusar Punisher B3 triggered Temple of Epiphany
Mana: Uthros, Titanic Godcore (240) - {T}: Add {U}.
Mana: The Mycosynth Gardens (263) - {T}: Add {C}.
Zone Change: Buried Ruin (211) was put into Graveyard from Battlefield.
Add To Stack: Ai(3)-Kilo Helm Final activated Buried Ruin targeting [Steel Overseer (205)]
Resolve Stack: Buried Ruin (211) - Return Steel Overseer (205) from the graveyard to its owner's hand.
Resolve Stack: Ai(4)-Nekusar Punisher B3 scried 1 card(s) to the top of the library
Resolve Stack: When Temple of Epiphany enters, scry 1. [Zone Changer: Temple of Epiphany (342)]
Phase: Ai(4)-Nekusar Punisher B3's End step
Mana: Forest (49) - {T}: Add {G}.
Add To Stack: Ai(1)-Slurrk Oozes B3 activated Scavenging Ooze targeting [Dawnsire, Sunstar Dreadnought (214)]
Resolve Stack: Scavenging Ooze (97) - Exile Dawnsire, Sunstar Dreadnought (214) from the graveyard. Ai(1)-Slurrk Oozes B3 puts a +1/+1 counter on Scavenging Ooze (97). Ai(1)-Slurrk Oozes B3 gains 1 life.
Mana: Forest (53) - {T}: Add {G}.
Add To Stack: Ai(1)-Slurrk Oozes B3 activated Scavenging Ooze targeting [Norn's Annex (144)]
Resolve Stack: Scavenging Ooze (97) - Exile Norn's Annex (144) from the graveyard. Ai(1)-Slurrk Oozes B3 puts a +1/+1 counter on Scavenging Ooze (97). Ai(1)-Slurrk Oozes B3 gains 1 life.
Mana: Forest (47) - {T}: Add {G}.
Add To Stack: Ai(1)-Slurrk Oozes B3 activated Scavenging Ooze targeting [Painful Quandary (129)]
Resolve Stack: Scavenging Ooze (97) - Exile Painful Quandary (129) from the graveyard. Ai(1)-Slurrk Oozes B3 puts a +1/+1 counter on Scavenging Ooze (97). Ai(1)-Slurrk Oozes B3 gains 1 life.
Mana: Woodland Cemetery (72) - {T}: Add {B} or {G}.
Add To Stack: Ai(1)-Slurrk Oozes B3 activated Scavenging Ooze targeting [Tezzeret's Gambit (285)]
Resolve Stack: Scavenging Ooze (97) - Exile Tezzeret's Gambit (285) from the graveyard. Ai(1)-Slurrk Oozes B3 puts a +1/+1 counter on Scavenging Ooze (97). Ai(1)-Slurrk Oozes B3 gains 1 life.
Mana: Overgrown Tomb (77) - {T}: Add {G}.
Add To Stack: Ai(1)-Slurrk Oozes B3 activated Scavenging Ooze targeting [Unwinding Clock (271)]
Resolve Stack: Scavenging Ooze (97) - Exile Unwinding Clock (271) from the graveyard. Ai(1)-Slurrk Oozes B3 puts a +1/+1 counter on Scavenging Ooze (97). Ai(1)-Slurrk Oozes B3 gains 1 life.
Phase: Ai(4)-Nekusar Punisher B3's Cleanup step
Turn: Turn 33 (Ai(1)-Slurrk Oozes B3)
Phase: Ai(1)-Slurrk Oozes B3's Untap step
Phase: Ai(1)-Slurrk Oozes B3's Upkeep step
Add To Stack: Ai(4)-Nekusar Punisher B3 triggered Viseling
Resolve Stack: At the beginning of each opponent's upkeep, Viseling deals X damage to that player, where X is the number of cards in their hand minus 4. [Phase: Ai(1)-Slurrk Oozes B3]
Phase: Ai(1)-Slurrk Oozes B3's Draw step
Add To Stack: Ai(4)-Nekusar Punisher B3 triggered Teferi's Puzzle Box
Mana: Forest (34) - {T}: Add {G}.
Mana: Sol Ring (11) - {T}: Add {C}{C}.
Zone Change: Forest (34) was put into Graveyard from Battlefield.
Add To Stack: Ai(1)-Slurrk Oozes B3 cast Harrow
Resolve Stack: Harrow (67) - Ai(1)-Slurrk Oozes B3 searches their library for  up to two basic land cards, puts them onto the battlefield, then shuffles.
Resolve Stack: At the beginning of each player's draw step, that player puts the cards in their hand on the bottom of their library in any order, then draws that many cards. [Phase: Ai(1)-Slurrk Oozes B3]
Phase: Ai(1)-Slurrk Oozes B3's Main phase, precombat
Land: Ai(1)-Slurrk Oozes B3 played Swamp (86)
Phase: Ai(1)-Slurrk Oozes B3's Beginning of Combat Step
Phase: Ai(1)-Slurrk Oozes B3's Declare Attackers Step
Combat: Ai(1)-Slurrk Oozes B3 assigned Scavenging Ooze (97), Mitotic Slime (6) and Slippery Bogbonder (16) to attack Ai(2)-Kambal Taxes B3.
Phase: Ai(1)-Slurrk Oozes B3's Declare Blockers Step
Combat: Ai(2)-Kambal Taxes B3 didn't block Scavenging Ooze (97).
Ai(2)-Kambal Taxes B3 didn't block Mitotic Slime (6).
Ai(2)-Kambal Taxes B3 didn't block Slippery Bogbonder (16).
Phase: Ai(1)-Slurrk Oozes B3's First Strike Damage Step
Phase: Ai(1)-Slurrk Oozes B3's Combat Damage Step
Damage: Scavenging Ooze (97) deals 4 combat damage to Ai(2)-Kambal Taxes B3.
Damage: Mitotic Slime (6) deals 4 combat damage to Ai(2)-Kambal Taxes B3.
Damage: Slippery Bogbonder (16) deals 3 combat damage to Ai(2)-Kambal Taxes B3.
Life: Life: Ai(2)-Kambal Taxes B3 37 > 26
Phase: Ai(1)-Slurrk Oozes B3's End of Combat Step
Phase: Ai(1)-Slurrk Oozes B3's Main phase, postcombat
Mana: Forest (49) - {T}: Add {G}.
Mana: Forest (53) - {T}: Add {G}.
Mana: Swamp (85) - {T}: Add {B}.
Mana: Swamp (82) - {T}: Add {B}.
Mana: Swamp (83) - {T}: Add {B}.
Mana: Swamp (79) - {T}: Add {B}.
Mana: Forest (47) - {T}: Add {G}.
Mana: Forest (33) - {T}: Add {G}.
Add To Stack: Ai(1)-Slurrk Oozes B3 cast Slurrk, All-Ingesting
Replacement Effect: Slurrk, All-Ingesting enters with five +1/+1 counters on it.
Replacement Effect: If one or more +1/+1 counters would be put on a creature you control, that many plus one +1/+1 counters are put on it instead.
Resolve Stack: Slurrk, All-Ingesting - Creature 0 / 0
Phase: Ai(1)-Slurrk Oozes B3's End step
Phase: Ai(1)-Slurrk Oozes B3's Cleanup step
Turn: Turn 34 (Ai(2)-Kambal Taxes B3)
Phase: Ai(2)-Kambal Taxes B3's Untap step
Phase: Ai(2)-Kambal Taxes B3's Upkeep step
Add To Stack: Ai(4)-Nekusar Punisher B3 triggered Viseling
Damage: Viseling (306) deals 3 non-combat damage to Ai(2)-Kambal Taxes B3.
Life: Life: Ai(2)-Kambal Taxes B3 26 > 23
Resolve Stack: At the beginning of each opponent's upkeep, Viseling deals X damage to that player, where X is the number of cards in their hand minus 4. [Phase: Ai(2)-Kambal Taxes B3]
Phase: Ai(2)-Kambal Taxes B3's Draw step
Add To Stack: Ai(4)-Nekusar Punisher B3 triggered Teferi's Puzzle Box
Resolve Stack: At the beginning of each player's draw step, that player puts the cards in their hand on the bottom of their library in any order, then draws that many cards. [Phase: Ai(2)-Kambal Taxes B3]
Mana: Swamp (182) - {T}: Add {B}.
Mana: Plains (162) - {T}: Add {W}.
Add To Stack: Ai(2)-Kambal Taxes B3 cast Despark targeting [Slurrk, All-Ingesting (100)]
Zone Change: Slurrk, All-Ingesting (100) was put into Exile from Battlefield.
Resolve Stack: Despark (116) - Exile Slurrk, All-Ingesting (100).
Mana: Plains (152) - {T}: Add {W}.
Add To Stack: Ai(2)-Kambal Taxes B3 cast Path to Exile targeting [Mitotic Slime (6)]
Zone Change: Mitotic Slime (6) was put into Exile from Battlefield.
Resolve Stack: Path to Exile (106) - Exile Mitotic Slime (6). Ai(1)-Slurrk Oozes B3 may search their library for a basic land card, put that card onto the battlefield tapped, then shuffle their library. 
Mana: Swamp (187) - {T}: Add {B}.
Mana: Plains (145) - {T}: Add {W}.
Life: Life: Ai(2)-Kambal Taxes B3 23 > 21
Add To Stack: Ai(2)-Kambal Taxes B3 activated Erebos, God of the Dead
Resolve Stack: Erebos, God of the Dead (165) - Ai(2)-Kambal Taxes B3 draws a card.
Mana: Temple of Silence (171) - {T}: Add {W} or {B}.
Mana: Orzhov Basilica (131) - {T}: Add {W}{B}.
Add To Stack: Ai(2)-Kambal Taxes B3 cast Anguished Unmaking targeting [Scavenging Ooze (97)]
Mana: Forest (36) - {T}: Add {G}.
Add To Stack: Ai(1)-Slurrk Oozes B3 activated Scavenging Ooze targeting [Jhoira, Weatherlight Captain (278)]
Replacement Effect: If one or more +1/+1 counters would be put on a creature you control, that many plus one +1/+1 counters are put on it instead.
Resolve Stack: Scavenging Ooze (97) - Exile Jhoira, Weatherlight Captain (278) from the graveyard. Ai(1)-Slurrk Oozes B3 puts a +1/+1 counter on Scavenging Ooze (97). Ai(1)-Slurrk Oozes B3 gains 1 life.
Mana: Woodland Cemetery (72) - {T}: Add {B} or {G}.
Add To Stack: Ai(1)-Slurrk Oozes B3 activated Scavenging Ooze targeting [Lux Cannon (279)]
Resolve Stack: Scavenging Ooze (97) - Exile Lux Cannon (279) from the graveyard. Ai(1)-Slurrk Oozes B3 puts a +1/+1 counter on Scavenging Ooze (97). Ai(1)-Slurrk Oozes B3 gains 1 life.
Mana: Overgrown Tomb (77) - {T}: Add {G}.
Add To Stack: Ai(1)-Slurrk Oozes B3 activated Scavenging Ooze targeting [Twilight Prophet (109)]
Replacement Effect: If one or more +1/+1 counters would be put on a creature you control, that many plus one +1/+1 counters are put on it instead.
Resolve Stack: Scavenging Ooze (97) - Exile Twilight Prophet (109) from the graveyard. Ai(1)-Slurrk Oozes B3 puts a +1/+1 counter on Scavenging Ooze (97). Ai(1)-Slurrk Oozes B3 gains 1 life.
Zone Change: Scavenging Ooze (97) was put into Exile from Battlefield.
Life: Life: Ai(2)-Kambal Taxes B3 21 > 18
Resolve Stack: Anguished Unmaking (197) - Exile Scavenging Ooze (97). Ai(2)-Kambal Taxes B3 loses 3 life.
Phase: Ai(2)-Kambal Taxes B3's Main phase, precombat
Land: Ai(2)-Kambal Taxes B3 played Command Tower (108)
Phase: Ai(2)-Kambal Taxes B3's Beginning of Combat Step
Phase: Ai(2)-Kambal Taxes B3's Declare Attackers Step
Phase: Ai(2)-Kambal Taxes B3's Declare Blockers Step
Phase: Ai(2)-Kambal Taxes B3's First Strike Damage Step
Phase: Ai(2)-Kambal Taxes B3's Combat Damage Step
Phase: Ai(2)-Kambal Taxes B3's End of Combat Step
Phase: Ai(2)-Kambal Taxes B3's Main phase, postcombat
Phase: Ai(2)-Kambal Taxes B3's End step
Phase: Ai(2)-Kambal Taxes B3's Cleanup step
Turn: Turn 35 (Ai(3)-Kilo Helm Final)
Phase: Ai(3)-Kilo Helm Final's Untap step
Phase: Ai(3)-Kilo Helm Final's Upkeep step
Add To Stack: Ai(4)-Nekusar Punisher B3 triggered Viseling
Resolve Stack: At the beginning of each opponent's upkeep, Viseling deals X damage to that player, where X is the number of cards in their hand minus 4. [Phase: Ai(3)-Kilo Helm Final]
Phase: Ai(3)-Kilo Helm Final's Draw step
Add To Stack: Ai(4)-Nekusar Punisher B3 triggered Teferi's Puzzle Box
Resolve Stack: At the beginning of each player's draw step, that player puts the cards in their hand on the bottom of their library in any order, then draws that many cards. [Phase: Ai(3)-Kilo Helm Final]
Phase: Ai(3)-Kilo Helm Final's Main phase, precombat
Land: Ai(3)-Kilo Helm Final played Karn's Bastion (221)
Damage: Adarkar Wastes (299) deals 1 non-combat damage to Ai(3)-Kilo Helm Final.
Life: Life: Ai(3)-Kilo Helm Final 19 > 18
Mana: Adarkar Wastes (299) - {T}: Add {W} or {U}. Adarkar Wastes deals 1 damage to you. 
Mana: Mountain (288) - {T}: Add {R}.
Mana: Island (264) - {T}: Add {U}.
Mana: Inventors' Fair (204) - {T}: Add {C}.
Mana: Karn's Bastion (221) - {T}: Add {C}.
Mana: Uthros, Titanic Godcore (240) - {T}: Add {U}.
Add To Stack: Ai(3)-Kilo Helm Final cast Kilo, Apogee Mind
Resolve Stack: Kilo, Apogee Mind - Creature 3 / 3
Phase: Ai(3)-Kilo Helm Final's Beginning of Combat Step
Phase: Ai(3)-Kilo Helm Final's Declare Attackers Step
Combat: Ai(3)-Kilo Helm Final assigned Kilo, Apogee Mind (302) to attack Ai(2)-Kambal Taxes B3.
Add To Stack: Ai(3)-Kilo Helm Final triggered Kilo, Apogee Mind
Resolve Stack: Whenever Kilo becomes tapped, proliferate. (Choose any number of permanents and/or players, then give each another counter of each kind already there.) [Tapped: Kilo, Apogee Mind (302)]
Phase: Ai(3)-Kilo Helm Final's Declare Blockers Step
Combat: Ai(2)-Kambal Taxes B3 didn't block Kilo, Apogee Mind (302).
Phase: Ai(3)-Kilo Helm Final's First Strike Damage Step
Phase: Ai(3)-Kilo Helm Final's Combat Damage Step
Damage: Kilo, Apogee Mind (302) deals 3 combat damage to Ai(2)-Kambal Taxes B3.
Life: Life: Ai(2)-Kambal Taxes B3 18 > 15
Phase: Ai(3)-Kilo Helm Final's End of Combat Step
Phase: Ai(3)-Kilo Helm Final's Main phase, postcombat
Mana: The Mycosynth Gardens (263) - {T}: Add {C}.
Add To Stack: Ai(3)-Kilo Helm Final cast Hangarback Walker
Replacement Effect: Hangarback Walker enters with X +1/+1 counters on it.
Resolve Stack: Hangarback Walker - Creature 0 / 0 (X=1)
Phase: Ai(3)-Kilo Helm Final's End step
Phase: Ai(3)-Kilo Helm Final's Cleanup step
Turn: Turn 36 (Ai(4)-Nekusar Punisher B3)
Phase: Ai(4)-Nekusar Punisher B3's Untap step
Phase: Ai(4)-Nekusar Punisher B3's Upkeep step
Phase: Ai(4)-Nekusar Punisher B3's Draw step
Add To Stack: Ai(4)-Nekusar Punisher B3 triggered Teferi's Puzzle Box
Resolve Stack: At the beginning of each player's draw step, that player puts the cards in their hand on the bottom of their library in any order, then draws that many cards. [Phase: Ai(4)-Nekusar Punisher B3]
Phase: Ai(4)-Nekusar Punisher B3's Main phase, precombat
Phase: Ai(4)-Nekusar Punisher B3's Beginning of Combat Step
Phase: Ai(4)-Nekusar Punisher B3's Declare Attackers Step
Combat: Ai(4)-Nekusar Punisher B3 assigned Viseling (306) to attack Ai(3)-Kilo Helm Final.
Phase: Ai(4)-Nekusar Punisher B3's Declare Blockers Step
Combat: Ai(3)-Kilo Helm Final didn't block Viseling (306).
Phase: Ai(4)-Nekusar Punisher B3's First Strike Damage Step
Phase: Ai(4)-Nekusar Punisher B3's Combat Damage Step
Damage: Viseling (306) deals 2 combat damage to Ai(3)-Kilo Helm Final.
Life: Life: Ai(3)-Kilo Helm Final 18 > 16
Phase: Ai(4)-Nekusar Punisher B3's End of Combat Step
Phase: Ai(4)-Nekusar Punisher B3's Main phase, postcombat
Replacement Effect: Temple of Malice enters tapped.
Land: Ai(4)-Nekusar Punisher B3 played Temple of Malice (315)
Add To Stack: Ai(4)-Nekusar Punisher B3 triggered Temple of Malice
Resolve Stack: Ai(4)-Nekusar Punisher B3 scried 1 card(s) to the top of the library
Resolve Stack: When Temple of Malice enters, scry 1. [Zone Changer: Temple of Malice (315)]
Mana: Swamp (397) - {T}: Add {B}.
Mana: Temple of Epiphany (342) - {T}: Add {U} or {R}.
Mana: Island (362) - {T}: Add {U}.
Mana: Island (355) - {T}: Add {U}.
Mana: Blood Crypt (352) - {T}: Add {R}.
Add To Stack: Ai(4)-Nekusar Punisher B3 cast Nekusar, the Mindrazer
Resolve Stack: Nekusar, the Mindrazer - Creature 2 / 4
Phase: Ai(4)-Nekusar Punisher B3's End step
Phase: Ai(4)-Nekusar Punisher B3's Cleanup step
Turn: Turn 37 (Ai(1)-Slurrk Oozes B3)
Phase: Ai(1)-Slurrk Oozes B3's Untap step
Phase: Ai(1)-Slurrk Oozes B3's Upkeep step
Add To Stack: Ai(4)-Nekusar Punisher B3 triggered Viseling
Resolve Stack: At the beginning of each opponent's upkeep, Viseling deals X damage to that player, where X is the number of cards in their hand minus 4. [Phase: Ai(1)-Slurrk Oozes B3]
Phase: Ai(1)-Slurrk Oozes B3's Draw step
Add To Stack: Ai(4)-Nekusar Punisher B3 triggered Nekusar, the Mindrazer
Add To Stack: Ai(4)-Nekusar Punisher B3 triggered Teferi's Puzzle Box
Add To Stack: Ai(4)-Nekusar Punisher B3 triggered Nekusar, the Mindrazer
Resolve Stack: At the beginning of each player's draw step, that player draws an additional card. [Phase: Ai(1)-Slurrk Oozes B3]
Add To Stack: Ai(4)-Nekusar Punisher B3 triggered Nekusar, the Mindrazer
Damage: Nekusar, the Mindrazer (403) deals 1 non-combat damage to Ai(1)-Slurrk Oozes B3.
Life: Life: Ai(1)-Slurrk Oozes B3 29 > 28
Resolve Stack: Whenever an opponent draws a card, Nekusar, the Mindrazer deals 1 damage to that player. [Player: Ai(1)-Slurrk Oozes B3]
Resolve Stack: At the beginning of each player's draw step, that player puts the cards in their hand on the bottom of their library in any order, then draws that many cards. [Phase: Ai(1)-Slurrk Oozes B3]
Add To Stack: Ai(4)-Nekusar Punisher B3 triggered Nekusar, the Mindrazer
Add To Stack: Ai(4)-Nekusar Punisher B3 triggered Nekusar, the Mindrazer
Damage: Nekusar, the Mindrazer (403) deals 1 non-combat damage to Ai(1)-Slurrk Oozes B3.
Life: Life: Ai(1)-Slurrk Oozes B3 28 > 27
Resolve Stack: Whenever an opponent draws a card, Nekusar, the Mindrazer deals 1 damage to that player. [Player: Ai(1)-Slurrk Oozes B3]
Damage: Nekusar, the Mindrazer (403) deals 1 non-combat damage to Ai(1)-Slurrk Oozes B3.
Life: Life: Ai(1)-Slurrk Oozes B3 27 > 26
Resolve Stack: Whenever an opponent draws a card, Nekusar, the Mindrazer deals 1 damage to that player. [Player: Ai(1)-Slurrk Oozes B3]
Damage: Nekusar, the Mindrazer (403) deals 1 non-combat damage to Ai(1)-Slurrk Oozes B3.
Life: Life: Ai(1)-Slurrk Oozes B3 26 > 25
Resolve Stack: Whenever an opponent draws a card, Nekusar, the Mindrazer deals 1 damage to that player. [Player: Ai(1)-Slurrk Oozes B3]
Phase: Ai(1)-Slurrk Oozes B3's Main phase, precombat
Phase: Ai(1)-Slurrk Oozes B3's Beginning of Combat Step
Phase: Ai(1)-Slurrk Oozes B3's Declare Attackers Step
Phase: Ai(1)-Slurrk Oozes B3's Declare Blockers Step
Phase: Ai(1)-Slurrk Oozes B3's First Strike Damage Step
Phase: Ai(1)-Slurrk Oozes B3's Combat Damage Step
Phase: Ai(1)-Slurrk Oozes B3's End of Combat Step
Phase: Ai(1)-Slurrk Oozes B3's Main phase, postcombat
Land: Ai(1)-Slurrk Oozes B3 played Swamp (91)
Mana: Forest (49) - {T}: Add {G}.
Add To Stack: Ai(1)-Slurrk Oozes B3 cast Elvish Mystic
Resolve Stack: Elvish Mystic - Creature 1 / 1
Mana: Forest (53) - {T}: Add {G}.
Mana: Sol Ring (11) - {T}: Add {C}{C}.
Mana: Swamp (85) - {T}: Add {B}.
Mana: Swamp (82) - {T}: Add {B}.
Mana: Swamp (83) - {T}: Add {B}.
Mana: Swamp (79) - {T}: Add {B}.
Mana: Forest (47) - {T}: Add {G}.
Mana: Forest (33) - {T}: Add {G}.
Mana: Forest (36) - {T}: Add {G}.
Add To Stack: Ai(1)-Slurrk Oozes B3 cast Slurrk, All-Ingesting
Replacement Effect: Slurrk, All-Ingesting enters with five +1/+1 counters on it.
Replacement Effect: If one or more +1/+1 counters would be put on a creature you control, that many plus one +1/+1 counters are put on it instead.
Resolve Stack: Slurrk, All-Ingesting - Creature 0 / 0
Phase: Ai(1)-Slurrk Oozes B3's End step
Phase: Ai(1)-Slurrk Oozes B3's Cleanup step
Turn: Turn 38 (Ai(2)-Kambal Taxes B3)
Phase: Ai(2)-Kambal Taxes B3's Untap step
Phase: Ai(2)-Kambal Taxes B3's Upkeep step
Add To Stack: Ai(4)-Nekusar Punisher B3 triggered Viseling
Mana: Swamp (182) - {T}: Add {B}.
Mana: Plains (162) - {T}: Add {W}.
Life: Life: Ai(2)-Kambal Taxes B3 15 > 13
Add To Stack: Ai(2)-Kambal Taxes B3 activated Erebos, God of the Dead
Resolve Stack: Erebos, God of the Dead (165) - Ai(2)-Kambal Taxes B3 draws a card.
Add To Stack: Ai(4)-Nekusar Punisher B3 triggered Nekusar, the Mindrazer
Mana: Swamp (187) - {T}: Add {B}.
Mana: Plains (152) - {T}: Add {W}.
Life: Life: Ai(2)-Kambal Taxes B3 13 > 11
Add To Stack: Ai(2)-Kambal Taxes B3 activated Erebos, God of the Dead
Resolve Stack: Erebos, God of the Dead (165) - Ai(2)-Kambal Taxes B3 draws a card.
Add To Stack: Ai(4)-Nekusar Punisher B3 triggered Nekusar, the Mindrazer
Damage: Nekusar, the Mindrazer (403) deals 1 non-combat damage to Ai(2)-Kambal Taxes B3.
Life: Life: Ai(2)-Kambal Taxes B3 11 > 10
Resolve Stack: Whenever an opponent draws a card, Nekusar, the Mindrazer deals 1 damage to that player. [Player: Ai(2)-Kambal Taxes B3]
Damage: Nekusar, the Mindrazer (403) deals 1 non-combat damage to Ai(2)-Kambal Taxes B3.
Life: Life: Ai(2)-Kambal Taxes B3 10 > 9
Resolve Stack: Whenever an opponent draws a card, Nekusar, the Mindrazer deals 1 damage to that player. [Player: Ai(2)-Kambal Taxes B3]
Damage: Viseling (306) deals 3 non-combat damage to Ai(2)-Kambal Taxes B3.
Life: Life: Ai(2)-Kambal Taxes B3 9 > 6
Resolve Stack: At the beginning of each opponent's upkeep, Viseling deals X damage to that player, where X is the number of cards in their hand minus 4. [Phase: Ai(2)-Kambal Taxes B3]
Phase: Ai(2)-Kambal Taxes B3's Draw step
Add To Stack: Ai(4)-Nekusar Punisher B3 triggered Nekusar, the Mindrazer
Add To Stack: Ai(4)-Nekusar Punisher B3 triggered Teferi's Puzzle Box
Add To Stack: Ai(4)-Nekusar Punisher B3 triggered Nekusar, the Mindrazer
Resolve Stack: At the beginning of each player's draw step, that player draws an additional card. [Phase: Ai(2)-Kambal Taxes B3]
Add To Stack: Ai(4)-Nekusar Punisher B3 triggered Nekusar, the Mindrazer
Damage: Nekusar, the Mindrazer (403) deals 1 non-combat damage to Ai(2)-Kambal Taxes B3.
Life: Life: Ai(2)-Kambal Taxes B3 6 > 5
Resolve Stack: Whenever an opponent draws a card, Nekusar, the Mindrazer deals 1 damage to that player. [Player: Ai(2)-Kambal Taxes B3]
Resolve Stack: At the beginning of each player's draw step, that player puts the cards in their hand on the bottom of their library in any order, then draws that many cards. [Phase: Ai(2)-Kambal Taxes B3]
Add To Stack: Ai(4)-Nekusar Punisher B3 triggered Nekusar, the Mindrazer
Add To Stack: Ai(4)-Nekusar Punisher B3 triggered Nekusar, the Mindrazer
Add To Stack: Ai(4)-Nekusar Punisher B3 triggered Nekusar, the Mindrazer
Add To Stack: Ai(4)-Nekusar Punisher B3 triggered Nekusar, the Mindrazer
Add To Stack: Ai(4)-Nekusar Punisher B3 triggered Nekusar, the Mindrazer
Add To Stack: Ai(4)-Nekusar Punisher B3 triggered Nekusar, the Mindrazer
Add To Stack: Ai(4)-Nekusar Punisher B3 triggered Nekusar, the Mindrazer
Add To Stack: Ai(4)-Nekusar Punisher B3 triggered Nekusar, the Mindrazer
Add To Stack: Ai(4)-Nekusar Punisher B3 triggered Nekusar, the Mindrazer
Damage: Nekusar, the Mindrazer (403) deals 1 non-combat damage to Ai(2)-Kambal Taxes B3.
Life: Life: Ai(2)-Kambal Taxes B3 5 > 4
Resolve Stack: Whenever an opponent draws a card, Nekusar, the Mindrazer deals 1 damage to that player. [Player: Ai(2)-Kambal Taxes B3]
Damage: Nekusar, the Mindrazer (403) deals 1 non-combat damage to Ai(2)-Kambal Taxes B3.
Life: Life: Ai(2)-Kambal Taxes B3 4 > 3
Resolve Stack: Whenever an opponent draws a card, Nekusar, the Mindrazer deals 1 damage to that player. [Player: Ai(2)-Kambal Taxes B3]
Damage: Nekusar, the Mindrazer (403) deals 1 non-combat damage to Ai(2)-Kambal Taxes B3.
Life: Life: Ai(2)-Kambal Taxes B3 3 > 2
Resolve Stack: Whenever an opponent draws a card, Nekusar, the Mindrazer deals 1 damage to that player. [Player: Ai(2)-Kambal Taxes B3]
Damage: Nekusar, the Mindrazer (403) deals 1 non-combat damage to Ai(2)-Kambal Taxes B3.
Life: Life: Ai(2)-Kambal Taxes B3 2 > 1
Resolve Stack: Whenever an opponent draws a card, Nekusar, the Mindrazer deals 1 damage to that player. [Player: Ai(2)-Kambal Taxes B3]
Damage: Nekusar, the Mindrazer (403) deals 1 non-combat damage to Ai(2)-Kambal Taxes B3.
Life: Life: Ai(2)-Kambal Taxes B3 1 > 0
Resolve Stack: Whenever an opponent draws a card, Nekusar, the Mindrazer deals 1 damage to that player. [Player: Ai(2)-Kambal Taxes B3]
Resolve Stack: Whenever an opponent draws a card, Nekusar, the Mindrazer deals 1 damage to that player. [Player: Ai(2)-Kambal Taxes B3]
Resolve Stack: Whenever an opponent draws a card, Nekusar, the Mindrazer deals 1 damage to that player. [Player: Ai(2)-Kambal Taxes B3]
Resolve Stack: Whenever an opponent draws a card, Nekusar, the Mindrazer deals 1 damage to that player. [Player: Ai(2)-Kambal Taxes B3]
Resolve Stack: Whenever an opponent draws a card, Nekusar, the Mindrazer deals 1 damage to that player. [Player: Ai(2)-Kambal Taxes B3]
Resolve Stack: Whenever an opponent draws a card, Nekusar, the Mindrazer deals 1 damage to that player. [Player: Ai(2)-Kambal Taxes B3]
Phase: Ai(2)-Kambal Taxes B3's Main phase, precombat
Phase: Ai(2)-Kambal Taxes B3's Beginning of Combat Step
Phase: Ai(2)-Kambal Taxes B3's Declare Attackers Step
Phase: Ai(2)-Kambal Taxes B3's Declare Blockers Step
Phase: Ai(2)-Kambal Taxes B3's First Strike Damage Step
Phase: Ai(2)-Kambal Taxes B3's Combat Damage Step
Phase: Ai(2)-Kambal Taxes B3's End of Combat Step
Phase: Ai(2)-Kambal Taxes B3's Main phase, postcombat
Phase: Ai(2)-Kambal Taxes B3's End step
Phase: Ai(2)-Kambal Taxes B3's Cleanup step
Turn: Turn 39 (Ai(3)-Kilo Helm Final)
Phase: Ai(3)-Kilo Helm Final's Untap step
Phase: Ai(3)-Kilo Helm Final's Upkeep step
Add To Stack: Ai(3)-Kilo Helm Final triggered Inventors' Fair
Add To Stack: Ai(4)-Nekusar Punisher B3 triggered Viseling
Mana: Mountain (288) - {T}: Add {R}.
Mana: Island (264) - {T}: Add {U}.
Mana: Inventors' Fair (204) - {T}: Add {C}.
Add To Stack: Ai(3)-Kilo Helm Final cast Chaos Warp targeting [Slurrk, All-Ingesting (100)]
Replacement Effect: If a commander would be put into its owner's hand or library from anywhere, its owner may put it into the command zone instead.
Resolve Stack: Chaos Warp (233) - Shuffle Slurrk, All-Ingesting (100) into its owner's library. Ai(3)-Kilo Helm Final reveals the top card of Ai(1)-Slurrk Oozes B3's library.
Resolve Stack: At the beginning of each opponent's upkeep, Viseling deals X damage to that player, where X is the number of cards in their hand minus 4. [Phase: Ai(3)-Kilo Helm Final]
Life: Life: Ai(3)-Kilo Helm Final 16 > 17
Resolve Stack: At the beginning of your upkeep, if you control three or more artifacts, you gain 1 life. [Phase: Ai(3)-Kilo Helm Final]
Phase: Ai(3)-Kilo Helm Final's Draw step
Add To Stack: Ai(4)-Nekusar Punisher B3 triggered Nekusar, the Mindrazer
Add To Stack: Ai(4)-Nekusar Punisher B3 triggered Teferi's Puzzle Box
Add To Stack: Ai(4)-Nekusar Punisher B3 triggered Nekusar, the Mindrazer
Resolve Stack: At the beginning of each player's draw step, that player draws an additional card. [Phase: Ai(3)-Kilo Helm Final]
Add To Stack: Ai(4)-Nekusar Punisher B3 triggered Nekusar, the Mindrazer
Damage: Nekusar, the Mindrazer (403) deals 1 non-combat damage to Ai(3)-Kilo Helm Final.
Life: Life: Ai(3)-Kilo Helm Final 17 > 16
Resolve Stack: Whenever an opponent draws a card, Nekusar, the Mindrazer deals 1 damage to that player. [Player: Ai(3)-Kilo Helm Final]
Resolve Stack: At the beginning of each player's draw step, that player puts the cards in their hand on the bottom of their library in any order, then draws that many cards. [Phase: Ai(3)-Kilo Helm Final]
Add To Stack: Ai(4)-Nekusar Punisher B3 triggered Nekusar, the Mindrazer
Add To Stack: Ai(4)-Nekusar Punisher B3 triggered Nekusar, the Mindrazer
Add To Stack: Ai(4)-Nekusar Punisher B3 triggered Nekusar, the Mindrazer
Add To Stack: Ai(4)-Nekusar Punisher B3 triggered Nekusar, the Mindrazer
Damage: Nekusar, the Mindrazer (403) deals 1 non-combat damage to Ai(3)-Kilo Helm Final.
Life: Life: Ai(3)-Kilo Helm Final 16 > 15
Resolve Stack: Whenever an opponent draws a card, Nekusar, the Mindrazer deals 1 damage to that player. [Player: Ai(3)-Kilo Helm Final]
Damage: Nekusar, the Mindrazer (403) deals 1 non-combat damage to Ai(3)-Kilo Helm Final.
Life: Life: Ai(3)-Kilo Helm Final 15 > 14
Resolve Stack: Whenever an opponent draws a card, Nekusar, the Mindrazer deals 1 damage to that player. [Player: Ai(3)-Kilo Helm Final]
Damage: Nekusar, the Mindrazer (403) deals 1 non-combat damage to Ai(3)-Kilo Helm Final.
Life: Life: Ai(3)-Kilo Helm Final 14 > 13
Resolve Stack: Whenever an opponent draws a card, Nekusar, the Mindrazer deals 1 damage to that player. [Player: Ai(3)-Kilo Helm Final]
Damage: Nekusar, the Mindrazer (403) deals 1 non-combat damage to Ai(3)-Kilo Helm Final.
Life: Life: Ai(3)-Kilo Helm Final 13 > 12
Resolve Stack: Whenever an opponent draws a card, Nekusar, the Mindrazer deals 1 damage to that player. [Player: Ai(3)-Kilo Helm Final]
Damage: Nekusar, the Mindrazer (403) deals 1 non-combat damage to Ai(3)-Kilo Helm Final.
Life: Life: Ai(3)-Kilo Helm Final 12 > 11
Resolve Stack: Whenever an opponent draws a card, Nekusar, the Mindrazer deals 1 damage to that player. [Player: Ai(3)-Kilo Helm Final]
Phase: Ai(3)-Kilo Helm Final's Main phase, precombat
Replacement Effect: Clifftop Retreat enters tapped unless you control a Mountain or a Plains.
Land: Ai(3)-Kilo Helm Final played Clifftop Retreat (228)
Phase: Ai(3)-Kilo Helm Final's Beginning of Combat Step
Phase: Ai(3)-Kilo Helm Final's Declare Attackers Step
Phase: Ai(3)-Kilo Helm Final's Declare Blockers Step
Phase: Ai(3)-Kilo Helm Final's First Strike Damage Step
Phase: Ai(3)-Kilo Helm Final's Combat Damage Step
Phase: Ai(3)-Kilo Helm Final's End of Combat Step
Phase: Ai(3)-Kilo Helm Final's Main phase, postcombat
Mana: Uthros, Titanic Godcore (240) - {T}: Add {U}.
Mana: Clifftop Retreat (228) - {T}: Add {R} or {W}.
Mana: Karn's Bastion (221) - {T}: Add {C}.
Mana: The Mycosynth Gardens (263) - {T}: Add {C}.
Mana: Adarkar Wastes (299) - {T}: Add {C}.
Add To Stack: Ai(3)-Kilo Helm Final cast Deepglow Skate
Resolve Stack: Deepglow Skate - Creature 3 / 3
Add To Stack: Ai(3)-Kilo Helm Final triggered Deepglow Skate targeting [Hangarback Walker (272)]
Resolve Stack: When Deepglow Skate enters, double the number of each kind of counter on any number of target permanents. (Targeting: [[Hangarback Walker (272)]]) [Zone Changer: Deepglow Skate (217)]
Phase: Ai(3)-Kilo Helm Final's End step
Phase: Ai(3)-Kilo Helm Final's Cleanup step
Turn: Turn 40 (Ai(4)-Nekusar Punisher B3)
Phase: Ai(4)-Nekusar Punisher B3's Untap step
Phase: Ai(4)-Nekusar Punisher B3's Upkeep step
Phase: Ai(4)-Nekusar Punisher B3's Draw step
Add To Stack: Ai(4)-Nekusar Punisher B3 triggered Teferi's Puzzle Box
Add To Stack: Ai(4)-Nekusar Punisher B3 triggered Nekusar, the Mindrazer
Resolve Stack: At the beginning of each player's draw step, that player draws an additional card. [Phase: Ai(4)-Nekusar Punisher B3]
Resolve Stack: At the beginning of each player's draw step, that player puts the cards in their hand on the bottom of their library in any order, then draws that many cards. [Phase: Ai(4)-Nekusar Punisher B3]
Phase: Ai(4)-Nekusar Punisher B3's Main phase, precombat
Phase: Ai(4)-Nekusar Punisher B3's Beginning of Combat Step
Mana: Swamp (397) - {T}: Add {B}.
Mana: Temple of Malice (315) - {T}: Add {B} or {R}.
Mana: Temple of Epiphany (342) - {T}: Add {U} or {R}.
Add To Stack: Ai(4)-Nekusar Punisher B3 cast Bedevil targeting [Deepglow Skate (217)]
Zone Change: Deepglow Skate (217) was put into Graveyard from Battlefield.
Resolve Stack: Bedevil (367) - Destroy Deepglow Skate (217).
Phase: Ai(4)-Nekusar Punisher B3's Declare Attackers Step
Phase: Ai(4)-Nekusar Punisher B3's Declare Blockers Step
Phase: Ai(4)-Nekusar Punisher B3's First Strike Damage Step
Phase: Ai(4)-Nekusar Punisher B3's Combat Damage Step
Phase: Ai(4)-Nekusar Punisher B3's End of Combat Step
Phase: Ai(4)-Nekusar Punisher B3's Main phase, postcombat
Mana: Blood Crypt (352) - {T}: Add {B}.
Mana: Commander's Sphere (323) - {T}: Add one mana of any color in your commander's color identity.
Mana: Island (362) - {T}: Add {U}.
Mana: Island (355) - {T}: Add {U}.
Add To Stack: Ai(4)-Nekusar Punisher B3 cast Kess, Dissident Mage
Resolve Stack: Kess, Dissident Mage - Creature 3 / 4
Phase: Ai(4)-Nekusar Punisher B3's End step
Phase: Ai(4)-Nekusar Punisher B3's Cleanup step
Turn: Turn 41 (Ai(1)-Slurrk Oozes B3)
Phase: Ai(1)-Slurrk Oozes B3's Untap step
Phase: Ai(1)-Slurrk Oozes B3's Upkeep step
Add To Stack: Ai(4)-Nekusar Punisher B3 triggered Viseling
Resolve Stack: At the beginning of each opponent's upkeep, Viseling deals X damage to that player, where X is the number of cards in their hand minus 4. [Phase: Ai(1)-Slurrk Oozes B3]
Phase: Ai(1)-Slurrk Oozes B3's Draw step
Add To Stack: Ai(4)-Nekusar Punisher B3 triggered Nekusar, the Mindrazer
Add To Stack: Ai(4)-Nekusar Punisher B3 triggered Teferi's Puzzle Box
Add To Stack: Ai(4)-Nekusar Punisher B3 triggered Nekusar, the Mindrazer
Mana: Forest (49) - {T}: Add {G}.
Mana: Swamp (85) - {T}: Add {B}.
Mana: Sol Ring (11) - {T}: Add {C}{C}.
Add To Stack: Ai(1)-Slurrk Oozes B3 cast Putrefy targeting [Kess, Dissident Mage (341)]
Zone Change: Kess, Dissident Mage (341) was put into Graveyard from Battlefield.
Resolve Stack: Putrefy (58) - Destroy Kess, Dissident Mage (341). It can't be regenerated.
Resolve Stack: At the beginning of each player's draw step, that player draws an additional card. [Phase: Ai(1)-Slurrk Oozes B3]
Add To Stack: Ai(4)-Nekusar Punisher B3 triggered Nekusar, the Mindrazer
Damage: Nekusar, the Mindrazer (403) deals 1 non-combat damage to Ai(1)-Slurrk Oozes B3.
Life: Life: Ai(1)-Slurrk Oozes B3 25 > 24
Resolve Stack: Whenever an opponent draws a card, Nekusar, the Mindrazer deals 1 damage to that player. [Player: Ai(1)-Slurrk Oozes B3]
Resolve Stack: At the beginning of each player's draw step, that player puts the cards in their hand on the bottom of their library in any order, then draws that many cards. [Phase: Ai(1)-Slurrk Oozes B3]
Add To Stack: Ai(4)-Nekusar Punisher B3 triggered Nekusar, the Mindrazer
Damage: Nekusar, the Mindrazer (403) deals 1 non-combat damage to Ai(1)-Slurrk Oozes B3.
Life: Life: Ai(1)-Slurrk Oozes B3 24 > 23
Resolve Stack: Whenever an opponent draws a card, Nekusar, the Mindrazer deals 1 damage to that player. [Player: Ai(1)-Slurrk Oozes B3]
Damage: Nekusar, the Mindrazer (403) deals 1 non-combat damage to Ai(1)-Slurrk Oozes B3.
Life: Life: Ai(1)-Slurrk Oozes B3 23 > 22
Resolve Stack: Whenever an opponent draws a card, Nekusar, the Mindrazer deals 1 damage to that player. [Player: Ai(1)-Slurrk Oozes B3]
Phase: Ai(1)-Slurrk Oozes B3's Main phase, precombat
Phase: Ai(1)-Slurrk Oozes B3's Beginning of Combat Step
Phase: Ai(1)-Slurrk Oozes B3's Declare Attackers Step
Phase: Ai(1)-Slurrk Oozes B3's Declare Blockers Step
Phase: Ai(1)-Slurrk Oozes B3's First Strike Damage Step
Phase: Ai(1)-Slurrk Oozes B3's Combat Damage Step
Phase: Ai(1)-Slurrk Oozes B3's End of Combat Step
Phase: Ai(1)-Slurrk Oozes B3's Main phase, postcombat
Mana: Forest (53) - {T}: Add {G}.
Mana: Swamp (82) - {T}: Add {B}.
Mana: Swamp (83) - {T}: Add {B}.
Mana: Swamp (79) - {T}: Add {B}.
Mana: Swamp (86) - {T}: Add {B}.
Mana: Swamp (81) - {T}: Add {B}.
Mana: Swamp (91) - {T}: Add {B}.
Mana: Forest (47) - {T}: Add {G}.
Mana: Forest (33) - {T}: Add {G}.
Mana: Forest (36) - {T}: Add {G}.
Mana: Woodland Cemetery (72) - {T}: Add {B} or {G}.
Mana: Overgrown Tomb (77) - {T}: Add {G}.
Add To Stack: Ai(1)-Slurrk Oozes B3 cast Slurrk, All-Ingesting
Replacement Effect: Slurrk, All-Ingesting enters with five +1/+1 counters on it.
Replacement Effect: If one or more +1/+1 counters would be put on a creature you control, that many plus one +1/+1 counters are put on it instead.
Resolve Stack: Slurrk, All-Ingesting - Creature 0 / 0
Phase: Ai(1)-Slurrk Oozes B3's End step
Mana: Solar Array (245) - {T}: Add one mana of any color. When you next cast an artifact spell this turn, that spell gains sunburst. (If it's a creature, it enters with a +1/+1 counter on it for each color of mana spent to cast it. Otherwise, it enters with that many charge counters on it.) 
Add To Stack: Ai(3)-Kilo Helm Final activated Hangarback Walker
Resolve Stack: Hangarback Walker (272) - Ai(3)-Kilo Helm Final puts a +1/+1 counter on Hangarback Walker (272).
Phase: Ai(1)-Slurrk Oozes B3's Cleanup step
Turn: Turn 42 (Ai(3)-Kilo Helm Final)
Phase: Ai(3)-Kilo Helm Final's Untap step
Phase: Ai(3)-Kilo Helm Final's Upkeep step
Add To Stack: Ai(3)-Kilo Helm Final triggered Inventors' Fair
Add To Stack: Ai(4)-Nekusar Punisher B3 triggered Viseling
Resolve Stack: At the beginning of each opponent's upkeep, Viseling deals X damage to that player, where X is the number of cards in their hand minus 4. [Phase: Ai(3)-Kilo Helm Final]
Life: Life: Ai(3)-Kilo Helm Final 11 > 12
Resolve Stack: At the beginning of your upkeep, if you control three or more artifacts, you gain 1 life. [Phase: Ai(3)-Kilo Helm Final]
Phase: Ai(3)-Kilo Helm Final's Draw step
Add To Stack: Ai(4)-Nekusar Punisher B3 triggered Nekusar, the Mindrazer
Add To Stack: Ai(4)-Nekusar Punisher B3 triggered Teferi's Puzzle Box
Add To Stack: Ai(4)-Nekusar Punisher B3 triggered Nekusar, the Mindrazer
Resolve Stack: At the beginning of each player's draw step, that player draws an additional card. [Phase: Ai(3)-Kilo Helm Final]
Add To Stack: Ai(4)-Nekusar Punisher B3 triggered Nekusar, the Mindrazer
Damage: Nekusar, the Mindrazer (403) deals 1 non-combat damage to Ai(3)-Kilo Helm Final.
Life: Life: Ai(3)-Kilo Helm Final 12 > 11
Resolve Stack: Whenever an opponent draws a card, Nekusar, the Mindrazer deals 1 damage to that player. [Player: Ai(3)-Kilo Helm Final]
Resolve Stack: At the beginning of each player's draw step, that player puts the cards in their hand on the bottom of their library in any order, then draws that many cards. [Phase: Ai(3)-Kilo Helm Final]
Add To Stack: Ai(4)-Nekusar Punisher B3 triggered Nekusar, the Mindrazer
Add To Stack: Ai(4)-Nekusar Punisher B3 triggered Nekusar, the Mindrazer
Add To Stack: Ai(4)-Nekusar Punisher B3 triggered Nekusar, the Mindrazer
Add To Stack: Ai(4)-Nekusar Punisher B3 triggered Nekusar, the Mindrazer
Damage: Nekusar, the Mindrazer (403) deals 1 non-combat damage to Ai(3)-Kilo Helm Final.
Life: Life: Ai(3)-Kilo Helm Final 11 > 10
Resolve Stack: Whenever an opponent draws a card, Nekusar, the Mindrazer deals 1 damage to that player. [Player: Ai(3)-Kilo Helm Final]
Damage: Nekusar, the Mindrazer (403) deals 1 non-combat damage to Ai(3)-Kilo Helm Final.
Life: Life: Ai(3)-Kilo Helm Final 10 > 9
Resolve Stack: Whenever an opponent draws a card, Nekusar, the Mindrazer deals 1 damage to that player. [Player: Ai(3)-Kilo Helm Final]
Damage: Nekusar, the Mindrazer (403) deals 1 non-combat damage to Ai(3)-Kilo Helm Final.
Life: Life: Ai(3)-Kilo Helm Final 9 > 8
Resolve Stack: Whenever an opponent draws a card, Nekusar, the Mindrazer deals 1 damage to that player. [Player: Ai(3)-Kilo Helm Final]
Damage: Nekusar, the Mindrazer (403) deals 1 non-combat damage to Ai(3)-Kilo Helm Final.
Life: Life: Ai(3)-Kilo Helm Final 8 > 7
Resolve Stack: Whenever an opponent draws a card, Nekusar, the Mindrazer deals 1 damage to that player. [Player: Ai(3)-Kilo Helm Final]
Damage: Nekusar, the Mindrazer (403) deals 1 non-combat damage to Ai(3)-Kilo Helm Final.
Life: Life: Ai(3)-Kilo Helm Final 7 > 6
Resolve Stack: Whenever an opponent draws a card, Nekusar, the Mindrazer deals 1 damage to that player. [Player: Ai(3)-Kilo Helm Final]
Phase: Ai(3)-Kilo Helm Final's Main phase, precombat
Land: Ai(3)-Kilo Helm Final played Spire of Industry (212)
Phase: Ai(3)-Kilo Helm Final's Beginning of Combat Step
Phase: Ai(3)-Kilo Helm Final's Declare Attackers Step
Phase: Ai(3)-Kilo Helm Final's Declare Blockers Step
Phase: Ai(3)-Kilo Helm Final's First Strike Damage Step
Phase: Ai(3)-Kilo Helm Final's Combat Damage Step
Phase: Ai(3)-Kilo Helm Final's End of Combat Step
Phase: Ai(3)-Kilo Helm Final's Main phase, postcombat
Mana: Island (264) - {T}: Add {U}.
Mana: Mountain (288) - {T}: Add {R}.
Add To Stack: Ai(3)-Kilo Helm Final cast Thought Monitor
Resolve Stack: Thought Monitor - Creature 2 / 2
Add To Stack: Ai(3)-Kilo Helm Final triggered Thought Monitor
Resolve Stack: When Thought Monitor enters, draw two cards. [Zone Changer: Thought Monitor (297)]
Add To Stack: Ai(4)-Nekusar Punisher B3 triggered Nekusar, the Mindrazer
Add To Stack: Ai(4)-Nekusar Punisher B3 triggered Nekusar, the Mindrazer
Mana: Clifftop Retreat (228) - {T}: Add {R} or {W}.
Mana: Karn's Bastion (221) - {T}: Add {C}.
Mana: Uthros, Titanic Godcore (240) - {T}: Add {U}.
Mana: The Mycosynth Gardens (263) - {T}: Add {C}.
Zone Change: Inventors' Fair (204) was put into Graveyard from Battlefield.
Add To Stack: Ai(3)-Kilo Helm Final activated Inventors' Fair
Resolve Stack: Inventors' Fair (204) - Ai(3)-Kilo Helm Final searches their library for an artifact card, reveals it, puts it into their hand, then shuffles.
Damage: Nekusar, the Mindrazer (403) deals 1 non-combat damage to Ai(3)-Kilo Helm Final.
Life: Life: Ai(3)-Kilo Helm Final 6 > 5
Resolve Stack: Whenever an opponent draws a card, Nekusar, the Mindrazer deals 1 damage to that player. [Player: Ai(3)-Kilo Helm Final]
Damage: Nekusar, the Mindrazer (403) deals 1 non-combat damage to Ai(3)-Kilo Helm Final.
Life: Life: Ai(3)-Kilo Helm Final 5 > 4
Resolve Stack: Whenever an opponent draws a card, Nekusar, the Mindrazer deals 1 damage to that player. [Player: Ai(3)-Kilo Helm Final]
Mana: Adarkar Wastes (299) - {T}: Add {C}.
Mana: Solar Array (245) - {T}: Add one mana of any color. When you next cast an artifact spell this turn, that spell gains sunburst. (If it's a creature, it enters with a +1/+1 counter on it for each color of mana spent to cast it. Otherwise, it enters with that many charge counters on it.) 
Mana: Spire of Industry (212) - {T}: Add {C}.
Add To Stack: Ai(3)-Kilo Helm Final cast Walking Ballista
Add To Stack: Ai(3)-Kilo Helm Final triggered Solar Array (245)'s Effect
Resolve Stack: When you next cast an artifact spell this turn, that spell gains sunburst. (If it's a creature, it enters with a +1/+1 counter on it for each color of mana spent to cast it. Otherwise, it enters with that many charge counters on it.) [Card: Walking Ballista (238), Activator: Ai(3)-Kilo Helm Final, SpellAbility: Walking Ballista - Creature 0 / 0 (X=0)]
Replacement Effect: Walking Ballista enters with X +1/+1 counters on it.
Replacement Effect: Sunburst (This enters with either a +1/+1 or charge counter on it for each color of mana spent to cast it based on whether it's a creature.)
Resolve Stack: Walking Ballista - Creature 0 / 0 (X=2)
Add To Stack: Ai(3)-Kilo Helm Final activated Walking Ballista targeting [Viseling (306)]
Damage: Walking Ballista (238) deals 1 damage to Viseling (306).
Resolve Stack: Walking Ballista (238) - Walking Ballista (238) deals 1 damage to Viseling (306).
Add To Stack: Ai(3)-Kilo Helm Final activated Walking Ballista targeting [Viseling (306)]
Damage: Walking Ballista (238) deals 1 damage to Viseling (306).
Resolve Stack: Walking Ballista (238) - Walking Ballista (238) deals 1 damage to Viseling (306).
Zone Change: Viseling (306) was put into Graveyard from Battlefield.
Phase: Ai(3)-Kilo Helm Final's End step
Phase: Ai(3)-Kilo Helm Final's Cleanup step
Turn: Turn 43 (Ai(4)-Nekusar Punisher B3)
Phase: Ai(4)-Nekusar Punisher B3's Untap step
Phase: Ai(4)-Nekusar Punisher B3's Upkeep step
Phase: Ai(4)-Nekusar Punisher B3's Draw step
Add To Stack: Ai(4)-Nekusar Punisher B3 triggered Teferi's Puzzle Box
Add To Stack: Ai(4)-Nekusar Punisher B3 triggered Nekusar, the Mindrazer
Resolve Stack: At the beginning of each player's draw step, that player draws an additional card. [Phase: Ai(4)-Nekusar Punisher B3]
Resolve Stack: At the beginning of each player's draw step, that player puts the cards in their hand on the bottom of their library in any order, then draws that many cards. [Phase: Ai(4)-Nekusar Punisher B3]
Phase: Ai(4)-Nekusar Punisher B3's Main phase, precombat
Phase: Ai(4)-Nekusar Punisher B3's Beginning of Combat Step
Phase: Ai(4)-Nekusar Punisher B3's Declare Attackers Step
Phase: Ai(4)-Nekusar Punisher B3's Declare Blockers Step
Phase: Ai(4)-Nekusar Punisher B3's First Strike Damage Step
Phase: Ai(4)-Nekusar Punisher B3's Combat Damage Step
Phase: Ai(4)-Nekusar Punisher B3's End of Combat Step
Phase: Ai(4)-Nekusar Punisher B3's Main phase, postcombat
Land: Ai(4)-Nekusar Punisher B3 played Swamp (390)
Mana: Island (362) - {T}: Add {U}.
Mana: Swamp (397) - {T}: Add {B}.
Mana: Swamp (390) - {T}: Add {B}.
Add To Stack: Ai(4)-Nekusar Punisher B3 cast Frantic Search
Discard: Ai(4)-Nekusar Punisher B3 discards Island (365).
Discard: Ai(4)-Nekusar Punisher B3 discards Mountain (383).
Resolve Stack: Frantic Search (336) - Ai(4)-Nekusar Punisher B3 draws two cards. Ai(4)-Nekusar Punisher B3 discards two cards. Untap up to 3 Lands.
Mana: Island (362) - {T}: Add {U}.
Mana: Island (355) - {T}: Add {U}.
Mana: Swamp (397) - {T}: Add {B}.
Mana: Swamp (390) - {T}: Add {B}.
Mana: Temple of Epiphany (342) - {T}: Add {U} or {R}.
Mana: Temple of Malice (315) - {T}: Add {B} or {R}.
Add To Stack: Ai(4)-Nekusar Punisher B3 cast Consecrated Sphinx
Resolve Stack: Consecrated Sphinx - Creature 4 / 6
Phase: Ai(4)-Nekusar Punisher B3's End step
Phase: Ai(4)-Nekusar Punisher B3's Cleanup step
Turn: Turn 44 (Ai(1)-Slurrk Oozes B3)
Phase: Ai(1)-Slurrk Oozes B3's Untap step
Phase: Ai(1)-Slurrk Oozes B3's Upkeep step
Phase: Ai(1)-Slurrk Oozes B3's Draw step
Add To Stack: Ai(4)-Nekusar Punisher B3 triggered Nekusar, the Mindrazer
Add To Stack: Ai(4)-Nekusar Punisher B3 triggered Teferi's Puzzle Box
Add To Stack: Ai(4)-Nekusar Punisher B3 triggered Consecrated Sphinx
Add To Stack: Ai(4)-Nekusar Punisher B3 triggered Nekusar, the Mindrazer
Resolve Stack: At the beginning of each player's draw step, that player draws an additional card. [Phase: Ai(1)-Slurrk Oozes B3]
Add To Stack: Ai(4)-Nekusar Punisher B3 triggered Nekusar, the Mindrazer
Add To Stack: Ai(4)-Nekusar Punisher B3 triggered Consecrated Sphinx
Resolve Stack: Whenever an opponent draws a card, you may draw two cards. [Player: Ai(1)-Slurrk Oozes B3]
Damage: Nekusar, the Mindrazer (403) deals 1 non-combat damage to Ai(1)-Slurrk Oozes B3.
Life: Life: Ai(1)-Slurrk Oozes B3 22 > 21
Resolve Stack: Whenever an opponent draws a card, Nekusar, the Mindrazer deals 1 damage to that player. [Player: Ai(1)-Slurrk Oozes B3]
Resolve Stack: Whenever an opponent draws a card, you may draw two cards. [Player: Ai(1)-Slurrk Oozes B3]
Resolve Stack: At the beginning of each player's draw step, that player puts the cards in their hand on the bottom of their library in any order, then draws that many cards. [Phase: Ai(1)-Slurrk Oozes B3]
Add To Stack: Ai(4)-Nekusar Punisher B3 triggered Nekusar, the Mindrazer
Add To Stack: Ai(4)-Nekusar Punisher B3 triggered Nekusar, the Mindrazer
Add To Stack: Ai(4)-Nekusar Punisher B3 triggered Nekusar, the Mindrazer
Add To Stack: Ai(4)-Nekusar Punisher B3 triggered Consecrated Sphinx
Add To Stack: Ai(4)-Nekusar Punisher B3 triggered Consecrated Sphinx
Add To Stack: Ai(4)-Nekusar Punisher B3 triggered Consecrated Sphinx
Resolve Stack: Whenever an opponent draws a card, you may draw two cards. [Player: Ai(1)-Slurrk Oozes B3]
Resolve Stack: Whenever an opponent draws a card, you may draw two cards. [Player: Ai(1)-Slurrk Oozes B3]
Resolve Stack: Whenever an opponent draws a card, you may draw two cards. [Player: Ai(1)-Slurrk Oozes B3]
Damage: Nekusar, the Mindrazer (403) deals 1 non-combat damage to Ai(1)-Slurrk Oozes B3.
Life: Life: Ai(1)-Slurrk Oozes B3 21 > 20
Resolve Stack: Whenever an opponent draws a card, Nekusar, the Mindrazer deals 1 damage to that player. [Player: Ai(1)-Slurrk Oozes B3]
Damage: Nekusar, the Mindrazer (403) deals 1 non-combat damage to Ai(1)-Slurrk Oozes B3.
Life: Life: Ai(1)-Slurrk Oozes B3 20 > 19
Resolve Stack: Whenever an opponent draws a card, Nekusar, the Mindrazer deals 1 damage to that player. [Player: Ai(1)-Slurrk Oozes B3]
Damage: Nekusar, the Mindrazer (403) deals 1 non-combat damage to Ai(1)-Slurrk Oozes B3.
Life: Life: Ai(1)-Slurrk Oozes B3 19 > 18
Resolve Stack: Whenever an opponent draws a card, Nekusar, the Mindrazer deals 1 damage to that player. [Player: Ai(1)-Slurrk Oozes B3]
Damage: Nekusar, the Mindrazer (403) deals 1 non-combat damage to Ai(1)-Slurrk Oozes B3.
Life: Life: Ai(1)-Slurrk Oozes B3 18 > 17
Resolve Stack: Whenever an opponent draws a card, Nekusar, the Mindrazer deals 1 damage to that player. [Player: Ai(1)-Slurrk Oozes B3]
Add To Stack: Ai(3)-Kilo Helm Final activated Walking Ballista targeting [Elvish Mystic (24)]
Zone Change: Walking Ballista (238) was put into Graveyard from Battlefield.
Damage: Walking Ballista (238) deals 1 damage to Elvish Mystic (24).
Resolve Stack: Walking Ballista (238) - Walking Ballista (238) deals 1 damage to Elvish Mystic (24).
Zone Change: Elvish Mystic (24) was put into Graveyard from Battlefield.
Phase: Ai(1)-Slurrk Oozes B3's Main phase, precombat
Phase: Ai(1)-Slurrk Oozes B3's Beginning of Combat Step
Phase: Ai(1)-Slurrk Oozes B3's Declare Attackers Step
Combat: Ai(1)-Slurrk Oozes B3 assigned Slurrk, All-Ingesting (100) and Slippery Bogbonder (16) to attack Ai(3)-Kilo Helm Final.
Phase: Ai(1)-Slurrk Oozes B3's Declare Blockers Step
Combat: Ai(3)-Kilo Helm Final assigned Kilo, Apogee Mind (302) to block Slurrk, All-Ingesting (100).
Ai(3)-Kilo Helm Final assigned Hangarback Walker (272) to block Slippery Bogbonder (16).
Phase: Ai(1)-Slurrk Oozes B3's First Strike Damage Step
Phase: Ai(1)-Slurrk Oozes B3's Combat Damage Step
Damage: Slurrk, All-Ingesting (100) deals 6 damage to Kilo, Apogee Mind (302).
Damage: Slippery Bogbonder (16) deals 3 damage to Hangarback Walker (272).
Damage: Hangarback Walker (272) deals 3 damage to Slippery Bogbonder (16).
Damage: Kilo, Apogee Mind (302) deals 3 damage to Slurrk, All-Ingesting (100).
Zone Change: Slippery Bogbonder (16) was put into Graveyard from Battlefield.
Zone Change: Kilo, Apogee Mind (302) was put into Graveyard from Battlefield.
Zone Change: Hangarback Walker (272) was put into Graveyard from Battlefield.
Add To Stack: Ai(3)-Kilo Helm Final triggered Hangarback Walker
Resolve Stack: When Hangarback Walker dies, create a 1/1 colorless Thopter artifact creature token with flying for each +1/+1 counter on Hangarback Walker. [Zone Changer: Hangarback Walker (272)]
Phase: Ai(1)-Slurrk Oozes B3's End of Combat Step
Phase: Ai(1)-Slurrk Oozes B3's Main phase, postcombat
Land: Ai(1)-Slurrk Oozes B3 played Karn's Bastion (15)
Mana: Forest (49) - {T}: Add {G}.
Mana: Sol Ring (11) - {T}: Add {C}{C}.
Add To Stack: Ai(1)-Slurrk Oozes B3 cast Branching Evolution
Resolve Stack: Branching Evolution
Phase: Ai(1)-Slurrk Oozes B3's End step
Phase: Ai(1)-Slurrk Oozes B3's Cleanup step
Turn: Turn 45 (Ai(3)-Kilo Helm Final)
Phase: Ai(3)-Kilo Helm Final's Untap step
Phase: Ai(3)-Kilo Helm Final's Upkeep step
Phase: Ai(3)-Kilo Helm Final's Draw step
Add To Stack: Ai(4)-Nekusar Punisher B3 triggered Nekusar, the Mindrazer
Add To Stack: Ai(4)-Nekusar Punisher B3 triggered Teferi's Puzzle Box
Add To Stack: Ai(4)-Nekusar Punisher B3 triggered Consecrated Sphinx
Add To Stack: Ai(4)-Nekusar Punisher B3 triggered Nekusar, the Mindrazer
Resolve Stack: At the beginning of each player's draw step, that player draws an additional card. [Phase: Ai(3)-Kilo Helm Final]
Add To Stack: Ai(4)-Nekusar Punisher B3 triggered Nekusar, the Mindrazer
Add To Stack: Ai(4)-Nekusar Punisher B3 triggered Consecrated Sphinx
Resolve Stack: Whenever an opponent draws a card, you may draw two cards. [Player: Ai(3)-Kilo Helm Final]
Damage: Nekusar, the Mindrazer (403) deals 1 non-combat damage to Ai(3)-Kilo Helm Final.
Life: Life: Ai(3)-Kilo Helm Final 4 > 3
Resolve Stack: Whenever an opponent draws a card, Nekusar, the Mindrazer deals 1 damage to that player. [Player: Ai(3)-Kilo Helm Final]
Resolve Stack: Whenever an opponent draws a card, you may draw two cards. [Player: Ai(3)-Kilo Helm Final]
Resolve Stack: At the beginning of each player's draw step, that player puts the cards in their hand on the bottom of their library in any order, then draws that many cards. [Phase: Ai(3)-Kilo Helm Final]
Add To Stack: Ai(4)-Nekusar Punisher B3 triggered Nekusar, the Mindrazer
Add To Stack: Ai(4)-Nekusar Punisher B3 triggered Nekusar, the Mindrazer
Add To Stack: Ai(4)-Nekusar Punisher B3 triggered Nekusar, the Mindrazer
Add To Stack: Ai(4)-Nekusar Punisher B3 triggered Nekusar, the Mindrazer
Add To Stack: Ai(4)-Nekusar Punisher B3 triggered Nekusar, the Mindrazer
Add To Stack: Ai(4)-Nekusar Punisher B3 triggered Nekusar, the Mindrazer
Add To Stack: Ai(4)-Nekusar Punisher B3 triggered Consecrated Sphinx
Add To Stack: Ai(4)-Nekusar Punisher B3 triggered Consecrated Sphinx
Add To Stack: Ai(4)-Nekusar Punisher B3 triggered Consecrated Sphinx
Add To Stack: Ai(4)-Nekusar Punisher B3 triggered Consecrated Sphinx
Add To Stack: Ai(4)-Nekusar Punisher B3 triggered Consecrated Sphinx
Add To Stack: Ai(4)-Nekusar Punisher B3 triggered Consecrated Sphinx
Resolve Stack: Whenever an opponent draws a card, you may draw two cards. [Player: Ai(3)-Kilo Helm Final]
Resolve Stack: Whenever an opponent draws a card, you may draw two cards. [Player: Ai(3)-Kilo Helm Final]
Resolve Stack: Whenever an opponent draws a card, you may draw two cards. [Player: Ai(3)-Kilo Helm Final]
Resolve Stack: Whenever an opponent draws a card, you may draw two cards. [Player: Ai(3)-Kilo Helm Final]
Resolve Stack: Whenever an opponent draws a card, you may draw two cards. [Player: Ai(3)-Kilo Helm Final]
Resolve Stack: Whenever an opponent draws a card, you may draw two cards. [Player: Ai(3)-Kilo Helm Final]
Damage: Nekusar, the Mindrazer (403) deals 1 non-combat damage to Ai(3)-Kilo Helm Final.
Life: Life: Ai(3)-Kilo Helm Final 3 > 2
Resolve Stack: Whenever an opponent draws a card, Nekusar, the Mindrazer deals 1 damage to that player. [Player: Ai(3)-Kilo Helm Final]
Damage: Nekusar, the Mindrazer (403) deals 1 non-combat damage to Ai(3)-Kilo Helm Final.
Life: Life: Ai(3)-Kilo Helm Final 2 > 1
Resolve Stack: Whenever an opponent draws a card, Nekusar, the Mindrazer deals 1 damage to that player. [Player: Ai(3)-Kilo Helm Final]
Damage: Nekusar, the Mindrazer (403) deals 1 non-combat damage to Ai(3)-Kilo Helm Final.
Life: Life: Ai(3)-Kilo Helm Final 1 > 0
Resolve Stack: Whenever an opponent draws a card, Nekusar, the Mindrazer deals 1 damage to that player. [Player: Ai(3)-Kilo Helm Final]
Resolve Stack: Whenever an opponent draws a card, Nekusar, the Mindrazer deals 1 damage to that player. [Player: Ai(3)-Kilo Helm Final]
Resolve Stack: Whenever an opponent draws a card, Nekusar, the Mindrazer deals 1 damage to that player. [Player: Ai(3)-Kilo Helm Final]
Resolve Stack: Whenever an opponent draws a card, Nekusar, the Mindrazer deals 1 damage to that player. [Player: Ai(3)-Kilo Helm Final]
Resolve Stack: Whenever an opponent draws a card, Nekusar, the Mindrazer deals 1 damage to that player. [Player: Ai(3)-Kilo Helm Final]
Phase: Ai(3)-Kilo Helm Final's Main phase, precombat
Phase: Ai(3)-Kilo Helm Final's Beginning of Combat Step
Phase: Ai(3)-Kilo Helm Final's Declare Attackers Step
Phase: Ai(3)-Kilo Helm Final's Declare Blockers Step
Phase: Ai(3)-Kilo Helm Final's First Strike Damage Step
Phase: Ai(3)-Kilo Helm Final's Combat Damage Step
Phase: Ai(3)-Kilo Helm Final's End of Combat Step
Phase: Ai(3)-Kilo Helm Final's Main phase, postcombat
Phase: Ai(3)-Kilo Helm Final's End step
Phase: Ai(3)-Kilo Helm Final's Cleanup step
Turn: Turn 46 (Ai(4)-Nekusar Punisher B3)
Phase: Ai(4)-Nekusar Punisher B3's Untap step
Phase: Ai(4)-Nekusar Punisher B3's Upkeep step
Mana: Island (362) - {T}: Add {U}.
Mana: Temple of Malice (315) - {T}: Add {B} or {R}.
Mana: Swamp (397) - {T}: Add {B}.
Add To Stack: Ai(4)-Nekusar Punisher B3 cast Crosis's Charm
Zone Change: Slurrk, All-Ingesting (100) was put into Graveyard from Battlefield.
Resolve Stack: Crosis's Charm (332) -  Destroy target nonblack creature. It can't be regenerated. (Targeting: Slurrk, All-Ingesting (100))
Add To Stack: Ai(1)-Slurrk Oozes B3 triggered Slurrk, All-Ingesting
Resolve Stack: Whenever Slurrk or another creature dies, if it had a +1/+1 counter on it, put a +1/+1 counter on each creature you control that has a +1/+1 counter on it. [Zone Changer: Slurrk, All-Ingesting (100)]
Phase: Ai(4)-Nekusar Punisher B3's Draw step
Add To Stack: Ai(4)-Nekusar Punisher B3 triggered Teferi's Puzzle Box
Add To Stack: Ai(4)-Nekusar Punisher B3 triggered Nekusar, the Mindrazer
Resolve Stack: At the beginning of each player's draw step, that player draws an additional card. [Phase: Ai(4)-Nekusar Punisher B3]
Resolve Stack: At the beginning of each player's draw step, that player puts the cards in their hand on the bottom of their library in any order, then draws that many cards. [Phase: Ai(4)-Nekusar Punisher B3]
Phase: Ai(4)-Nekusar Punisher B3's Main phase, precombat
Land: Ai(4)-Nekusar Punisher B3 played Island (360)
Phase: Ai(4)-Nekusar Punisher B3's Beginning of Combat Step
Phase: Ai(4)-Nekusar Punisher B3's Declare Attackers Step
Combat: Ai(4)-Nekusar Punisher B3 assigned Consecrated Sphinx (311) and Nekusar, the Mindrazer (403) to attack Ai(1)-Slurrk Oozes B3.
Phase: Ai(4)-Nekusar Punisher B3's Declare Blockers Step
Combat: Ai(1)-Slurrk Oozes B3 didn't block Consecrated Sphinx (311).
Ai(1)-Slurrk Oozes B3 didn't block Nekusar, the Mindrazer (403).
Phase: Ai(4)-Nekusar Punisher B3's First Strike Damage Step
Phase: Ai(4)-Nekusar Punisher B3's Combat Damage Step
Damage: Consecrated Sphinx (311) deals 4 combat damage to Ai(1)-Slurrk Oozes B3.
Damage: Nekusar, the Mindrazer (403) deals 2 combat damage to Ai(1)-Slurrk Oozes B3.
Life: Life: Ai(1)-Slurrk Oozes B3 17 > 11
Phase: Ai(4)-Nekusar Punisher B3's End of Combat Step
Phase: Ai(4)-Nekusar Punisher B3's Main phase, postcombat
Mana: Swamp (390) - {T}: Add {B}.
Mana: Temple of Epiphany (342) - {T}: Add {U} or {R}.
Mana: Island (355) - {T}: Add {U}.
Mana: Island (360) - {T}: Add {U}.
Mana: Blood Crypt (352) - {T}: Add {R}.
Mana: Commander's Sphere (323) - {T}: Add one mana of any color in your commander's color identity.
Add To Stack: Ai(4)-Nekusar Punisher B3 cast Sire of Insanity
Resolve Stack: Sire of Insanity - Creature 6 / 4
Phase: Ai(4)-Nekusar Punisher B3's End step
Add To Stack: Ai(4)-Nekusar Punisher B3 triggered Sire of Insanity
Discard: Ai(1)-Slurrk Oozes B3 discards Exotic Orchard (99).
Discard: Ai(4)-Nekusar Punisher B3 discards Mountain (374).
Discard: Ai(4)-Nekusar Punisher B3 discards Island (359).
Discard: Ai(4)-Nekusar Punisher B3 discards Mountain (380).
Discard: Ai(4)-Nekusar Punisher B3 discards Terminate (351).
Discard: Ai(4)-Nekusar Punisher B3 discards Toxic Deluge (318).
Discard: Ai(4)-Nekusar Punisher B3 discards Waste Not (386).
Discard: Ai(4)-Nekusar Punisher B3 discards Island (354).
Discard: Ai(4)-Nekusar Punisher B3 discards Mountain (377).
Discard: Ai(4)-Nekusar Punisher B3 discards Kederekt Parasite (343).
Discard: Ai(4)-Nekusar Punisher B3 discards Spiteful Visions (385).
Discard: Ai(4)-Nekusar Punisher B3 discards Iron Maiden (369).
Discard: Ai(4)-Nekusar Punisher B3 discards Swamp (387).
Discard: Ai(4)-Nekusar Punisher B3 discards Bloodchief Ascension (384).
Discard: Ai(4)-Nekusar Punisher B3 discards Mountain (376).
Discard: Ai(4)-Nekusar Punisher B3 discards Swamp (395).
Discard: Ai(4)-Nekusar Punisher B3 discards Swamp (389).
Discard: Ai(4)-Nekusar Punisher B3 discards Swamp (391).
Discard: Ai(4)-Nekusar Punisher B3 discards Island (363).
Discard: Ai(4)-Nekusar Punisher B3 discards Windfall (370).
Discard: Ai(4)-Nekusar Punisher B3 discards Phyrexian Tyranny (317).
Discard: Ai(4)-Nekusar Punisher B3 discards Arcane Signet (399).
Discard: Ai(4)-Nekusar Punisher B3 discards Winds of Change (347).
Discard: Ai(4)-Nekusar Punisher B3 discards Thought Vessel (340).
Discard: Ai(4)-Nekusar Punisher B3 discards Venser's Journal (333).
Discard: Ai(4)-Nekusar Punisher B3 discards Rakdos Signet (349).
Discard: Ai(4)-Nekusar Punisher B3 discards Fate Unraveler (324).
Discard: Ai(4)-Nekusar Punisher B3 discards Mountain (375).
Discard: Ai(4)-Nekusar Punisher B3 discards Island (357).
Resolve Stack: At the beginning of each end step, each player discards their hand. [Phase: Ai(4)-Nekusar Punisher B3]
Zone Change: Commander's Sphere (323) was put into Graveyard from Battlefield.
Add To Stack: Ai(4)-Nekusar Punisher B3 activated Commander's Sphere
Resolve Stack: Commander's Sphere (323) - Ai(4)-Nekusar Punisher B3 draws a card.
Phase: Ai(4)-Nekusar Punisher B3's Cleanup step
Turn: Turn 47 (Ai(1)-Slurrk Oozes B3)
Phase: Ai(1)-Slurrk Oozes B3's Untap step
Phase: Ai(1)-Slurrk Oozes B3's Upkeep step
Phase: Ai(1)-Slurrk Oozes B3's Draw step
Add To Stack: Ai(4)-Nekusar Punisher B3 triggered Nekusar, the Mindrazer
Add To Stack: Ai(4)-Nekusar Punisher B3 triggered Teferi's Puzzle Box
Add To Stack: Ai(4)-Nekusar Punisher B3 triggered Consecrated Sphinx
Add To Stack: Ai(4)-Nekusar Punisher B3 triggered Nekusar, the Mindrazer
Resolve Stack: At the beginning of each player's draw step, that player draws an additional card. [Phase: Ai(1)-Slurrk Oozes B3]
Add To Stack: Ai(4)-Nekusar Punisher B3 triggered Nekusar, the Mindrazer
Add To Stack: Ai(4)-Nekusar Punisher B3 triggered Consecrated Sphinx
Resolve Stack: Whenever an opponent draws a card, you may draw two cards. [Player: Ai(1)-Slurrk Oozes B3]
Damage: Nekusar, the Mindrazer (403) deals 1 non-combat damage to Ai(1)-Slurrk Oozes B3.
Life: Life: Ai(1)-Slurrk Oozes B3 11 > 10
Resolve Stack: Whenever an opponent draws a card, Nekusar, the Mindrazer deals 1 damage to that player. [Player: Ai(1)-Slurrk Oozes B3]
Resolve Stack: Whenever an opponent draws a card, you may draw two cards. [Player: Ai(1)-Slurrk Oozes B3]
Resolve Stack: At the beginning of each player's draw step, that player puts the cards in their hand on the bottom of their library in any order, then draws that many cards. [Phase: Ai(1)-Slurrk Oozes B3]
Add To Stack: Ai(4)-Nekusar Punisher B3 triggered Nekusar, the Mindrazer
Add To Stack: Ai(4)-Nekusar Punisher B3 triggered Nekusar, the Mindrazer
Add To Stack: Ai(4)-Nekusar Punisher B3 triggered Consecrated Sphinx
Add To Stack: Ai(4)-Nekusar Punisher B3 triggered Consecrated Sphinx
Resolve Stack: Whenever an opponent draws a card, you may draw two cards. [Player: Ai(1)-Slurrk Oozes B3]
Resolve Stack: Whenever an opponent draws a card, you may draw two cards. [Player: Ai(1)-Slurrk Oozes B3]
Damage: Nekusar, the Mindrazer (403) deals 1 non-combat damage to Ai(1)-Slurrk Oozes B3.
Life: Life: Ai(1)-Slurrk Oozes B3 10 > 9
Resolve Stack: Whenever an opponent draws a card, Nekusar, the Mindrazer deals 1 damage to that player. [Player: Ai(1)-Slurrk Oozes B3]
Damage: Nekusar, the Mindrazer (403) deals 1 non-combat damage to Ai(1)-Slurrk Oozes B3.
Life: Life: Ai(1)-Slurrk Oozes B3 9 > 8
Resolve Stack: Whenever an opponent draws a card, Nekusar, the Mindrazer deals 1 damage to that player. [Player: Ai(1)-Slurrk Oozes B3]
Damage: Nekusar, the Mindrazer (403) deals 1 non-combat damage to Ai(1)-Slurrk Oozes B3.
Life: Life: Ai(1)-Slurrk Oozes B3 8 > 7
Resolve Stack: Whenever an opponent draws a card, Nekusar, the Mindrazer deals 1 damage to that player. [Player: Ai(1)-Slurrk Oozes B3]
Phase: Ai(1)-Slurrk Oozes B3's Main phase, precombat
Land: Ai(1)-Slurrk Oozes B3 played Forest (37)
Phase: Ai(1)-Slurrk Oozes B3's Beginning of Combat Step
Phase: Ai(1)-Slurrk Oozes B3's Declare Attackers Step
Phase: Ai(1)-Slurrk Oozes B3's Declare Blockers Step
Phase: Ai(1)-Slurrk Oozes B3's First Strike Damage Step
Phase: Ai(1)-Slurrk Oozes B3's Combat Damage Step
Phase: Ai(1)-Slurrk Oozes B3's End of Combat Step
Phase: Ai(1)-Slurrk Oozes B3's Main phase, postcombat
Mana: Forest (49) - {T}: Add {G}.
Mana: Sol Ring (11) - {T}: Add {C}{C}.
Mana: Forest (53) - {T}: Add {G}.
Mana: Swamp (85) - {T}: Add {B}.
Mana: Swamp (82) - {T}: Add {B}.
Mana: Swamp (83) - {T}: Add {B}.
Mana: Swamp (79) - {T}: Add {B}.
Mana: Forest (47) - {T}: Add {G}.
Mana: Forest (33) - {T}: Add {G}.
Mana: Forest (36) - {T}: Add {G}.
Mana: Swamp (86) - {T}: Add {B}.
Mana: Swamp (81) - {T}: Add {B}.
Mana: Swamp (91) - {T}: Add {B}.
Add To Stack: Ai(1)-Slurrk Oozes B3 cast Slurrk, All-Ingesting
Replacement Effect: Slurrk, All-Ingesting enters with five +1/+1 counters on it.
Replacement Effect: If one or more +1/+1 counters would be put on a creature you control, that many plus one +1/+1 counters are put on it instead.
Replacement Effect: If one or more +1/+1 counters would be put a creature you control, twice that many +1/+1 counters are put on that creature instead.
Resolve Stack: Slurrk, All-Ingesting - Creature 0 / 0
Phase: Ai(1)-Slurrk Oozes B3's End step
Add To Stack: Ai(4)-Nekusar Punisher B3 triggered Sire of Insanity
Discard: Ai(1)-Slurrk Oozes B3 discards Forest (52).
Discard: Ai(4)-Nekusar Punisher B3 discards Steam Vents (304).
Discard: Ai(4)-Nekusar Punisher B3 discards Crumbling Necropolis (348).
Discard: Ai(4)-Nekusar Punisher B3 discards Molten Psyche (366).
Discard: Ai(4)-Nekusar Punisher B3 discards Blasphemous Act (328).
Discard: Ai(4)-Nekusar Punisher B3 discards Sheoldred, the Apocalypse (330).
Discard: Ai(4)-Nekusar Punisher B3 discards Swamp (394).
Discard: Ai(4)-Nekusar Punisher B3 discards Mountain (382).
Discard: Ai(4)-Nekusar Punisher B3 discards Watery Grave (314).
Discard: Ai(4)-Nekusar Punisher B3 discards Magus of the Wheel (309).
Resolve Stack: At the beginning of each end step, each player discards their hand. [Phase: Ai(1)-Slurrk Oozes B3]
Phase: Ai(1)-Slurrk Oozes B3's Cleanup step
Turn: Turn 48 (Ai(4)-Nekusar Punisher B3)
Phase: Ai(4)-Nekusar Punisher B3's Untap step
Phase: Ai(4)-Nekusar Punisher B3's Upkeep step
Phase: Ai(4)-Nekusar Punisher B3's Draw step
Add To Stack: Ai(4)-Nekusar Punisher B3 triggered Teferi's Puzzle Box
Add To Stack: Ai(4)-Nekusar Punisher B3 triggered Nekusar, the Mindrazer
Resolve Stack: At the beginning of each player's draw step, that player draws an additional card. [Phase: Ai(4)-Nekusar Punisher B3]
Resolve Stack: At the beginning of each player's draw step, that player puts the cards in their hand on the bottom of their library in any order, then draws that many cards. [Phase: Ai(4)-Nekusar Punisher B3]
Phase: Ai(4)-Nekusar Punisher B3's Main phase, precombat
Phase: Ai(4)-Nekusar Punisher B3's Beginning of Combat Step
Phase: Ai(4)-Nekusar Punisher B3's Declare Attackers Step
Combat: Ai(4)-Nekusar Punisher B3 assigned Sire of Insanity (335), Consecrated Sphinx (311) and Nekusar, the Mindrazer (403) to attack Ai(1)-Slurrk Oozes B3.
Phase: Ai(4)-Nekusar Punisher B3's Declare Blockers Step
Combat: Ai(1)-Slurrk Oozes B3 assigned Slurrk, All-Ingesting (100) to block Sire of Insanity (335).
Ai(1)-Slurrk Oozes B3 didn't block Consecrated Sphinx (311).
Ai(1)-Slurrk Oozes B3 didn't block Nekusar, the Mindrazer (403).
Phase: Ai(4)-Nekusar Punisher B3's First Strike Damage Step
Phase: Ai(4)-Nekusar Punisher B3's Combat Damage Step
Damage: Sire of Insanity (335) deals 6 damage to Slurrk, All-Ingesting (100).
Damage: Consecrated Sphinx (311) deals 4 combat damage to Ai(1)-Slurrk Oozes B3.
Damage: Nekusar, the Mindrazer (403) deals 2 combat damage to Ai(1)-Slurrk Oozes B3.
Damage: Slurrk, All-Ingesting (100) deals 12 damage to Sire of Insanity (335).
Life: Life: Ai(1)-Slurrk Oozes B3 7 > 1
Zone Change: Sire of Insanity (335) was put into Graveyard from Battlefield.
Phase: Ai(4)-Nekusar Punisher B3's End of Combat Step
Phase: Ai(4)-Nekusar Punisher B3's Main phase, postcombat
Land: Ai(4)-Nekusar Punisher B3 played Mountain (381)
Phase: Ai(4)-Nekusar Punisher B3's End step
Phase: Ai(4)-Nekusar Punisher B3's Cleanup step
Turn: Turn 49 (Ai(1)-Slurrk Oozes B3)
Phase: Ai(1)-Slurrk Oozes B3's Untap step
Phase: Ai(1)-Slurrk Oozes B3's Upkeep step
Phase: Ai(1)-Slurrk Oozes B3's Draw step
Add To Stack: Ai(4)-Nekusar Punisher B3 triggered Nekusar, the Mindrazer
Add To Stack: Ai(4)-Nekusar Punisher B3 triggered Teferi's Puzzle Box
Add To Stack: Ai(4)-Nekusar Punisher B3 triggered Consecrated Sphinx
Add To Stack: Ai(4)-Nekusar Punisher B3 triggered Nekusar, the Mindrazer
Resolve Stack: At the beginning of each player's draw step, that player draws an additional card. [Phase: Ai(1)-Slurrk Oozes B3]
Add To Stack: Ai(4)-Nekusar Punisher B3 triggered Nekusar, the Mindrazer
Add To Stack: Ai(4)-Nekusar Punisher B3 triggered Consecrated Sphinx
Resolve Stack: Whenever an opponent draws a card, you may draw two cards. [Player: Ai(1)-Slurrk Oozes B3]
Damage: Nekusar, the Mindrazer (403) deals 1 non-combat damage to Ai(1)-Slurrk Oozes B3.
Life: Life: Ai(1)-Slurrk Oozes B3 1 > 0
Resolve Stack: Whenever an opponent draws a card, Nekusar, the Mindrazer deals 1 damage to that player. [Player: Ai(1)-Slurrk Oozes B3]
Player Control: Ai(1)-Slurrk Oozes B3 has restored control over themself
Player Control: Ai(2)-Kambal Taxes B3 has restored control over themself
Player Control: Ai(3)-Kilo Helm Final has restored control over themself
Player Control: Ai(4)-Nekusar Punisher B3 has restored control over themself
Game Outcome: Turn 25
Game Outcome: Ai(1)-Slurrk Oozes B3 has lost because life total reached 0
Game Outcome: Ai(2)-Kambal Taxes B3 has lost because life total reached 0
Game Outcome: Ai(3)-Kilo Helm Final has lost because life total reached 0
Game Outcome: Ai(4)-Nekusar Punisher B3 has won because all opponents have lost
Match Result: Ai(1)-Slurrk Oozes B3: 0 Ai(2)-Kambal Taxes B3: 2 Ai(3)-Kilo Helm Final: 0 Ai(4)-Nekusar Punisher B3: 2 

Game Result: Game 4 ended in 43511 ms. Ai(4)-Nekusar Punisher B3 has won!

