Error handling registered!
21:17:11 [INFO ] GuiBase: ##########################################
21:17:11 [INFO ] GuiBase: APP: Forge v.2.0.13-SNAPSHOT-06.22
21:17:11 [INFO ] GuiBase: Java: 17.0.20 (Homebrew)
21:17:11 [INFO ] GuiBase: OS: Mac OS X 15.7.5 aarch64
21:17:11 [INFO ] GuiBase: RAM: 4096 MB max, 12 CPUs
21:17:11 [INFO ] GuiBase: ##########################################
Language 'en-US' loaded successfully.
(ThreadUtil first call): Running with priority 5
Read cards: 33319 archived files in 0 ms (25 parts) using thread pool
Upcoming set Star Trek (TRK) dated in the future. All `upcoming` cards will be added to this set with unknown rarity.
The card A-Alrund's Epiphany was not assigned to any set. Adding it to UNKNOWN set... to fix see res/editions/ folder. 
The card A-Baba Lysaga, Night Witch was not assigned to any set. Adding it to UNKNOWN set... to fix see res/editions/ folder. 
The card A-Divide by Zero was not assigned to any set. Adding it to UNKNOWN set... to fix see res/editions/ folder. 
The card A-Esika's Chariot was not assigned to any set. Adding it to UNKNOWN set... to fix see res/editions/ folder. 
The card A-Faceless Haven was not assigned to any set. Adding it to UNKNOWN set... to fix see res/editions/ folder. 
The card A-Fires of Invention was not assigned to any set. Adding it to UNKNOWN set... to fix see res/editions/ folder. 
The card A-Goldspan Dragon was not assigned to any set. Adding it to UNKNOWN set... to fix see res/editions/ folder. 
The card A-Hullbreaker Horror was not assigned to any set. Adding it to UNKNOWN set... to fix see res/editions/ folder. 
The card A-Kumano Faces Kakkazan was not assigned to any set. Adding it to UNKNOWN set... to fix see res/editions/ folder. 
The card A-Luminarch Aspirant was not assigned to any set. Adding it to UNKNOWN set... to fix see res/editions/ folder. 
The card A-Monster Manual was not assigned to any set. Adding it to UNKNOWN set... to fix see res/editions/ folder. 
The card A-Omnath, Locus of Creation was not assigned to any set. Adding it to UNKNOWN set... to fix see res/editions/ folder. 
The card A-The Meathook Massacre was not assigned to any set. Adding it to UNKNOWN set... to fix see res/editions/ folder. 
The card A-Unholy Heat was not assigned to any set. Adding it to UNKNOWN set... to fix see res/editions/ folder. 
The card Blinding Radiance was not assigned to any set. Adding it to UNKNOWN set... to fix see res/editions/ folder. 
The card Goblin Bruiser was not assigned to any set. Adding it to UNKNOWN set... to fix see res/editions/ folder. 
The card Ogre Painbringer was not assigned to any set. Adding it to UNKNOWN set... to fix see res/editions/ folder. 
The card Titanic Pelagosaur was not assigned to any set. Adding it to UNKNOWN set... to fix see res/editions/ folder. 
The card Treetop Recluse was not assigned to any set. Adding it to UNKNOWN set... to fix see res/editions/ folder. 
Upcoming set Star Trek (TRK) dated in the future. All `upcoming` cards will be added to this set with unknown rarity.
Read cards: 821 files in 0 ms (8 parts) using thread pool
Simulation mode
An unsupported card was requested: "Empty the Laboratories" from "null". 

Forge could not find this card in the Database. Any chance you might have mistyped the card name?
An unsupported card was requested: "Empty the Laboratories" from "[N.A.]". 

Forge could not find this card in the Database. Any chance you might have mistyped the card name?
Ai(1)-Wyleth Voltron B3 vs Ai(2)-Kilo Helm B3 vs Ai(3)-Torbran Burn B3 vs Ai(4)-Wilhelt Zombies B3 - four games of Commander
Mountain Did not have activator set in SpellAbilityRestriction.canPlay()
Mountain Did not have activator set in SpellAbilityRestriction.canPlay()
Warning: default (ie. inherited from base class) implementation of confirmAction is used by Wilhelt, the Rotcleaver for forge.ai.ability.PermanentCreatureAi. Consider declaring an overloaded method
Warning: default (ie. inherited from base class) implementation of confirmAction is used by Kilo, Apogee Mind for forge.ai.ability.PermanentCreatureAi. Consider declaring an overloaded method
Mountain Did not have activator set in SpellAbilityRestriction.canPlay()
Warning: default (ie. inherited from base class) implementation of confirmAction is used by Kilo, Apogee Mind for forge.ai.ability.PermanentCreatureAi. Consider declaring an overloaded method
Mountain Did not have activator set in SpellAbilityRestriction.canPlay()
Mountain Did not have activator set in SpellAbilityRestriction.canPlay()
Mountain Did not have activator set in SpellAbilityRestriction.canPlay()
Mountain Did not have activator set in SpellAbilityRestriction.canPlay()
Warning: default (ie. inherited from base class) implementation of confirmAction is used by Wyleth, Soul of Steel for forge.ai.ability.PermanentCreatureAi. Consider declaring an overloaded method
Warning: default (ie. inherited from base class) implementation of confirmAction is used by Kilo, Apogee Mind for forge.ai.ability.PermanentCreatureAi. Consider declaring an overloaded method
Warning: default (ie. inherited from base class) implementation of confirmAction is used by Torbran, Thane of Red Fell for forge.ai.ability.PermanentCreatureAi. Consider declaring an overloaded method
Mulligan: Ai(1)-Wyleth Voltron B3 has mulliganed down to 7 cards.
Mulligan: Ai(2)-Kilo Helm B3 has mulliganed down to 7 cards.
Mulligan: Ai(4)-Wilhelt Zombies B3 has kept a hand of 7 cards
Mulligan: Ai(1)-Wyleth Voltron B3 has kept a hand of 7 cards
Mulligan: Ai(2)-Kilo Helm B3 has kept a hand of 7 cards
Mulligan: Ai(3)-Torbran Burn B3 has kept a hand of 7 cards
Turn: Turn 1 (Ai(4)-Wilhelt Zombies B3)
Phase: Ai(4)-Wilhelt Zombies B3's Untap step
Phase: Ai(4)-Wilhelt Zombies B3's Upkeep step
Phase: Ai(4)-Wilhelt Zombies B3's Draw step
Phase: Ai(4)-Wilhelt Zombies B3's Main phase, precombat
Land: Ai(4)-Wilhelt Zombies B3 played Swamp (375)
Phase: Ai(4)-Wilhelt Zombies B3's Beginning of Combat Step
Phase: Ai(4)-Wilhelt Zombies B3's Declare Attackers Step
Phase: Ai(4)-Wilhelt Zombies B3's Declare Blockers Step
Phase: Ai(4)-Wilhelt Zombies B3's First Strike Damage Step
Phase: Ai(4)-Wilhelt Zombies B3's Combat Damage Step
Phase: Ai(4)-Wilhelt Zombies B3's End of Combat Step
Phase: Ai(4)-Wilhelt Zombies B3's Main phase, postcombat
Phase: Ai(4)-Wilhelt Zombies B3's End step
Phase: Ai(4)-Wilhelt Zombies B3's Cleanup step
Turn: Turn 2 (Ai(1)-Wyleth Voltron B3)
Phase: Ai(1)-Wyleth Voltron B3's Untap step
Phase: Ai(1)-Wyleth Voltron B3's Upkeep step
Phase: Ai(1)-Wyleth Voltron B3's Draw step
Phase: Ai(1)-Wyleth Voltron B3's Main phase, precombat
Land: Ai(1)-Wyleth Voltron B3 played Mountain (88)
Phase: Ai(1)-Wyleth Voltron B3's Beginning of Combat Step
Phase: Ai(1)-Wyleth Voltron B3's Declare Attackers Step
Phase: Ai(1)-Wyleth Voltron B3's Declare Blockers Step
Phase: Ai(1)-Wyleth Voltron B3's First Strike Damage Step
Phase: Ai(1)-Wyleth Voltron B3's Combat Damage Step
Phase: Ai(1)-Wyleth Voltron B3's End of Combat Step
Phase: Ai(1)-Wyleth Voltron B3's Main phase, postcombat
Phase: Ai(1)-Wyleth Voltron B3's End step
Phase: Ai(1)-Wyleth Voltron B3's Cleanup step
Turn: Turn 3 (Ai(2)-Kilo Helm B3)
Phase: Ai(2)-Kilo Helm B3's Untap step
Phase: Ai(2)-Kilo Helm B3's Upkeep step
Phase: Ai(2)-Kilo Helm B3's Draw step
Phase: Ai(2)-Kilo Helm B3's Main phase, precombat
Land: Ai(2)-Kilo Helm B3 played Rugged Prairie (143)
Phase: Ai(2)-Kilo Helm B3's Beginning of Combat Step
Phase: Ai(2)-Kilo Helm B3's Declare Attackers Step
Phase: Ai(2)-Kilo Helm B3's Declare Blockers Step
Phase: Ai(2)-Kilo Helm B3's First Strike Damage Step
Phase: Ai(2)-Kilo Helm B3's Combat Damage Step
Phase: Ai(2)-Kilo Helm B3's End of Combat Step
Phase: Ai(2)-Kilo Helm B3's Main phase, postcombat
Phase: Ai(2)-Kilo Helm B3's End step
Phase: Ai(2)-Kilo Helm B3's Cleanup step
Turn: Turn 4 (Ai(3)-Torbran Burn B3)
Phase: Ai(3)-Torbran Burn B3's Untap step
Phase: Ai(3)-Torbran Burn B3's Upkeep step
Phase: Ai(3)-Torbran Burn B3's Draw step
Phase: Ai(3)-Torbran Burn B3's Main phase, precombat
Land: Ai(3)-Torbran Burn B3 played Mountain (274)
Phase: Ai(3)-Torbran Burn B3's Beginning of Combat Step
Phase: Ai(3)-Torbran Burn B3's Declare Attackers Step
Phase: Ai(3)-Torbran Burn B3's Declare Blockers Step
Phase: Ai(3)-Torbran Burn B3's First Strike Damage Step
Phase: Ai(3)-Torbran Burn B3's Combat Damage Step
Phase: Ai(3)-Torbran Burn B3's End of Combat Step
Phase: Ai(3)-Torbran Burn B3's Main phase, postcombat
Phase: Ai(3)-Torbran Burn B3's End step
Phase: Ai(3)-Torbran Burn B3's Cleanup step
Turn: Turn 5 (Ai(4)-Wilhelt Zombies B3)
Phase: Ai(4)-Wilhelt Zombies B3's Untap step
Phase: Ai(4)-Wilhelt Zombies B3's Upkeep step
Phase: Ai(4)-Wilhelt Zombies B3's Draw step
Phase: Ai(4)-Wilhelt Zombies B3's Main phase, precombat
Land: Ai(4)-Wilhelt Zombies B3 played Island (349)
Phase: Ai(4)-Wilhelt Zombies B3's Beginning of Combat Step
Phase: Ai(4)-Wilhelt Zombies B3's Declare Attackers Step
Phase: Ai(4)-Wilhelt Zombies B3's Declare Blockers Step
Phase: Ai(4)-Wilhelt Zombies B3's First Strike Damage Step
Phase: Ai(4)-Wilhelt Zombies B3's Combat Damage Step
Phase: Ai(4)-Wilhelt Zombies B3's End of Combat Step
Phase: Ai(4)-Wilhelt Zombies B3's Main phase, postcombat
Mana: Island (349) - {T}: Add {U}.
Mana: Swamp (375) - {T}: Add {B}.
Add To Stack: Ai(4)-Wilhelt Zombies B3 cast Arcane Signet
Resolve Stack: Arcane Signet
Phase: Ai(4)-Wilhelt Zombies B3's End step
Phase: Ai(4)-Wilhelt Zombies B3's Cleanup step
Turn: Turn 6 (Ai(1)-Wyleth Voltron B3)
Phase: Ai(1)-Wyleth Voltron B3's Untap step
Phase: Ai(1)-Wyleth Voltron B3's Upkeep step
Phase: Ai(1)-Wyleth Voltron B3's Draw step
Phase: Ai(1)-Wyleth Voltron B3's Main phase, precombat
Land: Ai(1)-Wyleth Voltron B3 played Plains (66)
Phase: Ai(1)-Wyleth Voltron B3's Beginning of Combat Step
Phase: Ai(1)-Wyleth Voltron B3's Declare Attackers Step
Phase: Ai(1)-Wyleth Voltron B3's Declare Blockers Step
Phase: Ai(1)-Wyleth Voltron B3's First Strike Damage Step
Phase: Ai(1)-Wyleth Voltron B3's Combat Damage Step
Phase: Ai(1)-Wyleth Voltron B3's End of Combat Step
Phase: Ai(1)-Wyleth Voltron B3's Main phase, postcombat
Mana: Mountain (88) - {T}: Add {R}.
Mana: Plains (66) - {T}: Add {W}.
Add To Stack: Ai(1)-Wyleth Voltron B3 cast Talisman of Conviction
Resolve Stack: Talisman of Conviction
Phase: Ai(1)-Wyleth Voltron B3's End step
Phase: Ai(1)-Wyleth Voltron B3's Cleanup step
Turn: Turn 7 (Ai(2)-Kilo Helm B3)
Phase: Ai(2)-Kilo Helm B3's Untap step
Phase: Ai(2)-Kilo Helm B3's Upkeep step
Phase: Ai(2)-Kilo Helm B3's Draw step
Phase: Ai(2)-Kilo Helm B3's Main phase, precombat
Replacement Effect: This land enters tapped unless you control two or more basic lands.
Land: Ai(2)-Kilo Helm B3 played Radiant Summit (124)
Phase: Ai(2)-Kilo Helm B3's Beginning of Combat Step
Phase: Ai(2)-Kilo Helm B3's Declare Attackers Step
Phase: Ai(2)-Kilo Helm B3's Declare Blockers Step
Phase: Ai(2)-Kilo Helm B3's First Strike Damage Step
Phase: Ai(2)-Kilo Helm B3's Combat Damage Step
Phase: Ai(2)-Kilo Helm B3's End of Combat Step
Phase: Ai(2)-Kilo Helm B3's Main phase, postcombat
Phase: Ai(2)-Kilo Helm B3's End step
Phase: Ai(2)-Kilo Helm B3's Cleanup step
Turn: Turn 8 (Ai(3)-Torbran Burn B3)
Phase: Ai(3)-Torbran Burn B3's Untap step
Phase: Ai(3)-Torbran Burn B3's Upkeep step
Phase: Ai(3)-Torbran Burn B3's Draw step
Phase: Ai(3)-Torbran Burn B3's Main phase, precombat
Land: Ai(3)-Torbran Burn B3 played Mikokoro, Center of the Sea (249)
Phase: Ai(3)-Torbran Burn B3's Beginning of Combat Step
Phase: Ai(3)-Torbran Burn B3's Declare Attackers Step
Phase: Ai(3)-Torbran Burn B3's Declare Blockers Step
Phase: Ai(3)-Torbran Burn B3's First Strike Damage Step
Phase: Ai(3)-Torbran Burn B3's Combat Damage Step
Phase: Ai(3)-Torbran Burn B3's End of Combat Step
Phase: Ai(3)-Torbran Burn B3's Main phase, postcombat
Phase: Ai(3)-Torbran Burn B3's End step
Phase: Ai(3)-Torbran Burn B3's Cleanup step
Turn: Turn 9 (Ai(4)-Wilhelt Zombies B3)
Phase: Ai(4)-Wilhelt Zombies B3's Untap step
Phase: Ai(4)-Wilhelt Zombies B3's Upkeep step
Phase: Ai(4)-Wilhelt Zombies B3's Draw step
Phase: Ai(4)-Wilhelt Zombies B3's Main phase, precombat
Land: Ai(4)-Wilhelt Zombies B3 played Island (354)
Phase: Ai(4)-Wilhelt Zombies B3's Beginning of Combat Step
Phase: Ai(4)-Wilhelt Zombies B3's Declare Attackers Step
Phase: Ai(4)-Wilhelt Zombies B3's Declare Blockers Step
Phase: Ai(4)-Wilhelt Zombies B3's First Strike Damage Step
Phase: Ai(4)-Wilhelt Zombies B3's Combat Damage Step
Phase: Ai(4)-Wilhelt Zombies B3's End of Combat Step
Phase: Ai(4)-Wilhelt Zombies B3's Main phase, postcombat
Mana: Swamp (375) - {T}: Add {B}.
Mana: Island (349) - {T}: Add {U}.
Mana: Island (354) - {T}: Add {U}.
Mana: Arcane Signet (396) - {T}: Add one mana of any color in your commander's color identity.
Add To Stack: Ai(4)-Wilhelt Zombies B3 cast Wilhelt, the Rotcleaver
Resolve Stack: Wilhelt, the Rotcleaver - Creature 3 / 3
Mana: Mountain (274) - {T}: Add {R}.
Add To Stack: Ai(3)-Torbran Burn B3 cast Lightning Bolt targeting [Wilhelt, the Rotcleaver (402)]
Damage: Lightning Bolt (211) deals 3 damage to Wilhelt, the Rotcleaver (402).
Resolve Stack: Lightning Bolt (211) - Lightning Bolt (211) deals 3 damage to Wilhelt, the Rotcleaver (402).
Zone Change: Wilhelt, the Rotcleaver (402) was put into Graveyard from Battlefield.
Phase: Ai(4)-Wilhelt Zombies B3's End step
Phase: Ai(4)-Wilhelt Zombies B3's Cleanup step
Turn: Turn 10 (Ai(1)-Wyleth Voltron B3)
Phase: Ai(1)-Wyleth Voltron B3's Untap step
Phase: Ai(1)-Wyleth Voltron B3's Upkeep step
Phase: Ai(1)-Wyleth Voltron B3's Draw step
Phase: Ai(1)-Wyleth Voltron B3's Main phase, precombat
Land: Ai(1)-Wyleth Voltron B3 played Buried Ruin (16)
Phase: Ai(1)-Wyleth Voltron B3's Beginning of Combat Step
Phase: Ai(1)-Wyleth Voltron B3's Declare Attackers Step
Phase: Ai(1)-Wyleth Voltron B3's Declare Blockers Step
Phase: Ai(1)-Wyleth Voltron B3's First Strike Damage Step
Phase: Ai(1)-Wyleth Voltron B3's Combat Damage Step
Phase: Ai(1)-Wyleth Voltron B3's End of Combat Step
Phase: Ai(1)-Wyleth Voltron B3's Main phase, postcombat
Mana: Mountain (88) - {T}: Add {R}.
Mana: Plains (66) - {T}: Add {W}.
Mana: Buried Ruin (16) - {T}: Add {C}.
Add To Stack: Ai(1)-Wyleth Voltron B3 cast Wyleth, Soul of Steel
Resolve Stack: Wyleth, Soul of Steel - Creature 2 / 2
Phase: Ai(1)-Wyleth Voltron B3's End step
Phase: Ai(1)-Wyleth Voltron B3's Cleanup step
Turn: Turn 11 (Ai(2)-Kilo Helm B3)
Phase: Ai(2)-Kilo Helm B3's Untap step
Phase: Ai(2)-Kilo Helm B3's Upkeep step
Phase: Ai(2)-Kilo Helm B3's Draw step
Phase: Ai(2)-Kilo Helm B3's Main phase, precombat
Land: Ai(2)-Kilo Helm B3 played Island (166)
Phase: Ai(2)-Kilo Helm B3's Beginning of Combat Step
Phase: Ai(2)-Kilo Helm B3's Declare Attackers Step
Phase: Ai(2)-Kilo Helm B3's Declare Blockers Step
Phase: Ai(2)-Kilo Helm B3's First Strike Damage Step
Phase: Ai(2)-Kilo Helm B3's Combat Damage Step
Phase: Ai(2)-Kilo Helm B3's End of Combat Step
Phase: Ai(2)-Kilo Helm B3's Main phase, postcombat
Mana: Island (166) - {T}: Add {U}.
Mana: Radiant Summit (124) - {T}: Add {R}.
Mana: Rugged Prairie (143) - {T}: Add {C}.
Add To Stack: Ai(2)-Kilo Helm B3 cast Uthros Research Craft
Resolve Stack: Uthros Research Craft
Phase: Ai(2)-Kilo Helm B3's End step
Phase: Ai(2)-Kilo Helm B3's Cleanup step
Turn: Turn 12 (Ai(3)-Torbran Burn B3)
Phase: Ai(3)-Torbran Burn B3's Untap step
Phase: Ai(3)-Torbran Burn B3's Upkeep step
Phase: Ai(3)-Torbran Burn B3's Draw step
Phase: Ai(3)-Torbran Burn B3's Main phase, precombat
Land: Ai(3)-Torbran Burn B3 played Sunscorched Desert (226)
Add To Stack: Ai(3)-Torbran Burn B3 triggered Sunscorched Desert targeting [Ai(4)-Wilhelt Zombies B3]
Damage: Sunscorched Desert (226) deals 1 non-combat damage to Ai(4)-Wilhelt Zombies B3.
Life: Life: Ai(4)-Wilhelt Zombies B3 40 > 39
Resolve Stack: When Sunscorched Desert enters, it deals 1 damage to target player or planeswalker. (Targeting: [[Ai(4)-Wilhelt Zombies B3]]) [Zone Changer: Sunscorched Desert (226)]
Mana: Mountain (274) - {T}: Add {R}.
Mana: Sunscorched Desert (226) - {T}: Add {C}.
Mana: Mikokoro, Center of the Sea (249) - {T}: Add {C}.
Add To Stack: Ai(3)-Torbran Burn B3 cast Wheel of Misfortune
Discard: Ai(1)-Wyleth Voltron B3 discards Austere Command (37).
Discard: Ai(1)-Wyleth Voltron B3 discards Champion's Helm (75).
Discard: Ai(1)-Wyleth Voltron B3 discards Fireshrieker (47).
Discard: Ai(1)-Wyleth Voltron B3 discards Plains (55).
Discard: Ai(1)-Wyleth Voltron B3 discards Mask of Memory (40).
Discard: Ai(1)-Wyleth Voltron B3 discards Faithless Looting (41).
Discard: Ai(3)-Torbran Burn B3 discards Mountain (277).
Discard: Ai(3)-Torbran Burn B3 discards Mountain (266).
Discard: Ai(3)-Torbran Burn B3 discards Mountain (253).
Discard: Ai(3)-Torbran Burn B3 discards Sulfurous Blast (203).
Discard: Ai(3)-Torbran Burn B3 discards Thought Vessel (231).
Discard: Ai(4)-Wilhelt Zombies B3 discards Deadly Dispute (305).
Discard: Ai(4)-Wilhelt Zombies B3 discards Swamp (379).
Discard: Ai(4)-Wilhelt Zombies B3 discards Village Rites (361).
Discard: Ai(4)-Wilhelt Zombies B3 discards Swamp (393).
Discard: Ai(4)-Wilhelt Zombies B3 discards Night's Whisper (307).
Discard: Ai(4)-Wilhelt Zombies B3 discards Swamp (390).
Damage: Wheel of Misfortune (212) deals 38 non-combat damage to Ai(4)-Wilhelt Zombies B3.
Life: Life: Ai(4)-Wilhelt Zombies B3 39 > 1
Resolve Stack: Wheel of Misfortune (212) - Each player secretly chooses a number 0 or greater, then all players reveal those numbers simultaneously and determine the highest and lowest numbers revealed this way. Wheel of Misfortune deals damage equal to the highest number to each player who chose that number. Each player who didn't choose the lowest number discards their hand, then draws seven cards.
Phase: Ai(3)-Torbran Burn B3's Beginning of Combat Step
Phase: Ai(3)-Torbran Burn B3's Declare Attackers Step
Phase: Ai(3)-Torbran Burn B3's Declare Blockers Step
Phase: Ai(3)-Torbran Burn B3's First Strike Damage Step
Phase: Ai(3)-Torbran Burn B3's Combat Damage Step
Phase: Ai(3)-Torbran Burn B3's End of Combat Step
Phase: Ai(3)-Torbran Burn B3's Main phase, postcombat
Damage: Talisman of Conviction (11) deals 1 non-combat damage to Ai(1)-Wyleth Voltron B3.
Life: Life: Ai(1)-Wyleth Voltron B3 40 > 39
Mana: Talisman of Conviction (11) - {T}: Add {R} or {W}. Talisman of Conviction deals 1 damage to you. 
Add To Stack: Ai(1)-Wyleth Voltron B3 cast Enlightened Tutor
Resolve Stack: Enlightened Tutor (69) - Ai(1)-Wyleth Voltron B3 searches their library for an artifact or enchantment card, reveals it, puts it , then shuffles.
Phase: Ai(3)-Torbran Burn B3's End step
Phase: Ai(3)-Torbran Burn B3's Cleanup step
Turn: Turn 13 (Ai(4)-Wilhelt Zombies B3)
Phase: Ai(4)-Wilhelt Zombies B3's Untap step
Phase: Ai(4)-Wilhelt Zombies B3's Upkeep step
Phase: Ai(4)-Wilhelt Zombies B3's Draw step
Phase: Ai(4)-Wilhelt Zombies B3's Main phase, precombat
Land: Ai(4)-Wilhelt Zombies B3 played Swamp (392)
Phase: Ai(4)-Wilhelt Zombies B3's Beginning of Combat Step
Phase: Ai(4)-Wilhelt Zombies B3's Declare Attackers Step
Phase: Ai(4)-Wilhelt Zombies B3's Declare Blockers Step
Phase: Ai(4)-Wilhelt Zombies B3's First Strike Damage Step
Phase: Ai(4)-Wilhelt Zombies B3's Combat Damage Step
Phase: Ai(4)-Wilhelt Zombies B3's End of Combat Step
Phase: Ai(4)-Wilhelt Zombies B3's Main phase, postcombat
Mana: Swamp (375) - {T}: Add {B}.
Mana: Island (349) - {T}: Add {U}.
Mana: Island (354) - {T}: Add {U}.
Add To Stack: Ai(4)-Wilhelt Zombies B3 cast Ashnod's Altar
Resolve Stack: Ashnod's Altar
Mana: Swamp (392) - {T}: Add {B}.
Mana: Arcane Signet (396) - {T}: Add one mana of any color in your commander's color identity.
Add To Stack: Ai(4)-Wilhelt Zombies B3 cast Sky Diamond
Replacement Effect: Sky Diamond enters tapped.
Resolve Stack: Sky Diamond
Phase: Ai(4)-Wilhelt Zombies B3's End step
Phase: Ai(4)-Wilhelt Zombies B3's Cleanup step
Turn: Turn 14 (Ai(1)-Wyleth Voltron B3)
Phase: Ai(1)-Wyleth Voltron B3's Untap step
Phase: Ai(1)-Wyleth Voltron B3's Upkeep step
Phase: Ai(1)-Wyleth Voltron B3's Draw step
Phase: Ai(1)-Wyleth Voltron B3's Main phase, precombat
Land: Ai(1)-Wyleth Voltron B3 played Plains (51)
Phase: Ai(1)-Wyleth Voltron B3's Beginning of Combat Step
Phase: Ai(1)-Wyleth Voltron B3's Declare Attackers Step
Combat: Ai(1)-Wyleth Voltron B3 assigned Wyleth, Soul of Steel (100) to attack Ai(4)-Wilhelt Zombies B3.
Add To Stack: Ai(1)-Wyleth Voltron B3 triggered Wyleth, Soul of Steel
Resolve Stack: Whenever Wyleth, Soul of Steel attacks, draw a card for each Aura and Equipment attached to it. [Attacker: Wyleth, Soul of Steel (100)]
Phase: Ai(1)-Wyleth Voltron B3's Declare Blockers Step
Combat: Ai(4)-Wilhelt Zombies B3 didn't block Wyleth, Soul of Steel (100).
Phase: Ai(1)-Wyleth Voltron B3's First Strike Damage Step
Phase: Ai(1)-Wyleth Voltron B3's Combat Damage Step
Damage: Wyleth, Soul of Steel (100) deals 2 combat damage to Ai(4)-Wilhelt Zombies B3.
Life: Life: Ai(4)-Wilhelt Zombies B3 1 > -1
Phase: Ai(1)-Wyleth Voltron B3's End of Combat Step
Phase: Ai(1)-Wyleth Voltron B3's Main phase, postcombat
Mana: Plains (66) - {T}: Add {W}.
Mana: Plains (51) - {T}: Add {W}.
Add To Stack: Ai(1)-Wyleth Voltron B3 cast Fellwar Stone
Resolve Stack: Fellwar Stone
Mana: Fellwar Stone (29) - {T}: Add one mana of any color that a land an opponent controls could produce.
Mana: Mountain (88) - {T}: Add {R}.
Zone Change: Buried Ruin (16) was put into Graveyard from Battlefield.
Add To Stack: Ai(1)-Wyleth Voltron B3 activated Buried Ruin targeting [Fireshrieker (47)]
Resolve Stack: Buried Ruin (16) - Return Fireshrieker (47) from the graveyard to its owner's hand.
Damage: Talisman of Conviction (11) deals 1 non-combat damage to Ai(1)-Wyleth Voltron B3.
Life: Life: Ai(1)-Wyleth Voltron B3 39 > 38
Mana: Talisman of Conviction (11) - {T}: Add {R} or {W}. Talisman of Conviction deals 1 damage to you. 
Add To Stack: Ai(1)-Wyleth Voltron B3 cast Steelshaper's Gift
Resolve Stack: Steelshaper's Gift (39) - Ai(1)-Wyleth Voltron B3 searches their library for an Equipment card, reveals it, puts it into their hand, then shuffles.
Phase: Ai(1)-Wyleth Voltron B3's End step
Phase: Ai(1)-Wyleth Voltron B3's Cleanup step
Turn: Turn 15 (Ai(2)-Kilo Helm B3)
Phase: Ai(2)-Kilo Helm B3's Untap step
Phase: Ai(2)-Kilo Helm B3's Upkeep step
Phase: Ai(2)-Kilo Helm B3's Draw step
Phase: Ai(2)-Kilo Helm B3's Main phase, precombat
Replacement Effect: Glacial Fortress enters tapped unless you control a Plains or an Island.
Land: Ai(2)-Kilo Helm B3 played Glacial Fortress (179)
Mana: Radiant Summit (124) - {T}: Add {R}.
Mana: Island (166) - {T}: Add {U}.
Mana: Glacial Fortress (179) - {T}: Add {W} or {U}.
Add To Stack: Ai(2)-Kilo Helm B3 cast Kilo, Apogee Mind
Resolve Stack: Kilo, Apogee Mind - Creature 3 / 3
Phase: Ai(2)-Kilo Helm B3's Beginning of Combat Step
Phase: Ai(2)-Kilo Helm B3's Declare Attackers Step
Combat: Ai(2)-Kilo Helm B3 assigned Kilo, Apogee Mind (201) to attack Ai(1)-Wyleth Voltron B3.
Add To Stack: Ai(2)-Kilo Helm B3 triggered Kilo, Apogee Mind
Resolve Stack: Whenever Kilo becomes tapped, proliferate. (Choose any number of permanents and/or players, then give each another counter of each kind already there.) [Tapped: Kilo, Apogee Mind (201)]
Phase: Ai(2)-Kilo Helm B3's Declare Blockers Step
Combat: Ai(1)-Wyleth Voltron B3 didn't block Kilo, Apogee Mind (201).
Phase: Ai(2)-Kilo Helm B3's First Strike Damage Step
Phase: Ai(2)-Kilo Helm B3's Combat Damage Step
Damage: Kilo, Apogee Mind (201) deals 3 combat damage to Ai(1)-Wyleth Voltron B3.
Life: Life: Ai(1)-Wyleth Voltron B3 38 > 35
Phase: Ai(2)-Kilo Helm B3's End of Combat Step
Phase: Ai(2)-Kilo Helm B3's Main phase, postcombat
Phase: Ai(2)-Kilo Helm B3's End step
Phase: Ai(2)-Kilo Helm B3's Cleanup step
Turn: Turn 16 (Ai(3)-Torbran Burn B3)
Phase: Ai(3)-Torbran Burn B3's Untap step
Phase: Ai(3)-Torbran Burn B3's Upkeep step
Phase: Ai(3)-Torbran Burn B3's Draw step
Phase: Ai(3)-Torbran Burn B3's Main phase, precombat
Land: Ai(3)-Torbran Burn B3 played Mount Doom (246)
Phase: Ai(3)-Torbran Burn B3's Beginning of Combat Step
Phase: Ai(3)-Torbran Burn B3's Declare Attackers Step
Phase: Ai(3)-Torbran Burn B3's Declare Blockers Step
Phase: Ai(3)-Torbran Burn B3's First Strike Damage Step
Phase: Ai(3)-Torbran Burn B3's Combat Damage Step
Phase: Ai(3)-Torbran Burn B3's End of Combat Step
Phase: Ai(3)-Torbran Burn B3's Main phase, postcombat
Mana: Mountain (274) - {T}: Add {R}.
Mana: Sunscorched Desert (226) - {T}: Add {C}.
Mana: Mikokoro, Center of the Sea (249) - {T}: Add {C}.
Add To Stack: Ai(3)-Torbran Burn B3 cast Spellgorger Weird
Resolve Stack: Spellgorger Weird - Creature 2 / 2
Phase: Ai(3)-Torbran Burn B3's End step
Phase: Ai(3)-Torbran Burn B3's Cleanup step
Turn: Turn 17 (Ai(1)-Wyleth Voltron B3)
Phase: Ai(1)-Wyleth Voltron B3's Untap step
Phase: Ai(1)-Wyleth Voltron B3's Upkeep step
Mana: Plains (66) - {T}: Add {W}.
Add To Stack: Ai(1)-Wyleth Voltron B3 cast Path to Exile targeting [Kilo, Apogee Mind (201)]
Zone Change: Kilo, Apogee Mind (201) was put into Exile from Battlefield.
Resolve Stack: Path to Exile (8) - Exile Kilo, Apogee Mind (201). Ai(2)-Kilo Helm B3 may search their library for a basic land card, put that card onto the battlefield tapped, then shuffle their library. 
Phase: Ai(1)-Wyleth Voltron B3's Draw step
Phase: Ai(1)-Wyleth Voltron B3's Main phase, precombat
Land: Ai(1)-Wyleth Voltron B3 played Mountain (82)
Mana: Plains (51) - {T}: Add {W}.
Mana: Fellwar Stone (29) - {T}: Add one mana of any color that a land an opponent controls could produce.
Mana: Mountain (88) - {T}: Add {R}.
Mana: Mountain (82) - {T}: Add {R}.
Add To Stack: Ai(1)-Wyleth Voltron B3 cast Hammer of Nazahn
Resolve Stack: Hammer of Nazahn
Add To Stack: Ai(1)-Wyleth Voltron B3 triggered Hammer of Nazahn targeting [Wyleth, Soul of Steel (100)]
Resolve Stack: Whenever Hammer of Nazahn or another Equipment you control enters, you may attach that Equipment to target creature you control. (Targeting: [[Wyleth, Soul of Steel (100)]]) [Zone Changer: Hammer of Nazahn (6)]
Phase: Ai(1)-Wyleth Voltron B3's Beginning of Combat Step
Phase: Ai(1)-Wyleth Voltron B3's Declare Attackers Step
Combat: Ai(1)-Wyleth Voltron B3 assigned Wyleth, Soul of Steel (100) to attack Ai(2)-Kilo Helm B3.
Add To Stack: Ai(1)-Wyleth Voltron B3 triggered Wyleth, Soul of Steel
Resolve Stack: Whenever Wyleth, Soul of Steel attacks, draw a card for each Aura and Equipment attached to it. [Attacker: Wyleth, Soul of Steel (100)]
Phase: Ai(1)-Wyleth Voltron B3's Declare Blockers Step
Combat: Ai(2)-Kilo Helm B3 didn't block Wyleth, Soul of Steel (100).
Phase: Ai(1)-Wyleth Voltron B3's First Strike Damage Step
Phase: Ai(1)-Wyleth Voltron B3's Combat Damage Step
Damage: Wyleth, Soul of Steel (100) deals 4 combat damage to Ai(2)-Kilo Helm B3.
Life: Life: Ai(2)-Kilo Helm B3 40 > 36
Phase: Ai(1)-Wyleth Voltron B3's End of Combat Step
Phase: Ai(1)-Wyleth Voltron B3's Main phase, postcombat
Phase: Ai(1)-Wyleth Voltron B3's End step
Phase: Ai(1)-Wyleth Voltron B3's Cleanup step
Turn: Turn 18 (Ai(2)-Kilo Helm B3)
Phase: Ai(2)-Kilo Helm B3's Untap step
Phase: Ai(2)-Kilo Helm B3's Upkeep step
Phase: Ai(2)-Kilo Helm B3's Draw step
Phase: Ai(2)-Kilo Helm B3's Main phase, precombat
Replacement Effect: Sulfur Falls enters tapped unless you control an Island or a Mountain.
Land: Ai(2)-Kilo Helm B3 played Sulfur Falls (122)
Mana: Sulfur Falls (122) - {T}: Add {U} or {R}.
Mana: Island (166) - {T}: Add {U}.
Mana: Plains (156) - {T}: Add {W}.
Mana: Glacial Fortress (179) - {T}: Add {W} or {U}.
Mana: Radiant Summit (124) - {T}: Add {R}.
Add To Stack: Ai(2)-Kilo Helm B3 cast Kilo, Apogee Mind
Resolve Stack: Kilo, Apogee Mind - Creature 3 / 3
Phase: Ai(2)-Kilo Helm B3's Beginning of Combat Step
Phase: Ai(2)-Kilo Helm B3's Declare Attackers Step
Combat: Ai(2)-Kilo Helm B3 assigned Kilo, Apogee Mind (201) to attack Ai(1)-Wyleth Voltron B3.
Add To Stack: Ai(2)-Kilo Helm B3 triggered Kilo, Apogee Mind
Resolve Stack: Whenever Kilo becomes tapped, proliferate. (Choose any number of permanents and/or players, then give each another counter of each kind already there.) [Tapped: Kilo, Apogee Mind (201)]
Phase: Ai(2)-Kilo Helm B3's Declare Blockers Step
Combat: Ai(1)-Wyleth Voltron B3 didn't block Kilo, Apogee Mind (201).
Phase: Ai(2)-Kilo Helm B3's First Strike Damage Step
Phase: Ai(2)-Kilo Helm B3's Combat Damage Step
Damage: Kilo, Apogee Mind (201) deals 3 combat damage to Ai(1)-Wyleth Voltron B3.
Life: Life: Ai(1)-Wyleth Voltron B3 35 > 32
Phase: Ai(2)-Kilo Helm B3's End of Combat Step
Phase: Ai(2)-Kilo Helm B3's Main phase, postcombat
Phase: Ai(2)-Kilo Helm B3's End step
Phase: Ai(2)-Kilo Helm B3's Cleanup step
Turn: Turn 19 (Ai(3)-Torbran Burn B3)
Phase: Ai(3)-Torbran Burn B3's Untap step
Phase: Ai(3)-Torbran Burn B3's Upkeep step
Mana: Sunscorched Desert (226) - {T}: Add {C}.
Mana: Mountain (274) - {T}: Add {R}.
Add To Stack: Ai(3)-Torbran Burn B3 activated Mikokoro, Center of the Sea
Resolve Stack: Mikokoro, Center of the Sea (249) - Ai(3)-Torbran Burn B3, Ai(1)-Wyleth Voltron B3 and Ai(2)-Kilo Helm B3 each draw a card.
Phase: Ai(3)-Torbran Burn B3's Draw step
Phase: Ai(3)-Torbran Burn B3's Main phase, precombat
Land: Ai(3)-Torbran Burn B3 played War Room (233)
Mana: War Room (233) - {T}: Add {C}.
Life: Life: Ai(3)-Torbran Burn B3 40 > 39
Mana: Mount Doom (246) - {T}, Pay 1 life: Add {B} or {R}.
Add To Stack: Ai(3)-Torbran Burn B3 cast Fire Diamond
Add To Stack: Ai(3)-Torbran Burn B3 triggered Spellgorger Weird
Resolve Stack: Whenever you cast a noncreature spell, put a +1/+1 counter on Spellgorger Weird. [Card: Fire Diamond (225), Activator: Ai(3)-Torbran Burn B3, SpellAbility: Fire Diamond]
Replacement Effect: Fire Diamond enters tapped.
Resolve Stack: Fire Diamond
Phase: Ai(3)-Torbran Burn B3's Beginning of Combat Step
Phase: Ai(3)-Torbran Burn B3's Declare Attackers Step
Combat: Ai(3)-Torbran Burn B3 assigned Spellgorger Weird (217) to attack Ai(1)-Wyleth Voltron B3.
Phase: Ai(3)-Torbran Burn B3's Declare Blockers Step
Combat: Ai(1)-Wyleth Voltron B3 didn't block Spellgorger Weird (217).
Phase: Ai(3)-Torbran Burn B3's First Strike Damage Step
Phase: Ai(3)-Torbran Burn B3's Combat Damage Step
Damage: Spellgorger Weird (217) deals 3 combat damage to Ai(1)-Wyleth Voltron B3.
Life: Life: Ai(1)-Wyleth Voltron B3 32 > 29
Phase: Ai(3)-Torbran Burn B3's End of Combat Step
Phase: Ai(3)-Torbran Burn B3's Main phase, postcombat
Phase: Ai(3)-Torbran Burn B3's End step
Phase: Ai(3)-Torbran Burn B3's Cleanup step
Turn: Turn 20 (Ai(1)-Wyleth Voltron B3)
Phase: Ai(1)-Wyleth Voltron B3's Untap step
Phase: Ai(1)-Wyleth Voltron B3's Upkeep step
Phase: Ai(1)-Wyleth Voltron B3's Draw step
Phase: Ai(1)-Wyleth Voltron B3's Main phase, precombat
Land: Ai(1)-Wyleth Voltron B3 played Slayers' Stronghold (70)
Mana: Plains (66) - {T}: Add {W}.
Mana: Plains (51) - {T}: Add {W}.
Mana: Fellwar Stone (29) - {T}: Add one mana of any color that a land an opponent controls could produce.
Add To Stack: Ai(1)-Wyleth Voltron B3 cast Fireshrieker
Resolve Stack: Fireshrieker
Add To Stack: Ai(1)-Wyleth Voltron B3 triggered Hammer of Nazahn targeting [Wyleth, Soul of Steel (100)]
Resolve Stack: Whenever Hammer of Nazahn or another Equipment you control enters, you may attach that Equipment to target creature you control. (Targeting: [[Wyleth, Soul of Steel (100)]]) [Zone Changer: Fireshrieker (47)]
Phase: Ai(1)-Wyleth Voltron B3's Beginning of Combat Step
Phase: Ai(1)-Wyleth Voltron B3's Declare Attackers Step
Combat: Ai(1)-Wyleth Voltron B3 assigned Wyleth, Soul of Steel (100) to attack Ai(2)-Kilo Helm B3.
Add To Stack: Ai(1)-Wyleth Voltron B3 triggered Wyleth, Soul of Steel
Resolve Stack: Whenever Wyleth, Soul of Steel attacks, draw a card for each Aura and Equipment attached to it. [Attacker: Wyleth, Soul of Steel (100)]
Phase: Ai(1)-Wyleth Voltron B3's Declare Blockers Step
Combat: Ai(2)-Kilo Helm B3 didn't block Wyleth, Soul of Steel (100).
Phase: Ai(1)-Wyleth Voltron B3's First Strike Damage Step
Damage: Wyleth, Soul of Steel (100) deals 4 combat damage to Ai(2)-Kilo Helm B3.
Life: Life: Ai(2)-Kilo Helm B3 36 > 32
Phase: Ai(1)-Wyleth Voltron B3's Combat Damage Step
Damage: Wyleth, Soul of Steel (100) deals 4 combat damage to Ai(2)-Kilo Helm B3.
Life: Life: Ai(2)-Kilo Helm B3 32 > 28
Phase: Ai(1)-Wyleth Voltron B3's End of Combat Step
Phase: Ai(1)-Wyleth Voltron B3's Main phase, postcombat
Mana: Mountain (88) - {T}: Add {R}.
Add To Stack: Ai(1)-Wyleth Voltron B3 cast Sol Ring
Resolve Stack: Sol Ring
Phase: Ai(1)-Wyleth Voltron B3's End step
Phase: Ai(1)-Wyleth Voltron B3's Cleanup step
Turn: Turn 21 (Ai(2)-Kilo Helm B3)
Phase: Ai(2)-Kilo Helm B3's Untap step
Phase: Ai(2)-Kilo Helm B3's Upkeep step
Damage: Talisman of Conviction (11) deals 1 non-combat damage to Ai(1)-Wyleth Voltron B3.
Life: Life: Ai(1)-Wyleth Voltron B3 29 > 28
Mana: Talisman of Conviction (11) - {T}: Add {R} or {W}. Talisman of Conviction deals 1 damage to you. 
Add To Stack: Ai(1)-Wyleth Voltron B3 cast Swords to Plowshares targeting [Kilo, Apogee Mind (201)]
Zone Change: Kilo, Apogee Mind (201) was put into Exile from Battlefield.
Life: Life: Ai(2)-Kilo Helm B3 28 > 31
Resolve Stack: Swords to Plowshares (45) - Exile Kilo, Apogee Mind (201). Ai(2)-Kilo Helm B3 gains life equal to its power.
Phase: Ai(2)-Kilo Helm B3's Draw step
Phase: Ai(2)-Kilo Helm B3's Main phase, precombat
Replacement Effect: This land enters tapped.
Land: Ai(2)-Kilo Helm B3 played Adagia, Windswept Bastion (160)
Phase: Ai(2)-Kilo Helm B3's Beginning of Combat Step
Phase: Ai(2)-Kilo Helm B3's Declare Attackers Step
Phase: Ai(2)-Kilo Helm B3's Declare Blockers Step
Phase: Ai(2)-Kilo Helm B3's First Strike Damage Step
Phase: Ai(2)-Kilo Helm B3's Combat Damage Step
Phase: Ai(2)-Kilo Helm B3's End of Combat Step
Phase: Ai(2)-Kilo Helm B3's Main phase, postcombat
Mana: Island (166) - {T}: Add {U}.
Mana: Plains (156) - {T}: Add {W}.
Mana: Sulfur Falls (122) - {T}: Add {U} or {R}.
Add To Stack: Ai(2)-Kilo Helm B3 cast Simulacrum Synthesizer
Resolve Stack: Simulacrum Synthesizer
Add To Stack: Ai(2)-Kilo Helm B3 triggered Simulacrum Synthesizer
Resolve Stack: Ai(2)-Kilo Helm B3 scried 2 card(s) to the top of the library
Resolve Stack: When Simulacrum Synthesizer enters, scry 2. (Look at the top two cards of your library, then put any number of them on the bottom of your library and the rest on top in any order.) [Zone Changer: Simulacrum Synthesizer (105)]
Mana: Glacial Fortress (179) - {T}: Add {W} or {U}.
Mana: Radiant Summit (124) - {T}: Add {R}.
Add To Stack: Ai(2)-Kilo Helm B3 cast Moxite Refinery
Resolve Stack: Moxite Refinery
Phase: Ai(2)-Kilo Helm B3's End step
Phase: Ai(2)-Kilo Helm B3's Cleanup step
Turn: Turn 22 (Ai(3)-Torbran Burn B3)
Phase: Ai(3)-Torbran Burn B3's Untap step
Phase: Ai(3)-Torbran Burn B3's Upkeep step
Mana: Sunscorched Desert (226) - {T}: Add {C}.
Mana: Mountain (274) - {T}: Add {R}.
Mana: Fire Diamond (225) - {T}: Add {R}.
Life: Life: Ai(3)-Torbran Burn B3 39 > 38
Add To Stack: Ai(3)-Torbran Burn B3 activated War Room
Resolve Stack: War Room (233) - Ai(3)-Torbran Burn B3 draws a card.
Phase: Ai(3)-Torbran Burn B3's Draw step
Phase: Ai(3)-Torbran Burn B3's Main phase, precombat
Land: Ai(3)-Torbran Burn B3 played Mountain (286)
Phase: Ai(3)-Torbran Burn B3's Beginning of Combat Step
Phase: Ai(3)-Torbran Burn B3's Declare Attackers Step
Combat: Ai(3)-Torbran Burn B3 assigned Spellgorger Weird (217) to attack Ai(1)-Wyleth Voltron B3.
Phase: Ai(3)-Torbran Burn B3's Declare Blockers Step
Combat: Ai(1)-Wyleth Voltron B3 didn't block Spellgorger Weird (217).
Phase: Ai(3)-Torbran Burn B3's First Strike Damage Step
Phase: Ai(3)-Torbran Burn B3's Combat Damage Step
Damage: Spellgorger Weird (217) deals 3 combat damage to Ai(1)-Wyleth Voltron B3.
Life: Life: Ai(1)-Wyleth Voltron B3 28 > 25
Phase: Ai(3)-Torbran Burn B3's End of Combat Step
Phase: Ai(3)-Torbran Burn B3's Main phase, postcombat
Phase: Ai(3)-Torbran Burn B3's End step
Phase: Ai(3)-Torbran Burn B3's Cleanup step
Turn: Turn 23 (Ai(1)-Wyleth Voltron B3)
Phase: Ai(1)-Wyleth Voltron B3's Untap step
Phase: Ai(1)-Wyleth Voltron B3's Upkeep step
Mana: Mountain (286) - {T}: Add {R}.
Life: Life: Ai(3)-Torbran Burn B3 38 > 37
Mana: Mount Doom (246) - {T}, Pay 1 life: Add {B} or {R}.
Add To Stack: Ai(3)-Torbran Burn B3 activated Mikokoro, Center of the Sea
Resolve Stack: Mikokoro, Center of the Sea (249) - Ai(1)-Wyleth Voltron B3, Ai(2)-Kilo Helm B3 and Ai(3)-Torbran Burn B3 each draw a card.
Phase: Ai(1)-Wyleth Voltron B3's Draw step
Phase: Ai(1)-Wyleth Voltron B3's Main phase, precombat
Land: Ai(1)-Wyleth Voltron B3 played Plains (52)
Mana: Plains (66) - {T}: Add {W}.
Mana: Plains (51) - {T}: Add {W}.
Mana: Sol Ring (15) - {T}: Add {C}{C}.
Add To Stack: Ai(1)-Wyleth Voltron B3 cast Balan, Wandering Knight
Resolve Stack: Balan, Wandering Knight - Creature 3 / 3
Mana: Fellwar Stone (29) - {T}: Add one mana of any color that a land an opponent controls could produce.
Mana: Plains (52) - {T}: Add {W}.
Add To Stack: Ai(1)-Wyleth Voltron B3 cast Puresteel Paladin
Resolve Stack: Puresteel Paladin - Creature 2 / 2
Damage: Talisman of Conviction (11) deals 1 non-combat damage to Ai(1)-Wyleth Voltron B3.
Life: Life: Ai(1)-Wyleth Voltron B3 25 > 24
Mana: Talisman of Conviction (11) - {T}: Add {R} or {W}. Talisman of Conviction deals 1 damage to you. 
Mana: Mountain (88) - {T}: Add {R}.
Add To Stack: Ai(1)-Wyleth Voltron B3 activated Balan, Wandering Knight
Resolve Stack: Balan, Wandering Knight (1) - {1}{W}: Attach all Equipment you control to Balan.
Phase: Ai(1)-Wyleth Voltron B3's Beginning of Combat Step
Phase: Ai(1)-Wyleth Voltron B3's Declare Attackers Step
Combat: Ai(1)-Wyleth Voltron B3 assigned Wyleth, Soul of Steel (100) to attack Ai(2)-Kilo Helm B3.
Add To Stack: Ai(1)-Wyleth Voltron B3 triggered Wyleth, Soul of Steel
Resolve Stack: Whenever Wyleth, Soul of Steel attacks, draw a card for each Aura and Equipment attached to it. [Attacker: Wyleth, Soul of Steel (100)]
Phase: Ai(1)-Wyleth Voltron B3's Declare Blockers Step
Combat: Ai(2)-Kilo Helm B3 didn't block Wyleth, Soul of Steel (100).
Phase: Ai(1)-Wyleth Voltron B3's First Strike Damage Step
Phase: Ai(1)-Wyleth Voltron B3's Combat Damage Step
Damage: Wyleth, Soul of Steel (100) deals 2 combat damage to Ai(2)-Kilo Helm B3.
Life: Life: Ai(2)-Kilo Helm B3 31 > 29
Phase: Ai(1)-Wyleth Voltron B3's End of Combat Step
Phase: Ai(1)-Wyleth Voltron B3's Main phase, postcombat
Phase: Ai(1)-Wyleth Voltron B3's End step
Phase: Ai(1)-Wyleth Voltron B3's Cleanup step
Turn: Turn 24 (Ai(2)-Kilo Helm B3)
Phase: Ai(2)-Kilo Helm B3's Untap step
Phase: Ai(2)-Kilo Helm B3's Upkeep step
Phase: Ai(2)-Kilo Helm B3's Draw step
Phase: Ai(2)-Kilo Helm B3's Main phase, precombat
Land: Ai(2)-Kilo Helm B3 played Exotic Orchard (200)
Mana: Island (166) - {T}: Add {U}.
Mana: Exotic Orchard (200) - {T}: Add one mana of any color that a land an opponent controls could produce.
Mana: Plains (156) - {T}: Add {W}.
Mana: Sulfur Falls (122) - {T}: Add {U} or {R}.
Mana: Glacial Fortress (179) - {T}: Add {W} or {U}.
Mana: Radiant Summit (124) - {T}: Add {R}.
Mana: Rugged Prairie (143) - {T}: Add {C}.
Add To Stack: Ai(2)-Kilo Helm B3 cast Kilo, Apogee Mind
Resolve Stack: Kilo, Apogee Mind - Creature 3 / 3
Add To Stack: Ai(2)-Kilo Helm B3 triggered Simulacrum Synthesizer
Resolve Stack: Whenever another artifact you control with mana value 3 or greater enters, create a 0/0 colorless Construct artifact creature token with "This creature gets +1/+1 for each artifact you control." [Zone Changer: Kilo, Apogee Mind (201)]
Phase: Ai(2)-Kilo Helm B3's Beginning of Combat Step
Phase: Ai(2)-Kilo Helm B3's Declare Attackers Step
Phase: Ai(2)-Kilo Helm B3's Declare Blockers Step
Phase: Ai(2)-Kilo Helm B3's First Strike Damage Step
Phase: Ai(2)-Kilo Helm B3's Combat Damage Step
Phase: Ai(2)-Kilo Helm B3's End of Combat Step
Phase: Ai(2)-Kilo Helm B3's Main phase, postcombat
Phase: Ai(2)-Kilo Helm B3's End step
Phase: Ai(2)-Kilo Helm B3's Cleanup step
Turn: Turn 25 (Ai(3)-Torbran Burn B3)
Phase: Ai(3)-Torbran Burn B3's Untap step
Phase: Ai(3)-Torbran Burn B3's Upkeep step
Phase: Ai(3)-Torbran Burn B3's Draw step
Phase: Ai(3)-Torbran Burn B3's Main phase, precombat
Land: Ai(3)-Torbran Burn B3 played Mountain (269)
Mana: Mountain (274) - {T}: Add {R}.
Mana: Fire Diamond (225) - {T}: Add {R}.
Mana: Mountain (286) - {T}: Add {R}.
Mana: Sunscorched Desert (226) - {T}: Add {C}.
Mana: Mountain (269) - {T}: Add {R}.
Mana: Mikokoro, Center of the Sea (249) - {T}: Add {C}.
Mana: War Room (233) - {T}: Add {C}.
Life: Life: Ai(3)-Torbran Burn B3 37 > 36
Mana: Mount Doom (246) - {T}, Pay 1 life: Add {B} or {R}.
Add To Stack: Ai(3)-Torbran Burn B3 cast City on Fire
Add To Stack: Ai(3)-Torbran Burn B3 triggered Spellgorger Weird
Resolve Stack: Whenever you cast a noncreature spell, put a +1/+1 counter on Spellgorger Weird. [Card: City on Fire (297), Activator: Ai(3)-Torbran Burn B3, SpellAbility: City on Fire]
Resolve Stack: City on Fire
Phase: Ai(3)-Torbran Burn B3's Beginning of Combat Step
Phase: Ai(3)-Torbran Burn B3's Declare Attackers Step
Phase: Ai(3)-Torbran Burn B3's Declare Blockers Step
Phase: Ai(3)-Torbran Burn B3's First Strike Damage Step
Phase: Ai(3)-Torbran Burn B3's Combat Damage Step
Phase: Ai(3)-Torbran Burn B3's End of Combat Step
Phase: Ai(3)-Torbran Burn B3's Main phase, postcombat
Phase: Ai(3)-Torbran Burn B3's End step
Phase: Ai(3)-Torbran Burn B3's Cleanup step
Turn: Turn 26 (Ai(1)-Wyleth Voltron B3)
Phase: Ai(1)-Wyleth Voltron B3's Untap step
Phase: Ai(1)-Wyleth Voltron B3's Upkeep step
Phase: Ai(1)-Wyleth Voltron B3's Draw step
Phase: Ai(1)-Wyleth Voltron B3's Main phase, precombat
Land: Ai(1)-Wyleth Voltron B3 played Plains (57)
Mana: Plains (66) - {T}: Add {W}.
Mana: Plains (51) - {T}: Add {W}.
Mana: Sol Ring (15) - {T}: Add {C}{C}.
Add To Stack: Ai(1)-Wyleth Voltron B3 cast Kemba, Kha Regent
Resolve Stack: Kemba, Kha Regent - Creature 2 / 4
Phase: Ai(1)-Wyleth Voltron B3's Beginning of Combat Step
Phase: Ai(1)-Wyleth Voltron B3's Declare Attackers Step
Combat: Ai(1)-Wyleth Voltron B3 assigned Balan, Wandering Knight (1) to attack Ai(2)-Kilo Helm B3.
Phase: Ai(1)-Wyleth Voltron B3's Declare Blockers Step
Combat: Ai(2)-Kilo Helm B3 didn't block Balan, Wandering Knight (1).
Phase: Ai(1)-Wyleth Voltron B3's First Strike Damage Step
Damage: Balan, Wandering Knight (1) deals 5 combat damage to Ai(2)-Kilo Helm B3.
Life: Life: Ai(2)-Kilo Helm B3 29 > 24
Phase: Ai(1)-Wyleth Voltron B3's Combat Damage Step
Damage: Balan, Wandering Knight (1) deals 5 combat damage to Ai(2)-Kilo Helm B3.
Life: Life: Ai(2)-Kilo Helm B3 24 > 19
Phase: Ai(1)-Wyleth Voltron B3's End of Combat Step
Phase: Ai(1)-Wyleth Voltron B3's Main phase, postcombat
Phase: Ai(1)-Wyleth Voltron B3's End step
Phase: Ai(1)-Wyleth Voltron B3's Cleanup step
Turn: Turn 27 (Ai(2)-Kilo Helm B3)
Phase: Ai(2)-Kilo Helm B3's Untap step
Phase: Ai(2)-Kilo Helm B3's Upkeep step
Phase: Ai(2)-Kilo Helm B3's Draw step
Phase: Ai(2)-Kilo Helm B3's Main phase, precombat
Phase: Ai(2)-Kilo Helm B3's Beginning of Combat Step
Phase: Ai(2)-Kilo Helm B3's Declare Attackers Step
Combat: Ai(2)-Kilo Helm B3 assigned Construct Token (406) to attack Ai(1)-Wyleth Voltron B3.
Phase: Ai(2)-Kilo Helm B3's Declare Blockers Step
Combat: Ai(1)-Wyleth Voltron B3 didn't block Construct Token (406).
Phase: Ai(2)-Kilo Helm B3's First Strike Damage Step
Phase: Ai(2)-Kilo Helm B3's Combat Damage Step
Damage: Construct Token (406) deals 5 combat damage to Ai(1)-Wyleth Voltron B3.
Life: Life: Ai(1)-Wyleth Voltron B3 24 > 19
Phase: Ai(2)-Kilo Helm B3's End of Combat Step
Phase: Ai(2)-Kilo Helm B3's Main phase, postcombat
Mana: Island (166) - {T}: Add {U}.
Mana: Glacial Fortress (179) - {T}: Add {W} or {U}.
Mana: Exotic Orchard (200) - {T}: Add one mana of any color that a land an opponent controls could produce.
Mana: Plains (156) - {T}: Add {W}.
Mana: Sulfur Falls (122) - {T}: Add {U} or {R}.
Add To Stack: Ai(2)-Kilo Helm B3 cast Inexorable Tide
Resolve Stack: Inexorable Tide
Mana: Radiant Summit (124) - {T}: Add {R}.
Mana: Rugged Prairie (143) - {T}: Add {C}.
Add To Stack: Ai(2)-Kilo Helm B3 cast Arcane Signet
Add To Stack: Ai(2)-Kilo Helm B3 triggered Inexorable Tide
Resolve Stack: Whenever you cast a spell, proliferate. [Card: Arcane Signet (195), Activator: Ai(2)-Kilo Helm B3, SpellAbility: Arcane Signet]
Resolve Stack: Arcane Signet
Phase: Ai(2)-Kilo Helm B3's End step
Phase: Ai(2)-Kilo Helm B3's Cleanup step
Turn: Turn 28 (Ai(3)-Torbran Burn B3)
Phase: Ai(3)-Torbran Burn B3's Untap step
Phase: Ai(3)-Torbran Burn B3's Upkeep step
Phase: Ai(3)-Torbran Burn B3's Draw step
Phase: Ai(3)-Torbran Burn B3's Main phase, precombat
Land: Ai(3)-Torbran Burn B3 played Mountain (292)
Mana: Mountain (274) - {T}: Add {R}.
Mana: Fire Diamond (225) - {T}: Add {R}.
Mana: Mountain (286) - {T}: Add {R}.
Mana: Sunscorched Desert (226) - {T}: Add {C}.
Add To Stack: Ai(3)-Torbran Burn B3 cast Torbran, Thane of Red Fell
Resolve Stack: Torbran, Thane of Red Fell - Creature 2 / 4
Mana: Mountain (269) - {T}: Add {R}.
Mana: Mountain (292) - {T}: Add {R}.
Mana: Mikokoro, Center of the Sea (249) - {T}: Add {C}.
Add To Stack: Ai(3)-Torbran Burn B3 cast Rolling Earthquake
Add To Stack: Ai(3)-Torbran Burn B3 triggered Spellgorger Weird
Resolve Stack: Whenever you cast a noncreature spell, put a +1/+1 counter on Spellgorger Weird. [Card: Rolling Earthquake (243), Activator: Ai(3)-Torbran Burn B3, SpellAbility: Rolling Earthquake deals X damage to each creature without horsemanship and each player.]
Replacement Effect: If a red source you control would deal damage to an opponent or a permanent an opponent controls, it deals that much damage plus 2 instead.
Replacement Effect: If a red source you control would deal damage to an opponent or a permanent an opponent controls, it deals that much damage plus 2 instead.
Replacement Effect: If a red source you control would deal damage to an opponent or a permanent an opponent controls, it deals that much damage plus 2 instead.
Replacement Effect: If a red source you control would deal damage to an opponent or a permanent an opponent controls, it deals that much damage plus 2 instead.
Replacement Effect: If a red source you control would deal damage to an opponent or a permanent an opponent controls, it deals that much damage plus 2 instead.
Replacement Effect: If a source you control would deal damage to a permanent or player, it deals triple that damage instead.
Replacement Effect: If a source you control would deal damage to a permanent or player, it deals triple that damage instead.
Replacement Effect: If a source you control would deal damage to a permanent or player, it deals triple that damage instead.
Replacement Effect: If a source you control would deal damage to a permanent or player, it deals triple that damage instead.
Replacement Effect: If a source you control would deal damage to a permanent or player, it deals triple that damage instead.
Replacement Effect: If a red source you control would deal damage to an opponent or a permanent an opponent controls, it deals that much damage plus 2 instead.
Replacement Effect: If a red source you control would deal damage to an opponent or a permanent an opponent controls, it deals that much damage plus 2 instead.
Replacement Effect: If a red source you control would deal damage to an opponent or a permanent an opponent controls, it deals that much damage plus 2 instead.
Replacement Effect: If a source you control would deal damage to a permanent or player, it deals triple that damage instead.
Replacement Effect: If a source you control would deal damage to a permanent or player, it deals triple that damage instead.
Replacement Effect: If a source you control would deal damage to a permanent or player, it deals triple that damage instead.
Replacement Effect: If a source you control would deal damage to a permanent or player, it deals triple that damage instead.
Replacement Effect: If a source you control would deal damage to a permanent or player, it deals triple that damage instead.
Replacement Effect: If a source you control would deal damage to a permanent or player, it deals triple that damage instead.
Damage: Rolling Earthquake (243) deals 12 damage to Wyleth, Soul of Steel (100).
Damage: Rolling Earthquake (243) deals 12 damage to Balan, Wandering Knight (1).
Damage: Rolling Earthquake (243) deals 12 damage to Puresteel Paladin (26).
Damage: Rolling Earthquake (243) deals 12 damage to Kemba, Kha Regent (27).
Damage: Rolling Earthquake (243) deals 12 damage to Kilo, Apogee Mind (201).
Damage: Rolling Earthquake (243) deals 12 damage to Construct Token (406).
Damage: Rolling Earthquake (243) deals 6 damage to Spellgorger Weird (217).
Damage: Rolling Earthquake (243) deals 6 damage to Torbran, Thane of Red Fell (302).
Damage: Rolling Earthquake (243) deals 12 non-combat damage to Ai(1)-Wyleth Voltron B3.
Damage: Rolling Earthquake (243) deals 12 non-combat damage to Ai(2)-Kilo Helm B3.
Damage: Rolling Earthquake (243) deals 6 non-combat damage to Ai(3)-Torbran Burn B3.
Life: Life: Ai(1)-Wyleth Voltron B3 19 > 7
Life: Life: Ai(2)-Kilo Helm B3 19 > 7
Life: Life: Ai(3)-Torbran Burn B3 36 > 30
Resolve Stack: Rolling Earthquake (243) - Deals 2 damage to Creature.withoutHorsemanship. (X=2)
Zone Change: Spellgorger Weird (217) was put into Graveyard from Battlefield.
Zone Change: Torbran, Thane of Red Fell (302) was put into Graveyard from Battlefield.
Zone Change: Wyleth, Soul of Steel (100) was put into Graveyard from Battlefield.
Zone Change: Puresteel Paladin (26) was put into Graveyard from Battlefield.
Zone Change: Kemba, Kha Regent (27) was put into Graveyard from Battlefield.
Zone Change: Kilo, Apogee Mind (201) was put into Graveyard from Battlefield.
Zone Change: Construct Token (406) was put into Graveyard from Battlefield.
Phase: Ai(3)-Torbran Burn B3's Beginning of Combat Step
Phase: Ai(3)-Torbran Burn B3's Declare Attackers Step
Phase: Ai(3)-Torbran Burn B3's Declare Blockers Step
Phase: Ai(3)-Torbran Burn B3's First Strike Damage Step
Phase: Ai(3)-Torbran Burn B3's Combat Damage Step
Phase: Ai(3)-Torbran Burn B3's End of Combat Step
Phase: Ai(3)-Torbran Burn B3's Main phase, postcombat
Phase: Ai(3)-Torbran Burn B3's End step
Phase: Ai(3)-Torbran Burn B3's Cleanup step
Turn: Turn 29 (Ai(1)-Wyleth Voltron B3)
Phase: Ai(1)-Wyleth Voltron B3's Untap step
Phase: Ai(1)-Wyleth Voltron B3's Upkeep step
Phase: Ai(1)-Wyleth Voltron B3's Draw step
Mana: Mountain (88) - {T}: Add {R}.
Mana: Sol Ring (15) - {T}: Add {C}{C}.
Add To Stack: Ai(1)-Wyleth Voltron B3 cast Abrade
Zone Change: Uthros Research Craft (194) was put into Graveyard from Battlefield.
Resolve Stack: Abrade (46) -  Destroy target artifact. (Targeting: Uthros Research Craft (194))
Phase: Ai(1)-Wyleth Voltron B3's Main phase, precombat
Land: Ai(1)-Wyleth Voltron B3 played Plains (49)
Mana: Fellwar Stone (29) - {T}: Add one mana of any color that a land an opponent controls could produce.
Mana: Plains (66) - {T}: Add {W}.
Mana: Mountain (82) - {T}: Add {R}.
Mana: Plains (51) - {T}: Add {W}.
Mana: Plains (52) - {T}: Add {W}.
Add To Stack: Ai(1)-Wyleth Voltron B3 cast Wyleth, Soul of Steel
Resolve Stack: Wyleth, Soul of Steel - Creature 2 / 2
Phase: Ai(1)-Wyleth Voltron B3's Beginning of Combat Step
Phase: Ai(1)-Wyleth Voltron B3's Declare Attackers Step
Combat: Ai(1)-Wyleth Voltron B3 assigned Balan, Wandering Knight (1) to attack Ai(2)-Kilo Helm B3.
Phase: Ai(1)-Wyleth Voltron B3's Declare Blockers Step
Combat: Ai(2)-Kilo Helm B3 didn't block Balan, Wandering Knight (1).
Damage: Talisman of Conviction (11) deals 1 non-combat damage to Ai(1)-Wyleth Voltron B3.
Life: Life: Ai(1)-Wyleth Voltron B3 7 > 6
Mana: Talisman of Conviction (11) - {T}: Add {R} or {W}. Talisman of Conviction deals 1 damage to you. 
Mana: Plains (57) - {T}: Add {W}.
Add To Stack: Ai(1)-Wyleth Voltron B3 activated Slayers' Stronghold targeting [Balan, Wandering Knight (1)]
Resolve Stack: Slayers' Stronghold (70) - Balan, Wandering Knight (1) gets +2/+0 and gains vigilance and haste until end of turn.
Phase: Ai(1)-Wyleth Voltron B3's First Strike Damage Step
Damage: Balan, Wandering Knight (1) deals 7 combat damage to Ai(2)-Kilo Helm B3.
Life: Life: Ai(2)-Kilo Helm B3 7 > 0
Phase: Ai(1)-Wyleth Voltron B3's Combat Damage Step
Phase: Ai(1)-Wyleth Voltron B3's End of Combat Step
Phase: Ai(1)-Wyleth Voltron B3's Main phase, postcombat
Phase: Ai(1)-Wyleth Voltron B3's End step
Phase: Ai(1)-Wyleth Voltron B3's Cleanup step
Turn: Turn 30 (Ai(3)-Torbran Burn B3)
Phase: Ai(3)-Torbran Burn B3's Untap step
Phase: Ai(3)-Torbran Burn B3's Upkeep step
Phase: Ai(3)-Torbran Burn B3's Draw step
Phase: Ai(3)-Torbran Burn B3's Main phase, precombat
Land: Ai(3)-Torbran Burn B3 played Mountain (290)
Mana: Mountain (274) - {T}: Add {R}.
Mana: Sunscorched Desert (226) - {T}: Add {C}.
Mana: Fire Diamond (225) - {T}: Add {R}.
Mana: Mountain (286) - {T}: Add {R}.
Mana: Mountain (269) - {T}: Add {R}.
Mana: Mountain (292) - {T}: Add {R}.
Mana: Mountain (290) - {T}: Add {R}.
Mana: Mikokoro, Center of the Sea (249) - {T}: Add {C}.
Mana: War Room (233) - {T}: Add {C}.
Life: Life: Ai(3)-Torbran Burn B3 30 > 29
Mana: Mount Doom (246) - {T}, Pay 1 life: Add {B} or {R}.
Add To Stack: Ai(3)-Torbran Burn B3 cast Banefire targeting [Ai(1)-Wyleth Voltron B3]
Replacement Effect: If a source you control would deal damage to a permanent or player, it deals triple that damage instead.
Damage: Banefire (234) deals 27 non-combat damage to Ai(1)-Wyleth Voltron B3.
Life: Life: Ai(1)-Wyleth Voltron B3 6 > -21
Resolve Stack: Banefire (234) - Banefire (234) deals 9 damage to Ai(1)-Wyleth Voltron B3. (X=9)
Player Control: Ai(1)-Wyleth Voltron B3 has restored control over themself
Player Control: Ai(2)-Kilo Helm B3 has restored control over themself
Player Control: Ai(3)-Torbran Burn B3 has restored control over themself
Player Control: Ai(4)-Wilhelt Zombies B3 has restored control over themself
Game Outcome: Turn 15
Game Outcome: Ai(1)-Wyleth Voltron B3 has lost because life total reached 0
Game Outcome: Ai(2)-Kilo Helm B3 has lost because life total reached 0
Game Outcome: Ai(3)-Torbran Burn B3 has won because all opponents have lost
Game Outcome: Ai(4)-Wilhelt Zombies B3 has lost because life total reached 0
Match Result: Ai(1)-Wyleth Voltron B3: 0 Ai(2)-Kilo Helm B3: 0 Ai(3)-Torbran Burn B3: 1 Ai(4)-Wilhelt Zombies B3: 0 

Game Result: Game 1 ended in 14838 ms. Ai(3)-Torbran Burn B3 has won!

Warning: default (ie. inherited from base class) implementation of confirmAction is used by Wyleth, Soul of Steel for forge.ai.ability.PermanentCreatureAi. Consider declaring an overloaded method
Mountain Did not have activator set in SpellAbilityRestriction.canPlay()
Warning: default (ie. inherited from base class) implementation of confirmAction is used by Wyleth, Soul of Steel for forge.ai.ability.PermanentCreatureAi. Consider declaring an overloaded method
Mountain Did not have activator set in SpellAbilityRestriction.canPlay()
Mountain Did not have activator set in SpellAbilityRestriction.canPlay()
java.util.concurrent.ExecutionException: java.lang.NullPointerException: Cannot invoke "forge.game.card.CounterType.is(forge.game.card.CounterEnumType)" because "type" is null
	at java.base/java.util.concurrent.FutureTask.report(FutureTask.java:122)
	at java.base/java.util.concurrent.FutureTask.get(FutureTask.java:205)
	at forge.ai.AiController.chooseSpellAbilityToPlayFromList(AiController.java:1680)
	at forge.ai.AiController.getSpellAbilityToPlay(AiController.java:1569)
	at forge.ai.AiController.chooseSpellAbilityToPlay(AiController.java:1389)
	at forge.ai.PlayerControllerAi.chooseSpellAbilityToPlay(PlayerControllerAi.java:833)
	at forge.game.phase.PhaseHandler.mainLoopStep(PhaseHandler.java:1063)
	at forge.game.phase.PhaseHandler.mainGameLoop(PhaseHandler.java:1042)
	at forge.game.phase.PhaseHandler.startFirstTurn(PhaseHandler.java:1036)
	at forge.game.GameAction.startGame(GameAction.java:2373)
	at forge.game.Match.startGame(Match.java:92)
	at forge.game.Match.startGame(Match.java:77)
	at forge.view.SimulateMatch.lambda$simulateSingleMatch$0(SimulateMatch.java:182)
	at forge.view.TimeLimitedCodeBlock.lambda$runWithTimeout$0(TimeLimitedCodeBlock.java:18)
	at java.base/java.util.concurrent.FutureTask.run(FutureTask.java:264)
	at java.base/java.util.concurrent.ThreadPoolExecutor.runWorker(ThreadPoolExecutor.java:1136)
	at java.base/java.util.concurrent.ThreadPoolExecutor$Worker.run(ThreadPoolExecutor.java:635)
	at java.base/java.lang.Thread.run(Thread.java:840)
Caused by: java.lang.NullPointerException: Cannot invoke "forge.game.card.CounterType.is(forge.game.card.CounterEnumType)" because "type" is null
	at forge.ai.ComputerUtilCost.checkRemoveCounterCost(ComputerUtilCost.java:100)
	at forge.ai.SpellAbilityAi.willPayCosts(SpellAbilityAi.java:389)
	at forge.ai.SpellAbilityAi.canPlayWithoutRestrict(SpellAbilityAi.java:105)
	at forge.ai.SpellAbilityAi.canPlay(SpellAbilityAi.java:76)
	at forge.ai.SpellAbilityAi.canPlayWithSubs(SpellAbilityAi.java:55)
	at forge.ai.AiController.canPlaySa(AiController.java:911)
	at forge.ai.AiController.canPlayAndPayForFace(AiController.java:855)
	at forge.ai.AiController.canPlayAndPayFor(AiController.java:833)
	at forge.ai.AiController.lambda$chooseSpellAbilityToPlayFromList$9(AiController.java:1661)
	at java.base/java.util.concurrent.FutureTask.run(FutureTask.java:264)
	... 1 more
java.util.concurrent.ExecutionException: java.lang.NullPointerException: Cannot invoke "forge.game.card.CounterType.is(forge.game.card.CounterEnumType)" because "type" is null
	at java.base/java.util.concurrent.FutureTask.report(FutureTask.java:122)
	at java.base/java.util.concurrent.FutureTask.get(FutureTask.java:205)
	at forge.ai.AiController.chooseSpellAbilityToPlayFromList(AiController.java:1680)
	at forge.ai.AiController.getSpellAbilityToPlay(AiController.java:1569)
	at forge.ai.AiController.chooseSpellAbilityToPlay(AiController.java:1389)
	at forge.ai.PlayerControllerAi.chooseSpellAbilityToPlay(PlayerControllerAi.java:833)
	at forge.game.phase.PhaseHandler.mainLoopStep(PhaseHandler.java:1063)
	at forge.game.phase.PhaseHandler.mainGameLoop(PhaseHandler.java:1042)
	at forge.game.phase.PhaseHandler.startFirstTurn(PhaseHandler.java:1036)
	at forge.game.GameAction.startGame(GameAction.java:2373)
	at forge.game.Match.startGame(Match.java:92)
	at forge.game.Match.startGame(Match.java:77)
	at forge.view.SimulateMatch.lambda$simulateSingleMatch$0(SimulateMatch.java:182)
	at forge.view.TimeLimitedCodeBlock.lambda$runWithTimeout$0(TimeLimitedCodeBlock.java:18)
	at java.base/java.util.concurrent.FutureTask.run(FutureTask.java:264)
	at java.base/java.util.concurrent.ThreadPoolExecutor.runWorker(ThreadPoolExecutor.java:1136)
	at java.base/java.util.concurrent.ThreadPoolExecutor$Worker.run(ThreadPoolExecutor.java:635)
	at java.base/java.lang.Thread.run(Thread.java:840)
Caused by: java.lang.NullPointerException: Cannot invoke "forge.game.card.CounterType.is(forge.game.card.CounterEnumType)" because "type" is null
	at forge.ai.ComputerUtilCost.checkRemoveCounterCost(ComputerUtilCost.java:100)
	at forge.ai.SpellAbilityAi.willPayCosts(SpellAbilityAi.java:389)
	at forge.ai.SpellAbilityAi.canPlayWithoutRestrict(SpellAbilityAi.java:105)
	at forge.ai.SpellAbilityAi.canPlay(SpellAbilityAi.java:76)
	at forge.ai.SpellAbilityAi.canPlayWithSubs(SpellAbilityAi.java:55)
	at forge.ai.AiController.canPlaySa(AiController.java:911)
	at forge.ai.AiController.canPlayAndPayForFace(AiController.java:855)
	at forge.ai.AiController.canPlayAndPayFor(AiController.java:833)
	at forge.ai.AiController.lambda$chooseSpellAbilityToPlayFromList$9(AiController.java:1661)
	at java.base/java.util.concurrent.FutureTask.run(FutureTask.java:264)
	... 1 more
java.util.concurrent.ExecutionException: java.lang.NullPointerException: Cannot invoke "forge.game.card.CounterType.is(forge.game.card.CounterEnumType)" because "type" is null
	at java.base/java.util.concurrent.FutureTask.report(FutureTask.java:122)
	at java.base/java.util.concurrent.FutureTask.get(FutureTask.java:205)
	at forge.ai.AiController.chooseSpellAbilityToPlayFromList(AiController.java:1680)
	at forge.ai.AiController.getSpellAbilityToPlay(AiController.java:1569)
	at forge.ai.AiController.chooseSpellAbilityToPlay(AiController.java:1389)
	at forge.ai.PlayerControllerAi.chooseSpellAbilityToPlay(PlayerControllerAi.java:833)
	at forge.game.phase.PhaseHandler.mainLoopStep(PhaseHandler.java:1063)
	at forge.game.phase.PhaseHandler.mainGameLoop(PhaseHandler.java:1042)
	at forge.game.phase.PhaseHandler.startFirstTurn(PhaseHandler.java:1036)
	at forge.game.GameAction.startGame(GameAction.java:2373)
	at forge.game.Match.startGame(Match.java:92)
	at forge.game.Match.startGame(Match.java:77)
	at forge.view.SimulateMatch.lambda$simulateSingleMatch$0(SimulateMatch.java:182)
	at forge.view.TimeLimitedCodeBlock.lambda$runWithTimeout$0(TimeLimitedCodeBlock.java:18)
	at java.base/java.util.concurrent.FutureTask.run(FutureTask.java:264)
	at java.base/java.util.concurrent.ThreadPoolExecutor.runWorker(ThreadPoolExecutor.java:1136)
	at java.base/java.util.concurrent.ThreadPoolExecutor$Worker.run(ThreadPoolExecutor.java:635)
	at java.base/java.lang.Thread.run(Thread.java:840)
Caused by: java.lang.NullPointerException: Cannot invoke "forge.game.card.CounterType.is(forge.game.card.CounterEnumType)" because "type" is null
	at forge.ai.ComputerUtilCost.checkRemoveCounterCost(ComputerUtilCost.java:100)
	at forge.ai.SpellAbilityAi.willPayCosts(SpellAbilityAi.java:389)
	at forge.ai.SpellAbilityAi.canPlayWithoutRestrict(SpellAbilityAi.java:105)
	at forge.ai.SpellAbilityAi.canPlay(SpellAbilityAi.java:76)
	at forge.ai.SpellAbilityAi.canPlayWithSubs(SpellAbilityAi.java:55)
	at forge.ai.AiController.canPlaySa(AiController.java:911)
	at forge.ai.AiController.canPlayAndPayForFace(AiController.java:855)
	at forge.ai.AiController.canPlayAndPayFor(AiController.java:833)
	at forge.ai.AiController.lambda$chooseSpellAbilityToPlayFromList$9(AiController.java:1661)
	at java.base/java.util.concurrent.FutureTask.run(FutureTask.java:264)
	... 1 more
java.util.concurrent.ExecutionException: java.lang.NullPointerException: Cannot invoke "forge.game.card.CounterType.is(forge.game.card.CounterEnumType)" because "type" is null
	at java.base/java.util.concurrent.FutureTask.report(FutureTask.java:122)
	at java.base/java.util.concurrent.FutureTask.get(FutureTask.java:205)
	at forge.ai.AiController.chooseSpellAbilityToPlayFromList(AiController.java:1680)
	at forge.ai.AiController.getSpellAbilityToPlay(AiController.java:1569)
	at forge.ai.AiController.chooseSpellAbilityToPlay(AiController.java:1389)
	at forge.ai.PlayerControllerAi.chooseSpellAbilityToPlay(PlayerControllerAi.java:833)
	at forge.game.phase.PhaseHandler.mainLoopStep(PhaseHandler.java:1063)
	at forge.game.phase.PhaseHandler.mainGameLoop(PhaseHandler.java:1042)
	at forge.game.phase.PhaseHandler.startFirstTurn(PhaseHandler.java:1036)
	at forge.game.GameAction.startGame(GameAction.java:2373)
	at forge.game.Match.startGame(Match.java:92)
	at forge.game.Match.startGame(Match.java:77)
	at forge.view.SimulateMatch.lambda$simulateSingleMatch$0(SimulateMatch.java:182)
	at forge.view.TimeLimitedCodeBlock.lambda$runWithTimeout$0(TimeLimitedCodeBlock.java:18)
	at java.base/java.util.concurrent.FutureTask.run(FutureTask.java:264)
	at java.base/java.util.concurrent.ThreadPoolExecutor.runWorker(ThreadPoolExecutor.java:1136)
	at java.base/java.util.concurrent.ThreadPoolExecutor$Worker.run(ThreadPoolExecutor.java:635)
	at java.base/java.lang.Thread.run(Thread.java:840)
Caused by: java.lang.NullPointerException: Cannot invoke "forge.game.card.CounterType.is(forge.game.card.CounterEnumType)" because "type" is null
	at forge.ai.ComputerUtilCost.checkRemoveCounterCost(ComputerUtilCost.java:100)
	at forge.ai.SpellAbilityAi.willPayCosts(SpellAbilityAi.java:389)
	at forge.ai.SpellAbilityAi.canPlayWithoutRestrict(SpellAbilityAi.java:105)
	at forge.ai.SpellAbilityAi.canPlay(SpellAbilityAi.java:76)
	at forge.ai.SpellAbilityAi.canPlayWithSubs(SpellAbilityAi.java:55)
	at forge.ai.AiController.canPlaySa(AiController.java:911)
	at forge.ai.AiController.canPlayAndPayForFace(AiController.java:855)
	at forge.ai.AiController.canPlayAndPayFor(AiController.java:833)
	at forge.ai.AiController.lambda$chooseSpellAbilityToPlayFromList$9(AiController.java:1661)
	at java.base/java.util.concurrent.FutureTask.run(FutureTask.java:264)
	... 1 more
java.util.concurrent.ExecutionException: java.lang.NullPointerException: Cannot invoke "forge.game.card.CounterType.is(forge.game.card.CounterEnumType)" because "type" is null
	at java.base/java.util.concurrent.FutureTask.report(FutureTask.java:122)
	at java.base/java.util.concurrent.FutureTask.get(FutureTask.java:205)
	at forge.ai.AiController.chooseSpellAbilityToPlayFromList(AiController.java:1680)
	at forge.ai.AiController.getSpellAbilityToPlay(AiController.java:1569)
	at forge.ai.AiController.chooseSpellAbilityToPlay(AiController.java:1389)
	at forge.ai.PlayerControllerAi.chooseSpellAbilityToPlay(PlayerControllerAi.java:833)
	at forge.game.phase.PhaseHandler.mainLoopStep(PhaseHandler.java:1063)
	at forge.game.phase.PhaseHandler.mainGameLoop(PhaseHandler.java:1042)
	at forge.game.phase.PhaseHandler.startFirstTurn(PhaseHandler.java:1036)
	at forge.game.GameAction.startGame(GameAction.java:2373)
	at forge.game.Match.startGame(Match.java:92)
	at forge.game.Match.startGame(Match.java:77)
	at forge.view.SimulateMatch.lambda$simulateSingleMatch$0(SimulateMatch.java:182)
	at forge.view.TimeLimitedCodeBlock.lambda$runWithTimeout$0(TimeLimitedCodeBlock.java:18)
	at java.base/java.util.concurrent.FutureTask.run(FutureTask.java:264)
	at java.base/java.util.concurrent.ThreadPoolExecutor.runWorker(ThreadPoolExecutor.java:1136)
	at java.base/java.util.concurrent.ThreadPoolExecutor$Worker.run(ThreadPoolExecutor.java:635)
	at java.base/java.lang.Thread.run(Thread.java:840)
Caused by: java.lang.NullPointerException: Cannot invoke "forge.game.card.CounterType.is(forge.game.card.CounterEnumType)" because "type" is null
	at forge.ai.ComputerUtilCost.checkRemoveCounterCost(ComputerUtilCost.java:100)
	at forge.ai.SpellAbilityAi.willPayCosts(SpellAbilityAi.java:389)
	at forge.ai.SpellAbilityAi.canPlayWithoutRestrict(SpellAbilityAi.java:105)
	at forge.ai.SpellAbilityAi.canPlay(SpellAbilityAi.java:76)
	at forge.ai.SpellAbilityAi.canPlayWithSubs(SpellAbilityAi.java:55)
	at forge.ai.AiController.canPlaySa(AiController.java:911)
	at forge.ai.AiController.canPlayAndPayForFace(AiController.java:855)
	at forge.ai.AiController.canPlayAndPayFor(AiController.java:833)
	at forge.ai.AiController.lambda$chooseSpellAbilityToPlayFromList$9(AiController.java:1661)
	at java.base/java.util.concurrent.FutureTask.run(FutureTask.java:264)
	... 1 more
Mountain Did not have activator set in SpellAbilityRestriction.canPlay()
Mulligan: Ai(1)-Wyleth Voltron B3 has kept a hand of 7 cards
Mulligan: Ai(2)-Kilo Helm B3 has kept a hand of 7 cards
Mulligan: Ai(3)-Torbran Burn B3 has kept a hand of 7 cards
Mulligan: Ai(4)-Wilhelt Zombies B3 has kept a hand of 7 cards
Turn: Turn 1 (Ai(1)-Wyleth Voltron B3)
Phase: Ai(1)-Wyleth Voltron B3's Untap step
Phase: Ai(1)-Wyleth Voltron B3's Upkeep step
Phase: Ai(1)-Wyleth Voltron B3's Draw step
Phase: Ai(1)-Wyleth Voltron B3's Main phase, precombat
Land: Ai(1)-Wyleth Voltron B3 played Plains (50)
Phase: Ai(1)-Wyleth Voltron B3's Beginning of Combat Step
Phase: Ai(1)-Wyleth Voltron B3's Declare Attackers Step
Phase: Ai(1)-Wyleth Voltron B3's Declare Blockers Step
Phase: Ai(1)-Wyleth Voltron B3's First Strike Damage Step
Phase: Ai(1)-Wyleth Voltron B3's Combat Damage Step
Phase: Ai(1)-Wyleth Voltron B3's End of Combat Step
Phase: Ai(1)-Wyleth Voltron B3's Main phase, postcombat
Mana: Plains (50) - {T}: Add {W}.
Add To Stack: Ai(1)-Wyleth Voltron B3 cast Enlightened Tutor
Resolve Stack: Enlightened Tutor (69) - Ai(1)-Wyleth Voltron B3 searches their library for an artifact or enchantment card, reveals it, puts it , then shuffles.
Phase: Ai(1)-Wyleth Voltron B3's End step
Phase: Ai(1)-Wyleth Voltron B3's Cleanup step
Turn: Turn 2 (Ai(2)-Kilo Helm B3)
Phase: Ai(2)-Kilo Helm B3's Untap step
Phase: Ai(2)-Kilo Helm B3's Upkeep step
Phase: Ai(2)-Kilo Helm B3's Draw step
Phase: Ai(2)-Kilo Helm B3's Main phase, precombat
Land: Ai(2)-Kilo Helm B3 played Cascade Bluffs (126)
Phase: Ai(2)-Kilo Helm B3's Beginning of Combat Step
Phase: Ai(2)-Kilo Helm B3's Declare Attackers Step
Phase: Ai(2)-Kilo Helm B3's Declare Blockers Step
Phase: Ai(2)-Kilo Helm B3's First Strike Damage Step
Phase: Ai(2)-Kilo Helm B3's Combat Damage Step
Phase: Ai(2)-Kilo Helm B3's End of Combat Step
Phase: Ai(2)-Kilo Helm B3's Main phase, postcombat
Phase: Ai(2)-Kilo Helm B3's End step
Phase: Ai(2)-Kilo Helm B3's Cleanup step
Turn: Turn 3 (Ai(3)-Torbran Burn B3)
Phase: Ai(3)-Torbran Burn B3's Untap step
Phase: Ai(3)-Torbran Burn B3's Upkeep step
Phase: Ai(3)-Torbran Burn B3's Draw step
Phase: Ai(3)-Torbran Burn B3's Main phase, precombat
Land: Ai(3)-Torbran Burn B3 played Mountain (274)
Phase: Ai(3)-Torbran Burn B3's Beginning of Combat Step
Phase: Ai(3)-Torbran Burn B3's Declare Attackers Step
Phase: Ai(3)-Torbran Burn B3's Declare Blockers Step
Phase: Ai(3)-Torbran Burn B3's First Strike Damage Step
Phase: Ai(3)-Torbran Burn B3's Combat Damage Step
Phase: Ai(3)-Torbran Burn B3's End of Combat Step
Phase: Ai(3)-Torbran Burn B3's Main phase, postcombat
Phase: Ai(3)-Torbran Burn B3's End step
Phase: Ai(3)-Torbran Burn B3's Cleanup step
Turn: Turn 4 (Ai(4)-Wilhelt Zombies B3)
Phase: Ai(4)-Wilhelt Zombies B3's Untap step
Phase: Ai(4)-Wilhelt Zombies B3's Upkeep step
Phase: Ai(4)-Wilhelt Zombies B3's Draw step
Phase: Ai(4)-Wilhelt Zombies B3's Main phase, precombat
Land: Ai(4)-Wilhelt Zombies B3 played Unholy Grotto (319)
Phase: Ai(4)-Wilhelt Zombies B3's Beginning of Combat Step
Phase: Ai(4)-Wilhelt Zombies B3's Declare Attackers Step
Phase: Ai(4)-Wilhelt Zombies B3's Declare Blockers Step
Phase: Ai(4)-Wilhelt Zombies B3's First Strike Damage Step
Phase: Ai(4)-Wilhelt Zombies B3's Combat Damage Step
Phase: Ai(4)-Wilhelt Zombies B3's End of Combat Step
Phase: Ai(4)-Wilhelt Zombies B3's Main phase, postcombat
Phase: Ai(4)-Wilhelt Zombies B3's End step
Phase: Ai(4)-Wilhelt Zombies B3's Cleanup step
Turn: Turn 5 (Ai(1)-Wyleth Voltron B3)
Phase: Ai(1)-Wyleth Voltron B3's Untap step
Phase: Ai(1)-Wyleth Voltron B3's Upkeep step
Phase: Ai(1)-Wyleth Voltron B3's Draw step
Phase: Ai(1)-Wyleth Voltron B3's Main phase, precombat
Land: Ai(1)-Wyleth Voltron B3 played Mountain (87)
Phase: Ai(1)-Wyleth Voltron B3's Beginning of Combat Step
Phase: Ai(1)-Wyleth Voltron B3's Declare Attackers Step
Phase: Ai(1)-Wyleth Voltron B3's Declare Blockers Step
Phase: Ai(1)-Wyleth Voltron B3's First Strike Damage Step
Phase: Ai(1)-Wyleth Voltron B3's Combat Damage Step
Phase: Ai(1)-Wyleth Voltron B3's End of Combat Step
Phase: Ai(1)-Wyleth Voltron B3's Main phase, postcombat
Mana: Plains (50) - {T}: Add {W}.
Add To Stack: Ai(1)-Wyleth Voltron B3 cast Colossus Hammer
Resolve Stack: Colossus Hammer
Phase: Ai(1)-Wyleth Voltron B3's End step
Phase: Ai(1)-Wyleth Voltron B3's Cleanup step
Turn: Turn 6 (Ai(2)-Kilo Helm B3)
Phase: Ai(2)-Kilo Helm B3's Untap step
Phase: Ai(2)-Kilo Helm B3's Upkeep step
Phase: Ai(2)-Kilo Helm B3's Draw step
Phase: Ai(2)-Kilo Helm B3's Main phase, precombat
Land: Ai(2)-Kilo Helm B3 played Plains (157)
Phase: Ai(2)-Kilo Helm B3's Beginning of Combat Step
Phase: Ai(2)-Kilo Helm B3's Declare Attackers Step
Phase: Ai(2)-Kilo Helm B3's Declare Blockers Step
Phase: Ai(2)-Kilo Helm B3's First Strike Damage Step
Phase: Ai(2)-Kilo Helm B3's Combat Damage Step
Phase: Ai(2)-Kilo Helm B3's End of Combat Step
Phase: Ai(2)-Kilo Helm B3's Main phase, postcombat
Phase: Ai(2)-Kilo Helm B3's End step
Phase: Ai(2)-Kilo Helm B3's Cleanup step
Turn: Turn 7 (Ai(3)-Torbran Burn B3)
Phase: Ai(3)-Torbran Burn B3's Untap step
Phase: Ai(3)-Torbran Burn B3's Upkeep step
Phase: Ai(3)-Torbran Burn B3's Draw step
Phase: Ai(3)-Torbran Burn B3's Main phase, precombat
Land: Ai(3)-Torbran Burn B3 played Mountain (261)
Mana: Mountain (274) - {T}: Add {R}.
Add To Stack: Ai(3)-Torbran Burn B3 cast Vandalblast targeting [Colossus Hammer (31)]
Zone Change: Colossus Hammer (31) was put into Graveyard from Battlefield.
Resolve Stack: Vandalblast (244) - Destroy Colossus Hammer (31).
Phase: Ai(3)-Torbran Burn B3's Beginning of Combat Step
Phase: Ai(3)-Torbran Burn B3's Declare Attackers Step
Phase: Ai(3)-Torbran Burn B3's Declare Blockers Step
Phase: Ai(3)-Torbran Burn B3's First Strike Damage Step
Phase: Ai(3)-Torbran Burn B3's Combat Damage Step
Phase: Ai(3)-Torbran Burn B3's End of Combat Step
Phase: Ai(3)-Torbran Burn B3's Main phase, postcombat
Phase: Ai(3)-Torbran Burn B3's End step
Phase: Ai(3)-Torbran Burn B3's Cleanup step
Turn: Turn 8 (Ai(4)-Wilhelt Zombies B3)
Phase: Ai(4)-Wilhelt Zombies B3's Untap step
Phase: Ai(4)-Wilhelt Zombies B3's Upkeep step
Phase: Ai(4)-Wilhelt Zombies B3's Draw step
Phase: Ai(4)-Wilhelt Zombies B3's Main phase, precombat
Land: Ai(4)-Wilhelt Zombies B3 played Island (354)
Phase: Ai(4)-Wilhelt Zombies B3's Beginning of Combat Step
Phase: Ai(4)-Wilhelt Zombies B3's Declare Attackers Step
Phase: Ai(4)-Wilhelt Zombies B3's Declare Blockers Step
Phase: Ai(4)-Wilhelt Zombies B3's First Strike Damage Step
Phase: Ai(4)-Wilhelt Zombies B3's Combat Damage Step
Phase: Ai(4)-Wilhelt Zombies B3's End of Combat Step
Phase: Ai(4)-Wilhelt Zombies B3's Main phase, postcombat
Phase: Ai(4)-Wilhelt Zombies B3's End step
Phase: Ai(4)-Wilhelt Zombies B3's Cleanup step
Turn: Turn 9 (Ai(1)-Wyleth Voltron B3)
Phase: Ai(1)-Wyleth Voltron B3's Untap step
Phase: Ai(1)-Wyleth Voltron B3's Upkeep step
Phase: Ai(1)-Wyleth Voltron B3's Draw step
Phase: Ai(1)-Wyleth Voltron B3's Main phase, precombat
Land: Ai(1)-Wyleth Voltron B3 played Mountain (88)
Phase: Ai(1)-Wyleth Voltron B3's Beginning of Combat Step
Phase: Ai(1)-Wyleth Voltron B3's Declare Attackers Step
Phase: Ai(1)-Wyleth Voltron B3's Declare Blockers Step
Phase: Ai(1)-Wyleth Voltron B3's First Strike Damage Step
Phase: Ai(1)-Wyleth Voltron B3's Combat Damage Step
Phase: Ai(1)-Wyleth Voltron B3's End of Combat Step
Phase: Ai(1)-Wyleth Voltron B3's Main phase, postcombat
Mana: Plains (50) - {T}: Add {W}.
Mana: Mountain (87) - {T}: Add {R}.
Mana: Mountain (88) - {T}: Add {R}.
Add To Stack: Ai(1)-Wyleth Voltron B3 cast Wyleth, Soul of Steel
Resolve Stack: Wyleth, Soul of Steel - Creature 2 / 2
Phase: Ai(1)-Wyleth Voltron B3's End step
Phase: Ai(1)-Wyleth Voltron B3's Cleanup step
Turn: Turn 10 (Ai(2)-Kilo Helm B3)
Phase: Ai(2)-Kilo Helm B3's Untap step
Phase: Ai(2)-Kilo Helm B3's Upkeep step
Phase: Ai(2)-Kilo Helm B3's Draw step
Phase: Ai(2)-Kilo Helm B3's Main phase, precombat
Land: Ai(2)-Kilo Helm B3 played Academy Ruins (155)
Phase: Ai(2)-Kilo Helm B3's Beginning of Combat Step
Phase: Ai(2)-Kilo Helm B3's Declare Attackers Step
Phase: Ai(2)-Kilo Helm B3's Declare Blockers Step
Phase: Ai(2)-Kilo Helm B3's First Strike Damage Step
Phase: Ai(2)-Kilo Helm B3's Combat Damage Step
Phase: Ai(2)-Kilo Helm B3's End of Combat Step
Phase: Ai(2)-Kilo Helm B3's Main phase, postcombat
Mana: Plains (157) - {T}: Add {W}.
Mana: Cascade Bluffs (126) - {T}: Add {C}.
Mana: Academy Ruins (155) - {T}: Add {C}.
Add To Stack: Ai(2)-Kilo Helm B3 cast Solar Array
Resolve Stack: Solar Array
Phase: Ai(2)-Kilo Helm B3's End step
Phase: Ai(2)-Kilo Helm B3's Cleanup step
Turn: Turn 11 (Ai(3)-Torbran Burn B3)
Phase: Ai(3)-Torbran Burn B3's Untap step
Phase: Ai(3)-Torbran Burn B3's Upkeep step
Phase: Ai(3)-Torbran Burn B3's Draw step
Phase: Ai(3)-Torbran Burn B3's Main phase, precombat
Land: Ai(3)-Torbran Burn B3 played Mountain (283)
Phase: Ai(3)-Torbran Burn B3's Beginning of Combat Step
Phase: Ai(3)-Torbran Burn B3's Declare Attackers Step
Phase: Ai(3)-Torbran Burn B3's Declare Blockers Step
Phase: Ai(3)-Torbran Burn B3's First Strike Damage Step
Phase: Ai(3)-Torbran Burn B3's Combat Damage Step
Phase: Ai(3)-Torbran Burn B3's End of Combat Step
Phase: Ai(3)-Torbran Burn B3's Main phase, postcombat
Mana: Mountain (274) - {T}: Add {R}.
Mana: Mountain (261) - {T}: Add {R}.
Add To Stack: Ai(3)-Torbran Burn B3 cast Cemetery Gatekeeper
Resolve Stack: Cemetery Gatekeeper - Creature 2 / 1
Add To Stack: Ai(3)-Torbran Burn B3 triggered Cemetery Gatekeeper
Resolve Stack: When Cemetery Gatekeeper enters, exile a card from a graveyard. [Zone Changer: Cemetery Gatekeeper (296)]
Phase: Ai(3)-Torbran Burn B3's End step
Phase: Ai(3)-Torbran Burn B3's Cleanup step
Turn: Turn 12 (Ai(4)-Wilhelt Zombies B3)
Phase: Ai(4)-Wilhelt Zombies B3's Untap step
Phase: Ai(4)-Wilhelt Zombies B3's Upkeep step
Phase: Ai(4)-Wilhelt Zombies B3's Draw step
Phase: Ai(4)-Wilhelt Zombies B3's Main phase, precombat
Land: Ai(4)-Wilhelt Zombies B3 played Swamp (380)
Phase: Ai(4)-Wilhelt Zombies B3's Beginning of Combat Step
Phase: Ai(4)-Wilhelt Zombies B3's Declare Attackers Step
Mana: Swamp (380) - {T}: Add {B}.
Mana: Island (354) - {T}: Add {U}.
Add To Stack: Ai(4)-Wilhelt Zombies B3 cast Go for the Throat targeting [Wyleth, Soul of Steel (100)]
Zone Change: Wyleth, Soul of Steel (100) was put into Graveyard from Battlefield.
Resolve Stack: Go for the Throat (357) - Destroy Wyleth, Soul of Steel (100).
Phase: Ai(4)-Wilhelt Zombies B3's Declare Blockers Step
Phase: Ai(4)-Wilhelt Zombies B3's First Strike Damage Step
Phase: Ai(4)-Wilhelt Zombies B3's Combat Damage Step
Phase: Ai(4)-Wilhelt Zombies B3's End of Combat Step
Phase: Ai(4)-Wilhelt Zombies B3's Main phase, postcombat
Phase: Ai(4)-Wilhelt Zombies B3's End step
Phase: Ai(4)-Wilhelt Zombies B3's Cleanup step
Turn: Turn 13 (Ai(1)-Wyleth Voltron B3)
Phase: Ai(1)-Wyleth Voltron B3's Untap step
Phase: Ai(1)-Wyleth Voltron B3's Upkeep step
Phase: Ai(1)-Wyleth Voltron B3's Draw step
Phase: Ai(1)-Wyleth Voltron B3's Main phase, precombat
Land: Ai(1)-Wyleth Voltron B3 played Plains (52)
Phase: Ai(1)-Wyleth Voltron B3's Beginning of Combat Step
Phase: Ai(1)-Wyleth Voltron B3's Declare Attackers Step
Phase: Ai(1)-Wyleth Voltron B3's Declare Blockers Step
Phase: Ai(1)-Wyleth Voltron B3's First Strike Damage Step
Phase: Ai(1)-Wyleth Voltron B3's Combat Damage Step
Phase: Ai(1)-Wyleth Voltron B3's End of Combat Step
Phase: Ai(1)-Wyleth Voltron B3's Main phase, postcombat
Mana: Plains (50) - {T}: Add {W}.
Add To Stack: Ai(1)-Wyleth Voltron B3 cast Shadowspear
Add To Stack: Ai(3)-Torbran Burn B3 triggered Cemetery Gatekeeper
Damage: Cemetery Gatekeeper (296) deals 2 non-combat damage to Ai(1)-Wyleth Voltron B3.
Life: Life: Ai(1)-Wyleth Voltron B3 40 > 38
Resolve Stack: Whenever a player plays a land or casts a spell, if it shares a card type with the exiled card, Cemetery Gatekeeper deals 2 damage to that player. [Card: Shadowspear (10), Activator: Ai(1)-Wyleth Voltron B3, SpellAbility: Shadowspear]
Resolve Stack: Shadowspear
Phase: Ai(1)-Wyleth Voltron B3's End step
Phase: Ai(1)-Wyleth Voltron B3's Cleanup step
Turn: Turn 14 (Ai(2)-Kilo Helm B3)
Phase: Ai(2)-Kilo Helm B3's Untap step
Phase: Ai(2)-Kilo Helm B3's Upkeep step
Phase: Ai(2)-Kilo Helm B3's Draw step
Phase: Ai(2)-Kilo Helm B3's Main phase, precombat
Replacement Effect: Glacial Fortress enters tapped unless you control a Plains or an Island.
Land: Ai(2)-Kilo Helm B3 played Glacial Fortress (179)
Mana: Plains (157) - {T}: Add {W}.
Mana: Glacial Fortress (179) - {T}: Add {W} or {U}.
Mana: Cascade Bluffs (126) - {T}: Add {C}.
Mana: Academy Ruins (155) - {T}: Add {C}.
Mana: Solar Array (145) - {T}: Add one mana of any color. When you next cast an artifact spell this turn, that spell gains sunburst. (If it's a creature, it enters with a +1/+1 counter on it for each color of mana spent to cast it. Otherwise, it enters with that many charge counters on it.) 
Add To Stack: Ai(2)-Kilo Helm B3 cast Fumigate
Zone Change: Cemetery Gatekeeper (296) was put into Graveyard from Battlefield.
Life: Life: Ai(2)-Kilo Helm B3 40 > 41
Resolve Stack: Fumigate (144) - Destroy all creatures. You gain 1 life for each creature destroyed this way. Ai(2)-Kilo Helm B3 gains 0 life. 
Phase: Ai(2)-Kilo Helm B3's Beginning of Combat Step
Phase: Ai(2)-Kilo Helm B3's Declare Attackers Step
Phase: Ai(2)-Kilo Helm B3's Declare Blockers Step
Phase: Ai(2)-Kilo Helm B3's First Strike Damage Step
Phase: Ai(2)-Kilo Helm B3's Combat Damage Step
Phase: Ai(2)-Kilo Helm B3's End of Combat Step
Phase: Ai(2)-Kilo Helm B3's Main phase, postcombat
Phase: Ai(2)-Kilo Helm B3's End step
Phase: Ai(2)-Kilo Helm B3's Cleanup step
Turn: Turn 15 (Ai(3)-Torbran Burn B3)
Phase: Ai(3)-Torbran Burn B3's Untap step
Phase: Ai(3)-Torbran Burn B3's Upkeep step
Phase: Ai(3)-Torbran Burn B3's Draw step
Phase: Ai(3)-Torbran Burn B3's Main phase, precombat
Land: Ai(3)-Torbran Burn B3 played Mountain (290)
Phase: Ai(3)-Torbran Burn B3's Beginning of Combat Step
Phase: Ai(3)-Torbran Burn B3's Declare Attackers Step
Phase: Ai(3)-Torbran Burn B3's Declare Blockers Step
Phase: Ai(3)-Torbran Burn B3's First Strike Damage Step
Phase: Ai(3)-Torbran Burn B3's Combat Damage Step
Phase: Ai(3)-Torbran Burn B3's End of Combat Step
Phase: Ai(3)-Torbran Burn B3's Main phase, postcombat
Mana: Mountain (274) - {T}: Add {R}.
Mana: Mountain (261) - {T}: Add {R}.
Mana: Mountain (283) - {T}: Add {R}.
Mana: Mountain (290) - {T}: Add {R}.
Add To Stack: Ai(3)-Torbran Burn B3 cast Torbran, Thane of Red Fell
Resolve Stack: Torbran, Thane of Red Fell - Creature 2 / 4
Phase: Ai(3)-Torbran Burn B3's End step
Phase: Ai(3)-Torbran Burn B3's Cleanup step
Turn: Turn 16 (Ai(4)-Wilhelt Zombies B3)
Phase: Ai(4)-Wilhelt Zombies B3's Untap step
Phase: Ai(4)-Wilhelt Zombies B3's Upkeep step
Phase: Ai(4)-Wilhelt Zombies B3's Draw step
Phase: Ai(4)-Wilhelt Zombies B3's Main phase, precombat
Land: Ai(4)-Wilhelt Zombies B3 played Swamp (392)
Phase: Ai(4)-Wilhelt Zombies B3's Beginning of Combat Step
Phase: Ai(4)-Wilhelt Zombies B3's Declare Attackers Step
Phase: Ai(4)-Wilhelt Zombies B3's Declare Blockers Step
Phase: Ai(4)-Wilhelt Zombies B3's First Strike Damage Step
Phase: Ai(4)-Wilhelt Zombies B3's Combat Damage Step
Phase: Ai(4)-Wilhelt Zombies B3's End of Combat Step
Phase: Ai(4)-Wilhelt Zombies B3's Main phase, postcombat
Mana: Island (354) - {T}: Add {U}.
Mana: Swamp (380) - {T}: Add {B}.
Mana: Swamp (392) - {T}: Add {B}.
Mana: Unholy Grotto (319) - {T}: Add {C}.
Add To Stack: Ai(4)-Wilhelt Zombies B3 cast Wilhelt, the Rotcleaver
Resolve Stack: Wilhelt, the Rotcleaver - Creature 3 / 3
Phase: Ai(4)-Wilhelt Zombies B3's End step
Add To Stack: Ai(4)-Wilhelt Zombies B3 triggered Wilhelt, the Rotcleaver
Resolve Stack: At the beginning of your end step, you may sacrifice a Zombie. If you do, draw a card. [Phase: Ai(4)-Wilhelt Zombies B3]
Phase: Ai(4)-Wilhelt Zombies B3's Cleanup step
Turn: Turn 17 (Ai(1)-Wyleth Voltron B3)
Phase: Ai(1)-Wyleth Voltron B3's Untap step
Phase: Ai(1)-Wyleth Voltron B3's Upkeep step
Phase: Ai(1)-Wyleth Voltron B3's Draw step
Phase: Ai(1)-Wyleth Voltron B3's Main phase, precombat
Land: Ai(1)-Wyleth Voltron B3 played Mountain (83)
Phase: Ai(1)-Wyleth Voltron B3's Beginning of Combat Step
Phase: Ai(1)-Wyleth Voltron B3's Declare Attackers Step
Phase: Ai(1)-Wyleth Voltron B3's Declare Blockers Step
Phase: Ai(1)-Wyleth Voltron B3's First Strike Damage Step
Phase: Ai(1)-Wyleth Voltron B3's Combat Damage Step
Phase: Ai(1)-Wyleth Voltron B3's End of Combat Step
Phase: Ai(1)-Wyleth Voltron B3's Main phase, postcombat
Mana: Plains (50) - {T}: Add {W}.
Mana: Mountain (87) - {T}: Add {R}.
Mana: Plains (52) - {T}: Add {W}.
Mana: Mountain (88) - {T}: Add {R}.
Mana: Mountain (83) - {T}: Add {R}.
Add To Stack: Ai(1)-Wyleth Voltron B3 cast Wyleth, Soul of Steel
Resolve Stack: Wyleth, Soul of Steel - Creature 2 / 2
Phase: Ai(1)-Wyleth Voltron B3's End step
Phase: Ai(1)-Wyleth Voltron B3's Cleanup step
Turn: Turn 18 (Ai(2)-Kilo Helm B3)
Phase: Ai(2)-Kilo Helm B3's Untap step
Phase: Ai(2)-Kilo Helm B3's Upkeep step
Phase: Ai(2)-Kilo Helm B3's Draw step
Phase: Ai(2)-Kilo Helm B3's Main phase, precombat
Land: Ai(2)-Kilo Helm B3 played Mountain (188)
Mana: Mountain (188) - {T}: Add {R}.
Mana: Glacial Fortress (179) - {T}: Add {W} or {U}.
Mana: Plains (157) - {T}: Add {W}.
Add To Stack: Ai(2)-Kilo Helm B3 cast Kilo, Apogee Mind
Resolve Stack: Kilo, Apogee Mind - Creature 3 / 3
Phase: Ai(2)-Kilo Helm B3's Beginning of Combat Step
Phase: Ai(2)-Kilo Helm B3's Declare Attackers Step
Phase: Ai(2)-Kilo Helm B3's Declare Blockers Step
Phase: Ai(2)-Kilo Helm B3's First Strike Damage Step
Phase: Ai(2)-Kilo Helm B3's Combat Damage Step
Phase: Ai(2)-Kilo Helm B3's End of Combat Step
Phase: Ai(2)-Kilo Helm B3's Main phase, postcombat
Mana: Solar Array (145) - {T}: Add one mana of any color. When you next cast an artifact spell this turn, that spell gains sunburst. (If it's a creature, it enters with a +1/+1 counter on it for each color of mana spent to cast it. Otherwise, it enters with that many charge counters on it.) 
Mana: Cascade Bluffs (126) - {T}: Add {C}.
Add To Stack: Ai(2)-Kilo Helm B3 cast Thrummingbird
Resolve Stack: Thrummingbird - Creature 1 / 1
Phase: Ai(2)-Kilo Helm B3's End step
Phase: Ai(2)-Kilo Helm B3's Cleanup step
Turn: Turn 19 (Ai(3)-Torbran Burn B3)
Phase: Ai(3)-Torbran Burn B3's Untap step
Phase: Ai(3)-Torbran Burn B3's Upkeep step
Mana: Mountain (274) - {T}: Add {R}.
Add To Stack: Ai(3)-Torbran Burn B3 cast Shock targeting [Wyleth, Soul of Steel (100)]
Replacement Effect: If a red source you control would deal damage to an opponent or a permanent an opponent controls, it deals that much damage plus 2 instead.
Damage: Shock (230) deals 4 damage to Wyleth, Soul of Steel (100).
Resolve Stack: Shock (230) - Shock (230) deals 2 damage to Wyleth, Soul of Steel (100).
Zone Change: Wyleth, Soul of Steel (100) was put into Graveyard from Battlefield.
Phase: Ai(3)-Torbran Burn B3's Draw step
Phase: Ai(3)-Torbran Burn B3's Main phase, precombat
Land: Ai(3)-Torbran Burn B3 played Mountain (275)
Phase: Ai(3)-Torbran Burn B3's Beginning of Combat Step
Phase: Ai(3)-Torbran Burn B3's Declare Attackers Step
Phase: Ai(3)-Torbran Burn B3's Declare Blockers Step
Phase: Ai(3)-Torbran Burn B3's First Strike Damage Step
Phase: Ai(3)-Torbran Burn B3's Combat Damage Step
Phase: Ai(3)-Torbran Burn B3's End of Combat Step
Phase: Ai(3)-Torbran Burn B3's Main phase, postcombat
Mana: Mountain (261) - {T}: Add {R}.
Mana: Mountain (283) - {T}: Add {R}.
Add To Stack: Ai(3)-Torbran Burn B3 cast Thermo-Alchemist
Resolve Stack: Thermo-Alchemist - Creature 0 / 3
Mana: Mountain (290) - {T}: Add {R}.
Mana: Mountain (275) - {T}: Add {R}.
Add To Stack: Ai(3)-Torbran Burn B3 cast Fire Diamond
Replacement Effect: Fire Diamond enters tapped.
Resolve Stack: Fire Diamond
Phase: Ai(3)-Torbran Burn B3's End step
Phase: Ai(3)-Torbran Burn B3's Cleanup step
Turn: Turn 20 (Ai(4)-Wilhelt Zombies B3)
Phase: Ai(4)-Wilhelt Zombies B3's Untap step
Phase: Ai(4)-Wilhelt Zombies B3's Upkeep step
Phase: Ai(4)-Wilhelt Zombies B3's Draw step
Phase: Ai(4)-Wilhelt Zombies B3's Main phase, precombat
Land: Ai(4)-Wilhelt Zombies B3 played Swamp (377)
Mana: Swamp (380) - {T}: Add {B}.
Mana: Island (354) - {T}: Add {U}.
Mana: Swamp (392) - {T}: Add {B}.
Add To Stack: Ai(4)-Wilhelt Zombies B3 cast Lord of the Accursed
Resolve Stack: Lord of the Accursed - Creature 2 / 3
Phase: Ai(4)-Wilhelt Zombies B3's Beginning of Combat Step
Phase: Ai(4)-Wilhelt Zombies B3's Declare Attackers Step
Combat: Ai(4)-Wilhelt Zombies B3 assigned Wilhelt, the Rotcleaver (402) to attack Ai(2)-Kilo Helm B3.
Phase: Ai(4)-Wilhelt Zombies B3's Declare Blockers Step
Combat: Ai(2)-Kilo Helm B3 didn't block Wilhelt, the Rotcleaver (402).
Phase: Ai(4)-Wilhelt Zombies B3's First Strike Damage Step
Phase: Ai(4)-Wilhelt Zombies B3's Combat Damage Step
Damage: Wilhelt, the Rotcleaver (402) deals 4 combat damage to Ai(2)-Kilo Helm B3.
Life: Life: Ai(2)-Kilo Helm B3 41 > 37
Phase: Ai(4)-Wilhelt Zombies B3's End of Combat Step
Phase: Ai(4)-Wilhelt Zombies B3's Main phase, postcombat
Phase: Ai(4)-Wilhelt Zombies B3's End step
Add To Stack: Ai(4)-Wilhelt Zombies B3 triggered Wilhelt, the Rotcleaver
Resolve Stack: At the beginning of your end step, you may sacrifice a Zombie. If you do, draw a card. [Phase: Ai(4)-Wilhelt Zombies B3]
Phase: Ai(4)-Wilhelt Zombies B3's Cleanup step
Turn: Turn 21 (Ai(1)-Wyleth Voltron B3)
Phase: Ai(1)-Wyleth Voltron B3's Untap step
Phase: Ai(1)-Wyleth Voltron B3's Upkeep step
Phase: Ai(1)-Wyleth Voltron B3's Draw step
Phase: Ai(1)-Wyleth Voltron B3's Main phase, precombat
Land: Ai(1)-Wyleth Voltron B3 played Plains (60)
Phase: Ai(1)-Wyleth Voltron B3's Beginning of Combat Step
Phase: Ai(1)-Wyleth Voltron B3's Declare Attackers Step
Phase: Ai(1)-Wyleth Voltron B3's Declare Blockers Step
Phase: Ai(1)-Wyleth Voltron B3's First Strike Damage Step
Phase: Ai(1)-Wyleth Voltron B3's Combat Damage Step
Phase: Ai(1)-Wyleth Voltron B3's End of Combat Step
Phase: Ai(1)-Wyleth Voltron B3's Main phase, postcombat
Mana: Plains (50) - {T}: Add {W}.
Mana: Plains (52) - {T}: Add {W}.
Add To Stack: Ai(1)-Wyleth Voltron B3 cast Swiftfoot Boots
Resolve Stack: Swiftfoot Boots
Phase: Ai(1)-Wyleth Voltron B3's End step
Phase: Ai(1)-Wyleth Voltron B3's Cleanup step
Turn: Turn 22 (Ai(2)-Kilo Helm B3)
Phase: Ai(2)-Kilo Helm B3's Untap step
Phase: Ai(2)-Kilo Helm B3's Upkeep step
Phase: Ai(2)-Kilo Helm B3's Draw step
Phase: Ai(2)-Kilo Helm B3's Main phase, precombat
Land: Ai(2)-Kilo Helm B3 played Shivan Reef (137)
Phase: Ai(2)-Kilo Helm B3's Beginning of Combat Step
Phase: Ai(2)-Kilo Helm B3's Declare Attackers Step
Combat: Ai(2)-Kilo Helm B3 assigned Kilo, Apogee Mind (201) and Thrummingbird (114) to attack Ai(4)-Wilhelt Zombies B3.
Add To Stack: Ai(2)-Kilo Helm B3 triggered Kilo, Apogee Mind
Resolve Stack: Whenever Kilo becomes tapped, proliferate. (Choose any number of permanents and/or players, then give each another counter of each kind already there.) [Tapped: Kilo, Apogee Mind (201)]
Phase: Ai(2)-Kilo Helm B3's Declare Blockers Step
Combat: Ai(4)-Wilhelt Zombies B3 didn't block Kilo, Apogee Mind (201).
Ai(4)-Wilhelt Zombies B3 didn't block Thrummingbird (114).
Phase: Ai(2)-Kilo Helm B3's First Strike Damage Step
Phase: Ai(2)-Kilo Helm B3's Combat Damage Step
Damage: Kilo, Apogee Mind (201) deals 3 combat damage to Ai(4)-Wilhelt Zombies B3.
Damage: Thrummingbird (114) deals 1 combat damage to Ai(4)-Wilhelt Zombies B3.
Life: Life: Ai(4)-Wilhelt Zombies B3 40 > 36
Add To Stack: Ai(2)-Kilo Helm B3 triggered Thrummingbird
Resolve Stack: Whenever Thrummingbird deals combat damage to a player, proliferate. [Damage Source: Thrummingbird (114), Damaged: Ai(4)-Wilhelt Zombies B3, Amount: 1]
Phase: Ai(2)-Kilo Helm B3's End of Combat Step
Phase: Ai(2)-Kilo Helm B3's Main phase, postcombat
Mana: Mountain (188) - {T}: Add {R}.
Mana: Plains (157) - {T}: Add {W}.
Add To Stack: Ai(2)-Kilo Helm B3 cast Moxite Refinery
Resolve Stack: Moxite Refinery
Phase: Ai(2)-Kilo Helm B3's End step
Phase: Ai(2)-Kilo Helm B3's Cleanup step
Turn: Turn 23 (Ai(3)-Torbran Burn B3)
Phase: Ai(3)-Torbran Burn B3's Untap step
Phase: Ai(3)-Torbran Burn B3's Upkeep step
Mana: Mountain (274) - {T}: Add {R}.
Mana: Mountain (261) - {T}: Add {R}.
Add To Stack: Ai(3)-Torbran Burn B3 cast Incinerate targeting [Lord of the Accursed (360)]
Add To Stack: Ai(3)-Torbran Burn B3 triggered Thermo-Alchemist
Mana: Swamp (377) - {T}: Add {B}.
Zone Change: Lord of the Accursed (360) was put into Graveyard from Battlefield.
Add To Stack: Ai(4)-Wilhelt Zombies B3 cast Village Rites
Add To Stack: Ai(4)-Wilhelt Zombies B3 triggered Wilhelt, the Rotcleaver
Resolve Stack: Whenever another Zombie you control dies, if it didn't have decayed, create a 2/2 black Zombie creature token with decayed. (It can't block. When it attacks, sacrifice it at end of combat.) [Zone Changer: Lord of the Accursed (360)]
Resolve Stack: Village Rites (361) - Ai(4)-Wilhelt Zombies B3 draws two cards.
Resolve Stack: Whenever you cast an instant or sorcery spell, untap Thermo-Alchemist. [Card: Incinerate (242), Activator: Ai(3)-Torbran Burn B3, SpellAbility: Incinerate deals 3 damage to any target. A creature dealt damage this way can't be regenerated this turn.  ]
Resolve Stack: Incinerate ability fizzles.
Phase: Ai(3)-Torbran Burn B3's Draw step
Phase: Ai(3)-Torbran Burn B3's Main phase, precombat
Phase: Ai(3)-Torbran Burn B3's Beginning of Combat Step
Phase: Ai(3)-Torbran Burn B3's Declare Attackers Step
Combat: Ai(3)-Torbran Burn B3 assigned Torbran, Thane of Red Fell (302) to attack Ai(2)-Kilo Helm B3.
Phase: Ai(3)-Torbran Burn B3's Declare Blockers Step
Combat: Ai(2)-Kilo Helm B3 didn't block Torbran, Thane of Red Fell (302).
Phase: Ai(3)-Torbran Burn B3's First Strike Damage Step
Phase: Ai(3)-Torbran Burn B3's Combat Damage Step
Replacement Effect: If a red source you control would deal damage to an opponent or a permanent an opponent controls, it deals that much damage plus 2 instead.
Damage: Torbran, Thane of Red Fell (302) deals 4 combat damage to Ai(2)-Kilo Helm B3.
Life: Life: Ai(2)-Kilo Helm B3 37 > 33
Phase: Ai(3)-Torbran Burn B3's End of Combat Step
Phase: Ai(3)-Torbran Burn B3's Main phase, postcombat
Land: Ai(3)-Torbran Burn B3 played Mountain (277)
Phase: Ai(3)-Torbran Burn B3's End step
Phase: Ai(3)-Torbran Burn B3's Cleanup step
Turn: Turn 24 (Ai(4)-Wilhelt Zombies B3)
Phase: Ai(4)-Wilhelt Zombies B3's Untap step
Phase: Ai(4)-Wilhelt Zombies B3's Upkeep step
Phase: Ai(4)-Wilhelt Zombies B3's Draw step
Phase: Ai(4)-Wilhelt Zombies B3's Main phase, precombat
Land: Ai(4)-Wilhelt Zombies B3 played Island (343)
Mana: Island (354) - {T}: Add {U}.
Mana: Swamp (380) - {T}: Add {B}.
Mana: Island (343) - {T}: Add {U}.
Add To Stack: Ai(4)-Wilhelt Zombies B3 cast Diregraf Captain
Resolve Stack: Diregraf Captain - Creature 2 / 2
Mana: Swamp (392) - {T}: Add {B}.
Mana: Swamp (377) - {T}: Add {B}.
Mana: Unholy Grotto (319) - {T}: Add {C}.
Add To Stack: Ai(4)-Wilhelt Zombies B3 cast Zombie Master
Resolve Stack: Zombie Master - Creature 2 / 3
Phase: Ai(4)-Wilhelt Zombies B3's Beginning of Combat Step
Phase: Ai(4)-Wilhelt Zombies B3's Declare Attackers Step
Combat: Ai(4)-Wilhelt Zombies B3 assigned Zombie Token (408) and Wilhelt, the Rotcleaver (402) to attack Ai(2)-Kilo Helm B3.
Add To Stack: Ai(4)-Wilhelt Zombies B3 triggered Zombie Token
Resolve Stack: When a creature with decayed attacks, sacrifice it at end of combat. [Attacker: Zombie Token (408)]
Phase: Ai(4)-Wilhelt Zombies B3's Declare Blockers Step
Combat: Ai(2)-Kilo Helm B3 didn't block Zombie Token (408).
Ai(2)-Kilo Helm B3 didn't block Wilhelt, the Rotcleaver (402).
Phase: Ai(4)-Wilhelt Zombies B3's First Strike Damage Step
Phase: Ai(4)-Wilhelt Zombies B3's Combat Damage Step
Damage: Zombie Token (408) deals 3 combat damage to Ai(2)-Kilo Helm B3.
Damage: Wilhelt, the Rotcleaver (402) deals 4 combat damage to Ai(2)-Kilo Helm B3.
Life: Life: Ai(2)-Kilo Helm B3 33 > 26
Phase: Ai(4)-Wilhelt Zombies B3's End of Combat Step
Add To Stack: Ai(4)-Wilhelt Zombies B3 triggered Zombie Token
Zone Change: Zombie Token (408) was put into Graveyard from Battlefield.
Resolve Stack: At end of combat, sacrifice Zombie Token. [Phase: Ai(4)-Wilhelt Zombies B3]
Add To Stack: Ai(4)-Wilhelt Zombies B3 triggered Diregraf Captain targeting [Ai(1)-Wyleth Voltron B3]
Life: Life: Ai(1)-Wyleth Voltron B3 38 > 37
Resolve Stack: Whenever another Zombie you control dies, target opponent loses 1 life. (Targeting: [[Ai(1)-Wyleth Voltron B3]]) [Zone Changer: Zombie Token (408)]
Phase: Ai(4)-Wilhelt Zombies B3's Main phase, postcombat
Phase: Ai(4)-Wilhelt Zombies B3's End step
Add To Stack: Ai(4)-Wilhelt Zombies B3 triggered Wilhelt, the Rotcleaver
Resolve Stack: At the beginning of your end step, you may sacrifice a Zombie. If you do, draw a card. [Phase: Ai(4)-Wilhelt Zombies B3]
Phase: Ai(4)-Wilhelt Zombies B3's Cleanup step
Turn: Turn 25 (Ai(1)-Wyleth Voltron B3)
Phase: Ai(1)-Wyleth Voltron B3's Untap step
Phase: Ai(1)-Wyleth Voltron B3's Upkeep step
Phase: Ai(1)-Wyleth Voltron B3's Draw step
Phase: Ai(1)-Wyleth Voltron B3's Main phase, precombat
Land: Ai(1)-Wyleth Voltron B3 played Mountain (84)
Mana: Plains (50) - {T}: Add {W}.
Mana: Mountain (87) - {T}: Add {R}.
Mana: Plains (52) - {T}: Add {W}.
Mana: Plains (60) - {T}: Add {W}.
Mana: Mountain (88) - {T}: Add {R}.
Mana: Mountain (83) - {T}: Add {R}.
Mana: Mountain (84) - {T}: Add {R}.
Add To Stack: Ai(1)-Wyleth Voltron B3 cast Wyleth, Soul of Steel
Resolve Stack: Wyleth, Soul of Steel - Creature 2 / 2
Phase: Ai(1)-Wyleth Voltron B3's Beginning of Combat Step
Phase: Ai(1)-Wyleth Voltron B3's Declare Attackers Step
Phase: Ai(1)-Wyleth Voltron B3's Declare Blockers Step
Phase: Ai(1)-Wyleth Voltron B3's First Strike Damage Step
Phase: Ai(1)-Wyleth Voltron B3's Combat Damage Step
Phase: Ai(1)-Wyleth Voltron B3's End of Combat Step
Phase: Ai(1)-Wyleth Voltron B3's Main phase, postcombat
Phase: Ai(1)-Wyleth Voltron B3's End step
Phase: Ai(1)-Wyleth Voltron B3's Cleanup step
Turn: Turn 26 (Ai(2)-Kilo Helm B3)
Phase: Ai(2)-Kilo Helm B3's Untap step
Phase: Ai(2)-Kilo Helm B3's Upkeep step
Phase: Ai(2)-Kilo Helm B3's Draw step
Phase: Ai(2)-Kilo Helm B3's Main phase, precombat
Land: Ai(2)-Kilo Helm B3 played Buried Ruin (112)
Phase: Ai(2)-Kilo Helm B3's Beginning of Combat Step
Phase: Ai(2)-Kilo Helm B3's Declare Attackers Step
Combat: Ai(2)-Kilo Helm B3 assigned Thrummingbird (114) to attack Ai(4)-Wilhelt Zombies B3.
Phase: Ai(2)-Kilo Helm B3's Declare Blockers Step
Combat: Ai(4)-Wilhelt Zombies B3 didn't block Thrummingbird (114).
Phase: Ai(2)-Kilo Helm B3's First Strike Damage Step
Phase: Ai(2)-Kilo Helm B3's Combat Damage Step
Damage: Thrummingbird (114) deals 1 combat damage to Ai(4)-Wilhelt Zombies B3.
Life: Life: Ai(4)-Wilhelt Zombies B3 36 > 35
Add To Stack: Ai(2)-Kilo Helm B3 triggered Thrummingbird
Resolve Stack: Whenever Thrummingbird deals combat damage to a player, proliferate. [Damage Source: Thrummingbird (114), Damaged: Ai(4)-Wilhelt Zombies B3, Amount: 1]
Phase: Ai(2)-Kilo Helm B3's End of Combat Step
Phase: Ai(2)-Kilo Helm B3's Main phase, postcombat
Mana: Mountain (188) - {T}: Add {R}.
Mana: Plains (157) - {T}: Add {W}.
Mana: Glacial Fortress (179) - {T}: Add {W} or {U}.
Add To Stack: Ai(2)-Kilo Helm B3 cast Tezzeret, Cruel Captain
Replacement Effect: Tezzeret, Cruel Captain enters with four loyalty counters on it.
Resolve Stack: Tezzeret, Cruel Captain
Add To Stack: Ai(2)-Kilo Helm B3 activated Tezzeret, Cruel Captain
Resolve Stack: Tezzeret, Cruel Captain (153) - Search your library for an artifact card with mana value 1 or less, reveal it, put it into your hand, then shuffle.
Mana: Shivan Reef (137) - {T}: Add {C}.
Mana: Cascade Bluffs (126) - {T}: Add {C}.
Mana: Academy Ruins (155) - {T}: Add {C}.
Mana: Buried Ruin (112) - {T}: Add {C}.
Add To Stack: Ai(2)-Kilo Helm B3 cast Walking Ballista
Replacement Effect: Walking Ballista enters with X +1/+1 counters on it.
Resolve Stack: Walking Ballista - Creature 0 / 0 (X=2)
Add To Stack: Ai(2)-Kilo Helm B3 triggered Tezzeret, Cruel Captain
Resolve Stack: Whenever an artifact you control enters, put a loyalty counter on Tezzeret. [Zone Changer: Walking Ballista (139)]
Add To Stack: Ai(2)-Kilo Helm B3 activated Walking Ballista targeting [Diregraf Captain (320)]
Damage: Walking Ballista (139) deals 1 damage to Diregraf Captain (320).
Resolve Stack: Walking Ballista (139) - Walking Ballista (139) deals 1 damage to Diregraf Captain (320).
Add To Stack: Ai(2)-Kilo Helm B3 activated Walking Ballista targeting [Diregraf Captain (320)]
Zone Change: Walking Ballista (139) was put into Graveyard from Battlefield.
Damage: Walking Ballista (139) deals 1 damage to Diregraf Captain (320).
Resolve Stack: Walking Ballista (139) - Walking Ballista (139) deals 1 damage to Diregraf Captain (320).
Zone Change: Diregraf Captain (320) was put into Graveyard from Battlefield.
Add To Stack: Ai(4)-Wilhelt Zombies B3 triggered Wilhelt, the Rotcleaver
Resolve Stack: Whenever another Zombie you control dies, if it didn't have decayed, create a 2/2 black Zombie creature token with decayed. (It can't block. When it attacks, sacrifice it at end of combat.) [Zone Changer: Diregraf Captain (320)]
Phase: Ai(2)-Kilo Helm B3's End step
Add To Stack: Ai(3)-Torbran Burn B3 activated Thermo-Alchemist
Replacement Effect: If a red source you control would deal damage to an opponent or a permanent an opponent controls, it deals that much damage plus 2 instead.
Replacement Effect: If a red source you control would deal damage to an opponent or a permanent an opponent controls, it deals that much damage plus 2 instead.
Replacement Effect: If a red source you control would deal damage to an opponent or a permanent an opponent controls, it deals that much damage plus 2 instead.
Damage: Thermo-Alchemist (247) deals 3 non-combat damage to Ai(1)-Wyleth Voltron B3.
Damage: Thermo-Alchemist (247) deals 3 non-combat damage to Ai(2)-Kilo Helm B3.
Damage: Thermo-Alchemist (247) deals 3 non-combat damage to Ai(4)-Wilhelt Zombies B3.
Life: Life: Ai(1)-Wyleth Voltron B3 37 > 34
Life: Life: Ai(2)-Kilo Helm B3 26 > 23
Life: Life: Ai(4)-Wilhelt Zombies B3 35 > 32
Resolve Stack: Thermo-Alchemist (247) - Thermo-Alchemist (247) deals 1 damage to Ai(1)-Wyleth Voltron B3, Ai(2)-Kilo Helm B3 and Ai(4)-Wilhelt Zombies B3.
Phase: Ai(2)-Kilo Helm B3's Cleanup step
Turn: Turn 27 (Ai(3)-Torbran Burn B3)
Phase: Ai(3)-Torbran Burn B3's Untap step
Phase: Ai(3)-Torbran Burn B3's Upkeep step
Phase: Ai(3)-Torbran Burn B3's Draw step
Phase: Ai(3)-Torbran Burn B3's Main phase, precombat
Phase: Ai(3)-Torbran Burn B3's Beginning of Combat Step
Phase: Ai(3)-Torbran Burn B3's Declare Attackers Step
Phase: Ai(3)-Torbran Burn B3's Declare Blockers Step
Phase: Ai(3)-Torbran Burn B3's First Strike Damage Step
Phase: Ai(3)-Torbran Burn B3's Combat Damage Step
Phase: Ai(3)-Torbran Burn B3's End of Combat Step
Phase: Ai(3)-Torbran Burn B3's Main phase, postcombat
Land: Ai(3)-Torbran Burn B3 played Mountain (289)
Phase: Ai(3)-Torbran Burn B3's End step
Phase: Ai(3)-Torbran Burn B3's Cleanup step
Turn: Turn 28 (Ai(4)-Wilhelt Zombies B3)
Phase: Ai(4)-Wilhelt Zombies B3's Untap step
Phase: Ai(4)-Wilhelt Zombies B3's Upkeep step
Phase: Ai(4)-Wilhelt Zombies B3's Draw step
Phase: Ai(4)-Wilhelt Zombies B3's Main phase, precombat
Land: Ai(4)-Wilhelt Zombies B3 played Island (341)
Phase: Ai(4)-Wilhelt Zombies B3's Beginning of Combat Step
Phase: Ai(4)-Wilhelt Zombies B3's Declare Attackers Step
Combat: Ai(4)-Wilhelt Zombies B3 assigned Wilhelt, the Rotcleaver (402) to attack Tezzeret, Cruel Captain (153).
Phase: Ai(4)-Wilhelt Zombies B3's Declare Blockers Step
Combat: Ai(2)-Kilo Helm B3 didn't block Wilhelt, the Rotcleaver (402).
Phase: Ai(4)-Wilhelt Zombies B3's First Strike Damage Step
Phase: Ai(4)-Wilhelt Zombies B3's Combat Damage Step
Zone Change: Tezzeret, Cruel Captain (153) was put into Graveyard from Battlefield.
Phase: Ai(4)-Wilhelt Zombies B3's End of Combat Step
Phase: Ai(4)-Wilhelt Zombies B3's Main phase, postcombat
Mana: Swamp (380) - {T}: Add {B}.
Mana: Swamp (392) - {T}: Add {B}.
Mana: Island (354) - {T}: Add {U}.
Mana: Island (343) - {T}: Add {U}.
Mana: Island (341) - {T}: Add {U}.
Add To Stack: Ai(4)-Wilhelt Zombies B3 cast Gray Merchant of Asphodel
Resolve Stack: Gray Merchant of Asphodel - Creature 2 / 4
Add To Stack: Ai(4)-Wilhelt Zombies B3 triggered Gray Merchant of Asphodel
Life: Life: Ai(1)-Wyleth Voltron B3 34 > 29
Life: Life: Ai(2)-Kilo Helm B3 23 > 18
Life: Life: Ai(3)-Torbran Burn B3 40 > 35
Life: Life: Ai(4)-Wilhelt Zombies B3 32 > 47
Resolve Stack: When Gray Merchant of Asphodel enters, each opponent loses X life, where X is your devotion to black. You gain life equal to the life lost this way. [Zone Changer: Gray Merchant of Asphodel (318)]
Phase: Ai(4)-Wilhelt Zombies B3's End step
Add To Stack: Ai(4)-Wilhelt Zombies B3 triggered Wilhelt, the Rotcleaver
Resolve Stack: At the beginning of your end step, you may sacrifice a Zombie. If you do, draw a card. [Phase: Ai(4)-Wilhelt Zombies B3]
Phase: Ai(4)-Wilhelt Zombies B3's Cleanup step
Turn: Turn 29 (Ai(1)-Wyleth Voltron B3)
Phase: Ai(1)-Wyleth Voltron B3's Untap step
Phase: Ai(1)-Wyleth Voltron B3's Upkeep step
Phase: Ai(1)-Wyleth Voltron B3's Draw step
Phase: Ai(1)-Wyleth Voltron B3's Main phase, precombat
Land: Ai(1)-Wyleth Voltron B3 played Mountain (82)
Mana: Plains (50) - {T}: Add {W}.
Mana: Plains (52) - {T}: Add {W}.
Add To Stack: Ai(1)-Wyleth Voltron B3 cast Sunspear Shikari
Resolve Stack: Sunspear Shikari - Creature 2 / 2
Mana: Plains (60) - {T}: Add {W}.
Mana: Mountain (87) - {T}: Add {R}.
Add To Stack: Ai(1)-Wyleth Voltron B3 activated Shadowspear targeting [Wyleth, Soul of Steel (100)]
Resolve Stack: Shadowspear (10) -  Attach to Wyleth, Soul of Steel (100)
Mana: Mountain (88) - {T}: Add {R}.
Mana: Mountain (83) - {T}: Add {R}.
Mana: Mountain (84) - {T}: Add {R}.
Add To Stack: Ai(1)-Wyleth Voltron B3 cast Chaos Warp targeting [Gray Merchant of Asphodel (318)]
Resolve Stack: Chaos Warp (33) - Shuffle Gray Merchant of Asphodel (318) into its owner's library. Ai(1)-Wyleth Voltron B3 reveals the top card of Ai(4)-Wilhelt Zombies B3's library.
Mana: Mountain (82) - {T}: Add {R}.
Add To Stack: Ai(1)-Wyleth Voltron B3 activated Swiftfoot Boots targeting [Wyleth, Soul of Steel (100)]
Resolve Stack: Swiftfoot Boots (9) -  Attach to Wyleth, Soul of Steel (100)
Phase: Ai(1)-Wyleth Voltron B3's Beginning of Combat Step
Phase: Ai(1)-Wyleth Voltron B3's Declare Attackers Step
Phase: Ai(1)-Wyleth Voltron B3's Declare Blockers Step
Phase: Ai(1)-Wyleth Voltron B3's First Strike Damage Step
Phase: Ai(1)-Wyleth Voltron B3's Combat Damage Step
Phase: Ai(1)-Wyleth Voltron B3's End of Combat Step
Phase: Ai(1)-Wyleth Voltron B3's Main phase, postcombat
Phase: Ai(1)-Wyleth Voltron B3's End step
Phase: Ai(1)-Wyleth Voltron B3's Cleanup step
Turn: Turn 30 (Ai(2)-Kilo Helm B3)
Phase: Ai(2)-Kilo Helm B3's Untap step
Phase: Ai(2)-Kilo Helm B3's Upkeep step
Phase: Ai(2)-Kilo Helm B3's Draw step
Phase: Ai(2)-Kilo Helm B3's Main phase, precombat
Phase: Ai(2)-Kilo Helm B3's Beginning of Combat Step
Phase: Ai(2)-Kilo Helm B3's Declare Attackers Step
Combat: Ai(2)-Kilo Helm B3 assigned Thrummingbird (114) to attack Ai(4)-Wilhelt Zombies B3.
Phase: Ai(2)-Kilo Helm B3's Declare Blockers Step
Combat: Ai(4)-Wilhelt Zombies B3 didn't block Thrummingbird (114).
Phase: Ai(2)-Kilo Helm B3's First Strike Damage Step
Phase: Ai(2)-Kilo Helm B3's Combat Damage Step
Damage: Thrummingbird (114) deals 1 combat damage to Ai(4)-Wilhelt Zombies B3.
Life: Life: Ai(4)-Wilhelt Zombies B3 47 > 46
Add To Stack: Ai(2)-Kilo Helm B3 triggered Thrummingbird
Resolve Stack: Whenever Thrummingbird deals combat damage to a player, proliferate. [Damage Source: Thrummingbird (114), Damaged: Ai(4)-Wilhelt Zombies B3, Amount: 1]
Phase: Ai(2)-Kilo Helm B3's End of Combat Step
Phase: Ai(2)-Kilo Helm B3's Main phase, postcombat
Replacement Effect: Razortide Bridge enters tapped.
Land: Ai(2)-Kilo Helm B3 played Razortide Bridge (125)
Mana: Plains (157) - {T}: Add {W}.
Mana: Glacial Fortress (179) - {T}: Add {W} or {U}.
Mana: Solar Array (145) - {T}: Add one mana of any color. When you next cast an artifact spell this turn, that spell gains sunburst. (If it's a creature, it enters with a +1/+1 counter on it for each color of mana spent to cast it. Otherwise, it enters with that many charge counters on it.) 
Mana: Mountain (188) - {T}: Add {R}.
Add To Stack: Ai(2)-Kilo Helm B3 cast Crystalline Crawler
Add To Stack: Ai(2)-Kilo Helm B3 triggered Solar Array (145)'s Effect
Resolve Stack: When you next cast an artifact spell this turn, that spell gains sunburst. (If it's a creature, it enters with a +1/+1 counter on it for each color of mana spent to cast it. Otherwise, it enters with that many charge counters on it.) [Card: Crystalline Crawler (174), Activator: Ai(2)-Kilo Helm B3, SpellAbility: Crystalline Crawler - Creature 1 / 1]
Replacement Effect: Converge — Crystalline Crawler enters with a +1/+1 counter on it for each color of mana spent to cast it.
Replacement Effect: Sunburst (This enters with either a +1/+1 or charge counter on it for each color of mana spent to cast it based on whether it's a creature.)
Resolve Stack: Crystalline Crawler - Creature 1 / 1
Phase: Ai(2)-Kilo Helm B3's End step
Mana: Shivan Reef (137) - {T}: Add {C}.
Mana: Cascade Bluffs (126) - {T}: Add {C}.
Zone Change: Buried Ruin (112) was put into Graveyard from Battlefield.
Add To Stack: Ai(2)-Kilo Helm B3 activated Buried Ruin targeting [Walking Ballista (139)]
Add To Stack: Ai(3)-Torbran Burn B3 activated Thermo-Alchemist
Replacement Effect: If a red source you control would deal damage to an opponent or a permanent an opponent controls, it deals that much damage plus 2 instead.
Replacement Effect: If a red source you control would deal damage to an opponent or a permanent an opponent controls, it deals that much damage plus 2 instead.
Replacement Effect: If a red source you control would deal damage to an opponent or a permanent an opponent controls, it deals that much damage plus 2 instead.
Damage: Thermo-Alchemist (247) deals 3 non-combat damage to Ai(1)-Wyleth Voltron B3.
Damage: Thermo-Alchemist (247) deals 3 non-combat damage to Ai(2)-Kilo Helm B3.
Damage: Thermo-Alchemist (247) deals 3 non-combat damage to Ai(4)-Wilhelt Zombies B3.
Life: Life: Ai(1)-Wyleth Voltron B3 29 > 26
Life: Life: Ai(2)-Kilo Helm B3 18 > 15
Life: Life: Ai(4)-Wilhelt Zombies B3 46 > 43
Resolve Stack: Thermo-Alchemist (247) - Thermo-Alchemist (247) deals 1 damage to Ai(1)-Wyleth Voltron B3, Ai(2)-Kilo Helm B3 and Ai(4)-Wilhelt Zombies B3.
Resolve Stack: Buried Ruin (112) - Return Walking Ballista (139) from the graveyard to its owner's hand.
Phase: Ai(2)-Kilo Helm B3's Cleanup step
Turn: Turn 31 (Ai(3)-Torbran Burn B3)
Phase: Ai(3)-Torbran Burn B3's Untap step
Phase: Ai(3)-Torbran Burn B3's Upkeep step
Phase: Ai(3)-Torbran Burn B3's Draw step
Phase: Ai(3)-Torbran Burn B3's Main phase, precombat
Mana: Mountain (274) - {T}: Add {R}.
Mana: Mountain (261) - {T}: Add {R}.
Mana: Mountain (283) - {T}: Add {R}.
Add To Stack: Ai(3)-Torbran Burn B3 cast Light Up the Stage
Add To Stack: Ai(3)-Torbran Burn B3 triggered Thermo-Alchemist
Resolve Stack: Whenever you cast an instant or sorcery spell, untap Thermo-Alchemist. [Card: Light Up the Stage (299), Activator: Ai(3)-Torbran Burn B3, SpellAbility: Exile the top two cards of your library. Until the end of your next turn, you may play those cards.  ]
Resolve Stack: Light Up the Stage (299) - Ai(3)-Torbran Burn B3 exiles the top two cards of their library.  
Phase: Ai(3)-Torbran Burn B3's Beginning of Combat Step
Phase: Ai(3)-Torbran Burn B3's Declare Attackers Step
Phase: Ai(3)-Torbran Burn B3's Declare Blockers Step
Phase: Ai(3)-Torbran Burn B3's First Strike Damage Step
Phase: Ai(3)-Torbran Burn B3's Combat Damage Step
Phase: Ai(3)-Torbran Burn B3's End of Combat Step
Phase: Ai(3)-Torbran Burn B3's Main phase, postcombat
Land: Ai(3)-Torbran Burn B3 played Mount Doom (246)
Phase: Ai(3)-Torbran Burn B3's End step
Mana: Swamp (377) - {T}: Add {B}.
Add To Stack: Ai(4)-Wilhelt Zombies B3 activated Unholy Grotto targeting [Diregraf Captain (320)]
Resolve Stack: Unholy Grotto (319) - Put Diregraf Captain (320) from the graveyard on top of its owner's library.
Phase: Ai(3)-Torbran Burn B3's Cleanup step
Turn: Turn 32 (Ai(4)-Wilhelt Zombies B3)
Phase: Ai(4)-Wilhelt Zombies B3's Untap step
Phase: Ai(4)-Wilhelt Zombies B3's Upkeep step
Phase: Ai(4)-Wilhelt Zombies B3's Draw step
Phase: Ai(4)-Wilhelt Zombies B3's Main phase, precombat
Mana: Island (354) - {T}: Add {U}.
Mana: Swamp (380) - {T}: Add {B}.
Mana: Island (343) - {T}: Add {U}.
Add To Stack: Ai(4)-Wilhelt Zombies B3 cast Diregraf Captain
Resolve Stack: Diregraf Captain - Creature 2 / 2
Phase: Ai(4)-Wilhelt Zombies B3's Beginning of Combat Step
Phase: Ai(4)-Wilhelt Zombies B3's Declare Attackers Step
Phase: Ai(4)-Wilhelt Zombies B3's Declare Blockers Step
Phase: Ai(4)-Wilhelt Zombies B3's First Strike Damage Step
Phase: Ai(4)-Wilhelt Zombies B3's Combat Damage Step
Phase: Ai(4)-Wilhelt Zombies B3's End of Combat Step
Phase: Ai(4)-Wilhelt Zombies B3's Main phase, postcombat
Mana: Island (341) - {T}: Add {U}.
Mana: Swamp (392) - {T}: Add {B}.
Mana: Swamp (377) - {T}: Add {B}.
Add To Stack: Ai(4)-Wilhelt Zombies B3 cast Ashnod's Altar
Resolve Stack: Ashnod's Altar
Phase: Ai(4)-Wilhelt Zombies B3's End step
Add To Stack: Ai(4)-Wilhelt Zombies B3 triggered Wilhelt, the Rotcleaver
Resolve Stack: At the beginning of your end step, you may sacrifice a Zombie. If you do, draw a card. [Phase: Ai(4)-Wilhelt Zombies B3]
Phase: Ai(4)-Wilhelt Zombies B3's Cleanup step
Turn: Turn 33 (Ai(1)-Wyleth Voltron B3)
Phase: Ai(1)-Wyleth Voltron B3's Untap step
Phase: Ai(1)-Wyleth Voltron B3's Upkeep step
Phase: Ai(1)-Wyleth Voltron B3's Draw step
Phase: Ai(1)-Wyleth Voltron B3's Main phase, precombat
Land: Ai(1)-Wyleth Voltron B3 played Slayers' Stronghold (70)
Phase: Ai(1)-Wyleth Voltron B3's Beginning of Combat Step
Phase: Ai(1)-Wyleth Voltron B3's Declare Attackers Step
Phase: Ai(1)-Wyleth Voltron B3's Declare Blockers Step
Phase: Ai(1)-Wyleth Voltron B3's First Strike Damage Step
Phase: Ai(1)-Wyleth Voltron B3's Combat Damage Step
Phase: Ai(1)-Wyleth Voltron B3's End of Combat Step
Phase: Ai(1)-Wyleth Voltron B3's Main phase, postcombat
Phase: Ai(1)-Wyleth Voltron B3's End step
Phase: Ai(1)-Wyleth Voltron B3's Cleanup step
Turn: Turn 34 (Ai(2)-Kilo Helm B3)
Phase: Ai(2)-Kilo Helm B3's Untap step
Phase: Ai(2)-Kilo Helm B3's Upkeep step
Phase: Ai(2)-Kilo Helm B3's Draw step
Phase: Ai(2)-Kilo Helm B3's Main phase, precombat
Land: Ai(2)-Kilo Helm B3 played Rugged Prairie (143)
Phase: Ai(2)-Kilo Helm B3's Beginning of Combat Step
Phase: Ai(2)-Kilo Helm B3's Declare Attackers Step
Combat: Ai(2)-Kilo Helm B3 assigned Thrummingbird (114) to attack Ai(4)-Wilhelt Zombies B3.
Phase: Ai(2)-Kilo Helm B3's Declare Blockers Step
Combat: Ai(4)-Wilhelt Zombies B3 didn't block Thrummingbird (114).
Phase: Ai(2)-Kilo Helm B3's First Strike Damage Step
Phase: Ai(2)-Kilo Helm B3's Combat Damage Step
Damage: Thrummingbird (114) deals 1 combat damage to Ai(4)-Wilhelt Zombies B3.
Life: Life: Ai(4)-Wilhelt Zombies B3 43 > 42
Add To Stack: Ai(2)-Kilo Helm B3 triggered Thrummingbird
Resolve Stack: Whenever Thrummingbird deals combat damage to a player, proliferate. [Damage Source: Thrummingbird (114), Damaged: Ai(4)-Wilhelt Zombies B3, Amount: 1]
Phase: Ai(2)-Kilo Helm B3's End of Combat Step
Phase: Ai(2)-Kilo Helm B3's Main phase, postcombat
Mana: Mountain (188) - {T}: Add {R}.
Mana: Plains (157) - {T}: Add {W}.
Mana: Glacial Fortress (179) - {T}: Add {W} or {U}.
Mana: Razortide Bridge (125) - {T}: Add {W} or {U}.
Mana: Shivan Reef (137) - {T}: Add {C}.
Mana: Cascade Bluffs (126) - {T}: Add {C}.
Mana: Rugged Prairie (143) - {T}: Add {C}.
Mana: Academy Ruins (155) - {T}: Add {C}.
Mana: Solar Array (145) - {T}: Add one mana of any color. When you next cast an artifact spell this turn, that spell gains sunburst. (If it's a creature, it enters with a +1/+1 counter on it for each color of mana spent to cast it. Otherwise, it enters with that many charge counters on it.) 
Mana: Crystalline Crawler (174) - Remove a +1/+1 counter from Crystalline Crawler: Add one mana of any color.
Add To Stack: Ai(2)-Kilo Helm B3 cast Walking Ballista
Add To Stack: Ai(2)-Kilo Helm B3 triggered Solar Array (145)'s Effect
Resolve Stack: When you next cast an artifact spell this turn, that spell gains sunburst. (If it's a creature, it enters with a +1/+1 counter on it for each color of mana spent to cast it. Otherwise, it enters with that many charge counters on it.) [Card: Walking Ballista (139), Activator: Ai(2)-Kilo Helm B3, SpellAbility: Walking Ballista - Creature 0 / 0 (X=0)]
Replacement Effect: Walking Ballista enters with X +1/+1 counters on it.
Replacement Effect: Sunburst (This enters with either a +1/+1 or charge counter on it for each color of mana spent to cast it based on whether it's a creature.)
Resolve Stack: Walking Ballista - Creature 0 / 0 (X=5)
Add To Stack: Ai(2)-Kilo Helm B3 activated Walking Ballista targeting [Sunspear Shikari (43)]
Damage: Walking Ballista (139) deals 1 damage to Sunspear Shikari (43).
Resolve Stack: Walking Ballista (139) - Walking Ballista (139) deals 1 damage to Sunspear Shikari (43).
Add To Stack: Ai(2)-Kilo Helm B3 activated Walking Ballista targeting [Sunspear Shikari (43)]
Damage: Walking Ballista (139) deals 1 damage to Sunspear Shikari (43).
Resolve Stack: Walking Ballista (139) - Walking Ballista (139) deals 1 damage to Sunspear Shikari (43).
Zone Change: Sunspear Shikari (43) was put into Graveyard from Battlefield.
Phase: Ai(2)-Kilo Helm B3's End step
Add To Stack: Ai(3)-Torbran Burn B3 activated Thermo-Alchemist
Replacement Effect: If a red source you control would deal damage to an opponent or a permanent an opponent controls, it deals that much damage plus 2 instead.
Replacement Effect: If a red source you control would deal damage to an opponent or a permanent an opponent controls, it deals that much damage plus 2 instead.
Replacement Effect: If a red source you control would deal damage to an opponent or a permanent an opponent controls, it deals that much damage plus 2 instead.
Damage: Thermo-Alchemist (247) deals 3 non-combat damage to Ai(1)-Wyleth Voltron B3.
Damage: Thermo-Alchemist (247) deals 3 non-combat damage to Ai(2)-Kilo Helm B3.
Damage: Thermo-Alchemist (247) deals 3 non-combat damage to Ai(4)-Wilhelt Zombies B3.
Life: Life: Ai(1)-Wyleth Voltron B3 26 > 23
Life: Life: Ai(2)-Kilo Helm B3 15 > 12
Life: Life: Ai(4)-Wilhelt Zombies B3 42 > 39
Resolve Stack: Thermo-Alchemist (247) - Thermo-Alchemist (247) deals 1 damage to Ai(1)-Wyleth Voltron B3, Ai(2)-Kilo Helm B3 and Ai(4)-Wilhelt Zombies B3.
Phase: Ai(2)-Kilo Helm B3's Cleanup step
Turn: Turn 35 (Ai(3)-Torbran Burn B3)
Phase: Ai(3)-Torbran Burn B3's Untap step
Phase: Ai(3)-Torbran Burn B3's Upkeep step
Phase: Ai(3)-Torbran Burn B3's Draw step
Phase: Ai(3)-Torbran Burn B3's Main phase, precombat
Land: Ai(3)-Torbran Burn B3 played Mikokoro, Center of the Sea (249)
Phase: Ai(3)-Torbran Burn B3's Beginning of Combat Step
Phase: Ai(3)-Torbran Burn B3's Declare Attackers Step
Phase: Ai(3)-Torbran Burn B3's Declare Blockers Step
Phase: Ai(3)-Torbran Burn B3's First Strike Damage Step
Phase: Ai(3)-Torbran Burn B3's Combat Damage Step
Phase: Ai(3)-Torbran Burn B3's End of Combat Step
Phase: Ai(3)-Torbran Burn B3's Main phase, postcombat
Mana: Mountain (274) - {T}: Add {R}.
Mana: Mountain (261) - {T}: Add {R}.
Add To Stack: Ai(3)-Torbran Burn B3 activated Mikokoro, Center of the Sea
Resolve Stack: Mikokoro, Center of the Sea (249) - Ai(3)-Torbran Burn B3, Ai(4)-Wilhelt Zombies B3, Ai(1)-Wyleth Voltron B3 and Ai(2)-Kilo Helm B3 each draw a card.
Mana: Mountain (283) - {T}: Add {R}.
Mana: Mountain (290) - {T}: Add {R}.
Mana: Mountain (275) - {T}: Add {R}.
Mana: Fire Diamond (225) - {T}: Add {R}.
Add To Stack: Ai(3)-Torbran Burn B3 cast Solphim, Mayhem Dominus
Resolve Stack: Solphim, Mayhem Dominus - Creature 5 / 4
Phase: Ai(3)-Torbran Burn B3's End step
Phase: Ai(3)-Torbran Burn B3's Cleanup step
Turn: Turn 36 (Ai(4)-Wilhelt Zombies B3)
Phase: Ai(4)-Wilhelt Zombies B3's Untap step
Phase: Ai(4)-Wilhelt Zombies B3's Upkeep step
Phase: Ai(4)-Wilhelt Zombies B3's Draw step
Phase: Ai(4)-Wilhelt Zombies B3's Main phase, precombat
Land: Ai(4)-Wilhelt Zombies B3 played Swamp (387)
Phase: Ai(4)-Wilhelt Zombies B3's Beginning of Combat Step
Phase: Ai(4)-Wilhelt Zombies B3's Declare Attackers Step
Combat: Ai(4)-Wilhelt Zombies B3 assigned Diregraf Captain (320) to attack Ai(2)-Kilo Helm B3.
Phase: Ai(4)-Wilhelt Zombies B3's Declare Blockers Step
Combat: Ai(2)-Kilo Helm B3 didn't block Diregraf Captain (320).
Phase: Ai(4)-Wilhelt Zombies B3's First Strike Damage Step
Phase: Ai(4)-Wilhelt Zombies B3's Combat Damage Step
Damage: Diregraf Captain (320) deals 2 combat damage to Ai(2)-Kilo Helm B3.
Life: Life: Ai(2)-Kilo Helm B3 12 > 10
Phase: Ai(4)-Wilhelt Zombies B3's End of Combat Step
Phase: Ai(4)-Wilhelt Zombies B3's Main phase, postcombat
Mana: Swamp (380) - {T}: Add {B}.
Mana: Island (354) - {T}: Add {U}.
Mana: Island (343) - {T}: Add {U}.
Add To Stack: Ai(4)-Wilhelt Zombies B3 cast Sibsig Icebreakers
Resolve Stack: Sibsig Icebreakers - Creature 2 / 3
Add To Stack: Ai(4)-Wilhelt Zombies B3 triggered Sibsig Icebreakers
Discard: Ai(1)-Wyleth Voltron B3 discards Command Tower (13).
Discard: Ai(2)-Kilo Helm B3 discards Everflowing Chalice (133).
Discard: Ai(3)-Torbran Burn B3 discards Mountain (264).
Discard: Ai(4)-Wilhelt Zombies B3 discards Undead Augur (311).
Resolve Stack: When Sibsig Icebreakers enters, each player discards a card. [Zone Changer: Sibsig Icebreakers (322)]
Phase: Ai(4)-Wilhelt Zombies B3's End step
Add To Stack: Ai(4)-Wilhelt Zombies B3 triggered Wilhelt, the Rotcleaver
Resolve Stack: At the beginning of your end step, you may sacrifice a Zombie. If you do, draw a card. [Phase: Ai(4)-Wilhelt Zombies B3]
Phase: Ai(4)-Wilhelt Zombies B3's Cleanup step
Turn: Turn 37 (Ai(1)-Wyleth Voltron B3)
Phase: Ai(1)-Wyleth Voltron B3's Untap step
Phase: Ai(1)-Wyleth Voltron B3's Upkeep step
Phase: Ai(1)-Wyleth Voltron B3's Draw step
Phase: Ai(1)-Wyleth Voltron B3's Main phase, precombat
Land: Ai(1)-Wyleth Voltron B3 played Battlefield Forge (19)
Phase: Ai(1)-Wyleth Voltron B3's Beginning of Combat Step
Phase: Ai(1)-Wyleth Voltron B3's Declare Attackers Step
Phase: Ai(1)-Wyleth Voltron B3's Declare Blockers Step
Phase: Ai(1)-Wyleth Voltron B3's First Strike Damage Step
Phase: Ai(1)-Wyleth Voltron B3's Combat Damage Step
Phase: Ai(1)-Wyleth Voltron B3's End of Combat Step
Phase: Ai(1)-Wyleth Voltron B3's Main phase, postcombat
Phase: Ai(1)-Wyleth Voltron B3's End step
Add To Stack: Ai(2)-Kilo Helm B3 activated Crystalline Crawler
Resolve Stack: Crystalline Crawler (174) - Ai(2)-Kilo Helm B3 puts a +1/+1 counter on Crystalline Crawler (174).
Phase: Ai(1)-Wyleth Voltron B3's Cleanup step
Turn: Turn 38 (Ai(2)-Kilo Helm B3)
Phase: Ai(2)-Kilo Helm B3's Untap step
Phase: Ai(2)-Kilo Helm B3's Upkeep step
Phase: Ai(2)-Kilo Helm B3's Draw step
Phase: Ai(2)-Kilo Helm B3's Main phase, precombat
Land: Ai(2)-Kilo Helm B3 played Inventors' Fair (103)
Mana: Mountain (188) - {T}: Add {R}.
Mana: Plains (157) - {T}: Add {W}.
Mana: Glacial Fortress (179) - {T}: Add {W} or {U}.
Mana: Razortide Bridge (125) - {T}: Add {W} or {U}.
Zone Change: Inventors' Fair (103) was put into Graveyard from Battlefield.
Add To Stack: Ai(2)-Kilo Helm B3 activated Inventors' Fair
Resolve Stack: Inventors' Fair (103) - Ai(2)-Kilo Helm B3 searches their library for an artifact card, reveals it, puts it into their hand, then shuffles.
Phase: Ai(2)-Kilo Helm B3's Beginning of Combat Step
Phase: Ai(2)-Kilo Helm B3's Declare Attackers Step
Phase: Ai(2)-Kilo Helm B3's Declare Blockers Step
Phase: Ai(2)-Kilo Helm B3's First Strike Damage Step
Phase: Ai(2)-Kilo Helm B3's Combat Damage Step
Phase: Ai(2)-Kilo Helm B3's End of Combat Step
Phase: Ai(2)-Kilo Helm B3's Main phase, postcombat
Phase: Ai(2)-Kilo Helm B3's End step
Add To Stack: Ai(3)-Torbran Burn B3 activated Thermo-Alchemist
Replacement Effect: If a red source you control would deal damage to an opponent or a permanent an opponent controls, it deals that much damage plus 2 instead.
Replacement Effect: If a source you control would deal noncombat damage to an opponent or a permanent an opponent controls, it deals double that damage to that player or permanent instead.
Replacement Effect: If a red source you control would deal damage to an opponent or a permanent an opponent controls, it deals that much damage plus 2 instead.
Replacement Effect: If a source you control would deal noncombat damage to an opponent or a permanent an opponent controls, it deals double that damage to that player or permanent instead.
Replacement Effect: If a red source you control would deal damage to an opponent or a permanent an opponent controls, it deals that much damage plus 2 instead.
Replacement Effect: If a source you control would deal noncombat damage to an opponent or a permanent an opponent controls, it deals double that damage to that player or permanent instead.
Damage: Thermo-Alchemist (247) deals 6 non-combat damage to Ai(1)-Wyleth Voltron B3.
Damage: Thermo-Alchemist (247) deals 6 non-combat damage to Ai(2)-Kilo Helm B3.
Damage: Thermo-Alchemist (247) deals 6 non-combat damage to Ai(4)-Wilhelt Zombies B3.
Life: Life: Ai(1)-Wyleth Voltron B3 23 > 17
Life: Life: Ai(2)-Kilo Helm B3 10 > 4
Life: Life: Ai(4)-Wilhelt Zombies B3 39 > 33
Resolve Stack: Thermo-Alchemist (247) - Thermo-Alchemist (247) deals 1 damage to Ai(1)-Wyleth Voltron B3, Ai(2)-Kilo Helm B3 and Ai(4)-Wilhelt Zombies B3.
Phase: Ai(2)-Kilo Helm B3's Cleanup step
Turn: Turn 39 (Ai(3)-Torbran Burn B3)
Phase: Ai(3)-Torbran Burn B3's Untap step
Phase: Ai(3)-Torbran Burn B3's Upkeep step
Add To Stack: Ai(3)-Torbran Burn B3 activated Thermo-Alchemist
Replacement Effect: If a red source you control would deal damage to an opponent or a permanent an opponent controls, it deals that much damage plus 2 instead.
Replacement Effect: If a source you control would deal noncombat damage to an opponent or a permanent an opponent controls, it deals double that damage to that player or permanent instead.
Replacement Effect: If a red source you control would deal damage to an opponent or a permanent an opponent controls, it deals that much damage plus 2 instead.
Replacement Effect: If a source you control would deal noncombat damage to an opponent or a permanent an opponent controls, it deals double that damage to that player or permanent instead.
Replacement Effect: If a red source you control would deal damage to an opponent or a permanent an opponent controls, it deals that much damage plus 2 instead.
Replacement Effect: If a source you control would deal noncombat damage to an opponent or a permanent an opponent controls, it deals double that damage to that player or permanent instead.
Damage: Thermo-Alchemist (247) deals 6 non-combat damage to Ai(1)-Wyleth Voltron B3.
Damage: Thermo-Alchemist (247) deals 6 non-combat damage to Ai(2)-Kilo Helm B3.
Damage: Thermo-Alchemist (247) deals 6 non-combat damage to Ai(4)-Wilhelt Zombies B3.
Life: Life: Ai(1)-Wyleth Voltron B3 17 > 11
Life: Life: Ai(2)-Kilo Helm B3 4 > -2
Life: Life: Ai(4)-Wilhelt Zombies B3 33 > 27
Resolve Stack: Thermo-Alchemist (247) - Thermo-Alchemist (247) deals 1 damage to Ai(1)-Wyleth Voltron B3, Ai(2)-Kilo Helm B3 and Ai(4)-Wilhelt Zombies B3.
Phase: Ai(3)-Torbran Burn B3's Draw step
Phase: Ai(3)-Torbran Burn B3's Main phase, precombat
Phase: Ai(3)-Torbran Burn B3's Beginning of Combat Step
Phase: Ai(3)-Torbran Burn B3's Declare Attackers Step
Phase: Ai(3)-Torbran Burn B3's Declare Blockers Step
Phase: Ai(3)-Torbran Burn B3's First Strike Damage Step
Phase: Ai(3)-Torbran Burn B3's Combat Damage Step
Phase: Ai(3)-Torbran Burn B3's End of Combat Step
Phase: Ai(3)-Torbran Burn B3's Main phase, postcombat
Mana: Mountain (274) - {T}: Add {R}.
Mana: Mountain (261) - {T}: Add {R}.
Add To Stack: Ai(3)-Torbran Burn B3 activated Mikokoro, Center of the Sea
Resolve Stack: Mikokoro, Center of the Sea (249) - Ai(3)-Torbran Burn B3, Ai(4)-Wilhelt Zombies B3 and Ai(1)-Wyleth Voltron B3 each draw a card.
Mana: Mountain (283) - {T}: Add {R}.
Mana: Mountain (290) - {T}: Add {R}.
Discard: Ai(3)-Torbran Burn B3 discards Mountain (250).
Add To Stack: Ai(3)-Torbran Burn B3 cast Tormenting Voice
Add To Stack: Ai(3)-Torbran Burn B3 triggered Thermo-Alchemist
Resolve Stack: Whenever you cast an instant or sorcery spell, untap Thermo-Alchemist. [Card: Tormenting Voice (232), Activator: Ai(3)-Torbran Burn B3, SpellAbility: As an additional cost to cast this spell, discard a card. Draw two cards.]
Resolve Stack: Tormenting Voice (232) - Ai(3)-Torbran Burn B3 draws two cards.
Phase: Ai(3)-Torbran Burn B3's End step
Mana: Swamp (392) - {T}: Add {B}.
Add To Stack: Ai(4)-Wilhelt Zombies B3 activated Unholy Grotto targeting [Lord of the Accursed (360)]
Resolve Stack: Unholy Grotto (319) - Put Lord of the Accursed (360) from the graveyard on top of its owner's library.
Phase: Ai(3)-Torbran Burn B3's Cleanup step
Turn: Turn 40 (Ai(4)-Wilhelt Zombies B3)
Phase: Ai(4)-Wilhelt Zombies B3's Untap step
Phase: Ai(4)-Wilhelt Zombies B3's Upkeep step
Phase: Ai(4)-Wilhelt Zombies B3's Draw step
Phase: Ai(4)-Wilhelt Zombies B3's Main phase, precombat
Land: Ai(4)-Wilhelt Zombies B3 played Swamp (384)
Mana: Swamp (380) - {T}: Add {B}.
Mana: Island (354) - {T}: Add {U}.
Mana: Island (343) - {T}: Add {U}.
Add To Stack: Ai(4)-Wilhelt Zombies B3 cast Lord of the Accursed
Resolve Stack: Lord of the Accursed - Creature 2 / 3
Phase: Ai(4)-Wilhelt Zombies B3's Beginning of Combat Step
Phase: Ai(4)-Wilhelt Zombies B3's Declare Attackers Step
Combat: Ai(4)-Wilhelt Zombies B3 assigned Zombie Token (411), Wilhelt, the Rotcleaver (402), Zombie Master (325), Sibsig Icebreakers (322) and Diregraf Captain (320) to attack Ai(3)-Torbran Burn B3.
Add To Stack: Ai(4)-Wilhelt Zombies B3 triggered Zombie Token
Resolve Stack: When a creature with decayed attacks, sacrifice it at end of combat. [Attacker: Zombie Token (411)]
Phase: Ai(4)-Wilhelt Zombies B3's Declare Blockers Step
Combat: Ai(3)-Torbran Burn B3 didn't block Zombie Token (411).
Ai(3)-Torbran Burn B3 didn't block Wilhelt, the Rotcleaver (402).
Ai(3)-Torbran Burn B3 didn't block Zombie Master (325).
Ai(3)-Torbran Burn B3 didn't block Sibsig Icebreakers (322).
Ai(3)-Torbran Burn B3 didn't block Diregraf Captain (320).
Phase: Ai(4)-Wilhelt Zombies B3's First Strike Damage Step
Phase: Ai(4)-Wilhelt Zombies B3's Combat Damage Step
Damage: Zombie Token (411) deals 4 combat damage to Ai(3)-Torbran Burn B3.
Damage: Wilhelt, the Rotcleaver (402) deals 5 combat damage to Ai(3)-Torbran Burn B3.
Damage: Zombie Master (325) deals 4 combat damage to Ai(3)-Torbran Burn B3.
Damage: Sibsig Icebreakers (322) deals 4 combat damage to Ai(3)-Torbran Burn B3.
Damage: Diregraf Captain (320) deals 3 combat damage to Ai(3)-Torbran Burn B3.
Life: Life: Ai(3)-Torbran Burn B3 35 > 15
Phase: Ai(4)-Wilhelt Zombies B3's End of Combat Step
Add To Stack: Ai(4)-Wilhelt Zombies B3 triggered Zombie Token
Zone Change: Zombie Token (411) was put into Graveyard from Battlefield.
Resolve Stack: At end of combat, sacrifice Zombie Token. [Phase: Ai(4)-Wilhelt Zombies B3]
Add To Stack: Ai(4)-Wilhelt Zombies B3 triggered Diregraf Captain targeting [Ai(1)-Wyleth Voltron B3]
Life: Life: Ai(1)-Wyleth Voltron B3 11 > 10
Resolve Stack: Whenever another Zombie you control dies, target opponent loses 1 life. (Targeting: [[Ai(1)-Wyleth Voltron B3]]) [Zone Changer: Zombie Token (411)]
Phase: Ai(4)-Wilhelt Zombies B3's Main phase, postcombat
Phase: Ai(4)-Wilhelt Zombies B3's End step
Add To Stack: Ai(4)-Wilhelt Zombies B3 triggered Wilhelt, the Rotcleaver
Resolve Stack: At the beginning of your end step, you may sacrifice a Zombie. If you do, draw a card. [Phase: Ai(4)-Wilhelt Zombies B3]
Phase: Ai(4)-Wilhelt Zombies B3's Cleanup step
Turn: Turn 41 (Ai(1)-Wyleth Voltron B3)
Phase: Ai(1)-Wyleth Voltron B3's Untap step
Phase: Ai(1)-Wyleth Voltron B3's Upkeep step
Phase: Ai(1)-Wyleth Voltron B3's Draw step
Phase: Ai(1)-Wyleth Voltron B3's Main phase, precombat
Land: Ai(1)-Wyleth Voltron B3 played Plains (51)
Phase: Ai(1)-Wyleth Voltron B3's Beginning of Combat Step
Phase: Ai(1)-Wyleth Voltron B3's Declare Attackers Step
Phase: Ai(1)-Wyleth Voltron B3's Declare Blockers Step
Phase: Ai(1)-Wyleth Voltron B3's First Strike Damage Step
Phase: Ai(1)-Wyleth Voltron B3's Combat Damage Step
Phase: Ai(1)-Wyleth Voltron B3's End of Combat Step
Phase: Ai(1)-Wyleth Voltron B3's Main phase, postcombat
Phase: Ai(1)-Wyleth Voltron B3's End step
Add To Stack: Ai(3)-Torbran Burn B3 activated Thermo-Alchemist
Replacement Effect: If a red source you control would deal damage to an opponent or a permanent an opponent controls, it deals that much damage plus 2 instead.
Replacement Effect: If a source you control would deal noncombat damage to an opponent or a permanent an opponent controls, it deals double that damage to that player or permanent instead.
Replacement Effect: If a red source you control would deal damage to an opponent or a permanent an opponent controls, it deals that much damage plus 2 instead.
Replacement Effect: If a source you control would deal noncombat damage to an opponent or a permanent an opponent controls, it deals double that damage to that player or permanent instead.
Damage: Thermo-Alchemist (247) deals 6 non-combat damage to Ai(1)-Wyleth Voltron B3.
Damage: Thermo-Alchemist (247) deals 6 non-combat damage to Ai(4)-Wilhelt Zombies B3.
Life: Life: Ai(1)-Wyleth Voltron B3 10 > 4
Life: Life: Ai(4)-Wilhelt Zombies B3 27 > 21
Resolve Stack: Thermo-Alchemist (247) - Thermo-Alchemist (247) deals 1 damage to Ai(1)-Wyleth Voltron B3 and Ai(4)-Wilhelt Zombies B3.
Phase: Ai(1)-Wyleth Voltron B3's Cleanup step
Turn: Turn 42 (Ai(3)-Torbran Burn B3)
Phase: Ai(3)-Torbran Burn B3's Untap step
Phase: Ai(3)-Torbran Burn B3's Upkeep step
Add To Stack: Ai(3)-Torbran Burn B3 activated Thermo-Alchemist
Replacement Effect: If a red source you control would deal damage to an opponent or a permanent an opponent controls, it deals that much damage plus 2 instead.
Replacement Effect: If a source you control would deal noncombat damage to an opponent or a permanent an opponent controls, it deals double that damage to that player or permanent instead.
Replacement Effect: If a red source you control would deal damage to an opponent or a permanent an opponent controls, it deals that much damage plus 2 instead.
Replacement Effect: If a source you control would deal noncombat damage to an opponent or a permanent an opponent controls, it deals double that damage to that player or permanent instead.
Damage: Thermo-Alchemist (247) deals 6 non-combat damage to Ai(1)-Wyleth Voltron B3.
Damage: Thermo-Alchemist (247) deals 6 non-combat damage to Ai(4)-Wilhelt Zombies B3.
Life: Life: Ai(1)-Wyleth Voltron B3 4 > -2
Life: Life: Ai(4)-Wilhelt Zombies B3 21 > 15
Resolve Stack: Thermo-Alchemist (247) - Thermo-Alchemist (247) deals 1 damage to Ai(1)-Wyleth Voltron B3 and Ai(4)-Wilhelt Zombies B3.
Phase: Ai(3)-Torbran Burn B3's Draw step
Phase: Ai(3)-Torbran Burn B3's Main phase, precombat
Land: Ai(3)-Torbran Burn B3 played Mountain (287)
Phase: Ai(3)-Torbran Burn B3's Beginning of Combat Step
Phase: Ai(3)-Torbran Burn B3's Declare Attackers Step
Phase: Ai(3)-Torbran Burn B3's Declare Blockers Step
Phase: Ai(3)-Torbran Burn B3's First Strike Damage Step
Phase: Ai(3)-Torbran Burn B3's Combat Damage Step
Phase: Ai(3)-Torbran Burn B3's End of Combat Step
Phase: Ai(3)-Torbran Burn B3's Main phase, postcombat
Mana: Mountain (274) - {T}: Add {R}.
Mana: Mountain (261) - {T}: Add {R}.
Add To Stack: Ai(3)-Torbran Burn B3 activated Mikokoro, Center of the Sea
Resolve Stack: Mikokoro, Center of the Sea (249) - Ai(3)-Torbran Burn B3 and Ai(4)-Wilhelt Zombies B3 each draw a card.
Mana: Mountain (283) - {T}: Add {R}.
Mana: Mountain (290) - {T}: Add {R}.
Mana: Mountain (275) - {T}: Add {R}.
Mana: Fire Diamond (225) - {T}: Add {R}.
Mana: Mountain (277) - {T}: Add {R}.
Mana: Mountain (289) - {T}: Add {R}.
Add To Stack: Ai(3)-Torbran Burn B3 cast Banefire targeting [Zombie Master (325)]
Add To Stack: Ai(3)-Torbran Burn B3 triggered Thermo-Alchemist
Zone Change: Zombie Master (325) was put into Graveyard from Battlefield.
Mana: Ashnod's Altar (310) - Sacrifice a creature: Add {C}{C}.
Add To Stack: Ai(4)-Wilhelt Zombies B3 triggered Diregraf Captain targeting [Ai(3)-Torbran Burn B3]
Add To Stack: Ai(4)-Wilhelt Zombies B3 triggered Wilhelt, the Rotcleaver
Resolve Stack: Whenever another Zombie you control dies, if it didn't have decayed, create a 2/2 black Zombie creature token with decayed. (It can't block. When it attacks, sacrifice it at end of combat.) [Zone Changer: Zombie Master (325)]
Life: Life: Ai(3)-Torbran Burn B3 15 > 14
Resolve Stack: Whenever another Zombie you control dies, target opponent loses 1 life. (Targeting: [[Ai(3)-Torbran Burn B3]]) [Zone Changer: Zombie Master (325)]
Resolve Stack: Whenever you cast an instant or sorcery spell, untap Thermo-Alchemist. [Card: Banefire (234), Activator: Ai(3)-Torbran Burn B3, SpellAbility: Banefire deals X damage to any target.]
Resolve Stack: Banefire ability fizzles.
Phase: Ai(3)-Torbran Burn B3's End step
Mana: Swamp (392) - {T}: Add {B}.
Add To Stack: Ai(4)-Wilhelt Zombies B3 activated Unholy Grotto targeting [Zombie Master (325)]
Resolve Stack: Unholy Grotto (319) - Put Zombie Master (325) from the graveyard on top of its owner's library.
Phase: Ai(3)-Torbran Burn B3's Cleanup step
Turn: Turn 43 (Ai(4)-Wilhelt Zombies B3)
Phase: Ai(4)-Wilhelt Zombies B3's Untap step
Phase: Ai(4)-Wilhelt Zombies B3's Upkeep step
Phase: Ai(4)-Wilhelt Zombies B3's Draw step
Phase: Ai(4)-Wilhelt Zombies B3's Main phase, precombat
Mana: Swamp (380) - {T}: Add {B}.
Mana: Swamp (392) - {T}: Add {B}.
Mana: Island (354) - {T}: Add {U}.
Add To Stack: Ai(4)-Wilhelt Zombies B3 cast Zombie Master
Resolve Stack: Zombie Master - Creature 2 / 3
Phase: Ai(4)-Wilhelt Zombies B3's Beginning of Combat Step
Phase: Ai(4)-Wilhelt Zombies B3's Declare Attackers Step
Combat: Ai(4)-Wilhelt Zombies B3 assigned Zombie Token (417), Wilhelt, the Rotcleaver (402), Sibsig Icebreakers (322), Butcher Ghoul (369), Diregraf Captain (320) and Lord of the Accursed (360) to attack Ai(3)-Torbran Burn B3.
Add To Stack: Ai(4)-Wilhelt Zombies B3 triggered Zombie Token
Resolve Stack: When a creature with decayed attacks, sacrifice it at end of combat. [Attacker: Zombie Token (417)]
Phase: Ai(4)-Wilhelt Zombies B3's Declare Blockers Step
Combat: Ai(3)-Torbran Burn B3 didn't block Zombie Token (417).
Ai(3)-Torbran Burn B3 assigned Thermo-Alchemist (247) to block Wilhelt, the Rotcleaver (402).
Ai(3)-Torbran Burn B3 didn't block Sibsig Icebreakers (322).
Ai(3)-Torbran Burn B3 assigned Torbran, Thane of Red Fell (302) to block Butcher Ghoul (369).
Ai(3)-Torbran Burn B3 didn't block Diregraf Captain (320).
Ai(3)-Torbran Burn B3 assigned Solphim, Mayhem Dominus (209) to block Lord of the Accursed (360).
Mana: Swamp (377) - {T}: Add {B}.
Add To Stack: Ai(4)-Wilhelt Zombies B3 activated Lord of the Accursed
Add To Stack: Ai(3)-Torbran Burn B3 activated Thermo-Alchemist
Mana: Swamp (387) - {T}: Add {B}.
Add To Stack: Ai(4)-Wilhelt Zombies B3 activated Lord of the Accursed
Resolve Stack: Lord of the Accursed (360) - Regenerate Lord of the Accursed (360).
Replacement Effect: If a red source you control would deal damage to an opponent or a permanent an opponent controls, it deals that much damage plus 2 instead.
Replacement Effect: If a source you control would deal noncombat damage to an opponent or a permanent an opponent controls, it deals double that damage to that player or permanent instead.
Damage: Thermo-Alchemist (247) deals 6 non-combat damage to Ai(4)-Wilhelt Zombies B3.
Life: Life: Ai(4)-Wilhelt Zombies B3 15 > 9
Resolve Stack: Thermo-Alchemist (247) - Thermo-Alchemist (247) deals 1 damage to Ai(4)-Wilhelt Zombies B3.
Resolve Stack: Lord of the Accursed (360) - Regenerate Lord of the Accursed (360).
Phase: Ai(4)-Wilhelt Zombies B3's First Strike Damage Step
Phase: Ai(4)-Wilhelt Zombies B3's Combat Damage Step
Replacement Effect: If a red source you control would deal damage to an opponent or a permanent an opponent controls, it deals that much damage plus 2 instead.
Replacement Effect: If a red source you control would deal damage to an opponent or a permanent an opponent controls, it deals that much damage plus 2 instead.
Damage: Zombie Token (417) deals 4 combat damage to Ai(3)-Torbran Burn B3.
Damage: Wilhelt, the Rotcleaver (402) deals 5 damage to Thermo-Alchemist (247).
Damage: Sibsig Icebreakers (322) deals 4 combat damage to Ai(3)-Torbran Burn B3.
Damage: Butcher Ghoul (369) deals 3 damage to Torbran, Thane of Red Fell (302).
Damage: Diregraf Captain (320) deals 3 combat damage to Ai(3)-Torbran Burn B3.
Damage: Lord of the Accursed (360) deals 3 damage to Solphim, Mayhem Dominus (209).
Damage: Torbran, Thane of Red Fell (302) deals 4 damage to Butcher Ghoul (369).
Damage: Solphim, Mayhem Dominus (209) deals 7 damage to Lord of the Accursed (360).
Life: Life: Ai(3)-Torbran Burn B3 14 > 3
Zone Change: Butcher Ghoul (369) was put into Graveyard from Battlefield.
Replacement Effect: Regeneration (if creature would be destroyed, regenerate it instead)
Zone Change: Thermo-Alchemist (247) was put into Graveyard from Battlefield.
Add To Stack: Ai(4)-Wilhelt Zombies B3 triggered Butcher Ghoul
Add To Stack: Ai(4)-Wilhelt Zombies B3 triggered Diregraf Captain targeting [Ai(3)-Torbran Burn B3]
Add To Stack: Ai(4)-Wilhelt Zombies B3 triggered Wilhelt, the Rotcleaver
Resolve Stack: Whenever another Zombie you control dies, if it didn't have decayed, create a 2/2 black Zombie creature token with decayed. (It can't block. When it attacks, sacrifice it at end of combat.) [Zone Changer: Butcher Ghoul (369)]
Life: Life: Ai(3)-Torbran Burn B3 3 > 2
Resolve Stack: Whenever another Zombie you control dies, target opponent loses 1 life. (Targeting: [[Ai(3)-Torbran Burn B3]]) [Zone Changer: Butcher Ghoul (369)]
Resolve Stack: Undying (When this creature dies, if it had no +1/+1 counters on it, return it to the battlefield under its owner's control with a +1/+1 counter on it.) [Zone Changer: Butcher Ghoul (369)]
Phase: Ai(4)-Wilhelt Zombies B3's End of Combat Step
Add To Stack: Ai(4)-Wilhelt Zombies B3 triggered Zombie Token
Zone Change: Zombie Token (417) was put into Graveyard from Battlefield.
Resolve Stack: At end of combat, sacrifice Zombie Token. [Phase: Ai(4)-Wilhelt Zombies B3]
Add To Stack: Ai(4)-Wilhelt Zombies B3 triggered Diregraf Captain targeting [Ai(3)-Torbran Burn B3]
Life: Life: Ai(3)-Torbran Burn B3 2 > 1
Resolve Stack: Whenever another Zombie you control dies, target opponent loses 1 life. (Targeting: [[Ai(3)-Torbran Burn B3]]) [Zone Changer: Zombie Token (417)]
Phase: Ai(4)-Wilhelt Zombies B3's Main phase, postcombat
Mana: Swamp (384) - {T}: Add {B}.
Mana: Island (343) - {T}: Add {U}.
Mana: Island (341) - {T}: Add {U}.
Add To Stack: Ai(4)-Wilhelt Zombies B3 cast Gleaming Overseer
Resolve Stack: Gleaming Overseer - Creature 1 / 4
Add To Stack: Ai(4)-Wilhelt Zombies B3 triggered Gleaming Overseer
Resolve Stack: When Gleaming Overseer enters, amass Zombies 1. (Put a +1/+1 counter on an Army you control. If you don't control one, create a 0/0 black Zombie Army creature token first.) [Zone Changer: Gleaming Overseer (332)]
Phase: Ai(4)-Wilhelt Zombies B3's End step
Add To Stack: Ai(4)-Wilhelt Zombies B3 triggered Wilhelt, the Rotcleaver
Resolve Stack: At the beginning of your end step, you may sacrifice a Zombie. If you do, draw a card. [Phase: Ai(4)-Wilhelt Zombies B3]
Phase: Ai(4)-Wilhelt Zombies B3's Cleanup step
Turn: Turn 44 (Ai(3)-Torbran Burn B3)
Phase: Ai(3)-Torbran Burn B3's Untap step
Phase: Ai(3)-Torbran Burn B3's Upkeep step
Phase: Ai(3)-Torbran Burn B3's Draw step
Phase: Ai(3)-Torbran Burn B3's Main phase, precombat
Land: Ai(3)-Torbran Burn B3 played Sunscorched Desert (226)
Add To Stack: Ai(3)-Torbran Burn B3 triggered Sunscorched Desert targeting [Ai(4)-Wilhelt Zombies B3]
Replacement Effect: If a source you control would deal noncombat damage to an opponent or a permanent an opponent controls, it deals double that damage to that player or permanent instead.
Damage: Sunscorched Desert (226) deals 2 non-combat damage to Ai(4)-Wilhelt Zombies B3.
Life: Life: Ai(4)-Wilhelt Zombies B3 9 > 7
Resolve Stack: When Sunscorched Desert enters, it deals 1 damage to target player or planeswalker. (Targeting: [[Ai(4)-Wilhelt Zombies B3]]) [Zone Changer: Sunscorched Desert (226)]
Phase: Ai(3)-Torbran Burn B3's Beginning of Combat Step
Phase: Ai(3)-Torbran Burn B3's Declare Attackers Step
Phase: Ai(3)-Torbran Burn B3's Declare Blockers Step
Phase: Ai(3)-Torbran Burn B3's First Strike Damage Step
Phase: Ai(3)-Torbran Burn B3's Combat Damage Step
Phase: Ai(3)-Torbran Burn B3's End of Combat Step
Phase: Ai(3)-Torbran Burn B3's Main phase, postcombat
Mana: Sunscorched Desert (226) - {T}: Add {C}.
Mana: Mountain (274) - {T}: Add {R}.
Add To Stack: Ai(3)-Torbran Burn B3 activated Mikokoro, Center of the Sea
Resolve Stack: Mikokoro, Center of the Sea (249) - Ai(3)-Torbran Burn B3 and Ai(4)-Wilhelt Zombies B3 each draw a card.
Mana: Mountain (261) - {T}: Add {R}.
Mana: Mountain (283) - {T}: Add {R}.
Mana: Mountain (290) - {T}: Add {R}.
Mana: Mountain (275) - {T}: Add {R}.
Mana: Fire Diamond (225) - {T}: Add {R}.
Add To Stack: Ai(3)-Torbran Burn B3 cast Pyromancer's Goggles
Resolve Stack: Pyromancer's Goggles
Phase: Ai(3)-Torbran Burn B3's End step
Phase: Ai(3)-Torbran Burn B3's Cleanup step
Turn: Turn 45 (Ai(4)-Wilhelt Zombies B3)
Phase: Ai(4)-Wilhelt Zombies B3's Untap step
Phase: Ai(4)-Wilhelt Zombies B3's Upkeep step
Phase: Ai(4)-Wilhelt Zombies B3's Draw step
Phase: Ai(4)-Wilhelt Zombies B3's Main phase, precombat
Phase: Ai(4)-Wilhelt Zombies B3's Beginning of Combat Step
Phase: Ai(4)-Wilhelt Zombies B3's Declare Attackers Step
Combat: Ai(4)-Wilhelt Zombies B3 assigned Wilhelt, the Rotcleaver (402), Sibsig Icebreakers (322), Zombie Master (325), Zombie Token (422), Butcher Ghoul (369), Diregraf Captain (320), Lord of the Accursed (360), Gleaming Overseer (332) and Zombie Army Token (425) to attack Ai(3)-Torbran Burn B3.
Add To Stack: Ai(4)-Wilhelt Zombies B3 triggered Zombie Token
Resolve Stack: When a creature with decayed attacks, sacrifice it at end of combat. [Attacker: Zombie Token (422)]
Phase: Ai(4)-Wilhelt Zombies B3's Declare Blockers Step
Combat: Ai(3)-Torbran Burn B3 assigned Torbran, Thane of Red Fell (302) to block Wilhelt, the Rotcleaver (402).
Ai(3)-Torbran Burn B3 assigned Solphim, Mayhem Dominus (209) to block Sibsig Icebreakers (322).
Ai(3)-Torbran Burn B3 didn't block Zombie Master (325).
Ai(3)-Torbran Burn B3 didn't block Zombie Token (422).
Ai(3)-Torbran Burn B3 didn't block Butcher Ghoul (369).
Ai(3)-Torbran Burn B3 didn't block Diregraf Captain (320).
Ai(3)-Torbran Burn B3 didn't block Lord of the Accursed (360).
Ai(3)-Torbran Burn B3 didn't block Gleaming Overseer (332).
Ai(3)-Torbran Burn B3 didn't block Zombie Army Token (425).
Mana: Swamp (380) - {T}: Add {B}.
Add To Stack: Ai(4)-Wilhelt Zombies B3 activated Sibsig Icebreakers
Mana: Mountain (277) - {T}: Add {R}.
Mana: Mountain (289) - {T}: Add {R}.
Mana: Mountain (287) - {T}: Add {R}.
Discard: Ai(3)-Torbran Burn B3 discards Pyroclasm (241).
Discard: Ai(3)-Torbran Burn B3 discards Mountain (253).
Add To Stack: Ai(3)-Torbran Burn B3 activated Solphim, Mayhem Dominus
Mana: Swamp (392) - {T}: Add {B}.
Add To Stack: Ai(4)-Wilhelt Zombies B3 activated Sibsig Icebreakers
Resolve Stack: Sibsig Icebreakers (322) - Regenerate Sibsig Icebreakers (322).
Resolve Stack: Solphim, Mayhem Dominus (209) - Ai(3)-Torbran Burn B3 puts an indestructible counter on Solphim, Mayhem Dominus (209).
Resolve Stack: Sibsig Icebreakers (322) - Regenerate Sibsig Icebreakers (322).
Mana: Swamp (377) - {T}: Add {B}.
Mana: Island (354) - {T}: Add {U}.
Zone Change: Sibsig Icebreakers (322) was put into Graveyard from Battlefield.
Add To Stack: Ai(4)-Wilhelt Zombies B3 cast Deadly Dispute
Add To Stack: Ai(4)-Wilhelt Zombies B3 triggered Diregraf Captain targeting [Ai(3)-Torbran Burn B3]
Add To Stack: Ai(4)-Wilhelt Zombies B3 triggered Wilhelt, the Rotcleaver
Resolve Stack: Whenever another Zombie you control dies, if it didn't have decayed, create a 2/2 black Zombie creature token with decayed. (It can't block. When it attacks, sacrifice it at end of combat.) [Zone Changer: Sibsig Icebreakers (322)]
Life: Life: Ai(3)-Torbran Burn B3 1 > 0
Resolve Stack: Whenever another Zombie you control dies, target opponent loses 1 life. (Targeting: [[Ai(3)-Torbran Burn B3]]) [Zone Changer: Sibsig Icebreakers (322)]
Player Control: Ai(1)-Wyleth Voltron B3 has restored control over themself
Player Control: Ai(2)-Kilo Helm B3 has restored control over themself
Player Control: Ai(3)-Torbran Burn B3 has restored control over themself
Player Control: Ai(4)-Wilhelt Zombies B3 has restored control over themself
Game Outcome: Turn 23
Game Outcome: Ai(1)-Wyleth Voltron B3 has lost because life total reached 0
Game Outcome: Ai(2)-Kilo Helm B3 has lost because life total reached 0
Game Outcome: Ai(3)-Torbran Burn B3 has lost because life total reached 0
Game Outcome: Ai(4)-Wilhelt Zombies B3 has won because all opponents have lost
Match Result: Ai(1)-Wyleth Voltron B3: 0 Ai(2)-Kilo Helm B3: 0 Ai(3)-Torbran Burn B3: 1 Ai(4)-Wilhelt Zombies B3: 1 

Game Result: Game 2 ended in 141680 ms. Ai(4)-Wilhelt Zombies B3 has won!

Warning: default (ie. inherited from base class) implementation of confirmAction is used by Wyleth, Soul of Steel for forge.ai.ability.PermanentCreatureAi. Consider declaring an overloaded method
Warning: default (ie. inherited from base class) implementation of confirmAction is used by Wilhelt, the Rotcleaver for forge.ai.ability.PermanentCreatureAi. Consider declaring an overloaded method
No AI assigned for API: Incubate
Warning: default (ie. inherited from base class) implementation of confirmAction is used by Wyleth, Soul of Steel for forge.ai.ability.PermanentCreatureAi. Consider declaring an overloaded method
Warning: default (ie. inherited from base class) implementation of confirmAction is used by Torbran, Thane of Red Fell for forge.ai.ability.PermanentCreatureAi. Consider declaring an overloaded method
Warning: default (ie. inherited from base class) implementation of confirmAction is used by Wilhelt, the Rotcleaver for forge.ai.ability.PermanentCreatureAi. Consider declaring an overloaded method
Warning: default (ie. inherited from base class) implementation of confirmAction is used by Torbran, Thane of Red Fell for forge.ai.ability.PermanentCreatureAi. Consider declaring an overloaded method
Mulligan: Ai(3)-Torbran Burn B3 has mulliganed down to 7 cards.
Mulligan: Ai(1)-Wyleth Voltron B3 has kept a hand of 7 cards
Mulligan: Ai(2)-Kilo Helm B3 has kept a hand of 7 cards
Mulligan: Ai(3)-Torbran Burn B3 has kept a hand of 7 cards
Mulligan: Ai(4)-Wilhelt Zombies B3 has kept a hand of 7 cards
Turn: Turn 1 (Ai(1)-Wyleth Voltron B3)
Phase: Ai(1)-Wyleth Voltron B3's Untap step
Phase: Ai(1)-Wyleth Voltron B3's Upkeep step
Phase: Ai(1)-Wyleth Voltron B3's Draw step
Phase: Ai(1)-Wyleth Voltron B3's Main phase, precombat
Land: Ai(1)-Wyleth Voltron B3 played Slayers' Stronghold (70)
Phase: Ai(1)-Wyleth Voltron B3's Beginning of Combat Step
Phase: Ai(1)-Wyleth Voltron B3's Declare Attackers Step
Phase: Ai(1)-Wyleth Voltron B3's Declare Blockers Step
Phase: Ai(1)-Wyleth Voltron B3's First Strike Damage Step
Phase: Ai(1)-Wyleth Voltron B3's Combat Damage Step
Phase: Ai(1)-Wyleth Voltron B3's End of Combat Step
Phase: Ai(1)-Wyleth Voltron B3's Main phase, postcombat
Phase: Ai(1)-Wyleth Voltron B3's End step
Phase: Ai(1)-Wyleth Voltron B3's Cleanup step
Turn: Turn 2 (Ai(2)-Kilo Helm B3)
Phase: Ai(2)-Kilo Helm B3's Untap step
Phase: Ai(2)-Kilo Helm B3's Upkeep step
Phase: Ai(2)-Kilo Helm B3's Draw step
Phase: Ai(2)-Kilo Helm B3's Main phase, precombat
Land: Ai(2)-Kilo Helm B3 played Command Tower (109)
Phase: Ai(2)-Kilo Helm B3's Beginning of Combat Step
Phase: Ai(2)-Kilo Helm B3's Declare Attackers Step
Phase: Ai(2)-Kilo Helm B3's Declare Blockers Step
Phase: Ai(2)-Kilo Helm B3's First Strike Damage Step
Phase: Ai(2)-Kilo Helm B3's Combat Damage Step
Phase: Ai(2)-Kilo Helm B3's End of Combat Step
Phase: Ai(2)-Kilo Helm B3's Main phase, postcombat
Phase: Ai(2)-Kilo Helm B3's End step
Phase: Ai(2)-Kilo Helm B3's Cleanup step
Turn: Turn 3 (Ai(3)-Torbran Burn B3)
Phase: Ai(3)-Torbran Burn B3's Untap step
Phase: Ai(3)-Torbran Burn B3's Upkeep step
Phase: Ai(3)-Torbran Burn B3's Draw step
Phase: Ai(3)-Torbran Burn B3's Main phase, precombat
Land: Ai(3)-Torbran Burn B3 played Mountain (273)
Phase: Ai(3)-Torbran Burn B3's Beginning of Combat Step
Phase: Ai(3)-Torbran Burn B3's Declare Attackers Step
Phase: Ai(3)-Torbran Burn B3's Declare Blockers Step
Phase: Ai(3)-Torbran Burn B3's First Strike Damage Step
Phase: Ai(3)-Torbran Burn B3's Combat Damage Step
Phase: Ai(3)-Torbran Burn B3's End of Combat Step
Phase: Ai(3)-Torbran Burn B3's Main phase, postcombat
Phase: Ai(3)-Torbran Burn B3's End step
Phase: Ai(3)-Torbran Burn B3's Cleanup step
Turn: Turn 4 (Ai(4)-Wilhelt Zombies B3)
Phase: Ai(4)-Wilhelt Zombies B3's Untap step
Phase: Ai(4)-Wilhelt Zombies B3's Upkeep step
Phase: Ai(4)-Wilhelt Zombies B3's Draw step
Phase: Ai(4)-Wilhelt Zombies B3's Main phase, precombat
Replacement Effect: As Watery Grave enters, you may pay 2 life. If you don't, it enters tapped.
Land: Ai(4)-Wilhelt Zombies B3 played Watery Grave (308)
Phase: Ai(4)-Wilhelt Zombies B3's Beginning of Combat Step
Phase: Ai(4)-Wilhelt Zombies B3's Declare Attackers Step
Phase: Ai(4)-Wilhelt Zombies B3's Declare Blockers Step
Phase: Ai(4)-Wilhelt Zombies B3's First Strike Damage Step
Phase: Ai(4)-Wilhelt Zombies B3's Combat Damage Step
Phase: Ai(4)-Wilhelt Zombies B3's End of Combat Step
Phase: Ai(4)-Wilhelt Zombies B3's Main phase, postcombat
Phase: Ai(4)-Wilhelt Zombies B3's End step
Phase: Ai(4)-Wilhelt Zombies B3's Cleanup step
Turn: Turn 5 (Ai(1)-Wyleth Voltron B3)
Phase: Ai(1)-Wyleth Voltron B3's Untap step
Phase: Ai(1)-Wyleth Voltron B3's Upkeep step
Phase: Ai(1)-Wyleth Voltron B3's Draw step
Phase: Ai(1)-Wyleth Voltron B3's Main phase, precombat
Replacement Effect: Wind-Scarred Crag enters tapped.
Land: Ai(1)-Wyleth Voltron B3 played Wind-Scarred Crag (30)
Add To Stack: Ai(1)-Wyleth Voltron B3 triggered Wind-Scarred Crag
Life: Life: Ai(1)-Wyleth Voltron B3 40 > 41
Resolve Stack: When Wind-Scarred Crag enters, you gain 1 life. [Zone Changer: Wind-Scarred Crag (30)]
Phase: Ai(1)-Wyleth Voltron B3's Beginning of Combat Step
Phase: Ai(1)-Wyleth Voltron B3's Declare Attackers Step
Phase: Ai(1)-Wyleth Voltron B3's Declare Blockers Step
Phase: Ai(1)-Wyleth Voltron B3's First Strike Damage Step
Phase: Ai(1)-Wyleth Voltron B3's Combat Damage Step
Phase: Ai(1)-Wyleth Voltron B3's End of Combat Step
Phase: Ai(1)-Wyleth Voltron B3's Main phase, postcombat
Phase: Ai(1)-Wyleth Voltron B3's End step
Phase: Ai(1)-Wyleth Voltron B3's Cleanup step
Turn: Turn 6 (Ai(2)-Kilo Helm B3)
Phase: Ai(2)-Kilo Helm B3's Untap step
Phase: Ai(2)-Kilo Helm B3's Upkeep step
Phase: Ai(2)-Kilo Helm B3's Draw step
Phase: Ai(2)-Kilo Helm B3's Main phase, precombat
Land: Ai(2)-Kilo Helm B3 played Buried Ruin (112)
Phase: Ai(2)-Kilo Helm B3's Beginning of Combat Step
Phase: Ai(2)-Kilo Helm B3's Declare Attackers Step
Phase: Ai(2)-Kilo Helm B3's Declare Blockers Step
Phase: Ai(2)-Kilo Helm B3's First Strike Damage Step
Phase: Ai(2)-Kilo Helm B3's Combat Damage Step
Phase: Ai(2)-Kilo Helm B3's End of Combat Step
Phase: Ai(2)-Kilo Helm B3's Main phase, postcombat
Phase: Ai(2)-Kilo Helm B3's End step
Phase: Ai(2)-Kilo Helm B3's Cleanup step
Turn: Turn 7 (Ai(3)-Torbran Burn B3)
Phase: Ai(3)-Torbran Burn B3's Untap step
Phase: Ai(3)-Torbran Burn B3's Upkeep step
Phase: Ai(3)-Torbran Burn B3's Draw step
Phase: Ai(3)-Torbran Burn B3's Main phase, precombat
Land: Ai(3)-Torbran Burn B3 played War Room (233)
Phase: Ai(3)-Torbran Burn B3's Beginning of Combat Step
Phase: Ai(3)-Torbran Burn B3's Declare Attackers Step
Phase: Ai(3)-Torbran Burn B3's Declare Blockers Step
Phase: Ai(3)-Torbran Burn B3's First Strike Damage Step
Phase: Ai(3)-Torbran Burn B3's Combat Damage Step
Phase: Ai(3)-Torbran Burn B3's End of Combat Step
Phase: Ai(3)-Torbran Burn B3's Main phase, postcombat
Mana: Mountain (273) - {T}: Add {R}.
Mana: War Room (233) - {T}: Add {C}.
Add To Stack: Ai(3)-Torbran Burn B3 cast Firebrand Archer
Resolve Stack: Firebrand Archer - Creature 2 / 1
Phase: Ai(3)-Torbran Burn B3's End step
Phase: Ai(3)-Torbran Burn B3's Cleanup step
Turn: Turn 8 (Ai(4)-Wilhelt Zombies B3)
Phase: Ai(4)-Wilhelt Zombies B3's Untap step
Phase: Ai(4)-Wilhelt Zombies B3's Upkeep step
Phase: Ai(4)-Wilhelt Zombies B3's Draw step
Phase: Ai(4)-Wilhelt Zombies B3's Main phase, precombat
Land: Ai(4)-Wilhelt Zombies B3 played Island (351)
Phase: Ai(4)-Wilhelt Zombies B3's Beginning of Combat Step
Phase: Ai(4)-Wilhelt Zombies B3's Declare Attackers Step
Phase: Ai(4)-Wilhelt Zombies B3's Declare Blockers Step
Phase: Ai(4)-Wilhelt Zombies B3's First Strike Damage Step
Phase: Ai(4)-Wilhelt Zombies B3's Combat Damage Step
Phase: Ai(4)-Wilhelt Zombies B3's End of Combat Step
Phase: Ai(4)-Wilhelt Zombies B3's Main phase, postcombat
Mana: Island (351) - {T}: Add {U}.
Mana: Watery Grave (308) - {T}: Add {B}.
Add To Stack: Ai(4)-Wilhelt Zombies B3 cast Sky Diamond
Replacement Effect: Sky Diamond enters tapped.
Resolve Stack: Sky Diamond
Phase: Ai(4)-Wilhelt Zombies B3's End step
Phase: Ai(4)-Wilhelt Zombies B3's Cleanup step
Turn: Turn 9 (Ai(1)-Wyleth Voltron B3)
Phase: Ai(1)-Wyleth Voltron B3's Untap step
Phase: Ai(1)-Wyleth Voltron B3's Upkeep step
Phase: Ai(1)-Wyleth Voltron B3's Draw step
Mana: Wind-Scarred Crag (30) - {T}: Add {R} or {W}.
Mana: Slayers' Stronghold (70) - {T}: Add {C}.
Add To Stack: Ai(1)-Wyleth Voltron B3 cast Wear targeting [Sky Diamond (395)]
Zone Change: Sky Diamond (395) was put into Graveyard from Battlefield.
Resolve Stack: Wear (4) - Destroy Sky Diamond (395).
Phase: Ai(1)-Wyleth Voltron B3's Main phase, precombat
Land: Ai(1)-Wyleth Voltron B3 played Command Tower (13)
Mana: Command Tower (13) - {T}: Add one mana of any color in your commander's color identity.
Add To Stack: Ai(1)-Wyleth Voltron B3 cast Kor Duelist
Resolve Stack: Kor Duelist - Creature 1 / 1
Phase: Ai(1)-Wyleth Voltron B3's Beginning of Combat Step
Phase: Ai(1)-Wyleth Voltron B3's Declare Attackers Step
Phase: Ai(1)-Wyleth Voltron B3's Declare Blockers Step
Phase: Ai(1)-Wyleth Voltron B3's First Strike Damage Step
Phase: Ai(1)-Wyleth Voltron B3's Combat Damage Step
Phase: Ai(1)-Wyleth Voltron B3's End of Combat Step
Phase: Ai(1)-Wyleth Voltron B3's Main phase, postcombat
Phase: Ai(1)-Wyleth Voltron B3's End step
Phase: Ai(1)-Wyleth Voltron B3's Cleanup step
Turn: Turn 10 (Ai(2)-Kilo Helm B3)
Phase: Ai(2)-Kilo Helm B3's Untap step
Phase: Ai(2)-Kilo Helm B3's Upkeep step
Phase: Ai(2)-Kilo Helm B3's Draw step
Phase: Ai(2)-Kilo Helm B3's Main phase, precombat
Land: Ai(2)-Kilo Helm B3 played Ancient Den (190)
Phase: Ai(2)-Kilo Helm B3's Beginning of Combat Step
Phase: Ai(2)-Kilo Helm B3's Declare Attackers Step
Phase: Ai(2)-Kilo Helm B3's Declare Blockers Step
Phase: Ai(2)-Kilo Helm B3's First Strike Damage Step
Phase: Ai(2)-Kilo Helm B3's Combat Damage Step
Phase: Ai(2)-Kilo Helm B3's End of Combat Step
Phase: Ai(2)-Kilo Helm B3's Main phase, postcombat
Mana: Command Tower (109) - {T}: Add one mana of any color in your commander's color identity.
Mana: Ancient Den (190) - {T}: Add {W}.
Mana: Buried Ruin (112) - {T}: Add {C}.
Add To Stack: Ai(2)-Kilo Helm B3 cast Chrome Host Seedshark
Resolve Stack: Chrome Host Seedshark - Creature 2 / 4
Phase: Ai(2)-Kilo Helm B3's End step
Phase: Ai(2)-Kilo Helm B3's Cleanup step
Turn: Turn 11 (Ai(3)-Torbran Burn B3)
Phase: Ai(3)-Torbran Burn B3's Untap step
Phase: Ai(3)-Torbran Burn B3's Upkeep step
Phase: Ai(3)-Torbran Burn B3's Draw step
Phase: Ai(3)-Torbran Burn B3's Main phase, precombat
Land: Ai(3)-Torbran Burn B3 played Ramunap Ruins (223)
Mana: Mountain (273) - {T}: Add {R}.
Add To Stack: Ai(3)-Torbran Burn B3 cast Vandalblast targeting [Ancient Den (190)]
Add To Stack: Ai(3)-Torbran Burn B3 triggered Firebrand Archer
Damage: Firebrand Archer (298) deals 1 non-combat damage to Ai(1)-Wyleth Voltron B3.
Damage: Firebrand Archer (298) deals 1 non-combat damage to Ai(2)-Kilo Helm B3.
Damage: Firebrand Archer (298) deals 1 non-combat damage to Ai(4)-Wilhelt Zombies B3.
Life: Life: Ai(1)-Wyleth Voltron B3 41 > 40
Life: Life: Ai(2)-Kilo Helm B3 40 > 39
Life: Life: Ai(4)-Wilhelt Zombies B3 40 > 39
Resolve Stack: Whenever you cast a noncreature spell, Firebrand Archer deals 1 damage to each opponent. [Card: Vandalblast (244), Activator: Ai(3)-Torbran Burn B3, SpellAbility: Destroy target artifact you don't control.]
Zone Change: Ancient Den (190) was put into Graveyard from Battlefield.
Resolve Stack: Vandalblast (244) - Destroy Ancient Den (190).
Phase: Ai(3)-Torbran Burn B3's Beginning of Combat Step
Phase: Ai(3)-Torbran Burn B3's Declare Attackers Step
Phase: Ai(3)-Torbran Burn B3's Declare Blockers Step
Phase: Ai(3)-Torbran Burn B3's First Strike Damage Step
Phase: Ai(3)-Torbran Burn B3's Combat Damage Step
Phase: Ai(3)-Torbran Burn B3's End of Combat Step
Phase: Ai(3)-Torbran Burn B3's Main phase, postcombat
Phase: Ai(3)-Torbran Burn B3's End step
Phase: Ai(3)-Torbran Burn B3's Cleanup step
Turn: Turn 12 (Ai(4)-Wilhelt Zombies B3)
Phase: Ai(4)-Wilhelt Zombies B3's Untap step
Phase: Ai(4)-Wilhelt Zombies B3's Upkeep step
Phase: Ai(4)-Wilhelt Zombies B3's Draw step
Phase: Ai(4)-Wilhelt Zombies B3's Main phase, precombat
Land: Ai(4)-Wilhelt Zombies B3 played Swamp (375)
Phase: Ai(4)-Wilhelt Zombies B3's Beginning of Combat Step
Phase: Ai(4)-Wilhelt Zombies B3's Declare Attackers Step
Phase: Ai(4)-Wilhelt Zombies B3's Declare Blockers Step
Phase: Ai(4)-Wilhelt Zombies B3's First Strike Damage Step
Phase: Ai(4)-Wilhelt Zombies B3's Combat Damage Step
Phase: Ai(4)-Wilhelt Zombies B3's End of Combat Step
Phase: Ai(4)-Wilhelt Zombies B3's Main phase, postcombat
Mana: Swamp (375) - {T}: Add {B}.
Mana: Watery Grave (308) - {T}: Add {B}.
Mana: Island (351) - {T}: Add {U}.
Add To Stack: Ai(4)-Wilhelt Zombies B3 cast Zombie Master
Resolve Stack: Zombie Master - Creature 2 / 3
Phase: Ai(4)-Wilhelt Zombies B3's End step
Phase: Ai(4)-Wilhelt Zombies B3's Cleanup step
Turn: Turn 13 (Ai(1)-Wyleth Voltron B3)
Phase: Ai(1)-Wyleth Voltron B3's Untap step
Phase: Ai(1)-Wyleth Voltron B3's Upkeep step
Phase: Ai(1)-Wyleth Voltron B3's Draw step
Phase: Ai(1)-Wyleth Voltron B3's Main phase, precombat
Land: Ai(1)-Wyleth Voltron B3 played Mountain (84)
Mana: Wind-Scarred Crag (30) - {T}: Add {R} or {W}.
Mana: Mountain (84) - {T}: Add {R}.
Mana: Command Tower (13) - {T}: Add one mana of any color in your commander's color identity.
Add To Stack: Ai(1)-Wyleth Voltron B3 cast Wyleth, Soul of Steel
Resolve Stack: Wyleth, Soul of Steel - Creature 2 / 2
Phase: Ai(1)-Wyleth Voltron B3's Beginning of Combat Step
Phase: Ai(1)-Wyleth Voltron B3's Declare Attackers Step
Phase: Ai(1)-Wyleth Voltron B3's Declare Blockers Step
Phase: Ai(1)-Wyleth Voltron B3's First Strike Damage Step
Phase: Ai(1)-Wyleth Voltron B3's Combat Damage Step
Phase: Ai(1)-Wyleth Voltron B3's End of Combat Step
Phase: Ai(1)-Wyleth Voltron B3's Main phase, postcombat
Phase: Ai(1)-Wyleth Voltron B3's End step
Phase: Ai(1)-Wyleth Voltron B3's Cleanup step
Turn: Turn 14 (Ai(2)-Kilo Helm B3)
Phase: Ai(2)-Kilo Helm B3's Untap step
Phase: Ai(2)-Kilo Helm B3's Upkeep step
Phase: Ai(2)-Kilo Helm B3's Draw step
Phase: Ai(2)-Kilo Helm B3's Main phase, precombat
Replacement Effect: This land enters tapped unless you control two or more basic lands.
Land: Ai(2)-Kilo Helm B3 played Radiant Summit (124)
Phase: Ai(2)-Kilo Helm B3's Beginning of Combat Step
Phase: Ai(2)-Kilo Helm B3's Declare Attackers Step
Combat: Ai(2)-Kilo Helm B3 assigned Chrome Host Seedshark (180) to attack Ai(1)-Wyleth Voltron B3.
Phase: Ai(2)-Kilo Helm B3's Declare Blockers Step
Combat: Ai(1)-Wyleth Voltron B3 didn't block Chrome Host Seedshark (180).
Phase: Ai(2)-Kilo Helm B3's First Strike Damage Step
Phase: Ai(2)-Kilo Helm B3's Combat Damage Step
Damage: Chrome Host Seedshark (180) deals 2 combat damage to Ai(1)-Wyleth Voltron B3.
Life: Life: Ai(1)-Wyleth Voltron B3 40 > 38
Phase: Ai(2)-Kilo Helm B3's End of Combat Step
Phase: Ai(2)-Kilo Helm B3's Main phase, postcombat
Phase: Ai(2)-Kilo Helm B3's End step
Phase: Ai(2)-Kilo Helm B3's Cleanup step
Turn: Turn 15 (Ai(3)-Torbran Burn B3)
Phase: Ai(3)-Torbran Burn B3's Untap step
Phase: Ai(3)-Torbran Burn B3's Upkeep step
Phase: Ai(3)-Torbran Burn B3's Draw step
Mana: Mountain (273) - {T}: Add {R}.
Mana: War Room (233) - {T}: Add {C}.
Add To Stack: Ai(3)-Torbran Burn B3 cast Lightning Strike targeting [Wyleth, Soul of Steel (100)]
Add To Stack: Ai(3)-Torbran Burn B3 triggered Firebrand Archer
Damage: Firebrand Archer (298) deals 1 non-combat damage to Ai(1)-Wyleth Voltron B3.
Damage: Firebrand Archer (298) deals 1 non-combat damage to Ai(2)-Kilo Helm B3.
Damage: Firebrand Archer (298) deals 1 non-combat damage to Ai(4)-Wilhelt Zombies B3.
Life: Life: Ai(1)-Wyleth Voltron B3 38 > 37
Life: Life: Ai(2)-Kilo Helm B3 39 > 38
Life: Life: Ai(4)-Wilhelt Zombies B3 39 > 38
Resolve Stack: Whenever you cast a noncreature spell, Firebrand Archer deals 1 damage to each opponent. [Card: Lightning Strike (295), Activator: Ai(3)-Torbran Burn B3, SpellAbility: Lightning Strike deals 3 damage to any target.]
Damage: Lightning Strike (295) deals 3 damage to Wyleth, Soul of Steel (100).
Resolve Stack: Lightning Strike (295) - Lightning Strike (295) deals 3 damage to Wyleth, Soul of Steel (100).
Zone Change: Wyleth, Soul of Steel (100) was put into Graveyard from Battlefield.
Phase: Ai(3)-Torbran Burn B3's Main phase, precombat
Land: Ai(3)-Torbran Burn B3 played Barbarian Ring (218)
Damage: Barbarian Ring (218) deals 1 non-combat damage to Ai(3)-Torbran Burn B3.
Life: Life: Ai(3)-Torbran Burn B3 40 > 39
Mana: Barbarian Ring (218) - {T}: Add {R}. Barbarian Ring deals 1 damage to you. 
Add To Stack: Ai(3)-Torbran Burn B3 cast Skewer the Critics targeting [Kor Duelist (67)]
Add To Stack: Ai(3)-Torbran Burn B3 triggered Firebrand Archer
Damage: Firebrand Archer (298) deals 1 non-combat damage to Ai(1)-Wyleth Voltron B3.
Damage: Firebrand Archer (298) deals 1 non-combat damage to Ai(2)-Kilo Helm B3.
Damage: Firebrand Archer (298) deals 1 non-combat damage to Ai(4)-Wilhelt Zombies B3.
Life: Life: Ai(1)-Wyleth Voltron B3 37 > 36
Life: Life: Ai(2)-Kilo Helm B3 38 > 37
Life: Life: Ai(4)-Wilhelt Zombies B3 38 > 37
Resolve Stack: Whenever you cast a noncreature spell, Firebrand Archer deals 1 damage to each opponent. [Card: Skewer the Critics (215), Activator: Ai(3)-Torbran Burn B3, SpellAbility: Spectacle {R} (You may cast this spell for its spectacle cost rather than its mana cost if an opponent lost life this turn.)]
Damage: Skewer the Critics (215) deals 3 damage to Kor Duelist (67).
Resolve Stack: Skewer the Critics (215) - Skewer the Critics (215) deals 3 damage to Kor Duelist (67).
Zone Change: Kor Duelist (67) was put into Graveyard from Battlefield.
Phase: Ai(3)-Torbran Burn B3's Beginning of Combat Step
Phase: Ai(3)-Torbran Burn B3's Declare Attackers Step
Combat: Ai(3)-Torbran Burn B3 assigned Firebrand Archer (298) to attack Ai(2)-Kilo Helm B3.
Phase: Ai(3)-Torbran Burn B3's Declare Blockers Step
Combat: Ai(2)-Kilo Helm B3 didn't block Firebrand Archer (298).
Phase: Ai(3)-Torbran Burn B3's First Strike Damage Step
Phase: Ai(3)-Torbran Burn B3's Combat Damage Step
Damage: Firebrand Archer (298) deals 2 combat damage to Ai(2)-Kilo Helm B3.
Life: Life: Ai(2)-Kilo Helm B3 37 > 35
Phase: Ai(3)-Torbran Burn B3's End of Combat Step
Phase: Ai(3)-Torbran Burn B3's Main phase, postcombat
Phase: Ai(3)-Torbran Burn B3's End step
Phase: Ai(3)-Torbran Burn B3's Cleanup step
Turn: Turn 16 (Ai(4)-Wilhelt Zombies B3)
Phase: Ai(4)-Wilhelt Zombies B3's Untap step
Phase: Ai(4)-Wilhelt Zombies B3's Upkeep step
Phase: Ai(4)-Wilhelt Zombies B3's Draw step
Phase: Ai(4)-Wilhelt Zombies B3's Main phase, precombat
Land: Ai(4)-Wilhelt Zombies B3 played Island (354)
Phase: Ai(4)-Wilhelt Zombies B3's Beginning of Combat Step
Phase: Ai(4)-Wilhelt Zombies B3's Declare Attackers Step
Combat: Ai(4)-Wilhelt Zombies B3 assigned Zombie Master (325) to attack Ai(2)-Kilo Helm B3.
Phase: Ai(4)-Wilhelt Zombies B3's Declare Blockers Step
Combat: Ai(2)-Kilo Helm B3 didn't block Zombie Master (325).
Phase: Ai(4)-Wilhelt Zombies B3's First Strike Damage Step
Phase: Ai(4)-Wilhelt Zombies B3's Combat Damage Step
Damage: Zombie Master (325) deals 2 combat damage to Ai(2)-Kilo Helm B3.
Life: Life: Ai(2)-Kilo Helm B3 35 > 33
Phase: Ai(4)-Wilhelt Zombies B3's End of Combat Step
Phase: Ai(4)-Wilhelt Zombies B3's Main phase, postcombat
Mana: Swamp (375) - {T}: Add {B}.
Mana: Island (351) - {T}: Add {U}.
Mana: Island (354) - {T}: Add {U}.
Mana: Watery Grave (308) - {T}: Add {B}.
Add To Stack: Ai(4)-Wilhelt Zombies B3 cast Wilhelt, the Rotcleaver
Resolve Stack: Wilhelt, the Rotcleaver - Creature 3 / 3
Phase: Ai(4)-Wilhelt Zombies B3's End step
Add To Stack: Ai(4)-Wilhelt Zombies B3 triggered Wilhelt, the Rotcleaver
Resolve Stack: At the beginning of your end step, you may sacrifice a Zombie. If you do, draw a card. [Phase: Ai(4)-Wilhelt Zombies B3]
Phase: Ai(4)-Wilhelt Zombies B3's Cleanup step
Turn: Turn 17 (Ai(1)-Wyleth Voltron B3)
Phase: Ai(1)-Wyleth Voltron B3's Untap step
Phase: Ai(1)-Wyleth Voltron B3's Upkeep step
Mana: Wind-Scarred Crag (30) - {T}: Add {R} or {W}.
Mana: Mountain (84) - {T}: Add {R}.
Mana: Command Tower (13) - {T}: Add one mana of any color in your commander's color identity.
Add To Stack: Ai(1)-Wyleth Voltron B3 cast Generous Gift targeting [Wilhelt, the Rotcleaver (402)]
Zone Change: Wilhelt, the Rotcleaver (402) was put into Graveyard from Battlefield.
Resolve Stack: Generous Gift (44) - Destroy Wilhelt, the Rotcleaver (402). 
Phase: Ai(1)-Wyleth Voltron B3's Draw step
Phase: Ai(1)-Wyleth Voltron B3's Main phase, precombat
Replacement Effect: As Sacred Foundry enters, you may pay 2 life. If you don't, it enters tapped.
Land: Ai(1)-Wyleth Voltron B3 played Sacred Foundry (25)
Phase: Ai(1)-Wyleth Voltron B3's Beginning of Combat Step
Phase: Ai(1)-Wyleth Voltron B3's Declare Attackers Step
Phase: Ai(1)-Wyleth Voltron B3's Declare Blockers Step
Phase: Ai(1)-Wyleth Voltron B3's First Strike Damage Step
Phase: Ai(1)-Wyleth Voltron B3's Combat Damage Step
Phase: Ai(1)-Wyleth Voltron B3's End of Combat Step
Phase: Ai(1)-Wyleth Voltron B3's Main phase, postcombat
Phase: Ai(1)-Wyleth Voltron B3's End step
Phase: Ai(1)-Wyleth Voltron B3's Cleanup step
Turn: Turn 18 (Ai(2)-Kilo Helm B3)
Phase: Ai(2)-Kilo Helm B3's Untap step
Phase: Ai(2)-Kilo Helm B3's Upkeep step
Phase: Ai(2)-Kilo Helm B3's Draw step
Phase: Ai(2)-Kilo Helm B3's Main phase, precombat
Replacement Effect: This land enters tapped.
Land: Ai(2)-Kilo Helm B3 played Adagia, Windswept Bastion (160)
Phase: Ai(2)-Kilo Helm B3's Beginning of Combat Step
Phase: Ai(2)-Kilo Helm B3's Declare Attackers Step
Combat: Ai(2)-Kilo Helm B3 assigned Chrome Host Seedshark (180) to attack Ai(4)-Wilhelt Zombies B3.
Phase: Ai(2)-Kilo Helm B3's Declare Blockers Step
Combat: Ai(4)-Wilhelt Zombies B3 didn't block Chrome Host Seedshark (180).
Phase: Ai(2)-Kilo Helm B3's First Strike Damage Step
Phase: Ai(2)-Kilo Helm B3's Combat Damage Step
Damage: Chrome Host Seedshark (180) deals 2 combat damage to Ai(4)-Wilhelt Zombies B3.
Life: Life: Ai(4)-Wilhelt Zombies B3 37 > 35
Phase: Ai(2)-Kilo Helm B3's End of Combat Step
Phase: Ai(2)-Kilo Helm B3's Main phase, postcombat
Mana: Radiant Summit (124) - {T}: Add {R}.
Mana: Command Tower (109) - {T}: Add one mana of any color in your commander's color identity.
Mana: Buried Ruin (112) - {T}: Add {C}.
Add To Stack: Ai(2)-Kilo Helm B3 cast Surge Conductor
Resolve Stack: Surge Conductor - Creature 3 / 2
Add To Stack: Ai(2)-Kilo Helm B3 activated Adagia, Windswept Bastion
Resolve Stack: Adagia, Windswept Bastion (160) - Ai(2)-Kilo Helm B3 puts three charge counters on Adagia, Windswept Bastion (160).
Phase: Ai(2)-Kilo Helm B3's End step
Phase: Ai(2)-Kilo Helm B3's Cleanup step
Turn: Turn 19 (Ai(3)-Torbran Burn B3)
Phase: Ai(3)-Torbran Burn B3's Untap step
Phase: Ai(3)-Torbran Burn B3's Upkeep step
Phase: Ai(3)-Torbran Burn B3's Draw step
Phase: Ai(3)-Torbran Burn B3's Main phase, precombat
Land: Ai(3)-Torbran Burn B3 played Mountain (288)
Mana: Mountain (273) - {T}: Add {R}.
Mana: Mountain (288) - {T}: Add {R}.
Damage: Barbarian Ring (218) deals 1 non-combat damage to Ai(3)-Torbran Burn B3.
Life: Life: Ai(3)-Torbran Burn B3 39 > 38
Mana: Barbarian Ring (218) - {T}: Add {R}. Barbarian Ring deals 1 damage to you. 
Mana: War Room (233) - {T}: Add {C}.
Add To Stack: Ai(3)-Torbran Burn B3 cast Torbran, Thane of Red Fell
Resolve Stack: Torbran, Thane of Red Fell - Creature 2 / 4
Phase: Ai(3)-Torbran Burn B3's Beginning of Combat Step
Phase: Ai(3)-Torbran Burn B3's Declare Attackers Step
Combat: Ai(3)-Torbran Burn B3 assigned Firebrand Archer (298) to attack Ai(2)-Kilo Helm B3.
Phase: Ai(3)-Torbran Burn B3's Declare Blockers Step
Combat: Ai(2)-Kilo Helm B3 didn't block Firebrand Archer (298).
Phase: Ai(3)-Torbran Burn B3's First Strike Damage Step
Phase: Ai(3)-Torbran Burn B3's Combat Damage Step
Replacement Effect: If a red source you control would deal damage to an opponent or a permanent an opponent controls, it deals that much damage plus 2 instead.
Damage: Firebrand Archer (298) deals 4 combat damage to Ai(2)-Kilo Helm B3.
Life: Life: Ai(2)-Kilo Helm B3 33 > 29
Phase: Ai(3)-Torbran Burn B3's End of Combat Step
Phase: Ai(3)-Torbran Burn B3's Main phase, postcombat
Phase: Ai(3)-Torbran Burn B3's End step
Phase: Ai(3)-Torbran Burn B3's Cleanup step
Turn: Turn 20 (Ai(4)-Wilhelt Zombies B3)
Phase: Ai(4)-Wilhelt Zombies B3's Untap step
Phase: Ai(4)-Wilhelt Zombies B3's Upkeep step
Phase: Ai(4)-Wilhelt Zombies B3's Draw step
Phase: Ai(4)-Wilhelt Zombies B3's Main phase, precombat
Land: Ai(4)-Wilhelt Zombies B3 played Island (349)
Phase: Ai(4)-Wilhelt Zombies B3's Beginning of Combat Step
Phase: Ai(4)-Wilhelt Zombies B3's Declare Attackers Step
Combat: Ai(4)-Wilhelt Zombies B3 assigned Elephant Token (405) and Zombie Master (325) to attack Ai(2)-Kilo Helm B3.
Phase: Ai(4)-Wilhelt Zombies B3's Declare Blockers Step
Combat: Ai(2)-Kilo Helm B3 didn't block Elephant Token (405).
Ai(2)-Kilo Helm B3 didn't block Zombie Master (325).
Phase: Ai(4)-Wilhelt Zombies B3's First Strike Damage Step
Phase: Ai(4)-Wilhelt Zombies B3's Combat Damage Step
Damage: Elephant Token (405) deals 3 combat damage to Ai(2)-Kilo Helm B3.
Damage: Zombie Master (325) deals 2 combat damage to Ai(2)-Kilo Helm B3.
Life: Life: Ai(2)-Kilo Helm B3 29 > 24
Phase: Ai(4)-Wilhelt Zombies B3's End of Combat Step
Phase: Ai(4)-Wilhelt Zombies B3's Main phase, postcombat
Mana: Swamp (375) - {T}: Add {B}.
Mana: Island (351) - {T}: Add {U}.
Mana: Island (354) - {T}: Add {U}.
Add To Stack: Ai(4)-Wilhelt Zombies B3 cast Midnight Reaper
Resolve Stack: Midnight Reaper - Creature 3 / 2
Phase: Ai(4)-Wilhelt Zombies B3's End step
Phase: Ai(4)-Wilhelt Zombies B3's Cleanup step
Turn: Turn 21 (Ai(1)-Wyleth Voltron B3)
Phase: Ai(1)-Wyleth Voltron B3's Untap step
Phase: Ai(1)-Wyleth Voltron B3's Upkeep step
Phase: Ai(1)-Wyleth Voltron B3's Draw step
Phase: Ai(1)-Wyleth Voltron B3's Main phase, precombat
Land: Ai(1)-Wyleth Voltron B3 played Inventors' Fair (2)
Mana: Wind-Scarred Crag (30) - {T}: Add {R} or {W}.
Mana: Mountain (84) - {T}: Add {R}.
Mana: Command Tower (13) - {T}: Add one mana of any color in your commander's color identity.
Mana: Sacred Foundry (25) - {T}: Add {R}.
Mana: Slayers' Stronghold (70) - {T}: Add {C}.
Add To Stack: Ai(1)-Wyleth Voltron B3 cast Wyleth, Soul of Steel
Resolve Stack: Wyleth, Soul of Steel - Creature 2 / 2
Phase: Ai(1)-Wyleth Voltron B3's Beginning of Combat Step
Phase: Ai(1)-Wyleth Voltron B3's Declare Attackers Step
Phase: Ai(1)-Wyleth Voltron B3's Declare Blockers Step
Phase: Ai(1)-Wyleth Voltron B3's First Strike Damage Step
Phase: Ai(1)-Wyleth Voltron B3's Combat Damage Step
Phase: Ai(1)-Wyleth Voltron B3's End of Combat Step
Phase: Ai(1)-Wyleth Voltron B3's Main phase, postcombat
Phase: Ai(1)-Wyleth Voltron B3's End step
Phase: Ai(1)-Wyleth Voltron B3's Cleanup step
Turn: Turn 22 (Ai(2)-Kilo Helm B3)
Phase: Ai(2)-Kilo Helm B3's Untap step
Phase: Ai(2)-Kilo Helm B3's Upkeep step
Mana: Radiant Summit (124) - {T}: Add {R}.
Mana: Command Tower (109) - {T}: Add one mana of any color in your commander's color identity.
Mana: Buried Ruin (112) - {T}: Add {C}.
Add To Stack: Ai(2)-Kilo Helm B3 cast Chaos Warp targeting [Midnight Reaper (365)]
Add To Stack: Ai(2)-Kilo Helm B3 triggered Chrome Host Seedshark
Resolve Stack: Whenever you cast a noncreature spell, incubate X, where X is that spell's mana value. (Create an Incubator token with X +1/+1 counters on it and "{2}: Transform this artifact." It transforms into a 0/0 Phyrexian artifact creature.) [Card: Chaos Warp (134), Activator: Ai(2)-Kilo Helm B3, SpellAbility: The owner of target permanent shuffles it into their library, then reveals the top card of their library. If it's a permanent card, they put it onto the battlefield. ]
Resolve Stack: Chaos Warp (134) - Shuffle Midnight Reaper (365) into its owner's library. Ai(2)-Kilo Helm B3 reveals the top card of Ai(4)-Wilhelt Zombies B3's library.
Phase: Ai(2)-Kilo Helm B3's Draw step
Phase: Ai(2)-Kilo Helm B3's Main phase, precombat
Phase: Ai(2)-Kilo Helm B3's Beginning of Combat Step
Phase: Ai(2)-Kilo Helm B3's Declare Attackers Step
Combat: Ai(2)-Kilo Helm B3 assigned Chrome Host Seedshark (180) to attack Ai(4)-Wilhelt Zombies B3.
Phase: Ai(2)-Kilo Helm B3's Declare Blockers Step
Combat: Ai(4)-Wilhelt Zombies B3 didn't block Chrome Host Seedshark (180).
Phase: Ai(2)-Kilo Helm B3's First Strike Damage Step
Phase: Ai(2)-Kilo Helm B3's Combat Damage Step
Damage: Chrome Host Seedshark (180) deals 2 combat damage to Ai(4)-Wilhelt Zombies B3.
Life: Life: Ai(4)-Wilhelt Zombies B3 35 > 33
Phase: Ai(2)-Kilo Helm B3's End of Combat Step
Phase: Ai(2)-Kilo Helm B3's Main phase, postcombat
Phase: Ai(2)-Kilo Helm B3's End step
Phase: Ai(2)-Kilo Helm B3's Cleanup step
Turn: Turn 23 (Ai(3)-Torbran Burn B3)
Phase: Ai(3)-Torbran Burn B3's Untap step
Phase: Ai(3)-Torbran Burn B3's Upkeep step
Phase: Ai(3)-Torbran Burn B3's Draw step
Phase: Ai(3)-Torbran Burn B3's Main phase, precombat
Land: Ai(3)-Torbran Burn B3 played Mountain (256)
Phase: Ai(3)-Torbran Burn B3's Beginning of Combat Step
Phase: Ai(3)-Torbran Burn B3's Declare Attackers Step
Phase: Ai(3)-Torbran Burn B3's Declare Blockers Step
Phase: Ai(3)-Torbran Burn B3's First Strike Damage Step
Phase: Ai(3)-Torbran Burn B3's Combat Damage Step
Phase: Ai(3)-Torbran Burn B3's End of Combat Step
Phase: Ai(3)-Torbran Burn B3's Main phase, postcombat
Mana: Mountain (273) - {T}: Add {R}.
Mana: Mountain (288) - {T}: Add {R}.
Mana: Mountain (256) - {T}: Add {R}.
Life: Life: Ai(3)-Torbran Burn B3 38 > 37
Add To Stack: Ai(3)-Torbran Burn B3 activated War Room
Resolve Stack: War Room (233) - Ai(3)-Torbran Burn B3 draws a card.
Phase: Ai(3)-Torbran Burn B3's End step
Phase: Ai(3)-Torbran Burn B3's Cleanup step
Turn: Turn 24 (Ai(4)-Wilhelt Zombies B3)
Phase: Ai(4)-Wilhelt Zombies B3's Untap step
Phase: Ai(4)-Wilhelt Zombies B3's Upkeep step
Phase: Ai(4)-Wilhelt Zombies B3's Draw step
Phase: Ai(4)-Wilhelt Zombies B3's Main phase, precombat
Land: Ai(4)-Wilhelt Zombies B3 played Swamp (393)
Phase: Ai(4)-Wilhelt Zombies B3's Beginning of Combat Step
Phase: Ai(4)-Wilhelt Zombies B3's Declare Attackers Step
Combat: Ai(4)-Wilhelt Zombies B3 assigned Elephant Token (405), Zombie Master (325) and Undead Augur (311) to attack Ai(2)-Kilo Helm B3.
Phase: Ai(4)-Wilhelt Zombies B3's Declare Blockers Step
Combat: Ai(2)-Kilo Helm B3 didn't block Elephant Token (405).
Ai(2)-Kilo Helm B3 didn't block Zombie Master (325).
Ai(2)-Kilo Helm B3 didn't block Undead Augur (311).
Phase: Ai(4)-Wilhelt Zombies B3's First Strike Damage Step
Phase: Ai(4)-Wilhelt Zombies B3's Combat Damage Step
Damage: Elephant Token (405) deals 3 combat damage to Ai(2)-Kilo Helm B3.
Damage: Zombie Master (325) deals 2 combat damage to Ai(2)-Kilo Helm B3.
Damage: Undead Augur (311) deals 2 combat damage to Ai(2)-Kilo Helm B3.
Life: Life: Ai(2)-Kilo Helm B3 24 > 17
Phase: Ai(4)-Wilhelt Zombies B3's End of Combat Step
Phase: Ai(4)-Wilhelt Zombies B3's Main phase, postcombat
Mana: Swamp (375) - {T}: Add {B}.
Mana: Island (351) - {T}: Add {U}.
Mana: Island (354) - {T}: Add {U}.
Mana: Island (349) - {T}: Add {U}.
Mana: Swamp (393) - {T}: Add {B}.
Mana: Watery Grave (308) - {T}: Add {B}.
Add To Stack: Ai(4)-Wilhelt Zombies B3 cast Wilhelt, the Rotcleaver
Resolve Stack: Wilhelt, the Rotcleaver - Creature 3 / 3
Phase: Ai(4)-Wilhelt Zombies B3's End step
Add To Stack: Ai(4)-Wilhelt Zombies B3 triggered Wilhelt, the Rotcleaver
Resolve Stack: At the beginning of your end step, you may sacrifice a Zombie. If you do, draw a card. [Phase: Ai(4)-Wilhelt Zombies B3]
Phase: Ai(4)-Wilhelt Zombies B3's Cleanup step
Turn: Turn 25 (Ai(1)-Wyleth Voltron B3)
Phase: Ai(1)-Wyleth Voltron B3's Untap step
Phase: Ai(1)-Wyleth Voltron B3's Upkeep step
Phase: Ai(1)-Wyleth Voltron B3's Draw step
Phase: Ai(1)-Wyleth Voltron B3's Main phase, precombat
Land: Ai(1)-Wyleth Voltron B3 played Mountain (86)
Mana: Wind-Scarred Crag (30) - {T}: Add {R} or {W}.
Mana: Command Tower (13) - {T}: Add one mana of any color in your commander's color identity.
Mana: Mountain (84) - {T}: Add {R}.
Add To Stack: Ai(1)-Wyleth Voltron B3 cast Kemba, Kha Regent
Resolve Stack: Kemba, Kha Regent - Creature 2 / 4
Mana: Mountain (86) - {T}: Add {R}.
Mana: Sacred Foundry (25) - {T}: Add {R}.
Mana: Slayers' Stronghold (70) - {T}: Add {C}.
Add To Stack: Ai(1)-Wyleth Voltron B3 cast Champion's Helm
Resolve Stack: Champion's Helm
Mana: Inventors' Fair (2) - {T}: Add {C}.
Add To Stack: Ai(1)-Wyleth Voltron B3 activated Champion's Helm targeting [Wyleth, Soul of Steel (100)]
Resolve Stack: Champion's Helm (75) -  Attach to Wyleth, Soul of Steel (100)
Phase: Ai(1)-Wyleth Voltron B3's Beginning of Combat Step
Phase: Ai(1)-Wyleth Voltron B3's Declare Attackers Step
Combat: Ai(1)-Wyleth Voltron B3 assigned Wyleth, Soul of Steel (100) to attack Ai(4)-Wilhelt Zombies B3.
Add To Stack: Ai(1)-Wyleth Voltron B3 triggered Wyleth, Soul of Steel
Resolve Stack: Whenever Wyleth, Soul of Steel attacks, draw a card for each Aura and Equipment attached to it. [Attacker: Wyleth, Soul of Steel (100)]
Phase: Ai(1)-Wyleth Voltron B3's Declare Blockers Step
Combat: Ai(4)-Wilhelt Zombies B3 didn't block Wyleth, Soul of Steel (100).
Phase: Ai(1)-Wyleth Voltron B3's First Strike Damage Step
Phase: Ai(1)-Wyleth Voltron B3's Combat Damage Step
Damage: Wyleth, Soul of Steel (100) deals 4 combat damage to Ai(4)-Wilhelt Zombies B3.
Life: Life: Ai(4)-Wilhelt Zombies B3 33 > 29
Phase: Ai(1)-Wyleth Voltron B3's End of Combat Step
Phase: Ai(1)-Wyleth Voltron B3's Main phase, postcombat
Phase: Ai(1)-Wyleth Voltron B3's End step
Phase: Ai(1)-Wyleth Voltron B3's Cleanup step
Turn: Turn 26 (Ai(2)-Kilo Helm B3)
Phase: Ai(2)-Kilo Helm B3's Untap step
Phase: Ai(2)-Kilo Helm B3's Upkeep step
Mana: Radiant Summit (124) - {T}: Add {R}.
Mana: Command Tower (109) - {T}: Add one mana of any color in your commander's color identity.
Add To Stack: Ai(2)-Kilo Helm B3 activated Incubator Token
Resolve Stack: Phyrexian Token (407) - Transform Phyrexian Token (407).
Phase: Ai(2)-Kilo Helm B3's Draw step
Phase: Ai(2)-Kilo Helm B3's Main phase, precombat
Phase: Ai(2)-Kilo Helm B3's Beginning of Combat Step
Phase: Ai(2)-Kilo Helm B3's Declare Attackers Step
Combat: Ai(2)-Kilo Helm B3 assigned Chrome Host Seedshark (180) to attack Ai(4)-Wilhelt Zombies B3.
Phase: Ai(2)-Kilo Helm B3's Declare Blockers Step
Combat: Ai(4)-Wilhelt Zombies B3 didn't block Chrome Host Seedshark (180).
Phase: Ai(2)-Kilo Helm B3's First Strike Damage Step
Phase: Ai(2)-Kilo Helm B3's Combat Damage Step
Damage: Chrome Host Seedshark (180) deals 2 combat damage to Ai(4)-Wilhelt Zombies B3.
Life: Life: Ai(4)-Wilhelt Zombies B3 29 > 27
Phase: Ai(2)-Kilo Helm B3's End of Combat Step
Phase: Ai(2)-Kilo Helm B3's Main phase, postcombat
Mana: Buried Ruin (112) - {T}: Add {C}.
Mana: Adagia, Windswept Bastion (160) - {T}: Add {W}.
Add To Stack: Ai(2)-Kilo Helm B3 cast Walking Ballista
Replacement Effect: Walking Ballista enters with X +1/+1 counters on it.
Resolve Stack: Walking Ballista - Creature 0 / 0 (X=1)
Add To Stack: Ai(2)-Kilo Helm B3 triggered Surge Conductor
Resolve Stack: Whenever another nontoken artifact you control enters, proliferate. (Choose any number of permanents and/or players, then give each another counter of each kind already there.) [Zone Changer: Walking Ballista (139)]
Add To Stack: Ai(2)-Kilo Helm B3 activated Walking Ballista targeting [Undead Augur (311)]
Damage: Walking Ballista (139) deals 1 damage to Undead Augur (311).
Resolve Stack: Walking Ballista (139) - Walking Ballista (139) deals 1 damage to Undead Augur (311).
Add To Stack: Ai(2)-Kilo Helm B3 activated Walking Ballista targeting [Undead Augur (311)]
Zone Change: Walking Ballista (139) was put into Graveyard from Battlefield.
Damage: Walking Ballista (139) deals 1 damage to Undead Augur (311).
Resolve Stack: Walking Ballista (139) - Walking Ballista (139) deals 1 damage to Undead Augur (311).
Zone Change: Undead Augur (311) was put into Graveyard from Battlefield.
Add To Stack: Ai(4)-Wilhelt Zombies B3 triggered Undead Augur
Add To Stack: Ai(4)-Wilhelt Zombies B3 triggered Wilhelt, the Rotcleaver
Resolve Stack: Whenever another Zombie you control dies, if it didn't have decayed, create a 2/2 black Zombie creature token with decayed. (It can't block. When it attacks, sacrifice it at end of combat.) [Zone Changer: Undead Augur (311)]
Life: Life: Ai(4)-Wilhelt Zombies B3 27 > 26
Resolve Stack: Whenever Undead Augur or another Zombie you control dies, you draw a card and you lose 1 life. [Zone Changer: Undead Augur (311)]
Phase: Ai(2)-Kilo Helm B3's End step
Phase: Ai(2)-Kilo Helm B3's Cleanup step
Turn: Turn 27 (Ai(3)-Torbran Burn B3)
Phase: Ai(3)-Torbran Burn B3's Untap step
Phase: Ai(3)-Torbran Burn B3's Upkeep step
Phase: Ai(3)-Torbran Burn B3's Draw step
Phase: Ai(3)-Torbran Burn B3's Main phase, precombat
Land: Ai(3)-Torbran Burn B3 played Mountain (265)
Mana: Mountain (273) - {T}: Add {R}.
Mana: Mountain (288) - {T}: Add {R}.
Mana: Mountain (256) - {T}: Add {R}.
Mana: Mountain (265) - {T}: Add {R}.
Mana: War Room (233) - {T}: Add {C}.
Add To Stack: Ai(3)-Torbran Burn B3 cast Rolling Earthquake
Add To Stack: Ai(3)-Torbran Burn B3 triggered Firebrand Archer
Replacement Effect: If a red source you control would deal damage to an opponent or a permanent an opponent controls, it deals that much damage plus 2 instead.
Replacement Effect: If a red source you control would deal damage to an opponent or a permanent an opponent controls, it deals that much damage plus 2 instead.
Replacement Effect: If a red source you control would deal damage to an opponent or a permanent an opponent controls, it deals that much damage plus 2 instead.
Damage: Firebrand Archer (298) deals 3 non-combat damage to Ai(1)-Wyleth Voltron B3.
Damage: Firebrand Archer (298) deals 3 non-combat damage to Ai(2)-Kilo Helm B3.
Damage: Firebrand Archer (298) deals 3 non-combat damage to Ai(4)-Wilhelt Zombies B3.
Life: Life: Ai(1)-Wyleth Voltron B3 36 > 33
Life: Life: Ai(2)-Kilo Helm B3 17 > 14
Life: Life: Ai(4)-Wilhelt Zombies B3 26 > 23
Resolve Stack: Whenever you cast a noncreature spell, Firebrand Archer deals 1 damage to each opponent. [Card: Rolling Earthquake (243), Activator: Ai(3)-Torbran Burn B3, SpellAbility: Rolling Earthquake deals X damage to each creature without horsemanship and each player.]
Replacement Effect: If a red source you control would deal damage to an opponent or a permanent an opponent controls, it deals that much damage plus 2 instead.
Replacement Effect: If a red source you control would deal damage to an opponent or a permanent an opponent controls, it deals that much damage plus 2 instead.
Replacement Effect: If a red source you control would deal damage to an opponent or a permanent an opponent controls, it deals that much damage plus 2 instead.
Replacement Effect: If a red source you control would deal damage to an opponent or a permanent an opponent controls, it deals that much damage plus 2 instead.
Replacement Effect: If a red source you control would deal damage to an opponent or a permanent an opponent controls, it deals that much damage plus 2 instead.
Replacement Effect: If a red source you control would deal damage to an opponent or a permanent an opponent controls, it deals that much damage plus 2 instead.
Replacement Effect: If a red source you control would deal damage to an opponent or a permanent an opponent controls, it deals that much damage plus 2 instead.
Replacement Effect: If a red source you control would deal damage to an opponent or a permanent an opponent controls, it deals that much damage plus 2 instead.
Replacement Effect: If a red source you control would deal damage to an opponent or a permanent an opponent controls, it deals that much damage plus 2 instead.
Replacement Effect: If a red source you control would deal damage to an opponent or a permanent an opponent controls, it deals that much damage plus 2 instead.
Replacement Effect: If a red source you control would deal damage to an opponent or a permanent an opponent controls, it deals that much damage plus 2 instead.
Replacement Effect: If a red source you control would deal damage to an opponent or a permanent an opponent controls, it deals that much damage plus 2 instead.
Damage: Rolling Earthquake (243) deals 6 damage to Wyleth, Soul of Steel (100).
Damage: Rolling Earthquake (243) deals 6 damage to Kemba, Kha Regent (27).
Damage: Rolling Earthquake (243) deals 6 damage to Chrome Host Seedshark (180).
Damage: Rolling Earthquake (243) deals 6 damage to Surge Conductor (185).
Damage: Rolling Earthquake (243) deals 6 damage to Phyrexian Token (407).
Damage: Rolling Earthquake (243) deals 4 damage to Firebrand Archer (298).
Damage: Rolling Earthquake (243) deals 4 damage to Torbran, Thane of Red Fell (302).
Damage: Rolling Earthquake (243) deals 6 damage to Zombie Master (325).
Damage: Rolling Earthquake (243) deals 6 damage to Elephant Token (405).
Damage: Rolling Earthquake (243) deals 6 damage to Wilhelt, the Rotcleaver (402).
Damage: Rolling Earthquake (243) deals 6 damage to Zombie Token (410).
Damage: Rolling Earthquake (243) deals 6 non-combat damage to Ai(1)-Wyleth Voltron B3.
Damage: Rolling Earthquake (243) deals 6 non-combat damage to Ai(2)-Kilo Helm B3.
Damage: Rolling Earthquake (243) deals 4 non-combat damage to Ai(3)-Torbran Burn B3.
Damage: Rolling Earthquake (243) deals 6 non-combat damage to Ai(4)-Wilhelt Zombies B3.
Life: Life: Ai(1)-Wyleth Voltron B3 33 > 27
Life: Life: Ai(2)-Kilo Helm B3 14 > 8
Life: Life: Ai(3)-Torbran Burn B3 37 > 33
Life: Life: Ai(4)-Wilhelt Zombies B3 23 > 17
Resolve Stack: Rolling Earthquake (243) - Deals 4 damage to Creature.withoutHorsemanship. (X=4)
Zone Change: Firebrand Archer (298) was put into Graveyard from Battlefield.
Zone Change: Torbran, Thane of Red Fell (302) was put into Graveyard from Battlefield.
Zone Change: Zombie Master (325) was put into Graveyard from Battlefield.
Zone Change: Elephant Token (405) was put into Graveyard from Battlefield.
Zone Change: Wilhelt, the Rotcleaver (402) was put into Graveyard from Battlefield.
Zone Change: Zombie Token (410) was put into Graveyard from Battlefield.
Zone Change: Wyleth, Soul of Steel (100) was put into Graveyard from Battlefield.
Zone Change: Kemba, Kha Regent (27) was put into Graveyard from Battlefield.
Zone Change: Chrome Host Seedshark (180) was put into Graveyard from Battlefield.
Zone Change: Surge Conductor (185) was put into Graveyard from Battlefield.
Zone Change: Phyrexian Token (407) was put into Graveyard from Battlefield.
Add To Stack: Ai(4)-Wilhelt Zombies B3 triggered Wilhelt, the Rotcleaver
Resolve Stack: Whenever another Zombie you control dies, if it didn't have decayed, create a 2/2 black Zombie creature token with decayed. (It can't block. When it attacks, sacrifice it at end of combat.) [Zone Changer: Zombie Master (325)]
Phase: Ai(3)-Torbran Burn B3's Beginning of Combat Step
Phase: Ai(3)-Torbran Burn B3's Declare Attackers Step
Phase: Ai(3)-Torbran Burn B3's Declare Blockers Step
Phase: Ai(3)-Torbran Burn B3's First Strike Damage Step
Phase: Ai(3)-Torbran Burn B3's Combat Damage Step
Phase: Ai(3)-Torbran Burn B3's End of Combat Step
Phase: Ai(3)-Torbran Burn B3's Main phase, postcombat
Phase: Ai(3)-Torbran Burn B3's End step
Phase: Ai(3)-Torbran Burn B3's Cleanup step
Turn: Turn 28 (Ai(4)-Wilhelt Zombies B3)
Phase: Ai(4)-Wilhelt Zombies B3's Untap step
Phase: Ai(4)-Wilhelt Zombies B3's Upkeep step
Phase: Ai(4)-Wilhelt Zombies B3's Draw step
Phase: Ai(4)-Wilhelt Zombies B3's Main phase, precombat
Land: Ai(4)-Wilhelt Zombies B3 played Swamp (387)
Phase: Ai(4)-Wilhelt Zombies B3's Beginning of Combat Step
Phase: Ai(4)-Wilhelt Zombies B3's Declare Attackers Step
Combat: Ai(4)-Wilhelt Zombies B3 assigned Zombie Token (413) to attack Ai(2)-Kilo Helm B3.
Add To Stack: Ai(4)-Wilhelt Zombies B3 triggered Zombie Token
Resolve Stack: When a creature with decayed attacks, sacrifice it at end of combat. [Attacker: Zombie Token (413)]
Phase: Ai(4)-Wilhelt Zombies B3's Declare Blockers Step
Combat: Ai(2)-Kilo Helm B3 didn't block Zombie Token (413).
Phase: Ai(4)-Wilhelt Zombies B3's First Strike Damage Step
Phase: Ai(4)-Wilhelt Zombies B3's Combat Damage Step
Damage: Zombie Token (413) deals 2 combat damage to Ai(2)-Kilo Helm B3.
Life: Life: Ai(2)-Kilo Helm B3 8 > 6
Phase: Ai(4)-Wilhelt Zombies B3's End of Combat Step
Add To Stack: Ai(4)-Wilhelt Zombies B3 triggered Zombie Token
Zone Change: Zombie Token (413) was put into Graveyard from Battlefield.
Resolve Stack: At end of combat, sacrifice Zombie Token. [Phase: Ai(4)-Wilhelt Zombies B3]
Phase: Ai(4)-Wilhelt Zombies B3's Main phase, postcombat
Mana: Swamp (375) - {T}: Add {B}.
Mana: Island (351) - {T}: Add {U}.
Add To Stack: Ai(4)-Wilhelt Zombies B3 cast Butcher Ghoul
Resolve Stack: Butcher Ghoul - Creature 1 / 1
Mana: Swamp (393) - {T}: Add {B}.
Mana: Island (354) - {T}: Add {U}.
Mana: Island (349) - {T}: Add {U}.
Add To Stack: Ai(4)-Wilhelt Zombies B3 cast Diregraf Colossus
Replacement Effect: Diregraf Colossus enters with a +1/+1 counter on it for each Zombie card in your graveyard.
Resolve Stack: Diregraf Colossus - Creature 2 / 2
Phase: Ai(4)-Wilhelt Zombies B3's End step
Phase: Ai(4)-Wilhelt Zombies B3's Cleanup step
Turn: Turn 29 (Ai(1)-Wyleth Voltron B3)
Phase: Ai(1)-Wyleth Voltron B3's Untap step
Phase: Ai(1)-Wyleth Voltron B3's Upkeep step
Phase: Ai(1)-Wyleth Voltron B3's Draw step
Phase: Ai(1)-Wyleth Voltron B3's Main phase, precombat
Land: Ai(1)-Wyleth Voltron B3 played Plains (51)
Mana: Plains (51) - {T}: Add {W}.
Mana: Mountain (84) - {T}: Add {R}.
Mana: Mountain (86) - {T}: Add {R}.
Mana: Wind-Scarred Crag (30) - {T}: Add {R} or {W}.
Mana: Command Tower (13) - {T}: Add one mana of any color in your commander's color identity.
Mana: Sacred Foundry (25) - {T}: Add {R}.
Mana: Slayers' Stronghold (70) - {T}: Add {C}.
Add To Stack: Ai(1)-Wyleth Voltron B3 cast Wyleth, Soul of Steel
Resolve Stack: Wyleth, Soul of Steel - Creature 2 / 2
Mana: Inventors' Fair (2) - {T}: Add {C}.
Add To Stack: Ai(1)-Wyleth Voltron B3 activated Champion's Helm targeting [Wyleth, Soul of Steel (100)]
Resolve Stack: Champion's Helm (75) -  Attach to Wyleth, Soul of Steel (100)
Phase: Ai(1)-Wyleth Voltron B3's Beginning of Combat Step
Phase: Ai(1)-Wyleth Voltron B3's Declare Attackers Step
Phase: Ai(1)-Wyleth Voltron B3's Declare Blockers Step
Phase: Ai(1)-Wyleth Voltron B3's First Strike Damage Step
Phase: Ai(1)-Wyleth Voltron B3's Combat Damage Step
Phase: Ai(1)-Wyleth Voltron B3's End of Combat Step
Phase: Ai(1)-Wyleth Voltron B3's Main phase, postcombat
Phase: Ai(1)-Wyleth Voltron B3's End step
Phase: Ai(1)-Wyleth Voltron B3's Cleanup step
Turn: Turn 30 (Ai(2)-Kilo Helm B3)
Phase: Ai(2)-Kilo Helm B3's Untap step
Phase: Ai(2)-Kilo Helm B3's Upkeep step
Phase: Ai(2)-Kilo Helm B3's Draw step
Phase: Ai(2)-Kilo Helm B3's Main phase, precombat
Mana: Command Tower (109) - {T}: Add one mana of any color in your commander's color identity.
Mana: Radiant Summit (124) - {T}: Add {R}.
Mana: Adagia, Windswept Bastion (160) - {T}: Add {W}.
Add To Stack: Ai(2)-Kilo Helm B3 cast Kilo, Apogee Mind
Resolve Stack: Kilo, Apogee Mind - Creature 3 / 3
Phase: Ai(2)-Kilo Helm B3's Beginning of Combat Step
Phase: Ai(2)-Kilo Helm B3's Declare Attackers Step
Phase: Ai(2)-Kilo Helm B3's Declare Blockers Step
Phase: Ai(2)-Kilo Helm B3's First Strike Damage Step
Phase: Ai(2)-Kilo Helm B3's Combat Damage Step
Phase: Ai(2)-Kilo Helm B3's End of Combat Step
Phase: Ai(2)-Kilo Helm B3's Main phase, postcombat
Add To Stack: Ai(2)-Kilo Helm B3 activated Adagia, Windswept Bastion
Add To Stack: Ai(2)-Kilo Helm B3 triggered Kilo, Apogee Mind
Resolve Stack: Whenever Kilo becomes tapped, proliferate. (Choose any number of permanents and/or players, then give each another counter of each kind already there.) [Tapped: Kilo, Apogee Mind (201)]
Resolve Stack: Adagia, Windswept Bastion (160) - Ai(2)-Kilo Helm B3 puts three charge counters on Adagia, Windswept Bastion (160).
Phase: Ai(2)-Kilo Helm B3's End step
Phase: Ai(2)-Kilo Helm B3's Cleanup step
Turn: Turn 31 (Ai(3)-Torbran Burn B3)
Phase: Ai(3)-Torbran Burn B3's Untap step
Phase: Ai(3)-Torbran Burn B3's Upkeep step
Phase: Ai(3)-Torbran Burn B3's Draw step
Phase: Ai(3)-Torbran Burn B3's Main phase, precombat
Land: Ai(3)-Torbran Burn B3 played Mountain (259)
Phase: Ai(3)-Torbran Burn B3's Beginning of Combat Step
Phase: Ai(3)-Torbran Burn B3's Declare Attackers Step
Phase: Ai(3)-Torbran Burn B3's Declare Blockers Step
Phase: Ai(3)-Torbran Burn B3's First Strike Damage Step
Phase: Ai(3)-Torbran Burn B3's Combat Damage Step
Phase: Ai(3)-Torbran Burn B3's End of Combat Step
Phase: Ai(3)-Torbran Burn B3's Main phase, postcombat
Mana: Mountain (273) - {T}: Add {R}.
Mana: Mountain (288) - {T}: Add {R}.
Mana: Mountain (256) - {T}: Add {R}.
Mana: Mountain (265) - {T}: Add {R}.
Mana: Mountain (259) - {T}: Add {R}.
Mana: War Room (233) - {T}: Add {C}.
Add To Stack: Ai(3)-Torbran Burn B3 cast Torbran, Thane of Red Fell
Resolve Stack: Torbran, Thane of Red Fell - Creature 2 / 4
Phase: Ai(3)-Torbran Burn B3's End step
Phase: Ai(3)-Torbran Burn B3's Cleanup step
Turn: Turn 32 (Ai(4)-Wilhelt Zombies B3)
Phase: Ai(4)-Wilhelt Zombies B3's Untap step
Phase: Ai(4)-Wilhelt Zombies B3's Upkeep step
Phase: Ai(4)-Wilhelt Zombies B3's Draw step
Phase: Ai(4)-Wilhelt Zombies B3's Main phase, precombat
Phase: Ai(4)-Wilhelt Zombies B3's Beginning of Combat Step
Phase: Ai(4)-Wilhelt Zombies B3's Declare Attackers Step
Combat: Ai(4)-Wilhelt Zombies B3 assigned Diregraf Colossus (324) and Butcher Ghoul (369) to attack Ai(2)-Kilo Helm B3.
Phase: Ai(4)-Wilhelt Zombies B3's Declare Blockers Step
Combat: Ai(2)-Kilo Helm B3 didn't block Diregraf Colossus (324).
Ai(2)-Kilo Helm B3 didn't block Butcher Ghoul (369).
Phase: Ai(4)-Wilhelt Zombies B3's First Strike Damage Step
Phase: Ai(4)-Wilhelt Zombies B3's Combat Damage Step
Damage: Diregraf Colossus (324) deals 4 combat damage to Ai(2)-Kilo Helm B3.
Damage: Butcher Ghoul (369) deals 1 combat damage to Ai(2)-Kilo Helm B3.
Life: Life: Ai(2)-Kilo Helm B3 6 > 1
Phase: Ai(4)-Wilhelt Zombies B3's End of Combat Step
Phase: Ai(4)-Wilhelt Zombies B3's Main phase, postcombat
Land: Ai(4)-Wilhelt Zombies B3 played Command Tower (315)
Mana: Island (351) - {T}: Add {U}.
Mana: Swamp (375) - {T}: Add {B}.
Mana: Island (354) - {T}: Add {U}.
Mana: Island (349) - {T}: Add {U}.
Mana: Swamp (393) - {T}: Add {B}.
Mana: Swamp (387) - {T}: Add {B}.
Mana: Command Tower (315) - {T}: Add one mana of any color in your commander's color identity.
Mana: Watery Grave (308) - {T}: Add {B}.
Add To Stack: Ai(4)-Wilhelt Zombies B3 cast Wilhelt, the Rotcleaver
Add To Stack: Ai(4)-Wilhelt Zombies B3 triggered Diregraf Colossus
Resolve Stack: Whenever you cast a Zombie spell, create a tapped 2/2 black Zombie creature token. [Card: Wilhelt, the Rotcleaver (402), Activator: Ai(4)-Wilhelt Zombies B3, SpellAbility: Wilhelt, the Rotcleaver - Creature 3 / 3]
Resolve Stack: Wilhelt, the Rotcleaver - Creature 3 / 3
Phase: Ai(4)-Wilhelt Zombies B3's End step
Add To Stack: Ai(4)-Wilhelt Zombies B3 triggered Wilhelt, the Rotcleaver
Resolve Stack: At the beginning of your end step, you may sacrifice a Zombie. If you do, draw a card. [Phase: Ai(4)-Wilhelt Zombies B3]
Phase: Ai(4)-Wilhelt Zombies B3's Cleanup step
Turn: Turn 33 (Ai(1)-Wyleth Voltron B3)
Phase: Ai(1)-Wyleth Voltron B3's Untap step
Phase: Ai(1)-Wyleth Voltron B3's Upkeep step
Phase: Ai(1)-Wyleth Voltron B3's Draw step
Phase: Ai(1)-Wyleth Voltron B3's Main phase, precombat
Land: Ai(1)-Wyleth Voltron B3 played Mountain (77)
Mana: Plains (51) - {T}: Add {W}.
Mana: Mountain (84) - {T}: Add {R}.
Mana: Mountain (86) - {T}: Add {R}.
Add To Stack: Ai(1)-Wyleth Voltron B3 cast Danitha Capashen, Paragon
Resolve Stack: Danitha Capashen, Paragon - Creature 2 / 2
Phase: Ai(1)-Wyleth Voltron B3's Beginning of Combat Step
Phase: Ai(1)-Wyleth Voltron B3's Declare Attackers Step
Combat: Ai(1)-Wyleth Voltron B3 assigned Wyleth, Soul of Steel (100) to attack Ai(2)-Kilo Helm B3.
Add To Stack: Ai(1)-Wyleth Voltron B3 triggered Wyleth, Soul of Steel
Resolve Stack: Whenever Wyleth, Soul of Steel attacks, draw a card for each Aura and Equipment attached to it. [Attacker: Wyleth, Soul of Steel (100)]
Phase: Ai(1)-Wyleth Voltron B3's Declare Blockers Step
Combat: Ai(2)-Kilo Helm B3 didn't block Wyleth, Soul of Steel (100).
Mana: Wind-Scarred Crag (30) - {T}: Add {R} or {W}.
Mana: Mountain (77) - {T}: Add {R}.
Add To Stack: Ai(1)-Wyleth Voltron B3 activated Slayers' Stronghold targeting [Wyleth, Soul of Steel (100)]
Resolve Stack: Slayers' Stronghold (70) - Wyleth, Soul of Steel (100) gets +2/+0 and gains vigilance and haste until end of turn.
Phase: Ai(1)-Wyleth Voltron B3's First Strike Damage Step
Phase: Ai(1)-Wyleth Voltron B3's Combat Damage Step
Damage: Wyleth, Soul of Steel (100) deals 6 combat damage to Ai(2)-Kilo Helm B3.
Life: Life: Ai(2)-Kilo Helm B3 1 > -5
Phase: Ai(1)-Wyleth Voltron B3's End of Combat Step
Phase: Ai(1)-Wyleth Voltron B3's Main phase, postcombat
Mana: Command Tower (13) - {T}: Add one mana of any color in your commander's color identity.
Add To Stack: Ai(1)-Wyleth Voltron B3 cast Blackblade Reforged
Resolve Stack: Blackblade Reforged
Phase: Ai(1)-Wyleth Voltron B3's End step
Phase: Ai(1)-Wyleth Voltron B3's Cleanup step
Turn: Turn 34 (Ai(3)-Torbran Burn B3)
Phase: Ai(3)-Torbran Burn B3's Untap step
Phase: Ai(3)-Torbran Burn B3's Upkeep step
Phase: Ai(3)-Torbran Burn B3's Draw step
Phase: Ai(3)-Torbran Burn B3's Main phase, precombat
Land: Ai(3)-Torbran Burn B3 played Mikokoro, Center of the Sea (249)
Phase: Ai(3)-Torbran Burn B3's Beginning of Combat Step
Phase: Ai(3)-Torbran Burn B3's Declare Attackers Step
Phase: Ai(3)-Torbran Burn B3's Declare Blockers Step
Phase: Ai(3)-Torbran Burn B3's First Strike Damage Step
Phase: Ai(3)-Torbran Burn B3's Combat Damage Step
Phase: Ai(3)-Torbran Burn B3's End of Combat Step
Phase: Ai(3)-Torbran Burn B3's Main phase, postcombat
Mana: Mountain (273) - {T}: Add {R}.
Mana: Mountain (288) - {T}: Add {R}.
Mana: Mountain (256) - {T}: Add {R}.
Life: Life: Ai(3)-Torbran Burn B3 33 > 32
Add To Stack: Ai(3)-Torbran Burn B3 activated War Room
Resolve Stack: War Room (233) - Ai(3)-Torbran Burn B3 draws a card.
Mana: Mountain (265) - {T}: Add {R}.
Mana: Mountain (259) - {T}: Add {R}.
Add To Stack: Ai(3)-Torbran Burn B3 activated Mikokoro, Center of the Sea
Resolve Stack: Mikokoro, Center of the Sea (249) - Ai(3)-Torbran Burn B3, Ai(4)-Wilhelt Zombies B3 and Ai(1)-Wyleth Voltron B3 each draw a card.
Phase: Ai(3)-Torbran Burn B3's End step
Phase: Ai(3)-Torbran Burn B3's Cleanup step
Turn: Turn 35 (Ai(4)-Wilhelt Zombies B3)
Phase: Ai(4)-Wilhelt Zombies B3's Untap step
Phase: Ai(4)-Wilhelt Zombies B3's Upkeep step
Phase: Ai(4)-Wilhelt Zombies B3's Draw step
Phase: Ai(4)-Wilhelt Zombies B3's Main phase, precombat
Phase: Ai(4)-Wilhelt Zombies B3's Beginning of Combat Step
Phase: Ai(4)-Wilhelt Zombies B3's Declare Attackers Step
Combat: Ai(4)-Wilhelt Zombies B3 assigned Diregraf Colossus (324) and Wilhelt, the Rotcleaver (402) to attack Ai(1)-Wyleth Voltron B3.
Phase: Ai(4)-Wilhelt Zombies B3's Declare Blockers Step
Combat: Ai(1)-Wyleth Voltron B3 didn't block Diregraf Colossus (324).
Ai(1)-Wyleth Voltron B3 didn't block Wilhelt, the Rotcleaver (402).
Phase: Ai(4)-Wilhelt Zombies B3's First Strike Damage Step
Phase: Ai(4)-Wilhelt Zombies B3's Combat Damage Step
Damage: Diregraf Colossus (324) deals 4 combat damage to Ai(1)-Wyleth Voltron B3.
Damage: Wilhelt, the Rotcleaver (402) deals 3 combat damage to Ai(1)-Wyleth Voltron B3.
Life: Life: Ai(1)-Wyleth Voltron B3 27 > 20
Phase: Ai(4)-Wilhelt Zombies B3's End of Combat Step
Phase: Ai(4)-Wilhelt Zombies B3's Main phase, postcombat
Land: Ai(4)-Wilhelt Zombies B3 played Swamp (383)
Mana: Swamp (375) - {T}: Add {B}.
Mana: Swamp (393) - {T}: Add {B}.
Mana: Island (351) - {T}: Add {U}.
Add To Stack: Ai(4)-Wilhelt Zombies B3 cast Phyrexian Arena
Resolve Stack: Phyrexian Arena
Mana: Island (354) - {T}: Add {U}.
Mana: Island (349) - {T}: Add {U}.
Mana: Swamp (387) - {T}: Add {B}.
Add To Stack: Ai(4)-Wilhelt Zombies B3 cast Ashnod's Altar
Resolve Stack: Ashnod's Altar
Mana: Swamp (383) - {T}: Add {B}.
Mana: Command Tower (315) - {T}: Add one mana of any color in your commander's color identity.
Add To Stack: Ai(4)-Wilhelt Zombies B3 cast Doomed Dissenter
Resolve Stack: Doomed Dissenter - Creature 1 / 1
Phase: Ai(4)-Wilhelt Zombies B3's End step
Add To Stack: Ai(4)-Wilhelt Zombies B3 triggered Wilhelt, the Rotcleaver
Resolve Stack: At the beginning of your end step, you may sacrifice a Zombie. If you do, draw a card. [Phase: Ai(4)-Wilhelt Zombies B3]
Phase: Ai(4)-Wilhelt Zombies B3's Cleanup step
Turn: Turn 36 (Ai(1)-Wyleth Voltron B3)
Phase: Ai(1)-Wyleth Voltron B3's Untap step
Phase: Ai(1)-Wyleth Voltron B3's Upkeep step
Phase: Ai(1)-Wyleth Voltron B3's Draw step
Phase: Ai(1)-Wyleth Voltron B3's Main phase, precombat
Land: Ai(1)-Wyleth Voltron B3 played Plains (52)
Mana: Plains (51) - {T}: Add {W}.
Mana: Plains (52) - {T}: Add {W}.
Mana: Mountain (84) - {T}: Add {R}.
Mana: Mountain (86) - {T}: Add {R}.
Mana: Mountain (77) - {T}: Add {R}.
Mana: Wind-Scarred Crag (30) - {T}: Add {R} or {W}.
Mana: Command Tower (13) - {T}: Add one mana of any color in your commander's color identity.
Add To Stack: Ai(1)-Wyleth Voltron B3 activated Blackblade Reforged targeting [Wyleth, Soul of Steel (100)]
Resolve Stack: Blackblade Reforged (34) -  Attach to Wyleth, Soul of Steel (100)
Phase: Ai(1)-Wyleth Voltron B3's Beginning of Combat Step
Phase: Ai(1)-Wyleth Voltron B3's Declare Attackers Step
Combat: Ai(1)-Wyleth Voltron B3 assigned Wyleth, Soul of Steel (100) and Danitha Capashen, Paragon (99) to attack Ai(4)-Wilhelt Zombies B3.
Add To Stack: Ai(1)-Wyleth Voltron B3 triggered Wyleth, Soul of Steel
Resolve Stack: Whenever Wyleth, Soul of Steel attacks, draw a card for each Aura and Equipment attached to it. [Attacker: Wyleth, Soul of Steel (100)]
Phase: Ai(1)-Wyleth Voltron B3's Declare Blockers Step
Combat: Ai(4)-Wilhelt Zombies B3 assigned Doomed Dissenter (338) to block Wyleth, Soul of Steel (100).
Ai(4)-Wilhelt Zombies B3 assigned Zombie Token (416) to block Danitha Capashen, Paragon (99).
Phase: Ai(1)-Wyleth Voltron B3's First Strike Damage Step
Damage: Danitha Capashen, Paragon (99) deals 2 damage to Zombie Token (416).
Life: Life: Ai(1)-Wyleth Voltron B3 20 > 22
Zone Change: Zombie Token (416) was put into Graveyard from Battlefield.
Add To Stack: Ai(4)-Wilhelt Zombies B3 triggered Wilhelt, the Rotcleaver
Resolve Stack: Whenever another Zombie you control dies, if it didn't have decayed, create a 2/2 black Zombie creature token with decayed. (It can't block. When it attacks, sacrifice it at end of combat.) [Zone Changer: Zombie Token (416)]
Phase: Ai(1)-Wyleth Voltron B3's Combat Damage Step
Damage: Wyleth, Soul of Steel (100) deals 13 combat damage to Ai(4)-Wilhelt Zombies B3.
Damage: Wyleth, Soul of Steel (100) deals 1 damage to Doomed Dissenter (338).
Damage: Doomed Dissenter (338) deals 1 damage to Wyleth, Soul of Steel (100).
Life: Life: Ai(4)-Wilhelt Zombies B3 17 > 4
Zone Change: Doomed Dissenter (338) was put into Graveyard from Battlefield.
Add To Stack: Ai(4)-Wilhelt Zombies B3 triggered Doomed Dissenter
Resolve Stack: When Doomed Dissenter dies, create a 2/2 black Zombie creature token. [Zone Changer: Doomed Dissenter (338)]
Phase: Ai(1)-Wyleth Voltron B3's End of Combat Step
Phase: Ai(1)-Wyleth Voltron B3's Main phase, postcombat
Mana: Sacred Foundry (25) - {T}: Add {R}.
Mana: Slayers' Stronghold (70) - {T}: Add {C}.
Add To Stack: Ai(1)-Wyleth Voltron B3 cast Loxodon Warhammer
Resolve Stack: Loxodon Warhammer
Mana: Inventors' Fair (2) - {T}: Add {C}.
Add To Stack: Ai(1)-Wyleth Voltron B3 cast Swiftfoot Boots
Resolve Stack: Swiftfoot Boots
Phase: Ai(1)-Wyleth Voltron B3's End step
Phase: Ai(1)-Wyleth Voltron B3's Cleanup step
Turn: Turn 37 (Ai(3)-Torbran Burn B3)
Phase: Ai(3)-Torbran Burn B3's Untap step
Phase: Ai(3)-Torbran Burn B3's Upkeep step
Phase: Ai(3)-Torbran Burn B3's Draw step
Phase: Ai(3)-Torbran Burn B3's Main phase, precombat
Land: Ai(3)-Torbran Burn B3 played Mountain (268)
Mana: Mountain (273) - {T}: Add {R}.
Mana: Mountain (288) - {T}: Add {R}.
Mana: Mountain (256) - {T}: Add {R}.
Add To Stack: Ai(3)-Torbran Burn B3 cast Wheel of Misfortune
Discard: Ai(1)-Wyleth Voltron B3 discards Faithless Looting (41).
Discard: Ai(1)-Wyleth Voltron B3 discards Mountain (78).
Discard: Ai(1)-Wyleth Voltron B3 discards Mountain (83).
Discard: Ai(4)-Wilhelt Zombies B3 discards Exotic Orchard (401).
Replacement Effect: If a red source you control would deal damage to an opponent or a permanent an opponent controls, it deals that much damage plus 2 instead.
Damage: Wheel of Misfortune (212) deals 7 non-combat damage to Ai(1)-Wyleth Voltron B3.
Life: Life: Ai(1)-Wyleth Voltron B3 22 > 15
Resolve Stack: Wheel of Misfortune (212) - Each player secretly chooses a number 0 or greater, then all players reveal those numbers simultaneously and determine the highest and lowest numbers revealed this way. Wheel of Misfortune deals damage equal to the highest number to each player who chose that number. Each player who didn't choose the lowest number discards their hand, then draws seven cards.
Mana: Mountain (265) - {T}: Add {R}.
Mana: Mountain (259) - {T}: Add {R}.
Add To Stack: Ai(3)-Torbran Burn B3 cast Flame Rift
Replacement Effect: If a red source you control would deal damage to an opponent or a permanent an opponent controls, it deals that much damage plus 2 instead.
Replacement Effect: If a red source you control would deal damage to an opponent or a permanent an opponent controls, it deals that much damage plus 2 instead.
Damage: Flame Rift (229) deals 6 non-combat damage to Ai(1)-Wyleth Voltron B3.
Damage: Flame Rift (229) deals 4 non-combat damage to Ai(3)-Torbran Burn B3.
Damage: Flame Rift (229) deals 6 non-combat damage to Ai(4)-Wilhelt Zombies B3.
Life: Life: Ai(1)-Wyleth Voltron B3 15 > 9
Life: Life: Ai(3)-Torbran Burn B3 32 > 28
Life: Life: Ai(4)-Wilhelt Zombies B3 4 > -2
Resolve Stack: Flame Rift (229) - Deals 4 damage to each player.
Mana: Mountain (268) - {T}: Add {R}.
Zone Change: Barbarian Ring (218) was put into Graveyard from Battlefield.
Add To Stack: Ai(3)-Torbran Burn B3 activated Barbarian Ring targeting [Danitha Capashen, Paragon (99)]
Damage: Barbarian Ring (218) deals 2 damage to Danitha Capashen, Paragon (99).
Resolve Stack: Barbarian Ring (218) - Barbarian Ring (218) deals 2 damage to Danitha Capashen, Paragon (99).
Zone Change: Danitha Capashen, Paragon (99) was put into Graveyard from Battlefield.
Phase: Ai(3)-Torbran Burn B3's Beginning of Combat Step
Phase: Ai(3)-Torbran Burn B3's Declare Attackers Step
Combat: Ai(3)-Torbran Burn B3 assigned Torbran, Thane of Red Fell (302) to attack Ai(1)-Wyleth Voltron B3.
Phase: Ai(3)-Torbran Burn B3's Declare Blockers Step
Combat: Ai(1)-Wyleth Voltron B3 didn't block Torbran, Thane of Red Fell (302).
Phase: Ai(3)-Torbran Burn B3's First Strike Damage Step
Phase: Ai(3)-Torbran Burn B3's Combat Damage Step
Replacement Effect: If a red source you control would deal damage to an opponent or a permanent an opponent controls, it deals that much damage plus 2 instead.
Damage: Torbran, Thane of Red Fell (302) deals 4 combat damage to Ai(1)-Wyleth Voltron B3.
Life: Life: Ai(1)-Wyleth Voltron B3 9 > 5
Phase: Ai(3)-Torbran Burn B3's End of Combat Step
Phase: Ai(3)-Torbran Burn B3's Main phase, postcombat
Mana: War Room (233) - {T}: Add {C}.
Mana: Ramunap Ruins (223) - {T}: Add {C}.
Add To Stack: Ai(3)-Torbran Burn B3 activated Mikokoro, Center of the Sea
Resolve Stack: Mikokoro, Center of the Sea (249) - Ai(3)-Torbran Burn B3 and Ai(1)-Wyleth Voltron B3 each draw a card.
Phase: Ai(3)-Torbran Burn B3's End step
Phase: Ai(3)-Torbran Burn B3's Cleanup step
Turn: Turn 38 (Ai(1)-Wyleth Voltron B3)
Phase: Ai(1)-Wyleth Voltron B3's Untap step
Phase: Ai(1)-Wyleth Voltron B3's Upkeep step
Add To Stack: Ai(1)-Wyleth Voltron B3 triggered Inventors' Fair
Life: Life: Ai(1)-Wyleth Voltron B3 5 > 6
Resolve Stack: At the beginning of your upkeep, if you control three or more artifacts, you gain 1 life. [Phase: Ai(1)-Wyleth Voltron B3]
Phase: Ai(1)-Wyleth Voltron B3's Draw step
Phase: Ai(1)-Wyleth Voltron B3's Main phase, precombat
Land: Ai(1)-Wyleth Voltron B3 played Plains (60)
Mana: Plains (51) - {T}: Add {W}.
Mana: Mountain (84) - {T}: Add {R}.
Add To Stack: Ai(1)-Wyleth Voltron B3 cast Sram, Senior Edificer
Resolve Stack: Sram, Senior Edificer - Creature 2 / 2
Mana: Mountain (86) - {T}: Add {R}.
Mana: Mountain (77) - {T}: Add {R}.
Mana: Plains (52) - {T}: Add {W}.
Add To Stack: Ai(1)-Wyleth Voltron B3 activated Loxodon Warhammer targeting [Wyleth, Soul of Steel (100)]
Resolve Stack: Loxodon Warhammer (98) -  Attach to Wyleth, Soul of Steel (100)
Mana: Plains (60) - {T}: Add {W}.
Add To Stack: Ai(1)-Wyleth Voltron B3 activated Swiftfoot Boots targeting [Wyleth, Soul of Steel (100)]
Resolve Stack: Swiftfoot Boots (9) -  Attach to Wyleth, Soul of Steel (100)
Phase: Ai(1)-Wyleth Voltron B3's Beginning of Combat Step
Phase: Ai(1)-Wyleth Voltron B3's Declare Attackers Step
Combat: Ai(1)-Wyleth Voltron B3 assigned Wyleth, Soul of Steel (100) to attack Ai(3)-Torbran Burn B3.
Add To Stack: Ai(1)-Wyleth Voltron B3 triggered Wyleth, Soul of Steel
Resolve Stack: Whenever Wyleth, Soul of Steel attacks, draw a card for each Aura and Equipment attached to it. [Attacker: Wyleth, Soul of Steel (100)]
Phase: Ai(1)-Wyleth Voltron B3's Declare Blockers Step
Combat: Ai(3)-Torbran Burn B3 didn't block Wyleth, Soul of Steel (100).
Phase: Ai(1)-Wyleth Voltron B3's First Strike Damage Step
Phase: Ai(1)-Wyleth Voltron B3's Combat Damage Step
Damage: Wyleth, Soul of Steel (100) deals 18 combat damage to Ai(3)-Torbran Burn B3.
Life: Life: Ai(1)-Wyleth Voltron B3 6 > 24
Life: Life: Ai(3)-Torbran Burn B3 28 > 10
Phase: Ai(1)-Wyleth Voltron B3's End of Combat Step
Phase: Ai(1)-Wyleth Voltron B3's Main phase, postcombat
Mana: Wind-Scarred Crag (30) - {T}: Add {R} or {W}.
Mana: Command Tower (13) - {T}: Add one mana of any color in your commander's color identity.
Mana: Sacred Foundry (25) - {T}: Add {R}.
Mana: Slayers' Stronghold (70) - {T}: Add {C}.
Zone Change: Inventors' Fair (2) was put into Graveyard from Battlefield.
Add To Stack: Ai(1)-Wyleth Voltron B3 activated Inventors' Fair
Resolve Stack: Inventors' Fair (2) - Ai(1)-Wyleth Voltron B3 searches their library for an artifact card, reveals it, puts it into their hand, then shuffles.
Phase: Ai(1)-Wyleth Voltron B3's End step
Phase: Ai(1)-Wyleth Voltron B3's Cleanup step
Discard: Ai(1)-Wyleth Voltron B3 discards Plains (66).
Discard: Ai(1)-Wyleth Voltron B3 discards Mountain (79).
Discard: Ai(1)-Wyleth Voltron B3 discards Plains (54).
Discard: Ai(1)-Wyleth Voltron B3 discards Mountain (90).
Discard: Ai(1)-Wyleth Voltron B3 discards Plains (50).
Turn: Turn 39 (Ai(3)-Torbran Burn B3)
Phase: Ai(3)-Torbran Burn B3's Untap step
Phase: Ai(3)-Torbran Burn B3's Upkeep step
Phase: Ai(3)-Torbran Burn B3's Draw step
Phase: Ai(3)-Torbran Burn B3's Main phase, precombat
Land: Ai(3)-Torbran Burn B3 played Mountain (277)
Phase: Ai(3)-Torbran Burn B3's Beginning of Combat Step
Phase: Ai(3)-Torbran Burn B3's Declare Attackers Step
Phase: Ai(3)-Torbran Burn B3's Declare Blockers Step
Phase: Ai(3)-Torbran Burn B3's First Strike Damage Step
Phase: Ai(3)-Torbran Burn B3's Combat Damage Step
Phase: Ai(3)-Torbran Burn B3's End of Combat Step
Phase: Ai(3)-Torbran Burn B3's Main phase, postcombat
Mana: Mountain (273) - {T}: Add {R}.
Mana: Mountain (288) - {T}: Add {R}.
Mana: Mountain (256) - {T}: Add {R}.
Mana: Mountain (265) - {T}: Add {R}.
Mana: Mountain (259) - {T}: Add {R}.
Add To Stack: Ai(3)-Torbran Burn B3 cast Pyromancer's Goggles
Resolve Stack: Pyromancer's Goggles
Mana: Mountain (268) - {T}: Add {R}.
Mana: Mountain (277) - {T}: Add {R}.
Mana: Pyromancer's Goggles (248) - {T}: Add {R}. When that mana is spent to cast a red instant or sorcery spell, copy that spell and you may choose new targets for the copy.
Mana: War Room (233) - {T}: Add {C}.
Add To Stack: Ai(3)-Torbran Burn B3 cast Solphim, Mayhem Dominus
Resolve Stack: Solphim, Mayhem Dominus - Creature 5 / 4
Phase: Ai(3)-Torbran Burn B3's End step
Phase: Ai(3)-Torbran Burn B3's Cleanup step
Turn: Turn 40 (Ai(1)-Wyleth Voltron B3)
Phase: Ai(1)-Wyleth Voltron B3's Untap step
Phase: Ai(1)-Wyleth Voltron B3's Upkeep step
Phase: Ai(1)-Wyleth Voltron B3's Draw step
Phase: Ai(1)-Wyleth Voltron B3's Main phase, precombat
Land: Ai(1)-Wyleth Voltron B3 played Rogue's Passage (20)
Mana: Mountain (84) - {T}: Add {R}.
Mana: Mountain (86) - {T}: Add {R}.
Mana: Mountain (77) - {T}: Add {R}.
Mana: Plains (51) - {T}: Add {W}.
Add To Stack: Ai(1)-Wyleth Voltron B3 activated Rogue's Passage targeting [Wyleth, Soul of Steel (100)]
Resolve Stack: Rogue's Passage (20) - Wyleth, Soul of Steel (100) can't be blocked this turn.
Phase: Ai(1)-Wyleth Voltron B3's Beginning of Combat Step
Phase: Ai(1)-Wyleth Voltron B3's Declare Attackers Step
Combat: Ai(1)-Wyleth Voltron B3 assigned Wyleth, Soul of Steel (100) and Sram, Senior Edificer (68) to attack Ai(3)-Torbran Burn B3.
Add To Stack: Ai(1)-Wyleth Voltron B3 triggered Wyleth, Soul of Steel
Resolve Stack: Whenever Wyleth, Soul of Steel attacks, draw a card for each Aura and Equipment attached to it. [Attacker: Wyleth, Soul of Steel (100)]
Mana: Wind-Scarred Crag (30) - {T}: Add {R} or {W}.
Mana: Plains (52) - {T}: Add {W}.
Add To Stack: Ai(1)-Wyleth Voltron B3 cast Abrade
Zone Change: Pyromancer's Goggles (248) was put into Graveyard from Battlefield.
Resolve Stack: Abrade (46) -  Destroy target artifact. (Targeting: Pyromancer's Goggles (248))
Phase: Ai(1)-Wyleth Voltron B3's Declare Blockers Step
Combat: Ai(3)-Torbran Burn B3 didn't block Wyleth, Soul of Steel (100).
Ai(3)-Torbran Burn B3 assigned Torbran, Thane of Red Fell (302) to block Sram, Senior Edificer (68).
Mana: Command Tower (13) - {T}: Add one mana of any color in your commander's color identity.
Mana: Plains (60) - {T}: Add {W}.
Add To Stack: Ai(1)-Wyleth Voltron B3 activated Slayers' Stronghold targeting [Wyleth, Soul of Steel (100)]
Resolve Stack: Slayers' Stronghold (70) - Wyleth, Soul of Steel (100) gets +2/+0 and gains vigilance and haste until end of turn.
Mana: Sacred Foundry (25) - {T}: Add {W}.
Add To Stack: Ai(1)-Wyleth Voltron B3 cast Path to Exile targeting [Torbran, Thane of Red Fell (302)]
Zone Change: Torbran, Thane of Red Fell (302) was put into Exile from Battlefield.
Resolve Stack: Path to Exile (8) - Exile Torbran, Thane of Red Fell (302). Ai(3)-Torbran Burn B3 may search their library for a basic land card, put that card onto the battlefield tapped, then shuffle their library. 
Phase: Ai(1)-Wyleth Voltron B3's First Strike Damage Step
Phase: Ai(1)-Wyleth Voltron B3's Combat Damage Step
Damage: Wyleth, Soul of Steel (100) deals 20 combat damage to Ai(3)-Torbran Burn B3.
Life: Life: Ai(1)-Wyleth Voltron B3 24 > 44
Life: Life: Ai(3)-Torbran Burn B3 10 > -10
Player Control: Ai(1)-Wyleth Voltron B3 has restored control over themself
Player Control: Ai(2)-Kilo Helm B3 has restored control over themself
Player Control: Ai(3)-Torbran Burn B3 has restored control over themself
Player Control: Ai(4)-Wilhelt Zombies B3 has restored control over themself
Game Outcome: Turn 20
Game Outcome: Ai(1)-Wyleth Voltron B3 has won because all opponents have lost
Game Outcome: Ai(2)-Kilo Helm B3 has lost because life total reached 0
Game Outcome: Ai(3)-Torbran Burn B3 has lost because life total reached 0
Game Outcome: Ai(4)-Wilhelt Zombies B3 has lost because life total reached 0
Match Result: Ai(1)-Wyleth Voltron B3: 1 Ai(2)-Kilo Helm B3: 0 Ai(3)-Torbran Burn B3: 1 Ai(4)-Wilhelt Zombies B3: 1 

Game Result: Game 3 ended in 23894 ms. Ai(1)-Wyleth Voltron B3 has won!

Warning: default (ie. inherited from base class) implementation of confirmAction is used by Wilhelt, the Rotcleaver for forge.ai.ability.PermanentCreatureAi. Consider declaring an overloaded method
Warning: default (ie. inherited from base class) implementation of confirmAction is used by Wilhelt, the Rotcleaver for forge.ai.ability.PermanentCreatureAi. Consider declaring an overloaded method
Mountain Did not have activator set in SpellAbilityRestriction.canPlay()
Mountain Did not have activator set in SpellAbilityRestriction.canPlay()
Mountain Did not have activator set in SpellAbilityRestriction.canPlay()
Mountain Did not have activator set in SpellAbilityRestriction.canPlay()
Mountain Did not have activator set in SpellAbilityRestriction.canPlay()
Mountain Did not have activator set in SpellAbilityRestriction.canPlay()
Mulligan: Ai(4)-Wilhelt Zombies B3 has mulliganed down to 7 cards.
Mulligan: Ai(2)-Kilo Helm B3 has kept a hand of 7 cards
Mulligan: Ai(3)-Torbran Burn B3 has kept a hand of 7 cards
Mulligan: Ai(4)-Wilhelt Zombies B3 has kept a hand of 7 cards
Mulligan: Ai(1)-Wyleth Voltron B3 has kept a hand of 7 cards
Turn: Turn 1 (Ai(2)-Kilo Helm B3)
Phase: Ai(2)-Kilo Helm B3's Untap step
Phase: Ai(2)-Kilo Helm B3's Upkeep step
Phase: Ai(2)-Kilo Helm B3's Draw step
Phase: Ai(2)-Kilo Helm B3's Main phase, precombat
Replacement Effect: This land enters tapped.
Land: Ai(2)-Kilo Helm B3 played Adagia, Windswept Bastion (160)
Phase: Ai(2)-Kilo Helm B3's Beginning of Combat Step
Phase: Ai(2)-Kilo Helm B3's Declare Attackers Step
Phase: Ai(2)-Kilo Helm B3's Declare Blockers Step
Phase: Ai(2)-Kilo Helm B3's First Strike Damage Step
Phase: Ai(2)-Kilo Helm B3's Combat Damage Step
Phase: Ai(2)-Kilo Helm B3's End of Combat Step
Phase: Ai(2)-Kilo Helm B3's Main phase, postcombat
Phase: Ai(2)-Kilo Helm B3's End step
Phase: Ai(2)-Kilo Helm B3's Cleanup step
Turn: Turn 2 (Ai(3)-Torbran Burn B3)
Phase: Ai(3)-Torbran Burn B3's Untap step
Phase: Ai(3)-Torbran Burn B3's Upkeep step
Phase: Ai(3)-Torbran Burn B3's Draw step
Phase: Ai(3)-Torbran Burn B3's Main phase, precombat
Land: Ai(3)-Torbran Burn B3 played Mount Doom (246)
Phase: Ai(3)-Torbran Burn B3's Beginning of Combat Step
Phase: Ai(3)-Torbran Burn B3's Declare Attackers Step
Phase: Ai(3)-Torbran Burn B3's Declare Blockers Step
Phase: Ai(3)-Torbran Burn B3's First Strike Damage Step
Phase: Ai(3)-Torbran Burn B3's Combat Damage Step
Phase: Ai(3)-Torbran Burn B3's End of Combat Step
Phase: Ai(3)-Torbran Burn B3's Main phase, postcombat
Phase: Ai(3)-Torbran Burn B3's End step
Phase: Ai(3)-Torbran Burn B3's Cleanup step
Turn: Turn 3 (Ai(4)-Wilhelt Zombies B3)
Phase: Ai(4)-Wilhelt Zombies B3's Untap step
Phase: Ai(4)-Wilhelt Zombies B3's Upkeep step
Phase: Ai(4)-Wilhelt Zombies B3's Draw step
Phase: Ai(4)-Wilhelt Zombies B3's Main phase, precombat
Land: Ai(4)-Wilhelt Zombies B3 played Swamp (380)
Phase: Ai(4)-Wilhelt Zombies B3's Beginning of Combat Step
Phase: Ai(4)-Wilhelt Zombies B3's Declare Attackers Step
Phase: Ai(4)-Wilhelt Zombies B3's Declare Blockers Step
Phase: Ai(4)-Wilhelt Zombies B3's First Strike Damage Step
Phase: Ai(4)-Wilhelt Zombies B3's Combat Damage Step
Phase: Ai(4)-Wilhelt Zombies B3's End of Combat Step
Phase: Ai(4)-Wilhelt Zombies B3's Main phase, postcombat
Phase: Ai(4)-Wilhelt Zombies B3's End step
Phase: Ai(4)-Wilhelt Zombies B3's Cleanup step
Turn: Turn 4 (Ai(1)-Wyleth Voltron B3)
Phase: Ai(1)-Wyleth Voltron B3's Untap step
Phase: Ai(1)-Wyleth Voltron B3's Upkeep step
Phase: Ai(1)-Wyleth Voltron B3's Draw step
Phase: Ai(1)-Wyleth Voltron B3's Main phase, precombat
Land: Ai(1)-Wyleth Voltron B3 played Mountain (77)
Phase: Ai(1)-Wyleth Voltron B3's Beginning of Combat Step
Phase: Ai(1)-Wyleth Voltron B3's Declare Attackers Step
Phase: Ai(1)-Wyleth Voltron B3's Declare Blockers Step
Phase: Ai(1)-Wyleth Voltron B3's First Strike Damage Step
Phase: Ai(1)-Wyleth Voltron B3's Combat Damage Step
Phase: Ai(1)-Wyleth Voltron B3's End of Combat Step
Phase: Ai(1)-Wyleth Voltron B3's Main phase, postcombat
Phase: Ai(1)-Wyleth Voltron B3's End step
Phase: Ai(1)-Wyleth Voltron B3's Cleanup step
Turn: Turn 5 (Ai(2)-Kilo Helm B3)
Phase: Ai(2)-Kilo Helm B3's Untap step
Phase: Ai(2)-Kilo Helm B3's Upkeep step
Phase: Ai(2)-Kilo Helm B3's Draw step
Phase: Ai(2)-Kilo Helm B3's Main phase, precombat
Land: Ai(2)-Kilo Helm B3 played Great Furnace (197)
Phase: Ai(2)-Kilo Helm B3's Beginning of Combat Step
Phase: Ai(2)-Kilo Helm B3's Declare Attackers Step
Phase: Ai(2)-Kilo Helm B3's Declare Blockers Step
Phase: Ai(2)-Kilo Helm B3's First Strike Damage Step
Phase: Ai(2)-Kilo Helm B3's Combat Damage Step
Phase: Ai(2)-Kilo Helm B3's End of Combat Step
Phase: Ai(2)-Kilo Helm B3's Main phase, postcombat
Mana: Great Furnace (197) - {T}: Add {R}.
Mana: Adagia, Windswept Bastion (160) - {T}: Add {W}.
Discard: Ai(2)-Kilo Helm B3 discards Angel of the Ruins (108).
Add To Stack: Ai(2)-Kilo Helm B3 activated Angel of the Ruins
Resolve Stack: Angel of the Ruins (108) - Ai(2)-Kilo Helm B3 searches their library for a Plains card, reveals it, puts it into their hand, then shuffles.
Phase: Ai(2)-Kilo Helm B3's End step
Phase: Ai(2)-Kilo Helm B3's Cleanup step
Turn: Turn 6 (Ai(3)-Torbran Burn B3)
Phase: Ai(3)-Torbran Burn B3's Untap step
Phase: Ai(3)-Torbran Burn B3's Upkeep step
Phase: Ai(3)-Torbran Burn B3's Draw step
Phase: Ai(3)-Torbran Burn B3's Main phase, precombat
Land: Ai(3)-Torbran Burn B3 played Mikokoro, Center of the Sea (249)
Phase: Ai(3)-Torbran Burn B3's Beginning of Combat Step
Phase: Ai(3)-Torbran Burn B3's Declare Attackers Step
Phase: Ai(3)-Torbran Burn B3's Declare Blockers Step
Phase: Ai(3)-Torbran Burn B3's First Strike Damage Step
Phase: Ai(3)-Torbran Burn B3's Combat Damage Step
Phase: Ai(3)-Torbran Burn B3's End of Combat Step
Phase: Ai(3)-Torbran Burn B3's Main phase, postcombat
Mana: Mikokoro, Center of the Sea (249) - {T}: Add {C}.
Life: Life: Ai(3)-Torbran Burn B3 40 > 39
Mana: Mount Doom (246) - {T}, Pay 1 life: Add {B} or {R}.
Add To Stack: Ai(3)-Torbran Burn B3 cast Arcane Signet
Resolve Stack: Arcane Signet
Phase: Ai(3)-Torbran Burn B3's End step
Phase: Ai(3)-Torbran Burn B3's Cleanup step
Turn: Turn 7 (Ai(4)-Wilhelt Zombies B3)
Phase: Ai(4)-Wilhelt Zombies B3's Untap step
Phase: Ai(4)-Wilhelt Zombies B3's Upkeep step
Phase: Ai(4)-Wilhelt Zombies B3's Draw step
Phase: Ai(4)-Wilhelt Zombies B3's Main phase, precombat
Land: Ai(4)-Wilhelt Zombies B3 played Island (343)
Phase: Ai(4)-Wilhelt Zombies B3's Beginning of Combat Step
Phase: Ai(4)-Wilhelt Zombies B3's Declare Attackers Step
Phase: Ai(4)-Wilhelt Zombies B3's Declare Blockers Step
Phase: Ai(4)-Wilhelt Zombies B3's First Strike Damage Step
Phase: Ai(4)-Wilhelt Zombies B3's Combat Damage Step
Phase: Ai(4)-Wilhelt Zombies B3's End of Combat Step
Phase: Ai(4)-Wilhelt Zombies B3's Main phase, postcombat
Mana: Island (343) - {T}: Add {U}.
Mana: Swamp (380) - {T}: Add {B}.
Add To Stack: Ai(4)-Wilhelt Zombies B3 cast Sky Diamond
Replacement Effect: Sky Diamond enters tapped.
Resolve Stack: Sky Diamond
Phase: Ai(4)-Wilhelt Zombies B3's End step
Phase: Ai(4)-Wilhelt Zombies B3's Cleanup step
Turn: Turn 8 (Ai(1)-Wyleth Voltron B3)
Phase: Ai(1)-Wyleth Voltron B3's Untap step
Phase: Ai(1)-Wyleth Voltron B3's Upkeep step
Phase: Ai(1)-Wyleth Voltron B3's Draw step
Phase: Ai(1)-Wyleth Voltron B3's Main phase, precombat
Land: Ai(1)-Wyleth Voltron B3 played Plains (63)
Phase: Ai(1)-Wyleth Voltron B3's Beginning of Combat Step
Phase: Ai(1)-Wyleth Voltron B3's Declare Attackers Step
Phase: Ai(1)-Wyleth Voltron B3's Declare Blockers Step
Phase: Ai(1)-Wyleth Voltron B3's First Strike Damage Step
Phase: Ai(1)-Wyleth Voltron B3's Combat Damage Step
Phase: Ai(1)-Wyleth Voltron B3's End of Combat Step
Phase: Ai(1)-Wyleth Voltron B3's Main phase, postcombat
Mana: Plains (63) - {T}: Add {W}.
Add To Stack: Ai(1)-Wyleth Voltron B3 cast Kor Duelist
Resolve Stack: Kor Duelist - Creature 1 / 1
Phase: Ai(1)-Wyleth Voltron B3's End step
Phase: Ai(1)-Wyleth Voltron B3's Cleanup step
Turn: Turn 9 (Ai(2)-Kilo Helm B3)
Phase: Ai(2)-Kilo Helm B3's Untap step
Phase: Ai(2)-Kilo Helm B3's Upkeep step
Phase: Ai(2)-Kilo Helm B3's Draw step
Phase: Ai(2)-Kilo Helm B3's Main phase, precombat
Replacement Effect: This land enters tapped.
Land: Ai(2)-Kilo Helm B3 played Glittering Massif (147)
Phase: Ai(2)-Kilo Helm B3's Beginning of Combat Step
Phase: Ai(2)-Kilo Helm B3's Declare Attackers Step
Phase: Ai(2)-Kilo Helm B3's Declare Blockers Step
Phase: Ai(2)-Kilo Helm B3's First Strike Damage Step
Phase: Ai(2)-Kilo Helm B3's Combat Damage Step
Phase: Ai(2)-Kilo Helm B3's End of Combat Step
Phase: Ai(2)-Kilo Helm B3's Main phase, postcombat
Phase: Ai(2)-Kilo Helm B3's End step
Phase: Ai(2)-Kilo Helm B3's Cleanup step
Turn: Turn 10 (Ai(3)-Torbran Burn B3)
Phase: Ai(3)-Torbran Burn B3's Untap step
Phase: Ai(3)-Torbran Burn B3's Upkeep step
Phase: Ai(3)-Torbran Burn B3's Draw step
Phase: Ai(3)-Torbran Burn B3's Main phase, precombat
Land: Ai(3)-Torbran Burn B3 played Mountain (250)
Phase: Ai(3)-Torbran Burn B3's Beginning of Combat Step
Phase: Ai(3)-Torbran Burn B3's Declare Attackers Step
Phase: Ai(3)-Torbran Burn B3's Declare Blockers Step
Phase: Ai(3)-Torbran Burn B3's First Strike Damage Step
Phase: Ai(3)-Torbran Burn B3's Combat Damage Step
Phase: Ai(3)-Torbran Burn B3's End of Combat Step
Phase: Ai(3)-Torbran Burn B3's Main phase, postcombat
Mana: Arcane Signet (300) - {T}: Add one mana of any color in your commander's color identity.
Mana: Mountain (250) - {T}: Add {R}.
Life: Life: Ai(3)-Torbran Burn B3 39 > 38
Mana: Mount Doom (246) - {T}, Pay 1 life: Add {B} or {R}.
Mana: Mikokoro, Center of the Sea (249) - {T}: Add {C}.
Add To Stack: Ai(3)-Torbran Burn B3 cast Torbran, Thane of Red Fell
Resolve Stack: Torbran, Thane of Red Fell - Creature 2 / 4
Phase: Ai(3)-Torbran Burn B3's End step
Phase: Ai(3)-Torbran Burn B3's Cleanup step
Turn: Turn 11 (Ai(4)-Wilhelt Zombies B3)
Phase: Ai(4)-Wilhelt Zombies B3's Untap step
Phase: Ai(4)-Wilhelt Zombies B3's Upkeep step
Phase: Ai(4)-Wilhelt Zombies B3's Draw step
Phase: Ai(4)-Wilhelt Zombies B3's Main phase, precombat
Land: Ai(4)-Wilhelt Zombies B3 played Swamp (384)
Phase: Ai(4)-Wilhelt Zombies B3's Beginning of Combat Step
Phase: Ai(4)-Wilhelt Zombies B3's Declare Attackers Step
Phase: Ai(4)-Wilhelt Zombies B3's Declare Blockers Step
Phase: Ai(4)-Wilhelt Zombies B3's First Strike Damage Step
Phase: Ai(4)-Wilhelt Zombies B3's Combat Damage Step
Phase: Ai(4)-Wilhelt Zombies B3's End of Combat Step
Phase: Ai(4)-Wilhelt Zombies B3's Main phase, postcombat
Mana: Island (343) - {T}: Add {U}.
Mana: Swamp (380) - {T}: Add {B}.
Mana: Sky Diamond (395) - {T}: Add {U}.
Mana: Swamp (384) - {T}: Add {B}.
Add To Stack: Ai(4)-Wilhelt Zombies B3 cast Wilhelt, the Rotcleaver
Resolve Stack: Wilhelt, the Rotcleaver - Creature 3 / 3
Phase: Ai(4)-Wilhelt Zombies B3's End step
Add To Stack: Ai(4)-Wilhelt Zombies B3 triggered Wilhelt, the Rotcleaver
Resolve Stack: At the beginning of your end step, you may sacrifice a Zombie. If you do, draw a card. [Phase: Ai(4)-Wilhelt Zombies B3]
Phase: Ai(4)-Wilhelt Zombies B3's Cleanup step
Turn: Turn 12 (Ai(1)-Wyleth Voltron B3)
Phase: Ai(1)-Wyleth Voltron B3's Untap step
Phase: Ai(1)-Wyleth Voltron B3's Upkeep step
Phase: Ai(1)-Wyleth Voltron B3's Draw step
Phase: Ai(1)-Wyleth Voltron B3's Main phase, precombat
Land: Ai(1)-Wyleth Voltron B3 played Mountain (83)
Mana: Plains (63) - {T}: Add {W}.
Mana: Mountain (77) - {T}: Add {R}.
Mana: Mountain (83) - {T}: Add {R}.
Add To Stack: Ai(1)-Wyleth Voltron B3 cast Loxodon Warhammer
Resolve Stack: Loxodon Warhammer
Phase: Ai(1)-Wyleth Voltron B3's Beginning of Combat Step
Phase: Ai(1)-Wyleth Voltron B3's Declare Attackers Step
Phase: Ai(1)-Wyleth Voltron B3's Declare Blockers Step
Phase: Ai(1)-Wyleth Voltron B3's First Strike Damage Step
Phase: Ai(1)-Wyleth Voltron B3's Combat Damage Step
Phase: Ai(1)-Wyleth Voltron B3's End of Combat Step
Phase: Ai(1)-Wyleth Voltron B3's Main phase, postcombat
Phase: Ai(1)-Wyleth Voltron B3's End step
Phase: Ai(1)-Wyleth Voltron B3's Cleanup step
Turn: Turn 13 (Ai(2)-Kilo Helm B3)
Phase: Ai(2)-Kilo Helm B3's Untap step
Phase: Ai(2)-Kilo Helm B3's Upkeep step
Phase: Ai(2)-Kilo Helm B3's Draw step
Phase: Ai(2)-Kilo Helm B3's Main phase, precombat
Phase: Ai(2)-Kilo Helm B3's Beginning of Combat Step
Phase: Ai(2)-Kilo Helm B3's Declare Attackers Step
Phase: Ai(2)-Kilo Helm B3's Declare Blockers Step
Phase: Ai(2)-Kilo Helm B3's First Strike Damage Step
Phase: Ai(2)-Kilo Helm B3's Combat Damage Step
Phase: Ai(2)-Kilo Helm B3's End of Combat Step
Phase: Ai(2)-Kilo Helm B3's Main phase, postcombat
Mana: Great Furnace (197) - {T}: Add {R}.
Mana: Glittering Massif (147) - {T}: Add {R}.
Add To Stack: Ai(2)-Kilo Helm B3 cast Coretapper
Resolve Stack: Coretapper - Creature 1 / 1
Add To Stack: Ai(2)-Kilo Helm B3 activated Adagia, Windswept Bastion
Resolve Stack: Adagia, Windswept Bastion (160) - Ai(2)-Kilo Helm B3 puts a charge counter on Adagia, Windswept Bastion (160).
Phase: Ai(2)-Kilo Helm B3's End step
Phase: Ai(2)-Kilo Helm B3's Cleanup step
Turn: Turn 14 (Ai(3)-Torbran Burn B3)
Phase: Ai(3)-Torbran Burn B3's Untap step
Phase: Ai(3)-Torbran Burn B3's Upkeep step
Phase: Ai(3)-Torbran Burn B3's Draw step
Phase: Ai(3)-Torbran Burn B3's Main phase, precombat
Land: Ai(3)-Torbran Burn B3 played Mountain (281)
Mana: Arcane Signet (300) - {T}: Add one mana of any color in your commander's color identity.
Mana: Mountain (250) - {T}: Add {R}.
Mana: Mountain (281) - {T}: Add {R}.
Mana: Mikokoro, Center of the Sea (249) - {T}: Add {C}.
Life: Life: Ai(3)-Torbran Burn B3 38 > 37
Mana: Mount Doom (246) - {T}, Pay 1 life: Add {B} or {R}.
Add To Stack: Ai(3)-Torbran Burn B3 cast Comet Storm targeting [Wilhelt, the Rotcleaver (402)]
Replacement Effect: If a red source you control would deal damage to an opponent or a permanent an opponent controls, it deals that much damage plus 2 instead.
Damage: Comet Storm (237) deals 5 damage to Wilhelt, the Rotcleaver (402).
Resolve Stack: Comet Storm (237) - Comet Storm (237) deals 3 damage to Wilhelt, the Rotcleaver (402). (X=3)
Zone Change: Wilhelt, the Rotcleaver (402) was put into Graveyard from Battlefield.
Phase: Ai(3)-Torbran Burn B3's Beginning of Combat Step
Phase: Ai(3)-Torbran Burn B3's Declare Attackers Step
Combat: Ai(3)-Torbran Burn B3 assigned Torbran, Thane of Red Fell (302) to attack Ai(1)-Wyleth Voltron B3.
Phase: Ai(3)-Torbran Burn B3's Declare Blockers Step
Combat: Ai(1)-Wyleth Voltron B3 didn't block Torbran, Thane of Red Fell (302).
Phase: Ai(3)-Torbran Burn B3's First Strike Damage Step
Phase: Ai(3)-Torbran Burn B3's Combat Damage Step
Replacement Effect: If a red source you control would deal damage to an opponent or a permanent an opponent controls, it deals that much damage plus 2 instead.
Damage: Torbran, Thane of Red Fell (302) deals 4 combat damage to Ai(1)-Wyleth Voltron B3.
Life: Life: Ai(1)-Wyleth Voltron B3 40 > 36
Phase: Ai(3)-Torbran Burn B3's End of Combat Step
Phase: Ai(3)-Torbran Burn B3's Main phase, postcombat
Phase: Ai(3)-Torbran Burn B3's End step
Phase: Ai(3)-Torbran Burn B3's Cleanup step
Turn: Turn 15 (Ai(4)-Wilhelt Zombies B3)
Phase: Ai(4)-Wilhelt Zombies B3's Untap step
Phase: Ai(4)-Wilhelt Zombies B3's Upkeep step
Phase: Ai(4)-Wilhelt Zombies B3's Draw step
Phase: Ai(4)-Wilhelt Zombies B3's Main phase, precombat
Land: Ai(4)-Wilhelt Zombies B3 played Island (354)
Phase: Ai(4)-Wilhelt Zombies B3's Beginning of Combat Step
Phase: Ai(4)-Wilhelt Zombies B3's Declare Attackers Step
Phase: Ai(4)-Wilhelt Zombies B3's Declare Blockers Step
Phase: Ai(4)-Wilhelt Zombies B3's First Strike Damage Step
Phase: Ai(4)-Wilhelt Zombies B3's Combat Damage Step
Phase: Ai(4)-Wilhelt Zombies B3's End of Combat Step
Phase: Ai(4)-Wilhelt Zombies B3's Main phase, postcombat
Mana: Swamp (380) - {T}: Add {B}.
Mana: Island (343) - {T}: Add {U}.
Mana: Sky Diamond (395) - {T}: Add {U}.
Add To Stack: Ai(4)-Wilhelt Zombies B3 cast Gleaming Overseer
Resolve Stack: Gleaming Overseer - Creature 1 / 4
Add To Stack: Ai(4)-Wilhelt Zombies B3 triggered Gleaming Overseer
Resolve Stack: When Gleaming Overseer enters, amass Zombies 1. (Put a +1/+1 counter on an Army you control. If you don't control one, create a 0/0 black Zombie Army creature token first.) [Zone Changer: Gleaming Overseer (332)]
Phase: Ai(4)-Wilhelt Zombies B3's End step
Phase: Ai(4)-Wilhelt Zombies B3's Cleanup step
Turn: Turn 16 (Ai(1)-Wyleth Voltron B3)
Phase: Ai(1)-Wyleth Voltron B3's Untap step
Phase: Ai(1)-Wyleth Voltron B3's Upkeep step
Phase: Ai(1)-Wyleth Voltron B3's Draw step
Phase: Ai(1)-Wyleth Voltron B3's Main phase, precombat
Mana: Plains (63) - {T}: Add {W}.
Mana: Mountain (77) - {T}: Add {R}.
Mana: Mountain (83) - {T}: Add {R}.
Add To Stack: Ai(1)-Wyleth Voltron B3 activated Loxodon Warhammer targeting [Kor Duelist (67)]
Resolve Stack: Loxodon Warhammer (98) -  Attach to Kor Duelist (67)
Land: Ai(1)-Wyleth Voltron B3 played Plains (65)
Phase: Ai(1)-Wyleth Voltron B3's Beginning of Combat Step
Phase: Ai(1)-Wyleth Voltron B3's Declare Attackers Step
Combat: Ai(1)-Wyleth Voltron B3 assigned Kor Duelist (67) to attack Ai(4)-Wilhelt Zombies B3.
Phase: Ai(1)-Wyleth Voltron B3's Declare Blockers Step
Combat: Ai(4)-Wilhelt Zombies B3 didn't block Kor Duelist (67).
Phase: Ai(1)-Wyleth Voltron B3's First Strike Damage Step
Damage: Kor Duelist (67) deals 4 combat damage to Ai(4)-Wilhelt Zombies B3.
Life: Life: Ai(1)-Wyleth Voltron B3 36 > 40
Life: Life: Ai(4)-Wilhelt Zombies B3 40 > 36
Phase: Ai(1)-Wyleth Voltron B3's Combat Damage Step
Damage: Kor Duelist (67) deals 4 combat damage to Ai(4)-Wilhelt Zombies B3.
Life: Life: Ai(1)-Wyleth Voltron B3 40 > 44
Life: Life: Ai(4)-Wilhelt Zombies B3 36 > 32
Phase: Ai(1)-Wyleth Voltron B3's End of Combat Step
Phase: Ai(1)-Wyleth Voltron B3's Main phase, postcombat
Phase: Ai(1)-Wyleth Voltron B3's End step
Phase: Ai(1)-Wyleth Voltron B3's Cleanup step
Turn: Turn 17 (Ai(2)-Kilo Helm B3)
Phase: Ai(2)-Kilo Helm B3's Untap step
Phase: Ai(2)-Kilo Helm B3's Upkeep step
Phase: Ai(2)-Kilo Helm B3's Draw step
Phase: Ai(2)-Kilo Helm B3's Main phase, precombat
Phase: Ai(2)-Kilo Helm B3's Beginning of Combat Step
Phase: Ai(2)-Kilo Helm B3's Declare Attackers Step
Combat: Ai(2)-Kilo Helm B3 assigned Coretapper (132) to attack Ai(1)-Wyleth Voltron B3.
Phase: Ai(2)-Kilo Helm B3's Declare Blockers Step
Combat: Ai(1)-Wyleth Voltron B3 didn't block Coretapper (132).
Phase: Ai(2)-Kilo Helm B3's First Strike Damage Step
Phase: Ai(2)-Kilo Helm B3's Combat Damage Step
Damage: Coretapper (132) deals 1 combat damage to Ai(1)-Wyleth Voltron B3.
Life: Life: Ai(1)-Wyleth Voltron B3 44 > 43
Phase: Ai(2)-Kilo Helm B3's End of Combat Step
Phase: Ai(2)-Kilo Helm B3's Main phase, postcombat
Phase: Ai(2)-Kilo Helm B3's End step
Phase: Ai(2)-Kilo Helm B3's Cleanup step
Discard: Ai(2)-Kilo Helm B3 discards Thought Monitor (196).
Turn: Turn 18 (Ai(3)-Torbran Burn B3)
Phase: Ai(3)-Torbran Burn B3's Untap step
Phase: Ai(3)-Torbran Burn B3's Upkeep step
Phase: Ai(3)-Torbran Burn B3's Draw step
Mana: Arcane Signet (300) - {T}: Add one mana of any color in your commander's color identity.
Mana: Mountain (250) - {T}: Add {R}.
Add To Stack: Ai(3)-Torbran Burn B3 cast Abrade
Zone Change: Loxodon Warhammer (98) was put into Graveyard from Battlefield.
Resolve Stack: Abrade (238) -  Destroy target artifact. (Targeting: Loxodon Warhammer (98))
Phase: Ai(3)-Torbran Burn B3's Main phase, precombat
Phase: Ai(3)-Torbran Burn B3's Beginning of Combat Step
Phase: Ai(3)-Torbran Burn B3's Declare Attackers Step
Phase: Ai(3)-Torbran Burn B3's Declare Blockers Step
Phase: Ai(3)-Torbran Burn B3's First Strike Damage Step
Phase: Ai(3)-Torbran Burn B3's Combat Damage Step
Phase: Ai(3)-Torbran Burn B3's End of Combat Step
Phase: Ai(3)-Torbran Burn B3's Main phase, postcombat
Mana: Mountain (281) - {T}: Add {R}.
Mana: Mikokoro, Center of the Sea (249) - {T}: Add {C}.
Life: Life: Ai(3)-Torbran Burn B3 37 > 36
Mana: Mount Doom (246) - {T}, Pay 1 life: Add {B} or {R}.
Add To Stack: Ai(3)-Torbran Burn B3 cast Spellgorger Weird
Resolve Stack: Spellgorger Weird - Creature 2 / 2
Phase: Ai(3)-Torbran Burn B3's End step
Phase: Ai(3)-Torbran Burn B3's Cleanup step
Turn: Turn 19 (Ai(4)-Wilhelt Zombies B3)
Phase: Ai(4)-Wilhelt Zombies B3's Untap step
Phase: Ai(4)-Wilhelt Zombies B3's Upkeep step
Phase: Ai(4)-Wilhelt Zombies B3's Draw step
Phase: Ai(4)-Wilhelt Zombies B3's Main phase, precombat
Mana: Swamp (380) - {T}: Add {B}.
Mana: Swamp (384) - {T}: Add {B}.
Mana: Island (343) - {T}: Add {U}.
Add To Stack: Ai(4)-Wilhelt Zombies B3 cast Death Baron
Resolve Stack: Death Baron - Creature 2 / 2
Phase: Ai(4)-Wilhelt Zombies B3's Beginning of Combat Step
Phase: Ai(4)-Wilhelt Zombies B3's Declare Attackers Step
Combat: Ai(4)-Wilhelt Zombies B3 assigned Gleaming Overseer (332) and Zombie Army Token (416) to attack Ai(3)-Torbran Burn B3.
Phase: Ai(4)-Wilhelt Zombies B3's Declare Blockers Step
Combat: Ai(3)-Torbran Burn B3 didn't block Gleaming Overseer (332).
Ai(3)-Torbran Burn B3 didn't block Zombie Army Token (416).
Phase: Ai(4)-Wilhelt Zombies B3's First Strike Damage Step
Phase: Ai(4)-Wilhelt Zombies B3's Combat Damage Step
Damage: Gleaming Overseer (332) deals 2 combat damage to Ai(3)-Torbran Burn B3.
Damage: Zombie Army Token (416) deals 2 combat damage to Ai(3)-Torbran Burn B3.
Life: Life: Ai(3)-Torbran Burn B3 36 > 32
Phase: Ai(4)-Wilhelt Zombies B3's End of Combat Step
Phase: Ai(4)-Wilhelt Zombies B3's Main phase, postcombat
Land: Ai(4)-Wilhelt Zombies B3 played Swamp (373)
Phase: Ai(4)-Wilhelt Zombies B3's End step
Phase: Ai(4)-Wilhelt Zombies B3's Cleanup step
Turn: Turn 20 (Ai(1)-Wyleth Voltron B3)
Phase: Ai(1)-Wyleth Voltron B3's Untap step
Phase: Ai(1)-Wyleth Voltron B3's Upkeep step
Phase: Ai(1)-Wyleth Voltron B3's Draw step
Phase: Ai(1)-Wyleth Voltron B3's Main phase, precombat
Mana: Plains (63) - {T}: Add {W}.
Mana: Plains (65) - {T}: Add {W}.
Mana: Mountain (77) - {T}: Add {R}.
Add To Stack: Ai(1)-Wyleth Voltron B3 cast Champion's Helm
Resolve Stack: Champion's Helm
Mana: Mountain (83) - {T}: Add {R}.
Add To Stack: Ai(1)-Wyleth Voltron B3 activated Champion's Helm targeting [Kor Duelist (67)]
Resolve Stack: Champion's Helm (75) -  Attach to Kor Duelist (67)
Phase: Ai(1)-Wyleth Voltron B3's Beginning of Combat Step
Phase: Ai(1)-Wyleth Voltron B3's Declare Attackers Step
Combat: Ai(1)-Wyleth Voltron B3 assigned Kor Duelist (67) to attack Ai(4)-Wilhelt Zombies B3.
Phase: Ai(1)-Wyleth Voltron B3's Declare Blockers Step
Combat: Ai(4)-Wilhelt Zombies B3 didn't block Kor Duelist (67).
Phase: Ai(1)-Wyleth Voltron B3's First Strike Damage Step
Damage: Kor Duelist (67) deals 3 combat damage to Ai(4)-Wilhelt Zombies B3.
Life: Life: Ai(4)-Wilhelt Zombies B3 32 > 29
Phase: Ai(1)-Wyleth Voltron B3's Combat Damage Step
Damage: Kor Duelist (67) deals 3 combat damage to Ai(4)-Wilhelt Zombies B3.
Life: Life: Ai(4)-Wilhelt Zombies B3 29 > 26
Phase: Ai(1)-Wyleth Voltron B3's End of Combat Step
Phase: Ai(1)-Wyleth Voltron B3's Main phase, postcombat
Replacement Effect: Temple of Triumph enters tapped.
Land: Ai(1)-Wyleth Voltron B3 played Temple of Triumph (74)
Add To Stack: Ai(1)-Wyleth Voltron B3 triggered Temple of Triumph
Resolve Stack: Ai(1)-Wyleth Voltron B3 scried 1 card(s) to the top of the library
Resolve Stack: When Temple of Triumph enters, scry 1. [Zone Changer: Temple of Triumph (74)]
Phase: Ai(1)-Wyleth Voltron B3's End step
Phase: Ai(1)-Wyleth Voltron B3's Cleanup step
Turn: Turn 21 (Ai(2)-Kilo Helm B3)
Phase: Ai(2)-Kilo Helm B3's Untap step
Phase: Ai(2)-Kilo Helm B3's Upkeep step
Phase: Ai(2)-Kilo Helm B3's Draw step
Phase: Ai(2)-Kilo Helm B3's Main phase, precombat
Phase: Ai(2)-Kilo Helm B3's Beginning of Combat Step
Phase: Ai(2)-Kilo Helm B3's Declare Attackers Step
Phase: Ai(2)-Kilo Helm B3's Declare Blockers Step
Phase: Ai(2)-Kilo Helm B3's First Strike Damage Step
Phase: Ai(2)-Kilo Helm B3's Combat Damage Step
Phase: Ai(2)-Kilo Helm B3's End of Combat Step
Phase: Ai(2)-Kilo Helm B3's Main phase, postcombat
Replacement Effect: Razortide Bridge enters tapped.
Land: Ai(2)-Kilo Helm B3 played Razortide Bridge (125)
Add To Stack: Ai(2)-Kilo Helm B3 activated Adagia, Windswept Bastion
Resolve Stack: Adagia, Windswept Bastion (160) - Ai(2)-Kilo Helm B3 puts a charge counter on Adagia, Windswept Bastion (160).
Phase: Ai(2)-Kilo Helm B3's End step
Phase: Ai(2)-Kilo Helm B3's Cleanup step
Turn: Turn 22 (Ai(3)-Torbran Burn B3)
Phase: Ai(3)-Torbran Burn B3's Untap step
Phase: Ai(3)-Torbran Burn B3's Upkeep step
Mana: Arcane Signet (300) - {T}: Add one mana of any color in your commander's color identity.
Mana: Mountain (250) - {T}: Add {R}.
Add To Stack: Ai(3)-Torbran Burn B3 activated Mikokoro, Center of the Sea
Resolve Stack: Mikokoro, Center of the Sea (249) - Ai(3)-Torbran Burn B3, Ai(4)-Wilhelt Zombies B3, Ai(1)-Wyleth Voltron B3 and Ai(2)-Kilo Helm B3 each draw a card.
Phase: Ai(3)-Torbran Burn B3's Draw step
Phase: Ai(3)-Torbran Burn B3's Main phase, precombat
Land: Ai(3)-Torbran Burn B3 played Mountain (273)
Mana: Mountain (281) - {T}: Add {R}.
Mana: Mountain (273) - {T}: Add {R}.
Add To Stack: Ai(3)-Torbran Burn B3 cast Mind Stone
Add To Stack: Ai(3)-Torbran Burn B3 triggered Spellgorger Weird
Resolve Stack: Whenever you cast a noncreature spell, put a +1/+1 counter on Spellgorger Weird. [Card: Mind Stone (208), Activator: Ai(3)-Torbran Burn B3, SpellAbility: Mind Stone]
Resolve Stack: Mind Stone
Life: Life: Ai(3)-Torbran Burn B3 32 > 31
Mana: Mount Doom (246) - {T}, Pay 1 life: Add {B} or {R}.
Mana: Mind Stone (208) - {T}: Add {C}.
Add To Stack: Ai(3)-Torbran Burn B3 cast Pyroclasm
Add To Stack: Ai(3)-Torbran Burn B3 triggered Spellgorger Weird
Resolve Stack: Whenever you cast a noncreature spell, put a +1/+1 counter on Spellgorger Weird. [Card: Pyroclasm (241), Activator: Ai(3)-Torbran Burn B3, SpellAbility: Pyroclasm deals 2 damage to each creature.]
Replacement Effect: If a red source you control would deal damage to an opponent or a permanent an opponent controls, it deals that much damage plus 2 instead.
Replacement Effect: If a red source you control would deal damage to an opponent or a permanent an opponent controls, it deals that much damage plus 2 instead.
Replacement Effect: If a red source you control would deal damage to an opponent or a permanent an opponent controls, it deals that much damage plus 2 instead.
Replacement Effect: If a red source you control would deal damage to an opponent or a permanent an opponent controls, it deals that much damage plus 2 instead.
Replacement Effect: If a red source you control would deal damage to an opponent or a permanent an opponent controls, it deals that much damage plus 2 instead.
Damage: Pyroclasm (241) deals 4 damage to Kor Duelist (67).
Damage: Pyroclasm (241) deals 4 damage to Coretapper (132).
Damage: Pyroclasm (241) deals 2 damage to Torbran, Thane of Red Fell (302).
Damage: Pyroclasm (241) deals 2 damage to Spellgorger Weird (217).
Damage: Pyroclasm (241) deals 4 damage to Gleaming Overseer (332).
Damage: Pyroclasm (241) deals 4 damage to Zombie Army Token (416).
Damage: Pyroclasm (241) deals 4 damage to Death Baron (364).
Resolve Stack: Pyroclasm (241) - Deals 2 damage to each creature.
Zone Change: Zombie Army Token (416) was put into Graveyard from Battlefield.
Zone Change: Death Baron (364) was put into Graveyard from Battlefield.
Zone Change: Kor Duelist (67) was put into Graveyard from Battlefield.
Zone Change: Coretapper (132) was put into Graveyard from Battlefield.
Zone Change: Gleaming Overseer (332) was put into Graveyard from Battlefield.
Phase: Ai(3)-Torbran Burn B3's Beginning of Combat Step
Phase: Ai(3)-Torbran Burn B3's Declare Attackers Step
Combat: Ai(3)-Torbran Burn B3 assigned Spellgorger Weird (217) and Torbran, Thane of Red Fell (302) to attack Ai(1)-Wyleth Voltron B3.
Phase: Ai(3)-Torbran Burn B3's Declare Blockers Step
Combat: Ai(1)-Wyleth Voltron B3 didn't block Spellgorger Weird (217).
Ai(1)-Wyleth Voltron B3 didn't block Torbran, Thane of Red Fell (302).
Phase: Ai(3)-Torbran Burn B3's First Strike Damage Step
Phase: Ai(3)-Torbran Burn B3's Combat Damage Step
Replacement Effect: If a red source you control would deal damage to an opponent or a permanent an opponent controls, it deals that much damage plus 2 instead.
Replacement Effect: If a red source you control would deal damage to an opponent or a permanent an opponent controls, it deals that much damage plus 2 instead.
Damage: Spellgorger Weird (217) deals 6 combat damage to Ai(1)-Wyleth Voltron B3.
Damage: Torbran, Thane of Red Fell (302) deals 4 combat damage to Ai(1)-Wyleth Voltron B3.
Life: Life: Ai(1)-Wyleth Voltron B3 43 > 33
Phase: Ai(3)-Torbran Burn B3's End of Combat Step
Phase: Ai(3)-Torbran Burn B3's Main phase, postcombat
Phase: Ai(3)-Torbran Burn B3's End step
Phase: Ai(3)-Torbran Burn B3's Cleanup step
Turn: Turn 23 (Ai(4)-Wilhelt Zombies B3)
Phase: Ai(4)-Wilhelt Zombies B3's Untap step
Phase: Ai(4)-Wilhelt Zombies B3's Upkeep step
Phase: Ai(4)-Wilhelt Zombies B3's Draw step
Phase: Ai(4)-Wilhelt Zombies B3's Main phase, precombat
Phase: Ai(4)-Wilhelt Zombies B3's Beginning of Combat Step
Phase: Ai(4)-Wilhelt Zombies B3's Declare Attackers Step
Phase: Ai(4)-Wilhelt Zombies B3's Declare Blockers Step
Phase: Ai(4)-Wilhelt Zombies B3's First Strike Damage Step
Phase: Ai(4)-Wilhelt Zombies B3's Combat Damage Step
Phase: Ai(4)-Wilhelt Zombies B3's End of Combat Step
Phase: Ai(4)-Wilhelt Zombies B3's Main phase, postcombat
Land: Ai(4)-Wilhelt Zombies B3 played Swamp (392)
Mana: Island (343) - {T}: Add {U}.
Mana: Swamp (380) - {T}: Add {B}.
Mana: Sky Diamond (395) - {T}: Add {U}.
Mana: Swamp (384) - {T}: Add {B}.
Mana: Island (354) - {T}: Add {U}.
Mana: Swamp (373) - {T}: Add {B}.
Add To Stack: Ai(4)-Wilhelt Zombies B3 cast Wilhelt, the Rotcleaver
Resolve Stack: Wilhelt, the Rotcleaver - Creature 3 / 3
Phase: Ai(4)-Wilhelt Zombies B3's End step
Add To Stack: Ai(4)-Wilhelt Zombies B3 triggered Wilhelt, the Rotcleaver
Resolve Stack: At the beginning of your end step, you may sacrifice a Zombie. If you do, draw a card. [Phase: Ai(4)-Wilhelt Zombies B3]
Phase: Ai(4)-Wilhelt Zombies B3's Cleanup step
Turn: Turn 24 (Ai(1)-Wyleth Voltron B3)
Phase: Ai(1)-Wyleth Voltron B3's Untap step
Phase: Ai(1)-Wyleth Voltron B3's Upkeep step
Phase: Ai(1)-Wyleth Voltron B3's Draw step
Phase: Ai(1)-Wyleth Voltron B3's Main phase, precombat
Land: Ai(1)-Wyleth Voltron B3 played Mountain (91)
Phase: Ai(1)-Wyleth Voltron B3's Beginning of Combat Step
Phase: Ai(1)-Wyleth Voltron B3's Declare Attackers Step
Phase: Ai(1)-Wyleth Voltron B3's Declare Blockers Step
Phase: Ai(1)-Wyleth Voltron B3's First Strike Damage Step
Phase: Ai(1)-Wyleth Voltron B3's Combat Damage Step
Phase: Ai(1)-Wyleth Voltron B3's End of Combat Step
Phase: Ai(1)-Wyleth Voltron B3's Main phase, postcombat
Mana: Plains (63) - {T}: Add {W}.
Mana: Mountain (77) - {T}: Add {R}.
Mana: Mountain (83) - {T}: Add {R}.
Add To Stack: Ai(1)-Wyleth Voltron B3 cast Wyleth, Soul of Steel
Resolve Stack: Wyleth, Soul of Steel - Creature 2 / 2
Mana: Mountain (91) - {T}: Add {R}.
Mana: Plains (65) - {T}: Add {W}.
Mana: Temple of Triumph (74) - {T}: Add {R} or {W}.
Add To Stack: Ai(1)-Wyleth Voltron B3 cast Whispersilk Cloak
Resolve Stack: Whispersilk Cloak
Phase: Ai(1)-Wyleth Voltron B3's End step
Phase: Ai(1)-Wyleth Voltron B3's Cleanup step
Turn: Turn 25 (Ai(2)-Kilo Helm B3)
Phase: Ai(2)-Kilo Helm B3's Untap step
Phase: Ai(2)-Kilo Helm B3's Upkeep step
Phase: Ai(2)-Kilo Helm B3's Draw step
Phase: Ai(2)-Kilo Helm B3's Main phase, precombat
Land: Ai(2)-Kilo Helm B3 played Exotic Orchard (200)
Mana: Exotic Orchard (200) - {T}: Add one mana of any color that a land an opponent controls could produce.
Mana: Great Furnace (197) - {T}: Add {R}.
Mana: Razortide Bridge (125) - {T}: Add {W} or {U}.
Add To Stack: Ai(2)-Kilo Helm B3 cast Kilo, Apogee Mind
Resolve Stack: Kilo, Apogee Mind - Creature 3 / 3
Phase: Ai(2)-Kilo Helm B3's Beginning of Combat Step
Phase: Ai(2)-Kilo Helm B3's Declare Attackers Step
Combat: Ai(2)-Kilo Helm B3 assigned Kilo, Apogee Mind (201) to attack Ai(3)-Torbran Burn B3.
Add To Stack: Ai(2)-Kilo Helm B3 triggered Kilo, Apogee Mind
Resolve Stack: Whenever Kilo becomes tapped, proliferate. (Choose any number of permanents and/or players, then give each another counter of each kind already there.) [Tapped: Kilo, Apogee Mind (201)]
Phase: Ai(2)-Kilo Helm B3's Declare Blockers Step
Combat: Ai(3)-Torbran Burn B3 didn't block Kilo, Apogee Mind (201).
Phase: Ai(2)-Kilo Helm B3's First Strike Damage Step
Phase: Ai(2)-Kilo Helm B3's Combat Damage Step
Damage: Kilo, Apogee Mind (201) deals 3 combat damage to Ai(3)-Torbran Burn B3.
Life: Life: Ai(3)-Torbran Burn B3 31 > 28
Phase: Ai(2)-Kilo Helm B3's End of Combat Step
Phase: Ai(2)-Kilo Helm B3's Main phase, postcombat
Phase: Ai(2)-Kilo Helm B3's End step
Phase: Ai(2)-Kilo Helm B3's Cleanup step
Discard: Ai(2)-Kilo Helm B3 discards Depthshaker Titan (106).
Turn: Turn 26 (Ai(3)-Torbran Burn B3)
Phase: Ai(3)-Torbran Burn B3's Untap step
Phase: Ai(3)-Torbran Burn B3's Upkeep step
Mana: Arcane Signet (300) - {T}: Add one mana of any color in your commander's color identity.
Mana: Mountain (250) - {T}: Add {R}.
Add To Stack: Ai(3)-Torbran Burn B3 activated Mikokoro, Center of the Sea
Resolve Stack: Mikokoro, Center of the Sea (249) - Ai(3)-Torbran Burn B3, Ai(4)-Wilhelt Zombies B3, Ai(1)-Wyleth Voltron B3 and Ai(2)-Kilo Helm B3 each draw a card.
Phase: Ai(3)-Torbran Burn B3's Draw step
Phase: Ai(3)-Torbran Burn B3's Main phase, precombat
Land: Ai(3)-Torbran Burn B3 played Mountain (272)
Phase: Ai(3)-Torbran Burn B3's Beginning of Combat Step
Phase: Ai(3)-Torbran Burn B3's Declare Attackers Step
Combat: Ai(3)-Torbran Burn B3 assigned Spellgorger Weird (217) and Torbran, Thane of Red Fell (302) to attack Ai(1)-Wyleth Voltron B3.
Phase: Ai(3)-Torbran Burn B3's Declare Blockers Step
Combat: Ai(1)-Wyleth Voltron B3 didn't block Spellgorger Weird (217).
Ai(1)-Wyleth Voltron B3 didn't block Torbran, Thane of Red Fell (302).
Phase: Ai(3)-Torbran Burn B3's First Strike Damage Step
Phase: Ai(3)-Torbran Burn B3's Combat Damage Step
Replacement Effect: If a red source you control would deal damage to an opponent or a permanent an opponent controls, it deals that much damage plus 2 instead.
Replacement Effect: If a red source you control would deal damage to an opponent or a permanent an opponent controls, it deals that much damage plus 2 instead.
Damage: Spellgorger Weird (217) deals 6 combat damage to Ai(1)-Wyleth Voltron B3.
Damage: Torbran, Thane of Red Fell (302) deals 4 combat damage to Ai(1)-Wyleth Voltron B3.
Life: Life: Ai(1)-Wyleth Voltron B3 33 > 23
Phase: Ai(3)-Torbran Burn B3's End of Combat Step
Phase: Ai(3)-Torbran Burn B3's Main phase, postcombat
Mana: Mountain (281) - {T}: Add {R}.
Mana: Mountain (273) - {T}: Add {R}.
Add To Stack: Ai(3)-Torbran Burn B3 cast Firebrand Archer
Resolve Stack: Firebrand Archer - Creature 2 / 1
Phase: Ai(3)-Torbran Burn B3's End step
Phase: Ai(3)-Torbran Burn B3's Cleanup step
Turn: Turn 27 (Ai(4)-Wilhelt Zombies B3)
Phase: Ai(4)-Wilhelt Zombies B3's Untap step
Phase: Ai(4)-Wilhelt Zombies B3's Upkeep step
Phase: Ai(4)-Wilhelt Zombies B3's Draw step
Phase: Ai(4)-Wilhelt Zombies B3's Main phase, precombat
Mana: Swamp (380) - {T}: Add {B}.
Mana: Island (343) - {T}: Add {U}.
Mana: Sky Diamond (395) - {T}: Add {U}.
Mana: Swamp (384) - {T}: Add {B}.
Mana: Island (354) - {T}: Add {U}.
Mana: Swamp (373) - {T}: Add {B}.
Mana: Swamp (392) - {T}: Add {B}.
Add To Stack: Ai(4)-Wilhelt Zombies B3 cast Dark Salvation targeting [Ai(4)-Wilhelt Zombies B3] [Firebrand Archer (298)]
Resolve Stack: Dark Salvation (366) - Target player creates X 2/2 black Zombie creature tokens, then up to one target creature gets -1/-1 until end of turn for each Zombie that player controls. (Targeting: Ai(4)-Wilhelt Zombies B3) Firebrand Archer (298) gets -4/-4  until end of turn. (X=3)
Zone Change: Firebrand Archer (298) was put into Graveyard from Battlefield.
Phase: Ai(4)-Wilhelt Zombies B3's Beginning of Combat Step
Phase: Ai(4)-Wilhelt Zombies B3's Declare Attackers Step
Combat: Ai(4)-Wilhelt Zombies B3 assigned Wilhelt, the Rotcleaver (402) to attack Ai(3)-Torbran Burn B3.
Phase: Ai(4)-Wilhelt Zombies B3's Declare Blockers Step
Combat: Ai(3)-Torbran Burn B3 didn't block Wilhelt, the Rotcleaver (402).
Phase: Ai(4)-Wilhelt Zombies B3's First Strike Damage Step
Phase: Ai(4)-Wilhelt Zombies B3's Combat Damage Step
Damage: Wilhelt, the Rotcleaver (402) deals 3 combat damage to Ai(3)-Torbran Burn B3.
Life: Life: Ai(3)-Torbran Burn B3 28 > 25
Phase: Ai(4)-Wilhelt Zombies B3's End of Combat Step
Phase: Ai(4)-Wilhelt Zombies B3's Main phase, postcombat
Land: Ai(4)-Wilhelt Zombies B3 played Island (356)
Phase: Ai(4)-Wilhelt Zombies B3's End step
Add To Stack: Ai(4)-Wilhelt Zombies B3 triggered Wilhelt, the Rotcleaver
Resolve Stack: At the beginning of your end step, you may sacrifice a Zombie. If you do, draw a card. [Phase: Ai(4)-Wilhelt Zombies B3]
Phase: Ai(4)-Wilhelt Zombies B3's Cleanup step
Turn: Turn 28 (Ai(1)-Wyleth Voltron B3)
Phase: Ai(1)-Wyleth Voltron B3's Untap step
Phase: Ai(1)-Wyleth Voltron B3's Upkeep step
Mana: Plains (63) - {T}: Add {W}.
Mana: Plains (65) - {T}: Add {W}.
Mana: Mountain (77) - {T}: Add {R}.
Add To Stack: Ai(1)-Wyleth Voltron B3 cast Generous Gift targeting [Wilhelt, the Rotcleaver (402)]
Zone Change: Wilhelt, the Rotcleaver (402) was put into Graveyard from Battlefield.
Resolve Stack: Generous Gift (44) - Destroy Wilhelt, the Rotcleaver (402). 
Phase: Ai(1)-Wyleth Voltron B3's Draw step
Mana: Temple of Triumph (74) - {T}: Add {R} or {W}.
Add To Stack: Ai(1)-Wyleth Voltron B3 cast Path to Exile targeting [Spellgorger Weird (217)]
Zone Change: Spellgorger Weird (217) was put into Exile from Battlefield.
Resolve Stack: Path to Exile (8) - Exile Spellgorger Weird (217). Ai(3)-Torbran Burn B3 may search their library for a basic land card, put that card onto the battlefield tapped, then shuffle their library. 
Phase: Ai(1)-Wyleth Voltron B3's Main phase, precombat
Land: Ai(1)-Wyleth Voltron B3 played Mountain (89)
Mana: Mountain (83) - {T}: Add {R}.
Mana: Mountain (91) - {T}: Add {R}.
Add To Stack: Ai(1)-Wyleth Voltron B3 activated Whispersilk Cloak targeting [Wyleth, Soul of Steel (100)]
Resolve Stack: Whispersilk Cloak (23) -  Attach to Wyleth, Soul of Steel (100)
Phase: Ai(1)-Wyleth Voltron B3's Beginning of Combat Step
Phase: Ai(1)-Wyleth Voltron B3's Declare Attackers Step
Combat: Ai(1)-Wyleth Voltron B3 assigned Wyleth, Soul of Steel (100) to attack Ai(4)-Wilhelt Zombies B3.
Add To Stack: Ai(1)-Wyleth Voltron B3 triggered Wyleth, Soul of Steel
Resolve Stack: Whenever Wyleth, Soul of Steel attacks, draw a card for each Aura and Equipment attached to it. [Attacker: Wyleth, Soul of Steel (100)]
Phase: Ai(1)-Wyleth Voltron B3's Declare Blockers Step
Combat: Ai(4)-Wilhelt Zombies B3 didn't block Wyleth, Soul of Steel (100).
Phase: Ai(1)-Wyleth Voltron B3's First Strike Damage Step
Phase: Ai(1)-Wyleth Voltron B3's Combat Damage Step
Damage: Wyleth, Soul of Steel (100) deals 2 combat damage to Ai(4)-Wilhelt Zombies B3.
Life: Life: Ai(4)-Wilhelt Zombies B3 26 > 24
Phase: Ai(1)-Wyleth Voltron B3's End of Combat Step
Phase: Ai(1)-Wyleth Voltron B3's Main phase, postcombat
Phase: Ai(1)-Wyleth Voltron B3's End step
Phase: Ai(1)-Wyleth Voltron B3's Cleanup step
Turn: Turn 29 (Ai(2)-Kilo Helm B3)
Phase: Ai(2)-Kilo Helm B3's Untap step
Phase: Ai(2)-Kilo Helm B3's Upkeep step
Phase: Ai(2)-Kilo Helm B3's Draw step
Phase: Ai(2)-Kilo Helm B3's Main phase, precombat
Land: Ai(2)-Kilo Helm B3 played Island (165)
Phase: Ai(2)-Kilo Helm B3's Beginning of Combat Step
Phase: Ai(2)-Kilo Helm B3's Declare Attackers Step
Phase: Ai(2)-Kilo Helm B3's Declare Blockers Step
Phase: Ai(2)-Kilo Helm B3's First Strike Damage Step
Phase: Ai(2)-Kilo Helm B3's Combat Damage Step
Phase: Ai(2)-Kilo Helm B3's End of Combat Step
Phase: Ai(2)-Kilo Helm B3's Main phase, postcombat
Add To Stack: Ai(2)-Kilo Helm B3 activated Adagia, Windswept Bastion
Add To Stack: Ai(2)-Kilo Helm B3 triggered Kilo, Apogee Mind
Resolve Stack: Whenever Kilo becomes tapped, proliferate. (Choose any number of permanents and/or players, then give each another counter of each kind already there.) [Tapped: Kilo, Apogee Mind (201)]
Resolve Stack: Adagia, Windswept Bastion (160) - Ai(2)-Kilo Helm B3 puts three charge counters on Adagia, Windswept Bastion (160).
Mana: Great Furnace (197) - {T}: Add {R}.
Mana: Exotic Orchard (200) - {T}: Add one mana of any color that a land an opponent controls could produce.
Mana: Razortide Bridge (125) - {T}: Add {W} or {U}.
Mana: Island (165) - {T}: Add {U}.
Add To Stack: Ai(2)-Kilo Helm B3 cast Cayth, Famed Mechanist
Resolve Stack: Cayth, Famed Mechanist - Creature 3 / 3
Add To Stack: Ai(2)-Kilo Helm B3 triggered Cayth, Famed Mechanist
Resolve Stack: Fabricate 1 (When this creature enters, put a +1/+1 counter on it, or create a 1/1 colorless Servo artifact creature token.) [Zone Changer: Cayth, Famed Mechanist (116)]
Add To Stack: Ai(2)-Kilo Helm B3 activated Adagia, Windswept Bastion
Resolve Stack: Adagia, Windswept Bastion (160) - Ai(2)-Kilo Helm B3 puts a charge counter on Adagia, Windswept Bastion (160).
Add To Stack: Ai(2)-Kilo Helm B3 activated Adagia, Windswept Bastion
Resolve Stack: Adagia, Windswept Bastion (160) - Ai(2)-Kilo Helm B3 puts three charge counters on Adagia, Windswept Bastion (160).
Phase: Ai(2)-Kilo Helm B3's End step
Phase: Ai(2)-Kilo Helm B3's Cleanup step
Turn: Turn 30 (Ai(3)-Torbran Burn B3)
Phase: Ai(3)-Torbran Burn B3's Untap step
Phase: Ai(3)-Torbran Burn B3's Upkeep step
Phase: Ai(3)-Torbran Burn B3's Draw step
Phase: Ai(3)-Torbran Burn B3's Main phase, precombat
Phase: Ai(3)-Torbran Burn B3's Beginning of Combat Step
Phase: Ai(3)-Torbran Burn B3's Declare Attackers Step
Phase: Ai(3)-Torbran Burn B3's Declare Blockers Step
Phase: Ai(3)-Torbran Burn B3's First Strike Damage Step
Phase: Ai(3)-Torbran Burn B3's Combat Damage Step
Phase: Ai(3)-Torbran Burn B3's End of Combat Step
Phase: Ai(3)-Torbran Burn B3's Main phase, postcombat
Mana: Arcane Signet (300) - {T}: Add one mana of any color in your commander's color identity.
Mana: Mountain (250) - {T}: Add {R}.
Mana: Mountain (281) - {T}: Add {R}.
Mana: Mountain (273) - {T}: Add {R}.
Mana: Mountain (272) - {T}: Add {R}.
Mana: Mountain (261) - {T}: Add {R}.
Mana: Mikokoro, Center of the Sea (249) - {T}: Add {C}.
Mana: Mind Stone (208) - {T}: Add {C}.
Add To Stack: Ai(3)-Torbran Burn B3 cast City on Fire
Resolve Stack: City on Fire
Phase: Ai(3)-Torbran Burn B3's End step
Phase: Ai(3)-Torbran Burn B3's Cleanup step
Turn: Turn 31 (Ai(4)-Wilhelt Zombies B3)
Phase: Ai(4)-Wilhelt Zombies B3's Untap step
Phase: Ai(4)-Wilhelt Zombies B3's Upkeep step
Phase: Ai(4)-Wilhelt Zombies B3's Draw step
Phase: Ai(4)-Wilhelt Zombies B3's Main phase, precombat
Phase: Ai(4)-Wilhelt Zombies B3's Beginning of Combat Step
Phase: Ai(4)-Wilhelt Zombies B3's Declare Attackers Step
Phase: Ai(4)-Wilhelt Zombies B3's Declare Blockers Step
Phase: Ai(4)-Wilhelt Zombies B3's First Strike Damage Step
Phase: Ai(4)-Wilhelt Zombies B3's Combat Damage Step
Phase: Ai(4)-Wilhelt Zombies B3's End of Combat Step
Phase: Ai(4)-Wilhelt Zombies B3's Main phase, postcombat
Land: Ai(4)-Wilhelt Zombies B3 played Swamp (390)
Mana: Island (343) - {T}: Add {U}.
Mana: Swamp (380) - {T}: Add {B}.
Mana: Sky Diamond (395) - {T}: Add {U}.
Mana: Swamp (384) - {T}: Add {B}.
Mana: Island (354) - {T}: Add {U}.
Mana: Swamp (373) - {T}: Add {B}.
Mana: Swamp (392) - {T}: Add {B}.
Mana: Island (356) - {T}: Add {U}.
Add To Stack: Ai(4)-Wilhelt Zombies B3 cast Wilhelt, the Rotcleaver
Resolve Stack: Wilhelt, the Rotcleaver - Creature 3 / 3
Phase: Ai(4)-Wilhelt Zombies B3's End step
Add To Stack: Ai(4)-Wilhelt Zombies B3 triggered Wilhelt, the Rotcleaver
Resolve Stack: At the beginning of your end step, you may sacrifice a Zombie. If you do, draw a card. [Phase: Ai(4)-Wilhelt Zombies B3]
Phase: Ai(4)-Wilhelt Zombies B3's Cleanup step
Turn: Turn 32 (Ai(1)-Wyleth Voltron B3)
Phase: Ai(1)-Wyleth Voltron B3's Untap step
Phase: Ai(1)-Wyleth Voltron B3's Upkeep step
Phase: Ai(1)-Wyleth Voltron B3's Draw step
Phase: Ai(1)-Wyleth Voltron B3's Main phase, precombat
Land: Ai(1)-Wyleth Voltron B3 played Inventors' Fair (2)
Phase: Ai(1)-Wyleth Voltron B3's Beginning of Combat Step
Phase: Ai(1)-Wyleth Voltron B3's Declare Attackers Step
Combat: Ai(1)-Wyleth Voltron B3 assigned Wyleth, Soul of Steel (100) to attack Ai(4)-Wilhelt Zombies B3.
Add To Stack: Ai(1)-Wyleth Voltron B3 triggered Wyleth, Soul of Steel
Resolve Stack: Whenever Wyleth, Soul of Steel attacks, draw a card for each Aura and Equipment attached to it. [Attacker: Wyleth, Soul of Steel (100)]
Phase: Ai(1)-Wyleth Voltron B3's Declare Blockers Step
Combat: Ai(4)-Wilhelt Zombies B3 didn't block Wyleth, Soul of Steel (100).
Phase: Ai(1)-Wyleth Voltron B3's First Strike Damage Step
Phase: Ai(1)-Wyleth Voltron B3's Combat Damage Step
Damage: Wyleth, Soul of Steel (100) deals 2 combat damage to Ai(4)-Wilhelt Zombies B3.
Life: Life: Ai(4)-Wilhelt Zombies B3 24 > 22
Phase: Ai(1)-Wyleth Voltron B3's End of Combat Step
Phase: Ai(1)-Wyleth Voltron B3's Main phase, postcombat
Mana: Plains (63) - {T}: Add {W}.
Mana: Plains (65) - {T}: Add {W}.
Mana: Mountain (77) - {T}: Add {R}.
Add To Stack: Ai(1)-Wyleth Voltron B3 cast Kemba, Kha Regent
Resolve Stack: Kemba, Kha Regent - Creature 2 / 4
Mana: Mountain (83) - {T}: Add {R}.
Mana: Mountain (91) - {T}: Add {R}.
Add To Stack: Ai(1)-Wyleth Voltron B3 cast Mind Stone
Resolve Stack: Mind Stone
Mana: Mountain (89) - {T}: Add {R}.
Mana: Temple of Triumph (74) - {T}: Add {R} or {W}.
Mana: Inventors' Fair (2) - {T}: Add {C}.
Add To Stack: Ai(1)-Wyleth Voltron B3 cast Wheel of Fortune
Discard: Ai(1)-Wyleth Voltron B3 discards Faithless Looting (41).
Discard: Ai(1)-Wyleth Voltron B3 discards Plains (60).
Discard: Ai(2)-Kilo Helm B3 discards Empowered Autogenerator (161).
Discard: Ai(2)-Kilo Helm B3 discards Flux Channeler (135).
Discard: Ai(2)-Kilo Helm B3 discards Uthros Research Craft (194).
Discard: Ai(2)-Kilo Helm B3 discards Padeem, Consul of Innovation (102).
Discard: Ai(2)-Kilo Helm B3 discards Tezzeret's Gambit (184).
Discard: Ai(2)-Kilo Helm B3 discards Dispatch (120).
Discard: Ai(2)-Kilo Helm B3 discards Wake the Past (152).
Discard: Ai(3)-Torbran Burn B3 discards Fireball (236).
Discard: Ai(3)-Torbran Burn B3 discards Cathartic Reunion (210).
Discard: Ai(3)-Torbran Burn B3 discards Kessig Flamebreather (205).
Discard: Ai(4)-Wilhelt Zombies B3 discards Swamp (377).
Discard: Ai(4)-Wilhelt Zombies B3 discards Swamp (381).
Discard: Ai(4)-Wilhelt Zombies B3 discards Arcane Signet (396).
Discard: Ai(4)-Wilhelt Zombies B3 discards Exotic Orchard (401).
Discard: Ai(4)-Wilhelt Zombies B3 discards Island (355).
Resolve Stack: Wheel of Fortune (18) - Ai(1)-Wyleth Voltron B3, Ai(2)-Kilo Helm B3, Ai(3)-Torbran Burn B3 and Ai(4)-Wilhelt Zombies B3 discard their hands. Ai(1)-Wyleth Voltron B3, Ai(2)-Kilo Helm B3, Ai(3)-Torbran Burn B3 and Ai(4)-Wilhelt Zombies B3 each draw seven cards.
Mana: Mind Stone (7) - {T}: Add {C}.
Add To Stack: Ai(1)-Wyleth Voltron B3 cast Colossus Hammer
Resolve Stack: Colossus Hammer
Phase: Ai(1)-Wyleth Voltron B3's End step
Phase: Ai(1)-Wyleth Voltron B3's Cleanup step
Turn: Turn 33 (Ai(2)-Kilo Helm B3)
Phase: Ai(2)-Kilo Helm B3's Untap step
Phase: Ai(2)-Kilo Helm B3's Upkeep step
Mana: Great Furnace (197) - {T}: Add {R}.
Mana: Exotic Orchard (200) - {T}: Add one mana of any color that a land an opponent controls could produce.
Add To Stack: Ai(2)-Kilo Helm B3 activated Cayth, Famed Mechanist
Resolve Stack: Cayth, Famed Mechanist (116) -  Populate.
Phase: Ai(2)-Kilo Helm B3's Draw step
Phase: Ai(2)-Kilo Helm B3's Main phase, precombat
Land: Ai(2)-Kilo Helm B3 played Shivan Reef (137)
Phase: Ai(2)-Kilo Helm B3's Beginning of Combat Step
Phase: Ai(2)-Kilo Helm B3's Declare Attackers Step
Phase: Ai(2)-Kilo Helm B3's Declare Blockers Step
Phase: Ai(2)-Kilo Helm B3's First Strike Damage Step
Phase: Ai(2)-Kilo Helm B3's Combat Damage Step
Phase: Ai(2)-Kilo Helm B3's End of Combat Step
Phase: Ai(2)-Kilo Helm B3's Main phase, postcombat
Add To Stack: Ai(2)-Kilo Helm B3 activated Adagia, Windswept Bastion
Resolve Stack: Adagia, Windswept Bastion (160) - Ai(2)-Kilo Helm B3 puts a charge counter on Adagia, Windswept Bastion (160).
Mana: Razortide Bridge (125) - {T}: Add {W} or {U}.
Mana: Island (165) - {T}: Add {U}.
Mana: Glittering Massif (147) - {T}: Add {R}.
Mana: Shivan Reef (137) - {T}: Add {C}.
Add To Stack: Ai(2)-Kilo Helm B3 cast Crystalline Crawler
Replacement Effect: Converge — Crystalline Crawler enters with a +1/+1 counter on it for each color of mana spent to cast it.
Resolve Stack: Crystalline Crawler - Creature 1 / 1
Add To Stack: Ai(2)-Kilo Helm B3 triggered Crystalline Crawler
Resolve Stack: Fabricate 1 (When this creature enters, put a +1/+1 counter on it, or create a 1/1 colorless Servo artifact creature token.) [Zone Changer: Crystalline Crawler (174)]
Phase: Ai(2)-Kilo Helm B3's End step
Phase: Ai(2)-Kilo Helm B3's Cleanup step
Turn: Turn 34 (Ai(3)-Torbran Burn B3)
Phase: Ai(3)-Torbran Burn B3's Untap step
Phase: Ai(3)-Torbran Burn B3's Upkeep step
Phase: Ai(3)-Torbran Burn B3's Draw step
Phase: Ai(3)-Torbran Burn B3's Main phase, precombat
Land: Ai(3)-Torbran Burn B3 played War Room (233)
Mana: Arcane Signet (300) - {T}: Add one mana of any color in your commander's color identity.
Mana: Mountain (250) - {T}: Add {R}.
Mana: Mountain (281) - {T}: Add {R}.
Add To Stack: Ai(3)-Torbran Burn B3 cast Wheel of Misfortune
Discard: Ai(1)-Wyleth Voltron B3 discards Mountain (88).
Discard: Ai(1)-Wyleth Voltron B3 discards Mountain (87).
Discard: Ai(1)-Wyleth Voltron B3 discards Blackblade Reforged (34).
Discard: Ai(1)-Wyleth Voltron B3 discards Plains (61).
Discard: Ai(1)-Wyleth Voltron B3 discards Mask of Memory (40).
Discard: Ai(1)-Wyleth Voltron B3 discards Embercleave (92).
Discard: Ai(2)-Kilo Helm B3 discards Insight Engine (136).
Discard: Ai(2)-Kilo Helm B3 discards Mountain (188).
Discard: Ai(2)-Kilo Helm B3 discards Buried Ruin (112).
Discard: Ai(2)-Kilo Helm B3 discards Radiant Summit (124).
Discard: Ai(2)-Kilo Helm B3 discards Command Tower (109).
Discard: Ai(2)-Kilo Helm B3 discards Uthros, Titanic Godcore (141).
Discard: Ai(4)-Wilhelt Zombies B3 discards Ghoulcaller Gisa (397).
Discard: Ai(4)-Wilhelt Zombies B3 discards Swamp (388).
Discard: Ai(4)-Wilhelt Zombies B3 discards Noxious Ghoul (372).
Discard: Ai(4)-Wilhelt Zombies B3 discards Dimir Signet (306).
Discard: Ai(4)-Wilhelt Zombies B3 discards Ashnod's Altar (310).
Discard: Ai(4)-Wilhelt Zombies B3 discards Swamp (389).
Discard: Ai(4)-Wilhelt Zombies B3 discards Command Tower (315).
Replacement Effect: If a source you control would deal damage to a permanent or player, it deals triple that damage instead.
Replacement Effect: If a red source you control would deal damage to an opponent or a permanent an opponent controls, it deals that much damage plus 2 instead.
Damage: Wheel of Misfortune (212) deals 65 non-combat damage to Ai(2)-Kilo Helm B3.
Life: Life: Ai(2)-Kilo Helm B3 40 > -25
Resolve Stack: Wheel of Misfortune (212) - Each player secretly chooses a number 0 or greater, then all players reveal those numbers simultaneously and determine the highest and lowest numbers revealed this way. Wheel of Misfortune deals damage equal to the highest number to each player who chose that number. Each player who didn't choose the lowest number discards their hand, then draws seven cards.
Phase: Ai(3)-Torbran Burn B3's Beginning of Combat Step
Phase: Ai(3)-Torbran Burn B3's Declare Attackers Step
Phase: Ai(3)-Torbran Burn B3's Declare Blockers Step
Phase: Ai(3)-Torbran Burn B3's First Strike Damage Step
Phase: Ai(3)-Torbran Burn B3's Combat Damage Step
Phase: Ai(3)-Torbran Burn B3's End of Combat Step
Phase: Ai(3)-Torbran Burn B3's Main phase, postcombat
Mana: Mountain (273) - {T}: Add {R}.
Mana: Mountain (272) - {T}: Add {R}.
Mana: Mountain (261) - {T}: Add {R}.
Life: Life: Ai(3)-Torbran Burn B3 25 > 24
Add To Stack: Ai(3)-Torbran Burn B3 activated War Room
Resolve Stack: War Room (233) - Ai(3)-Torbran Burn B3 draws a card.
Mana: Mikokoro, Center of the Sea (249) - {T}: Add {C}.
Mana: Mind Stone (208) - {T}: Add {C}.
Add To Stack: Ai(3)-Torbran Burn B3 cast Fire Diamond
Replacement Effect: Fire Diamond enters tapped.
Resolve Stack: Fire Diamond
Phase: Ai(3)-Torbran Burn B3's End step
Phase: Ai(3)-Torbran Burn B3's Cleanup step
Turn: Turn 35 (Ai(4)-Wilhelt Zombies B3)
Phase: Ai(4)-Wilhelt Zombies B3's Untap step
Phase: Ai(4)-Wilhelt Zombies B3's Upkeep step
Phase: Ai(4)-Wilhelt Zombies B3's Draw step
Phase: Ai(4)-Wilhelt Zombies B3's Main phase, precombat
Replacement Effect: Drowned Catacomb enters tapped unless you control an Island or a Swamp.
Land: Ai(4)-Wilhelt Zombies B3 played Drowned Catacomb (367)
Mana: Swamp (380) - {T}: Add {B}.
Mana: Swamp (384) - {T}: Add {B}.
Mana: Swamp (373) - {T}: Add {B}.
Mana: Swamp (392) - {T}: Add {B}.
Mana: Swamp (390) - {T}: Add {B}.
Add To Stack: Ai(4)-Wilhelt Zombies B3 cast Liliana's Mastery
Resolve Stack: Liliana's Mastery
Add To Stack: Ai(4)-Wilhelt Zombies B3 triggered Liliana's Mastery
Resolve Stack: When Liliana's Mastery enters, create two 2/2 black Zombie creature tokens. [Zone Changer: Liliana's Mastery (368)]
Mana: Drowned Catacomb (367) - {T}: Add {U} or {B}.
Mana: Island (343) - {T}: Add {U}.
Mana: Sky Diamond (395) - {T}: Add {U}.
Add To Stack: Ai(4)-Wilhelt Zombies B3 cast Diregraf Captain
Resolve Stack: Diregraf Captain - Creature 2 / 2
Phase: Ai(4)-Wilhelt Zombies B3's Beginning of Combat Step
Phase: Ai(4)-Wilhelt Zombies B3's Declare Attackers Step
Combat: Ai(4)-Wilhelt Zombies B3 assigned Wilhelt, the Rotcleaver (402), Zombie Token (423), Zombie Token (424) and Zombie Token (425) to attack Ai(1)-Wyleth Voltron B3.
Phase: Ai(4)-Wilhelt Zombies B3's Declare Blockers Step
Combat: Ai(1)-Wyleth Voltron B3 didn't block Wilhelt, the Rotcleaver (402).
Ai(1)-Wyleth Voltron B3 didn't block Zombie Token (423).
Ai(1)-Wyleth Voltron B3 didn't block Zombie Token (424).
Ai(1)-Wyleth Voltron B3 didn't block Zombie Token (425).
Phase: Ai(4)-Wilhelt Zombies B3's First Strike Damage Step
Phase: Ai(4)-Wilhelt Zombies B3's Combat Damage Step
Damage: Wilhelt, the Rotcleaver (402) deals 5 combat damage to Ai(1)-Wyleth Voltron B3.
Damage: Zombie Token (423) deals 4 combat damage to Ai(1)-Wyleth Voltron B3.
Damage: Zombie Token (424) deals 4 combat damage to Ai(1)-Wyleth Voltron B3.
Damage: Zombie Token (425) deals 4 combat damage to Ai(1)-Wyleth Voltron B3.
Life: Life: Ai(1)-Wyleth Voltron B3 23 > 6
Phase: Ai(4)-Wilhelt Zombies B3's End of Combat Step
Phase: Ai(4)-Wilhelt Zombies B3's Main phase, postcombat
Phase: Ai(4)-Wilhelt Zombies B3's End step
Add To Stack: Ai(4)-Wilhelt Zombies B3 triggered Wilhelt, the Rotcleaver
Resolve Stack: At the beginning of your end step, you may sacrifice a Zombie. If you do, draw a card. [Phase: Ai(4)-Wilhelt Zombies B3]
Phase: Ai(4)-Wilhelt Zombies B3's Cleanup step
Turn: Turn 36 (Ai(1)-Wyleth Voltron B3)
Phase: Ai(1)-Wyleth Voltron B3's Untap step
Phase: Ai(1)-Wyleth Voltron B3's Upkeep step
Add To Stack: Ai(1)-Wyleth Voltron B3 triggered Inventors' Fair
Add To Stack: Ai(1)-Wyleth Voltron B3 triggered Kemba, Kha Regent
Resolve Stack: At the beginning of your upkeep, create a 2/2 white Cat creature token for each Equipment attached to Kemba, Kha Regent. [Phase: Ai(1)-Wyleth Voltron B3]
Life: Life: Ai(1)-Wyleth Voltron B3 6 > 7
Resolve Stack: At the beginning of your upkeep, if you control three or more artifacts, you gain 1 life. [Phase: Ai(1)-Wyleth Voltron B3]
Phase: Ai(1)-Wyleth Voltron B3's Draw step
Phase: Ai(1)-Wyleth Voltron B3's Main phase, precombat
Land: Ai(1)-Wyleth Voltron B3 played Buried Ruin (16)
Mana: Mountain (77) - {T}: Add {R}.
Mana: Mountain (83) - {T}: Add {R}.
Mana: Mountain (91) - {T}: Add {R}.
Mana: Mountain (89) - {T}: Add {R}.
Mana: Plains (63) - {T}: Add {W}.
Mana: Plains (65) - {T}: Add {W}.
Mana: Temple of Triumph (74) - {T}: Add {R} or {W}.
Mana: Inventors' Fair (2) - {T}: Add {C}.
Add To Stack: Ai(1)-Wyleth Voltron B3 activated Colossus Hammer targeting [Kemba, Kha Regent (27)]
Resolve Stack: Colossus Hammer (31) -  Attach to Kemba, Kha Regent (27)
Mana: Mind Stone (7) - {T}: Add {C}.
Add To Stack: Ai(1)-Wyleth Voltron B3 activated Champion's Helm targeting [Kemba, Kha Regent (27)]
Resolve Stack: Champion's Helm (75) -  Attach to Kemba, Kha Regent (27)
Phase: Ai(1)-Wyleth Voltron B3's Beginning of Combat Step
Phase: Ai(1)-Wyleth Voltron B3's Declare Attackers Step
Phase: Ai(1)-Wyleth Voltron B3's Declare Blockers Step
Phase: Ai(1)-Wyleth Voltron B3's First Strike Damage Step
Phase: Ai(1)-Wyleth Voltron B3's Combat Damage Step
Phase: Ai(1)-Wyleth Voltron B3's End of Combat Step
Phase: Ai(1)-Wyleth Voltron B3's Main phase, postcombat
Mana: Buried Ruin (16) - {T}: Add {C}.
Add To Stack: Ai(1)-Wyleth Voltron B3 cast Sol Ring
Resolve Stack: Sol Ring
Mana: Sol Ring (15) - {T}: Add {C}{C}.
Add To Stack: Ai(1)-Wyleth Voltron B3 cast Fellwar Stone
Resolve Stack: Fellwar Stone
Phase: Ai(1)-Wyleth Voltron B3's End step
Phase: Ai(1)-Wyleth Voltron B3's Cleanup step
Turn: Turn 37 (Ai(3)-Torbran Burn B3)
Phase: Ai(3)-Torbran Burn B3's Untap step
Phase: Ai(3)-Torbran Burn B3's Upkeep step
Phase: Ai(3)-Torbran Burn B3's Draw step
Phase: Ai(3)-Torbran Burn B3's Main phase, precombat
Land: Ai(3)-Torbran Burn B3 played Mountain (262)
Phase: Ai(3)-Torbran Burn B3's Beginning of Combat Step
Phase: Ai(3)-Torbran Burn B3's Declare Attackers Step
Phase: Ai(3)-Torbran Burn B3's Declare Blockers Step
Phase: Ai(3)-Torbran Burn B3's First Strike Damage Step
Phase: Ai(3)-Torbran Burn B3's Combat Damage Step
Phase: Ai(3)-Torbran Burn B3's End of Combat Step
Phase: Ai(3)-Torbran Burn B3's Main phase, postcombat
Mana: Arcane Signet (300) - {T}: Add one mana of any color in your commander's color identity.
Mana: Mountain (250) - {T}: Add {R}.
Mana: Mountain (281) - {T}: Add {R}.
Mana: Mountain (273) - {T}: Add {R}.
Add To Stack: Ai(3)-Torbran Burn B3 cast Solphim, Mayhem Dominus
Resolve Stack: Solphim, Mayhem Dominus - Creature 5 / 4
Mana: Mountain (272) - {T}: Add {R}.
Mana: Mountain (261) - {T}: Add {R}.
Mana: Fire Diamond (225) - {T}: Add {R}.
Life: Life: Ai(3)-Torbran Burn B3 24 > 23
Add To Stack: Ai(3)-Torbran Burn B3 activated War Room
Resolve Stack: War Room (233) - Ai(3)-Torbran Burn B3 draws a card.
Mana: Mountain (262) - {T}: Add {R}.
Mana: Mikokoro, Center of the Sea (249) - {T}: Add {C}.
Add To Stack: Ai(3)-Torbran Burn B3 cast Cemetery Gatekeeper
Resolve Stack: Cemetery Gatekeeper - Creature 2 / 1
Add To Stack: Ai(3)-Torbran Burn B3 triggered Cemetery Gatekeeper
Resolve Stack: When Cemetery Gatekeeper enters, exile a card from a graveyard. [Zone Changer: Cemetery Gatekeeper (296)]
Life: Life: Ai(3)-Torbran Burn B3 23 > 22
Mana: Mount Doom (246) - {T}, Pay 1 life: Add {B} or {R}.
Mana: Mind Stone (208) - {T}: Add {C}.
Discard: Ai(3)-Torbran Burn B3 discards Mountain (270).
Add To Stack: Ai(3)-Torbran Burn B3 cast Tormenting Voice
Resolve Stack: Tormenting Voice (232) - Ai(3)-Torbran Burn B3 draws two cards.
Phase: Ai(3)-Torbran Burn B3's End step
Phase: Ai(3)-Torbran Burn B3's Cleanup step
Turn: Turn 38 (Ai(4)-Wilhelt Zombies B3)
Phase: Ai(4)-Wilhelt Zombies B3's Untap step
Phase: Ai(4)-Wilhelt Zombies B3's Upkeep step
Phase: Ai(4)-Wilhelt Zombies B3's Draw step
Phase: Ai(4)-Wilhelt Zombies B3's Main phase, precombat
Mana: Swamp (380) - {T}: Add {B}.
Mana: Island (343) - {T}: Add {U}.
Mana: Sky Diamond (395) - {T}: Add {U}.
Add To Stack: Ai(4)-Wilhelt Zombies B3 cast Lord of the Accursed
Resolve Stack: Lord of the Accursed - Creature 2 / 3
Land: Ai(4)-Wilhelt Zombies B3 played Island (348)
Add To Stack: Ai(3)-Torbran Burn B3 triggered Cemetery Gatekeeper
Replacement Effect: If a source you control would deal damage to a permanent or player, it deals triple that damage instead.
Replacement Effect: If a source you control would deal noncombat damage to an opponent or a permanent an opponent controls, it deals double that damage to that player or permanent instead.
Replacement Effect: If a red source you control would deal damage to an opponent or a permanent an opponent controls, it deals that much damage plus 2 instead.
Damage: Cemetery Gatekeeper (296) deals 14 non-combat damage to Ai(4)-Wilhelt Zombies B3.
Life: Life: Ai(4)-Wilhelt Zombies B3 22 > 8
Resolve Stack: Whenever a player plays a land or casts a spell, if it shares a card type with the exiled card, Cemetery Gatekeeper deals 2 damage to that player. [Land played: Island (348)]
Mana: Swamp (384) - {T}: Add {B}.
Mana: Island (354) - {T}: Add {U}.
Mana: Island (356) - {T}: Add {U}.
Add To Stack: Ai(4)-Wilhelt Zombies B3 cast Midnight Reaper
Resolve Stack: Midnight Reaper - Creature 3 / 2
Mana: Swamp (373) - {T}: Add {B}.
Mana: Swamp (392) - {T}: Add {B}.
Add To Stack: Ai(4)-Wilhelt Zombies B3 cast Shepherd of Rot
Resolve Stack: Shepherd of Rot - Creature 1 / 1
Phase: Ai(4)-Wilhelt Zombies B3's Beginning of Combat Step
Phase: Ai(4)-Wilhelt Zombies B3's Declare Attackers Step
Combat: Ai(4)-Wilhelt Zombies B3 assigned Wilhelt, the Rotcleaver (402), Zombie Token (423), Zombie Token (424), Zombie Token (425), Zombie Token (444), Zombie Token (445), Diregraf Captain (320) and Elephant Token (427) to attack Ai(1)-Wyleth Voltron B3.
Phase: Ai(4)-Wilhelt Zombies B3's Declare Blockers Step
Combat: Ai(1)-Wyleth Voltron B3 assigned Wyleth, Soul of Steel (100) to block Wilhelt, the Rotcleaver (402).
Ai(1)-Wyleth Voltron B3 assigned Kemba, Kha Regent (27) to block Zombie Token (423).
Ai(1)-Wyleth Voltron B3 didn't block Zombie Token (424).
Ai(1)-Wyleth Voltron B3 didn't block Zombie Token (425).
Ai(1)-Wyleth Voltron B3 didn't block Zombie Token (444).
Ai(1)-Wyleth Voltron B3 didn't block Zombie Token (445).
Ai(1)-Wyleth Voltron B3 didn't block Diregraf Captain (320).
Ai(1)-Wyleth Voltron B3 didn't block Elephant Token (427).
Phase: Ai(4)-Wilhelt Zombies B3's First Strike Damage Step
Phase: Ai(4)-Wilhelt Zombies B3's Combat Damage Step
Damage: Wilhelt, the Rotcleaver (402) deals 6 damage to Wyleth, Soul of Steel (100).
Damage: Zombie Token (423) deals 5 damage to Kemba, Kha Regent (27).
Damage: Zombie Token (424) deals 5 combat damage to Ai(1)-Wyleth Voltron B3.
Damage: Zombie Token (425) deals 5 combat damage to Ai(1)-Wyleth Voltron B3.
Damage: Zombie Token (444) deals 5 combat damage to Ai(1)-Wyleth Voltron B3.
Damage: Zombie Token (445) deals 5 combat damage to Ai(1)-Wyleth Voltron B3.
Damage: Diregraf Captain (320) deals 4 combat damage to Ai(1)-Wyleth Voltron B3.
Damage: Elephant Token (427) deals 3 combat damage to Ai(1)-Wyleth Voltron B3.
Damage: Wyleth, Soul of Steel (100) deals 2 damage to Wilhelt, the Rotcleaver (402).
Damage: Kemba, Kha Regent (27) deals 14 damage to Zombie Token (423).
Life: Life: Ai(1)-Wyleth Voltron B3 7 > -20
Zone Change: Zombie Token (423) was put into Graveyard from Battlefield.
Add To Stack: Ai(4)-Wilhelt Zombies B3 triggered Diregraf Captain targeting [Ai(3)-Torbran Burn B3]
Add To Stack: Ai(4)-Wilhelt Zombies B3 triggered Wilhelt, the Rotcleaver
Resolve Stack: Whenever another Zombie you control dies, if it didn't have decayed, create a 2/2 black Zombie creature token with decayed. (It can't block. When it attacks, sacrifice it at end of combat.) [Zone Changer: Zombie Token (423)]
Life: Life: Ai(3)-Torbran Burn B3 22 > 21
Resolve Stack: Whenever another Zombie you control dies, target opponent loses 1 life. (Targeting: [[Ai(3)-Torbran Burn B3]]) [Zone Changer: Zombie Token (423)]
Phase: Ai(4)-Wilhelt Zombies B3's End of Combat Step
Phase: Ai(4)-Wilhelt Zombies B3's Main phase, postcombat
Phase: Ai(4)-Wilhelt Zombies B3's End step
Add To Stack: Ai(4)-Wilhelt Zombies B3 triggered Wilhelt, the Rotcleaver
Resolve Stack: At the beginning of your end step, you may sacrifice a Zombie. If you do, draw a card. [Phase: Ai(4)-Wilhelt Zombies B3]
Phase: Ai(4)-Wilhelt Zombies B3's Cleanup step
Turn: Turn 39 (Ai(3)-Torbran Burn B3)
Phase: Ai(3)-Torbran Burn B3's Untap step
Phase: Ai(3)-Torbran Burn B3's Upkeep step
Phase: Ai(3)-Torbran Burn B3's Draw step
Phase: Ai(3)-Torbran Burn B3's Main phase, precombat
Land: Ai(3)-Torbran Burn B3 played Shivan Gorge (239)
Add To Stack: Ai(3)-Torbran Burn B3 triggered Cemetery Gatekeeper
Replacement Effect: If a source you control would deal damage to a permanent or player, it deals triple that damage instead.
Damage: Cemetery Gatekeeper (296) deals 6 non-combat damage to Ai(3)-Torbran Burn B3.
Life: Life: Ai(3)-Torbran Burn B3 21 > 15
Resolve Stack: Whenever a player plays a land or casts a spell, if it shares a card type with the exiled card, Cemetery Gatekeeper deals 2 damage to that player. [Land played: Shivan Gorge (239)]
Phase: Ai(3)-Torbran Burn B3's Beginning of Combat Step
Phase: Ai(3)-Torbran Burn B3's Declare Attackers Step
Phase: Ai(3)-Torbran Burn B3's Declare Blockers Step
Phase: Ai(3)-Torbran Burn B3's First Strike Damage Step
Phase: Ai(3)-Torbran Burn B3's Combat Damage Step
Phase: Ai(3)-Torbran Burn B3's End of Combat Step
Phase: Ai(3)-Torbran Burn B3's Main phase, postcombat
Mana: Arcane Signet (300) - {T}: Add one mana of any color in your commander's color identity.
Mana: Mountain (250) - {T}: Add {R}.
Mana: Mountain (281) - {T}: Add {R}.
Add To Stack: Ai(3)-Torbran Burn B3 cast Repercussion
Resolve Stack: Repercussion
Mana: Mountain (273) - {T}: Add {R}.
Mana: Mountain (272) - {T}: Add {R}.
Mana: Mountain (261) - {T}: Add {R}.
Life: Life: Ai(3)-Torbran Burn B3 15 > 14
Add To Stack: Ai(3)-Torbran Burn B3 activated War Room
Resolve Stack: War Room (233) - Ai(3)-Torbran Burn B3 draws a card.
Mana: Fire Diamond (225) - {T}: Add {R}.
Mana: Mountain (262) - {T}: Add {R}.
Add To Stack: Ai(3)-Torbran Burn B3 activated Mikokoro, Center of the Sea
Resolve Stack: Mikokoro, Center of the Sea (249) - Ai(3)-Torbran Burn B3 and Ai(4)-Wilhelt Zombies B3 each draw a card.
Phase: Ai(3)-Torbran Burn B3's End step
Phase: Ai(3)-Torbran Burn B3's Cleanup step
Turn: Turn 40 (Ai(4)-Wilhelt Zombies B3)
Phase: Ai(4)-Wilhelt Zombies B3's Untap step
Phase: Ai(4)-Wilhelt Zombies B3's Upkeep step
Phase: Ai(4)-Wilhelt Zombies B3's Draw step
Phase: Ai(4)-Wilhelt Zombies B3's Main phase, precombat
Land: Ai(4)-Wilhelt Zombies B3 played Swamp (375)
Add To Stack: Ai(3)-Torbran Burn B3 triggered Cemetery Gatekeeper
Replacement Effect: If a source you control would deal damage to a permanent or player, it deals triple that damage instead.
Replacement Effect: If a source you control would deal noncombat damage to an opponent or a permanent an opponent controls, it deals double that damage to that player or permanent instead.
Replacement Effect: If a red source you control would deal damage to an opponent or a permanent an opponent controls, it deals that much damage plus 2 instead.
Damage: Cemetery Gatekeeper (296) deals 14 non-combat damage to Ai(4)-Wilhelt Zombies B3.
Life: Life: Ai(4)-Wilhelt Zombies B3 8 > -6
Resolve Stack: Whenever a player plays a land or casts a spell, if it shares a card type with the exiled card, Cemetery Gatekeeper deals 2 damage to that player. [Land played: Swamp (375)]
Player Control: Ai(1)-Wyleth Voltron B3 has restored control over themself
Player Control: Ai(2)-Kilo Helm B3 has restored control over themself
Player Control: Ai(3)-Torbran Burn B3 has restored control over themself
Player Control: Ai(4)-Wilhelt Zombies B3 has restored control over themself
Game Outcome: Turn 20
Game Outcome: Ai(1)-Wyleth Voltron B3 has lost because life total reached 0
Game Outcome: Ai(2)-Kilo Helm B3 has lost because life total reached 0
Game Outcome: Ai(3)-Torbran Burn B3 has won because all opponents have lost
Game Outcome: Ai(4)-Wilhelt Zombies B3 has lost because life total reached 0
Match Result: Ai(1)-Wyleth Voltron B3: 1 Ai(2)-Kilo Helm B3: 0 Ai(3)-Torbran Burn B3: 2 Ai(4)-Wilhelt Zombies B3: 1 

Game Result: Game 4 ended in 28284 ms. Ai(3)-Torbran Burn B3 has won!

