Error handling registered!
21:46:03 [INFO ] GuiBase: ##########################################
21:46:03 [INFO ] GuiBase: APP: Forge v.2.0.13-SNAPSHOT-06.22
21:46:03 [INFO ] GuiBase: Java: 17.0.20 (Homebrew)
21:46:03 [INFO ] GuiBase: OS: Mac OS X 15.7.5 aarch64
21:46:03 [INFO ] GuiBase: RAM: 4096 MB max, 12 CPUs
21:46:03 [INFO ] GuiBase: ##########################################
Language 'en-US' loaded successfully.
(ThreadUtil first call): Running with priority 5
Read cards: 33319 archived files in 0 ms (25 parts) using thread pool
Upcoming set Star Trek (TRK) dated in the future. All `upcoming` cards will be added to this set with unknown rarity.
The card A-Alrund's Epiphany was not assigned to any set. Adding it to UNKNOWN set... to fix see res/editions/ folder. 
The card A-Baba Lysaga, Night Witch was not assigned to any set. Adding it to UNKNOWN set... to fix see res/editions/ folder. 
The card A-Divide by Zero was not assigned to any set. Adding it to UNKNOWN set... to fix see res/editions/ folder. 
The card A-Esika's Chariot was not assigned to any set. Adding it to UNKNOWN set... to fix see res/editions/ folder. 
The card A-Faceless Haven was not assigned to any set. Adding it to UNKNOWN set... to fix see res/editions/ folder. 
The card A-Fires of Invention was not assigned to any set. Adding it to UNKNOWN set... to fix see res/editions/ folder. 
The card A-Goldspan Dragon was not assigned to any set. Adding it to UNKNOWN set... to fix see res/editions/ folder. 
The card A-Hullbreaker Horror was not assigned to any set. Adding it to UNKNOWN set... to fix see res/editions/ folder. 
The card A-Kumano Faces Kakkazan was not assigned to any set. Adding it to UNKNOWN set... to fix see res/editions/ folder. 
The card A-Luminarch Aspirant was not assigned to any set. Adding it to UNKNOWN set... to fix see res/editions/ folder. 
The card A-Monster Manual was not assigned to any set. Adding it to UNKNOWN set... to fix see res/editions/ folder. 
The card A-Omnath, Locus of Creation was not assigned to any set. Adding it to UNKNOWN set... to fix see res/editions/ folder. 
The card A-The Meathook Massacre was not assigned to any set. Adding it to UNKNOWN set... to fix see res/editions/ folder. 
The card A-Unholy Heat was not assigned to any set. Adding it to UNKNOWN set... to fix see res/editions/ folder. 
The card Blinding Radiance was not assigned to any set. Adding it to UNKNOWN set... to fix see res/editions/ folder. 
The card Goblin Bruiser was not assigned to any set. Adding it to UNKNOWN set... to fix see res/editions/ folder. 
The card Ogre Painbringer was not assigned to any set. Adding it to UNKNOWN set... to fix see res/editions/ folder. 
The card Titanic Pelagosaur was not assigned to any set. Adding it to UNKNOWN set... to fix see res/editions/ folder. 
The card Treetop Recluse was not assigned to any set. Adding it to UNKNOWN set... to fix see res/editions/ folder. 
Upcoming set Star Trek (TRK) dated in the future. All `upcoming` cards will be added to this set with unknown rarity.
Read cards: 821 files in 0 ms (8 parts) using thread pool
Simulation mode
Ai(1)-Kilo Helm B3 vs Ai(2)-Ur-Dragon B3 vs Ai(3)-Dnide Wildsear vs Ai(4)-Inspirit EDHREC Average - four games of Commander
Warning: default (ie. inherited from base class) implementation of confirmAction is used by Kilo, Apogee Mind for forge.ai.ability.PermanentCreatureAi. Consider declaring an overloaded method
Mulligan: Ai(1)-Kilo Helm B3 has mulliganed down to 7 cards.
Mulligan: Ai(2)-Ur-Dragon B3 has mulliganed down to 7 cards.
Mulligan: Ai(1)-Kilo Helm B3 has kept a hand of 7 cards
Mulligan: Ai(2)-Ur-Dragon B3 has kept a hand of 7 cards
Mulligan: Ai(3)-Dnide Wildsear has kept a hand of 7 cards
Mulligan: Ai(4)-Inspirit EDHREC Average has kept a hand of 7 cards
Turn: Turn 1 (Ai(1)-Kilo Helm B3)
Phase: Ai(1)-Kilo Helm B3's Untap step
Phase: Ai(1)-Kilo Helm B3's Upkeep step
Phase: Ai(1)-Kilo Helm B3's Draw step
Phase: Ai(1)-Kilo Helm B3's Main phase, precombat
Land: Ai(1)-Kilo Helm B3 played Skycloud Expanse (82)
Phase: Ai(1)-Kilo Helm B3's Beginning of Combat Step
Phase: Ai(1)-Kilo Helm B3's Declare Attackers Step
Phase: Ai(1)-Kilo Helm B3's Declare Blockers Step
Phase: Ai(1)-Kilo Helm B3's First Strike Damage Step
Phase: Ai(1)-Kilo Helm B3's Combat Damage Step
Phase: Ai(1)-Kilo Helm B3's End of Combat Step
Phase: Ai(1)-Kilo Helm B3's Main phase, postcombat
Phase: Ai(1)-Kilo Helm B3's End step
Phase: Ai(1)-Kilo Helm B3's Cleanup step
Turn: Turn 2 (Ai(2)-Ur-Dragon B3)
Phase: Ai(2)-Ur-Dragon B3's Untap step
Phase: Ai(2)-Ur-Dragon B3's Upkeep step
Phase: Ai(2)-Ur-Dragon B3's Draw step
Phase: Ai(2)-Ur-Dragon B3's Main phase, precombat
Replacement Effect: Seaside Citadel enters tapped.
Land: Ai(2)-Ur-Dragon B3 played Seaside Citadel (175)
Phase: Ai(2)-Ur-Dragon B3's Beginning of Combat Step
Phase: Ai(2)-Ur-Dragon B3's Declare Attackers Step
Phase: Ai(2)-Ur-Dragon B3's Declare Blockers Step
Phase: Ai(2)-Ur-Dragon B3's First Strike Damage Step
Phase: Ai(2)-Ur-Dragon B3's Combat Damage Step
Phase: Ai(2)-Ur-Dragon B3's End of Combat Step
Phase: Ai(2)-Ur-Dragon B3's Main phase, postcombat
Phase: Ai(2)-Ur-Dragon B3's End step
Phase: Ai(2)-Ur-Dragon B3's Cleanup step
Turn: Turn 3 (Ai(3)-Dnide Wildsear)
Phase: Ai(3)-Dnide Wildsear's Untap step
Phase: Ai(3)-Dnide Wildsear's Upkeep step
Phase: Ai(3)-Dnide Wildsear's Draw step
Phase: Ai(3)-Dnide Wildsear's Main phase, precombat
Replacement Effect: Rockfall Vale enters tapped unless you control two or more other lands.
Land: Ai(3)-Dnide Wildsear played Rockfall Vale (223)
Phase: Ai(3)-Dnide Wildsear's Beginning of Combat Step
Phase: Ai(3)-Dnide Wildsear's Declare Attackers Step
Phase: Ai(3)-Dnide Wildsear's Declare Blockers Step
Phase: Ai(3)-Dnide Wildsear's First Strike Damage Step
Phase: Ai(3)-Dnide Wildsear's Combat Damage Step
Phase: Ai(3)-Dnide Wildsear's End of Combat Step
Phase: Ai(3)-Dnide Wildsear's Main phase, postcombat
Phase: Ai(3)-Dnide Wildsear's End step
Phase: Ai(3)-Dnide Wildsear's Cleanup step
Turn: Turn 4 (Ai(4)-Inspirit EDHREC Average)
Phase: Ai(4)-Inspirit EDHREC Average's Untap step
Phase: Ai(4)-Inspirit EDHREC Average's Upkeep step
Phase: Ai(4)-Inspirit EDHREC Average's Draw step
Phase: Ai(4)-Inspirit EDHREC Average's Main phase, precombat
Land: Ai(4)-Inspirit EDHREC Average played Rugged Prairie (349)
Phase: Ai(4)-Inspirit EDHREC Average's Beginning of Combat Step
Phase: Ai(4)-Inspirit EDHREC Average's Declare Attackers Step
Phase: Ai(4)-Inspirit EDHREC Average's Declare Blockers Step
Phase: Ai(4)-Inspirit EDHREC Average's First Strike Damage Step
Phase: Ai(4)-Inspirit EDHREC Average's Combat Damage Step
Phase: Ai(4)-Inspirit EDHREC Average's End of Combat Step
Phase: Ai(4)-Inspirit EDHREC Average's Main phase, postcombat
Phase: Ai(4)-Inspirit EDHREC Average's End step
Phase: Ai(4)-Inspirit EDHREC Average's Cleanup step
Turn: Turn 5 (Ai(1)-Kilo Helm B3)
Phase: Ai(1)-Kilo Helm B3's Untap step
Phase: Ai(1)-Kilo Helm B3's Upkeep step
Phase: Ai(1)-Kilo Helm B3's Draw step
Phase: Ai(1)-Kilo Helm B3's Main phase, precombat
Land: Ai(1)-Kilo Helm B3 played Plains (55)
Phase: Ai(1)-Kilo Helm B3's Beginning of Combat Step
Phase: Ai(1)-Kilo Helm B3's Declare Attackers Step
Phase: Ai(1)-Kilo Helm B3's Declare Blockers Step
Phase: Ai(1)-Kilo Helm B3's First Strike Damage Step
Phase: Ai(1)-Kilo Helm B3's Combat Damage Step
Phase: Ai(1)-Kilo Helm B3's End of Combat Step
Phase: Ai(1)-Kilo Helm B3's Main phase, postcombat
Phase: Ai(1)-Kilo Helm B3's End step
Phase: Ai(1)-Kilo Helm B3's Cleanup step
Turn: Turn 6 (Ai(2)-Ur-Dragon B3)
Phase: Ai(2)-Ur-Dragon B3's Untap step
Phase: Ai(2)-Ur-Dragon B3's Upkeep step
Phase: Ai(2)-Ur-Dragon B3's Draw step
Phase: Ai(2)-Ur-Dragon B3's Main phase, precombat
Land: Ai(2)-Ur-Dragon B3 played Forest (150)
Mana: Forest (150) - {T}: Add {G}.
Mana: Seaside Citadel (175) - {T}: Add {G}, {W}, or {U}.
Add To Stack: Ai(2)-Ur-Dragon B3 cast Nature's Lore
Resolve Stack: Nature's Lore (171) - Ai(2)-Ur-Dragon B3 searches their library for a Forest card, puts it onto the battlefield, then shuffles.
Mana: Forest (146) - {T}: Add {G}.
Resolve Stack: Ai(2)-Ur-Dragon B3 has suspended Search for Tomorrow with 2 time counters on it.
Phase: Ai(2)-Ur-Dragon B3's Beginning of Combat Step
Phase: Ai(2)-Ur-Dragon B3's Declare Attackers Step
Phase: Ai(2)-Ur-Dragon B3's Declare Blockers Step
Phase: Ai(2)-Ur-Dragon B3's First Strike Damage Step
Phase: Ai(2)-Ur-Dragon B3's Combat Damage Step
Phase: Ai(2)-Ur-Dragon B3's End of Combat Step
Phase: Ai(2)-Ur-Dragon B3's Main phase, postcombat
Phase: Ai(2)-Ur-Dragon B3's End step
Phase: Ai(2)-Ur-Dragon B3's Cleanup step
Turn: Turn 7 (Ai(3)-Dnide Wildsear)
Phase: Ai(3)-Dnide Wildsear's Untap step
Phase: Ai(3)-Dnide Wildsear's Upkeep step
Phase: Ai(3)-Dnide Wildsear's Draw step
Phase: Ai(3)-Dnide Wildsear's Main phase, precombat
Land: Ai(3)-Dnide Wildsear played Forest (258)
Mana: Forest (258) - {T}: Add {G}.
Mana: Rockfall Vale (223) - {T}: Add {R} or {G}.
Resolve Stack: Ai(3)-Dnide Wildsear has foretold.
Phase: Ai(3)-Dnide Wildsear's Beginning of Combat Step
Phase: Ai(3)-Dnide Wildsear's Declare Attackers Step
Phase: Ai(3)-Dnide Wildsear's Declare Blockers Step
Phase: Ai(3)-Dnide Wildsear's First Strike Damage Step
Phase: Ai(3)-Dnide Wildsear's Combat Damage Step
Phase: Ai(3)-Dnide Wildsear's End of Combat Step
Phase: Ai(3)-Dnide Wildsear's Main phase, postcombat
Phase: Ai(3)-Dnide Wildsear's End step
Phase: Ai(3)-Dnide Wildsear's Cleanup step
Turn: Turn 8 (Ai(4)-Inspirit EDHREC Average)
Phase: Ai(4)-Inspirit EDHREC Average's Untap step
Phase: Ai(4)-Inspirit EDHREC Average's Upkeep step
Phase: Ai(4)-Inspirit EDHREC Average's Draw step
Phase: Ai(4)-Inspirit EDHREC Average's Main phase, precombat
Land: Ai(4)-Inspirit EDHREC Average played Command Tower (308)
Phase: Ai(4)-Inspirit EDHREC Average's Beginning of Combat Step
Phase: Ai(4)-Inspirit EDHREC Average's Declare Attackers Step
Phase: Ai(4)-Inspirit EDHREC Average's Declare Blockers Step
Phase: Ai(4)-Inspirit EDHREC Average's First Strike Damage Step
Phase: Ai(4)-Inspirit EDHREC Average's Combat Damage Step
Phase: Ai(4)-Inspirit EDHREC Average's End of Combat Step
Phase: Ai(4)-Inspirit EDHREC Average's Main phase, postcombat
Phase: Ai(4)-Inspirit EDHREC Average's End step
Phase: Ai(4)-Inspirit EDHREC Average's Cleanup step
Turn: Turn 9 (Ai(1)-Kilo Helm B3)
Phase: Ai(1)-Kilo Helm B3's Untap step
Phase: Ai(1)-Kilo Helm B3's Upkeep step
Phase: Ai(1)-Kilo Helm B3's Draw step
Phase: Ai(1)-Kilo Helm B3's Main phase, precombat
Phase: Ai(1)-Kilo Helm B3's Beginning of Combat Step
Phase: Ai(1)-Kilo Helm B3's Declare Attackers Step
Phase: Ai(1)-Kilo Helm B3's Declare Blockers Step
Phase: Ai(1)-Kilo Helm B3's First Strike Damage Step
Phase: Ai(1)-Kilo Helm B3's Combat Damage Step
Phase: Ai(1)-Kilo Helm B3's End of Combat Step
Phase: Ai(1)-Kilo Helm B3's Main phase, postcombat
Phase: Ai(1)-Kilo Helm B3's End step
Phase: Ai(1)-Kilo Helm B3's Cleanup step
Discard: Ai(1)-Kilo Helm B3 discards Extinguisher Battleship (50).
Turn: Turn 10 (Ai(2)-Ur-Dragon B3)
Phase: Ai(2)-Ur-Dragon B3's Untap step
Phase: Ai(2)-Ur-Dragon B3's Upkeep step
Add To Stack: Ai(2)-Ur-Dragon B3 triggered Search for Tomorrow
Resolve Stack: At the beginning of your upkeep, if this card is suspended, remove a time counter from it [Phase: Ai(2)-Ur-Dragon B3]
Phase: Ai(2)-Ur-Dragon B3's Draw step
Phase: Ai(2)-Ur-Dragon B3's Main phase, precombat
Land: Ai(2)-Ur-Dragon B3 played Forest (149)
Phase: Ai(2)-Ur-Dragon B3's Beginning of Combat Step
Phase: Ai(2)-Ur-Dragon B3's Declare Attackers Step
Phase: Ai(2)-Ur-Dragon B3's Declare Blockers Step
Phase: Ai(2)-Ur-Dragon B3's First Strike Damage Step
Phase: Ai(2)-Ur-Dragon B3's Combat Damage Step
Phase: Ai(2)-Ur-Dragon B3's End of Combat Step
Phase: Ai(2)-Ur-Dragon B3's Main phase, postcombat
Mana: Forest (150) - {T}: Add {G}.
Mana: Forest (146) - {T}: Add {G}.
Add To Stack: Ai(2)-Ur-Dragon B3 cast Fellwar Stone
Resolve Stack: Fellwar Stone
Phase: Ai(2)-Ur-Dragon B3's End step
Phase: Ai(2)-Ur-Dragon B3's Cleanup step
Turn: Turn 11 (Ai(3)-Dnide Wildsear)
Phase: Ai(3)-Dnide Wildsear's Untap step
Phase: Ai(3)-Dnide Wildsear's Upkeep step
Phase: Ai(3)-Dnide Wildsear's Draw step
Phase: Ai(3)-Dnide Wildsear's Main phase, precombat
Land: Ai(3)-Dnide Wildsear played Mountain (285)
Mana: Mountain (285) - {T}: Add {R}.
Mana: Forest (258) - {T}: Add {G}.
Mana: Rockfall Vale (223) - {T}: Add {R} or {G}.
Add To Stack: Ai(3)-Dnide Wildsear cast Laelia, the Blade Reforged
Resolve Stack: Laelia, the Blade Reforged - Creature 2 / 2
Phase: Ai(3)-Dnide Wildsear's Beginning of Combat Step
Phase: Ai(3)-Dnide Wildsear's Declare Attackers Step
Combat: Ai(3)-Dnide Wildsear assigned Laelia, the Blade Reforged (290) to attack Ai(2)-Ur-Dragon B3.
Add To Stack: Ai(3)-Dnide Wildsear triggered Laelia, the Blade Reforged
Resolve Stack: Whenever Laelia, the Blade Reforged attacks, exile the top card of your library. You may play that card this turn. [Attacker: Laelia, the Blade Reforged (290)]
Add To Stack: Ai(3)-Dnide Wildsear triggered Laelia, the Blade Reforged
Resolve Stack: Whenever one or more cards are put into exile from your library and/or your graveyard, put a +1/+1 counter on Laelia. [Amount: 1]
Phase: Ai(3)-Dnide Wildsear's Declare Blockers Step
Combat: Ai(2)-Ur-Dragon B3 didn't block Laelia, the Blade Reforged (290).
Phase: Ai(3)-Dnide Wildsear's First Strike Damage Step
Phase: Ai(3)-Dnide Wildsear's Combat Damage Step
Damage: Laelia, the Blade Reforged (290) deals 3 combat damage to Ai(2)-Ur-Dragon B3.
Life: Life: Ai(2)-Ur-Dragon B3 40 > 37
Phase: Ai(3)-Dnide Wildsear's End of Combat Step
Phase: Ai(3)-Dnide Wildsear's Main phase, postcombat
Phase: Ai(3)-Dnide Wildsear's End step
Phase: Ai(3)-Dnide Wildsear's Cleanup step
Turn: Turn 12 (Ai(4)-Inspirit EDHREC Average)
Phase: Ai(4)-Inspirit EDHREC Average's Untap step
Phase: Ai(4)-Inspirit EDHREC Average's Upkeep step
Phase: Ai(4)-Inspirit EDHREC Average's Draw step
Phase: Ai(4)-Inspirit EDHREC Average's Main phase, precombat
Land: Ai(4)-Inspirit EDHREC Average played Adarkar Wastes (398)
Phase: Ai(4)-Inspirit EDHREC Average's Beginning of Combat Step
Phase: Ai(4)-Inspirit EDHREC Average's Declare Attackers Step
Phase: Ai(4)-Inspirit EDHREC Average's Declare Blockers Step
Phase: Ai(4)-Inspirit EDHREC Average's First Strike Damage Step
Phase: Ai(4)-Inspirit EDHREC Average's Combat Damage Step
Phase: Ai(4)-Inspirit EDHREC Average's End of Combat Step
Phase: Ai(4)-Inspirit EDHREC Average's Main phase, postcombat
Mana: Command Tower (308) - {T}: Add one mana of any color in your commander's color identity.
Mana: Adarkar Wastes (398) - {T}: Add {C}.
Mana: Rugged Prairie (349) - {T}: Add {C}.
Add To Stack: Ai(4)-Inspirit EDHREC Average cast Tezzeret, Cruel Captain
Replacement Effect: Tezzeret, Cruel Captain enters with four loyalty counters on it.
Resolve Stack: Tezzeret, Cruel Captain
Add To Stack: Ai(4)-Inspirit EDHREC Average activated Tezzeret, Cruel Captain
Resolve Stack: Tezzeret, Cruel Captain (358) - Search your library for an artifact card with mana value 1 or less, reveal it, put it into your hand, then shuffle.
Phase: Ai(4)-Inspirit EDHREC Average's End step
Phase: Ai(4)-Inspirit EDHREC Average's Cleanup step
Turn: Turn 13 (Ai(1)-Kilo Helm B3)
Phase: Ai(1)-Kilo Helm B3's Untap step
Phase: Ai(1)-Kilo Helm B3's Upkeep step
Phase: Ai(1)-Kilo Helm B3's Draw step
Phase: Ai(1)-Kilo Helm B3's Main phase, precombat
Phase: Ai(1)-Kilo Helm B3's Beginning of Combat Step
Phase: Ai(1)-Kilo Helm B3's Declare Attackers Step
Phase: Ai(1)-Kilo Helm B3's Declare Blockers Step
Phase: Ai(1)-Kilo Helm B3's First Strike Damage Step
Phase: Ai(1)-Kilo Helm B3's Combat Damage Step
Phase: Ai(1)-Kilo Helm B3's End of Combat Step
Phase: Ai(1)-Kilo Helm B3's Main phase, postcombat
Phase: Ai(1)-Kilo Helm B3's End step
Phase: Ai(1)-Kilo Helm B3's Cleanup step
Discard: Ai(1)-Kilo Helm B3 discards Tekuthal, Inquiry Dominus (30).
Turn: Turn 14 (Ai(2)-Ur-Dragon B3)
Phase: Ai(2)-Ur-Dragon B3's Untap step
Phase: Ai(2)-Ur-Dragon B3's Upkeep step
Add To Stack: Ai(2)-Ur-Dragon B3 triggered Search for Tomorrow
Resolve Stack: At the beginning of your upkeep, if this card is suspended, remove a time counter from it [Phase: Ai(2)-Ur-Dragon B3]
Add To Stack: Ai(2)-Ur-Dragon B3 triggered Search for Tomorrow
Add To Stack: Ai(2)-Ur-Dragon B3 cast Search for Tomorrow
Resolve Stack: When the last time counter is removed from this card, if it's exiled, you may play it without paying its mana cost if able.  If you can't, it remains exiled. If you cast a creature spell this way, it gains haste until you lose control of the spell or the permanent it becomes. [Removed from: Search for Tomorrow (128)]
Resolve Stack: Search for Tomorrow (128) - Ai(2)-Ur-Dragon B3 searches their library for a basic land card, puts it onto the battlefield, then shuffles.
Phase: Ai(2)-Ur-Dragon B3's Draw step
Phase: Ai(2)-Ur-Dragon B3's Main phase, precombat
Mana: Fellwar Stone (130) - {T}: Add one mana of any color that a land an opponent controls could produce.
Mana: Seaside Citadel (175) - {T}: Add {G}, {W}, or {U}.
Mana: Forest (150) - {T}: Add {G}.
Mana: Forest (146) - {T}: Add {G}.
Add To Stack: Ai(2)-Ur-Dragon B3 cast Rite of Replication targeting [Laelia, the Blade Reforged (290)]
Resolve Stack: Rite of Replication (103) - Ai(2)-Ur-Dragon B3 creates a token that's a copy of Laelia, the Blade Reforged (290).
Phase: Ai(2)-Ur-Dragon B3's Beginning of Combat Step
Phase: Ai(2)-Ur-Dragon B3's Declare Attackers Step
Combat: Ai(2)-Ur-Dragon B3 assigned Laelia, the Blade Reforged (407) to attack Tezzeret, Cruel Captain (358).
Add To Stack: Ai(2)-Ur-Dragon B3 triggered Laelia, the Blade Reforged
Resolve Stack: Whenever Laelia, the Blade Reforged attacks, exile the top card of your library. You may play that card this turn. [Attacker: Laelia, the Blade Reforged (407)]
Add To Stack: Ai(2)-Ur-Dragon B3 triggered Laelia, the Blade Reforged
Resolve Stack: Whenever one or more cards are put into exile from your library and/or your graveyard, put a +1/+1 counter on Laelia. [Amount: 1]
Phase: Ai(2)-Ur-Dragon B3's Declare Blockers Step
Combat: Ai(4)-Inspirit EDHREC Average didn't block Laelia, the Blade Reforged (407).
Phase: Ai(2)-Ur-Dragon B3's First Strike Damage Step
Phase: Ai(2)-Ur-Dragon B3's Combat Damage Step
Zone Change: Tezzeret, Cruel Captain (358) was put into Graveyard from Battlefield.
Phase: Ai(2)-Ur-Dragon B3's End of Combat Step
Phase: Ai(2)-Ur-Dragon B3's Main phase, postcombat
Phase: Ai(2)-Ur-Dragon B3's End step
Phase: Ai(2)-Ur-Dragon B3's Cleanup step
Turn: Turn 15 (Ai(3)-Dnide Wildsear)
Phase: Ai(3)-Dnide Wildsear's Untap step
Phase: Ai(3)-Dnide Wildsear's Upkeep step
Phase: Ai(3)-Dnide Wildsear's Draw step
Phase: Ai(3)-Dnide Wildsear's Main phase, precombat
Land: Ai(3)-Dnide Wildsear played Mountain (280)
Phase: Ai(3)-Dnide Wildsear's Beginning of Combat Step
Phase: Ai(3)-Dnide Wildsear's Declare Attackers Step
Combat: Ai(3)-Dnide Wildsear assigned Laelia, the Blade Reforged (290) to attack Ai(2)-Ur-Dragon B3.
Add To Stack: Ai(3)-Dnide Wildsear triggered Laelia, the Blade Reforged
Resolve Stack: Whenever Laelia, the Blade Reforged attacks, exile the top card of your library. You may play that card this turn. [Attacker: Laelia, the Blade Reforged (290)]
Add To Stack: Ai(3)-Dnide Wildsear triggered Laelia, the Blade Reforged
Resolve Stack: Whenever one or more cards are put into exile from your library and/or your graveyard, put a +1/+1 counter on Laelia. [Amount: 1]
Phase: Ai(3)-Dnide Wildsear's Declare Blockers Step
Combat: Ai(2)-Ur-Dragon B3 didn't block Laelia, the Blade Reforged (290).
Phase: Ai(3)-Dnide Wildsear's First Strike Damage Step
Phase: Ai(3)-Dnide Wildsear's Combat Damage Step
Damage: Laelia, the Blade Reforged (290) deals 4 combat damage to Ai(2)-Ur-Dragon B3.
Life: Life: Ai(2)-Ur-Dragon B3 37 > 33
Phase: Ai(3)-Dnide Wildsear's End of Combat Step
Phase: Ai(3)-Dnide Wildsear's Main phase, postcombat
Mana: Forest (258) - {T}: Add {G}.
Mana: Mountain (285) - {T}: Add {R}.
Mana: Mountain (280) - {T}: Add {R}.
Add To Stack: Ai(3)-Dnide Wildsear cast Setessan Champion
Resolve Stack: Setessan Champion - Creature 1 / 3
Phase: Ai(3)-Dnide Wildsear's End step
Phase: Ai(3)-Dnide Wildsear's Cleanup step
Turn: Turn 16 (Ai(4)-Inspirit EDHREC Average)
Phase: Ai(4)-Inspirit EDHREC Average's Untap step
Phase: Ai(4)-Inspirit EDHREC Average's Upkeep step
Phase: Ai(4)-Inspirit EDHREC Average's Draw step
Phase: Ai(4)-Inspirit EDHREC Average's Main phase, precombat
Land: Ai(4)-Inspirit EDHREC Average played Spire of Industry (313)
Phase: Ai(4)-Inspirit EDHREC Average's Beginning of Combat Step
Phase: Ai(4)-Inspirit EDHREC Average's Declare Attackers Step
Phase: Ai(4)-Inspirit EDHREC Average's Declare Blockers Step
Phase: Ai(4)-Inspirit EDHREC Average's First Strike Damage Step
Phase: Ai(4)-Inspirit EDHREC Average's Combat Damage Step
Phase: Ai(4)-Inspirit EDHREC Average's End of Combat Step
Phase: Ai(4)-Inspirit EDHREC Average's Main phase, postcombat
Mana: Command Tower (308) - {T}: Add one mana of any color in your commander's color identity.
Mana: Adarkar Wastes (398) - {T}: Add {C}.
Mana: Rugged Prairie (349) - {T}: Add {C}.
Mana: Spire of Industry (313) - {T}: Add {C}.
Add To Stack: Ai(4)-Inspirit EDHREC Average cast Hangarback Walker
Replacement Effect: Hangarback Walker enters with X +1/+1 counters on it.
Resolve Stack: Hangarback Walker - Creature 0 / 0 (X=2)
Phase: Ai(4)-Inspirit EDHREC Average's End step
Phase: Ai(4)-Inspirit EDHREC Average's Cleanup step
Turn: Turn 17 (Ai(1)-Kilo Helm B3)
Phase: Ai(1)-Kilo Helm B3's Untap step
Phase: Ai(1)-Kilo Helm B3's Upkeep step
Phase: Ai(1)-Kilo Helm B3's Draw step
Phase: Ai(1)-Kilo Helm B3's Main phase, precombat
Phase: Ai(1)-Kilo Helm B3's Beginning of Combat Step
Phase: Ai(1)-Kilo Helm B3's Declare Attackers Step
Phase: Ai(1)-Kilo Helm B3's Declare Blockers Step
Phase: Ai(1)-Kilo Helm B3's First Strike Damage Step
Phase: Ai(1)-Kilo Helm B3's Combat Damage Step
Phase: Ai(1)-Kilo Helm B3's End of Combat Step
Phase: Ai(1)-Kilo Helm B3's Main phase, postcombat
Mana: Plains (55) - {T}: Add {W}.
Add To Stack: Ai(1)-Kilo Helm B3 cast Swords to Plowshares targeting [Laelia, the Blade Reforged (290)]
Zone Change: Laelia, the Blade Reforged (290) was put into Exile from Battlefield.
Life: Life: Ai(3)-Dnide Wildsear 40 > 44
Resolve Stack: Swords to Plowshares (47) - Exile Laelia, the Blade Reforged (290). Ai(3)-Dnide Wildsear gains life equal to its power.
Phase: Ai(1)-Kilo Helm B3's End step
Phase: Ai(1)-Kilo Helm B3's Cleanup step
Turn: Turn 18 (Ai(2)-Ur-Dragon B3)
Phase: Ai(2)-Ur-Dragon B3's Untap step
Phase: Ai(2)-Ur-Dragon B3's Upkeep step
Mana: Fellwar Stone (130) - {T}: Add one mana of any color that a land an opponent controls could produce.
Mana: Plains (144) - {T}: Add {W}.
Mana: Forest (150) - {T}: Add {G}.
Add To Stack: Ai(2)-Ur-Dragon B3 cast Anguished Unmaking targeting [Hangarback Walker (374)]
Zone Change: Hangarback Walker (374) was put into Exile from Battlefield.
Life: Life: Ai(2)-Ur-Dragon B3 33 > 30
Resolve Stack: Anguished Unmaking (197) - Exile Hangarback Walker (374). Ai(2)-Ur-Dragon B3 loses 3 life.
Phase: Ai(2)-Ur-Dragon B3's Draw step
Phase: Ai(2)-Ur-Dragon B3's Main phase, precombat
Phase: Ai(2)-Ur-Dragon B3's Beginning of Combat Step
Phase: Ai(2)-Ur-Dragon B3's Declare Attackers Step
Combat: Ai(2)-Ur-Dragon B3 assigned Laelia, the Blade Reforged (407) to attack Ai(3)-Dnide Wildsear.
Add To Stack: Ai(2)-Ur-Dragon B3 triggered Laelia, the Blade Reforged
Resolve Stack: Whenever Laelia, the Blade Reforged attacks, exile the top card of your library. You may play that card this turn. [Attacker: Laelia, the Blade Reforged (407)]
Add To Stack: Ai(2)-Ur-Dragon B3 triggered Laelia, the Blade Reforged
Resolve Stack: Whenever one or more cards are put into exile from your library and/or your graveyard, put a +1/+1 counter on Laelia. [Amount: 1]
Phase: Ai(2)-Ur-Dragon B3's Declare Blockers Step
Combat: Ai(3)-Dnide Wildsear didn't block Laelia, the Blade Reforged (407).
Phase: Ai(2)-Ur-Dragon B3's First Strike Damage Step
Phase: Ai(2)-Ur-Dragon B3's Combat Damage Step
Damage: Laelia, the Blade Reforged (407) deals 4 combat damage to Ai(3)-Dnide Wildsear.
Life: Life: Ai(3)-Dnide Wildsear 44 > 40
Phase: Ai(2)-Ur-Dragon B3's End of Combat Step
Phase: Ai(2)-Ur-Dragon B3's Main phase, postcombat
Land: Ai(2)-Ur-Dragon B3 played Exotic Orchard (199)
Mana: Exotic Orchard (199) - {T}: Add one mana of any color that a land an opponent controls could produce.
Mana: Forest (146) - {T}: Add {G}.
Mana: Forest (149) - {T}: Add {G}.
Mana: Seaside Citadel (175) - {T}: Add {G}, {W}, or {U}.
Add To Stack: Ai(2)-Ur-Dragon B3 cast Crucible of Fire
Resolve Stack: Crucible of Fire
Phase: Ai(2)-Ur-Dragon B3's End step
Phase: Ai(2)-Ur-Dragon B3's Cleanup step
Turn: Turn 19 (Ai(3)-Dnide Wildsear)
Phase: Ai(3)-Dnide Wildsear's Untap step
Phase: Ai(3)-Dnide Wildsear's Upkeep step
Phase: Ai(3)-Dnide Wildsear's Draw step
Phase: Ai(3)-Dnide Wildsear's Main phase, precombat
Land: Ai(3)-Dnide Wildsear played Forest (256)
Mana: Forest (258) - {T}: Add {G}.
Mana: Forest (256) - {T}: Add {G}.
Mana: Mountain (285) - {T}: Add {R}.
Mana: Mountain (280) - {T}: Add {R}.
Mana: Rockfall Vale (223) - {T}: Add {R} or {G}.
Add To Stack: Ai(3)-Dnide Wildsear cast Runes of the Deus targeting [Setessan Champion (263)]
Resolve Stack: Runes of the Deus (289) -  Attach to Setessan Champion (263)
Add To Stack: Ai(3)-Dnide Wildsear triggered Setessan Champion
Resolve Stack: Constellation — Whenever an enchantment you control enters, put a +1/+1 counter on Setessan Champion and draw a card. [Zone Changer: Runes of the Deus (289)]
Phase: Ai(3)-Dnide Wildsear's Beginning of Combat Step
Phase: Ai(3)-Dnide Wildsear's Declare Attackers Step
Combat: Ai(3)-Dnide Wildsear assigned Setessan Champion (263) to attack Ai(2)-Ur-Dragon B3.
Phase: Ai(3)-Dnide Wildsear's Declare Blockers Step
Combat: Ai(2)-Ur-Dragon B3 didn't block Setessan Champion (263).
Phase: Ai(3)-Dnide Wildsear's First Strike Damage Step
Phase: Ai(3)-Dnide Wildsear's Combat Damage Step
Damage: Setessan Champion (263) deals 3 combat damage to Ai(2)-Ur-Dragon B3.
Life: Life: Ai(2)-Ur-Dragon B3 30 > 27
Phase: Ai(3)-Dnide Wildsear's End of Combat Step
Phase: Ai(3)-Dnide Wildsear's Main phase, postcombat
Phase: Ai(3)-Dnide Wildsear's End step
Phase: Ai(3)-Dnide Wildsear's Cleanup step
Turn: Turn 20 (Ai(4)-Inspirit EDHREC Average)
Phase: Ai(4)-Inspirit EDHREC Average's Untap step
Phase: Ai(4)-Inspirit EDHREC Average's Upkeep step
Phase: Ai(4)-Inspirit EDHREC Average's Draw step
Phase: Ai(4)-Inspirit EDHREC Average's Main phase, precombat
Phase: Ai(4)-Inspirit EDHREC Average's Beginning of Combat Step
Phase: Ai(4)-Inspirit EDHREC Average's Declare Attackers Step
Phase: Ai(4)-Inspirit EDHREC Average's Declare Blockers Step
Phase: Ai(4)-Inspirit EDHREC Average's First Strike Damage Step
Phase: Ai(4)-Inspirit EDHREC Average's Combat Damage Step
Phase: Ai(4)-Inspirit EDHREC Average's End of Combat Step
Phase: Ai(4)-Inspirit EDHREC Average's Main phase, postcombat
Mana: Command Tower (308) - {T}: Add one mana of any color in your commander's color identity.
Mana: Adarkar Wastes (398) - {T}: Add {C}.
Add To Stack: Ai(4)-Inspirit EDHREC Average cast Thrummingbird
Resolve Stack: Thrummingbird - Creature 1 / 1
Phase: Ai(4)-Inspirit EDHREC Average's End step
Phase: Ai(4)-Inspirit EDHREC Average's Cleanup step
Turn: Turn 21 (Ai(1)-Kilo Helm B3)
Phase: Ai(1)-Kilo Helm B3's Untap step
Phase: Ai(1)-Kilo Helm B3's Upkeep step
Phase: Ai(1)-Kilo Helm B3's Draw step
Phase: Ai(1)-Kilo Helm B3's Main phase, precombat
Land: Ai(1)-Kilo Helm B3 played Seat of the Synod (85)
Phase: Ai(1)-Kilo Helm B3's Beginning of Combat Step
Phase: Ai(1)-Kilo Helm B3's Declare Attackers Step
Phase: Ai(1)-Kilo Helm B3's Declare Blockers Step
Phase: Ai(1)-Kilo Helm B3's First Strike Damage Step
Phase: Ai(1)-Kilo Helm B3's Combat Damage Step
Phase: Ai(1)-Kilo Helm B3's End of Combat Step
Phase: Ai(1)-Kilo Helm B3's Main phase, postcombat
Mana: Seat of the Synod (85) - {T}: Add {U}.
Mana: Plains (55) - {T}: Add {W}.
Add To Stack: Ai(1)-Kilo Helm B3 cast Walking Ballista
Replacement Effect: Walking Ballista enters with X +1/+1 counters on it.
Resolve Stack: Walking Ballista - Creature 0 / 0 (X=1)
Phase: Ai(1)-Kilo Helm B3's End step
Phase: Ai(1)-Kilo Helm B3's Cleanup step
Turn: Turn 22 (Ai(2)-Ur-Dragon B3)
Phase: Ai(2)-Ur-Dragon B3's Untap step
Phase: Ai(2)-Ur-Dragon B3's Upkeep step
Phase: Ai(2)-Ur-Dragon B3's Draw step
Phase: Ai(2)-Ur-Dragon B3's Main phase, precombat
Mana: Fellwar Stone (130) - {T}: Add one mana of any color that a land an opponent controls could produce.
Mana: Forest (150) - {T}: Add {G}.
Mana: Plains (144) - {T}: Add {W}.
Mana: Exotic Orchard (199) - {T}: Add one mana of any color that a land an opponent controls could produce.
Mana: Forest (146) - {T}: Add {G}.
Mana: Forest (149) - {T}: Add {G}.
Add To Stack: Ai(2)-Ur-Dragon B3 cast Atarka, World Render
Resolve Stack: Atarka, World Render - Creature 6 / 4
Phase: Ai(2)-Ur-Dragon B3's Beginning of Combat Step
Phase: Ai(2)-Ur-Dragon B3's Declare Attackers Step
Combat: Ai(2)-Ur-Dragon B3 assigned Laelia, the Blade Reforged (407) to attack Ai(3)-Dnide Wildsear.
Add To Stack: Ai(2)-Ur-Dragon B3 triggered Laelia, the Blade Reforged
Resolve Stack: Whenever Laelia, the Blade Reforged attacks, exile the top card of your library. You may play that card this turn. [Attacker: Laelia, the Blade Reforged (407)]
Add To Stack: Ai(2)-Ur-Dragon B3 triggered Laelia, the Blade Reforged
Resolve Stack: Whenever one or more cards are put into exile from your library and/or your graveyard, put a +1/+1 counter on Laelia. [Amount: 1]
Phase: Ai(2)-Ur-Dragon B3's Declare Blockers Step
Combat: Ai(3)-Dnide Wildsear didn't block Laelia, the Blade Reforged (407).
Phase: Ai(2)-Ur-Dragon B3's First Strike Damage Step
Phase: Ai(2)-Ur-Dragon B3's Combat Damage Step
Damage: Laelia, the Blade Reforged (407) deals 5 combat damage to Ai(3)-Dnide Wildsear.
Life: Life: Ai(3)-Dnide Wildsear 40 > 35
Phase: Ai(2)-Ur-Dragon B3's End of Combat Step
Phase: Ai(2)-Ur-Dragon B3's Main phase, postcombat
Phase: Ai(2)-Ur-Dragon B3's End step
Phase: Ai(2)-Ur-Dragon B3's Cleanup step
Turn: Turn 23 (Ai(3)-Dnide Wildsear)
Phase: Ai(3)-Dnide Wildsear's Untap step
Phase: Ai(3)-Dnide Wildsear's Upkeep step
Phase: Ai(3)-Dnide Wildsear's Draw step
Phase: Ai(3)-Dnide Wildsear's Main phase, precombat
Mana: Forest (258) - {T}: Add {G}.
Mana: Forest (256) - {T}: Add {G}.
Add To Stack: Ai(3)-Dnide Wildsear cast Sanctum Weaver
Resolve Stack: Sanctum Weaver - Creature 0 / 2
Add To Stack: Ai(3)-Dnide Wildsear triggered Setessan Champion
Resolve Stack: Constellation — Whenever an enchantment you control enters, put a +1/+1 counter on Setessan Champion and draw a card. [Zone Changer: Sanctum Weaver (264)]
Land: Ai(3)-Dnide Wildsear played Mountain (287)
Phase: Ai(3)-Dnide Wildsear's Beginning of Combat Step
Phase: Ai(3)-Dnide Wildsear's Declare Attackers Step
Phase: Ai(3)-Dnide Wildsear's Declare Blockers Step
Phase: Ai(3)-Dnide Wildsear's First Strike Damage Step
Phase: Ai(3)-Dnide Wildsear's Combat Damage Step
Phase: Ai(3)-Dnide Wildsear's End of Combat Step
Phase: Ai(3)-Dnide Wildsear's Main phase, postcombat
Mana: Mountain (285) - {T}: Add {R}.
Mana: Mountain (280) - {T}: Add {R}.
Mana: Mountain (287) - {T}: Add {R}.
Mana: Rockfall Vale (223) - {T}: Add {R} or {G}.
Add To Stack: Ai(3)-Dnide Wildsear cast Wild-Magic Sorcerer
Resolve Stack: Wild-Magic Sorcerer - Creature 4 / 3
Phase: Ai(3)-Dnide Wildsear's End step
Phase: Ai(3)-Dnide Wildsear's Cleanup step
Turn: Turn 24 (Ai(4)-Inspirit EDHREC Average)
Phase: Ai(4)-Inspirit EDHREC Average's Untap step
Phase: Ai(4)-Inspirit EDHREC Average's Upkeep step
Phase: Ai(4)-Inspirit EDHREC Average's Draw step
Phase: Ai(4)-Inspirit EDHREC Average's Main phase, precombat
Phase: Ai(4)-Inspirit EDHREC Average's Beginning of Combat Step
Phase: Ai(4)-Inspirit EDHREC Average's Declare Attackers Step
Phase: Ai(4)-Inspirit EDHREC Average's Declare Blockers Step
Phase: Ai(4)-Inspirit EDHREC Average's First Strike Damage Step
Phase: Ai(4)-Inspirit EDHREC Average's Combat Damage Step
Phase: Ai(4)-Inspirit EDHREC Average's End of Combat Step
Phase: Ai(4)-Inspirit EDHREC Average's Main phase, postcombat
Mana: Command Tower (308) - {T}: Add one mana of any color in your commander's color identity.
Damage: Adarkar Wastes (398) deals 1 non-combat damage to Ai(4)-Inspirit EDHREC Average.
Life: Life: Ai(4)-Inspirit EDHREC Average 40 > 39
Mana: Adarkar Wastes (398) - {T}: Add {W} or {U}. Adarkar Wastes deals 1 damage to you. 
Mana: Rugged Prairie (349) - {T}: Add {C}.
Mana: Spire of Industry (313) - {T}: Add {C}.
Add To Stack: Ai(4)-Inspirit EDHREC Average cast Tekuthal, Inquiry Dominus
Resolve Stack: Tekuthal, Inquiry Dominus - Creature 3 / 5
Phase: Ai(4)-Inspirit EDHREC Average's End step
Phase: Ai(4)-Inspirit EDHREC Average's Cleanup step
Turn: Turn 25 (Ai(1)-Kilo Helm B3)
Phase: Ai(1)-Kilo Helm B3's Untap step
Phase: Ai(1)-Kilo Helm B3's Upkeep step
Phase: Ai(1)-Kilo Helm B3's Draw step
Phase: Ai(1)-Kilo Helm B3's Main phase, precombat
Phase: Ai(1)-Kilo Helm B3's Beginning of Combat Step
Phase: Ai(1)-Kilo Helm B3's Declare Attackers Step
Phase: Ai(1)-Kilo Helm B3's Declare Blockers Step
Phase: Ai(1)-Kilo Helm B3's First Strike Damage Step
Phase: Ai(1)-Kilo Helm B3's Combat Damage Step
Phase: Ai(1)-Kilo Helm B3's End of Combat Step
Phase: Ai(1)-Kilo Helm B3's Main phase, postcombat
Mana: Seat of the Synod (85) - {T}: Add {U}.
Mana: Plains (55) - {T}: Add {W}.
Add To Stack: Ai(1)-Kilo Helm B3 cast Etherium Sculptor
Resolve Stack: Etherium Sculptor - Creature 1 / 2
Phase: Ai(1)-Kilo Helm B3's End step
Phase: Ai(1)-Kilo Helm B3's Cleanup step
Turn: Turn 26 (Ai(2)-Ur-Dragon B3)
Phase: Ai(2)-Ur-Dragon B3's Untap step
Phase: Ai(2)-Ur-Dragon B3's Upkeep step
Phase: Ai(2)-Ur-Dragon B3's Draw step
Phase: Ai(2)-Ur-Dragon B3's Main phase, precombat
Land: Ai(2)-Ur-Dragon B3 played Mountain (182)
Mana: Fellwar Stone (130) - {T}: Add one mana of any color that a land an opponent controls could produce.
Mana: Forest (150) - {T}: Add {G}.
Mana: Plains (144) - {T}: Add {W}.
Mana: Exotic Orchard (199) - {T}: Add one mana of any color that a land an opponent controls could produce.
Mana: Forest (146) - {T}: Add {G}.
Add To Stack: Ai(2)-Ur-Dragon B3 cast Savage Ventmaw
Resolve Stack: Savage Ventmaw - Creature 4 / 4
Phase: Ai(2)-Ur-Dragon B3's Beginning of Combat Step
Phase: Ai(2)-Ur-Dragon B3's Declare Attackers Step
Combat: Ai(2)-Ur-Dragon B3 assigned Atarka, World Render (169) to attack Ai(3)-Dnide Wildsear.
Add To Stack: Ai(2)-Ur-Dragon B3 triggered Atarka, World Render
Resolve Stack: Whenever a Dragon you control attacks, it gains double strike until end of turn. [Attacker: Atarka, World Render (169)]
Phase: Ai(2)-Ur-Dragon B3's Declare Blockers Step
Combat: Ai(3)-Dnide Wildsear didn't block Atarka, World Render (169).
Phase: Ai(2)-Ur-Dragon B3's First Strike Damage Step
Damage: Atarka, World Render (169) deals 9 combat damage to Ai(3)-Dnide Wildsear.
Life: Life: Ai(3)-Dnide Wildsear 35 > 26
Phase: Ai(2)-Ur-Dragon B3's Combat Damage Step
Damage: Atarka, World Render (169) deals 9 combat damage to Ai(3)-Dnide Wildsear.
Life: Life: Ai(3)-Dnide Wildsear 26 > 17
Phase: Ai(2)-Ur-Dragon B3's End of Combat Step
Phase: Ai(2)-Ur-Dragon B3's Main phase, postcombat
Mana: Forest (149) - {T}: Add {G}.
Mana: Mountain (182) - {T}: Add {R}.
Mana: Seaside Citadel (175) - {T}: Add {G}, {W}, or {U}.
Add To Stack: Ai(2)-Ur-Dragon B3 cast Kodama's Reach
Resolve Stack: Kodama's Reach (190) - Search your library for up to two basic land cards, reveal those cards, put one onto the battlefield tapped and the other into your hand, then shuffle.   
Phase: Ai(2)-Ur-Dragon B3's End step
Phase: Ai(2)-Ur-Dragon B3's Cleanup step
Turn: Turn 27 (Ai(3)-Dnide Wildsear)
Phase: Ai(3)-Dnide Wildsear's Untap step
Phase: Ai(3)-Dnide Wildsear's Upkeep step
Phase: Ai(3)-Dnide Wildsear's Draw step
Phase: Ai(3)-Dnide Wildsear's Main phase, precombat
Land: Ai(3)-Dnide Wildsear played Mountain (288)
Phase: Ai(3)-Dnide Wildsear's Beginning of Combat Step
Phase: Ai(3)-Dnide Wildsear's Declare Attackers Step
Phase: Ai(3)-Dnide Wildsear's Declare Blockers Step
Phase: Ai(3)-Dnide Wildsear's First Strike Damage Step
Phase: Ai(3)-Dnide Wildsear's Combat Damage Step
Phase: Ai(3)-Dnide Wildsear's End of Combat Step
Phase: Ai(3)-Dnide Wildsear's Main phase, postcombat
Mana: Forest (258) - {T}: Add {G}.
Mana: Mountain (285) - {T}: Add {R}.
Mana: Forest (256) - {T}: Add {G}.
Mana: Mountain (280) - {T}: Add {R}.
Mana: Mountain (287) - {T}: Add {R}.
Add To Stack: Ai(3)-Dnide Wildsear cast Wildsear, Scouring Maw
Resolve Stack: Wildsear, Scouring Maw - Creature 6 / 6
Mana: Rockfall Vale (223) - {T}: Add {R} or {G}.
Mana: Mountain (288) - {T}: Add {R}.
Add To Stack: Ai(3)-Dnide Wildsear cast Goblin Anarchomancer
Resolve Stack: Goblin Anarchomancer - Creature 2 / 2
Phase: Ai(3)-Dnide Wildsear's End step
Phase: Ai(3)-Dnide Wildsear's Cleanup step
Turn: Turn 28 (Ai(4)-Inspirit EDHREC Average)
Phase: Ai(4)-Inspirit EDHREC Average's Untap step
Phase: Ai(4)-Inspirit EDHREC Average's Upkeep step
Phase: Ai(4)-Inspirit EDHREC Average's Draw step
Phase: Ai(4)-Inspirit EDHREC Average's Main phase, precombat
Phase: Ai(4)-Inspirit EDHREC Average's Beginning of Combat Step
Phase: Ai(4)-Inspirit EDHREC Average's Declare Attackers Step
Phase: Ai(4)-Inspirit EDHREC Average's Declare Blockers Step
Phase: Ai(4)-Inspirit EDHREC Average's First Strike Damage Step
Phase: Ai(4)-Inspirit EDHREC Average's Combat Damage Step
Phase: Ai(4)-Inspirit EDHREC Average's End of Combat Step
Phase: Ai(4)-Inspirit EDHREC Average's Main phase, postcombat
Mana: Command Tower (308) - {T}: Add one mana of any color in your commander's color identity.
Mana: Rugged Prairie (349) - {T}: Add {C}.
Mana: Adarkar Wastes (398) - {T}: Add {C}.
Mana: Spire of Industry (313) - {T}: Add {C}.
Add To Stack: Ai(4)-Inspirit EDHREC Average cast Phyrexian Metamorph
Replacement Effect: You may have Setessan Champion enter as a copy of any artifact or creature on the battlefield, except it's an artifact in addition to its other types.
Resolve Stack: Phyrexian Metamorph - Creature 0 / 0
Phase: Ai(4)-Inspirit EDHREC Average's End step
Phase: Ai(4)-Inspirit EDHREC Average's Cleanup step
Turn: Turn 29 (Ai(1)-Kilo Helm B3)
Phase: Ai(1)-Kilo Helm B3's Untap step
Phase: Ai(1)-Kilo Helm B3's Upkeep step
Phase: Ai(1)-Kilo Helm B3's Draw step
Phase: Ai(1)-Kilo Helm B3's Main phase, precombat
Replacement Effect: This land enters tapped unless you control two or more basic lands.
Land: Ai(1)-Kilo Helm B3 played Radiant Summit (23)
Phase: Ai(1)-Kilo Helm B3's Beginning of Combat Step
Phase: Ai(1)-Kilo Helm B3's Declare Attackers Step
Phase: Ai(1)-Kilo Helm B3's Declare Blockers Step
Phase: Ai(1)-Kilo Helm B3's First Strike Damage Step
Phase: Ai(1)-Kilo Helm B3's Combat Damage Step
Phase: Ai(1)-Kilo Helm B3's End of Combat Step
Phase: Ai(1)-Kilo Helm B3's Main phase, postcombat
Mana: Seat of the Synod (85) - {T}: Add {U}.
Mana: Plains (55) - {T}: Add {W}.
Add To Stack: Ai(1)-Kilo Helm B3 cast Foundry Inspector
Resolve Stack: Foundry Inspector - Creature 3 / 2
Phase: Ai(1)-Kilo Helm B3's End step
Phase: Ai(1)-Kilo Helm B3's Cleanup step
Turn: Turn 30 (Ai(2)-Ur-Dragon B3)
Phase: Ai(2)-Ur-Dragon B3's Untap step
Phase: Ai(2)-Ur-Dragon B3's Upkeep step
Phase: Ai(2)-Ur-Dragon B3's Draw step
Phase: Ai(2)-Ur-Dragon B3's Main phase, precombat
Mana: Fellwar Stone (130) - {T}: Add one mana of any color that a land an opponent controls could produce.
Mana: Exotic Orchard (199) - {T}: Add one mana of any color that a land an opponent controls could produce.
Mana: Plains (144) - {T}: Add {W}.
Mana: Island (157) - {T}: Add {U}.
Mana: Forest (150) - {T}: Add {G}.
Mana: Forest (146) - {T}: Add {G}.
Mana: Forest (149) - {T}: Add {G}.
Mana: Mountain (182) - {T}: Add {R}.
Mana: Seaside Citadel (175) - {T}: Add {G}, {W}, or {U}.
Add To Stack: Ai(2)-Ur-Dragon B3 cast The Ur-Dragon
Resolve Stack: The Ur-Dragon - Creature 10 / 10
Phase: Ai(2)-Ur-Dragon B3's Beginning of Combat Step
Phase: Ai(2)-Ur-Dragon B3's Declare Attackers Step
Combat: Ai(2)-Ur-Dragon B3 assigned Atarka, World Render (169) and Savage Ventmaw (186) to attack Ai(3)-Dnide Wildsear.
Add To Stack: Ai(2)-Ur-Dragon B3 triggered Savage Ventmaw
Add To Stack: Ai(2)-Ur-Dragon B3 triggered The Ur-Dragon
Add To Stack: Ai(2)-Ur-Dragon B3 triggered Atarka, World Render
Add To Stack: Ai(2)-Ur-Dragon B3 triggered Atarka, World Render
Resolve Stack: Whenever a Dragon you control attacks, it gains double strike until end of turn. [Attacker: Savage Ventmaw (186)]
Resolve Stack: Whenever a Dragon you control attacks, it gains double strike until end of turn. [Attacker: Atarka, World Render (169)]
Resolve Stack: Whenever one or more Dragons you control attack, draw that many cards, then you may put a permanent card from your hand onto the battlefield. [Number Attackers: [Atarka, World Render (169), Savage Ventmaw (186)]]
Resolve Stack: Whenever Savage Ventmaw attacks, add {R}{R}{R}{G}{G}{G}. Until end of turn, you don't lose this mana as steps and phases end. [Attacker: Savage Ventmaw (186)]
Phase: Ai(2)-Ur-Dragon B3's Declare Blockers Step
Combat: Ai(3)-Dnide Wildsear didn't block Atarka, World Render (169).
Ai(3)-Dnide Wildsear didn't block Savage Ventmaw (186).
Phase: Ai(2)-Ur-Dragon B3's First Strike Damage Step
Damage: Atarka, World Render (169) deals 9 combat damage to Ai(3)-Dnide Wildsear.
Damage: Savage Ventmaw (186) deals 7 combat damage to Ai(3)-Dnide Wildsear.
Life: Life: Ai(3)-Dnide Wildsear 17 > 1
Add To Stack: Ai(1)-Kilo Helm B3 activated Walking Ballista targeting [Ai(3)-Dnide Wildsear]
Zone Change: Walking Ballista (38) was put into Graveyard from Battlefield.
Damage: Walking Ballista (38) deals 1 non-combat damage to Ai(3)-Dnide Wildsear.
Life: Life: Ai(3)-Dnide Wildsear 1 > 0
Resolve Stack: Walking Ballista (38) - Walking Ballista (38) deals 1 damage to Ai(3)-Dnide Wildsear.
Phase: Ai(2)-Ur-Dragon B3's Combat Damage Step
Phase: Ai(2)-Ur-Dragon B3's End of Combat Step
Phase: Ai(2)-Ur-Dragon B3's Main phase, postcombat
Replacement Effect: Opulent Palace enters tapped.
Land: Ai(2)-Ur-Dragon B3 played Opulent Palace (166)
Add To Stack: Ai(2)-Ur-Dragon B3 cast Dragonspeaker Shaman
Resolve Stack: Dragonspeaker Shaman - Creature 2 / 2
Add To Stack: Ai(2)-Ur-Dragon B3 cast Dragon Tempest
Resolve Stack: Dragon Tempest
Phase: Ai(2)-Ur-Dragon B3's End step
Phase: Ai(2)-Ur-Dragon B3's Cleanup step
Turn: Turn 31 (Ai(4)-Inspirit EDHREC Average)
Phase: Ai(4)-Inspirit EDHREC Average's Untap step
Phase: Ai(4)-Inspirit EDHREC Average's Upkeep step
Phase: Ai(4)-Inspirit EDHREC Average's Draw step
Phase: Ai(4)-Inspirit EDHREC Average's Main phase, precombat
Phase: Ai(4)-Inspirit EDHREC Average's Beginning of Combat Step
Phase: Ai(4)-Inspirit EDHREC Average's Declare Attackers Step
Phase: Ai(4)-Inspirit EDHREC Average's Declare Blockers Step
Phase: Ai(4)-Inspirit EDHREC Average's First Strike Damage Step
Phase: Ai(4)-Inspirit EDHREC Average's Combat Damage Step
Phase: Ai(4)-Inspirit EDHREC Average's End of Combat Step
Phase: Ai(4)-Inspirit EDHREC Average's Main phase, postcombat
Mana: Command Tower (308) - {T}: Add one mana of any color in your commander's color identity.
Mana: Rugged Prairie (349) - {T}: Add {C}.
Mana: Adarkar Wastes (398) - {T}: Add {C}.
Mana: Spire of Industry (313) - {T}: Add {C}.
Add To Stack: Ai(4)-Inspirit EDHREC Average cast Lux Artillery
Resolve Stack: Lux Artillery
Phase: Ai(4)-Inspirit EDHREC Average's End step
Phase: Ai(4)-Inspirit EDHREC Average's Cleanup step
Turn: Turn 32 (Ai(1)-Kilo Helm B3)
Phase: Ai(1)-Kilo Helm B3's Untap step
Phase: Ai(1)-Kilo Helm B3's Upkeep step
Phase: Ai(1)-Kilo Helm B3's Draw step
Phase: Ai(1)-Kilo Helm B3's Main phase, precombat
Mana: Seat of the Synod (85) - {T}: Add {U}.
Mana: Plains (55) - {T}: Add {W}.
Add To Stack: Ai(1)-Kilo Helm B3 cast Everflowing Chalice
Replacement Effect: Everflowing Chalice enters with a charge counter on it for each time it was kicked.
Resolve Stack: Everflowing Chalice
Phase: Ai(1)-Kilo Helm B3's Beginning of Combat Step
Phase: Ai(1)-Kilo Helm B3's Declare Attackers Step
Phase: Ai(1)-Kilo Helm B3's Declare Blockers Step
Phase: Ai(1)-Kilo Helm B3's First Strike Damage Step
Phase: Ai(1)-Kilo Helm B3's Combat Damage Step
Phase: Ai(1)-Kilo Helm B3's End of Combat Step
Phase: Ai(1)-Kilo Helm B3's Main phase, postcombat
Mana: Radiant Summit (23) - {T}: Add {R}.
Add To Stack: Ai(1)-Kilo Helm B3 cast Surge Conductor
Resolve Stack: Surge Conductor - Creature 3 / 2
Phase: Ai(1)-Kilo Helm B3's End step
Phase: Ai(1)-Kilo Helm B3's Cleanup step
Turn: Turn 33 (Ai(2)-Ur-Dragon B3)
Phase: Ai(2)-Ur-Dragon B3's Untap step
Phase: Ai(2)-Ur-Dragon B3's Upkeep step
Phase: Ai(2)-Ur-Dragon B3's Draw step
Phase: Ai(2)-Ur-Dragon B3's Main phase, precombat
Phase: Ai(2)-Ur-Dragon B3's Beginning of Combat Step
Phase: Ai(2)-Ur-Dragon B3's Declare Attackers Step
Combat: Ai(2)-Ur-Dragon B3 assigned Atarka, World Render (169), Savage Ventmaw (186), Laelia, the Blade Reforged (407), The Ur-Dragon (201) and Glorybringer (105) to attack Ai(4)-Inspirit EDHREC Average.
Add To Stack: Ai(2)-Ur-Dragon B3 triggered Glorybringer targeting [Setessan Champion (331)]
Add To Stack: Ai(2)-Ur-Dragon B3 triggered Savage Ventmaw
Add To Stack: Ai(2)-Ur-Dragon B3 triggered Laelia, the Blade Reforged
Add To Stack: Ai(2)-Ur-Dragon B3 triggered The Ur-Dragon
Add To Stack: Ai(2)-Ur-Dragon B3 triggered Atarka, World Render
Add To Stack: Ai(2)-Ur-Dragon B3 triggered Atarka, World Render
Add To Stack: Ai(2)-Ur-Dragon B3 triggered Atarka, World Render
Add To Stack: Ai(2)-Ur-Dragon B3 triggered Atarka, World Render
Resolve Stack: Whenever a Dragon you control attacks, it gains double strike until end of turn. [Attacker: Glorybringer (105)]
Resolve Stack: Whenever a Dragon you control attacks, it gains double strike until end of turn. [Attacker: The Ur-Dragon (201)]
Resolve Stack: Whenever a Dragon you control attacks, it gains double strike until end of turn. [Attacker: Savage Ventmaw (186)]
Resolve Stack: Whenever a Dragon you control attacks, it gains double strike until end of turn. [Attacker: Atarka, World Render (169)]
Resolve Stack: Whenever one or more Dragons you control attack, draw that many cards, then you may put a permanent card from your hand onto the battlefield. [Number Attackers: [Atarka, World Render (169), Savage Ventmaw (186), The Ur-Dragon (201), Glorybringer (105)]]
Add To Stack: Ai(2)-Ur-Dragon B3 triggered Dragon Tempest targeting [Tekuthal, Inquiry Dominus (337)]
Add To Stack: Ai(2)-Ur-Dragon B3 triggered Dragon Tempest
Resolve Stack: Whenever a creature you control with flying enters, it gains haste until end of turn. [Zone Changer: Scion of the Ur-Dragon (117)]
Damage: Scion of the Ur-Dragon (117) deals 5 damage to Tekuthal, Inquiry Dominus (337).
Resolve Stack: Whenever a Dragon you control enters, it deals X damage to any target, where X is the number of Dragons you control. (Targeting: [[Tekuthal, Inquiry Dominus (337)]]) [Zone Changer: Scion of the Ur-Dragon (117)]
Zone Change: Tekuthal, Inquiry Dominus (337) was put into Graveyard from Battlefield.
Resolve Stack: Whenever Laelia, the Blade Reforged attacks, exile the top card of your library. You may play that card this turn. [Attacker: Laelia, the Blade Reforged (407)]
Add To Stack: Ai(2)-Ur-Dragon B3 triggered Laelia, the Blade Reforged
Resolve Stack: Whenever one or more cards are put into exile from your library and/or your graveyard, put a +1/+1 counter on Laelia. [Amount: 1]
Resolve Stack: Whenever Savage Ventmaw attacks, add {R}{R}{R}{G}{G}{G}. Until end of turn, you don't lose this mana as steps and phases end. [Attacker: Savage Ventmaw (186)]
Damage: Glorybringer (105) deals 4 damage to Setessan Champion (331).
Resolve Stack: When you exert Glorybringer, it deals 4 damage to target non-Dragon creature an opponent controls. (Targeting: [[Setessan Champion (331)]])
Zone Change: Setessan Champion (331) was put into Graveyard from Battlefield.
Phase: Ai(2)-Ur-Dragon B3's Declare Blockers Step
Combat: Ai(4)-Inspirit EDHREC Average didn't block Atarka, World Render (169).
Ai(4)-Inspirit EDHREC Average didn't block Savage Ventmaw (186).
Ai(4)-Inspirit EDHREC Average didn't block Laelia, the Blade Reforged (407).
Ai(4)-Inspirit EDHREC Average assigned Thrummingbird (314) to block The Ur-Dragon (201).
Ai(4)-Inspirit EDHREC Average didn't block Glorybringer (105).
Phase: Ai(2)-Ur-Dragon B3's First Strike Damage Step
Damage: Atarka, World Render (169) deals 9 combat damage to Ai(4)-Inspirit EDHREC Average.
Damage: Savage Ventmaw (186) deals 7 combat damage to Ai(4)-Inspirit EDHREC Average.
Damage: The Ur-Dragon (201) deals 13 damage to Thrummingbird (314).
Damage: Glorybringer (105) deals 7 combat damage to Ai(4)-Inspirit EDHREC Average.
Life: Life: Ai(4)-Inspirit EDHREC Average 39 > 16
Zone Change: Thrummingbird (314) was put into Graveyard from Battlefield.
Phase: Ai(2)-Ur-Dragon B3's Combat Damage Step
Damage: Atarka, World Render (169) deals 9 combat damage to Ai(4)-Inspirit EDHREC Average.
Damage: Savage Ventmaw (186) deals 7 combat damage to Ai(4)-Inspirit EDHREC Average.
Damage: Laelia, the Blade Reforged (407) deals 6 combat damage to Ai(4)-Inspirit EDHREC Average.
Damage: Glorybringer (105) deals 7 combat damage to Ai(4)-Inspirit EDHREC Average.
Life: Life: Ai(4)-Inspirit EDHREC Average 16 > -13
Phase: Ai(2)-Ur-Dragon B3's End of Combat Step
Phase: Ai(2)-Ur-Dragon B3's Main phase, postcombat
Land: Ai(2)-Ur-Dragon B3 played Haven of the Spirit Dragon (119)
Add To Stack: Ai(2)-Ur-Dragon B3 cast Urza's Incubator
Replacement Effect: As Urza's Incubator enters, choose a creature type.
Resolve Stack: Urza's Incubator
Add To Stack: Ai(2)-Ur-Dragon B3 cast Dragon's Hoard
Resolve Stack: Dragon's Hoard
Mana: Forest (150) - {T}: Add {G}.
Mana: Forest (146) - {T}: Add {G}.
Mana: Forest (149) - {T}: Add {G}.
Add To Stack: Ai(2)-Ur-Dragon B3 cast Cultivate
Resolve Stack: Cultivate (132) - Search your library for up to two basic land cards, reveal those cards, put one onto the battlefield tapped and the other into your hand, then shuffle.   
Mana: Fellwar Stone (130) - {T}: Add one mana of any color that a land an opponent controls could produce.
Mana: Plains (144) - {T}: Add {W}.
Add To Stack: Ai(2)-Ur-Dragon B3 activated Scion of the Ur-Dragon
Resolve Stack: Dragonlord Atarka (117) - Ai(2)-Ur-Dragon B3 searches their library for a Dragon card, puts it into its owner's graveyard, then shuffles. Dragonlord Atarka (117) becomes a copy of Dragonlord Atarka (117).
Mana: Exotic Orchard (199) - {T}: Add one mana of any color that a land an opponent controls could produce.
Mana: Mountain (182) - {T}: Add {R}.
Zone Change: Haven of the Spirit Dragon (119) was put into Graveyard from Battlefield.
Add To Stack: Ai(2)-Ur-Dragon B3 activated Haven of the Spirit Dragon targeting [Dragonlord Atarka (159)]
Resolve Stack: Haven of the Spirit Dragon (119) - Return Dragonlord Atarka (159) from the graveyard to its owner's hand.
Phase: Ai(2)-Ur-Dragon B3's End step
Phase: Ai(2)-Ur-Dragon B3's Cleanup step
Turn: Turn 34 (Ai(1)-Kilo Helm B3)
Phase: Ai(1)-Kilo Helm B3's Untap step
Phase: Ai(1)-Kilo Helm B3's Upkeep step
Phase: Ai(1)-Kilo Helm B3's Draw step
Phase: Ai(1)-Kilo Helm B3's Main phase, precombat
Mana: Radiant Summit (23) - {T}: Add {R}.
Mana: Seat of the Synod (85) - {T}: Add {U}.
Mana: Plains (55) - {T}: Add {W}.
Add To Stack: Ai(1)-Kilo Helm B3 cast Kilo, Apogee Mind
Resolve Stack: Kilo, Apogee Mind - Creature 3 / 3
Add To Stack: Ai(1)-Kilo Helm B3 triggered Surge Conductor
Resolve Stack: Whenever another nontoken artifact you control enters, proliferate. (Choose any number of permanents and/or players, then give each another counter of each kind already there.) [Zone Changer: Kilo, Apogee Mind (100)]
Phase: Ai(1)-Kilo Helm B3's Beginning of Combat Step
Phase: Ai(1)-Kilo Helm B3's Declare Attackers Step
Phase: Ai(1)-Kilo Helm B3's Declare Blockers Step
Phase: Ai(1)-Kilo Helm B3's First Strike Damage Step
Phase: Ai(1)-Kilo Helm B3's Combat Damage Step
Phase: Ai(1)-Kilo Helm B3's End of Combat Step
Phase: Ai(1)-Kilo Helm B3's Main phase, postcombat
Mana: Island (157) - {T}: Add {U}.
Mana: Seaside Citadel (175) - {T}: Add {G}, {W}, or {U}.
Add To Stack: Ai(2)-Ur-Dragon B3 activated Scion of the Ur-Dragon
Resolve Stack: Dragonlord Dromoka (117) - Ai(2)-Ur-Dragon B3 searches their library for a Dragon card, puts it into its owner's graveyard, then shuffles. Dragonlord Dromoka (117) becomes a copy of Dragonlord Dromoka (117).
Phase: Ai(1)-Kilo Helm B3's End step
Phase: Ai(1)-Kilo Helm B3's Cleanup step
Turn: Turn 35 (Ai(2)-Ur-Dragon B3)
Phase: Ai(2)-Ur-Dragon B3's Untap step
Phase: Ai(2)-Ur-Dragon B3's Upkeep step
Phase: Ai(2)-Ur-Dragon B3's Draw step
Phase: Ai(2)-Ur-Dragon B3's Main phase, precombat
Land: Ai(2)-Ur-Dragon B3 played Swamp (194)
Mana: Fellwar Stone (130) - {T}: Add one mana of any color that a land an opponent controls could produce.
Mana: Forest (150) - {T}: Add {G}.
Add To Stack: Ai(2)-Ur-Dragon B3 cast Dragonlord Atarka
Resolve Stack: Dragonlord Atarka - Creature 8 / 8
Add To Stack: Ai(2)-Ur-Dragon B3 triggered Dragon Tempest targeting [Kilo, Apogee Mind (100)]
Add To Stack: Ai(2)-Ur-Dragon B3 triggered Dragonlord Atarka targeting [Foundry Inspector (37), Surge Conductor (84), Kilo, Apogee Mind (100)]
Add To Stack: Ai(2)-Ur-Dragon B3 triggered Dragon's Hoard
Add To Stack: Ai(2)-Ur-Dragon B3 triggered Dragon Tempest
Resolve Stack: Whenever a creature you control with flying enters, it gains haste until end of turn. [Zone Changer: Dragonlord Atarka (159)]
Resolve Stack: Whenever a Dragon you control enters, put a gold counter on Dragon's Hoard. [Zone Changer: Dragonlord Atarka (159)]
Damage: Dragonlord Atarka (159) deals 2 damage to Foundry Inspector (37).
Damage: Dragonlord Atarka (159) deals 2 damage to Surge Conductor (84).
Damage: Dragonlord Atarka (159) deals 1 damage to Kilo, Apogee Mind (100).
Resolve Stack: When Dragonlord Atarka enters, it deals 5 damage divided as you choose among any number of target creatures and/or planeswalkers your opponents control. (Targeting: [[Foundry Inspector (37), Surge Conductor (84), Kilo, Apogee Mind (100)]]) [Zone Changer: Dragonlord Atarka (159)]
Zone Change: Foundry Inspector (37) was put into Graveyard from Battlefield.
Zone Change: Surge Conductor (84) was put into Graveyard from Battlefield.
Damage: Dragonlord Atarka (159) deals 6 damage to Kilo, Apogee Mind (100).
Resolve Stack: Whenever a Dragon you control enters, it deals X damage to any target, where X is the number of Dragons you control. (Targeting: [[Kilo, Apogee Mind (100)]]) [Zone Changer: Dragonlord Atarka (159)]
Zone Change: Kilo, Apogee Mind (100) was put into Graveyard from Battlefield.
Phase: Ai(2)-Ur-Dragon B3's Beginning of Combat Step
Phase: Ai(2)-Ur-Dragon B3's Declare Attackers Step
Combat: Ai(2)-Ur-Dragon B3 assigned The Ur-Dragon (201), Dragonlord Atarka (159), Atarka, World Render (169), Savage Ventmaw (186), Scion of the Ur-Dragon (117), Laelia, the Blade Reforged (407) and Dragonspeaker Shaman (167) to attack Ai(1)-Kilo Helm B3.
Add To Stack: Ai(2)-Ur-Dragon B3 triggered Savage Ventmaw
Add To Stack: Ai(2)-Ur-Dragon B3 triggered Laelia, the Blade Reforged
Add To Stack: Ai(2)-Ur-Dragon B3 triggered The Ur-Dragon
Add To Stack: Ai(2)-Ur-Dragon B3 triggered Atarka, World Render
Add To Stack: Ai(2)-Ur-Dragon B3 triggered Atarka, World Render
Add To Stack: Ai(2)-Ur-Dragon B3 triggered Atarka, World Render
Add To Stack: Ai(2)-Ur-Dragon B3 triggered Atarka, World Render
Add To Stack: Ai(2)-Ur-Dragon B3 triggered Atarka, World Render
Resolve Stack: Whenever a Dragon you control attacks, it gains double strike until end of turn. [Attacker: Scion of the Ur-Dragon (117)]
Resolve Stack: Whenever a Dragon you control attacks, it gains double strike until end of turn. [Attacker: Savage Ventmaw (186)]
Resolve Stack: Whenever a Dragon you control attacks, it gains double strike until end of turn. [Attacker: Atarka, World Render (169)]
Resolve Stack: Whenever a Dragon you control attacks, it gains double strike until end of turn. [Attacker: Dragonlord Atarka (159)]
Resolve Stack: Whenever a Dragon you control attacks, it gains double strike until end of turn. [Attacker: The Ur-Dragon (201)]
Resolve Stack: Whenever one or more Dragons you control attack, draw that many cards, then you may put a permanent card from your hand onto the battlefield. [Number Attackers: [The Ur-Dragon (201), Dragonlord Atarka (159), Atarka, World Render (169), Savage Ventmaw (186), Scion of the Ur-Dragon (117)]]
Add To Stack: Ai(2)-Ur-Dragon B3 triggered Dragon Tempest targeting [Etherium Sculptor (61)]
Add To Stack: Ai(2)-Ur-Dragon B3 triggered Dragon's Hoard
Add To Stack: Ai(2)-Ur-Dragon B3 triggered Dragon Tempest
Resolve Stack: Whenever a creature you control with flying enters, it gains haste until end of turn. [Zone Changer: Balefire Dragon (120)]
Resolve Stack: Whenever a Dragon you control enters, put a gold counter on Dragon's Hoard. [Zone Changer: Balefire Dragon (120)]
Damage: Balefire Dragon (120) deals 7 damage to Etherium Sculptor (61).
Resolve Stack: Whenever a Dragon you control enters, it deals X damage to any target, where X is the number of Dragons you control. (Targeting: [[Etherium Sculptor (61)]]) [Zone Changer: Balefire Dragon (120)]
Zone Change: Etherium Sculptor (61) was put into Graveyard from Battlefield.
Resolve Stack: Whenever Laelia, the Blade Reforged attacks, exile the top card of your library. You may play that card this turn. [Attacker: Laelia, the Blade Reforged (407)]
Add To Stack: Ai(2)-Ur-Dragon B3 triggered Laelia, the Blade Reforged
Resolve Stack: Whenever one or more cards are put into exile from your library and/or your graveyard, put a +1/+1 counter on Laelia. [Amount: 1]
Resolve Stack: Whenever Savage Ventmaw attacks, add {R}{R}{R}{G}{G}{G}. Until end of turn, you don't lose this mana as steps and phases end. [Attacker: Savage Ventmaw (186)]
Phase: Ai(2)-Ur-Dragon B3's Declare Blockers Step
Combat: Ai(1)-Kilo Helm B3 didn't block The Ur-Dragon (201).
Ai(1)-Kilo Helm B3 didn't block Dragonlord Atarka (159).
Ai(1)-Kilo Helm B3 didn't block Atarka, World Render (169).
Ai(1)-Kilo Helm B3 didn't block Savage Ventmaw (186).
Ai(1)-Kilo Helm B3 didn't block Scion of the Ur-Dragon (117).
Ai(1)-Kilo Helm B3 didn't block Laelia, the Blade Reforged (407).
Ai(1)-Kilo Helm B3 didn't block Dragonspeaker Shaman (167).
Phase: Ai(2)-Ur-Dragon B3's First Strike Damage Step
Damage: The Ur-Dragon (201) deals 13 combat damage to Ai(1)-Kilo Helm B3.
Damage: Dragonlord Atarka (159) deals 11 combat damage to Ai(1)-Kilo Helm B3.
Damage: Atarka, World Render (169) deals 9 combat damage to Ai(1)-Kilo Helm B3.
Damage: Savage Ventmaw (186) deals 7 combat damage to Ai(1)-Kilo Helm B3.
Damage: Scion of the Ur-Dragon (117) deals 7 combat damage to Ai(1)-Kilo Helm B3.
Life: Life: Ai(1)-Kilo Helm B3 40 > -7
Player Control: Ai(1)-Kilo Helm B3 has restored control over themself
Player Control: Ai(2)-Ur-Dragon B3 has restored control over themself
Player Control: Ai(3)-Dnide Wildsear has restored control over themself
Player Control: Ai(4)-Inspirit EDHREC Average has restored control over themself
Game Outcome: Turn 18
Game Outcome: Ai(1)-Kilo Helm B3 has lost because life total reached 0
Game Outcome: Ai(2)-Ur-Dragon B3 has won because all opponents have lost
Game Outcome: Ai(3)-Dnide Wildsear has lost because life total reached 0
Game Outcome: Ai(4)-Inspirit EDHREC Average has lost because life total reached 0
Match Result: Ai(1)-Kilo Helm B3: 0 Ai(2)-Ur-Dragon B3: 1 Ai(3)-Dnide Wildsear: 0 Ai(4)-Inspirit EDHREC Average: 0 

Game Result: Game 1 ended in 34937 ms. Ai(2)-Ur-Dragon B3 has won!

Warning: default (ie. inherited from base class) implementation of confirmAction is used by Kilo, Apogee Mind for forge.ai.ability.PermanentCreatureAi. Consider declaring an overloaded method
Warning: default (ie. inherited from base class) implementation of confirmAction is used by The Ur-Dragon for forge.ai.ability.PermanentCreatureAi. Consider declaring an overloaded method
Mulligan: Ai(3)-Dnide Wildsear has mulliganed down to 7 cards.
Mulligan: Ai(1)-Kilo Helm B3 has kept a hand of 7 cards
Mulligan: Ai(2)-Ur-Dragon B3 has kept a hand of 7 cards
Mulligan: Ai(3)-Dnide Wildsear has kept a hand of 7 cards
Mulligan: Ai(4)-Inspirit EDHREC Average has kept a hand of 7 cards
Turn: Turn 1 (Ai(1)-Kilo Helm B3)
Phase: Ai(1)-Kilo Helm B3's Untap step
Phase: Ai(1)-Kilo Helm B3's Upkeep step
Phase: Ai(1)-Kilo Helm B3's Draw step
Phase: Ai(1)-Kilo Helm B3's Main phase, precombat
Land: Ai(1)-Kilo Helm B3 played Spire of Industry (12)
Phase: Ai(1)-Kilo Helm B3's Beginning of Combat Step
Phase: Ai(1)-Kilo Helm B3's Declare Attackers Step
Phase: Ai(1)-Kilo Helm B3's Declare Blockers Step
Phase: Ai(1)-Kilo Helm B3's First Strike Damage Step
Phase: Ai(1)-Kilo Helm B3's Combat Damage Step
Phase: Ai(1)-Kilo Helm B3's End of Combat Step
Phase: Ai(1)-Kilo Helm B3's Main phase, postcombat
Phase: Ai(1)-Kilo Helm B3's End step
Phase: Ai(1)-Kilo Helm B3's Cleanup step
Turn: Turn 2 (Ai(2)-Ur-Dragon B3)
Phase: Ai(2)-Ur-Dragon B3's Untap step
Phase: Ai(2)-Ur-Dragon B3's Upkeep step
Phase: Ai(2)-Ur-Dragon B3's Draw step
Phase: Ai(2)-Ur-Dragon B3's Main phase, precombat
Replacement Effect: Crumbling Necropolis enters tapped.
Land: Ai(2)-Ur-Dragon B3 played Crumbling Necropolis (138)
Phase: Ai(2)-Ur-Dragon B3's Beginning of Combat Step
Phase: Ai(2)-Ur-Dragon B3's Declare Attackers Step
Phase: Ai(2)-Ur-Dragon B3's Declare Blockers Step
Phase: Ai(2)-Ur-Dragon B3's First Strike Damage Step
Phase: Ai(2)-Ur-Dragon B3's Combat Damage Step
Phase: Ai(2)-Ur-Dragon B3's End of Combat Step
Phase: Ai(2)-Ur-Dragon B3's Main phase, postcombat
Phase: Ai(2)-Ur-Dragon B3's End step
Phase: Ai(2)-Ur-Dragon B3's Cleanup step
Turn: Turn 3 (Ai(3)-Dnide Wildsear)
Phase: Ai(3)-Dnide Wildsear's Untap step
Phase: Ai(3)-Dnide Wildsear's Upkeep step
Phase: Ai(3)-Dnide Wildsear's Draw step
Phase: Ai(3)-Dnide Wildsear's Main phase, precombat
Land: Ai(3)-Dnide Wildsear played Forest (260)
Phase: Ai(3)-Dnide Wildsear's Beginning of Combat Step
Phase: Ai(3)-Dnide Wildsear's Declare Attackers Step
Phase: Ai(3)-Dnide Wildsear's Declare Blockers Step
Phase: Ai(3)-Dnide Wildsear's First Strike Damage Step
Phase: Ai(3)-Dnide Wildsear's Combat Damage Step
Phase: Ai(3)-Dnide Wildsear's End of Combat Step
Phase: Ai(3)-Dnide Wildsear's Main phase, postcombat
Phase: Ai(3)-Dnide Wildsear's End step
Phase: Ai(3)-Dnide Wildsear's Cleanup step
Turn: Turn 4 (Ai(4)-Inspirit EDHREC Average)
Phase: Ai(4)-Inspirit EDHREC Average's Untap step
Phase: Ai(4)-Inspirit EDHREC Average's Upkeep step
Phase: Ai(4)-Inspirit EDHREC Average's Draw step
Phase: Ai(4)-Inspirit EDHREC Average's Main phase, precombat
Land: Ai(4)-Inspirit EDHREC Average played Shivan Reef (341)
Phase: Ai(4)-Inspirit EDHREC Average's Beginning of Combat Step
Phase: Ai(4)-Inspirit EDHREC Average's Declare Attackers Step
Phase: Ai(4)-Inspirit EDHREC Average's Declare Blockers Step
Phase: Ai(4)-Inspirit EDHREC Average's First Strike Damage Step
Phase: Ai(4)-Inspirit EDHREC Average's Combat Damage Step
Phase: Ai(4)-Inspirit EDHREC Average's End of Combat Step
Phase: Ai(4)-Inspirit EDHREC Average's Main phase, postcombat
Phase: Ai(4)-Inspirit EDHREC Average's End step
Phase: Ai(4)-Inspirit EDHREC Average's Cleanup step
Turn: Turn 5 (Ai(1)-Kilo Helm B3)
Phase: Ai(1)-Kilo Helm B3's Untap step
Phase: Ai(1)-Kilo Helm B3's Upkeep step
Phase: Ai(1)-Kilo Helm B3's Draw step
Phase: Ai(1)-Kilo Helm B3's Main phase, precombat
Replacement Effect: This land enters tapped.
Land: Ai(1)-Kilo Helm B3 played Uthros, Titanic Godcore (40)
Phase: Ai(1)-Kilo Helm B3's Beginning of Combat Step
Phase: Ai(1)-Kilo Helm B3's Declare Attackers Step
Phase: Ai(1)-Kilo Helm B3's Declare Blockers Step
Phase: Ai(1)-Kilo Helm B3's First Strike Damage Step
Phase: Ai(1)-Kilo Helm B3's Combat Damage Step
Phase: Ai(1)-Kilo Helm B3's End of Combat Step
Phase: Ai(1)-Kilo Helm B3's Main phase, postcombat
Phase: Ai(1)-Kilo Helm B3's End step
Phase: Ai(1)-Kilo Helm B3's Cleanup step
Turn: Turn 6 (Ai(2)-Ur-Dragon B3)
Phase: Ai(2)-Ur-Dragon B3's Untap step
Phase: Ai(2)-Ur-Dragon B3's Upkeep step
Phase: Ai(2)-Ur-Dragon B3's Draw step
Phase: Ai(2)-Ur-Dragon B3's Main phase, precombat
Land: Ai(2)-Ur-Dragon B3 played Forest (147)
Mana: Forest (147) - {T}: Add {G}.
Mana: Crumbling Necropolis (138) - {T}: Add {U}, {B}, or {R}.
Add To Stack: Ai(2)-Ur-Dragon B3 cast Nature's Lore
Resolve Stack: Nature's Lore (171) - Ai(2)-Ur-Dragon B3 searches their library for a Forest card, puts it onto the battlefield, then shuffles.
Phase: Ai(2)-Ur-Dragon B3's Beginning of Combat Step
Phase: Ai(2)-Ur-Dragon B3's Declare Attackers Step
Phase: Ai(2)-Ur-Dragon B3's Declare Blockers Step
Phase: Ai(2)-Ur-Dragon B3's First Strike Damage Step
Phase: Ai(2)-Ur-Dragon B3's Combat Damage Step
Phase: Ai(2)-Ur-Dragon B3's End of Combat Step
Phase: Ai(2)-Ur-Dragon B3's Main phase, postcombat
Phase: Ai(2)-Ur-Dragon B3's End step
Phase: Ai(2)-Ur-Dragon B3's Cleanup step
Turn: Turn 7 (Ai(3)-Dnide Wildsear)
Phase: Ai(3)-Dnide Wildsear's Untap step
Phase: Ai(3)-Dnide Wildsear's Upkeep step
Phase: Ai(3)-Dnide Wildsear's Draw step
Phase: Ai(3)-Dnide Wildsear's Main phase, precombat
Land: Ai(3)-Dnide Wildsear played Mountain (275)
Phase: Ai(3)-Dnide Wildsear's Beginning of Combat Step
Phase: Ai(3)-Dnide Wildsear's Declare Attackers Step
Phase: Ai(3)-Dnide Wildsear's Declare Blockers Step
Phase: Ai(3)-Dnide Wildsear's First Strike Damage Step
Phase: Ai(3)-Dnide Wildsear's Combat Damage Step
Phase: Ai(3)-Dnide Wildsear's End of Combat Step
Phase: Ai(3)-Dnide Wildsear's Main phase, postcombat
Mana: Forest (260) - {T}: Add {G}.
Mana: Mountain (275) - {T}: Add {R}.
Add To Stack: Ai(3)-Dnide Wildsear cast Sanctum Weaver
Resolve Stack: Sanctum Weaver - Creature 0 / 2
Phase: Ai(3)-Dnide Wildsear's End step
Phase: Ai(3)-Dnide Wildsear's Cleanup step
Turn: Turn 8 (Ai(4)-Inspirit EDHREC Average)
Phase: Ai(4)-Inspirit EDHREC Average's Untap step
Phase: Ai(4)-Inspirit EDHREC Average's Upkeep step
Phase: Ai(4)-Inspirit EDHREC Average's Draw step
Phase: Ai(4)-Inspirit EDHREC Average's Main phase, precombat
Land: Ai(4)-Inspirit EDHREC Average played The Mycosynth Gardens (370)
Phase: Ai(4)-Inspirit EDHREC Average's Beginning of Combat Step
Phase: Ai(4)-Inspirit EDHREC Average's Declare Attackers Step
Phase: Ai(4)-Inspirit EDHREC Average's Declare Blockers Step
Phase: Ai(4)-Inspirit EDHREC Average's First Strike Damage Step
Phase: Ai(4)-Inspirit EDHREC Average's Combat Damage Step
Phase: Ai(4)-Inspirit EDHREC Average's End of Combat Step
Phase: Ai(4)-Inspirit EDHREC Average's Main phase, postcombat
Mana: The Mycosynth Gardens (370) - {T}: Add {C}.
Mana: Shivan Reef (341) - {T}: Add {C}.
Add To Stack: Ai(4)-Inspirit EDHREC Average cast Hangarback Walker
Replacement Effect: Hangarback Walker enters with X +1/+1 counters on it.
Resolve Stack: Hangarback Walker - Creature 0 / 0 (X=1)
Phase: Ai(4)-Inspirit EDHREC Average's End step
Phase: Ai(4)-Inspirit EDHREC Average's Cleanup step
Turn: Turn 9 (Ai(1)-Kilo Helm B3)
Phase: Ai(1)-Kilo Helm B3's Untap step
Phase: Ai(1)-Kilo Helm B3's Upkeep step
Phase: Ai(1)-Kilo Helm B3's Draw step
Phase: Ai(1)-Kilo Helm B3's Main phase, precombat
Land: Ai(1)-Kilo Helm B3 played Ancient Den (89)
Life: Life: Ai(1)-Kilo Helm B3 40 > 39
Mana: Spire of Industry (12) - {T}, Pay 1 life: Add one mana of any color. Activate only if you control an artifact.
Mana: Ancient Den (89) - {T}: Add {W}.
Mana: Uthros, Titanic Godcore (40) - {T}: Add {U}.
Add To Stack: Ai(1)-Kilo Helm B3 cast Kilo, Apogee Mind
Resolve Stack: Kilo, Apogee Mind - Creature 3 / 3
Phase: Ai(1)-Kilo Helm B3's Beginning of Combat Step
Phase: Ai(1)-Kilo Helm B3's Declare Attackers Step
Combat: Ai(1)-Kilo Helm B3 assigned Kilo, Apogee Mind (100) to attack Ai(3)-Dnide Wildsear.
Add To Stack: Ai(1)-Kilo Helm B3 triggered Kilo, Apogee Mind
Resolve Stack: Whenever Kilo becomes tapped, proliferate. (Choose any number of permanents and/or players, then give each another counter of each kind already there.) [Tapped: Kilo, Apogee Mind (100)]
Phase: Ai(1)-Kilo Helm B3's Declare Blockers Step
Combat: Ai(3)-Dnide Wildsear didn't block Kilo, Apogee Mind (100).
Phase: Ai(1)-Kilo Helm B3's First Strike Damage Step
Phase: Ai(1)-Kilo Helm B3's Combat Damage Step
Damage: Kilo, Apogee Mind (100) deals 3 combat damage to Ai(3)-Dnide Wildsear.
Life: Life: Ai(3)-Dnide Wildsear 40 > 37
Phase: Ai(1)-Kilo Helm B3's End of Combat Step
Phase: Ai(1)-Kilo Helm B3's Main phase, postcombat
Phase: Ai(1)-Kilo Helm B3's End step
Phase: Ai(1)-Kilo Helm B3's Cleanup step
Turn: Turn 10 (Ai(2)-Ur-Dragon B3)
Phase: Ai(2)-Ur-Dragon B3's Untap step
Phase: Ai(2)-Ur-Dragon B3's Upkeep step
Phase: Ai(2)-Ur-Dragon B3's Draw step
Phase: Ai(2)-Ur-Dragon B3's Main phase, precombat
Land: Ai(2)-Ur-Dragon B3 played Island (155)
Mana: Forest (147) - {T}: Add {G}.
Mana: Forest (150) - {T}: Add {G}.
Mana: Island (155) - {T}: Add {U}.
Add To Stack: Ai(2)-Ur-Dragon B3 cast Search for Tomorrow
Resolve Stack: Search for Tomorrow (128) - Ai(2)-Ur-Dragon B3 searches their library for a basic land card, puts it onto the battlefield, then shuffles.
Phase: Ai(2)-Ur-Dragon B3's Beginning of Combat Step
Phase: Ai(2)-Ur-Dragon B3's Declare Attackers Step
Phase: Ai(2)-Ur-Dragon B3's Declare Blockers Step
Phase: Ai(2)-Ur-Dragon B3's First Strike Damage Step
Phase: Ai(2)-Ur-Dragon B3's Combat Damage Step
Phase: Ai(2)-Ur-Dragon B3's End of Combat Step
Phase: Ai(2)-Ur-Dragon B3's Main phase, postcombat
Phase: Ai(2)-Ur-Dragon B3's End step
Phase: Ai(2)-Ur-Dragon B3's Cleanup step
Turn: Turn 11 (Ai(3)-Dnide Wildsear)
Phase: Ai(3)-Dnide Wildsear's Untap step
Phase: Ai(3)-Dnide Wildsear's Upkeep step
Phase: Ai(3)-Dnide Wildsear's Draw step
Phase: Ai(3)-Dnide Wildsear's Main phase, precombat
Land: Ai(3)-Dnide Wildsear played Forest (258)
Phase: Ai(3)-Dnide Wildsear's Beginning of Combat Step
Phase: Ai(3)-Dnide Wildsear's Declare Attackers Step
Phase: Ai(3)-Dnide Wildsear's Declare Blockers Step
Phase: Ai(3)-Dnide Wildsear's First Strike Damage Step
Phase: Ai(3)-Dnide Wildsear's Combat Damage Step
Phase: Ai(3)-Dnide Wildsear's End of Combat Step
Phase: Ai(3)-Dnide Wildsear's Main phase, postcombat
Mana: Mountain (275) - {T}: Add {R}.
Mana: Sanctum Weaver (264) - {T}: Add X mana of any one color, where X is the number of enchantments you control.
Mana: Forest (260) - {T}: Add {G}.
Mana: Forest (258) - {T}: Add {G}.
Add To Stack: Ai(3)-Dnide Wildsear cast Overlord of the Boilerbilges
Replacement Effect: Impending 4—{2}{R}{R}
Resolve Stack: Overlord of the Boilerbilges (Impending)
Add To Stack: Ai(3)-Dnide Wildsear triggered Overlord of the Boilerbilges targeting [Kilo, Apogee Mind (100)]
Damage: Overlord of the Boilerbilges (222) deals 4 damage to Kilo, Apogee Mind (100).
Resolve Stack: Whenever Overlord of the Boilerbilges enters or attacks, it deals 4 damage to any target. (Targeting: [[Kilo, Apogee Mind (100)]]) [Zone Changer: Overlord of the Boilerbilges (222)]
Zone Change: Kilo, Apogee Mind (100) was put into Graveyard from Battlefield.
Phase: Ai(3)-Dnide Wildsear's End step
Add To Stack: Ai(3)-Dnide Wildsear triggered Overlord of the Boilerbilges
Resolve Stack: At the beginning of your end step, remove a time counter from it. [Phase: Ai(3)-Dnide Wildsear]
Phase: Ai(3)-Dnide Wildsear's Cleanup step
Turn: Turn 12 (Ai(4)-Inspirit EDHREC Average)
Phase: Ai(4)-Inspirit EDHREC Average's Untap step
Phase: Ai(4)-Inspirit EDHREC Average's Upkeep step
Phase: Ai(4)-Inspirit EDHREC Average's Draw step
Phase: Ai(4)-Inspirit EDHREC Average's Main phase, precombat
Land: Ai(4)-Inspirit EDHREC Average played Skycloud Expanse (385)
Phase: Ai(4)-Inspirit EDHREC Average's Beginning of Combat Step
Phase: Ai(4)-Inspirit EDHREC Average's Declare Attackers Step
Combat: Ai(4)-Inspirit EDHREC Average assigned Hangarback Walker (374) to attack Ai(3)-Dnide Wildsear.
Phase: Ai(4)-Inspirit EDHREC Average's Declare Blockers Step
Combat: Ai(3)-Dnide Wildsear didn't block Hangarback Walker (374).
Phase: Ai(4)-Inspirit EDHREC Average's First Strike Damage Step
Phase: Ai(4)-Inspirit EDHREC Average's Combat Damage Step
Damage: Hangarback Walker (374) deals 1 combat damage to Ai(3)-Dnide Wildsear.
Life: Life: Ai(3)-Dnide Wildsear 37 > 36
Phase: Ai(4)-Inspirit EDHREC Average's End of Combat Step
Phase: Ai(4)-Inspirit EDHREC Average's Main phase, postcombat
Damage: Shivan Reef (341) deals 1 non-combat damage to Ai(4)-Inspirit EDHREC Average.
Life: Life: Ai(4)-Inspirit EDHREC Average 40 > 39
Mana: Shivan Reef (341) - {T}: Add {U} or {R}. Shivan Reef deals 1 damage to you. 
Mana: The Mycosynth Gardens (370) - {T}: Add {C}.
Add To Stack: Ai(4)-Inspirit EDHREC Average cast Etherium Sculptor
Resolve Stack: Etherium Sculptor - Creature 1 / 2
Phase: Ai(4)-Inspirit EDHREC Average's End step
Phase: Ai(4)-Inspirit EDHREC Average's Cleanup step
Turn: Turn 13 (Ai(1)-Kilo Helm B3)
Phase: Ai(1)-Kilo Helm B3's Untap step
Phase: Ai(1)-Kilo Helm B3's Upkeep step
Phase: Ai(1)-Kilo Helm B3's Draw step
Phase: Ai(1)-Kilo Helm B3's Main phase, precombat
Phase: Ai(1)-Kilo Helm B3's Beginning of Combat Step
Phase: Ai(1)-Kilo Helm B3's Declare Attackers Step
Phase: Ai(1)-Kilo Helm B3's Declare Blockers Step
Phase: Ai(1)-Kilo Helm B3's First Strike Damage Step
Phase: Ai(1)-Kilo Helm B3's Combat Damage Step
Phase: Ai(1)-Kilo Helm B3's End of Combat Step
Phase: Ai(1)-Kilo Helm B3's Main phase, postcombat
Mana: Uthros, Titanic Godcore (40) - {T}: Add {U}.
Mana: Ancient Den (89) - {T}: Add {W}.
Mana: Spire of Industry (12) - {T}: Add {C}.
Add To Stack: Ai(1)-Kilo Helm B3 cast Flux Channeler
Resolve Stack: Flux Channeler - Creature 2 / 2
Add To Stack: Ai(1)-Kilo Helm B3 activated Uthros, Titanic Godcore
Resolve Stack: Uthros, Titanic Godcore (40) - Ai(1)-Kilo Helm B3 puts two charge counters on Uthros, Titanic Godcore (40).
Phase: Ai(1)-Kilo Helm B3's End step
Phase: Ai(1)-Kilo Helm B3's Cleanup step
Turn: Turn 14 (Ai(2)-Ur-Dragon B3)
Phase: Ai(2)-Ur-Dragon B3's Untap step
Phase: Ai(2)-Ur-Dragon B3's Upkeep step
Phase: Ai(2)-Ur-Dragon B3's Draw step
Phase: Ai(2)-Ur-Dragon B3's Main phase, precombat
Land: Ai(2)-Ur-Dragon B3 played Terramorphic Expanse (200)
Zone Change: Terramorphic Expanse (200) was put into Graveyard from Battlefield.
Add To Stack: Ai(2)-Ur-Dragon B3 activated Terramorphic Expanse
Resolve Stack: Terramorphic Expanse (200) - Ai(2)-Ur-Dragon B3 searches their library for a basic land card, puts it onto the battlefield tapped, then shuffles.
Phase: Ai(2)-Ur-Dragon B3's Beginning of Combat Step
Phase: Ai(2)-Ur-Dragon B3's Declare Attackers Step
Phase: Ai(2)-Ur-Dragon B3's Declare Blockers Step
Phase: Ai(2)-Ur-Dragon B3's First Strike Damage Step
Phase: Ai(2)-Ur-Dragon B3's Combat Damage Step
Phase: Ai(2)-Ur-Dragon B3's End of Combat Step
Phase: Ai(2)-Ur-Dragon B3's Main phase, postcombat
Mana: Island (155) - {T}: Add {U}.
Mana: Crumbling Necropolis (138) - {T}: Add {U}, {B}, or {R}.
Mana: Forest (147) - {T}: Add {G}.
Mana: Forest (150) - {T}: Add {G}.
Mana: Plains (145) - {T}: Add {W}.
Add To Stack: Ai(2)-Ur-Dragon B3 cast Kindred Discovery
Replacement Effect: As Kindred Discovery enters, choose a creature type.
Resolve Stack: Kindred Discovery
Phase: Ai(2)-Ur-Dragon B3's End step
Phase: Ai(2)-Ur-Dragon B3's Cleanup step
Turn: Turn 15 (Ai(3)-Dnide Wildsear)
Phase: Ai(3)-Dnide Wildsear's Untap step
Phase: Ai(3)-Dnide Wildsear's Upkeep step
Phase: Ai(3)-Dnide Wildsear's Draw step
Phase: Ai(3)-Dnide Wildsear's Main phase, precombat
Land: Ai(3)-Dnide Wildsear played Forest (256)
Mana: Mountain (275) - {T}: Add {R}.
Mana: Sanctum Weaver (264) - {T}: Add X mana of any one color, where X is the number of enchantments you control.
Mana: Forest (260) - {T}: Add {G}.
Mana: Forest (258) - {T}: Add {G}.
Mana: Forest (256) - {T}: Add {G}.
Add To Stack: Ai(3)-Dnide Wildsear cast Fiery Emancipation
Resolve Stack: Fiery Emancipation
Phase: Ai(3)-Dnide Wildsear's Beginning of Combat Step
Phase: Ai(3)-Dnide Wildsear's Declare Attackers Step
Phase: Ai(3)-Dnide Wildsear's Declare Blockers Step
Phase: Ai(3)-Dnide Wildsear's First Strike Damage Step
Phase: Ai(3)-Dnide Wildsear's Combat Damage Step
Phase: Ai(3)-Dnide Wildsear's End of Combat Step
Phase: Ai(3)-Dnide Wildsear's Main phase, postcombat
Phase: Ai(3)-Dnide Wildsear's End step
Add To Stack: Ai(3)-Dnide Wildsear triggered Overlord of the Boilerbilges
Resolve Stack: At the beginning of your end step, remove a time counter from it. [Phase: Ai(3)-Dnide Wildsear]
Phase: Ai(3)-Dnide Wildsear's Cleanup step
Turn: Turn 16 (Ai(4)-Inspirit EDHREC Average)
Phase: Ai(4)-Inspirit EDHREC Average's Untap step
Phase: Ai(4)-Inspirit EDHREC Average's Upkeep step
Phase: Ai(4)-Inspirit EDHREC Average's Draw step
Phase: Ai(4)-Inspirit EDHREC Average's Main phase, precombat
Land: Ai(4)-Inspirit EDHREC Average played Mountain (390)
Phase: Ai(4)-Inspirit EDHREC Average's Beginning of Combat Step
Phase: Ai(4)-Inspirit EDHREC Average's Declare Attackers Step
Combat: Ai(4)-Inspirit EDHREC Average assigned Hangarback Walker (374) and Etherium Sculptor (365) to attack Ai(3)-Dnide Wildsear.
Phase: Ai(4)-Inspirit EDHREC Average's Declare Blockers Step
Combat: Ai(3)-Dnide Wildsear didn't block Hangarback Walker (374).
Ai(3)-Dnide Wildsear didn't block Etherium Sculptor (365).
Phase: Ai(4)-Inspirit EDHREC Average's First Strike Damage Step
Phase: Ai(4)-Inspirit EDHREC Average's Combat Damage Step
Damage: Hangarback Walker (374) deals 1 combat damage to Ai(3)-Dnide Wildsear.
Damage: Etherium Sculptor (365) deals 1 combat damage to Ai(3)-Dnide Wildsear.
Life: Life: Ai(3)-Dnide Wildsear 36 > 34
Phase: Ai(4)-Inspirit EDHREC Average's End of Combat Step
Phase: Ai(4)-Inspirit EDHREC Average's Main phase, postcombat
Mana: Mountain (390) - {T}: Add {R}.
Add To Stack: Ai(4)-Inspirit EDHREC Average cast Steel Overseer
Resolve Stack: Steel Overseer - Creature 1 / 1
Phase: Ai(4)-Inspirit EDHREC Average's End step
Phase: Ai(4)-Inspirit EDHREC Average's Cleanup step
Turn: Turn 17 (Ai(1)-Kilo Helm B3)
Phase: Ai(1)-Kilo Helm B3's Untap step
Phase: Ai(1)-Kilo Helm B3's Upkeep step
Phase: Ai(1)-Kilo Helm B3's Draw step
Phase: Ai(1)-Kilo Helm B3's Main phase, precombat
Replacement Effect: This land enters tapped.
Land: Ai(1)-Kilo Helm B3 played Adagia, Windswept Bastion (59)
Phase: Ai(1)-Kilo Helm B3's Beginning of Combat Step
Phase: Ai(1)-Kilo Helm B3's Declare Attackers Step
Combat: Ai(1)-Kilo Helm B3 assigned Flux Channeler (34) to attack Ai(3)-Dnide Wildsear.
Phase: Ai(1)-Kilo Helm B3's Declare Blockers Step
Combat: Ai(3)-Dnide Wildsear didn't block Flux Channeler (34).
Phase: Ai(1)-Kilo Helm B3's First Strike Damage Step
Phase: Ai(1)-Kilo Helm B3's Combat Damage Step
Damage: Flux Channeler (34) deals 2 combat damage to Ai(3)-Dnide Wildsear.
Life: Life: Ai(3)-Dnide Wildsear 34 > 32
Phase: Ai(1)-Kilo Helm B3's End of Combat Step
Phase: Ai(1)-Kilo Helm B3's Main phase, postcombat
Mana: Uthros, Titanic Godcore (40) - {T}: Add {U}.
Mana: Ancient Den (89) - {T}: Add {W}.
Mana: Spire of Industry (12) - {T}: Add {C}.
Add To Stack: Ai(1)-Kilo Helm B3 cast Simulacrum Synthesizer
Add To Stack: Ai(1)-Kilo Helm B3 triggered Flux Channeler
Resolve Stack: Whenever you cast a noncreature spell, proliferate. (Choose any number of permanents and/or players, then give each another counter of each kind already there.) [Card: Simulacrum Synthesizer (4), Activator: Ai(1)-Kilo Helm B3, SpellAbility: Simulacrum Synthesizer]
Resolve Stack: Simulacrum Synthesizer
Add To Stack: Ai(1)-Kilo Helm B3 triggered Simulacrum Synthesizer
Resolve Stack: Ai(1)-Kilo Helm B3 scried 1 card(s) to the top of the library and 1 card(s) to the bottom of the library
Resolve Stack: When Simulacrum Synthesizer enters, scry 2. (Look at the top two cards of your library, then put any number of them on the bottom of your library and the rest on top in any order.) [Zone Changer: Simulacrum Synthesizer (4)]
Phase: Ai(1)-Kilo Helm B3's End step
Phase: Ai(1)-Kilo Helm B3's Cleanup step
Turn: Turn 18 (Ai(2)-Ur-Dragon B3)
Phase: Ai(2)-Ur-Dragon B3's Untap step
Phase: Ai(2)-Ur-Dragon B3's Upkeep step
Phase: Ai(2)-Ur-Dragon B3's Draw step
Phase: Ai(2)-Ur-Dragon B3's Main phase, precombat
Land: Ai(2)-Ur-Dragon B3 played Exotic Orchard (199)
Mana: Exotic Orchard (199) - {T}: Add one mana of any color that a land an opponent controls could produce.
Mana: Swamp (195) - {T}: Add {B}.
Mana: Forest (147) - {T}: Add {G}.
Mana: Forest (150) - {T}: Add {G}.
Mana: Island (155) - {T}: Add {U}.
Add To Stack: Ai(2)-Ur-Dragon B3 cast Dragonlord Kolaghan
Resolve Stack: Dragonlord Kolaghan - Creature 6 / 5
Add To Stack: Ai(2)-Ur-Dragon B3 triggered Kindred Discovery
Resolve Stack: Whenever a creature you control of the chosen type enters or attacks, draw a card. [Zone Changer: Dragonlord Kolaghan (133)]
Phase: Ai(2)-Ur-Dragon B3's Beginning of Combat Step
Phase: Ai(2)-Ur-Dragon B3's Declare Attackers Step
Combat: Ai(2)-Ur-Dragon B3 assigned Dragonlord Kolaghan (133) to attack Ai(3)-Dnide Wildsear.
Add To Stack: Ai(2)-Ur-Dragon B3 triggered Kindred Discovery
Resolve Stack: Whenever a creature you control of the chosen type enters or attacks, draw a card. [Attacker: Dragonlord Kolaghan (133)]
Phase: Ai(2)-Ur-Dragon B3's Declare Blockers Step
Combat: Ai(3)-Dnide Wildsear didn't block Dragonlord Kolaghan (133).
Phase: Ai(2)-Ur-Dragon B3's First Strike Damage Step
Phase: Ai(2)-Ur-Dragon B3's Combat Damage Step
Damage: Dragonlord Kolaghan (133) deals 6 combat damage to Ai(3)-Dnide Wildsear.
Life: Life: Ai(3)-Dnide Wildsear 32 > 26
Phase: Ai(2)-Ur-Dragon B3's End of Combat Step
Phase: Ai(2)-Ur-Dragon B3's Main phase, postcombat
Phase: Ai(2)-Ur-Dragon B3's End step
Phase: Ai(2)-Ur-Dragon B3's Cleanup step
Turn: Turn 19 (Ai(3)-Dnide Wildsear)
Phase: Ai(3)-Dnide Wildsear's Untap step
Phase: Ai(3)-Dnide Wildsear's Upkeep step
Phase: Ai(3)-Dnide Wildsear's Draw step
Phase: Ai(3)-Dnide Wildsear's Main phase, precombat
Land: Ai(3)-Dnide Wildsear played Forest (257)
Mana: Mountain (275) - {T}: Add {R}.
Mana: Forest (260) - {T}: Add {G}.
Mana: Forest (258) - {T}: Add {G}.
Add To Stack: Ai(3)-Dnide Wildsear cast Blasphemous Act
Replacement Effect: If a source you control would deal damage to a permanent or player, it deals triple that damage to that permanent or player instead.
Replacement Effect: If a source you control would deal damage to a permanent or player, it deals triple that damage to that permanent or player instead.
Replacement Effect: If a source you control would deal damage to a permanent or player, it deals triple that damage to that permanent or player instead.
Replacement Effect: If a source you control would deal damage to a permanent or player, it deals triple that damage to that permanent or player instead.
Replacement Effect: If a source you control would deal damage to a permanent or player, it deals triple that damage to that permanent or player instead.
Replacement Effect: If a source you control would deal damage to a permanent or player, it deals triple that damage to that permanent or player instead.
Damage: Blasphemous Act (215) deals 39 damage to Flux Channeler (34).
Damage: Blasphemous Act (215) deals 39 damage to Dragonlord Kolaghan (133).
Damage: Blasphemous Act (215) deals 39 damage to Sanctum Weaver (264).
Damage: Blasphemous Act (215) deals 39 damage to Hangarback Walker (374).
Damage: Blasphemous Act (215) deals 39 damage to Etherium Sculptor (365).
Damage: Blasphemous Act (215) deals 39 damage to Steel Overseer (305).
Resolve Stack: Blasphemous Act (215) - Deals 13 damage to each creature.
Zone Change: Sanctum Weaver (264) was put into Graveyard from Battlefield.
Zone Change: Hangarback Walker (374) was put into Graveyard from Battlefield.
Zone Change: Etherium Sculptor (365) was put into Graveyard from Battlefield.
Zone Change: Steel Overseer (305) was put into Graveyard from Battlefield.
Zone Change: Flux Channeler (34) was put into Graveyard from Battlefield.
Zone Change: Dragonlord Kolaghan (133) was put into Graveyard from Battlefield.
Add To Stack: Ai(4)-Inspirit EDHREC Average triggered Hangarback Walker
Resolve Stack: When Hangarback Walker dies, create a 1/1 colorless Thopter artifact creature token with flying for each +1/+1 counter on Hangarback Walker. [Zone Changer: Hangarback Walker (374)]
Phase: Ai(3)-Dnide Wildsear's Beginning of Combat Step
Phase: Ai(3)-Dnide Wildsear's Declare Attackers Step
Phase: Ai(3)-Dnide Wildsear's Declare Blockers Step
Phase: Ai(3)-Dnide Wildsear's First Strike Damage Step
Phase: Ai(3)-Dnide Wildsear's Combat Damage Step
Phase: Ai(3)-Dnide Wildsear's End of Combat Step
Phase: Ai(3)-Dnide Wildsear's Main phase, postcombat
Mana: Forest (256) - {T}: Add {G}.
Mana: Forest (257) - {T}: Add {G}.
Add To Stack: Ai(3)-Dnide Wildsear cast Arcane Signet
Resolve Stack: Arcane Signet
Phase: Ai(3)-Dnide Wildsear's End step
Add To Stack: Ai(3)-Dnide Wildsear triggered Overlord of the Boilerbilges
Resolve Stack: At the beginning of your end step, remove a time counter from it. [Phase: Ai(3)-Dnide Wildsear]
Phase: Ai(3)-Dnide Wildsear's Cleanup step
Turn: Turn 20 (Ai(4)-Inspirit EDHREC Average)
Phase: Ai(4)-Inspirit EDHREC Average's Untap step
Phase: Ai(4)-Inspirit EDHREC Average's Upkeep step
Phase: Ai(4)-Inspirit EDHREC Average's Draw step
Phase: Ai(4)-Inspirit EDHREC Average's Main phase, precombat
Replacement Effect: This land enters tapped.
Land: Ai(4)-Inspirit EDHREC Average played Uthros, Titanic Godcore (346)
Phase: Ai(4)-Inspirit EDHREC Average's Beginning of Combat Step
Phase: Ai(4)-Inspirit EDHREC Average's Declare Attackers Step
Combat: Ai(4)-Inspirit EDHREC Average assigned Thopter Token (414) to attack Ai(3)-Dnide Wildsear.
Phase: Ai(4)-Inspirit EDHREC Average's Declare Blockers Step
Combat: Ai(3)-Dnide Wildsear didn't block Thopter Token (414).
Phase: Ai(4)-Inspirit EDHREC Average's First Strike Damage Step
Phase: Ai(4)-Inspirit EDHREC Average's Combat Damage Step
Damage: Thopter Token (414) deals 1 combat damage to Ai(3)-Dnide Wildsear.
Life: Life: Ai(3)-Dnide Wildsear 26 > 25
Phase: Ai(4)-Inspirit EDHREC Average's End of Combat Step
Phase: Ai(4)-Inspirit EDHREC Average's Main phase, postcombat
Phase: Ai(4)-Inspirit EDHREC Average's End step
Phase: Ai(4)-Inspirit EDHREC Average's Cleanup step
Turn: Turn 21 (Ai(1)-Kilo Helm B3)
Phase: Ai(1)-Kilo Helm B3's Untap step
Phase: Ai(1)-Kilo Helm B3's Upkeep step
Phase: Ai(1)-Kilo Helm B3's Draw step
Phase: Ai(1)-Kilo Helm B3's Main phase, precombat
Phase: Ai(1)-Kilo Helm B3's Beginning of Combat Step
Phase: Ai(1)-Kilo Helm B3's Declare Attackers Step
Phase: Ai(1)-Kilo Helm B3's Declare Blockers Step
Phase: Ai(1)-Kilo Helm B3's First Strike Damage Step
Phase: Ai(1)-Kilo Helm B3's Combat Damage Step
Phase: Ai(1)-Kilo Helm B3's End of Combat Step
Phase: Ai(1)-Kilo Helm B3's Main phase, postcombat
Life: Life: Ai(1)-Kilo Helm B3 39 > 38
Mana: Spire of Industry (12) - {T}, Pay 1 life: Add one mana of any color. Activate only if you control an artifact.
Mana: Uthros, Titanic Godcore (40) - {T}: Add {U}.
Mana: Ancient Den (89) - {T}: Add {W}.
Mana: Adagia, Windswept Bastion (59) - {T}: Add {W}.
Add To Stack: Ai(1)-Kilo Helm B3 cast Cayth, Famed Mechanist
Resolve Stack: Cayth, Famed Mechanist - Creature 3 / 3
Add To Stack: Ai(1)-Kilo Helm B3 triggered Cayth, Famed Mechanist
Resolve Stack: Fabricate 1 (When this creature enters, put a +1/+1 counter on it, or create a 1/1 colorless Servo artifact creature token.) [Zone Changer: Cayth, Famed Mechanist (15)]
Add To Stack: Ai(1)-Kilo Helm B3 activated Uthros, Titanic Godcore
Resolve Stack: Uthros, Titanic Godcore (40) - Ai(1)-Kilo Helm B3 puts a charge counter on Uthros, Titanic Godcore (40).
Add To Stack: Ai(1)-Kilo Helm B3 activated Uthros, Titanic Godcore
Resolve Stack: Uthros, Titanic Godcore (40) - Ai(1)-Kilo Helm B3 puts three charge counters on Uthros, Titanic Godcore (40).
Phase: Ai(1)-Kilo Helm B3's End step
Phase: Ai(1)-Kilo Helm B3's Cleanup step
Turn: Turn 22 (Ai(2)-Ur-Dragon B3)
Phase: Ai(2)-Ur-Dragon B3's Untap step
Phase: Ai(2)-Ur-Dragon B3's Upkeep step
Phase: Ai(2)-Ur-Dragon B3's Draw step
Phase: Ai(2)-Ur-Dragon B3's Main phase, precombat
Phase: Ai(2)-Ur-Dragon B3's Beginning of Combat Step
Phase: Ai(2)-Ur-Dragon B3's Declare Attackers Step
Phase: Ai(2)-Ur-Dragon B3's Declare Blockers Step
Phase: Ai(2)-Ur-Dragon B3's First Strike Damage Step
Phase: Ai(2)-Ur-Dragon B3's Combat Damage Step
Phase: Ai(2)-Ur-Dragon B3's End of Combat Step
Phase: Ai(2)-Ur-Dragon B3's Main phase, postcombat
Mana: Exotic Orchard (199) - {T}: Add one mana of any color that a land an opponent controls could produce.
Mana: Crumbling Necropolis (138) - {T}: Add {U}, {B}, or {R}.
Mana: Forest (147) - {T}: Add {G}.
Mana: Forest (150) - {T}: Add {G}.
Mana: Island (155) - {T}: Add {U}.
Add To Stack: Ai(2)-Ur-Dragon B3 cast Lathliss, Dragon Queen
Resolve Stack: Lathliss, Dragon Queen - Creature 6 / 6
Add To Stack: Ai(2)-Ur-Dragon B3 triggered Kindred Discovery
Resolve Stack: Whenever a creature you control of the chosen type enters or attacks, draw a card. [Zone Changer: Lathliss, Dragon Queen (134)]
Phase: Ai(2)-Ur-Dragon B3's End step
Phase: Ai(2)-Ur-Dragon B3's Cleanup step
Turn: Turn 23 (Ai(3)-Dnide Wildsear)
Phase: Ai(3)-Dnide Wildsear's Untap step
Phase: Ai(3)-Dnide Wildsear's Upkeep step
Phase: Ai(3)-Dnide Wildsear's Draw step
Phase: Ai(3)-Dnide Wildsear's Main phase, precombat
Land: Ai(3)-Dnide Wildsear played Wooded Foothills (241)
Life: Life: Ai(3)-Dnide Wildsear 25 > 24
Zone Change: Wooded Foothills (241) was put into Graveyard from Battlefield.
Add To Stack: Ai(3)-Dnide Wildsear activated Wooded Foothills
Replacement Effect: As Stomping Ground enters, you may pay 2 life. If you don't, it enters tapped.
Resolve Stack: Wooded Foothills (241) - Ai(3)-Dnide Wildsear searches their library for a Mountain or Forest card, puts it onto the battlefield, then shuffles.
Mana: Mountain (275) - {T}: Add {R}.
Mana: Forest (260) - {T}: Add {G}.
Mana: Forest (258) - {T}: Add {G}.
Mana: Forest (256) - {T}: Add {G}.
Mana: Forest (257) - {T}: Add {G}.
Mana: Arcane Signet (298) - {T}: Add one mana of any color in your commander's color identity.
Add To Stack: Ai(3)-Dnide Wildsear cast Keeper of Secrets
Resolve Stack: Keeper of Secrets - Creature 6 / 4
Phase: Ai(3)-Dnide Wildsear's Beginning of Combat Step
Phase: Ai(3)-Dnide Wildsear's Declare Attackers Step
Combat: Ai(3)-Dnide Wildsear assigned Keeper of Secrets (221) to attack Ai(2)-Ur-Dragon B3.
Phase: Ai(3)-Dnide Wildsear's Declare Blockers Step
Combat: Ai(2)-Ur-Dragon B3 didn't block Keeper of Secrets (221).
Phase: Ai(3)-Dnide Wildsear's First Strike Damage Step
Replacement Effect: If a source you control would deal damage to a permanent or player, it deals triple that damage to that permanent or player instead.
Damage: Keeper of Secrets (221) deals 18 combat damage to Ai(2)-Ur-Dragon B3.
Life: Life: Ai(2)-Ur-Dragon B3 40 > 22
Phase: Ai(3)-Dnide Wildsear's Combat Damage Step
Phase: Ai(3)-Dnide Wildsear's End of Combat Step
Phase: Ai(3)-Dnide Wildsear's Main phase, postcombat
Phase: Ai(3)-Dnide Wildsear's End step
Add To Stack: Ai(3)-Dnide Wildsear triggered Overlord of the Boilerbilges
Resolve Stack: At the beginning of your end step, remove a time counter from it. [Phase: Ai(3)-Dnide Wildsear]
Phase: Ai(3)-Dnide Wildsear's Cleanup step
Turn: Turn 24 (Ai(4)-Inspirit EDHREC Average)
Phase: Ai(4)-Inspirit EDHREC Average's Untap step
Phase: Ai(4)-Inspirit EDHREC Average's Upkeep step
Phase: Ai(4)-Inspirit EDHREC Average's Draw step
Phase: Ai(4)-Inspirit EDHREC Average's Main phase, precombat
Land: Ai(4)-Inspirit EDHREC Average played Rugged Prairie (349)
Phase: Ai(4)-Inspirit EDHREC Average's Beginning of Combat Step
Phase: Ai(4)-Inspirit EDHREC Average's Declare Attackers Step
Combat: Ai(4)-Inspirit EDHREC Average assigned Thopter Token (414) to attack Ai(3)-Dnide Wildsear.
Phase: Ai(4)-Inspirit EDHREC Average's Declare Blockers Step
Combat: Ai(3)-Dnide Wildsear didn't block Thopter Token (414).
Phase: Ai(4)-Inspirit EDHREC Average's First Strike Damage Step
Phase: Ai(4)-Inspirit EDHREC Average's Combat Damage Step
Damage: Thopter Token (414) deals 1 combat damage to Ai(3)-Dnide Wildsear.
Life: Life: Ai(3)-Dnide Wildsear 24 > 23
Phase: Ai(4)-Inspirit EDHREC Average's End of Combat Step
Phase: Ai(4)-Inspirit EDHREC Average's Main phase, postcombat
Mana: Mountain (390) - {T}: Add {R}.
Mana: Rugged Prairie (349) - {T}: Add {C}.
Mana: Uthros, Titanic Godcore (346) - {T}: Add {U}.
Mana: The Mycosynth Gardens (370) - {T}: Add {C}.
Add To Stack: Ai(4)-Inspirit EDHREC Average cast Lux Cannon
Resolve Stack: Lux Cannon
Phase: Ai(4)-Inspirit EDHREC Average's End step
Phase: Ai(4)-Inspirit EDHREC Average's Cleanup step
Turn: Turn 25 (Ai(1)-Kilo Helm B3)
Phase: Ai(1)-Kilo Helm B3's Untap step
Phase: Ai(1)-Kilo Helm B3's Upkeep step
Mana: Ancient Den (89) - {T}: Add {W}.
Mana: Uthros, Titanic Godcore (40) - {T}: Add {U}.
Add To Stack: Ai(1)-Kilo Helm B3 activated Cayth, Famed Mechanist
Resolve Stack: Cayth, Famed Mechanist (15) -  Populate.
Phase: Ai(1)-Kilo Helm B3's Draw step
Phase: Ai(1)-Kilo Helm B3's Main phase, precombat
Phase: Ai(1)-Kilo Helm B3's Beginning of Combat Step
Phase: Ai(1)-Kilo Helm B3's Declare Attackers Step
Phase: Ai(1)-Kilo Helm B3's Declare Blockers Step
Phase: Ai(1)-Kilo Helm B3's First Strike Damage Step
Phase: Ai(1)-Kilo Helm B3's Combat Damage Step
Phase: Ai(1)-Kilo Helm B3's End of Combat Step
Phase: Ai(1)-Kilo Helm B3's Main phase, postcombat
Add To Stack: Ai(1)-Kilo Helm B3 activated Uthros, Titanic Godcore
Add To Stack: Ai(4)-Inspirit EDHREC Average activated Lux Cannon
Resolve Stack: Lux Cannon (381) - Ai(4)-Inspirit EDHREC Average puts a charge counter on Lux Cannon (381).
Resolve Stack: Uthros, Titanic Godcore (40) - Ai(1)-Kilo Helm B3 puts a charge counter on Uthros, Titanic Godcore (40).
Add To Stack: Ai(1)-Kilo Helm B3 activated Uthros, Titanic Godcore
Resolve Stack: Uthros, Titanic Godcore (40) - Ai(1)-Kilo Helm B3 puts a charge counter on Uthros, Titanic Godcore (40).
Mana: Adagia, Windswept Bastion (59) - {T}: Add {W}.
Mana: Spire of Industry (12) - {T}: Add {C}.
Add To Stack: Ai(1)-Kilo Helm B3 cast Coretapper
Resolve Stack: Coretapper - Creature 1 / 1
Add To Stack: Ai(1)-Kilo Helm B3 triggered Coretapper
Resolve Stack: Fabricate 1 (When this creature enters, put a +1/+1 counter on it, or create a 1/1 colorless Servo artifact creature token.) [Zone Changer: Coretapper (31)]
Add To Stack: Ai(1)-Kilo Helm B3 activated Uthros, Titanic Godcore
Resolve Stack: Uthros, Titanic Godcore (40) - Ai(1)-Kilo Helm B3 puts a charge counter on Uthros, Titanic Godcore (40).
Add To Stack: Ai(1)-Kilo Helm B3 activated Uthros, Titanic Godcore
Resolve Stack: Uthros, Titanic Godcore (40) - Ai(1)-Kilo Helm B3 puts a charge counter on Uthros, Titanic Godcore (40).
Phase: Ai(1)-Kilo Helm B3's End step
Phase: Ai(1)-Kilo Helm B3's Cleanup step
Turn: Turn 26 (Ai(2)-Ur-Dragon B3)
Phase: Ai(2)-Ur-Dragon B3's Untap step
Phase: Ai(2)-Ur-Dragon B3's Upkeep step
Phase: Ai(2)-Ur-Dragon B3's Draw step
Phase: Ai(2)-Ur-Dragon B3's Main phase, precombat
Mana: Exotic Orchard (199) - {T}: Add one mana of any color that a land an opponent controls could produce.
Mana: Plains (145) - {T}: Add {W}.
Mana: Forest (147) - {T}: Add {G}.
Mana: Forest (150) - {T}: Add {G}.
Add To Stack: Ai(2)-Ur-Dragon B3 cast Crucible of Fire
Resolve Stack: Crucible of Fire
Phase: Ai(2)-Ur-Dragon B3's Beginning of Combat Step
Phase: Ai(2)-Ur-Dragon B3's Declare Attackers Step
Combat: Ai(2)-Ur-Dragon B3 assigned Lathliss, Dragon Queen (134) to attack Ai(3)-Dnide Wildsear.
Add To Stack: Ai(2)-Ur-Dragon B3 triggered Kindred Discovery
Resolve Stack: Whenever a creature you control of the chosen type enters or attacks, draw a card. [Attacker: Lathliss, Dragon Queen (134)]
Phase: Ai(2)-Ur-Dragon B3's Declare Blockers Step
Combat: Ai(3)-Dnide Wildsear didn't block Lathliss, Dragon Queen (134).
Phase: Ai(2)-Ur-Dragon B3's First Strike Damage Step
Phase: Ai(2)-Ur-Dragon B3's Combat Damage Step
Damage: Lathliss, Dragon Queen (134) deals 9 combat damage to Ai(3)-Dnide Wildsear.
Life: Life: Ai(3)-Dnide Wildsear 23 > 14
Phase: Ai(2)-Ur-Dragon B3's End of Combat Step
Phase: Ai(2)-Ur-Dragon B3's Main phase, postcombat
Land: Ai(2)-Ur-Dragon B3 played Plains (143)
Mana: Swamp (195) - {T}: Add {B}.
Mana: Crumbling Necropolis (138) - {T}: Add {U}, {B}, or {R}.
Mana: Plains (143) - {T}: Add {W}.
Add To Stack: Ai(2)-Ur-Dragon B3 cast Boneyard Scourge
Resolve Stack: Boneyard Scourge - Creature 4 / 3
Add To Stack: Ai(2)-Ur-Dragon B3 triggered Kindred Discovery
Add To Stack: Ai(2)-Ur-Dragon B3 triggered Lathliss, Dragon Queen
Resolve Stack: Whenever another nontoken Dragon you control enters, create a 5/5 red Dragon creature token with flying. [Zone Changer: Boneyard Scourge (113)]
Add To Stack: Ai(2)-Ur-Dragon B3 triggered Kindred Discovery
Resolve Stack: Whenever a creature you control of the chosen type enters or attacks, draw a card. [Zone Changer: Dragon Token (430)]
Resolve Stack: Whenever a creature you control of the chosen type enters or attacks, draw a card. [Zone Changer: Boneyard Scourge (113)]
Phase: Ai(2)-Ur-Dragon B3's End step
Phase: Ai(2)-Ur-Dragon B3's Cleanup step
Turn: Turn 27 (Ai(3)-Dnide Wildsear)
Phase: Ai(3)-Dnide Wildsear's Untap step
Phase: Ai(3)-Dnide Wildsear's Upkeep step
Phase: Ai(3)-Dnide Wildsear's Draw step
Mana: Mountain (275) - {T}: Add {R}.
Mana: Forest (260) - {T}: Add {G}.
Resolve Stack: Ai(3)-Dnide Wildsear has foretold.
Phase: Ai(3)-Dnide Wildsear's Main phase, precombat
Phase: Ai(3)-Dnide Wildsear's Beginning of Combat Step
Phase: Ai(3)-Dnide Wildsear's Declare Attackers Step
Phase: Ai(3)-Dnide Wildsear's Declare Blockers Step
Phase: Ai(3)-Dnide Wildsear's First Strike Damage Step
Phase: Ai(3)-Dnide Wildsear's Combat Damage Step
Phase: Ai(3)-Dnide Wildsear's End of Combat Step
Phase: Ai(3)-Dnide Wildsear's Main phase, postcombat
Mana: Arcane Signet (298) - {T}: Add one mana of any color in your commander's color identity.
Mana: Forest (258) - {T}: Add {G}.
Mana: Forest (256) - {T}: Add {G}.
Mana: Forest (257) - {T}: Add {G}.
Mana: Stomping Ground (205) - {T}: Add {G}.
Add To Stack: Ai(3)-Dnide Wildsear cast Wildsear, Scouring Maw
Add To Stack: Ai(3)-Dnide Wildsear triggered Keeper of Secrets targeting [Ai(2)-Ur-Dragon B3]
Replacement Effect: If a source you control would deal damage to a permanent or player, it deals triple that damage to that permanent or player instead.
Damage: Keeper of Secrets (221) deals 15 non-combat damage to Ai(2)-Ur-Dragon B3.
Life: Life: Ai(2)-Ur-Dragon B3 22 > 7
Resolve Stack: Symphony of Pain — Whenever you cast a spell from anywhere other than your hand, Keeper of Secrets deals damage equal to that spell's mana value to target opponent. (Targeting: [[Ai(2)-Ur-Dragon B3]]) [Card: Wildsear, Scouring Maw (302), Activator: Ai(3)-Dnide Wildsear, SpellAbility: Wildsear, Scouring Maw - Creature 6 / 6]
Resolve Stack: Wildsear, Scouring Maw - Creature 6 / 6
Phase: Ai(3)-Dnide Wildsear's End step
Phase: Ai(3)-Dnide Wildsear's Cleanup step
Turn: Turn 28 (Ai(4)-Inspirit EDHREC Average)
Phase: Ai(4)-Inspirit EDHREC Average's Untap step
Phase: Ai(4)-Inspirit EDHREC Average's Upkeep step
Phase: Ai(4)-Inspirit EDHREC Average's Draw step
Phase: Ai(4)-Inspirit EDHREC Average's Main phase, precombat
Phase: Ai(4)-Inspirit EDHREC Average's Beginning of Combat Step
Phase: Ai(4)-Inspirit EDHREC Average's Declare Attackers Step
Phase: Ai(4)-Inspirit EDHREC Average's Declare Blockers Step
Phase: Ai(4)-Inspirit EDHREC Average's First Strike Damage Step
Phase: Ai(4)-Inspirit EDHREC Average's Combat Damage Step
Phase: Ai(4)-Inspirit EDHREC Average's End of Combat Step
Phase: Ai(4)-Inspirit EDHREC Average's Main phase, postcombat
Mana: Uthros, Titanic Godcore (346) - {T}: Add {U}.
Mana: Mountain (390) - {T}: Add {R}.
Mana: Rugged Prairie (349) - {T}: Add {C}.
Mana: The Mycosynth Gardens (370) - {T}: Add {C}.
Mana: Shivan Reef (341) - {T}: Add {C}.
Add To Stack: Ai(4)-Inspirit EDHREC Average cast Deepglow Skate
Resolve Stack: Deepglow Skate - Creature 3 / 3
Add To Stack: Ai(4)-Inspirit EDHREC Average triggered Deepglow Skate targeting [Lux Cannon (381)]
Resolve Stack: When Deepglow Skate enters, double the number of each kind of counter on any number of target permanents. (Targeting: [[Lux Cannon (381)]]) [Zone Changer: Deepglow Skate (319)]
Phase: Ai(4)-Inspirit EDHREC Average's End step
Phase: Ai(4)-Inspirit EDHREC Average's Cleanup step
Turn: Turn 29 (Ai(1)-Kilo Helm B3)
Phase: Ai(1)-Kilo Helm B3's Untap step
Phase: Ai(1)-Kilo Helm B3's Upkeep step
Mana: Ancient Den (89) - {T}: Add {W}.
Mana: Uthros, Titanic Godcore (40) - {T}: Add {U}.
Add To Stack: Ai(1)-Kilo Helm B3 activated Cayth, Famed Mechanist
Resolve Stack: Cayth, Famed Mechanist (15) -  Populate.
Phase: Ai(1)-Kilo Helm B3's Draw step
Phase: Ai(1)-Kilo Helm B3's Main phase, precombat
Phase: Ai(1)-Kilo Helm B3's Beginning of Combat Step
Phase: Ai(1)-Kilo Helm B3's Declare Attackers Step
Phase: Ai(1)-Kilo Helm B3's Declare Blockers Step
Phase: Ai(1)-Kilo Helm B3's First Strike Damage Step
Phase: Ai(1)-Kilo Helm B3's Combat Damage Step
Phase: Ai(1)-Kilo Helm B3's End of Combat Step
Phase: Ai(1)-Kilo Helm B3's Main phase, postcombat
Phase: Ai(1)-Kilo Helm B3's End step
Add To Stack: Ai(4)-Inspirit EDHREC Average activated Lux Cannon
Resolve Stack: Lux Cannon (381) - Ai(4)-Inspirit EDHREC Average puts a charge counter on Lux Cannon (381).
Phase: Ai(1)-Kilo Helm B3's Cleanup step
Turn: Turn 30 (Ai(2)-Ur-Dragon B3)
Phase: Ai(2)-Ur-Dragon B3's Untap step
Phase: Ai(2)-Ur-Dragon B3's Upkeep step
Phase: Ai(2)-Ur-Dragon B3's Draw step
Phase: Ai(2)-Ur-Dragon B3's Main phase, precombat
Mana: Exotic Orchard (199) - {T}: Add one mana of any color that a land an opponent controls could produce.
Mana: Crumbling Necropolis (138) - {T}: Add {U}, {B}, or {R}.
Mana: Plains (145) - {T}: Add {W}.
Mana: Plains (143) - {T}: Add {W}.
Add To Stack: Ai(2)-Ur-Dragon B3 cast Thundermaw Hellkite
Resolve Stack: Thundermaw Hellkite - Creature 5 / 5
Add To Stack: Ai(2)-Ur-Dragon B3 triggered Thundermaw Hellkite
Add To Stack: Ai(2)-Ur-Dragon B3 triggered Kindred Discovery
Add To Stack: Ai(2)-Ur-Dragon B3 triggered Lathliss, Dragon Queen
Resolve Stack: Whenever another nontoken Dragon you control enters, create a 5/5 red Dragon creature token with flying. [Zone Changer: Thundermaw Hellkite (158)]
Add To Stack: Ai(2)-Ur-Dragon B3 triggered Kindred Discovery
Resolve Stack: Whenever a creature you control of the chosen type enters or attacks, draw a card. [Zone Changer: Dragon Token (435)]
Resolve Stack: Whenever a creature you control of the chosen type enters or attacks, draw a card. [Zone Changer: Thundermaw Hellkite (158)]
Damage: Thundermaw Hellkite (158) deals 1 damage to Thopter Token (414).
Resolve Stack: When Thundermaw Hellkite enters, it deals 1 damage to each creature with flying your opponents control. Tap those creatures. [Zone Changer: Thundermaw Hellkite (158)]
Zone Change: Thopter Token (414) was put into Graveyard from Battlefield.
Phase: Ai(2)-Ur-Dragon B3's Beginning of Combat Step
Phase: Ai(2)-Ur-Dragon B3's Declare Attackers Step
Combat: Ai(2)-Ur-Dragon B3 assigned Lathliss, Dragon Queen (134), Dragon Token (430), Thundermaw Hellkite (158) and Boneyard Scourge (113) to attack Ai(3)-Dnide Wildsear.
Add To Stack: Ai(2)-Ur-Dragon B3 triggered Kindred Discovery
Add To Stack: Ai(2)-Ur-Dragon B3 triggered Kindred Discovery
Add To Stack: Ai(2)-Ur-Dragon B3 triggered Kindred Discovery
Add To Stack: Ai(2)-Ur-Dragon B3 triggered Kindred Discovery
Resolve Stack: Whenever a creature you control of the chosen type enters or attacks, draw a card. [Attacker: Boneyard Scourge (113)]
Resolve Stack: Whenever a creature you control of the chosen type enters or attacks, draw a card. [Attacker: Thundermaw Hellkite (158)]
Resolve Stack: Whenever a creature you control of the chosen type enters or attacks, draw a card. [Attacker: Dragon Token (430)]
Resolve Stack: Whenever a creature you control of the chosen type enters or attacks, draw a card. [Attacker: Lathliss, Dragon Queen (134)]
Phase: Ai(2)-Ur-Dragon B3's Declare Blockers Step
Combat: Ai(3)-Dnide Wildsear didn't block Lathliss, Dragon Queen (134).
Ai(3)-Dnide Wildsear didn't block Dragon Token (430).
Ai(3)-Dnide Wildsear didn't block Thundermaw Hellkite (158).
Ai(3)-Dnide Wildsear didn't block Boneyard Scourge (113).
Phase: Ai(2)-Ur-Dragon B3's First Strike Damage Step
Phase: Ai(2)-Ur-Dragon B3's Combat Damage Step
Damage: Lathliss, Dragon Queen (134) deals 9 combat damage to Ai(3)-Dnide Wildsear.
Damage: Dragon Token (430) deals 8 combat damage to Ai(3)-Dnide Wildsear.
Damage: Thundermaw Hellkite (158) deals 8 combat damage to Ai(3)-Dnide Wildsear.
Damage: Boneyard Scourge (113) deals 7 combat damage to Ai(3)-Dnide Wildsear.
Life: Life: Ai(3)-Dnide Wildsear 14 > -18
Phase: Ai(2)-Ur-Dragon B3's End of Combat Step
Phase: Ai(2)-Ur-Dragon B3's Main phase, postcombat
Replacement Effect: Path of Ancestry enters tapped.
Land: Ai(2)-Ur-Dragon B3 played Path of Ancestry (116)
Mana: Island (155) - {T}: Add {U}.
Mana: Forest (147) - {T}: Add {G}.
Add To Stack: Ai(2)-Ur-Dragon B3 cast Fellwar Stone
Life: Life: Ai(1)-Kilo Helm B3 38 > 37
Mana: Spire of Industry (12) - {T}, Pay 1 life: Add one mana of any color. Activate only if you control an artifact.
Add To Stack: Ai(1)-Kilo Helm B3 cast An Offer You Can't Refuse targeting [Fellwar Stone]
Zone Change: Send countered spell to Graveyard
Resolve Stack: An Offer You Can't Refuse (92) - Counter Fellwar Stone (130). Its controller creates two Treasure tokens.
Zone Change: Treasure Token (438) was put into Graveyard from Battlefield.
Mana: Treasure Token (438) - {T}, Sacrifice this token: Add one mana of any color.
Zone Change: Treasure Token (437) was put into Graveyard from Battlefield.
Mana: Treasure Token (437) - {T}, Sacrifice this token: Add one mana of any color.
Mana: Forest (150) - {T}: Add {G}.
Add To Stack: Ai(2)-Ur-Dragon B3 cast Dragonspeaker Shaman
Resolve Stack: Dragonspeaker Shaman - Creature 2 / 2
Phase: Ai(2)-Ur-Dragon B3's End step
Phase: Ai(2)-Ur-Dragon B3's Cleanup step
Discard: Ai(2)-Ur-Dragon B3 discards Forest (151).
Discard: Ai(2)-Ur-Dragon B3 discards Plains (144).
Discard: Ai(2)-Ur-Dragon B3 discards Haven of the Spirit Dragon (119).
Turn: Turn 31 (Ai(4)-Inspirit EDHREC Average)
Phase: Ai(4)-Inspirit EDHREC Average's Untap step
Phase: Ai(4)-Inspirit EDHREC Average's Upkeep step
Add To Stack: Ai(4)-Inspirit EDHREC Average activated Lux Cannon targeting [Lathliss, Dragon Queen (134)]
Zone Change: Lathliss, Dragon Queen (134) was put into Graveyard from Battlefield.
Resolve Stack: Lux Cannon (381) - Destroy Lathliss, Dragon Queen (134).
Phase: Ai(4)-Inspirit EDHREC Average's Draw step
Phase: Ai(4)-Inspirit EDHREC Average's Main phase, precombat
Phase: Ai(4)-Inspirit EDHREC Average's Beginning of Combat Step
Phase: Ai(4)-Inspirit EDHREC Average's Declare Attackers Step
Phase: Ai(4)-Inspirit EDHREC Average's Declare Blockers Step
Phase: Ai(4)-Inspirit EDHREC Average's First Strike Damage Step
Phase: Ai(4)-Inspirit EDHREC Average's Combat Damage Step
Phase: Ai(4)-Inspirit EDHREC Average's End of Combat Step
Phase: Ai(4)-Inspirit EDHREC Average's Main phase, postcombat
Mana: Mountain (390) - {T}: Add {R}.
Mana: Rugged Prairie (349) - {T}: Add {C}.
Mana: Uthros, Titanic Godcore (346) - {T}: Add {U}.
Add To Stack: Ai(4)-Inspirit EDHREC Average cast Surge Conductor
Resolve Stack: Surge Conductor - Creature 3 / 2
Phase: Ai(4)-Inspirit EDHREC Average's End step
Phase: Ai(4)-Inspirit EDHREC Average's Cleanup step
Turn: Turn 32 (Ai(1)-Kilo Helm B3)
Phase: Ai(1)-Kilo Helm B3's Untap step
Phase: Ai(1)-Kilo Helm B3's Upkeep step
Mana: Ancient Den (89) - {T}: Add {W}.
Mana: Uthros, Titanic Godcore (40) - {T}: Add {U}.
Add To Stack: Ai(1)-Kilo Helm B3 activated Cayth, Famed Mechanist
Resolve Stack: Cayth, Famed Mechanist (15) -  Populate.
Phase: Ai(1)-Kilo Helm B3's Draw step
Phase: Ai(1)-Kilo Helm B3's Main phase, precombat
Phase: Ai(1)-Kilo Helm B3's Beginning of Combat Step
Phase: Ai(1)-Kilo Helm B3's Declare Attackers Step
Phase: Ai(1)-Kilo Helm B3's Declare Blockers Step
Phase: Ai(1)-Kilo Helm B3's First Strike Damage Step
Phase: Ai(1)-Kilo Helm B3's Combat Damage Step
Phase: Ai(1)-Kilo Helm B3's End of Combat Step
Phase: Ai(1)-Kilo Helm B3's Main phase, postcombat
Replacement Effect: Razortide Bridge enters tapped.
Land: Ai(1)-Kilo Helm B3 played Razortide Bridge (24)
Phase: Ai(1)-Kilo Helm B3's End step
Phase: Ai(1)-Kilo Helm B3's Cleanup step
Turn: Turn 33 (Ai(2)-Ur-Dragon B3)
Phase: Ai(2)-Ur-Dragon B3's Untap step
Phase: Ai(2)-Ur-Dragon B3's Upkeep step
Phase: Ai(2)-Ur-Dragon B3's Draw step
Phase: Ai(2)-Ur-Dragon B3's Main phase, precombat
Land: Ai(2)-Ur-Dragon B3 played Mountain (179)
Phase: Ai(2)-Ur-Dragon B3's Beginning of Combat Step
Phase: Ai(2)-Ur-Dragon B3's Declare Attackers Step
Combat: Ai(2)-Ur-Dragon B3 assigned Dragon Token (430), Thundermaw Hellkite (158), Dragon Token (435) and Boneyard Scourge (113) to attack Ai(1)-Kilo Helm B3.
Add To Stack: Ai(2)-Ur-Dragon B3 triggered Kindred Discovery
Add To Stack: Ai(2)-Ur-Dragon B3 triggered Kindred Discovery
Add To Stack: Ai(2)-Ur-Dragon B3 triggered Kindred Discovery
Add To Stack: Ai(2)-Ur-Dragon B3 triggered Kindred Discovery
Resolve Stack: Whenever a creature you control of the chosen type enters or attacks, draw a card. [Attacker: Boneyard Scourge (113)]
Resolve Stack: Whenever a creature you control of the chosen type enters or attacks, draw a card. [Attacker: Dragon Token (435)]
Resolve Stack: Whenever a creature you control of the chosen type enters or attacks, draw a card. [Attacker: Thundermaw Hellkite (158)]
Resolve Stack: Whenever a creature you control of the chosen type enters or attacks, draw a card. [Attacker: Dragon Token (430)]
Phase: Ai(2)-Ur-Dragon B3's Declare Blockers Step
Combat: Ai(1)-Kilo Helm B3 didn't block Dragon Token (430).
Ai(1)-Kilo Helm B3 didn't block Thundermaw Hellkite (158).
Ai(1)-Kilo Helm B3 didn't block Dragon Token (435).
Ai(1)-Kilo Helm B3 didn't block Boneyard Scourge (113).
Phase: Ai(2)-Ur-Dragon B3's First Strike Damage Step
Phase: Ai(2)-Ur-Dragon B3's Combat Damage Step
Damage: Dragon Token (430) deals 8 combat damage to Ai(1)-Kilo Helm B3.
Damage: Thundermaw Hellkite (158) deals 8 combat damage to Ai(1)-Kilo Helm B3.
Damage: Dragon Token (435) deals 8 combat damage to Ai(1)-Kilo Helm B3.
Damage: Boneyard Scourge (113) deals 7 combat damage to Ai(1)-Kilo Helm B3.
Life: Life: Ai(1)-Kilo Helm B3 37 > 6
Phase: Ai(2)-Ur-Dragon B3's End of Combat Step
Phase: Ai(2)-Ur-Dragon B3's Main phase, postcombat
Mana: Plains (145) - {T}: Add {W}.
Mana: Forest (147) - {T}: Add {G}.
Mana: Exotic Orchard (199) - {T}: Add one mana of any color that a land an opponent controls could produce.
Mana: Island (155) - {T}: Add {U}.
Mana: Swamp (195) - {T}: Add {B}.
Mana: Plains (143) - {T}: Add {W}.
Mana: Forest (150) - {T}: Add {G}.
Add To Stack: Ai(2)-Ur-Dragon B3 cast The Ur-Dragon
Resolve Stack: The Ur-Dragon - Creature 10 / 10
Add To Stack: Ai(2)-Ur-Dragon B3 triggered Kindred Discovery
Resolve Stack: Whenever a creature you control of the chosen type enters or attacks, draw a card. [Zone Changer: The Ur-Dragon (201)]
Mana: Path of Ancestry (116) - {T}: Add one mana of any color in your commander's color identity. When that mana is spent to cast a creature spell that shares a creature type with your commander, scry 1. (Look at the top card of your library. You may put that card on the bottom of your library.)
Mana: Crumbling Necropolis (138) - {T}: Add {U}, {B}, or {R}.
Mana: Mountain (179) - {T}: Add {R}.
Add To Stack: Ai(2)-Ur-Dragon B3 cast Temur Ascendancy
Resolve Stack: Temur Ascendancy
Phase: Ai(2)-Ur-Dragon B3's End step
Phase: Ai(2)-Ur-Dragon B3's Cleanup step
Discard: Ai(2)-Ur-Dragon B3 discards Frontier Bivouac (198).
Discard: Ai(2)-Ur-Dragon B3 discards Command Tower (111).
Discard: Ai(2)-Ur-Dragon B3 discards Dragon Tempest (164).
Discard: Ai(2)-Ur-Dragon B3 discards Mirror of the Forebears (170).
Turn: Turn 34 (Ai(4)-Inspirit EDHREC Average)
Phase: Ai(4)-Inspirit EDHREC Average's Untap step
Phase: Ai(4)-Inspirit EDHREC Average's Upkeep step
Phase: Ai(4)-Inspirit EDHREC Average's Draw step
Phase: Ai(4)-Inspirit EDHREC Average's Main phase, precombat
Replacement Effect: Clifftop Retreat enters tapped unless you control a Mountain or a Plains.
Land: Ai(4)-Inspirit EDHREC Average played Clifftop Retreat (334)
Phase: Ai(4)-Inspirit EDHREC Average's Beginning of Combat Step
Phase: Ai(4)-Inspirit EDHREC Average's Declare Attackers Step
Phase: Ai(4)-Inspirit EDHREC Average's Declare Blockers Step
Phase: Ai(4)-Inspirit EDHREC Average's First Strike Damage Step
Phase: Ai(4)-Inspirit EDHREC Average's Combat Damage Step
Phase: Ai(4)-Inspirit EDHREC Average's End of Combat Step
Phase: Ai(4)-Inspirit EDHREC Average's Main phase, postcombat
Mana: Clifftop Retreat (334) - {T}: Add {R} or {W}.
Mana: Mountain (390) - {T}: Add {R}.
Mana: Rugged Prairie (349) - {T}: Add {C}.
Add To Stack: Ai(4)-Inspirit EDHREC Average cast Patrolling Peacemaker
Replacement Effect: Patrolling Peacemaker enters with two +1/+1 counters on it.
Resolve Stack: Patrolling Peacemaker - Creature 0 / 0
Add To Stack: Ai(4)-Inspirit EDHREC Average triggered Surge Conductor
Resolve Stack: Whenever another nontoken artifact you control enters, proliferate. (Choose any number of permanents and/or players, then give each another counter of each kind already there.) [Zone Changer: Patrolling Peacemaker (378)]
Mana: Uthros, Titanic Godcore (346) - {T}: Add {U}.
Mana: The Mycosynth Gardens (370) - {T}: Add {C}.
Mana: Shivan Reef (341) - {T}: Add {C}.
Add To Stack: Ai(4)-Inspirit EDHREC Average cast Titan Forge
Resolve Stack: Titan Forge
Add To Stack: Ai(4)-Inspirit EDHREC Average triggered Surge Conductor
Resolve Stack: Whenever another nontoken artifact you control enters, proliferate. (Choose any number of permanents and/or players, then give each another counter of each kind already there.) [Zone Changer: Titan Forge (348)]
Phase: Ai(4)-Inspirit EDHREC Average's End step
Phase: Ai(4)-Inspirit EDHREC Average's Cleanup step
Turn: Turn 35 (Ai(1)-Kilo Helm B3)
Phase: Ai(1)-Kilo Helm B3's Untap step
Phase: Ai(1)-Kilo Helm B3's Upkeep step
Mana: Ancient Den (89) - {T}: Add {W}.
Mana: Razortide Bridge (24) - {T}: Add {W} or {U}.
Add To Stack: Ai(1)-Kilo Helm B3 activated Cayth, Famed Mechanist
Resolve Stack: Cayth, Famed Mechanist (15) -  Populate.
Phase: Ai(1)-Kilo Helm B3's Draw step
Phase: Ai(1)-Kilo Helm B3's Main phase, precombat
Land: Ai(1)-Kilo Helm B3 played Island (63)
Phase: Ai(1)-Kilo Helm B3's Beginning of Combat Step
Phase: Ai(1)-Kilo Helm B3's Declare Attackers Step
Phase: Ai(1)-Kilo Helm B3's Declare Blockers Step
Phase: Ai(1)-Kilo Helm B3's First Strike Damage Step
Phase: Ai(1)-Kilo Helm B3's Combat Damage Step
Phase: Ai(1)-Kilo Helm B3's End of Combat Step
Phase: Ai(1)-Kilo Helm B3's Main phase, postcombat
Life: Life: Ai(1)-Kilo Helm B3 6 > 5
Mana: Spire of Industry (12) - {T}, Pay 1 life: Add one mana of any color. Activate only if you control an artifact.
Mana: Island (63) - {T}: Add {U}.
Mana: Uthros, Titanic Godcore (40) - {T}: Add {U}.
Mana: Adagia, Windswept Bastion (59) - {T}: Add {W}.
Add To Stack: Ai(1)-Kilo Helm B3 cast Jhoira, Weatherlight Captain
Add To Stack: Ai(4)-Inspirit EDHREC Average activated Lux Cannon
Resolve Stack: Lux Cannon (381) - Ai(4)-Inspirit EDHREC Average puts a charge counter on Lux Cannon (381).
Resolve Stack: Jhoira, Weatherlight Captain - Creature 3 / 3
Add To Stack: Ai(1)-Kilo Helm B3 triggered Jhoira, Weatherlight Captain
Resolve Stack: Fabricate 1 (When this creature enters, put a +1/+1 counter on it, or create a 1/1 colorless Servo artifact creature token.) [Zone Changer: Jhoira, Weatherlight Captain (76)]
Phase: Ai(1)-Kilo Helm B3's End step
Phase: Ai(1)-Kilo Helm B3's Cleanup step
Turn: Turn 36 (Ai(2)-Ur-Dragon B3)
Phase: Ai(2)-Ur-Dragon B3's Untap step
Phase: Ai(2)-Ur-Dragon B3's Upkeep step
Mana: Exotic Orchard (199) - {T}: Add one mana of any color that a land an opponent controls could produce.
Mana: Island (155) - {T}: Add {U}.
Mana: Plains (145) - {T}: Add {W}.
Add To Stack: Ai(2)-Ur-Dragon B3 cast Chaos Warp targeting [Cayth, Famed Mechanist (15)]
Add To Stack: Ai(4)-Inspirit EDHREC Average triggered Patrolling Peacemaker
Mana: Plains (143) - {T}: Add {W}.
Mana: Swamp (195) - {T}: Add {B}.
Mana: Forest (147) - {T}: Add {G}.
Add To Stack: Ai(2)-Ur-Dragon B3 cast Anguished Unmaking targeting [Cayth, Famed Mechanist (15)]
Add To Stack: Ai(4)-Inspirit EDHREC Average triggered Patrolling Peacemaker
Resolve Stack: Whenever an opponent commits a crime, proliferate. (They commit a crime if they target an opponent, anything an opponent controls, and/or cards in an opponent's graveyard. To proliferate, you choose any number of permanents and/or players, then give each another counter of each kind already there.) [Player: Ai(2)-Ur-Dragon B3]
Zone Change: Cayth, Famed Mechanist (15) was put into Exile from Battlefield.
Life: Life: Ai(2)-Ur-Dragon B3 7 > 4
Resolve Stack: Anguished Unmaking (197) - Exile Cayth, Famed Mechanist (15). Ai(2)-Ur-Dragon B3 loses 3 life.
Resolve Stack: Whenever an opponent commits a crime, proliferate. (They commit a crime if they target an opponent, anything an opponent controls, and/or cards in an opponent's graveyard. To proliferate, you choose any number of permanents and/or players, then give each another counter of each kind already there.) [Player: Ai(2)-Ur-Dragon B3]
Resolve Stack: Chaos Warp ability fizzles.
Phase: Ai(2)-Ur-Dragon B3's Draw step
Phase: Ai(2)-Ur-Dragon B3's Main phase, precombat
Mana: Forest (150) - {T}: Add {G}.
Mana: Mountain (179) - {T}: Add {R}.
Mana: Crumbling Necropolis (138) - {T}: Add {U}, {B}, or {R}.
Mana: Path of Ancestry (116) - {T}: Add one mana of any color in your commander's color identity. When that mana is spent to cast a creature spell that shares a creature type with your commander, scry 1. (Look at the top card of your library. You may put that card on the bottom of your library.)
Add To Stack: Ai(2)-Ur-Dragon B3 cast Dragonlord Atarka
Add To Stack: Ai(2)-Ur-Dragon B3 triggered Path of Ancestry
Resolve Stack: Ai(2)-Ur-Dragon B3 scried 1 card(s) to the bottom of the library
Resolve Stack: When mana produced by Path of Ancestry is spent to cast a creature spell that shares a creature type with your commander, scry 1. ([Dragonlord Atarka - Creature 8 / 8]) [Card: Dragonlord Atarka (159), Activator: Ai(2)-Ur-Dragon B3, SpellAbility: Dragonlord Atarka - Creature 8 / 8]
Resolve Stack: Dragonlord Atarka - Creature 8 / 8
Add To Stack: Ai(2)-Ur-Dragon B3 triggered Dragonlord Atarka targeting [Jhoira, Weatherlight Captain (76), Servo Token (420), Servo Token (422)]
Add To Stack: Ai(2)-Ur-Dragon B3 triggered Kindred Discovery
Add To Stack: Ai(2)-Ur-Dragon B3 triggered Temur Ascendancy
Add To Stack: Ai(4)-Inspirit EDHREC Average triggered Patrolling Peacemaker
Resolve Stack: Whenever an opponent commits a crime, proliferate. (They commit a crime if they target an opponent, anything an opponent controls, and/or cards in an opponent's graveyard. To proliferate, you choose any number of permanents and/or players, then give each another counter of each kind already there.) [Player: Ai(2)-Ur-Dragon B3]
Resolve Stack: Whenever a creature you control with power 4 or greater enters, you may draw a card. [Zone Changer: Dragonlord Atarka (159)]
Resolve Stack: Whenever a creature you control of the chosen type enters or attacks, draw a card. [Zone Changer: Dragonlord Atarka (159)]
Damage: Dragonlord Atarka (159) deals 3 damage to Jhoira, Weatherlight Captain (76).
Damage: Dragonlord Atarka (159) deals 1 damage to Servo Token (420).
Damage: Dragonlord Atarka (159) deals 1 damage to Servo Token (422).
Resolve Stack: When Dragonlord Atarka enters, it deals 5 damage divided as you choose among any number of target creatures and/or planeswalkers your opponents control. (Targeting: [[Jhoira, Weatherlight Captain (76), Servo Token (420), Servo Token (422)]]) [Zone Changer: Dragonlord Atarka (159)]
Zone Change: Servo Token (420) was put into Graveyard from Battlefield.
Zone Change: Servo Token (422) was put into Graveyard from Battlefield.
Zone Change: Jhoira, Weatherlight Captain (76) was put into Graveyard from Battlefield.
Phase: Ai(2)-Ur-Dragon B3's Beginning of Combat Step
Phase: Ai(2)-Ur-Dragon B3's Declare Attackers Step
Combat: Ai(2)-Ur-Dragon B3 assigned The Ur-Dragon (201), Dragonlord Atarka (159), Dragon Token (430), Thundermaw Hellkite (158), Dragon Token (435), Boneyard Scourge (113) and Dragonspeaker Shaman (167) to attack Ai(1)-Kilo Helm B3.
Add To Stack: Ai(2)-Ur-Dragon B3 triggered The Ur-Dragon
Add To Stack: Ai(2)-Ur-Dragon B3 triggered Kindred Discovery
Add To Stack: Ai(2)-Ur-Dragon B3 triggered Kindred Discovery
Add To Stack: Ai(2)-Ur-Dragon B3 triggered Kindred Discovery
Add To Stack: Ai(2)-Ur-Dragon B3 triggered Kindred Discovery
Add To Stack: Ai(2)-Ur-Dragon B3 triggered Kindred Discovery
Add To Stack: Ai(2)-Ur-Dragon B3 triggered Kindred Discovery
Resolve Stack: Whenever a creature you control of the chosen type enters or attacks, draw a card. [Attacker: Boneyard Scourge (113)]
Resolve Stack: Whenever a creature you control of the chosen type enters or attacks, draw a card. [Attacker: Dragon Token (435)]
Resolve Stack: Whenever a creature you control of the chosen type enters or attacks, draw a card. [Attacker: Thundermaw Hellkite (158)]
Resolve Stack: Whenever a creature you control of the chosen type enters or attacks, draw a card. [Attacker: Dragon Token (430)]
Resolve Stack: Whenever a creature you control of the chosen type enters or attacks, draw a card. [Attacker: Dragonlord Atarka (159)]
Resolve Stack: Whenever a creature you control of the chosen type enters or attacks, draw a card. [Attacker: The Ur-Dragon (201)]
Resolve Stack: Whenever one or more Dragons you control attack, draw that many cards, then you may put a permanent card from your hand onto the battlefield. [Number Attackers: [The Ur-Dragon (201), Dragonlord Atarka (159), Dragon Token (430), Thundermaw Hellkite (158), Dragon Token (435), Boneyard Scourge (113)]]
Add To Stack: Ai(2)-Ur-Dragon B3 triggered Kindred Discovery
Add To Stack: Ai(2)-Ur-Dragon B3 triggered Temur Ascendancy
Resolve Stack: Whenever a creature you control with power 4 or greater enters, you may draw a card. [Zone Changer: Utvara Hellkite (139)]
Resolve Stack: Whenever a creature you control of the chosen type enters or attacks, draw a card. [Zone Changer: Utvara Hellkite (139)]
Phase: Ai(2)-Ur-Dragon B3's Declare Blockers Step
Combat: Ai(1)-Kilo Helm B3 didn't block The Ur-Dragon (201).
Ai(1)-Kilo Helm B3 didn't block Dragonlord Atarka (159).
Ai(1)-Kilo Helm B3 didn't block Dragon Token (430).
Ai(1)-Kilo Helm B3 didn't block Thundermaw Hellkite (158).
Ai(1)-Kilo Helm B3 didn't block Dragon Token (435).
Ai(1)-Kilo Helm B3 didn't block Boneyard Scourge (113).
Ai(1)-Kilo Helm B3 assigned Servo Token (427) and Coretapper (31) to block Dragonspeaker Shaman (167).
Phase: Ai(2)-Ur-Dragon B3's First Strike Damage Step
Phase: Ai(2)-Ur-Dragon B3's Combat Damage Step
Damage: The Ur-Dragon (201) deals 13 combat damage to Ai(1)-Kilo Helm B3.
Damage: Dragonlord Atarka (159) deals 11 combat damage to Ai(1)-Kilo Helm B3.
Damage: Dragon Token (430) deals 8 combat damage to Ai(1)-Kilo Helm B3.
Damage: Thundermaw Hellkite (158) deals 8 combat damage to Ai(1)-Kilo Helm B3.
Damage: Dragon Token (435) deals 8 combat damage to Ai(1)-Kilo Helm B3.
Damage: Boneyard Scourge (113) deals 7 combat damage to Ai(1)-Kilo Helm B3.
Damage: Dragonspeaker Shaman (167) deals 1 damage to Servo Token (427).
Damage: Dragonspeaker Shaman (167) deals 1 damage to Coretapper (31).
Damage: Servo Token (427) deals 1 damage to Dragonspeaker Shaman (167).
Damage: Coretapper (31) deals 1 damage to Dragonspeaker Shaman (167).
Life: Life: Ai(1)-Kilo Helm B3 5 > -50
Zone Change: Dragonspeaker Shaman (167) was put into Graveyard from Battlefield.
Phase: Ai(2)-Ur-Dragon B3's End of Combat Step
Phase: Ai(2)-Ur-Dragon B3's Main phase, postcombat
Replacement Effect: Opulent Palace enters tapped.
Land: Ai(2)-Ur-Dragon B3 played Opulent Palace (166)
Phase: Ai(2)-Ur-Dragon B3's End step
Phase: Ai(2)-Ur-Dragon B3's Cleanup step
Discard: Ai(2)-Ur-Dragon B3 discards Forest (149).
Discard: Ai(2)-Ur-Dragon B3 discards Mountain (183).
Discard: Ai(2)-Ur-Dragon B3 discards Island (154).
Discard: Ai(2)-Ur-Dragon B3 discards Forest (148).
Discard: Ai(2)-Ur-Dragon B3 discards Nomad Outpost (108).
Discard: Ai(2)-Ur-Dragon B3 discards Mystic Monastery (121).
Discard: Ai(2)-Ur-Dragon B3 discards Coalition Relic (124).
Discard: Ai(2)-Ur-Dragon B3 discards Elemental Bond (140).
Discard: Ai(2)-Ur-Dragon B3 discards Zendikar Resurgent (118).
Discard: Ai(2)-Ur-Dragon B3 discards Savage Ventmaw (186).
Discard: Ai(2)-Ur-Dragon B3 discards Kolaghan, the Storm's Fury (137).
Turn: Turn 37 (Ai(4)-Inspirit EDHREC Average)
Phase: Ai(4)-Inspirit EDHREC Average's Untap step
Phase: Ai(4)-Inspirit EDHREC Average's Upkeep step
Add To Stack: Ai(4)-Inspirit EDHREC Average activated Lux Cannon targeting [The Ur-Dragon (201)]
Zone Change: The Ur-Dragon (201) was put into Graveyard from Battlefield.
Resolve Stack: Lux Cannon (381) - Destroy The Ur-Dragon (201).
Phase: Ai(4)-Inspirit EDHREC Average's Draw step
Phase: Ai(4)-Inspirit EDHREC Average's Main phase, precombat
Phase: Ai(4)-Inspirit EDHREC Average's Beginning of Combat Step
Phase: Ai(4)-Inspirit EDHREC Average's Declare Attackers Step
Combat: Ai(4)-Inspirit EDHREC Average assigned Patrolling Peacemaker (378), Deepglow Skate (319) and Surge Conductor (388) to attack Ai(2)-Ur-Dragon B3.
Phase: Ai(4)-Inspirit EDHREC Average's Declare Blockers Step
Combat: Ai(2)-Ur-Dragon B3 assigned Utvara Hellkite (139) to block Patrolling Peacemaker (378).
Ai(2)-Ur-Dragon B3 didn't block Deepglow Skate (319).
Ai(2)-Ur-Dragon B3 didn't block Surge Conductor (388).
Phase: Ai(4)-Inspirit EDHREC Average's First Strike Damage Step
Phase: Ai(4)-Inspirit EDHREC Average's Combat Damage Step
Damage: Patrolling Peacemaker (378) deals 7 damage to Utvara Hellkite (139).
Damage: Deepglow Skate (319) deals 3 combat damage to Ai(2)-Ur-Dragon B3.
Damage: Surge Conductor (388) deals 3 combat damage to Ai(2)-Ur-Dragon B3.
Damage: Utvara Hellkite (139) deals 9 damage to Patrolling Peacemaker (378).
Life: Life: Ai(2)-Ur-Dragon B3 4 > -2
Player Control: Ai(1)-Kilo Helm B3 has restored control over themself
Player Control: Ai(2)-Ur-Dragon B3 has restored control over themself
Player Control: Ai(3)-Dnide Wildsear has restored control over themself
Player Control: Ai(4)-Inspirit EDHREC Average has restored control over themself
Game Outcome: Turn 19
Game Outcome: Ai(1)-Kilo Helm B3 has lost because life total reached 0
Game Outcome: Ai(2)-Ur-Dragon B3 has lost because life total reached 0
Game Outcome: Ai(3)-Dnide Wildsear has lost because life total reached 0
Game Outcome: Ai(4)-Inspirit EDHREC Average has won because all opponents have lost
Match Result: Ai(1)-Kilo Helm B3: 0 Ai(2)-Ur-Dragon B3: 1 Ai(3)-Dnide Wildsear: 0 Ai(4)-Inspirit EDHREC Average: 1 

Game Result: Game 2 ended in 45667 ms. Ai(4)-Inspirit EDHREC Average has won!

java.util.concurrent.ExecutionException: java.lang.NullPointerException: Cannot invoke "forge.game.card.CounterType.is(forge.game.card.CounterEnumType)" because "type" is null
	at java.base/java.util.concurrent.FutureTask.report(FutureTask.java:122)
	at java.base/java.util.concurrent.FutureTask.get(FutureTask.java:205)
	at forge.ai.AiController.chooseSpellAbilityToPlayFromList(AiController.java:1680)
	at forge.ai.AiController.getSpellAbilityToPlay(AiController.java:1569)
	at forge.ai.AiController.chooseSpellAbilityToPlay(AiController.java:1389)
	at forge.ai.PlayerControllerAi.chooseSpellAbilityToPlay(PlayerControllerAi.java:833)
	at forge.game.phase.PhaseHandler.mainLoopStep(PhaseHandler.java:1063)
	at forge.game.phase.PhaseHandler.mainGameLoop(PhaseHandler.java:1042)
	at forge.game.phase.PhaseHandler.startFirstTurn(PhaseHandler.java:1036)
	at forge.game.GameAction.startGame(GameAction.java:2373)
	at forge.game.Match.startGame(Match.java:92)
	at forge.game.Match.startGame(Match.java:77)
	at forge.view.SimulateMatch.lambda$simulateSingleMatch$0(SimulateMatch.java:182)
	at forge.view.TimeLimitedCodeBlock.lambda$runWithTimeout$0(TimeLimitedCodeBlock.java:18)
	at java.base/java.util.concurrent.FutureTask.run(FutureTask.java:264)
	at java.base/java.util.concurrent.ThreadPoolExecutor.runWorker(ThreadPoolExecutor.java:1136)
	at java.base/java.util.concurrent.ThreadPoolExecutor$Worker.run(ThreadPoolExecutor.java:635)
	at java.base/java.lang.Thread.run(Thread.java:840)
Caused by: java.lang.NullPointerException: Cannot invoke "forge.game.card.CounterType.is(forge.game.card.CounterEnumType)" because "type" is null
	at forge.ai.ComputerUtilCost.checkRemoveCounterCost(ComputerUtilCost.java:100)
	at forge.ai.SpellAbilityAi.willPayCosts(SpellAbilityAi.java:389)
	at forge.ai.SpellAbilityAi.canPlayWithoutRestrict(SpellAbilityAi.java:105)
	at forge.ai.SpellAbilityAi.canPlay(SpellAbilityAi.java:76)
	at forge.ai.SpellAbilityAi.canPlayWithSubs(SpellAbilityAi.java:55)
	at forge.ai.AiController.canPlaySa(AiController.java:911)
	at forge.ai.AiController.canPlayAndPayForFace(AiController.java:855)
	at forge.ai.AiController.canPlayAndPayFor(AiController.java:833)
	at forge.ai.AiController.lambda$chooseSpellAbilityToPlayFromList$9(AiController.java:1661)
	at java.base/java.util.concurrent.FutureTask.run(FutureTask.java:264)
	... 1 more
Warning: default (ie. inherited from base class) implementation of confirmAction is used by Kilo, Apogee Mind for forge.ai.ability.PermanentCreatureAi. Consider declaring an overloaded method
Warning: default (ie. inherited from base class) implementation of confirmAction is used by Wildsear, Scouring Maw for forge.ai.ability.PermanentCreatureAi. Consider declaring an overloaded method
Warning: default (ie. inherited from base class) implementation of chooseSingleCard is used by Ripples of Potential for forge.ai.ability.PhasesAi. Consider declaring an overloaded method
Warning: default (ie. inherited from base class) implementation of chooseSingleCard is used by Ripples of Potential for forge.ai.ability.PhasesAi. Consider declaring an overloaded method
Mulligan: Ai(1)-Kilo Helm B3 has mulliganed down to 7 cards.
Mulligan: Ai(4)-Inspirit EDHREC Average has mulliganed down to 7 cards.
Mulligan: Ai(1)-Kilo Helm B3 has kept a hand of 7 cards
Mulligan: Ai(2)-Ur-Dragon B3 has kept a hand of 7 cards
Mulligan: Ai(3)-Dnide Wildsear has kept a hand of 7 cards
Mulligan: Ai(4)-Inspirit EDHREC Average has kept a hand of 7 cards
Turn: Turn 1 (Ai(1)-Kilo Helm B3)
Phase: Ai(1)-Kilo Helm B3's Untap step
Phase: Ai(1)-Kilo Helm B3's Upkeep step
Phase: Ai(1)-Kilo Helm B3's Draw step
Phase: Ai(1)-Kilo Helm B3's Main phase, precombat
Land: Ai(1)-Kilo Helm B3 played Shivan Reef (36)
Phase: Ai(1)-Kilo Helm B3's Beginning of Combat Step
Phase: Ai(1)-Kilo Helm B3's Declare Attackers Step
Phase: Ai(1)-Kilo Helm B3's Declare Blockers Step
Phase: Ai(1)-Kilo Helm B3's First Strike Damage Step
Phase: Ai(1)-Kilo Helm B3's Combat Damage Step
Phase: Ai(1)-Kilo Helm B3's End of Combat Step
Phase: Ai(1)-Kilo Helm B3's Main phase, postcombat
Phase: Ai(1)-Kilo Helm B3's End step
Phase: Ai(1)-Kilo Helm B3's Cleanup step
Turn: Turn 2 (Ai(2)-Ur-Dragon B3)
Phase: Ai(2)-Ur-Dragon B3's Untap step
Phase: Ai(2)-Ur-Dragon B3's Upkeep step
Phase: Ai(2)-Ur-Dragon B3's Draw step
Phase: Ai(2)-Ur-Dragon B3's Main phase, precombat
Land: Ai(2)-Ur-Dragon B3 played Plains (143)
Phase: Ai(2)-Ur-Dragon B3's Beginning of Combat Step
Phase: Ai(2)-Ur-Dragon B3's Declare Attackers Step
Phase: Ai(2)-Ur-Dragon B3's Declare Blockers Step
Phase: Ai(2)-Ur-Dragon B3's First Strike Damage Step
Phase: Ai(2)-Ur-Dragon B3's Combat Damage Step
Phase: Ai(2)-Ur-Dragon B3's End of Combat Step
Phase: Ai(2)-Ur-Dragon B3's Main phase, postcombat
Mana: Plains (143) - {T}: Add {W}.
Add To Stack: Ai(2)-Ur-Dragon B3 cast Sol Ring
Resolve Stack: Sol Ring
Phase: Ai(2)-Ur-Dragon B3's End step
Phase: Ai(2)-Ur-Dragon B3's Cleanup step
Turn: Turn 3 (Ai(3)-Dnide Wildsear)
Phase: Ai(3)-Dnide Wildsear's Untap step
Phase: Ai(3)-Dnide Wildsear's Upkeep step
Phase: Ai(3)-Dnide Wildsear's Draw step
Phase: Ai(3)-Dnide Wildsear's Main phase, precombat
Replacement Effect: As Stomping Ground enters, you may pay 2 life. If you don't, it enters tapped.
Land: Ai(3)-Dnide Wildsear played Stomping Ground (205)
Phase: Ai(3)-Dnide Wildsear's Beginning of Combat Step
Phase: Ai(3)-Dnide Wildsear's Declare Attackers Step
Phase: Ai(3)-Dnide Wildsear's Declare Blockers Step
Phase: Ai(3)-Dnide Wildsear's First Strike Damage Step
Phase: Ai(3)-Dnide Wildsear's Combat Damage Step
Phase: Ai(3)-Dnide Wildsear's End of Combat Step
Phase: Ai(3)-Dnide Wildsear's Main phase, postcombat
Phase: Ai(3)-Dnide Wildsear's End step
Phase: Ai(3)-Dnide Wildsear's Cleanup step
Turn: Turn 4 (Ai(4)-Inspirit EDHREC Average)
Phase: Ai(4)-Inspirit EDHREC Average's Untap step
Phase: Ai(4)-Inspirit EDHREC Average's Upkeep step
Phase: Ai(4)-Inspirit EDHREC Average's Draw step
Phase: Ai(4)-Inspirit EDHREC Average's Main phase, precombat
Replacement Effect: This land enters tapped unless you control two or more basic lands.
Land: Ai(4)-Inspirit EDHREC Average played Radiant Summit (325)
Phase: Ai(4)-Inspirit EDHREC Average's Beginning of Combat Step
Phase: Ai(4)-Inspirit EDHREC Average's Declare Attackers Step
Phase: Ai(4)-Inspirit EDHREC Average's Declare Blockers Step
Phase: Ai(4)-Inspirit EDHREC Average's First Strike Damage Step
Phase: Ai(4)-Inspirit EDHREC Average's Combat Damage Step
Phase: Ai(4)-Inspirit EDHREC Average's End of Combat Step
Phase: Ai(4)-Inspirit EDHREC Average's Main phase, postcombat
Phase: Ai(4)-Inspirit EDHREC Average's End step
Phase: Ai(4)-Inspirit EDHREC Average's Cleanup step
Turn: Turn 5 (Ai(1)-Kilo Helm B3)
Phase: Ai(1)-Kilo Helm B3's Untap step
Phase: Ai(1)-Kilo Helm B3's Upkeep step
Phase: Ai(1)-Kilo Helm B3's Draw step
Phase: Ai(1)-Kilo Helm B3's Main phase, precombat
Land: Ai(1)-Kilo Helm B3 played Island (64)
Phase: Ai(1)-Kilo Helm B3's Beginning of Combat Step
Phase: Ai(1)-Kilo Helm B3's Declare Attackers Step
Phase: Ai(1)-Kilo Helm B3's Declare Blockers Step
Phase: Ai(1)-Kilo Helm B3's First Strike Damage Step
Phase: Ai(1)-Kilo Helm B3's Combat Damage Step
Phase: Ai(1)-Kilo Helm B3's End of Combat Step
Phase: Ai(1)-Kilo Helm B3's Main phase, postcombat
Mana: Island (64) - {T}: Add {U}.
Mana: Shivan Reef (36) - {T}: Add {C}.
Add To Stack: Ai(1)-Kilo Helm B3 cast Steel Overseer
Resolve Stack: Steel Overseer - Creature 1 / 1
Phase: Ai(1)-Kilo Helm B3's End step
Phase: Ai(1)-Kilo Helm B3's Cleanup step
Turn: Turn 6 (Ai(2)-Ur-Dragon B3)
Phase: Ai(2)-Ur-Dragon B3's Untap step
Phase: Ai(2)-Ur-Dragon B3's Upkeep step
Phase: Ai(2)-Ur-Dragon B3's Draw step
Phase: Ai(2)-Ur-Dragon B3's Main phase, precombat
Phase: Ai(2)-Ur-Dragon B3's Beginning of Combat Step
Phase: Ai(2)-Ur-Dragon B3's Declare Attackers Step
Phase: Ai(2)-Ur-Dragon B3's Declare Blockers Step
Phase: Ai(2)-Ur-Dragon B3's First Strike Damage Step
Phase: Ai(2)-Ur-Dragon B3's Combat Damage Step
Phase: Ai(2)-Ur-Dragon B3's End of Combat Step
Phase: Ai(2)-Ur-Dragon B3's Main phase, postcombat
Replacement Effect: Path of Ancestry enters tapped.
Land: Ai(2)-Ur-Dragon B3 played Path of Ancestry (116)
Phase: Ai(2)-Ur-Dragon B3's End step
Phase: Ai(2)-Ur-Dragon B3's Cleanup step
Turn: Turn 7 (Ai(3)-Dnide Wildsear)
Phase: Ai(3)-Dnide Wildsear's Untap step
Phase: Ai(3)-Dnide Wildsear's Upkeep step
Phase: Ai(3)-Dnide Wildsear's Draw step
Phase: Ai(3)-Dnide Wildsear's Main phase, precombat
Land: Ai(3)-Dnide Wildsear played Command Tower (210)
Mana: Command Tower (210) - {T}: Add one mana of any color in your commander's color identity.
Mana: Stomping Ground (205) - {T}: Add {G}.
Add To Stack: Ai(3)-Dnide Wildsear cast Abrade
Zone Change: Steel Overseer (3) was put into Graveyard from Battlefield.
Resolve Stack: Abrade (240) -  Destroy target artifact. (Targeting: Steel Overseer (3))
Phase: Ai(3)-Dnide Wildsear's Beginning of Combat Step
Phase: Ai(3)-Dnide Wildsear's Declare Attackers Step
Phase: Ai(3)-Dnide Wildsear's Declare Blockers Step
Phase: Ai(3)-Dnide Wildsear's First Strike Damage Step
Phase: Ai(3)-Dnide Wildsear's Combat Damage Step
Phase: Ai(3)-Dnide Wildsear's End of Combat Step
Phase: Ai(3)-Dnide Wildsear's Main phase, postcombat
Phase: Ai(3)-Dnide Wildsear's End step
Phase: Ai(3)-Dnide Wildsear's Cleanup step
Turn: Turn 8 (Ai(4)-Inspirit EDHREC Average)
Phase: Ai(4)-Inspirit EDHREC Average's Untap step
Phase: Ai(4)-Inspirit EDHREC Average's Upkeep step
Phase: Ai(4)-Inspirit EDHREC Average's Draw step
Phase: Ai(4)-Inspirit EDHREC Average's Main phase, precombat
Land: Ai(4)-Inspirit EDHREC Average played The Mycosynth Gardens (370)
Phase: Ai(4)-Inspirit EDHREC Average's Beginning of Combat Step
Phase: Ai(4)-Inspirit EDHREC Average's Declare Attackers Step
Phase: Ai(4)-Inspirit EDHREC Average's Declare Blockers Step
Phase: Ai(4)-Inspirit EDHREC Average's First Strike Damage Step
Phase: Ai(4)-Inspirit EDHREC Average's Combat Damage Step
Phase: Ai(4)-Inspirit EDHREC Average's End of Combat Step
Phase: Ai(4)-Inspirit EDHREC Average's Main phase, postcombat
Mana: Radiant Summit (325) - {T}: Add {R}.
Mana: The Mycosynth Gardens (370) - {T}: Add {C}.
Add To Stack: Ai(4)-Inspirit EDHREC Average cast Arcane Signet
Resolve Stack: Arcane Signet
Phase: Ai(4)-Inspirit EDHREC Average's End step
Phase: Ai(4)-Inspirit EDHREC Average's Cleanup step
Turn: Turn 9 (Ai(1)-Kilo Helm B3)
Phase: Ai(1)-Kilo Helm B3's Untap step
Phase: Ai(1)-Kilo Helm B3's Upkeep step
Phase: Ai(1)-Kilo Helm B3's Draw step
Phase: Ai(1)-Kilo Helm B3's Main phase, precombat
Replacement Effect: Sulfur Falls enters tapped unless you control an Island or a Mountain.
Land: Ai(1)-Kilo Helm B3 played Sulfur Falls (21)
Phase: Ai(1)-Kilo Helm B3's Beginning of Combat Step
Phase: Ai(1)-Kilo Helm B3's Declare Attackers Step
Phase: Ai(1)-Kilo Helm B3's Declare Blockers Step
Phase: Ai(1)-Kilo Helm B3's First Strike Damage Step
Phase: Ai(1)-Kilo Helm B3's Combat Damage Step
Phase: Ai(1)-Kilo Helm B3's End of Combat Step
Phase: Ai(1)-Kilo Helm B3's Main phase, postcombat
Phase: Ai(1)-Kilo Helm B3's End step
Phase: Ai(1)-Kilo Helm B3's Cleanup step
Turn: Turn 10 (Ai(2)-Ur-Dragon B3)
Phase: Ai(2)-Ur-Dragon B3's Untap step
Phase: Ai(2)-Ur-Dragon B3's Upkeep step
Phase: Ai(2)-Ur-Dragon B3's Draw step
Phase: Ai(2)-Ur-Dragon B3's Main phase, precombat
Land: Ai(2)-Ur-Dragon B3 played Island (156)
Mana: Path of Ancestry (116) - {T}: Add one mana of any color in your commander's color identity. When that mana is spent to cast a creature spell that shares a creature type with your commander, scry 1. (Look at the top card of your library. You may put that card on the bottom of your library.)
Mana: Sol Ring (114) - {T}: Add {C}{C}.
Add To Stack: Ai(2)-Ur-Dragon B3 cast Nature's Lore
Resolve Stack: Nature's Lore (171) - Ai(2)-Ur-Dragon B3 searches their library for a Forest card, puts it onto the battlefield, then shuffles.
Phase: Ai(2)-Ur-Dragon B3's Beginning of Combat Step
Phase: Ai(2)-Ur-Dragon B3's Declare Attackers Step
Phase: Ai(2)-Ur-Dragon B3's Declare Blockers Step
Phase: Ai(2)-Ur-Dragon B3's First Strike Damage Step
Phase: Ai(2)-Ur-Dragon B3's Combat Damage Step
Phase: Ai(2)-Ur-Dragon B3's End of Combat Step
Phase: Ai(2)-Ur-Dragon B3's Main phase, postcombat
Mana: Forest (146) - {T}: Add {G}.
Mana: Plains (143) - {T}: Add {W}.
Mana: Island (156) - {T}: Add {U}.
Add To Stack: Ai(2)-Ur-Dragon B3 cast Kodama's Reach
Resolve Stack: Kodama's Reach (190) - Search your library for up to two basic land cards, reveal those cards, put one onto the battlefield tapped and the other into your hand, then shuffle.   
Phase: Ai(2)-Ur-Dragon B3's End step
Phase: Ai(2)-Ur-Dragon B3's Cleanup step
Turn: Turn 11 (Ai(3)-Dnide Wildsear)
Phase: Ai(3)-Dnide Wildsear's Untap step
Phase: Ai(3)-Dnide Wildsear's Upkeep step
Phase: Ai(3)-Dnide Wildsear's Draw step
Phase: Ai(3)-Dnide Wildsear's Main phase, precombat
Land: Ai(3)-Dnide Wildsear played Forest (253)
Phase: Ai(3)-Dnide Wildsear's Beginning of Combat Step
Phase: Ai(3)-Dnide Wildsear's Declare Attackers Step
Phase: Ai(3)-Dnide Wildsear's Declare Blockers Step
Phase: Ai(3)-Dnide Wildsear's First Strike Damage Step
Phase: Ai(3)-Dnide Wildsear's Combat Damage Step
Phase: Ai(3)-Dnide Wildsear's End of Combat Step
Phase: Ai(3)-Dnide Wildsear's Main phase, postcombat
Phase: Ai(3)-Dnide Wildsear's End step
Phase: Ai(3)-Dnide Wildsear's Cleanup step
Turn: Turn 12 (Ai(4)-Inspirit EDHREC Average)
Phase: Ai(4)-Inspirit EDHREC Average's Untap step
Phase: Ai(4)-Inspirit EDHREC Average's Upkeep step
Phase: Ai(4)-Inspirit EDHREC Average's Draw step
Phase: Ai(4)-Inspirit EDHREC Average's Main phase, precombat
Replacement Effect: Clifftop Retreat enters tapped unless you control a Mountain or a Plains.
Land: Ai(4)-Inspirit EDHREC Average played Clifftop Retreat (334)
Phase: Ai(4)-Inspirit EDHREC Average's Beginning of Combat Step
Phase: Ai(4)-Inspirit EDHREC Average's Declare Attackers Step
Phase: Ai(4)-Inspirit EDHREC Average's Declare Blockers Step
Phase: Ai(4)-Inspirit EDHREC Average's First Strike Damage Step
Phase: Ai(4)-Inspirit EDHREC Average's Combat Damage Step
Phase: Ai(4)-Inspirit EDHREC Average's End of Combat Step
Phase: Ai(4)-Inspirit EDHREC Average's Main phase, postcombat
Mana: Clifftop Retreat (334) - {T}: Add {R} or {W}.
Mana: Arcane Signet (397) - {T}: Add one mana of any color in your commander's color identity.
Mana: Radiant Summit (325) - {T}: Add {R}.
Mana: The Mycosynth Gardens (370) - {T}: Add {C}.
Add To Stack: Ai(4)-Inspirit EDHREC Average cast Etched Oracle
Replacement Effect: Sunburst (This enters with either a +1/+1 or charge counter on it for each color of mana spent to cast it based on whether it's a creature.)
Resolve Stack: Etched Oracle - Creature 0 / 0
Phase: Ai(4)-Inspirit EDHREC Average's End step
Phase: Ai(4)-Inspirit EDHREC Average's Cleanup step
Turn: Turn 13 (Ai(1)-Kilo Helm B3)
Phase: Ai(1)-Kilo Helm B3's Untap step
Phase: Ai(1)-Kilo Helm B3's Upkeep step
Phase: Ai(1)-Kilo Helm B3's Draw step
Phase: Ai(1)-Kilo Helm B3's Main phase, precombat
Replacement Effect: This land enters tapped.
Land: Ai(1)-Kilo Helm B3 played Adagia, Windswept Bastion (59)
Phase: Ai(1)-Kilo Helm B3's Beginning of Combat Step
Phase: Ai(1)-Kilo Helm B3's Declare Attackers Step
Phase: Ai(1)-Kilo Helm B3's Declare Blockers Step
Phase: Ai(1)-Kilo Helm B3's First Strike Damage Step
Phase: Ai(1)-Kilo Helm B3's Combat Damage Step
Phase: Ai(1)-Kilo Helm B3's End of Combat Step
Phase: Ai(1)-Kilo Helm B3's Main phase, postcombat
Mana: Island (64) - {T}: Add {U}.
Mana: Sulfur Falls (21) - {T}: Add {U} or {R}.
Add To Stack: Ai(1)-Kilo Helm B3 cast Hangarback Walker
Replacement Effect: Hangarback Walker enters with X +1/+1 counters on it.
Resolve Stack: Hangarback Walker - Creature 0 / 0 (X=1)
Add To Stack: Ai(1)-Kilo Helm B3 activated Adagia, Windswept Bastion
Resolve Stack: Adagia, Windswept Bastion (59) - Ai(1)-Kilo Helm B3 puts a charge counter on Adagia, Windswept Bastion (59).
Phase: Ai(1)-Kilo Helm B3's End step
Phase: Ai(1)-Kilo Helm B3's Cleanup step
Turn: Turn 14 (Ai(2)-Ur-Dragon B3)
Phase: Ai(2)-Ur-Dragon B3's Untap step
Phase: Ai(2)-Ur-Dragon B3's Upkeep step
Phase: Ai(2)-Ur-Dragon B3's Draw step
Phase: Ai(2)-Ur-Dragon B3's Main phase, precombat
Land: Ai(2)-Ur-Dragon B3 played Swamp (195)
Phase: Ai(2)-Ur-Dragon B3's Beginning of Combat Step
Phase: Ai(2)-Ur-Dragon B3's Declare Attackers Step
Phase: Ai(2)-Ur-Dragon B3's Declare Blockers Step
Phase: Ai(2)-Ur-Dragon B3's First Strike Damage Step
Phase: Ai(2)-Ur-Dragon B3's Combat Damage Step
Phase: Ai(2)-Ur-Dragon B3's End of Combat Step
Phase: Ai(2)-Ur-Dragon B3's Main phase, postcombat
Mana: Plains (143) - {T}: Add {W}.
Mana: Forest (146) - {T}: Add {G}.
Mana: Sol Ring (114) - {T}: Add {C}{C}.
Add To Stack: Ai(2)-Ur-Dragon B3 cast Dromoka, the Eternal
Resolve Stack: Dromoka, the Eternal - Creature 5 / 5
Phase: Ai(2)-Ur-Dragon B3's End step
Phase: Ai(2)-Ur-Dragon B3's Cleanup step
Turn: Turn 15 (Ai(3)-Dnide Wildsear)
Phase: Ai(3)-Dnide Wildsear's Untap step
Phase: Ai(3)-Dnide Wildsear's Upkeep step
Phase: Ai(3)-Dnide Wildsear's Draw step
Phase: Ai(3)-Dnide Wildsear's Main phase, precombat
Replacement Effect: Cinder Glade enters tapped unless you control two or more basic lands.
Land: Ai(3)-Dnide Wildsear played Cinder Glade (211)
Phase: Ai(3)-Dnide Wildsear's Beginning of Combat Step
Phase: Ai(3)-Dnide Wildsear's Declare Attackers Step
Phase: Ai(3)-Dnide Wildsear's Declare Blockers Step
Phase: Ai(3)-Dnide Wildsear's First Strike Damage Step
Phase: Ai(3)-Dnide Wildsear's Combat Damage Step
Phase: Ai(3)-Dnide Wildsear's End of Combat Step
Phase: Ai(3)-Dnide Wildsear's Main phase, postcombat
Phase: Ai(3)-Dnide Wildsear's End step
Phase: Ai(3)-Dnide Wildsear's Cleanup step
Turn: Turn 16 (Ai(4)-Inspirit EDHREC Average)
Phase: Ai(4)-Inspirit EDHREC Average's Untap step
Phase: Ai(4)-Inspirit EDHREC Average's Upkeep step
Phase: Ai(4)-Inspirit EDHREC Average's Draw step
Phase: Ai(4)-Inspirit EDHREC Average's Main phase, precombat
Land: Ai(4)-Inspirit EDHREC Average played Plains (360)
Phase: Ai(4)-Inspirit EDHREC Average's Beginning of Combat Step
Phase: Ai(4)-Inspirit EDHREC Average's Declare Attackers Step
Phase: Ai(4)-Inspirit EDHREC Average's Declare Blockers Step
Phase: Ai(4)-Inspirit EDHREC Average's First Strike Damage Step
Phase: Ai(4)-Inspirit EDHREC Average's Combat Damage Step
Phase: Ai(4)-Inspirit EDHREC Average's End of Combat Step
Phase: Ai(4)-Inspirit EDHREC Average's Main phase, postcombat
Mana: Clifftop Retreat (334) - {T}: Add {R} or {W}.
Mana: Radiant Summit (325) - {T}: Add {R}.
Mana: Plains (360) - {T}: Add {W}.
Mana: Arcane Signet (397) - {T}: Add one mana of any color in your commander's color identity.
Mana: The Mycosynth Gardens (370) - {T}: Add {C}.
Add To Stack: Ai(4)-Inspirit EDHREC Average cast All Will Be One
Resolve Stack: All Will Be One
Phase: Ai(4)-Inspirit EDHREC Average's End step
Phase: Ai(4)-Inspirit EDHREC Average's Cleanup step
Turn: Turn 17 (Ai(1)-Kilo Helm B3)
Phase: Ai(1)-Kilo Helm B3's Untap step
Phase: Ai(1)-Kilo Helm B3's Upkeep step
Phase: Ai(1)-Kilo Helm B3's Draw step
Phase: Ai(1)-Kilo Helm B3's Main phase, precombat
Replacement Effect: This land enters tapped.
Land: Ai(1)-Kilo Helm B3 played Uthros, Titanic Godcore (40)
Mana: Adagia, Windswept Bastion (59) - {T}: Add {W}.
Mana: Sulfur Falls (21) - {T}: Add {U} or {R}.
Mana: Island (64) - {T}: Add {U}.
Add To Stack: Ai(1)-Kilo Helm B3 cast Kilo, Apogee Mind
Resolve Stack: Kilo, Apogee Mind - Creature 3 / 3
Phase: Ai(1)-Kilo Helm B3's Beginning of Combat Step
Phase: Ai(1)-Kilo Helm B3's Declare Attackers Step
Combat: Ai(1)-Kilo Helm B3 assigned Kilo, Apogee Mind (100) to attack Ai(4)-Inspirit EDHREC Average.
Add To Stack: Ai(1)-Kilo Helm B3 triggered Kilo, Apogee Mind
Resolve Stack: Whenever Kilo becomes tapped, proliferate. (Choose any number of permanents and/or players, then give each another counter of each kind already there.) [Tapped: Kilo, Apogee Mind (100)]
Phase: Ai(1)-Kilo Helm B3's Declare Blockers Step
Combat: Ai(4)-Inspirit EDHREC Average didn't block Kilo, Apogee Mind (100).
Phase: Ai(1)-Kilo Helm B3's First Strike Damage Step
Phase: Ai(1)-Kilo Helm B3's Combat Damage Step
Damage: Kilo, Apogee Mind (100) deals 3 combat damage to Ai(4)-Inspirit EDHREC Average.
Life: Life: Ai(4)-Inspirit EDHREC Average 40 > 37
Phase: Ai(1)-Kilo Helm B3's End of Combat Step
Phase: Ai(1)-Kilo Helm B3's Main phase, postcombat
Add To Stack: Ai(1)-Kilo Helm B3 activated Adagia, Windswept Bastion
Resolve Stack: Adagia, Windswept Bastion (59) - Ai(1)-Kilo Helm B3 puts two charge counters on Adagia, Windswept Bastion (59).
Mana: Shivan Reef (36) - {T}: Add {C}.
Add To Stack: Ai(1)-Kilo Helm B3 cast Sol Ring
Resolve Stack: Sol Ring
Phase: Ai(1)-Kilo Helm B3's End step
Phase: Ai(1)-Kilo Helm B3's Cleanup step
Turn: Turn 18 (Ai(2)-Ur-Dragon B3)
Phase: Ai(2)-Ur-Dragon B3's Untap step
Phase: Ai(2)-Ur-Dragon B3's Upkeep step
Phase: Ai(2)-Ur-Dragon B3's Draw step
Phase: Ai(2)-Ur-Dragon B3's Main phase, precombat
Phase: Ai(2)-Ur-Dragon B3's Beginning of Combat Step
Phase: Ai(2)-Ur-Dragon B3's Declare Attackers Step
Combat: Ai(2)-Ur-Dragon B3 assigned Dromoka, the Eternal (177) to attack Ai(4)-Inspirit EDHREC Average.
Add To Stack: Ai(2)-Ur-Dragon B3 triggered Dromoka, the Eternal
Resolve Stack: Whenever a Dragon you control attacks, bolster 2. (Choose a creature with the least toughness among creatures you control and put two +1/+1 counters on it.) [Attacker: Dromoka, the Eternal (177)]
Phase: Ai(2)-Ur-Dragon B3's Declare Blockers Step
Combat: Ai(4)-Inspirit EDHREC Average didn't block Dromoka, the Eternal (177).
Phase: Ai(2)-Ur-Dragon B3's First Strike Damage Step
Phase: Ai(2)-Ur-Dragon B3's Combat Damage Step
Damage: Dromoka, the Eternal (177) deals 7 combat damage to Ai(4)-Inspirit EDHREC Average.
Life: Life: Ai(4)-Inspirit EDHREC Average 37 > 30
Phase: Ai(2)-Ur-Dragon B3's End of Combat Step
Phase: Ai(2)-Ur-Dragon B3's Main phase, postcombat
Replacement Effect: Opulent Palace enters tapped.
Land: Ai(2)-Ur-Dragon B3 played Opulent Palace (166)
Mana: Island (156) - {T}: Add {U}.
Mana: Path of Ancestry (116) - {T}: Add one mana of any color in your commander's color identity. When that mana is spent to cast a creature spell that shares a creature type with your commander, scry 1. (Look at the top card of your library. You may put that card on the bottom of your library.)
Mana: Sol Ring (114) - {T}: Add {C}{C}.
Mana: Plains (143) - {T}: Add {W}.
Add To Stack: Ai(2)-Ur-Dragon B3 cast Kindred Discovery
Replacement Effect: As Kindred Discovery enters, choose a creature type.
Resolve Stack: Kindred Discovery
Phase: Ai(2)-Ur-Dragon B3's End step
Phase: Ai(2)-Ur-Dragon B3's Cleanup step
Turn: Turn 19 (Ai(3)-Dnide Wildsear)
Phase: Ai(3)-Dnide Wildsear's Untap step
Phase: Ai(3)-Dnide Wildsear's Upkeep step
Phase: Ai(3)-Dnide Wildsear's Draw step
Phase: Ai(3)-Dnide Wildsear's Main phase, precombat
Land: Ai(3)-Dnide Wildsear played Mountain (276)
Mana: Forest (253) - {T}: Add {G}.
Mana: Mountain (276) - {T}: Add {R}.
Mana: Command Tower (210) - {T}: Add one mana of any color in your commander's color identity.
Mana: Stomping Ground (205) - {T}: Add {G}.
Add To Stack: Ai(3)-Dnide Wildsear cast Decimate targeting [Etched Oracle (307)] [Dromoka, the Eternal (177)] [All Will Be One (394)] [The Mycosynth Gardens (370)]
Zone Change: Etched Oracle (307) was put into Graveyard from Battlefield.
Zone Change: All Will Be One (394) was put into Graveyard from Battlefield.
Zone Change: The Mycosynth Gardens (370) was put into Graveyard from Battlefield.
Zone Change: Dromoka, the Eternal (177) was put into Graveyard from Battlefield.
Resolve Stack: Decimate (247) -     Destroy Etched Oracle (307), Dromoka, the Eternal (177), All Will Be One (394) and The Mycosynth Gardens (370).
Phase: Ai(3)-Dnide Wildsear's Beginning of Combat Step
Phase: Ai(3)-Dnide Wildsear's Declare Attackers Step
Phase: Ai(3)-Dnide Wildsear's Declare Blockers Step
Phase: Ai(3)-Dnide Wildsear's First Strike Damage Step
Phase: Ai(3)-Dnide Wildsear's Combat Damage Step
Phase: Ai(3)-Dnide Wildsear's End of Combat Step
Phase: Ai(3)-Dnide Wildsear's Main phase, postcombat
Phase: Ai(3)-Dnide Wildsear's End step
Phase: Ai(3)-Dnide Wildsear's Cleanup step
Turn: Turn 20 (Ai(4)-Inspirit EDHREC Average)
Phase: Ai(4)-Inspirit EDHREC Average's Untap step
Phase: Ai(4)-Inspirit EDHREC Average's Upkeep step
Phase: Ai(4)-Inspirit EDHREC Average's Draw step
Phase: Ai(4)-Inspirit EDHREC Average's Main phase, precombat
Phase: Ai(4)-Inspirit EDHREC Average's Beginning of Combat Step
Phase: Ai(4)-Inspirit EDHREC Average's Declare Attackers Step
Phase: Ai(4)-Inspirit EDHREC Average's Declare Blockers Step
Phase: Ai(4)-Inspirit EDHREC Average's First Strike Damage Step
Phase: Ai(4)-Inspirit EDHREC Average's Combat Damage Step
Phase: Ai(4)-Inspirit EDHREC Average's End of Combat Step
Phase: Ai(4)-Inspirit EDHREC Average's Main phase, postcombat
Mana: Plains (360) - {T}: Add {W}.
Mana: Clifftop Retreat (334) - {T}: Add {R} or {W}.
Mana: Radiant Summit (325) - {T}: Add {R}.
Mana: Arcane Signet (397) - {T}: Add one mana of any color in your commander's color identity.
Add To Stack: Ai(4)-Inspirit EDHREC Average cast Empowered Autogenerator
Replacement Effect: Empowered Autogenerator enters tapped.
Resolve Stack: Empowered Autogenerator
Phase: Ai(4)-Inspirit EDHREC Average's End step
Phase: Ai(4)-Inspirit EDHREC Average's Cleanup step
Turn: Turn 21 (Ai(1)-Kilo Helm B3)
Phase: Ai(1)-Kilo Helm B3's Untap step
Phase: Ai(1)-Kilo Helm B3's Upkeep step
Phase: Ai(1)-Kilo Helm B3's Draw step
Phase: Ai(1)-Kilo Helm B3's Main phase, precombat
Mana: Adagia, Windswept Bastion (59) - {T}: Add {W}.
Mana: Sulfur Falls (21) - {T}: Add {U} or {R}.
Mana: Sol Ring (10) - {T}: Add {C}{C}.
Mana: Island (64) - {T}: Add {U}.
Mana: Uthros, Titanic Godcore (40) - {T}: Add {U}.
Mana: Shivan Reef (36) - {T}: Add {C}.
Add To Stack: Ai(1)-Kilo Helm B3 cast Wake the Past
Resolve Stack: Wake the Past (51) - Return all artifact cards from your graveyard to the battlefield. They gain haste until end of turn.  
Phase: Ai(1)-Kilo Helm B3's Beginning of Combat Step
Phase: Ai(1)-Kilo Helm B3's Declare Attackers Step
Combat: Ai(1)-Kilo Helm B3 assigned Kilo, Apogee Mind (100), Hangarback Walker (71) and Steel Overseer (3) to attack Ai(2)-Ur-Dragon B3.
Add To Stack: Ai(1)-Kilo Helm B3 triggered Kilo, Apogee Mind
Resolve Stack: Whenever Kilo becomes tapped, proliferate. (Choose any number of permanents and/or players, then give each another counter of each kind already there.) [Tapped: Kilo, Apogee Mind (100)]
Phase: Ai(1)-Kilo Helm B3's Declare Blockers Step
Combat: Ai(2)-Ur-Dragon B3 didn't block Kilo, Apogee Mind (100).
Ai(2)-Ur-Dragon B3 didn't block Hangarback Walker (71).
Ai(2)-Ur-Dragon B3 didn't block Steel Overseer (3).
Phase: Ai(1)-Kilo Helm B3's First Strike Damage Step
Phase: Ai(1)-Kilo Helm B3's Combat Damage Step
Damage: Kilo, Apogee Mind (100) deals 3 combat damage to Ai(2)-Ur-Dragon B3.
Damage: Hangarback Walker (71) deals 3 combat damage to Ai(2)-Ur-Dragon B3.
Damage: Steel Overseer (3) deals 1 combat damage to Ai(2)-Ur-Dragon B3.
Life: Life: Ai(2)-Ur-Dragon B3 40 > 33
Phase: Ai(1)-Kilo Helm B3's End of Combat Step
Phase: Ai(1)-Kilo Helm B3's Main phase, postcombat
Phase: Ai(1)-Kilo Helm B3's End step
Phase: Ai(1)-Kilo Helm B3's Cleanup step
Turn: Turn 22 (Ai(2)-Ur-Dragon B3)
Phase: Ai(2)-Ur-Dragon B3's Untap step
Phase: Ai(2)-Ur-Dragon B3's Upkeep step
Phase: Ai(2)-Ur-Dragon B3's Draw step
Phase: Ai(2)-Ur-Dragon B3's Main phase, precombat
Phase: Ai(2)-Ur-Dragon B3's Beginning of Combat Step
Phase: Ai(2)-Ur-Dragon B3's Declare Attackers Step
Phase: Ai(2)-Ur-Dragon B3's Declare Blockers Step
Phase: Ai(2)-Ur-Dragon B3's First Strike Damage Step
Phase: Ai(2)-Ur-Dragon B3's Combat Damage Step
Phase: Ai(2)-Ur-Dragon B3's End of Combat Step
Phase: Ai(2)-Ur-Dragon B3's Main phase, postcombat
Mana: Path of Ancestry (116) - {T}: Add one mana of any color in your commander's color identity. When that mana is spent to cast a creature spell that shares a creature type with your commander, scry 1. (Look at the top card of your library. You may put that card on the bottom of your library.)
Mana: Plains (143) - {T}: Add {W}.
Mana: Forest (146) - {T}: Add {G}.
Mana: Island (156) - {T}: Add {U}.
Mana: Swamp (193) - {T}: Add {B}.
Mana: Sol Ring (114) - {T}: Add {C}{C}.
Mana: Swamp (195) - {T}: Add {B}.
Mana: Opulent Palace (166) - {T}: Add {B}, {G}, or {U}.
Add To Stack: Ai(2)-Ur-Dragon B3 cast The Ur-Dragon
Add To Stack: Ai(2)-Ur-Dragon B3 triggered Path of Ancestry
Resolve Stack: Ai(2)-Ur-Dragon B3 scried 1 card(s) to the bottom of the library
Resolve Stack: When mana produced by Path of Ancestry is spent to cast a creature spell that shares a creature type with your commander, scry 1. ([The Ur-Dragon - Creature 10 / 10]) [Card: The Ur-Dragon (201), Activator: Ai(2)-Ur-Dragon B3, SpellAbility: The Ur-Dragon - Creature 10 / 10]
Resolve Stack: The Ur-Dragon - Creature 10 / 10
Add To Stack: Ai(2)-Ur-Dragon B3 triggered Kindred Discovery
Resolve Stack: Whenever a creature you control of the chosen type enters or attacks, draw a card. [Zone Changer: The Ur-Dragon (201)]
Phase: Ai(2)-Ur-Dragon B3's End step
Phase: Ai(2)-Ur-Dragon B3's Cleanup step
Turn: Turn 23 (Ai(3)-Dnide Wildsear)
Phase: Ai(3)-Dnide Wildsear's Untap step
Phase: Ai(3)-Dnide Wildsear's Upkeep step
Phase: Ai(3)-Dnide Wildsear's Draw step
Phase: Ai(3)-Dnide Wildsear's Main phase, precombat
Land: Ai(3)-Dnide Wildsear played Mountain (279)
Phase: Ai(3)-Dnide Wildsear's Beginning of Combat Step
Phase: Ai(3)-Dnide Wildsear's Declare Attackers Step
Phase: Ai(3)-Dnide Wildsear's Declare Blockers Step
Phase: Ai(3)-Dnide Wildsear's First Strike Damage Step
Phase: Ai(3)-Dnide Wildsear's Combat Damage Step
Phase: Ai(3)-Dnide Wildsear's End of Combat Step
Phase: Ai(3)-Dnide Wildsear's Main phase, postcombat
Mana: Forest (253) - {T}: Add {G}.
Mana: Mountain (276) - {T}: Add {R}.
Mana: Mountain (279) - {T}: Add {R}.
Mana: Command Tower (210) - {T}: Add one mana of any color in your commander's color identity.
Mana: Stomping Ground (205) - {T}: Add {G}.
Add To Stack: Ai(3)-Dnide Wildsear cast Wildsear, Scouring Maw
Resolve Stack: Wildsear, Scouring Maw - Creature 6 / 6
Phase: Ai(3)-Dnide Wildsear's End step
Phase: Ai(3)-Dnide Wildsear's Cleanup step
Turn: Turn 24 (Ai(4)-Inspirit EDHREC Average)
Phase: Ai(4)-Inspirit EDHREC Average's Untap step
Phase: Ai(4)-Inspirit EDHREC Average's Upkeep step
Phase: Ai(4)-Inspirit EDHREC Average's Draw step
Phase: Ai(4)-Inspirit EDHREC Average's Main phase, precombat
Phase: Ai(4)-Inspirit EDHREC Average's Beginning of Combat Step
Phase: Ai(4)-Inspirit EDHREC Average's Declare Attackers Step
Phase: Ai(4)-Inspirit EDHREC Average's Declare Blockers Step
Phase: Ai(4)-Inspirit EDHREC Average's First Strike Damage Step
Phase: Ai(4)-Inspirit EDHREC Average's Combat Damage Step
Phase: Ai(4)-Inspirit EDHREC Average's End of Combat Step
Phase: Ai(4)-Inspirit EDHREC Average's Main phase, postcombat
Mana: Plains (360) - {T}: Add {W}.
Mana: Clifftop Retreat (334) - {T}: Add {R} or {W}.
Mana: Radiant Summit (325) - {T}: Add {R}.
Add To Stack: Ai(4)-Inspirit EDHREC Average cast Resourceful Defense
Resolve Stack: Resourceful Defense
Phase: Ai(4)-Inspirit EDHREC Average's End step
Phase: Ai(4)-Inspirit EDHREC Average's Cleanup step
Turn: Turn 25 (Ai(1)-Kilo Helm B3)
Phase: Ai(1)-Kilo Helm B3's Untap step
Phase: Ai(1)-Kilo Helm B3's Upkeep step
Phase: Ai(1)-Kilo Helm B3's Draw step
Phase: Ai(1)-Kilo Helm B3's Main phase, precombat
Phase: Ai(1)-Kilo Helm B3's Beginning of Combat Step
Phase: Ai(1)-Kilo Helm B3's Declare Attackers Step
Phase: Ai(1)-Kilo Helm B3's Declare Blockers Step
Phase: Ai(1)-Kilo Helm B3's First Strike Damage Step
Phase: Ai(1)-Kilo Helm B3's Combat Damage Step
Phase: Ai(1)-Kilo Helm B3's End of Combat Step
Phase: Ai(1)-Kilo Helm B3's Main phase, postcombat
Add To Stack: Ai(1)-Kilo Helm B3 activated Adagia, Windswept Bastion
Mana: Empowered Autogenerator (364) - {T}: Put a charge counter on Empowered Autogenerator. Add X mana of any one color, where X is the number of charge counters on Empowered Autogenerator. 
Resolve Stack: Adagia, Windswept Bastion (59) - Ai(1)-Kilo Helm B3 puts a charge counter on Adagia, Windswept Bastion (59).
Add To Stack: Ai(1)-Kilo Helm B3 activated Adagia, Windswept Bastion
Resolve Stack: Adagia, Windswept Bastion (59) - Ai(1)-Kilo Helm B3 puts three charge counters on Adagia, Windswept Bastion (59).
Add To Stack: Ai(1)-Kilo Helm B3 activated Adagia, Windswept Bastion
Add To Stack: Ai(1)-Kilo Helm B3 triggered Kilo, Apogee Mind
Resolve Stack: Whenever Kilo becomes tapped, proliferate. (Choose any number of permanents and/or players, then give each another counter of each kind already there.) [Tapped: Kilo, Apogee Mind (100)]
Resolve Stack: Adagia, Windswept Bastion (59) - Ai(1)-Kilo Helm B3 puts three charge counters on Adagia, Windswept Bastion (59).
Mana: Island (64) - {T}: Add {U}.
Mana: Sulfur Falls (21) - {T}: Add {U} or {R}.
Mana: Sol Ring (10) - {T}: Add {C}{C}.
Mana: Uthros, Titanic Godcore (40) - {T}: Add {U}.
Add To Stack: Ai(1)-Kilo Helm B3 cast Inexorable Tide
Resolve Stack: Inexorable Tide
Phase: Ai(1)-Kilo Helm B3's End step
Phase: Ai(1)-Kilo Helm B3's Cleanup step
Turn: Turn 26 (Ai(2)-Ur-Dragon B3)
Phase: Ai(2)-Ur-Dragon B3's Untap step
Phase: Ai(2)-Ur-Dragon B3's Upkeep step
Phase: Ai(2)-Ur-Dragon B3's Draw step
Phase: Ai(2)-Ur-Dragon B3's Main phase, precombat
Phase: Ai(2)-Ur-Dragon B3's Beginning of Combat Step
Phase: Ai(2)-Ur-Dragon B3's Declare Attackers Step
Combat: Ai(2)-Ur-Dragon B3 assigned The Ur-Dragon (201) to attack Ai(1)-Kilo Helm B3.
Add To Stack: Ai(2)-Ur-Dragon B3 triggered The Ur-Dragon
Add To Stack: Ai(2)-Ur-Dragon B3 triggered Kindred Discovery
Resolve Stack: Whenever a creature you control of the chosen type enters or attacks, draw a card. [Attacker: The Ur-Dragon (201)]
Resolve Stack: Whenever one or more Dragons you control attack, draw that many cards, then you may put a permanent card from your hand onto the battlefield. [Number Attackers: [The Ur-Dragon (201)]]
Add To Stack: Ai(2)-Ur-Dragon B3 triggered Kindred Discovery
Resolve Stack: Whenever a creature you control of the chosen type enters or attacks, draw a card. [Zone Changer: Niv-Mizzet, the Firemind (135)]
Add To Stack: Ai(2)-Ur-Dragon B3 triggered Niv-Mizzet, the Firemind targeting [Ai(4)-Inspirit EDHREC Average]
Damage: Niv-Mizzet, the Firemind (135) deals 1 non-combat damage to Ai(4)-Inspirit EDHREC Average.
Life: Life: Ai(4)-Inspirit EDHREC Average 30 > 29
Resolve Stack: Whenever you draw a card, Niv-Mizzet, the Firemind deals 1 damage to any target. (Targeting: [[Ai(4)-Inspirit EDHREC Average]]) [Player: Ai(2)-Ur-Dragon B3]
Phase: Ai(2)-Ur-Dragon B3's Declare Blockers Step
Combat: Ai(1)-Kilo Helm B3 didn't block The Ur-Dragon (201).
Phase: Ai(2)-Ur-Dragon B3's First Strike Damage Step
Phase: Ai(2)-Ur-Dragon B3's Combat Damage Step
Damage: The Ur-Dragon (201) deals 10 combat damage to Ai(1)-Kilo Helm B3.
Life: Life: Ai(1)-Kilo Helm B3 40 > 30
Phase: Ai(2)-Ur-Dragon B3's End of Combat Step
Phase: Ai(2)-Ur-Dragon B3's Main phase, postcombat
Replacement Effect: Seaside Citadel enters tapped.
Land: Ai(2)-Ur-Dragon B3 played Seaside Citadel (175)
Mana: Plains (143) - {T}: Add {W}.
Mana: Forest (146) - {T}: Add {G}.
Mana: Sol Ring (114) - {T}: Add {C}{C}.
Mana: Island (156) - {T}: Add {U}.
Add To Stack: Ai(2)-Ur-Dragon B3 cast Dragonlord Dromoka
Resolve Stack: Dragonlord Dromoka - Creature 5 / 7
Add To Stack: Ai(2)-Ur-Dragon B3 triggered Kindred Discovery
Resolve Stack: Whenever a creature you control of the chosen type enters or attacks, draw a card. [Zone Changer: Dragonlord Dromoka (127)]
Add To Stack: Ai(2)-Ur-Dragon B3 triggered Niv-Mizzet, the Firemind targeting [Ai(4)-Inspirit EDHREC Average]
Damage: Niv-Mizzet, the Firemind (135) deals 1 non-combat damage to Ai(4)-Inspirit EDHREC Average.
Life: Life: Ai(4)-Inspirit EDHREC Average 29 > 28
Resolve Stack: Whenever you draw a card, Niv-Mizzet, the Firemind deals 1 damage to any target. (Targeting: [[Ai(4)-Inspirit EDHREC Average]]) [Player: Ai(2)-Ur-Dragon B3]
Mana: Swamp (193) - {T}: Add {B}.
Mana: Swamp (195) - {T}: Add {B}.
Mana: Opulent Palace (166) - {T}: Add {B}, {G}, or {U}.
Add To Stack: Ai(2)-Ur-Dragon B3 cast Boneyard Scourge
Resolve Stack: Boneyard Scourge - Creature 4 / 3
Add To Stack: Ai(2)-Ur-Dragon B3 triggered Kindred Discovery
Resolve Stack: Whenever a creature you control of the chosen type enters or attacks, draw a card. [Zone Changer: Boneyard Scourge (113)]
Add To Stack: Ai(2)-Ur-Dragon B3 triggered Niv-Mizzet, the Firemind targeting [Ai(4)-Inspirit EDHREC Average]
Damage: Niv-Mizzet, the Firemind (135) deals 1 non-combat damage to Ai(4)-Inspirit EDHREC Average.
Life: Life: Ai(4)-Inspirit EDHREC Average 28 > 27
Resolve Stack: Whenever you draw a card, Niv-Mizzet, the Firemind deals 1 damage to any target. (Targeting: [[Ai(4)-Inspirit EDHREC Average]]) [Player: Ai(2)-Ur-Dragon B3]
Mana: Path of Ancestry (116) - {T}: Add one mana of any color in your commander's color identity. When that mana is spent to cast a creature spell that shares a creature type with your commander, scry 1. (Look at the top card of your library. You may put that card on the bottom of your library.)
Resolve Stack: Ai(2)-Ur-Dragon B3 has suspended Search for Tomorrow with 2 time counters on it.
Phase: Ai(2)-Ur-Dragon B3's End step
Phase: Ai(2)-Ur-Dragon B3's Cleanup step
Turn: Turn 27 (Ai(3)-Dnide Wildsear)
Phase: Ai(3)-Dnide Wildsear's Untap step
Phase: Ai(3)-Dnide Wildsear's Upkeep step
Phase: Ai(3)-Dnide Wildsear's Draw step
Phase: Ai(3)-Dnide Wildsear's Main phase, precombat
Mana: Mountain (276) - {T}: Add {R}.
Mana: Mountain (279) - {T}: Add {R}.
Mana: Command Tower (210) - {T}: Add one mana of any color in your commander's color identity.
Mana: Forest (253) - {T}: Add {G}.
Mana: Stomping Ground (205) - {T}: Add {G}.
Mana: Cinder Glade (211) - {T}: Add {G}.
Add To Stack: Ai(3)-Dnide Wildsear cast Fiery Emancipation
Add To Stack: Ai(3)-Dnide Wildsear triggered Fiery Emancipation
Add To Stack: Ai(3)-Dnide Wildsear cast Goblin Anarchomancer
Resolve Stack: Cascade - Fiery Emancipation [Card: Fiery Emancipation (300), Activator: Ai(3)-Dnide Wildsear, SpellAbility: Fiery Emancipation]
Resolve Stack: Goblin Anarchomancer - Creature 2 / 2
Resolve Stack: Fiery Emancipation
Phase: Ai(3)-Dnide Wildsear's Beginning of Combat Step
Phase: Ai(3)-Dnide Wildsear's Declare Attackers Step
Phase: Ai(3)-Dnide Wildsear's Declare Blockers Step
Phase: Ai(3)-Dnide Wildsear's First Strike Damage Step
Phase: Ai(3)-Dnide Wildsear's Combat Damage Step
Phase: Ai(3)-Dnide Wildsear's End of Combat Step
Phase: Ai(3)-Dnide Wildsear's Main phase, postcombat
Phase: Ai(3)-Dnide Wildsear's End step
Phase: Ai(3)-Dnide Wildsear's Cleanup step
Turn: Turn 28 (Ai(4)-Inspirit EDHREC Average)
Phase: Ai(4)-Inspirit EDHREC Average's Untap step
Phase: Ai(4)-Inspirit EDHREC Average's Upkeep step
Phase: Ai(4)-Inspirit EDHREC Average's Draw step
Phase: Ai(4)-Inspirit EDHREC Average's Main phase, precombat
Phase: Ai(4)-Inspirit EDHREC Average's Beginning of Combat Step
Phase: Ai(4)-Inspirit EDHREC Average's Declare Attackers Step
Phase: Ai(4)-Inspirit EDHREC Average's Declare Blockers Step
Phase: Ai(4)-Inspirit EDHREC Average's First Strike Damage Step
Phase: Ai(4)-Inspirit EDHREC Average's Combat Damage Step
Phase: Ai(4)-Inspirit EDHREC Average's End of Combat Step
Phase: Ai(4)-Inspirit EDHREC Average's Main phase, postcombat
Mana: Plains (360) - {T}: Add {W}.
Mana: Clifftop Retreat (334) - {T}: Add {R} or {W}.
Mana: Radiant Summit (325) - {T}: Add {R}.
Add To Stack: Ai(4)-Inspirit EDHREC Average cast Solar Array
Resolve Stack: Solar Array
Mana: Arcane Signet (397) - {T}: Add one mana of any color in your commander's color identity.
Mana: Solar Array (352) - {T}: Add one mana of any color. When you next cast an artifact spell this turn, that spell gains sunburst. (If it's a creature, it enters with a +1/+1 counter on it for each color of mana spent to cast it. Otherwise, it enters with that many charge counters on it.) 
Add To Stack: Ai(4)-Inspirit EDHREC Average cast Moxite Refinery
Add To Stack: Ai(4)-Inspirit EDHREC Average triggered Solar Array (352)'s Effect
Resolve Stack: When you next cast an artifact spell this turn, that spell gains sunburst. (If it's a creature, it enters with a +1/+1 counter on it for each color of mana spent to cast it. Otherwise, it enters with that many charge counters on it.) [Card: Moxite Refinery (356), Activator: Ai(4)-Inspirit EDHREC Average, SpellAbility: Moxite Refinery]
Replacement Effect: Sunburst (This enters with either a +1/+1 or charge counter on it for each color of mana spent to cast it based on whether it's a creature.)
Resolve Stack: Moxite Refinery
Phase: Ai(4)-Inspirit EDHREC Average's End step
Phase: Ai(4)-Inspirit EDHREC Average's Cleanup step
Turn: Turn 29 (Ai(1)-Kilo Helm B3)
Phase: Ai(1)-Kilo Helm B3's Untap step
Phase: Ai(1)-Kilo Helm B3's Upkeep step
Phase: Ai(1)-Kilo Helm B3's Draw step
Mana: Island (64) - {T}: Add {U}.
Mana: Sol Ring (10) - {T}: Add {C}{C}.
Add To Stack: Ai(1)-Kilo Helm B3 cast Thirst for Knowledge
Add To Stack: Ai(1)-Kilo Helm B3 triggered Inexorable Tide
Resolve Stack: Whenever you cast a spell, proliferate. [Card: Thirst for Knowledge (91), Activator: Ai(1)-Kilo Helm B3, SpellAbility: Draw three cards. Then discard two cards unless you discard an artifact card. ]
Discard: Ai(1)-Kilo Helm B3 discards Inspirit, Flagship Vessel (67).
Resolve Stack: Thirst for Knowledge (91) - Ai(1)-Kilo Helm B3 draws three cards. Ai(1)-Kilo Helm B3 discards two cards.
Phase: Ai(1)-Kilo Helm B3's Main phase, precombat
Land: Ai(1)-Kilo Helm B3 played Mountain (87)
Mana: Sulfur Falls (21) - {T}: Add {U} or {R}.
Mana: Mountain (87) - {T}: Add {R}.
Mana: Uthros, Titanic Godcore (40) - {T}: Add {U}.
Mana: Adagia, Windswept Bastion (59) - {T}: Add {W}.
Mana: Shivan Reef (36) - {T}: Add {C}.
Add To Stack: Ai(1)-Kilo Helm B3 cast Deepglow Skate
Add To Stack: Ai(1)-Kilo Helm B3 triggered Inexorable Tide
Resolve Stack: Whenever you cast a spell, proliferate. [Card: Deepglow Skate (17), Activator: Ai(1)-Kilo Helm B3, SpellAbility: Deepglow Skate - Creature 3 / 3]
Resolve Stack: Deepglow Skate - Creature 3 / 3
Add To Stack: Ai(1)-Kilo Helm B3 triggered Deepglow Skate targeting [Hangarback Walker (71), Adagia, Windswept Bastion (59)]
Resolve Stack: When Deepglow Skate enters, double the number of each kind of counter on any number of target permanents. (Targeting: [[Hangarback Walker (71), Adagia, Windswept Bastion (59)]]) [Zone Changer: Deepglow Skate (17)]
Phase: Ai(1)-Kilo Helm B3's Beginning of Combat Step
Phase: Ai(1)-Kilo Helm B3's Declare Attackers Step
Combat: Ai(1)-Kilo Helm B3 assigned Hangarback Walker (71) to attack Ai(2)-Ur-Dragon B3.
Phase: Ai(1)-Kilo Helm B3's Declare Blockers Step
Combat: Ai(2)-Ur-Dragon B3 didn't block Hangarback Walker (71).
Add To Stack: Ai(1)-Kilo Helm B3 activated Steel Overseer
Resolve Stack: Steel Overseer (3) - Put a +1/+1 counter on each valid permanent.
Phase: Ai(1)-Kilo Helm B3's First Strike Damage Step
Phase: Ai(1)-Kilo Helm B3's Combat Damage Step
Damage: Hangarback Walker (71) deals 13 combat damage to Ai(2)-Ur-Dragon B3.
Life: Life: Ai(2)-Ur-Dragon B3 33 > 20
Phase: Ai(1)-Kilo Helm B3's End of Combat Step
Phase: Ai(1)-Kilo Helm B3's Main phase, postcombat
Mana: Empowered Autogenerator (364) - {T}: Put a charge counter on Empowered Autogenerator. Add X mana of any one color, where X is the number of charge counters on Empowered Autogenerator. 
Phase: Ai(1)-Kilo Helm B3's End step
Phase: Ai(1)-Kilo Helm B3's Cleanup step
Turn: Turn 30 (Ai(2)-Ur-Dragon B3)
Phase: Ai(2)-Ur-Dragon B3's Untap step
Phase: Ai(2)-Ur-Dragon B3's Upkeep step
Add To Stack: Ai(2)-Ur-Dragon B3 triggered Search for Tomorrow
Resolve Stack: At the beginning of your upkeep, if this card is suspended, remove a time counter from it [Phase: Ai(2)-Ur-Dragon B3]
Phase: Ai(2)-Ur-Dragon B3's Draw step
Add To Stack: Ai(2)-Ur-Dragon B3 triggered Niv-Mizzet, the Firemind targeting [Ai(4)-Inspirit EDHREC Average]
Damage: Niv-Mizzet, the Firemind (135) deals 1 non-combat damage to Ai(4)-Inspirit EDHREC Average.
Life: Life: Ai(4)-Inspirit EDHREC Average 27 > 26
Resolve Stack: Whenever you draw a card, Niv-Mizzet, the Firemind deals 1 damage to any target. (Targeting: [[Ai(4)-Inspirit EDHREC Average]]) [Player: Ai(2)-Ur-Dragon B3]
Phase: Ai(2)-Ur-Dragon B3's Main phase, precombat
Land: Ai(2)-Ur-Dragon B3 played Island (154)
Mana: Swamp (193) - {T}: Add {B}.
Mana: Swamp (195) - {T}: Add {B}.
Mana: Sol Ring (114) - {T}: Add {C}{C}.
Mana: Plains (143) - {T}: Add {W}.
Add To Stack: Ai(2)-Ur-Dragon B3 cast Crux of Fate
Zone Change: Wildsear, Scouring Maw (302) was put into Graveyard from Battlefield.
Zone Change: Goblin Anarchomancer (232) was put into Graveyard from Battlefield.
Zone Change: Hangarback Walker (71) was put into Graveyard from Battlefield.
Zone Change: Kilo, Apogee Mind (100) was put into Graveyard from Battlefield.
Zone Change: Steel Overseer (3) was put into Graveyard from Battlefield.
Zone Change: Deepglow Skate (17) was put into Graveyard from Battlefield.
Resolve Stack: Crux of Fate (110) -  Destroy all non-Dragon creatures.
Add To Stack: Ai(1)-Kilo Helm B3 triggered Hangarback Walker
Resolve Stack: When Hangarback Walker dies, create a 1/1 colorless Thopter artifact creature token with flying for each +1/+1 counter on Hangarback Walker. [Zone Changer: Hangarback Walker (71)]
Phase: Ai(2)-Ur-Dragon B3's Beginning of Combat Step
Phase: Ai(2)-Ur-Dragon B3's Declare Attackers Step
Combat: Ai(2)-Ur-Dragon B3 assigned The Ur-Dragon (201), Dragonlord Dromoka (127), Niv-Mizzet, the Firemind (135) and Boneyard Scourge (113) to attack Ai(1)-Kilo Helm B3.
Add To Stack: Ai(2)-Ur-Dragon B3 triggered The Ur-Dragon
Add To Stack: Ai(2)-Ur-Dragon B3 triggered Kindred Discovery
Add To Stack: Ai(2)-Ur-Dragon B3 triggered Kindred Discovery
Add To Stack: Ai(2)-Ur-Dragon B3 triggered Kindred Discovery
Add To Stack: Ai(2)-Ur-Dragon B3 triggered Kindred Discovery
Resolve Stack: Whenever a creature you control of the chosen type enters or attacks, draw a card. [Attacker: Boneyard Scourge (113)]
Add To Stack: Ai(2)-Ur-Dragon B3 triggered Niv-Mizzet, the Firemind targeting [Ai(4)-Inspirit EDHREC Average]
Damage: Niv-Mizzet, the Firemind (135) deals 1 non-combat damage to Ai(4)-Inspirit EDHREC Average.
Life: Life: Ai(4)-Inspirit EDHREC Average 26 > 25
Resolve Stack: Whenever you draw a card, Niv-Mizzet, the Firemind deals 1 damage to any target. (Targeting: [[Ai(4)-Inspirit EDHREC Average]]) [Player: Ai(2)-Ur-Dragon B3]
Resolve Stack: Whenever a creature you control of the chosen type enters or attacks, draw a card. [Attacker: Niv-Mizzet, the Firemind (135)]
Add To Stack: Ai(2)-Ur-Dragon B3 triggered Niv-Mizzet, the Firemind targeting [Ai(4)-Inspirit EDHREC Average]
Damage: Niv-Mizzet, the Firemind (135) deals 1 non-combat damage to Ai(4)-Inspirit EDHREC Average.
Life: Life: Ai(4)-Inspirit EDHREC Average 25 > 24
Resolve Stack: Whenever you draw a card, Niv-Mizzet, the Firemind deals 1 damage to any target. (Targeting: [[Ai(4)-Inspirit EDHREC Average]]) [Player: Ai(2)-Ur-Dragon B3]
Resolve Stack: Whenever a creature you control of the chosen type enters or attacks, draw a card. [Attacker: Dragonlord Dromoka (127)]
Add To Stack: Ai(2)-Ur-Dragon B3 triggered Niv-Mizzet, the Firemind targeting [Ai(4)-Inspirit EDHREC Average]
Damage: Niv-Mizzet, the Firemind (135) deals 1 non-combat damage to Ai(4)-Inspirit EDHREC Average.
Life: Life: Ai(4)-Inspirit EDHREC Average 24 > 23
Resolve Stack: Whenever you draw a card, Niv-Mizzet, the Firemind deals 1 damage to any target. (Targeting: [[Ai(4)-Inspirit EDHREC Average]]) [Player: Ai(2)-Ur-Dragon B3]
Resolve Stack: Whenever a creature you control of the chosen type enters or attacks, draw a card. [Attacker: The Ur-Dragon (201)]
Add To Stack: Ai(2)-Ur-Dragon B3 triggered Niv-Mizzet, the Firemind targeting [Ai(4)-Inspirit EDHREC Average]
Damage: Niv-Mizzet, the Firemind (135) deals 1 non-combat damage to Ai(4)-Inspirit EDHREC Average.
Life: Life: Ai(4)-Inspirit EDHREC Average 23 > 22
Resolve Stack: Whenever you draw a card, Niv-Mizzet, the Firemind deals 1 damage to any target. (Targeting: [[Ai(4)-Inspirit EDHREC Average]]) [Player: Ai(2)-Ur-Dragon B3]
Resolve Stack: Whenever one or more Dragons you control attack, draw that many cards, then you may put a permanent card from your hand onto the battlefield. [Number Attackers: [The Ur-Dragon (201), Dragonlord Dromoka (127), Niv-Mizzet, the Firemind (135), Boneyard Scourge (113)]]
Add To Stack: Ai(2)-Ur-Dragon B3 triggered Niv-Mizzet, the Firemind targeting [Ai(4)-Inspirit EDHREC Average]
Add To Stack: Ai(2)-Ur-Dragon B3 triggered Niv-Mizzet, the Firemind targeting [Ai(4)-Inspirit EDHREC Average]
Add To Stack: Ai(2)-Ur-Dragon B3 triggered Niv-Mizzet, the Firemind targeting [Ai(4)-Inspirit EDHREC Average]
Add To Stack: Ai(2)-Ur-Dragon B3 triggered Niv-Mizzet, the Firemind targeting [Ai(4)-Inspirit EDHREC Average]
Add To Stack: Ai(2)-Ur-Dragon B3 triggered Kindred Discovery
Resolve Stack: Whenever a creature you control of the chosen type enters or attacks, draw a card. [Zone Changer: Lathliss, Dragon Queen (134)]
Add To Stack: Ai(2)-Ur-Dragon B3 triggered Niv-Mizzet, the Firemind targeting [Ai(4)-Inspirit EDHREC Average]
Damage: Niv-Mizzet, the Firemind (135) deals 1 non-combat damage to Ai(4)-Inspirit EDHREC Average.
Life: Life: Ai(4)-Inspirit EDHREC Average 22 > 21
Resolve Stack: Whenever you draw a card, Niv-Mizzet, the Firemind deals 1 damage to any target. (Targeting: [[Ai(4)-Inspirit EDHREC Average]]) [Player: Ai(2)-Ur-Dragon B3]
Damage: Niv-Mizzet, the Firemind (135) deals 1 non-combat damage to Ai(4)-Inspirit EDHREC Average.
Life: Life: Ai(4)-Inspirit EDHREC Average 21 > 20
Resolve Stack: Whenever you draw a card, Niv-Mizzet, the Firemind deals 1 damage to any target. (Targeting: [[Ai(4)-Inspirit EDHREC Average]]) [Player: Ai(2)-Ur-Dragon B3]
Damage: Niv-Mizzet, the Firemind (135) deals 1 non-combat damage to Ai(4)-Inspirit EDHREC Average.
Life: Life: Ai(4)-Inspirit EDHREC Average 20 > 19
Resolve Stack: Whenever you draw a card, Niv-Mizzet, the Firemind deals 1 damage to any target. (Targeting: [[Ai(4)-Inspirit EDHREC Average]]) [Player: Ai(2)-Ur-Dragon B3]
Damage: Niv-Mizzet, the Firemind (135) deals 1 non-combat damage to Ai(4)-Inspirit EDHREC Average.
Life: Life: Ai(4)-Inspirit EDHREC Average 19 > 18
Resolve Stack: Whenever you draw a card, Niv-Mizzet, the Firemind deals 1 damage to any target. (Targeting: [[Ai(4)-Inspirit EDHREC Average]]) [Player: Ai(2)-Ur-Dragon B3]
Damage: Niv-Mizzet, the Firemind (135) deals 1 non-combat damage to Ai(4)-Inspirit EDHREC Average.
Life: Life: Ai(4)-Inspirit EDHREC Average 18 > 17
Resolve Stack: Whenever you draw a card, Niv-Mizzet, the Firemind deals 1 damage to any target. (Targeting: [[Ai(4)-Inspirit EDHREC Average]]) [Player: Ai(2)-Ur-Dragon B3]
Phase: Ai(2)-Ur-Dragon B3's Declare Blockers Step
Combat: Ai(1)-Kilo Helm B3 didn't block The Ur-Dragon (201).
Ai(1)-Kilo Helm B3 didn't block Dragonlord Dromoka (127).
Ai(1)-Kilo Helm B3 didn't block Niv-Mizzet, the Firemind (135).
Ai(1)-Kilo Helm B3 didn't block Boneyard Scourge (113).
Mana: Path of Ancestry (116) - {T}: Add one mana of any color in your commander's color identity. When that mana is spent to cast a creature spell that shares a creature type with your commander, scry 1. (Look at the top card of your library. You may put that card on the bottom of your library.)
Mana: Forest (146) - {T}: Add {G}.
Add To Stack: Ai(2)-Ur-Dragon B3 activated Lathliss, Dragon Queen
Resolve Stack: Lathliss, Dragon Queen (134) - Dragons you control get +1/+0 until end of turn.
Phase: Ai(2)-Ur-Dragon B3's First Strike Damage Step
Phase: Ai(2)-Ur-Dragon B3's Combat Damage Step
Damage: The Ur-Dragon (201) deals 11 combat damage to Ai(1)-Kilo Helm B3.
Damage: Dragonlord Dromoka (127) deals 6 combat damage to Ai(1)-Kilo Helm B3.
Life: Life: Ai(2)-Ur-Dragon B3 20 > 26
Damage: Niv-Mizzet, the Firemind (135) deals 5 combat damage to Ai(1)-Kilo Helm B3.
Damage: Boneyard Scourge (113) deals 5 combat damage to Ai(1)-Kilo Helm B3.
Life: Life: Ai(1)-Kilo Helm B3 30 > 3
Phase: Ai(2)-Ur-Dragon B3's End of Combat Step
Phase: Ai(2)-Ur-Dragon B3's Main phase, postcombat
Mana: Opulent Palace (166) - {T}: Add {B}, {G}, or {U}.
Mana: Island (156) - {T}: Add {U}.
Mana: Island (154) - {T}: Add {U}.
Add To Stack: Ai(2)-Ur-Dragon B3 cast Cultivate
Resolve Stack: Cultivate (132) - Search your library for up to two basic land cards, reveal those cards, put one onto the battlefield tapped and the other into your hand, then shuffle.   
Phase: Ai(2)-Ur-Dragon B3's End step
Phase: Ai(2)-Ur-Dragon B3's Cleanup step
Discard: Ai(2)-Ur-Dragon B3 discards Mountain (182).
Discard: Ai(2)-Ur-Dragon B3 discards Plains (145).
Discard: Ai(2)-Ur-Dragon B3 discards Sandsteppe Citadel (112).
Discard: Ai(2)-Ur-Dragon B3 discards Savage Lands (109).
Discard: Ai(2)-Ur-Dragon B3 discards Arcane Signet (196).
Discard: Ai(2)-Ur-Dragon B3 discards Mirror of the Forebears (170).
Turn: Turn 31 (Ai(3)-Dnide Wildsear)
Phase: Ai(3)-Dnide Wildsear's Untap step
Phase: Ai(3)-Dnide Wildsear's Upkeep step
Phase: Ai(3)-Dnide Wildsear's Draw step
Phase: Ai(3)-Dnide Wildsear's Main phase, precombat
Phase: Ai(3)-Dnide Wildsear's Beginning of Combat Step
Phase: Ai(3)-Dnide Wildsear's Declare Attackers Step
Phase: Ai(3)-Dnide Wildsear's Declare Blockers Step
Phase: Ai(3)-Dnide Wildsear's First Strike Damage Step
Phase: Ai(3)-Dnide Wildsear's Combat Damage Step
Phase: Ai(3)-Dnide Wildsear's End of Combat Step
Phase: Ai(3)-Dnide Wildsear's Main phase, postcombat
Mana: Mountain (276) - {T}: Add {R}.
Mana: Mountain (279) - {T}: Add {R}.
Mana: Forest (253) - {T}: Add {G}.
Mana: Command Tower (210) - {T}: Add one mana of any color in your commander's color identity.
Mana: Stomping Ground (205) - {T}: Add {G}.
Mana: Cinder Glade (211) - {T}: Add {G}.
Add To Stack: Ai(3)-Dnide Wildsear cast Overlord of the Boilerbilges
Resolve Stack: Overlord of the Boilerbilges - Creature 5 / 5
Add To Stack: Ai(3)-Dnide Wildsear triggered Overlord of the Boilerbilges targeting [Ai(4)-Inspirit EDHREC Average]
Replacement Effect: If a source you control would deal damage to a permanent or player, it deals triple that damage to that permanent or player instead.
Damage: Overlord of the Boilerbilges (222) deals 12 non-combat damage to Ai(4)-Inspirit EDHREC Average.
Life: Life: Ai(4)-Inspirit EDHREC Average 17 > 5
Resolve Stack: Whenever Overlord of the Boilerbilges enters or attacks, it deals 4 damage to any target. (Targeting: [[Ai(4)-Inspirit EDHREC Average]]) [Zone Changer: Overlord of the Boilerbilges (222)]
Phase: Ai(3)-Dnide Wildsear's End step
Phase: Ai(3)-Dnide Wildsear's Cleanup step
Turn: Turn 32 (Ai(4)-Inspirit EDHREC Average)
Phase: Ai(4)-Inspirit EDHREC Average's Untap step
Phase: Ai(4)-Inspirit EDHREC Average's Upkeep step
Mana: Arcane Signet (397) - {T}: Add one mana of any color in your commander's color identity.
Mana: Plains (360) - {T}: Add {W}.
Add To Stack: Ai(4)-Inspirit EDHREC Average cast Ripples of Potential
Resolve Stack: Ripples of Potential (347) - Proliferate. (Choose any number of permanents and/or players, then give each another counter of each kind already there.)  phase out. 
Phase: Ai(4)-Inspirit EDHREC Average's Draw step
Phase: Ai(4)-Inspirit EDHREC Average's Main phase, precombat
Land: Ai(4)-Inspirit EDHREC Average played Exotic Orchard (402)
Phase: Ai(4)-Inspirit EDHREC Average's Beginning of Combat Step
Phase: Ai(4)-Inspirit EDHREC Average's Declare Attackers Step
Phase: Ai(4)-Inspirit EDHREC Average's Declare Blockers Step
Phase: Ai(4)-Inspirit EDHREC Average's First Strike Damage Step
Phase: Ai(4)-Inspirit EDHREC Average's Combat Damage Step
Phase: Ai(4)-Inspirit EDHREC Average's End of Combat Step
Phase: Ai(4)-Inspirit EDHREC Average's Main phase, postcombat
Mana: Exotic Orchard (402) - {T}: Add one mana of any color that a land an opponent controls could produce.
Mana: Clifftop Retreat (334) - {T}: Add {R} or {W}.
Mana: Radiant Summit (325) - {T}: Add {R}.
Add To Stack: Ai(4)-Inspirit EDHREC Average cast Inspirit, Flagship Vessel
Resolve Stack: Inspirit, Flagship Vessel
Phase: Ai(4)-Inspirit EDHREC Average's End step
Phase: Ai(4)-Inspirit EDHREC Average's Cleanup step
Turn: Turn 33 (Ai(2)-Ur-Dragon B3)
Phase: Ai(2)-Ur-Dragon B3's Untap step
Phase: Ai(2)-Ur-Dragon B3's Upkeep step
Add To Stack: Ai(2)-Ur-Dragon B3 triggered Search for Tomorrow
Resolve Stack: At the beginning of your upkeep, if this card is suspended, remove a time counter from it [Phase: Ai(2)-Ur-Dragon B3]
Add To Stack: Ai(2)-Ur-Dragon B3 triggered Search for Tomorrow
Add To Stack: Ai(2)-Ur-Dragon B3 cast Search for Tomorrow
Resolve Stack: When the last time counter is removed from this card, if it's exiled, you may play it without paying its mana cost if able.  If you can't, it remains exiled. If you cast a creature spell this way, it gains haste until you lose control of the spell or the permanent it becomes. [Removed from: Search for Tomorrow (128)]
Resolve Stack: Search for Tomorrow (128) - Ai(2)-Ur-Dragon B3 searches their library for a basic land card, puts it onto the battlefield, then shuffles.
Mana: Mountain (180) - {T}: Add {R}.
Mana: Sol Ring (114) - {T}: Add {C}{C}.
Add To Stack: Ai(2)-Ur-Dragon B3 cast Chaos Warp targeting [Overlord of the Boilerbilges (222)]
Replacement Effect: Spire Garden enters tapped unless you have two or more opponents.
Resolve Stack: Chaos Warp (131) - Shuffle Overlord of the Boilerbilges (222) into its owner's library. Ai(2)-Ur-Dragon B3 reveals the top card of Ai(3)-Dnide Wildsear's library.
Phase: Ai(2)-Ur-Dragon B3's Draw step
Add To Stack: Ai(2)-Ur-Dragon B3 triggered Niv-Mizzet, the Firemind targeting [Ai(4)-Inspirit EDHREC Average]
Damage: Niv-Mizzet, the Firemind (135) deals 1 non-combat damage to Ai(4)-Inspirit EDHREC Average.
Life: Life: Ai(4)-Inspirit EDHREC Average 5 > 4
Resolve Stack: Whenever you draw a card, Niv-Mizzet, the Firemind deals 1 damage to any target. (Targeting: [[Ai(4)-Inspirit EDHREC Average]]) [Player: Ai(2)-Ur-Dragon B3]
Phase: Ai(2)-Ur-Dragon B3's Main phase, precombat
Land: Ai(2)-Ur-Dragon B3 played Island (155)
Phase: Ai(2)-Ur-Dragon B3's Beginning of Combat Step
Phase: Ai(2)-Ur-Dragon B3's Declare Attackers Step
Combat: Ai(2)-Ur-Dragon B3 assigned The Ur-Dragon (201), Lathliss, Dragon Queen (134), Dragonlord Dromoka (127), Niv-Mizzet, the Firemind (135) and Boneyard Scourge (113) to attack Ai(4)-Inspirit EDHREC Average.
Add To Stack: Ai(2)-Ur-Dragon B3 triggered The Ur-Dragon
Add To Stack: Ai(2)-Ur-Dragon B3 triggered Kindred Discovery
Add To Stack: Ai(2)-Ur-Dragon B3 triggered Kindred Discovery
Add To Stack: Ai(2)-Ur-Dragon B3 triggered Kindred Discovery
Add To Stack: Ai(2)-Ur-Dragon B3 triggered Kindred Discovery
Add To Stack: Ai(2)-Ur-Dragon B3 triggered Kindred Discovery
Resolve Stack: Whenever a creature you control of the chosen type enters or attacks, draw a card. [Attacker: Boneyard Scourge (113)]
Add To Stack: Ai(2)-Ur-Dragon B3 triggered Niv-Mizzet, the Firemind targeting [Ai(4)-Inspirit EDHREC Average]
Damage: Niv-Mizzet, the Firemind (135) deals 1 non-combat damage to Ai(4)-Inspirit EDHREC Average.
Life: Life: Ai(4)-Inspirit EDHREC Average 4 > 3
Resolve Stack: Whenever you draw a card, Niv-Mizzet, the Firemind deals 1 damage to any target. (Targeting: [[Ai(4)-Inspirit EDHREC Average]]) [Player: Ai(2)-Ur-Dragon B3]
Resolve Stack: Whenever a creature you control of the chosen type enters or attacks, draw a card. [Attacker: Niv-Mizzet, the Firemind (135)]
Add To Stack: Ai(2)-Ur-Dragon B3 triggered Niv-Mizzet, the Firemind targeting [Ai(4)-Inspirit EDHREC Average]
Damage: Niv-Mizzet, the Firemind (135) deals 1 non-combat damage to Ai(4)-Inspirit EDHREC Average.
Life: Life: Ai(4)-Inspirit EDHREC Average 3 > 2
Resolve Stack: Whenever you draw a card, Niv-Mizzet, the Firemind deals 1 damage to any target. (Targeting: [[Ai(4)-Inspirit EDHREC Average]]) [Player: Ai(2)-Ur-Dragon B3]
Resolve Stack: Whenever a creature you control of the chosen type enters or attacks, draw a card. [Attacker: Dragonlord Dromoka (127)]
Add To Stack: Ai(2)-Ur-Dragon B3 triggered Niv-Mizzet, the Firemind targeting [Ai(4)-Inspirit EDHREC Average]
Damage: Niv-Mizzet, the Firemind (135) deals 1 non-combat damage to Ai(4)-Inspirit EDHREC Average.
Life: Life: Ai(4)-Inspirit EDHREC Average 2 > 1
Resolve Stack: Whenever you draw a card, Niv-Mizzet, the Firemind deals 1 damage to any target. (Targeting: [[Ai(4)-Inspirit EDHREC Average]]) [Player: Ai(2)-Ur-Dragon B3]
Resolve Stack: Whenever a creature you control of the chosen type enters or attacks, draw a card. [Attacker: Lathliss, Dragon Queen (134)]
Add To Stack: Ai(2)-Ur-Dragon B3 triggered Niv-Mizzet, the Firemind targeting [Ai(4)-Inspirit EDHREC Average]
Damage: Niv-Mizzet, the Firemind (135) deals 1 non-combat damage to Ai(4)-Inspirit EDHREC Average.
Life: Life: Ai(4)-Inspirit EDHREC Average 1 > 0
Resolve Stack: Whenever you draw a card, Niv-Mizzet, the Firemind deals 1 damage to any target. (Targeting: [[Ai(4)-Inspirit EDHREC Average]]) [Player: Ai(2)-Ur-Dragon B3]
Resolve Stack: Whenever a creature you control of the chosen type enters or attacks, draw a card. [Attacker: The Ur-Dragon (201)]
Add To Stack: Ai(2)-Ur-Dragon B3 triggered Niv-Mizzet, the Firemind targeting [Ai(3)-Dnide Wildsear]
Damage: Niv-Mizzet, the Firemind (135) deals 1 non-combat damage to Ai(3)-Dnide Wildsear.
Life: Life: Ai(3)-Dnide Wildsear 40 > 39
Resolve Stack: Whenever you draw a card, Niv-Mizzet, the Firemind deals 1 damage to any target. (Targeting: [[Ai(3)-Dnide Wildsear]]) [Player: Ai(2)-Ur-Dragon B3]
Resolve Stack: Whenever one or more Dragons you control attack, draw that many cards, then you may put a permanent card from your hand onto the battlefield. [Number Attackers: [The Ur-Dragon (201), Lathliss, Dragon Queen (134), Dragonlord Dromoka (127), Niv-Mizzet, the Firemind (135), Boneyard Scourge (113)]]
Add To Stack: Ai(2)-Ur-Dragon B3 triggered Niv-Mizzet, the Firemind targeting [Ai(3)-Dnide Wildsear]
Add To Stack: Ai(2)-Ur-Dragon B3 triggered Niv-Mizzet, the Firemind targeting [Ai(3)-Dnide Wildsear]
Add To Stack: Ai(2)-Ur-Dragon B3 triggered Niv-Mizzet, the Firemind targeting [Ai(3)-Dnide Wildsear]
Add To Stack: Ai(2)-Ur-Dragon B3 triggered Niv-Mizzet, the Firemind targeting [Ai(3)-Dnide Wildsear]
Add To Stack: Ai(2)-Ur-Dragon B3 triggered Niv-Mizzet, the Firemind targeting [Ai(3)-Dnide Wildsear]
Add To Stack: Ai(2)-Ur-Dragon B3 triggered Dragonlord Atarka targeting []
Add To Stack: Ai(2)-Ur-Dragon B3 triggered Kindred Discovery
Add To Stack: Ai(2)-Ur-Dragon B3 triggered Lathliss, Dragon Queen
Resolve Stack: Whenever another nontoken Dragon you control enters, create a 5/5 red Dragon creature token with flying. [Zone Changer: Dragonlord Atarka (159)]
Add To Stack: Ai(2)-Ur-Dragon B3 triggered Kindred Discovery
Resolve Stack: Whenever a creature you control of the chosen type enters or attacks, draw a card. [Zone Changer: Dragon Token (423)]
Add To Stack: Ai(2)-Ur-Dragon B3 triggered Niv-Mizzet, the Firemind targeting [Ai(3)-Dnide Wildsear]
Damage: Niv-Mizzet, the Firemind (135) deals 1 non-combat damage to Ai(3)-Dnide Wildsear.
Life: Life: Ai(3)-Dnide Wildsear 39 > 38
Resolve Stack: Whenever you draw a card, Niv-Mizzet, the Firemind deals 1 damage to any target. (Targeting: [[Ai(3)-Dnide Wildsear]]) [Player: Ai(2)-Ur-Dragon B3]
Resolve Stack: Whenever a creature you control of the chosen type enters or attacks, draw a card. [Zone Changer: Dragonlord Atarka (159)]
Add To Stack: Ai(2)-Ur-Dragon B3 triggered Niv-Mizzet, the Firemind targeting [Ai(3)-Dnide Wildsear]
Damage: Niv-Mizzet, the Firemind (135) deals 1 non-combat damage to Ai(3)-Dnide Wildsear.
Life: Life: Ai(3)-Dnide Wildsear 38 > 37
Resolve Stack: Whenever you draw a card, Niv-Mizzet, the Firemind deals 1 damage to any target. (Targeting: [[Ai(3)-Dnide Wildsear]]) [Player: Ai(2)-Ur-Dragon B3]
Resolve Stack: When Dragonlord Atarka enters, it deals 5 damage divided as you choose among any number of target creatures and/or planeswalkers your opponents control. (Targeting: [[]]) [Zone Changer: Dragonlord Atarka (159)]
Damage: Niv-Mizzet, the Firemind (135) deals 1 non-combat damage to Ai(3)-Dnide Wildsear.
Life: Life: Ai(3)-Dnide Wildsear 37 > 36
Resolve Stack: Whenever you draw a card, Niv-Mizzet, the Firemind deals 1 damage to any target. (Targeting: [[Ai(3)-Dnide Wildsear]]) [Player: Ai(2)-Ur-Dragon B3]
Damage: Niv-Mizzet, the Firemind (135) deals 1 non-combat damage to Ai(3)-Dnide Wildsear.
Life: Life: Ai(3)-Dnide Wildsear 36 > 35
Resolve Stack: Whenever you draw a card, Niv-Mizzet, the Firemind deals 1 damage to any target. (Targeting: [[Ai(3)-Dnide Wildsear]]) [Player: Ai(2)-Ur-Dragon B3]
Damage: Niv-Mizzet, the Firemind (135) deals 1 non-combat damage to Ai(3)-Dnide Wildsear.
Life: Life: Ai(3)-Dnide Wildsear 35 > 34
Resolve Stack: Whenever you draw a card, Niv-Mizzet, the Firemind deals 1 damage to any target. (Targeting: [[Ai(3)-Dnide Wildsear]]) [Player: Ai(2)-Ur-Dragon B3]
Damage: Niv-Mizzet, the Firemind (135) deals 1 non-combat damage to Ai(3)-Dnide Wildsear.
Life: Life: Ai(3)-Dnide Wildsear 34 > 33
Resolve Stack: Whenever you draw a card, Niv-Mizzet, the Firemind deals 1 damage to any target. (Targeting: [[Ai(3)-Dnide Wildsear]]) [Player: Ai(2)-Ur-Dragon B3]
Damage: Niv-Mizzet, the Firemind (135) deals 1 non-combat damage to Ai(3)-Dnide Wildsear.
Life: Life: Ai(3)-Dnide Wildsear 33 > 32
Resolve Stack: Whenever you draw a card, Niv-Mizzet, the Firemind deals 1 damage to any target. (Targeting: [[Ai(3)-Dnide Wildsear]]) [Player: Ai(2)-Ur-Dragon B3]
Phase: Ai(2)-Ur-Dragon B3's Declare Blockers Step
Phase: Ai(2)-Ur-Dragon B3's First Strike Damage Step
Phase: Ai(2)-Ur-Dragon B3's Combat Damage Step
Phase: Ai(2)-Ur-Dragon B3's End of Combat Step
Phase: Ai(2)-Ur-Dragon B3's Main phase, postcombat
Mana: Plains (143) - {T}: Add {W}.
Mana: Island (156) - {T}: Add {U}.
Mana: Swamp (193) - {T}: Add {B}.
Mana: Swamp (195) - {T}: Add {B}.
Mana: Plains (144) - {T}: Add {W}.
Mana: Forest (146) - {T}: Add {G}.
Add To Stack: Ai(2)-Ur-Dragon B3 cast Ojutai, Soul of Winter
Resolve Stack: Ojutai, Soul of Winter - Creature 5 / 6
Add To Stack: Ai(2)-Ur-Dragon B3 triggered Kindred Discovery
Add To Stack: Ai(2)-Ur-Dragon B3 triggered Lathliss, Dragon Queen
Resolve Stack: Whenever another nontoken Dragon you control enters, create a 5/5 red Dragon creature token with flying. [Zone Changer: Ojutai, Soul of Winter (161)]
Add To Stack: Ai(2)-Ur-Dragon B3 triggered Kindred Discovery
Resolve Stack: Whenever a creature you control of the chosen type enters or attacks, draw a card. [Zone Changer: Dragon Token (426)]
Add To Stack: Ai(2)-Ur-Dragon B3 triggered Niv-Mizzet, the Firemind targeting [Ai(3)-Dnide Wildsear]
Damage: Niv-Mizzet, the Firemind (135) deals 1 non-combat damage to Ai(3)-Dnide Wildsear.
Life: Life: Ai(3)-Dnide Wildsear 32 > 31
Resolve Stack: Whenever you draw a card, Niv-Mizzet, the Firemind deals 1 damage to any target. (Targeting: [[Ai(3)-Dnide Wildsear]]) [Player: Ai(2)-Ur-Dragon B3]
Resolve Stack: Whenever a creature you control of the chosen type enters or attacks, draw a card. [Zone Changer: Ojutai, Soul of Winter (161)]
Add To Stack: Ai(2)-Ur-Dragon B3 triggered Niv-Mizzet, the Firemind targeting [Ai(3)-Dnide Wildsear]
Damage: Niv-Mizzet, the Firemind (135) deals 1 non-combat damage to Ai(3)-Dnide Wildsear.
Life: Life: Ai(3)-Dnide Wildsear 31 > 30
Resolve Stack: Whenever you draw a card, Niv-Mizzet, the Firemind deals 1 damage to any target. (Targeting: [[Ai(3)-Dnide Wildsear]]) [Player: Ai(2)-Ur-Dragon B3]
Mana: Path of Ancestry (116) - {T}: Add one mana of any color in your commander's color identity. When that mana is spent to cast a creature spell that shares a creature type with your commander, scry 1. (Look at the top card of your library. You may put that card on the bottom of your library.)
Mana: Opulent Palace (166) - {T}: Add {B}, {G}, or {U}.
Mana: Island (154) - {T}: Add {U}.
Mana: Island (155) - {T}: Add {U}.
Add To Stack: Ai(2)-Ur-Dragon B3 cast Kolaghan, the Storm's Fury
Add To Stack: Ai(2)-Ur-Dragon B3 triggered Path of Ancestry
Resolve Stack: Ai(2)-Ur-Dragon B3 scried 1 card(s) to the top of the library
Resolve Stack: When mana produced by Path of Ancestry is spent to cast a creature spell that shares a creature type with your commander, scry 1. ([Kolaghan, the Storm's Fury - Creature 4 / 5]) [Card: Kolaghan, the Storm's Fury (137), Activator: Ai(2)-Ur-Dragon B3, SpellAbility: Kolaghan, the Storm's Fury - Creature 4 / 5]
Resolve Stack: Kolaghan, the Storm's Fury - Creature 4 / 5
Add To Stack: Ai(2)-Ur-Dragon B3 triggered Kindred Discovery
Add To Stack: Ai(2)-Ur-Dragon B3 triggered Lathliss, Dragon Queen
Resolve Stack: Whenever another nontoken Dragon you control enters, create a 5/5 red Dragon creature token with flying. [Zone Changer: Kolaghan, the Storm's Fury (137)]
Add To Stack: Ai(2)-Ur-Dragon B3 triggered Kindred Discovery
Resolve Stack: Whenever a creature you control of the chosen type enters or attacks, draw a card. [Zone Changer: Dragon Token (429)]
Add To Stack: Ai(2)-Ur-Dragon B3 triggered Niv-Mizzet, the Firemind targeting [Ai(3)-Dnide Wildsear]
Damage: Niv-Mizzet, the Firemind (135) deals 1 non-combat damage to Ai(3)-Dnide Wildsear.
Life: Life: Ai(3)-Dnide Wildsear 30 > 29
Resolve Stack: Whenever you draw a card, Niv-Mizzet, the Firemind deals 1 damage to any target. (Targeting: [[Ai(3)-Dnide Wildsear]]) [Player: Ai(2)-Ur-Dragon B3]
Resolve Stack: Whenever a creature you control of the chosen type enters or attacks, draw a card. [Zone Changer: Kolaghan, the Storm's Fury (137)]
Add To Stack: Ai(2)-Ur-Dragon B3 triggered Niv-Mizzet, the Firemind targeting [Ai(3)-Dnide Wildsear]
Damage: Niv-Mizzet, the Firemind (135) deals 1 non-combat damage to Ai(3)-Dnide Wildsear.
Life: Life: Ai(3)-Dnide Wildsear 29 > 28
Resolve Stack: Whenever you draw a card, Niv-Mizzet, the Firemind deals 1 damage to any target. (Targeting: [[Ai(3)-Dnide Wildsear]]) [Player: Ai(2)-Ur-Dragon B3]
Phase: Ai(2)-Ur-Dragon B3's End step
Phase: Ai(2)-Ur-Dragon B3's Cleanup step
Discard: Ai(2)-Ur-Dragon B3 discards Forest (151).
Discard: Ai(2)-Ur-Dragon B3 discards Forest (150).
Discard: Ai(2)-Ur-Dragon B3 discards Mountain (181).
Discard: Ai(2)-Ur-Dragon B3 discards Forest (149).
Discard: Ai(2)-Ur-Dragon B3 discards Frontier Bivouac (198).
Discard: Ai(2)-Ur-Dragon B3 discards Nomad Outpost (108).
Discard: Ai(2)-Ur-Dragon B3 discards Evolving Wilds (129).
Discard: Ai(2)-Ur-Dragon B3 discards Haven of the Spirit Dragon (119).
Discard: Ai(2)-Ur-Dragon B3 discards Dragon Tempest (164).
Discard: Ai(2)-Ur-Dragon B3 discards Temur Ascendancy (160).
Discard: Ai(2)-Ur-Dragon B3 discards Coalition Relic (124).
Discard: Ai(2)-Ur-Dragon B3 discards Urza's Incubator (174).
Turn: Turn 34 (Ai(3)-Dnide Wildsear)
Phase: Ai(3)-Dnide Wildsear's Untap step
Phase: Ai(3)-Dnide Wildsear's Upkeep step
Phase: Ai(3)-Dnide Wildsear's Draw step
Phase: Ai(3)-Dnide Wildsear's Main phase, precombat
Phase: Ai(3)-Dnide Wildsear's Beginning of Combat Step
Phase: Ai(3)-Dnide Wildsear's Declare Attackers Step
Phase: Ai(3)-Dnide Wildsear's Declare Blockers Step
Phase: Ai(3)-Dnide Wildsear's First Strike Damage Step
Phase: Ai(3)-Dnide Wildsear's Combat Damage Step
Phase: Ai(3)-Dnide Wildsear's End of Combat Step
Phase: Ai(3)-Dnide Wildsear's Main phase, postcombat
Mana: Forest (253) - {T}: Add {G}.
Mana: Mountain (276) - {T}: Add {R}.
Mana: Mountain (279) - {T}: Add {R}.
Mana: Command Tower (210) - {T}: Add one mana of any color in your commander's color identity.
Mana: Spire Garden (296) - {T}: Add {R} or {G}.
Mana: Stomping Ground (205) - {T}: Add {G}.
Mana: Cinder Glade (211) - {T}: Add {G}.
Add To Stack: Ai(3)-Dnide Wildsear cast Wildsear, Scouring Maw
Resolve Stack: Wildsear, Scouring Maw - Creature 6 / 6
Phase: Ai(3)-Dnide Wildsear's End step
Phase: Ai(3)-Dnide Wildsear's Cleanup step
Turn: Turn 35 (Ai(2)-Ur-Dragon B3)
Phase: Ai(2)-Ur-Dragon B3's Untap step
Phase: Ai(2)-Ur-Dragon B3's Upkeep step
Phase: Ai(2)-Ur-Dragon B3's Draw step
Add To Stack: Ai(2)-Ur-Dragon B3 triggered Niv-Mizzet, the Firemind targeting [Ai(3)-Dnide Wildsear]
Damage: Niv-Mizzet, the Firemind (135) deals 1 non-combat damage to Ai(3)-Dnide Wildsear.
Life: Life: Ai(3)-Dnide Wildsear 28 > 27
Resolve Stack: Whenever you draw a card, Niv-Mizzet, the Firemind deals 1 damage to any target. (Targeting: [[Ai(3)-Dnide Wildsear]]) [Player: Ai(2)-Ur-Dragon B3]
Phase: Ai(2)-Ur-Dragon B3's Main phase, precombat
Mana: Mountain (180) - {T}: Add {R}.
Mana: Path of Ancestry (116) - {T}: Add one mana of any color in your commander's color identity. When that mana is spent to cast a creature spell that shares a creature type with your commander, scry 1. (Look at the top card of your library. You may put that card on the bottom of your library.)
Mana: Sol Ring (114) - {T}: Add {C}{C}.
Mana: Swamp (193) - {T}: Add {B}.
Add To Stack: Ai(2)-Ur-Dragon B3 cast Hellkite Charger
Add To Stack: Ai(2)-Ur-Dragon B3 triggered Path of Ancestry
Resolve Stack: Ai(2)-Ur-Dragon B3 scried 1 card(s) to the bottom of the library
Resolve Stack: When mana produced by Path of Ancestry is spent to cast a creature spell that shares a creature type with your commander, scry 1. ([Hellkite Charger - Creature 5 / 5]) [Card: Hellkite Charger (187), Activator: Ai(2)-Ur-Dragon B3, SpellAbility: Hellkite Charger - Creature 5 / 5]
Resolve Stack: Hellkite Charger - Creature 5 / 5
Add To Stack: Ai(2)-Ur-Dragon B3 triggered Kindred Discovery
Add To Stack: Ai(2)-Ur-Dragon B3 triggered Lathliss, Dragon Queen
Resolve Stack: Whenever another nontoken Dragon you control enters, create a 5/5 red Dragon creature token with flying. [Zone Changer: Hellkite Charger (187)]
Add To Stack: Ai(2)-Ur-Dragon B3 triggered Kindred Discovery
Resolve Stack: Whenever a creature you control of the chosen type enters or attacks, draw a card. [Zone Changer: Dragon Token (432)]
Add To Stack: Ai(2)-Ur-Dragon B3 triggered Niv-Mizzet, the Firemind targeting [Ai(3)-Dnide Wildsear]
Damage: Niv-Mizzet, the Firemind (135) deals 1 non-combat damage to Ai(3)-Dnide Wildsear.
Life: Life: Ai(3)-Dnide Wildsear 27 > 26
Resolve Stack: Whenever you draw a card, Niv-Mizzet, the Firemind deals 1 damage to any target. (Targeting: [[Ai(3)-Dnide Wildsear]]) [Player: Ai(2)-Ur-Dragon B3]
Resolve Stack: Whenever a creature you control of the chosen type enters or attacks, draw a card. [Zone Changer: Hellkite Charger (187)]
Add To Stack: Ai(2)-Ur-Dragon B3 triggered Niv-Mizzet, the Firemind targeting [Ai(3)-Dnide Wildsear]
Damage: Niv-Mizzet, the Firemind (135) deals 1 non-combat damage to Ai(3)-Dnide Wildsear.
Life: Life: Ai(3)-Dnide Wildsear 26 > 25
Resolve Stack: Whenever you draw a card, Niv-Mizzet, the Firemind deals 1 damage to any target. (Targeting: [[Ai(3)-Dnide Wildsear]]) [Player: Ai(2)-Ur-Dragon B3]
Land: Ai(2)-Ur-Dragon B3 played Island (157)
Mana: Forest (146) - {T}: Add {G}.
Mana: Swamp (195) - {T}: Add {B}.
Mana: Plains (143) - {T}: Add {W}.
Mana: Plains (144) - {T}: Add {W}.
Add To Stack: Ai(2)-Ur-Dragon B3 cast Skyshroud Claim
Resolve Stack: Skyshroud Claim (184) - Ai(2)-Ur-Dragon B3 searches their library for  up to two Forest cards, puts them onto the battlefield, then shuffles.
Mana: Island (156) - {T}: Add {U}.
Mana: Island (154) - {T}: Add {U}.
Mana: Island (155) - {T}: Add {U}.
Mana: Island (157) - {T}: Add {U}.
Add To Stack: Ai(2)-Ur-Dragon B3 cast Rite of Replication targeting [Hellkite Charger (187)]
Resolve Stack: Rite of Replication (103) - Ai(2)-Ur-Dragon B3 creates a token that's a copy of Hellkite Charger (187).
Add To Stack: Ai(2)-Ur-Dragon B3 triggered Kindred Discovery
Resolve Stack: Whenever a creature you control of the chosen type enters or attacks, draw a card. [Zone Changer: Hellkite Charger (434)]
Add To Stack: Ai(2)-Ur-Dragon B3 triggered Niv-Mizzet, the Firemind targeting [Ai(3)-Dnide Wildsear]
Damage: Niv-Mizzet, the Firemind (135) deals 1 non-combat damage to Ai(3)-Dnide Wildsear.
Life: Life: Ai(3)-Dnide Wildsear 25 > 24
Resolve Stack: Whenever you draw a card, Niv-Mizzet, the Firemind deals 1 damage to any target. (Targeting: [[Ai(3)-Dnide Wildsear]]) [Player: Ai(2)-Ur-Dragon B3]
Phase: Ai(2)-Ur-Dragon B3's Beginning of Combat Step
Phase: Ai(2)-Ur-Dragon B3's Declare Attackers Step
Combat: Ai(2)-Ur-Dragon B3 assigned The Ur-Dragon (201), Dragonlord Atarka (159), Lathliss, Dragon Queen (134), Dragonlord Dromoka (127), Dragon Token (423), Ojutai, Soul of Winter (161), Dragon Token (426), Dragon Token (429), Hellkite Charger (187), Hellkite Charger (434), Niv-Mizzet, the Firemind (135), Boneyard Scourge (113) and Kolaghan, the Storm's Fury (137) to attack Ai(3)-Dnide Wildsear.
Add To Stack: Ai(2)-Ur-Dragon B3 triggered Ojutai, Soul of Winter targeting [Wildsear, Scouring Maw (302)]
Add To Stack: Ai(2)-Ur-Dragon B3 triggered Ojutai, Soul of Winter targeting [Fiery Emancipation (300)]
Add To Stack: Ai(2)-Ur-Dragon B3 triggered Ojutai, Soul of Winter targeting [Fiery Emancipation (300)]
Add To Stack: Ai(2)-Ur-Dragon B3 triggered Ojutai, Soul of Winter targeting [Fiery Emancipation (300)]
Add To Stack: Ai(2)-Ur-Dragon B3 triggered Ojutai, Soul of Winter targeting [Fiery Emancipation (300)]
Add To Stack: Ai(2)-Ur-Dragon B3 triggered Ojutai, Soul of Winter targeting [Fiery Emancipation (300)]
Add To Stack: Ai(2)-Ur-Dragon B3 triggered Ojutai, Soul of Winter targeting [Fiery Emancipation (300)]
Add To Stack: Ai(2)-Ur-Dragon B3 triggered Ojutai, Soul of Winter targeting [Fiery Emancipation (300)]
Add To Stack: Ai(2)-Ur-Dragon B3 triggered Hellkite Charger
Add To Stack: Ai(2)-Ur-Dragon B3 triggered Ojutai, Soul of Winter targeting [Fiery Emancipation (300)]
Add To Stack: Ai(2)-Ur-Dragon B3 triggered Ojutai, Soul of Winter targeting [Fiery Emancipation (300)]
Add To Stack: Ai(2)-Ur-Dragon B3 triggered Hellkite Charger
Add To Stack: Ai(2)-Ur-Dragon B3 triggered Ojutai, Soul of Winter targeting [Fiery Emancipation (300)]
Add To Stack: Ai(2)-Ur-Dragon B3 triggered Ojutai, Soul of Winter targeting [Fiery Emancipation (300)]
Add To Stack: Ai(2)-Ur-Dragon B3 triggered Ojutai, Soul of Winter targeting [Fiery Emancipation (300)]
Add To Stack: Ai(2)-Ur-Dragon B3 triggered The Ur-Dragon
Add To Stack: Ai(2)-Ur-Dragon B3 triggered Kindred Discovery
Add To Stack: Ai(2)-Ur-Dragon B3 triggered Kindred Discovery
Add To Stack: Ai(2)-Ur-Dragon B3 triggered Kindred Discovery
Add To Stack: Ai(2)-Ur-Dragon B3 triggered Kindred Discovery
Add To Stack: Ai(2)-Ur-Dragon B3 triggered Kindred Discovery
Add To Stack: Ai(2)-Ur-Dragon B3 triggered Kindred Discovery
Add To Stack: Ai(2)-Ur-Dragon B3 triggered Kindred Discovery
Add To Stack: Ai(2)-Ur-Dragon B3 triggered Kindred Discovery
Add To Stack: Ai(2)-Ur-Dragon B3 triggered Kindred Discovery
Add To Stack: Ai(2)-Ur-Dragon B3 triggered Kindred Discovery
Add To Stack: Ai(2)-Ur-Dragon B3 triggered Kindred Discovery
Add To Stack: Ai(2)-Ur-Dragon B3 triggered Kindred Discovery
Add To Stack: Ai(2)-Ur-Dragon B3 triggered Kindred Discovery
Add To Stack: Ai(2)-Ur-Dragon B3 triggered Kolaghan, the Storm's Fury
Add To Stack: Ai(2)-Ur-Dragon B3 triggered Kolaghan, the Storm's Fury
Add To Stack: Ai(2)-Ur-Dragon B3 triggered Kolaghan, the Storm's Fury
Add To Stack: Ai(2)-Ur-Dragon B3 triggered Kolaghan, the Storm's Fury
Add To Stack: Ai(2)-Ur-Dragon B3 triggered Kolaghan, the Storm's Fury
Add To Stack: Ai(2)-Ur-Dragon B3 triggered Kolaghan, the Storm's Fury
Add To Stack: Ai(2)-Ur-Dragon B3 triggered Kolaghan, the Storm's Fury
Add To Stack: Ai(2)-Ur-Dragon B3 triggered Kolaghan, the Storm's Fury
Add To Stack: Ai(2)-Ur-Dragon B3 triggered Kolaghan, the Storm's Fury
Add To Stack: Ai(2)-Ur-Dragon B3 triggered Kolaghan, the Storm's Fury
Add To Stack: Ai(2)-Ur-Dragon B3 triggered Kolaghan, the Storm's Fury
Add To Stack: Ai(2)-Ur-Dragon B3 triggered Kolaghan, the Storm's Fury
Add To Stack: Ai(2)-Ur-Dragon B3 triggered Kolaghan, the Storm's Fury
Resolve Stack: Whenever a Dragon you control attacks, creatures you control get +1/+0 until end of turn. [Attacker: Kolaghan, the Storm's Fury (137)]
Resolve Stack: Whenever a Dragon you control attacks, creatures you control get +1/+0 until end of turn. [Attacker: Boneyard Scourge (113)]
Resolve Stack: Whenever a Dragon you control attacks, creatures you control get +1/+0 until end of turn. [Attacker: Niv-Mizzet, the Firemind (135)]
Resolve Stack: Whenever a Dragon you control attacks, creatures you control get +1/+0 until end of turn. [Attacker: Hellkite Charger (434)]
Resolve Stack: Whenever a Dragon you control attacks, creatures you control get +1/+0 until end of turn. [Attacker: Hellkite Charger (187)]
Resolve Stack: Whenever a Dragon you control attacks, creatures you control get +1/+0 until end of turn. [Attacker: Dragon Token (429)]
Resolve Stack: Whenever a Dragon you control attacks, creatures you control get +1/+0 until end of turn. [Attacker: Dragon Token (426)]
Resolve Stack: Whenever a Dragon you control attacks, creatures you control get +1/+0 until end of turn. [Attacker: Ojutai, Soul of Winter (161)]
Resolve Stack: Whenever a Dragon you control attacks, creatures you control get +1/+0 until end of turn. [Attacker: Dragon Token (423)]
Resolve Stack: Whenever a Dragon you control attacks, creatures you control get +1/+0 until end of turn. [Attacker: Dragonlord Dromoka (127)]
Resolve Stack: Whenever a Dragon you control attacks, creatures you control get +1/+0 until end of turn. [Attacker: Lathliss, Dragon Queen (134)]
Resolve Stack: Whenever a Dragon you control attacks, creatures you control get +1/+0 until end of turn. [Attacker: Dragonlord Atarka (159)]
Resolve Stack: Whenever a Dragon you control attacks, creatures you control get +1/+0 until end of turn. [Attacker: The Ur-Dragon (201)]
Resolve Stack: Whenever a creature you control of the chosen type enters or attacks, draw a card. [Attacker: Kolaghan, the Storm's Fury (137)]
Add To Stack: Ai(2)-Ur-Dragon B3 triggered Niv-Mizzet, the Firemind targeting [Ai(3)-Dnide Wildsear]
Damage: Niv-Mizzet, the Firemind (135) deals 1 non-combat damage to Ai(3)-Dnide Wildsear.
Life: Life: Ai(3)-Dnide Wildsear 24 > 23
Resolve Stack: Whenever you draw a card, Niv-Mizzet, the Firemind deals 1 damage to any target. (Targeting: [[Ai(3)-Dnide Wildsear]]) [Player: Ai(2)-Ur-Dragon B3]
Resolve Stack: Whenever a creature you control of the chosen type enters or attacks, draw a card. [Attacker: Boneyard Scourge (113)]
Add To Stack: Ai(2)-Ur-Dragon B3 triggered Niv-Mizzet, the Firemind targeting [Ai(3)-Dnide Wildsear]
Damage: Niv-Mizzet, the Firemind (135) deals 1 non-combat damage to Ai(3)-Dnide Wildsear.
Life: Life: Ai(3)-Dnide Wildsear 23 > 22
Resolve Stack: Whenever you draw a card, Niv-Mizzet, the Firemind deals 1 damage to any target. (Targeting: [[Ai(3)-Dnide Wildsear]]) [Player: Ai(2)-Ur-Dragon B3]
Resolve Stack: Whenever a creature you control of the chosen type enters or attacks, draw a card. [Attacker: Niv-Mizzet, the Firemind (135)]
Add To Stack: Ai(2)-Ur-Dragon B3 triggered Niv-Mizzet, the Firemind targeting [Ai(3)-Dnide Wildsear]
Damage: Niv-Mizzet, the Firemind (135) deals 1 non-combat damage to Ai(3)-Dnide Wildsear.
Life: Life: Ai(3)-Dnide Wildsear 22 > 21
Resolve Stack: Whenever you draw a card, Niv-Mizzet, the Firemind deals 1 damage to any target. (Targeting: [[Ai(3)-Dnide Wildsear]]) [Player: Ai(2)-Ur-Dragon B3]
Resolve Stack: Whenever a creature you control of the chosen type enters or attacks, draw a card. [Attacker: Hellkite Charger (434)]
Add To Stack: Ai(2)-Ur-Dragon B3 triggered Niv-Mizzet, the Firemind targeting [Ai(3)-Dnide Wildsear]
Damage: Niv-Mizzet, the Firemind (135) deals 1 non-combat damage to Ai(3)-Dnide Wildsear.
Life: Life: Ai(3)-Dnide Wildsear 21 > 20
Resolve Stack: Whenever you draw a card, Niv-Mizzet, the Firemind deals 1 damage to any target. (Targeting: [[Ai(3)-Dnide Wildsear]]) [Player: Ai(2)-Ur-Dragon B3]
Resolve Stack: Whenever a creature you control of the chosen type enters or attacks, draw a card. [Attacker: Hellkite Charger (187)]
Add To Stack: Ai(2)-Ur-Dragon B3 triggered Niv-Mizzet, the Firemind targeting [Ai(3)-Dnide Wildsear]
Damage: Niv-Mizzet, the Firemind (135) deals 1 non-combat damage to Ai(3)-Dnide Wildsear.
Life: Life: Ai(3)-Dnide Wildsear 20 > 19
Resolve Stack: Whenever you draw a card, Niv-Mizzet, the Firemind deals 1 damage to any target. (Targeting: [[Ai(3)-Dnide Wildsear]]) [Player: Ai(2)-Ur-Dragon B3]
Resolve Stack: Whenever a creature you control of the chosen type enters or attacks, draw a card. [Attacker: Dragon Token (429)]
Add To Stack: Ai(2)-Ur-Dragon B3 triggered Niv-Mizzet, the Firemind targeting [Ai(3)-Dnide Wildsear]
Damage: Niv-Mizzet, the Firemind (135) deals 1 non-combat damage to Ai(3)-Dnide Wildsear.
Life: Life: Ai(3)-Dnide Wildsear 19 > 18
Resolve Stack: Whenever you draw a card, Niv-Mizzet, the Firemind deals 1 damage to any target. (Targeting: [[Ai(3)-Dnide Wildsear]]) [Player: Ai(2)-Ur-Dragon B3]
Resolve Stack: Whenever a creature you control of the chosen type enters or attacks, draw a card. [Attacker: Dragon Token (426)]
Add To Stack: Ai(2)-Ur-Dragon B3 triggered Niv-Mizzet, the Firemind targeting [Ai(3)-Dnide Wildsear]
Damage: Niv-Mizzet, the Firemind (135) deals 1 non-combat damage to Ai(3)-Dnide Wildsear.
Life: Life: Ai(3)-Dnide Wildsear 18 > 17
Resolve Stack: Whenever you draw a card, Niv-Mizzet, the Firemind deals 1 damage to any target. (Targeting: [[Ai(3)-Dnide Wildsear]]) [Player: Ai(2)-Ur-Dragon B3]
Resolve Stack: Whenever a creature you control of the chosen type enters or attacks, draw a card. [Attacker: Ojutai, Soul of Winter (161)]
Add To Stack: Ai(2)-Ur-Dragon B3 triggered Niv-Mizzet, the Firemind targeting [Ai(3)-Dnide Wildsear]
Damage: Niv-Mizzet, the Firemind (135) deals 1 non-combat damage to Ai(3)-Dnide Wildsear.
Life: Life: Ai(3)-Dnide Wildsear 17 > 16
Resolve Stack: Whenever you draw a card, Niv-Mizzet, the Firemind deals 1 damage to any target. (Targeting: [[Ai(3)-Dnide Wildsear]]) [Player: Ai(2)-Ur-Dragon B3]
Resolve Stack: Whenever a creature you control of the chosen type enters or attacks, draw a card. [Attacker: Dragon Token (423)]
Add To Stack: Ai(2)-Ur-Dragon B3 triggered Niv-Mizzet, the Firemind targeting [Ai(3)-Dnide Wildsear]
Damage: Niv-Mizzet, the Firemind (135) deals 1 non-combat damage to Ai(3)-Dnide Wildsear.
Life: Life: Ai(3)-Dnide Wildsear 16 > 15
Resolve Stack: Whenever you draw a card, Niv-Mizzet, the Firemind deals 1 damage to any target. (Targeting: [[Ai(3)-Dnide Wildsear]]) [Player: Ai(2)-Ur-Dragon B3]
Resolve Stack: Whenever a creature you control of the chosen type enters or attacks, draw a card. [Attacker: Dragonlord Dromoka (127)]
Add To Stack: Ai(2)-Ur-Dragon B3 triggered Niv-Mizzet, the Firemind targeting [Ai(3)-Dnide Wildsear]
Damage: Niv-Mizzet, the Firemind (135) deals 1 non-combat damage to Ai(3)-Dnide Wildsear.
Life: Life: Ai(3)-Dnide Wildsear 15 > 14
Resolve Stack: Whenever you draw a card, Niv-Mizzet, the Firemind deals 1 damage to any target. (Targeting: [[Ai(3)-Dnide Wildsear]]) [Player: Ai(2)-Ur-Dragon B3]
Resolve Stack: Whenever a creature you control of the chosen type enters or attacks, draw a card. [Attacker: Lathliss, Dragon Queen (134)]
Add To Stack: Ai(2)-Ur-Dragon B3 triggered Niv-Mizzet, the Firemind targeting [Ai(3)-Dnide Wildsear]
Damage: Niv-Mizzet, the Firemind (135) deals 1 non-combat damage to Ai(3)-Dnide Wildsear.
Life: Life: Ai(3)-Dnide Wildsear 14 > 13
Resolve Stack: Whenever you draw a card, Niv-Mizzet, the Firemind deals 1 damage to any target. (Targeting: [[Ai(3)-Dnide Wildsear]]) [Player: Ai(2)-Ur-Dragon B3]
Resolve Stack: Whenever a creature you control of the chosen type enters or attacks, draw a card. [Attacker: Dragonlord Atarka (159)]
Add To Stack: Ai(2)-Ur-Dragon B3 triggered Niv-Mizzet, the Firemind targeting [Ai(3)-Dnide Wildsear]
Damage: Niv-Mizzet, the Firemind (135) deals 1 non-combat damage to Ai(3)-Dnide Wildsear.
Life: Life: Ai(3)-Dnide Wildsear 13 > 12
Resolve Stack: Whenever you draw a card, Niv-Mizzet, the Firemind deals 1 damage to any target. (Targeting: [[Ai(3)-Dnide Wildsear]]) [Player: Ai(2)-Ur-Dragon B3]
Resolve Stack: Whenever a creature you control of the chosen type enters or attacks, draw a card. [Attacker: The Ur-Dragon (201)]
Add To Stack: Ai(2)-Ur-Dragon B3 triggered Niv-Mizzet, the Firemind targeting [Ai(3)-Dnide Wildsear]
Damage: Niv-Mizzet, the Firemind (135) deals 1 non-combat damage to Ai(3)-Dnide Wildsear.
Life: Life: Ai(3)-Dnide Wildsear 12 > 11
Resolve Stack: Whenever you draw a card, Niv-Mizzet, the Firemind deals 1 damage to any target. (Targeting: [[Ai(3)-Dnide Wildsear]]) [Player: Ai(2)-Ur-Dragon B3]
Resolve Stack: Whenever one or more Dragons you control attack, draw that many cards, then you may put a permanent card from your hand onto the battlefield. [Number Attackers: [The Ur-Dragon (201), Dragonlord Atarka (159), Lathliss, Dragon Queen (134), Dragonlord Dromoka (127), Dragon Token (423), Ojutai, Soul of Winter (161), Dragon Token (426), Dragon Token (429), Hellkite Charger (187), Hellkite Charger (434), Niv-Mizzet, the Firemind (135), Boneyard Scourge (113), Kolaghan, the Storm's Fury (137)]]
Add To Stack: Ai(2)-Ur-Dragon B3 triggered Niv-Mizzet, the Firemind targeting [Ai(3)-Dnide Wildsear]
Add To Stack: Ai(2)-Ur-Dragon B3 triggered Niv-Mizzet, the Firemind targeting [Ai(3)-Dnide Wildsear]
Add To Stack: Ai(2)-Ur-Dragon B3 triggered Niv-Mizzet, the Firemind targeting [Ai(3)-Dnide Wildsear]
Add To Stack: Ai(2)-Ur-Dragon B3 triggered Niv-Mizzet, the Firemind targeting [Ai(3)-Dnide Wildsear]
Add To Stack: Ai(2)-Ur-Dragon B3 triggered Niv-Mizzet, the Firemind targeting [Ai(3)-Dnide Wildsear]
Add To Stack: Ai(2)-Ur-Dragon B3 triggered Niv-Mizzet, the Firemind targeting [Ai(3)-Dnide Wildsear]
Add To Stack: Ai(2)-Ur-Dragon B3 triggered Niv-Mizzet, the Firemind targeting [Ai(3)-Dnide Wildsear]
Add To Stack: Ai(2)-Ur-Dragon B3 triggered Niv-Mizzet, the Firemind targeting [Ai(3)-Dnide Wildsear]
Add To Stack: Ai(2)-Ur-Dragon B3 triggered Niv-Mizzet, the Firemind targeting [Ai(3)-Dnide Wildsear]
Add To Stack: Ai(2)-Ur-Dragon B3 triggered Niv-Mizzet, the Firemind targeting [Ai(3)-Dnide Wildsear]
Add To Stack: Ai(2)-Ur-Dragon B3 triggered Niv-Mizzet, the Firemind targeting [Ai(3)-Dnide Wildsear]
Add To Stack: Ai(2)-Ur-Dragon B3 triggered Niv-Mizzet, the Firemind targeting [Ai(3)-Dnide Wildsear]
Add To Stack: Ai(2)-Ur-Dragon B3 triggered Niv-Mizzet, the Firemind targeting [Ai(3)-Dnide Wildsear]
Add To Stack: Ai(2)-Ur-Dragon B3 triggered Kindred Discovery
Add To Stack: Ai(2)-Ur-Dragon B3 triggered Lathliss, Dragon Queen
Resolve Stack: Whenever another nontoken Dragon you control enters, create a 5/5 red Dragon creature token with flying. [Zone Changer: Utvara Hellkite (139)]
Add To Stack: Ai(2)-Ur-Dragon B3 triggered Kindred Discovery
Resolve Stack: Whenever a creature you control of the chosen type enters or attacks, draw a card. [Zone Changer: Dragon Token (437)]
Add To Stack: Ai(2)-Ur-Dragon B3 triggered Niv-Mizzet, the Firemind targeting [Ai(3)-Dnide Wildsear]
Damage: Niv-Mizzet, the Firemind (135) deals 1 non-combat damage to Ai(3)-Dnide Wildsear.
Life: Life: Ai(3)-Dnide Wildsear 11 > 10
Resolve Stack: Whenever you draw a card, Niv-Mizzet, the Firemind deals 1 damage to any target. (Targeting: [[Ai(3)-Dnide Wildsear]]) [Player: Ai(2)-Ur-Dragon B3]
Resolve Stack: Whenever a creature you control of the chosen type enters or attacks, draw a card. [Zone Changer: Utvara Hellkite (139)]
Add To Stack: Ai(2)-Ur-Dragon B3 triggered Niv-Mizzet, the Firemind targeting [Ai(3)-Dnide Wildsear]
Damage: Niv-Mizzet, the Firemind (135) deals 1 non-combat damage to Ai(3)-Dnide Wildsear.
Life: Life: Ai(3)-Dnide Wildsear 10 > 9
Resolve Stack: Whenever you draw a card, Niv-Mizzet, the Firemind deals 1 damage to any target. (Targeting: [[Ai(3)-Dnide Wildsear]]) [Player: Ai(2)-Ur-Dragon B3]
Damage: Niv-Mizzet, the Firemind (135) deals 1 non-combat damage to Ai(3)-Dnide Wildsear.
Life: Life: Ai(3)-Dnide Wildsear 9 > 8
Resolve Stack: Whenever you draw a card, Niv-Mizzet, the Firemind deals 1 damage to any target. (Targeting: [[Ai(3)-Dnide Wildsear]]) [Player: Ai(2)-Ur-Dragon B3]
Damage: Niv-Mizzet, the Firemind (135) deals 1 non-combat damage to Ai(3)-Dnide Wildsear.
Life: Life: Ai(3)-Dnide Wildsear 8 > 7
Resolve Stack: Whenever you draw a card, Niv-Mizzet, the Firemind deals 1 damage to any target. (Targeting: [[Ai(3)-Dnide Wildsear]]) [Player: Ai(2)-Ur-Dragon B3]
Damage: Niv-Mizzet, the Firemind (135) deals 1 non-combat damage to Ai(3)-Dnide Wildsear.
Life: Life: Ai(3)-Dnide Wildsear 7 > 6
Resolve Stack: Whenever you draw a card, Niv-Mizzet, the Firemind deals 1 damage to any target. (Targeting: [[Ai(3)-Dnide Wildsear]]) [Player: Ai(2)-Ur-Dragon B3]
Damage: Niv-Mizzet, the Firemind (135) deals 1 non-combat damage to Ai(3)-Dnide Wildsear.
Life: Life: Ai(3)-Dnide Wildsear 6 > 5
Resolve Stack: Whenever you draw a card, Niv-Mizzet, the Firemind deals 1 damage to any target. (Targeting: [[Ai(3)-Dnide Wildsear]]) [Player: Ai(2)-Ur-Dragon B3]
Damage: Niv-Mizzet, the Firemind (135) deals 1 non-combat damage to Ai(3)-Dnide Wildsear.
Life: Life: Ai(3)-Dnide Wildsear 5 > 4
Resolve Stack: Whenever you draw a card, Niv-Mizzet, the Firemind deals 1 damage to any target. (Targeting: [[Ai(3)-Dnide Wildsear]]) [Player: Ai(2)-Ur-Dragon B3]
Damage: Niv-Mizzet, the Firemind (135) deals 1 non-combat damage to Ai(3)-Dnide Wildsear.
Life: Life: Ai(3)-Dnide Wildsear 4 > 3
Resolve Stack: Whenever you draw a card, Niv-Mizzet, the Firemind deals 1 damage to any target. (Targeting: [[Ai(3)-Dnide Wildsear]]) [Player: Ai(2)-Ur-Dragon B3]
Damage: Niv-Mizzet, the Firemind (135) deals 1 non-combat damage to Ai(3)-Dnide Wildsear.
Life: Life: Ai(3)-Dnide Wildsear 3 > 2
Resolve Stack: Whenever you draw a card, Niv-Mizzet, the Firemind deals 1 damage to any target. (Targeting: [[Ai(3)-Dnide Wildsear]]) [Player: Ai(2)-Ur-Dragon B3]
Damage: Niv-Mizzet, the Firemind (135) deals 1 non-combat damage to Ai(3)-Dnide Wildsear.
Life: Life: Ai(3)-Dnide Wildsear 2 > 1
Resolve Stack: Whenever you draw a card, Niv-Mizzet, the Firemind deals 1 damage to any target. (Targeting: [[Ai(3)-Dnide Wildsear]]) [Player: Ai(2)-Ur-Dragon B3]
Damage: Niv-Mizzet, the Firemind (135) deals 1 non-combat damage to Ai(3)-Dnide Wildsear.
Life: Life: Ai(3)-Dnide Wildsear 1 > 0
Resolve Stack: Whenever you draw a card, Niv-Mizzet, the Firemind deals 1 damage to any target. (Targeting: [[Ai(3)-Dnide Wildsear]]) [Player: Ai(2)-Ur-Dragon B3]
Player Control: Ai(1)-Kilo Helm B3 has restored control over themself
Player Control: Ai(2)-Ur-Dragon B3 has restored control over themself
Player Control: Ai(3)-Dnide Wildsear has restored control over themself
Player Control: Ai(4)-Inspirit EDHREC Average has restored control over themself
Game Outcome: Turn 18
Game Outcome: Ai(1)-Kilo Helm B3 has lost due to accumulation of 21 damage from generals
Game Outcome: Ai(2)-Ur-Dragon B3 has won because all opponents have lost
Game Outcome: Ai(3)-Dnide Wildsear has lost because life total reached 0
Game Outcome: Ai(4)-Inspirit EDHREC Average has lost because life total reached 0
Match Result: Ai(1)-Kilo Helm B3: 0 Ai(2)-Ur-Dragon B3: 2 Ai(3)-Dnide Wildsear: 0 Ai(4)-Inspirit EDHREC Average: 1 

Game Result: Game 3 ended in 33704 ms. Ai(2)-Ur-Dragon B3 has won!

Warning: default (ie. inherited from base class) implementation of confirmAction is used by Kilo, Apogee Mind for forge.ai.ability.PermanentCreatureAi. Consider declaring an overloaded method
Correcting zone for Sanctum Weaver (264)
Warning: default (ie. inherited from base class) implementation of chooseSingleCard is used by Ripples of Potential for forge.ai.ability.PhasesAi. Consider declaring an overloaded method
Warning: default (ie. inherited from base class) implementation of chooseSingleCard is used by Ripples of Potential for forge.ai.ability.PhasesAi. Consider declaring an overloaded method
No AI assigned for API: Incubate
java.util.concurrent.ExecutionException: java.lang.NullPointerException: Cannot invoke "forge.game.card.CounterType.is(forge.game.card.CounterEnumType)" because "type" is null
	at java.base/java.util.concurrent.FutureTask.report(FutureTask.java:122)
	at java.base/java.util.concurrent.FutureTask.get(FutureTask.java:205)
	at forge.ai.AiController.chooseSpellAbilityToPlayFromList(AiController.java:1680)
	at forge.ai.AiController.getSpellAbilityToPlay(AiController.java:1569)
	at forge.ai.AiController.chooseSpellAbilityToPlay(AiController.java:1389)
	at forge.ai.PlayerControllerAi.chooseSpellAbilityToPlay(PlayerControllerAi.java:833)
	at forge.game.phase.PhaseHandler.mainLoopStep(PhaseHandler.java:1063)
	at forge.game.phase.PhaseHandler.mainGameLoop(PhaseHandler.java:1042)
	at forge.game.phase.PhaseHandler.startFirstTurn(PhaseHandler.java:1036)
	at forge.game.GameAction.startGame(GameAction.java:2373)
	at forge.game.Match.startGame(Match.java:92)
	at forge.game.Match.startGame(Match.java:77)
	at forge.view.SimulateMatch.lambda$simulateSingleMatch$0(SimulateMatch.java:182)
	at forge.view.TimeLimitedCodeBlock.lambda$runWithTimeout$0(TimeLimitedCodeBlock.java:18)
	at java.base/java.util.concurrent.FutureTask.run(FutureTask.java:264)
	at java.base/java.util.concurrent.ThreadPoolExecutor.runWorker(ThreadPoolExecutor.java:1136)
	at java.base/java.util.concurrent.ThreadPoolExecutor$Worker.run(ThreadPoolExecutor.java:635)
	at java.base/java.lang.Thread.run(Thread.java:840)
Caused by: java.lang.NullPointerException: Cannot invoke "forge.game.card.CounterType.is(forge.game.card.CounterEnumType)" because "type" is null
	at forge.ai.ComputerUtilCost.checkRemoveCounterCost(ComputerUtilCost.java:100)
	at forge.ai.SpellAbilityAi.willPayCosts(SpellAbilityAi.java:389)
	at forge.ai.SpellAbilityAi.canPlayWithoutRestrict(SpellAbilityAi.java:105)
	at forge.ai.SpellAbilityAi.canPlay(SpellAbilityAi.java:76)
	at forge.ai.SpellAbilityAi.canPlayWithSubs(SpellAbilityAi.java:55)
	at forge.ai.AiController.canPlaySa(AiController.java:911)
	at forge.ai.AiController.canPlayAndPayForFace(AiController.java:855)
	at forge.ai.AiController.canPlayAndPayFor(AiController.java:833)
	at forge.ai.AiController.lambda$chooseSpellAbilityToPlayFromList$9(AiController.java:1661)
	at java.base/java.util.concurrent.FutureTask.run(FutureTask.java:264)
	... 1 more
Stopping slow match as draw
java.lang.InterruptedException
	at java.base/java.util.concurrent.FutureTask.awaitDone(FutureTask.java:418)
	at java.base/java.util.concurrent.FutureTask.get(FutureTask.java:203)
	at forge.ai.AiController.chooseSpellAbilityToPlayFromList(AiController.java:1680)
	at forge.ai.AiController.getSpellAbilityToPlay(AiController.java:1569)
	at forge.ai.AiController.chooseSpellAbilityToPlay(AiController.java:1389)
	at forge.ai.PlayerControllerAi.chooseSpellAbilityToPlay(PlayerControllerAi.java:833)
	at forge.game.phase.PhaseHandler.mainLoopStep(PhaseHandler.java:1063)
	at forge.game.phase.PhaseHandler.mainGameLoop(PhaseHandler.java:1042)
	at forge.game.phase.PhaseHandler.startFirstTurn(PhaseHandler.java:1036)
	at forge.game.GameAction.startGame(GameAction.java:2373)
	at forge.game.Match.startGame(Match.java:92)
	at forge.game.Match.startGame(Match.java:77)
	at forge.view.SimulateMatch.lambda$simulateSingleMatch$0(SimulateMatch.java:182)
	at forge.view.TimeLimitedCodeBlock.lambda$runWithTimeout$0(TimeLimitedCodeBlock.java:18)
	at java.base/java.util.concurrent.FutureTask.run(FutureTask.java:264)
	at java.base/java.util.concurrent.ThreadPoolExecutor.runWorker(ThreadPoolExecutor.java:1136)
	at java.base/java.util.concurrent.ThreadPoolExecutor$Worker.run(ThreadPoolExecutor.java:635)
	at java.base/java.lang.Thread.run(Thread.java:840)
Mulligan: Ai(1)-Kilo Helm B3 has mulliganed down to 7 cards.
Mulligan: Ai(1)-Kilo Helm B3 has mulliganed down to 6 cards.
Mulligan: Ai(1)-Kilo Helm B3 has kept a hand of 6 cards
Mulligan: Ai(2)-Ur-Dragon B3 has kept a hand of 7 cards
Mulligan: Ai(3)-Dnide Wildsear has kept a hand of 7 cards
Mulligan: Ai(4)-Inspirit EDHREC Average has kept a hand of 7 cards
Turn: Turn 1 (Ai(1)-Kilo Helm B3)
Phase: Ai(1)-Kilo Helm B3's Untap step
Phase: Ai(1)-Kilo Helm B3's Upkeep step
Phase: Ai(1)-Kilo Helm B3's Draw step
Phase: Ai(1)-Kilo Helm B3's Main phase, precombat
Replacement Effect: This land enters tapped.
Land: Ai(1)-Kilo Helm B3 played Glittering Massif (46)
Phase: Ai(1)-Kilo Helm B3's Beginning of Combat Step
Phase: Ai(1)-Kilo Helm B3's Declare Attackers Step
Phase: Ai(1)-Kilo Helm B3's Declare Blockers Step
Phase: Ai(1)-Kilo Helm B3's First Strike Damage Step
Phase: Ai(1)-Kilo Helm B3's Combat Damage Step
Phase: Ai(1)-Kilo Helm B3's End of Combat Step
Phase: Ai(1)-Kilo Helm B3's Main phase, postcombat
Phase: Ai(1)-Kilo Helm B3's End step
Phase: Ai(1)-Kilo Helm B3's Cleanup step
Turn: Turn 2 (Ai(2)-Ur-Dragon B3)
Phase: Ai(2)-Ur-Dragon B3's Untap step
Phase: Ai(2)-Ur-Dragon B3's Upkeep step
Phase: Ai(2)-Ur-Dragon B3's Draw step
Phase: Ai(2)-Ur-Dragon B3's Main phase, precombat
Land: Ai(2)-Ur-Dragon B3 played Plains (142)
Phase: Ai(2)-Ur-Dragon B3's Beginning of Combat Step
Phase: Ai(2)-Ur-Dragon B3's Declare Attackers Step
Phase: Ai(2)-Ur-Dragon B3's Declare Blockers Step
Phase: Ai(2)-Ur-Dragon B3's First Strike Damage Step
Phase: Ai(2)-Ur-Dragon B3's Combat Damage Step
Phase: Ai(2)-Ur-Dragon B3's End of Combat Step
Phase: Ai(2)-Ur-Dragon B3's Main phase, postcombat
Phase: Ai(2)-Ur-Dragon B3's End step
Phase: Ai(2)-Ur-Dragon B3's Cleanup step
Turn: Turn 3 (Ai(3)-Dnide Wildsear)
Phase: Ai(3)-Dnide Wildsear's Untap step
Phase: Ai(3)-Dnide Wildsear's Upkeep step
Phase: Ai(3)-Dnide Wildsear's Draw step
Phase: Ai(3)-Dnide Wildsear's Main phase, precombat
Replacement Effect: Spire Garden enters tapped unless you have two or more opponents.
Land: Ai(3)-Dnide Wildsear played Spire Garden (296)
Phase: Ai(3)-Dnide Wildsear's Beginning of Combat Step
Phase: Ai(3)-Dnide Wildsear's Declare Attackers Step
Phase: Ai(3)-Dnide Wildsear's Declare Blockers Step
Phase: Ai(3)-Dnide Wildsear's First Strike Damage Step
Phase: Ai(3)-Dnide Wildsear's Combat Damage Step
Phase: Ai(3)-Dnide Wildsear's End of Combat Step
Phase: Ai(3)-Dnide Wildsear's Main phase, postcombat
Phase: Ai(3)-Dnide Wildsear's End step
Phase: Ai(3)-Dnide Wildsear's Cleanup step
Turn: Turn 4 (Ai(4)-Inspirit EDHREC Average)
Phase: Ai(4)-Inspirit EDHREC Average's Untap step
Phase: Ai(4)-Inspirit EDHREC Average's Upkeep step
Phase: Ai(4)-Inspirit EDHREC Average's Draw step
Phase: Ai(4)-Inspirit EDHREC Average's Main phase, precombat
Land: Ai(4)-Inspirit EDHREC Average played Plains (362)
Phase: Ai(4)-Inspirit EDHREC Average's Beginning of Combat Step
Phase: Ai(4)-Inspirit EDHREC Average's Declare Attackers Step
Phase: Ai(4)-Inspirit EDHREC Average's Declare Blockers Step
Phase: Ai(4)-Inspirit EDHREC Average's First Strike Damage Step
Phase: Ai(4)-Inspirit EDHREC Average's Combat Damage Step
Phase: Ai(4)-Inspirit EDHREC Average's End of Combat Step
Phase: Ai(4)-Inspirit EDHREC Average's Main phase, postcombat
Phase: Ai(4)-Inspirit EDHREC Average's End step
Phase: Ai(4)-Inspirit EDHREC Average's Cleanup step
Turn: Turn 5 (Ai(1)-Kilo Helm B3)
Phase: Ai(1)-Kilo Helm B3's Untap step
Phase: Ai(1)-Kilo Helm B3's Upkeep step
Phase: Ai(1)-Kilo Helm B3's Draw step
Phase: Ai(1)-Kilo Helm B3's Main phase, precombat
Replacement Effect: This land enters tapped.
Land: Ai(1)-Kilo Helm B3 played Uthros, Titanic Godcore (40)
Phase: Ai(1)-Kilo Helm B3's Beginning of Combat Step
Phase: Ai(1)-Kilo Helm B3's Declare Attackers Step
Phase: Ai(1)-Kilo Helm B3's Declare Blockers Step
Phase: Ai(1)-Kilo Helm B3's First Strike Damage Step
Phase: Ai(1)-Kilo Helm B3's Combat Damage Step
Phase: Ai(1)-Kilo Helm B3's End of Combat Step
Phase: Ai(1)-Kilo Helm B3's Main phase, postcombat
Phase: Ai(1)-Kilo Helm B3's End step
Phase: Ai(1)-Kilo Helm B3's Cleanup step
Turn: Turn 6 (Ai(2)-Ur-Dragon B3)
Phase: Ai(2)-Ur-Dragon B3's Untap step
Phase: Ai(2)-Ur-Dragon B3's Upkeep step
Phase: Ai(2)-Ur-Dragon B3's Draw step
Phase: Ai(2)-Ur-Dragon B3's Main phase, precombat
Land: Ai(2)-Ur-Dragon B3 played Mountain (179)
Phase: Ai(2)-Ur-Dragon B3's Beginning of Combat Step
Phase: Ai(2)-Ur-Dragon B3's Declare Attackers Step
Phase: Ai(2)-Ur-Dragon B3's Declare Blockers Step
Phase: Ai(2)-Ur-Dragon B3's First Strike Damage Step
Phase: Ai(2)-Ur-Dragon B3's Combat Damage Step
Phase: Ai(2)-Ur-Dragon B3's End of Combat Step
Phase: Ai(2)-Ur-Dragon B3's Main phase, postcombat
Mana: Mountain (179) - {T}: Add {R}.
Mana: Plains (142) - {T}: Add {W}.
Add To Stack: Ai(2)-Ur-Dragon B3 cast Dragonlord's Servant
Resolve Stack: Dragonlord's Servant - Creature 1 / 3
Mana: Plains (362) - {T}: Add {W}.
Add To Stack: Ai(4)-Inspirit EDHREC Average cast Swords to Plowshares targeting [Dragonlord's Servant (191)]
Zone Change: Dragonlord's Servant (191) was put into Exile from Battlefield.
Life: Life: Ai(2)-Ur-Dragon B3 40 > 41
Resolve Stack: Swords to Plowshares (354) - Exile Dragonlord's Servant (191). Ai(2)-Ur-Dragon B3 gains life equal to its power.
Phase: Ai(2)-Ur-Dragon B3's End step
Phase: Ai(2)-Ur-Dragon B3's Cleanup step
Turn: Turn 7 (Ai(3)-Dnide Wildsear)
Phase: Ai(3)-Dnide Wildsear's Untap step
Phase: Ai(3)-Dnide Wildsear's Upkeep step
Phase: Ai(3)-Dnide Wildsear's Draw step
Phase: Ai(3)-Dnide Wildsear's Main phase, precombat
Land: Ai(3)-Dnide Wildsear played Forest (259)
Phase: Ai(3)-Dnide Wildsear's Beginning of Combat Step
Phase: Ai(3)-Dnide Wildsear's Declare Attackers Step
Phase: Ai(3)-Dnide Wildsear's Declare Blockers Step
Phase: Ai(3)-Dnide Wildsear's First Strike Damage Step
Phase: Ai(3)-Dnide Wildsear's Combat Damage Step
Phase: Ai(3)-Dnide Wildsear's End of Combat Step
Phase: Ai(3)-Dnide Wildsear's Main phase, postcombat
Mana: Forest (259) - {T}: Add {G}.
Mana: Spire Garden (296) - {T}: Add {R} or {G}.
Add To Stack: Ai(3)-Dnide Wildsear cast Sanctum Weaver
Resolve Stack: Sanctum Weaver - Creature 0 / 2
Phase: Ai(3)-Dnide Wildsear's End step
Phase: Ai(3)-Dnide Wildsear's Cleanup step
Turn: Turn 8 (Ai(4)-Inspirit EDHREC Average)
Phase: Ai(4)-Inspirit EDHREC Average's Untap step
Phase: Ai(4)-Inspirit EDHREC Average's Upkeep step
Phase: Ai(4)-Inspirit EDHREC Average's Draw step
Phase: Ai(4)-Inspirit EDHREC Average's Main phase, precombat
Land: Ai(4)-Inspirit EDHREC Average played Rugged Prairie (349)
Phase: Ai(4)-Inspirit EDHREC Average's Beginning of Combat Step
Phase: Ai(4)-Inspirit EDHREC Average's Declare Attackers Step
Phase: Ai(4)-Inspirit EDHREC Average's Declare Blockers Step
Phase: Ai(4)-Inspirit EDHREC Average's First Strike Damage Step
Phase: Ai(4)-Inspirit EDHREC Average's Combat Damage Step
Phase: Ai(4)-Inspirit EDHREC Average's End of Combat Step
Phase: Ai(4)-Inspirit EDHREC Average's Main phase, postcombat
Mana: Plains (362) - {T}: Add {W}.
Mana: Rugged Prairie (349) - {T}: Add {C}.
Add To Stack: Ai(4)-Inspirit EDHREC Average cast Moxite Refinery
Resolve Stack: Moxite Refinery
Phase: Ai(4)-Inspirit EDHREC Average's End step
Phase: Ai(4)-Inspirit EDHREC Average's Cleanup step
Turn: Turn 9 (Ai(1)-Kilo Helm B3)
Phase: Ai(1)-Kilo Helm B3's Untap step
Phase: Ai(1)-Kilo Helm B3's Upkeep step
Phase: Ai(1)-Kilo Helm B3's Draw step
Phase: Ai(1)-Kilo Helm B3's Main phase, precombat
Replacement Effect: Sulfur Falls enters tapped unless you control an Island or a Mountain.
Land: Ai(1)-Kilo Helm B3 played Sulfur Falls (21)
Mana: Glittering Massif (46) - {T}: Add {W}.
Mana: Sulfur Falls (21) - {T}: Add {U} or {R}.
Mana: Uthros, Titanic Godcore (40) - {T}: Add {U}.
Add To Stack: Ai(1)-Kilo Helm B3 cast Kilo, Apogee Mind
Resolve Stack: Kilo, Apogee Mind - Creature 3 / 3
Phase: Ai(1)-Kilo Helm B3's Beginning of Combat Step
Phase: Ai(1)-Kilo Helm B3's Declare Attackers Step
Combat: Ai(1)-Kilo Helm B3 assigned Kilo, Apogee Mind (100) to attack Ai(3)-Dnide Wildsear.
Add To Stack: Ai(1)-Kilo Helm B3 triggered Kilo, Apogee Mind
Resolve Stack: Whenever Kilo becomes tapped, proliferate. (Choose any number of permanents and/or players, then give each another counter of each kind already there.) [Tapped: Kilo, Apogee Mind (100)]
Phase: Ai(1)-Kilo Helm B3's Declare Blockers Step
Combat: Ai(3)-Dnide Wildsear didn't block Kilo, Apogee Mind (100).
Phase: Ai(1)-Kilo Helm B3's First Strike Damage Step
Phase: Ai(1)-Kilo Helm B3's Combat Damage Step
Damage: Kilo, Apogee Mind (100) deals 3 combat damage to Ai(3)-Dnide Wildsear.
Life: Life: Ai(3)-Dnide Wildsear 40 > 37
Phase: Ai(1)-Kilo Helm B3's End of Combat Step
Phase: Ai(1)-Kilo Helm B3's Main phase, postcombat
Phase: Ai(1)-Kilo Helm B3's End step
Phase: Ai(1)-Kilo Helm B3's Cleanup step
Turn: Turn 10 (Ai(2)-Ur-Dragon B3)
Phase: Ai(2)-Ur-Dragon B3's Untap step
Phase: Ai(2)-Ur-Dragon B3's Upkeep step
Phase: Ai(2)-Ur-Dragon B3's Draw step
Phase: Ai(2)-Ur-Dragon B3's Main phase, precombat
Land: Ai(2)-Ur-Dragon B3 played Swamp (194)
Phase: Ai(2)-Ur-Dragon B3's Beginning of Combat Step
Phase: Ai(2)-Ur-Dragon B3's Declare Attackers Step
Phase: Ai(2)-Ur-Dragon B3's Declare Blockers Step
Phase: Ai(2)-Ur-Dragon B3's First Strike Damage Step
Phase: Ai(2)-Ur-Dragon B3's Combat Damage Step
Phase: Ai(2)-Ur-Dragon B3's End of Combat Step
Phase: Ai(2)-Ur-Dragon B3's Main phase, postcombat
Phase: Ai(2)-Ur-Dragon B3's End step
Phase: Ai(2)-Ur-Dragon B3's Cleanup step
Turn: Turn 11 (Ai(3)-Dnide Wildsear)
Phase: Ai(3)-Dnide Wildsear's Untap step
Phase: Ai(3)-Dnide Wildsear's Upkeep step
Phase: Ai(3)-Dnide Wildsear's Draw step
Phase: Ai(3)-Dnide Wildsear's Main phase, precombat
Land: Ai(3)-Dnide Wildsear played Forest (254)
Mana: Spire Garden (296) - {T}: Add {R} or {G}.
Mana: Forest (259) - {T}: Add {G}.
Mana: Forest (254) - {T}: Add {G}.
Add To Stack: Ai(3)-Dnide Wildsear cast Laelia, the Blade Reforged
Resolve Stack: Laelia, the Blade Reforged - Creature 2 / 2
Phase: Ai(3)-Dnide Wildsear's Beginning of Combat Step
Phase: Ai(3)-Dnide Wildsear's Declare Attackers Step
Combat: Ai(3)-Dnide Wildsear assigned Laelia, the Blade Reforged (290) and Sanctum Weaver (264) to attack Ai(1)-Kilo Helm B3.
Add To Stack: Ai(3)-Dnide Wildsear triggered Laelia, the Blade Reforged
Resolve Stack: Whenever Laelia, the Blade Reforged attacks, exile the top card of your library. You may play that card this turn. [Attacker: Laelia, the Blade Reforged (290)]
Add To Stack: Ai(3)-Dnide Wildsear triggered Laelia, the Blade Reforged
Resolve Stack: Whenever one or more cards are put into exile from your library and/or your graveyard, put a +1/+1 counter on Laelia. [Amount: 1]
Phase: Ai(3)-Dnide Wildsear's Declare Blockers Step
Combat: Ai(1)-Kilo Helm B3 didn't block Laelia, the Blade Reforged (290).
Ai(1)-Kilo Helm B3 didn't block Sanctum Weaver (264).
Phase: Ai(3)-Dnide Wildsear's First Strike Damage Step
Phase: Ai(3)-Dnide Wildsear's Combat Damage Step
Damage: Laelia, the Blade Reforged (290) deals 3 combat damage to Ai(1)-Kilo Helm B3.
Life: Life: Ai(1)-Kilo Helm B3 40 > 37
Phase: Ai(3)-Dnide Wildsear's End of Combat Step
Phase: Ai(3)-Dnide Wildsear's Main phase, postcombat
Phase: Ai(3)-Dnide Wildsear's End step
Phase: Ai(3)-Dnide Wildsear's Cleanup step
Turn: Turn 12 (Ai(4)-Inspirit EDHREC Average)
Phase: Ai(4)-Inspirit EDHREC Average's Untap step
Phase: Ai(4)-Inspirit EDHREC Average's Upkeep step
Phase: Ai(4)-Inspirit EDHREC Average's Draw step
Phase: Ai(4)-Inspirit EDHREC Average's Main phase, precombat
Phase: Ai(4)-Inspirit EDHREC Average's Beginning of Combat Step
Phase: Ai(4)-Inspirit EDHREC Average's Declare Attackers Step
Phase: Ai(4)-Inspirit EDHREC Average's Declare Blockers Step
Phase: Ai(4)-Inspirit EDHREC Average's First Strike Damage Step
Phase: Ai(4)-Inspirit EDHREC Average's Combat Damage Step
Phase: Ai(4)-Inspirit EDHREC Average's End of Combat Step
Phase: Ai(4)-Inspirit EDHREC Average's Main phase, postcombat
Replacement Effect: Temple of Epiphany enters tapped.
Land: Ai(4)-Inspirit EDHREC Average played Temple of Epiphany (345)
Add To Stack: Ai(4)-Inspirit EDHREC Average triggered Temple of Epiphany
Resolve Stack: Ai(4)-Inspirit EDHREC Average scried 1 card(s) to the top of the library
Resolve Stack: When Temple of Epiphany enters, scry 1. [Zone Changer: Temple of Epiphany (345)]
Phase: Ai(4)-Inspirit EDHREC Average's End step
Phase: Ai(4)-Inspirit EDHREC Average's Cleanup step
Turn: Turn 13 (Ai(1)-Kilo Helm B3)
Phase: Ai(1)-Kilo Helm B3's Untap step
Phase: Ai(1)-Kilo Helm B3's Upkeep step
Phase: Ai(1)-Kilo Helm B3's Draw step
Phase: Ai(1)-Kilo Helm B3's Main phase, precombat
Mana: Sulfur Falls (21) - {T}: Add {U} or {R}.
Mana: Glittering Massif (46) - {T}: Add {R}.
Mana: Uthros, Titanic Godcore (40) - {T}: Add {U}.
Add To Stack: Ai(1)-Kilo Helm B3 cast Chaos Warp targeting [Laelia, the Blade Reforged (290)]
Resolve Stack: Chaos Warp (33) - Shuffle Laelia, the Blade Reforged (290) into its owner's library. Ai(1)-Kilo Helm B3 reveals the top card of Ai(3)-Dnide Wildsear's library.
Phase: Ai(1)-Kilo Helm B3's Beginning of Combat Step
Phase: Ai(1)-Kilo Helm B3's Declare Attackers Step
Combat: Ai(1)-Kilo Helm B3 assigned Kilo, Apogee Mind (100) to attack Ai(3)-Dnide Wildsear.
Add To Stack: Ai(1)-Kilo Helm B3 triggered Kilo, Apogee Mind
Resolve Stack: Whenever Kilo becomes tapped, proliferate. (Choose any number of permanents and/or players, then give each another counter of each kind already there.) [Tapped: Kilo, Apogee Mind (100)]
Phase: Ai(1)-Kilo Helm B3's Declare Blockers Step
Combat: Ai(3)-Dnide Wildsear didn't block Kilo, Apogee Mind (100).
Phase: Ai(1)-Kilo Helm B3's First Strike Damage Step
Phase: Ai(1)-Kilo Helm B3's Combat Damage Step
Damage: Kilo, Apogee Mind (100) deals 3 combat damage to Ai(3)-Dnide Wildsear.
Life: Life: Ai(3)-Dnide Wildsear 37 > 34
Phase: Ai(1)-Kilo Helm B3's End of Combat Step
Phase: Ai(1)-Kilo Helm B3's Main phase, postcombat
Phase: Ai(1)-Kilo Helm B3's End step
Phase: Ai(1)-Kilo Helm B3's Cleanup step
Turn: Turn 14 (Ai(2)-Ur-Dragon B3)
Phase: Ai(2)-Ur-Dragon B3's Untap step
Phase: Ai(2)-Ur-Dragon B3's Upkeep step
Phase: Ai(2)-Ur-Dragon B3's Draw step
Phase: Ai(2)-Ur-Dragon B3's Main phase, precombat
Land: Ai(2)-Ur-Dragon B3 played Mountain (183)
Phase: Ai(2)-Ur-Dragon B3's Beginning of Combat Step
Phase: Ai(2)-Ur-Dragon B3's Declare Attackers Step
Phase: Ai(2)-Ur-Dragon B3's Declare Blockers Step
Phase: Ai(2)-Ur-Dragon B3's First Strike Damage Step
Phase: Ai(2)-Ur-Dragon B3's Combat Damage Step
Phase: Ai(2)-Ur-Dragon B3's End of Combat Step
Phase: Ai(2)-Ur-Dragon B3's Main phase, postcombat
Mana: Mountain (179) - {T}: Add {R}.
Mana: Mountain (183) - {T}: Add {R}.
Mana: Plains (142) - {T}: Add {W}.
Add To Stack: Ai(2)-Ur-Dragon B3 cast Dragonspeaker Shaman
Resolve Stack: Dragonspeaker Shaman - Creature 2 / 2
Phase: Ai(2)-Ur-Dragon B3's End step
Phase: Ai(2)-Ur-Dragon B3's Cleanup step
Turn: Turn 15 (Ai(3)-Dnide Wildsear)
Phase: Ai(3)-Dnide Wildsear's Untap step
Phase: Ai(3)-Dnide Wildsear's Upkeep step
Phase: Ai(3)-Dnide Wildsear's Draw step
Phase: Ai(3)-Dnide Wildsear's Main phase, precombat
Mana: Forest (259) - {T}: Add {G}.
Mana: Forest (254) - {T}: Add {G}.
Mana: Spire Garden (296) - {T}: Add {R} or {G}.
Add To Stack: Ai(3)-Dnide Wildsear cast Overgrowth targeting [Spire Garden (296)]
Resolve Stack: Overgrowth (242) -  Attach to Spire Garden (296)
Mana: Sanctum Weaver (264) - {T}: Add X mana of any one color, where X is the number of enchantments you control.
Add To Stack: Ai(3)-Dnide Wildsear cast Vandalblast targeting [Kilo, Apogee Mind (100)]
Zone Change: Kilo, Apogee Mind (100) was put into Graveyard from Battlefield.
Resolve Stack: Vandalblast (267) - Destroy Kilo, Apogee Mind (100).
Phase: Ai(3)-Dnide Wildsear's Beginning of Combat Step
Phase: Ai(3)-Dnide Wildsear's Declare Attackers Step
Phase: Ai(3)-Dnide Wildsear's Declare Blockers Step
Phase: Ai(3)-Dnide Wildsear's First Strike Damage Step
Phase: Ai(3)-Dnide Wildsear's Combat Damage Step
Phase: Ai(3)-Dnide Wildsear's End of Combat Step
Phase: Ai(3)-Dnide Wildsear's Main phase, postcombat
Phase: Ai(3)-Dnide Wildsear's End step
Phase: Ai(3)-Dnide Wildsear's Cleanup step
Turn: Turn 16 (Ai(4)-Inspirit EDHREC Average)
Phase: Ai(4)-Inspirit EDHREC Average's Untap step
Phase: Ai(4)-Inspirit EDHREC Average's Upkeep step
Phase: Ai(4)-Inspirit EDHREC Average's Draw step
Phase: Ai(4)-Inspirit EDHREC Average's Main phase, precombat
Land: Ai(4)-Inspirit EDHREC Average played Skycloud Expanse (385)
Phase: Ai(4)-Inspirit EDHREC Average's Beginning of Combat Step
Phase: Ai(4)-Inspirit EDHREC Average's Declare Attackers Step
Phase: Ai(4)-Inspirit EDHREC Average's Declare Blockers Step
Phase: Ai(4)-Inspirit EDHREC Average's First Strike Damage Step
Phase: Ai(4)-Inspirit EDHREC Average's Combat Damage Step
Phase: Ai(4)-Inspirit EDHREC Average's End of Combat Step
Phase: Ai(4)-Inspirit EDHREC Average's Main phase, postcombat
Phase: Ai(4)-Inspirit EDHREC Average's End step
Phase: Ai(4)-Inspirit EDHREC Average's Cleanup step
Turn: Turn 17 (Ai(1)-Kilo Helm B3)
Phase: Ai(1)-Kilo Helm B3's Untap step
Phase: Ai(1)-Kilo Helm B3's Upkeep step
Phase: Ai(1)-Kilo Helm B3's Draw step
Phase: Ai(1)-Kilo Helm B3's Main phase, precombat
Phase: Ai(1)-Kilo Helm B3's Beginning of Combat Step
Phase: Ai(1)-Kilo Helm B3's Declare Attackers Step
Phase: Ai(1)-Kilo Helm B3's Declare Blockers Step
Phase: Ai(1)-Kilo Helm B3's First Strike Damage Step
Phase: Ai(1)-Kilo Helm B3's Combat Damage Step
Phase: Ai(1)-Kilo Helm B3's End of Combat Step
Phase: Ai(1)-Kilo Helm B3's Main phase, postcombat
Mana: Sulfur Falls (21) - {T}: Add {U} or {R}.
Mana: Glittering Massif (46) - {T}: Add {R}.
Add To Stack: Ai(1)-Kilo Helm B3 cast Walking Ballista
Replacement Effect: Walking Ballista enters with X +1/+1 counters on it.
Resolve Stack: Walking Ballista - Creature 0 / 0 (X=1)
Add To Stack: Ai(1)-Kilo Helm B3 activated Uthros, Titanic Godcore
Resolve Stack: Uthros, Titanic Godcore (40) - Ai(1)-Kilo Helm B3 puts a charge counter on Uthros, Titanic Godcore (40).
Phase: Ai(1)-Kilo Helm B3's End step
Phase: Ai(1)-Kilo Helm B3's Cleanup step
Turn: Turn 18 (Ai(2)-Ur-Dragon B3)
Phase: Ai(2)-Ur-Dragon B3's Untap step
Phase: Ai(2)-Ur-Dragon B3's Upkeep step
Phase: Ai(2)-Ur-Dragon B3's Draw step
Phase: Ai(2)-Ur-Dragon B3's Main phase, precombat
Land: Ai(2)-Ur-Dragon B3 played Exotic Orchard (199)
Mana: Exotic Orchard (199) - {T}: Add one mana of any color that a land an opponent controls could produce.
Mana: Swamp (194) - {T}: Add {B}.
Mana: Plains (142) - {T}: Add {W}.
Add To Stack: Ai(2)-Ur-Dragon B3 cast Dragonlord Silumgar
Resolve Stack: Dragonlord Silumgar - Creature 3 / 5
Add To Stack: Ai(2)-Ur-Dragon B3 triggered Dragonlord Silumgar targeting [Sanctum Weaver (264)]
Resolve Stack: When Dragonlord Silumgar enters, gain control of target creature or planeswalker for as long as you control Dragonlord Silumgar. (Targeting: [[Sanctum Weaver (264)]]) [Zone Changer: Dragonlord Silumgar (173)]
Phase: Ai(2)-Ur-Dragon B3's Beginning of Combat Step
Phase: Ai(2)-Ur-Dragon B3's Declare Attackers Step
Combat: Ai(2)-Ur-Dragon B3 assigned Dragonspeaker Shaman (167) to attack Ai(1)-Kilo Helm B3.
Phase: Ai(2)-Ur-Dragon B3's Declare Blockers Step
Combat: Ai(1)-Kilo Helm B3 didn't block Dragonspeaker Shaman (167).
Phase: Ai(2)-Ur-Dragon B3's First Strike Damage Step
Phase: Ai(2)-Ur-Dragon B3's Combat Damage Step
Damage: Dragonspeaker Shaman (167) deals 2 combat damage to Ai(1)-Kilo Helm B3.
Life: Life: Ai(1)-Kilo Helm B3 37 > 35
Phase: Ai(2)-Ur-Dragon B3's End of Combat Step
Phase: Ai(2)-Ur-Dragon B3's Main phase, postcombat
Phase: Ai(2)-Ur-Dragon B3's End step
Phase: Ai(2)-Ur-Dragon B3's Cleanup step
Turn: Turn 19 (Ai(3)-Dnide Wildsear)
Phase: Ai(3)-Dnide Wildsear's Untap step
Phase: Ai(3)-Dnide Wildsear's Upkeep step
Phase: Ai(3)-Dnide Wildsear's Draw step
Phase: Ai(3)-Dnide Wildsear's Main phase, precombat
Replacement Effect: Cinder Glade enters tapped unless you control two or more basic lands.
Land: Ai(3)-Dnide Wildsear played Cinder Glade (211)
Phase: Ai(3)-Dnide Wildsear's Beginning of Combat Step
Phase: Ai(3)-Dnide Wildsear's Declare Attackers Step
Phase: Ai(3)-Dnide Wildsear's Declare Blockers Step
Phase: Ai(3)-Dnide Wildsear's First Strike Damage Step
Phase: Ai(3)-Dnide Wildsear's Combat Damage Step
Phase: Ai(3)-Dnide Wildsear's End of Combat Step
Phase: Ai(3)-Dnide Wildsear's Main phase, postcombat
Mana: Spire Garden (296) - {T}: Add {R} or {G}.
Mana: Forest (259) - {T}: Add {G}.
Mana: Forest (254) - {T}: Add {G}.
Add To Stack: Ai(3)-Dnide Wildsear cast Wildsear, Scouring Maw
Resolve Stack: Wildsear, Scouring Maw - Creature 6 / 6
Phase: Ai(3)-Dnide Wildsear's End step
Phase: Ai(3)-Dnide Wildsear's Cleanup step
Turn: Turn 20 (Ai(4)-Inspirit EDHREC Average)
Phase: Ai(4)-Inspirit EDHREC Average's Untap step
Phase: Ai(4)-Inspirit EDHREC Average's Upkeep step
Phase: Ai(4)-Inspirit EDHREC Average's Draw step
Phase: Ai(4)-Inspirit EDHREC Average's Main phase, precombat
Land: Ai(4)-Inspirit EDHREC Average played The Mycosynth Gardens (370)
Phase: Ai(4)-Inspirit EDHREC Average's Beginning of Combat Step
Phase: Ai(4)-Inspirit EDHREC Average's Declare Attackers Step
Phase: Ai(4)-Inspirit EDHREC Average's Declare Blockers Step
Phase: Ai(4)-Inspirit EDHREC Average's First Strike Damage Step
Phase: Ai(4)-Inspirit EDHREC Average's Combat Damage Step
Phase: Ai(4)-Inspirit EDHREC Average's End of Combat Step
Phase: Ai(4)-Inspirit EDHREC Average's Main phase, postcombat
Phase: Ai(4)-Inspirit EDHREC Average's End step
Phase: Ai(4)-Inspirit EDHREC Average's Cleanup step
Turn: Turn 21 (Ai(1)-Kilo Helm B3)
Phase: Ai(1)-Kilo Helm B3's Untap step
Phase: Ai(1)-Kilo Helm B3's Upkeep step
Phase: Ai(1)-Kilo Helm B3's Draw step
Phase: Ai(1)-Kilo Helm B3's Main phase, precombat
Phase: Ai(1)-Kilo Helm B3's Beginning of Combat Step
Phase: Ai(1)-Kilo Helm B3's Declare Attackers Step
Phase: Ai(1)-Kilo Helm B3's Declare Blockers Step
Phase: Ai(1)-Kilo Helm B3's First Strike Damage Step
Phase: Ai(1)-Kilo Helm B3's Combat Damage Step
Phase: Ai(1)-Kilo Helm B3's End of Combat Step
Phase: Ai(1)-Kilo Helm B3's Main phase, postcombat
Add To Stack: Ai(1)-Kilo Helm B3 activated Uthros, Titanic Godcore
Resolve Stack: Uthros, Titanic Godcore (40) - Ai(1)-Kilo Helm B3 puts a charge counter on Uthros, Titanic Godcore (40).
Mana: Sulfur Falls (21) - {T}: Add {U} or {R}.
Mana: Glittering Massif (46) - {T}: Add {R}.
Add To Stack: Ai(1)-Kilo Helm B3 cast Etherium Sculptor
Resolve Stack: Etherium Sculptor - Creature 1 / 2
Add To Stack: Ai(1)-Kilo Helm B3 activated Uthros, Titanic Godcore
Resolve Stack: Uthros, Titanic Godcore (40) - Ai(1)-Kilo Helm B3 puts a charge counter on Uthros, Titanic Godcore (40).
Phase: Ai(1)-Kilo Helm B3's End step
Phase: Ai(1)-Kilo Helm B3's Cleanup step
Turn: Turn 22 (Ai(2)-Ur-Dragon B3)
Phase: Ai(2)-Ur-Dragon B3's Untap step
Phase: Ai(2)-Ur-Dragon B3's Upkeep step
Phase: Ai(2)-Ur-Dragon B3's Draw step
Phase: Ai(2)-Ur-Dragon B3's Main phase, precombat
Mana: Mountain (179) - {T}: Add {R}.
Mana: Plains (142) - {T}: Add {W}.
Mana: Swamp (194) - {T}: Add {B}.
Mana: Exotic Orchard (199) - {T}: Add one mana of any color that a land an opponent controls could produce.
Add To Stack: Ai(2)-Ur-Dragon B3 cast Crucible of Fire
Resolve Stack: Crucible of Fire
Phase: Ai(2)-Ur-Dragon B3's Beginning of Combat Step
Phase: Ai(2)-Ur-Dragon B3's Declare Attackers Step
Combat: Ai(2)-Ur-Dragon B3 assigned Dragonlord Silumgar (173) to attack Ai(3)-Dnide Wildsear.
Phase: Ai(2)-Ur-Dragon B3's Declare Blockers Step
Combat: Ai(3)-Dnide Wildsear didn't block Dragonlord Silumgar (173).
Phase: Ai(2)-Ur-Dragon B3's First Strike Damage Step
Phase: Ai(2)-Ur-Dragon B3's Combat Damage Step
Damage: Dragonlord Silumgar (173) deals 6 combat damage to Ai(3)-Dnide Wildsear.
Life: Life: Ai(3)-Dnide Wildsear 34 > 28
Phase: Ai(2)-Ur-Dragon B3's End of Combat Step
Phase: Ai(2)-Ur-Dragon B3's Main phase, postcombat
Replacement Effect: Sandsteppe Citadel enters tapped.
Land: Ai(2)-Ur-Dragon B3 played Sandsteppe Citadel (112)
Mana: Mountain (183) - {T}: Add {R}.
Mana: Sanctum Weaver (264) - {T}: Add X mana of any one color, where X is the number of enchantments you control.
Add To Stack: Ai(2)-Ur-Dragon B3 cast Urza's Incubator
Replacement Effect: As Urza's Incubator enters, choose a creature type.
Resolve Stack: Urza's Incubator
Phase: Ai(2)-Ur-Dragon B3's End step
Phase: Ai(2)-Ur-Dragon B3's Cleanup step
Turn: Turn 23 (Ai(3)-Dnide Wildsear)
Phase: Ai(3)-Dnide Wildsear's Untap step
Phase: Ai(3)-Dnide Wildsear's Upkeep step
Phase: Ai(3)-Dnide Wildsear's Draw step
Phase: Ai(3)-Dnide Wildsear's Main phase, precombat
Land: Ai(3)-Dnide Wildsear played Forest (250)
Phase: Ai(3)-Dnide Wildsear's Beginning of Combat Step
Phase: Ai(3)-Dnide Wildsear's Declare Attackers Step
Combat: Ai(3)-Dnide Wildsear assigned Wildsear, Scouring Maw (302) to attack Ai(2)-Ur-Dragon B3.
Phase: Ai(3)-Dnide Wildsear's Declare Blockers Step
Combat: Ai(2)-Ur-Dragon B3 didn't block Wildsear, Scouring Maw (302).
Phase: Ai(3)-Dnide Wildsear's First Strike Damage Step
Phase: Ai(3)-Dnide Wildsear's Combat Damage Step
Damage: Wildsear, Scouring Maw (302) deals 6 combat damage to Ai(2)-Ur-Dragon B3.
Life: Life: Ai(2)-Ur-Dragon B3 41 > 35
Phase: Ai(3)-Dnide Wildsear's End of Combat Step
Phase: Ai(3)-Dnide Wildsear's Main phase, postcombat
Mana: Spire Garden (296) - {T}: Add {R} or {G}.
Mana: Cinder Glade (211) - {T}: Add {R}.
Mana: Forest (259) - {T}: Add {G}.
Mana: Forest (254) - {T}: Add {G}.
Mana: Forest (250) - {T}: Add {G}.
Add To Stack: Ai(3)-Dnide Wildsear cast Flaming Tyrannosaurus
Resolve Stack: Flaming Tyrannosaurus - Creature 5 / 5
Phase: Ai(3)-Dnide Wildsear's End step
Phase: Ai(3)-Dnide Wildsear's Cleanup step
Turn: Turn 24 (Ai(4)-Inspirit EDHREC Average)
Phase: Ai(4)-Inspirit EDHREC Average's Untap step
Phase: Ai(4)-Inspirit EDHREC Average's Upkeep step
Phase: Ai(4)-Inspirit EDHREC Average's Draw step
Phase: Ai(4)-Inspirit EDHREC Average's Main phase, precombat
Replacement Effect: This land enters tapped unless you control two or more basic lands.
Land: Ai(4)-Inspirit EDHREC Average played Radiant Summit (325)
Phase: Ai(4)-Inspirit EDHREC Average's Beginning of Combat Step
Phase: Ai(4)-Inspirit EDHREC Average's Declare Attackers Step
Phase: Ai(4)-Inspirit EDHREC Average's Declare Blockers Step
Phase: Ai(4)-Inspirit EDHREC Average's First Strike Damage Step
Phase: Ai(4)-Inspirit EDHREC Average's Combat Damage Step
Phase: Ai(4)-Inspirit EDHREC Average's End of Combat Step
Phase: Ai(4)-Inspirit EDHREC Average's Main phase, postcombat
Phase: Ai(4)-Inspirit EDHREC Average's End step
Phase: Ai(4)-Inspirit EDHREC Average's Cleanup step
Turn: Turn 25 (Ai(1)-Kilo Helm B3)
Phase: Ai(1)-Kilo Helm B3's Untap step
Phase: Ai(1)-Kilo Helm B3's Upkeep step
Phase: Ai(1)-Kilo Helm B3's Draw step
Mana: Sulfur Falls (21) - {T}: Add {U} or {R}.
Mana: Glittering Massif (46) - {T}: Add {R}.
Add To Stack: Ai(1)-Kilo Helm B3 cast Ripples of Potential
Resolve Stack: Ripples of Potential (41) - Proliferate. (Choose any number of permanents and/or players, then give each another counter of each kind already there.)  phase out. 
Phase: Ai(1)-Kilo Helm B3's Main phase, precombat
Phase: Ai(1)-Kilo Helm B3's Beginning of Combat Step
Phase: Ai(1)-Kilo Helm B3's Declare Attackers Step
Phase: Ai(1)-Kilo Helm B3's Declare Blockers Step
Phase: Ai(1)-Kilo Helm B3's First Strike Damage Step
Phase: Ai(1)-Kilo Helm B3's Combat Damage Step
Phase: Ai(1)-Kilo Helm B3's End of Combat Step
Phase: Ai(1)-Kilo Helm B3's Main phase, postcombat
Phase: Ai(1)-Kilo Helm B3's End step
Phase: Ai(1)-Kilo Helm B3's Cleanup step
Turn: Turn 26 (Ai(2)-Ur-Dragon B3)
Phase: Ai(2)-Ur-Dragon B3's Untap step
Phase: Ai(2)-Ur-Dragon B3's Upkeep step
Phase: Ai(2)-Ur-Dragon B3's Draw step
Phase: Ai(2)-Ur-Dragon B3's Main phase, precombat
Mana: Mountain (179) - {T}: Add {R}.
Mana: Mountain (183) - {T}: Add {R}.
Add To Stack: Ai(2)-Ur-Dragon B3 cast Stormbreath Dragon
Resolve Stack: Stormbreath Dragon - Creature 4 / 4
Phase: Ai(2)-Ur-Dragon B3's Beginning of Combat Step
Phase: Ai(2)-Ur-Dragon B3's Declare Attackers Step
Combat: Ai(2)-Ur-Dragon B3 assigned Stormbreath Dragon (189) and Dragonlord Silumgar (173) to attack Ai(3)-Dnide Wildsear.
Phase: Ai(2)-Ur-Dragon B3's Declare Blockers Step
Combat: Ai(3)-Dnide Wildsear didn't block Stormbreath Dragon (189).
Ai(3)-Dnide Wildsear didn't block Dragonlord Silumgar (173).
Phase: Ai(2)-Ur-Dragon B3's First Strike Damage Step
Phase: Ai(2)-Ur-Dragon B3's Combat Damage Step
Damage: Stormbreath Dragon (189) deals 7 combat damage to Ai(3)-Dnide Wildsear.
Damage: Dragonlord Silumgar (173) deals 6 combat damage to Ai(3)-Dnide Wildsear.
Life: Life: Ai(3)-Dnide Wildsear 28 > 15
Phase: Ai(2)-Ur-Dragon B3's End of Combat Step
Phase: Ai(2)-Ur-Dragon B3's Main phase, postcombat
Mana: Exotic Orchard (199) - {T}: Add one mana of any color that a land an opponent controls could produce.
Mana: Sanctum Weaver (264) - {T}: Add X mana of any one color, where X is the number of enchantments you control.
Mana: Sandsteppe Citadel (112) - {T}: Add {W}, {B}, or {G}.
Mana: Plains (142) - {T}: Add {W}.
Mana: Swamp (194) - {T}: Add {B}.
Add To Stack: Ai(2)-Ur-Dragon B3 cast The Ur-Dragon
Resolve Stack: The Ur-Dragon - Creature 10 / 10
Phase: Ai(2)-Ur-Dragon B3's End step
Phase: Ai(2)-Ur-Dragon B3's Cleanup step
Turn: Turn 27 (Ai(3)-Dnide Wildsear)
Phase: Ai(3)-Dnide Wildsear's Untap step
Phase: Ai(3)-Dnide Wildsear's Upkeep step
Phase: Ai(3)-Dnide Wildsear's Draw step
Phase: Ai(3)-Dnide Wildsear's Main phase, precombat
Land: Ai(3)-Dnide Wildsear played Wooded Foothills (241)
Life: Life: Ai(3)-Dnide Wildsear 15 > 14
Zone Change: Wooded Foothills (241) was put into Graveyard from Battlefield.
Add To Stack: Ai(3)-Dnide Wildsear activated Wooded Foothills
Replacement Effect: As Stomping Ground enters, you may pay 2 life. If you don't, it enters tapped.
Resolve Stack: Wooded Foothills (241) - Ai(3)-Dnide Wildsear searches their library for a Mountain or Forest card, puts it onto the battlefield, then shuffles.
Phase: Ai(3)-Dnide Wildsear's Beginning of Combat Step
Phase: Ai(3)-Dnide Wildsear's Declare Attackers Step
Phase: Ai(3)-Dnide Wildsear's Declare Blockers Step
Phase: Ai(3)-Dnide Wildsear's First Strike Damage Step
Phase: Ai(3)-Dnide Wildsear's Combat Damage Step
Phase: Ai(3)-Dnide Wildsear's End of Combat Step
Phase: Ai(3)-Dnide Wildsear's Main phase, postcombat
Mana: Forest (259) - {T}: Add {G}.
Mana: Forest (254) - {T}: Add {G}.
Mana: Forest (250) - {T}: Add {G}.
Add To Stack: Ai(3)-Dnide Wildsear cast Dryad of the Ilysian Grove
Add To Stack: Ai(3)-Dnide Wildsear triggered Dryad of the Ilysian Grove
Add To Stack: Ai(3)-Dnide Wildsear cast Heroic Intervention
Resolve Stack: Cascade - Dryad of the Ilysian Grove [Card: Dryad of the Ilysian Grove (209), Activator: Ai(3)-Dnide Wildsear, SpellAbility: Dryad of the Ilysian Grove - Creature 2 / 4]
Add To Stack: Ai(3)-Dnide Wildsear triggered Flaming Tyrannosaurus targeting [Etherium Sculptor (61)]
Damage: Flaming Tyrannosaurus (224) deals 3 damage to Etherium Sculptor (61).
Resolve Stack: Paradox — Whenever you cast a spell from anywhere other than your hand, Flaming Tyrannosaurus deals 3 damage to any target. Then put a +1/+1 counter on Flaming Tyrannosaurus. (Targeting: [[Etherium Sculptor (61)]]) [Card: Heroic Intervention (291), Activator: Ai(3)-Dnide Wildsear, SpellAbility: Permanents you control gain hexproof and indestructible until end of turn. (without paying its mana cost)]
Zone Change: Etherium Sculptor (61) was put into Graveyard from Battlefield.
Resolve Stack: Heroic Intervention (291) - Permanents you control gain hexproof and indestructible until end of turn.
Resolve Stack: Dryad of the Ilysian Grove - Creature 2 / 4
Phase: Ai(3)-Dnide Wildsear's End step
Phase: Ai(3)-Dnide Wildsear's Cleanup step
Turn: Turn 28 (Ai(4)-Inspirit EDHREC Average)
Phase: Ai(4)-Inspirit EDHREC Average's Untap step
Phase: Ai(4)-Inspirit EDHREC Average's Upkeep step
Phase: Ai(4)-Inspirit EDHREC Average's Draw step
Phase: Ai(4)-Inspirit EDHREC Average's Main phase, precombat
Mana: Temple of Epiphany (345) - {T}: Add {U} or {R}.
Mana: Plains (362) - {T}: Add {W}.
Mana: Radiant Summit (325) - {T}: Add {R}.
Add To Stack: Ai(4)-Inspirit EDHREC Average cast Kilo, Apogee Mind
Resolve Stack: Kilo, Apogee Mind - Creature 3 / 3
Phase: Ai(4)-Inspirit EDHREC Average's Beginning of Combat Step
Phase: Ai(4)-Inspirit EDHREC Average's Declare Attackers Step
Phase: Ai(4)-Inspirit EDHREC Average's Declare Blockers Step
Phase: Ai(4)-Inspirit EDHREC Average's First Strike Damage Step
Phase: Ai(4)-Inspirit EDHREC Average's Combat Damage Step
Phase: Ai(4)-Inspirit EDHREC Average's End of Combat Step
Phase: Ai(4)-Inspirit EDHREC Average's Main phase, postcombat
Phase: Ai(4)-Inspirit EDHREC Average's End step
Phase: Ai(4)-Inspirit EDHREC Average's Cleanup step
Turn: Turn 29 (Ai(1)-Kilo Helm B3)
Phase: Ai(1)-Kilo Helm B3's Untap step
Phase: Ai(1)-Kilo Helm B3's Upkeep step
Phase: Ai(1)-Kilo Helm B3's Draw step
Phase: Ai(1)-Kilo Helm B3's Main phase, precombat
Phase: Ai(1)-Kilo Helm B3's Beginning of Combat Step
Phase: Ai(1)-Kilo Helm B3's Declare Attackers Step
Phase: Ai(1)-Kilo Helm B3's Declare Blockers Step
Phase: Ai(1)-Kilo Helm B3's First Strike Damage Step
Phase: Ai(1)-Kilo Helm B3's Combat Damage Step
Phase: Ai(1)-Kilo Helm B3's End of Combat Step
Phase: Ai(1)-Kilo Helm B3's Main phase, postcombat
Mana: Sulfur Falls (21) - {T}: Add {U} or {R}.
Mana: Glittering Massif (46) - {T}: Add {R}.
Mana: Uthros, Titanic Godcore (40) - {T}: Add {U}.
Add To Stack: Ai(1)-Kilo Helm B3 cast Chrome Host Seedshark
Resolve Stack: Chrome Host Seedshark - Creature 2 / 4
Phase: Ai(1)-Kilo Helm B3's End step
Phase: Ai(1)-Kilo Helm B3's Cleanup step
Turn: Turn 30 (Ai(2)-Ur-Dragon B3)
Phase: Ai(2)-Ur-Dragon B3's Untap step
Phase: Ai(2)-Ur-Dragon B3's Upkeep step
Phase: Ai(2)-Ur-Dragon B3's Draw step
Phase: Ai(2)-Ur-Dragon B3's Main phase, precombat
Phase: Ai(2)-Ur-Dragon B3's Beginning of Combat Step
Phase: Ai(2)-Ur-Dragon B3's Declare Attackers Step
Combat: Ai(2)-Ur-Dragon B3 assigned The Ur-Dragon (201), Stormbreath Dragon (189), Dragonlord Silumgar (173) and Dragonspeaker Shaman (167) to attack Ai(3)-Dnide Wildsear.
Add To Stack: Ai(2)-Ur-Dragon B3 triggered The Ur-Dragon
Resolve Stack: Whenever one or more Dragons you control attack, draw that many cards, then you may put a permanent card from your hand onto the battlefield. [Number Attackers: [The Ur-Dragon (201), Stormbreath Dragon (189), Dragonlord Silumgar (173)]]
Phase: Ai(2)-Ur-Dragon B3's Declare Blockers Step
Combat: Ai(3)-Dnide Wildsear didn't block The Ur-Dragon (201).
Ai(3)-Dnide Wildsear didn't block Stormbreath Dragon (189).
Ai(3)-Dnide Wildsear didn't block Dragonlord Silumgar (173).
Ai(3)-Dnide Wildsear assigned Dryad of the Ilysian Grove (209) to block Dragonspeaker Shaman (167).
Phase: Ai(2)-Ur-Dragon B3's First Strike Damage Step
Phase: Ai(2)-Ur-Dragon B3's Combat Damage Step
Damage: The Ur-Dragon (201) deals 13 combat damage to Ai(3)-Dnide Wildsear.
Damage: Stormbreath Dragon (189) deals 7 combat damage to Ai(3)-Dnide Wildsear.
Damage: Dragonlord Silumgar (173) deals 6 combat damage to Ai(3)-Dnide Wildsear.
Damage: Dragonspeaker Shaman (167) deals 2 damage to Dryad of the Ilysian Grove (209).
Damage: Dryad of the Ilysian Grove (209) deals 2 damage to Dragonspeaker Shaman (167).
Life: Life: Ai(3)-Dnide Wildsear 14 > -12
Zone Change: Dragonspeaker Shaman (167) was put into Graveyard from Battlefield.
Phase: Ai(2)-Ur-Dragon B3's End of Combat Step
Phase: Ai(2)-Ur-Dragon B3's Main phase, postcombat
Land: Ai(2)-Ur-Dragon B3 played Plains (143)
Mana: Swamp (194) - {T}: Add {B}.
Mana: Exotic Orchard (199) - {T}: Add one mana of any color that a land an opponent controls could produce.
Mana: Plains (142) - {T}: Add {W}.
Add To Stack: Ai(2)-Ur-Dragon B3 cast Kokusho, the Evening Star
Resolve Stack: Kokusho, the Evening Star - Creature 5 / 5
Mana: Mountain (179) - {T}: Add {R}.
Mana: Mountain (183) - {T}: Add {R}.
Mana: Plains (143) - {T}: Add {W}.
Add To Stack: Ai(2)-Ur-Dragon B3 cast Dragon's Hoard
Resolve Stack: Dragon's Hoard
Phase: Ai(2)-Ur-Dragon B3's End step
Phase: Ai(2)-Ur-Dragon B3's Cleanup step
Turn: Turn 31 (Ai(4)-Inspirit EDHREC Average)
Phase: Ai(4)-Inspirit EDHREC Average's Untap step
Phase: Ai(4)-Inspirit EDHREC Average's Upkeep step
Phase: Ai(4)-Inspirit EDHREC Average's Draw step
Phase: Ai(4)-Inspirit EDHREC Average's Main phase, precombat
Phase: Ai(4)-Inspirit EDHREC Average's Beginning of Combat Step
Phase: Ai(4)-Inspirit EDHREC Average's Declare Attackers Step
Phase: Ai(4)-Inspirit EDHREC Average's Declare Blockers Step
Phase: Ai(4)-Inspirit EDHREC Average's First Strike Damage Step
Phase: Ai(4)-Inspirit EDHREC Average's Combat Damage Step
Phase: Ai(4)-Inspirit EDHREC Average's End of Combat Step
Phase: Ai(4)-Inspirit EDHREC Average's Main phase, postcombat
Mana: Plains (362) - {T}: Add {W}.
Mana: Temple of Epiphany (345) - {T}: Add {U} or {R}.
Mana: Radiant Summit (325) - {T}: Add {R}.
Add To Stack: Ai(4)-Inspirit EDHREC Average cast Foundry Inspector
Resolve Stack: Foundry Inspector - Creature 3 / 2
Phase: Ai(4)-Inspirit EDHREC Average's End step
Phase: Ai(4)-Inspirit EDHREC Average's Cleanup step
Turn: Turn 32 (Ai(1)-Kilo Helm B3)
Phase: Ai(1)-Kilo Helm B3's Untap step
Phase: Ai(1)-Kilo Helm B3's Upkeep step
Phase: Ai(1)-Kilo Helm B3's Draw step
Phase: Ai(1)-Kilo Helm B3's Main phase, precombat
Phase: Ai(1)-Kilo Helm B3's Beginning of Combat Step
Phase: Ai(1)-Kilo Helm B3's Declare Attackers Step
Phase: Ai(1)-Kilo Helm B3's Declare Blockers Step
Phase: Ai(1)-Kilo Helm B3's First Strike Damage Step
Phase: Ai(1)-Kilo Helm B3's Combat Damage Step
Phase: Ai(1)-Kilo Helm B3's End of Combat Step
Phase: Ai(1)-Kilo Helm B3's Main phase, postcombat
Mana: Glittering Massif (46) - {T}: Add {W}.
Mana: Sulfur Falls (21) - {T}: Add {U} or {R}.
Mana: Uthros, Titanic Godcore (40) - {T}: Add {U}.
Add To Stack: Ai(1)-Kilo Helm B3 cast Inspirit, Flagship Vessel
Add To Stack: Ai(1)-Kilo Helm B3 triggered Chrome Host Seedshark
Resolve Stack: Whenever you cast a noncreature spell, incubate X, where X is that spell's mana value. (Create an Incubator token with X +1/+1 counters on it and "{2}: Transform this artifact." It transforms into a 0/0 Phyrexian artifact creature.) [Card: Inspirit, Flagship Vessel (67), Activator: Ai(1)-Kilo Helm B3, SpellAbility: Inspirit, Flagship Vessel]
Resolve Stack: Inspirit, Flagship Vessel
Phase: Ai(1)-Kilo Helm B3's End step
Phase: Ai(1)-Kilo Helm B3's Cleanup step
Turn: Turn 33 (Ai(2)-Ur-Dragon B3)
Phase: Ai(2)-Ur-Dragon B3's Untap step
Phase: Ai(2)-Ur-Dragon B3's Upkeep step
Phase: Ai(2)-Ur-Dragon B3's Draw step
Phase: Ai(2)-Ur-Dragon B3's Main phase, precombat
Phase: Ai(2)-Ur-Dragon B3's Beginning of Combat Step
Phase: Ai(2)-Ur-Dragon B3's Declare Attackers Step
Combat: Ai(2)-Ur-Dragon B3 assigned Utvara Hellkite (139), The Ur-Dragon (201), Kokusho, the Evening Star (123), Stormbreath Dragon (189) and Dragonlord Silumgar (173) to attack Ai(1)-Kilo Helm B3.
Add To Stack: Ai(2)-Ur-Dragon B3 triggered The Ur-Dragon
Add To Stack: Ai(2)-Ur-Dragon B3 triggered Utvara Hellkite
Add To Stack: Ai(2)-Ur-Dragon B3 triggered Utvara Hellkite
Add To Stack: Ai(2)-Ur-Dragon B3 triggered Utvara Hellkite
Add To Stack: Ai(2)-Ur-Dragon B3 triggered Utvara Hellkite
Add To Stack: Ai(2)-Ur-Dragon B3 triggered Utvara Hellkite
Resolve Stack: Whenever a Dragon you control attacks, create a 6/6 red Dragon creature token with flying. [Attacker: Dragonlord Silumgar (173)]
Add To Stack: Ai(2)-Ur-Dragon B3 triggered Dragon's Hoard
Resolve Stack: Whenever a Dragon you control enters, put a gold counter on Dragon's Hoard. [Zone Changer: Dragon Token (414)]
Resolve Stack: Whenever a Dragon you control attacks, create a 6/6 red Dragon creature token with flying. [Attacker: Stormbreath Dragon (189)]
Add To Stack: Ai(2)-Ur-Dragon B3 triggered Dragon's Hoard
Resolve Stack: Whenever a Dragon you control enters, put a gold counter on Dragon's Hoard. [Zone Changer: Dragon Token (416)]
Resolve Stack: Whenever a Dragon you control attacks, create a 6/6 red Dragon creature token with flying. [Attacker: Kokusho, the Evening Star (123)]
Add To Stack: Ai(2)-Ur-Dragon B3 triggered Dragon's Hoard
Resolve Stack: Whenever a Dragon you control enters, put a gold counter on Dragon's Hoard. [Zone Changer: Dragon Token (418)]
Resolve Stack: Whenever a Dragon you control attacks, create a 6/6 red Dragon creature token with flying. [Attacker: The Ur-Dragon (201)]
Add To Stack: Ai(2)-Ur-Dragon B3 triggered Dragon's Hoard
Resolve Stack: Whenever a Dragon you control enters, put a gold counter on Dragon's Hoard. [Zone Changer: Dragon Token (420)]
Resolve Stack: Whenever a Dragon you control attacks, create a 6/6 red Dragon creature token with flying. [Attacker: Utvara Hellkite (139)]
Add To Stack: Ai(2)-Ur-Dragon B3 triggered Dragon's Hoard
Resolve Stack: Whenever a Dragon you control enters, put a gold counter on Dragon's Hoard. [Zone Changer: Dragon Token (422)]
Resolve Stack: Whenever one or more Dragons you control attack, draw that many cards, then you may put a permanent card from your hand onto the battlefield. [Number Attackers: [Utvara Hellkite (139), The Ur-Dragon (201), Kokusho, the Evening Star (123), Stormbreath Dragon (189), Dragonlord Silumgar (173)]]
Add To Stack: Ai(2)-Ur-Dragon B3 triggered Dragon's Hoard
Resolve Stack: Whenever a Dragon you control enters, put a gold counter on Dragon's Hoard. [Zone Changer: Lathliss, Dragon Queen (134)]
Phase: Ai(2)-Ur-Dragon B3's Declare Blockers Step
Combat: Ai(1)-Kilo Helm B3 didn't block Utvara Hellkite (139).
Ai(1)-Kilo Helm B3 assigned Chrome Host Seedshark (79) to block The Ur-Dragon (201).
Ai(1)-Kilo Helm B3 didn't block Kokusho, the Evening Star (123).
Ai(1)-Kilo Helm B3 didn't block Stormbreath Dragon (189).
Ai(1)-Kilo Helm B3 didn't block Dragonlord Silumgar (173).
Phase: Ai(2)-Ur-Dragon B3's First Strike Damage Step
Phase: Ai(2)-Ur-Dragon B3's Combat Damage Step
Damage: Utvara Hellkite (139) deals 9 combat damage to Ai(1)-Kilo Helm B3.
Damage: The Ur-Dragon (201) deals 13 damage to Chrome Host Seedshark (79).
Damage: Kokusho, the Evening Star (123) deals 8 combat damage to Ai(1)-Kilo Helm B3.
Damage: Stormbreath Dragon (189) deals 7 combat damage to Ai(1)-Kilo Helm B3.
Damage: Dragonlord Silumgar (173) deals 6 combat damage to Ai(1)-Kilo Helm B3.
Damage: Chrome Host Seedshark (79) deals 2 damage to The Ur-Dragon (201).
Life: Life: Ai(1)-Kilo Helm B3 35 > 5
Zone Change: Chrome Host Seedshark (79) was put into Graveyard from Battlefield.
Phase: Ai(2)-Ur-Dragon B3's End of Combat Step
Phase: Ai(2)-Ur-Dragon B3's Main phase, postcombat
Land: Ai(2)-Ur-Dragon B3 played Forest (148)
Add To Stack: Ai(2)-Ur-Dragon B3 activated Dragon's Hoard
Resolve Stack: Dragon's Hoard (107) - Ai(2)-Ur-Dragon B3 draws a card.
Mana: Mountain (179) - {T}: Add {R}.
Mana: Mountain (183) - {T}: Add {R}.
Mana: Plains (142) - {T}: Add {W}.
Add To Stack: Ai(2)-Ur-Dragon B3 cast Hellkite Charger
Resolve Stack: Hellkite Charger - Creature 5 / 5
Add To Stack: Ai(2)-Ur-Dragon B3 triggered Dragon's Hoard
Add To Stack: Ai(2)-Ur-Dragon B3 triggered Lathliss, Dragon Queen
Resolve Stack: Whenever another nontoken Dragon you control enters, create a 5/5 red Dragon creature token with flying. [Zone Changer: Hellkite Charger (187)]
Add To Stack: Ai(2)-Ur-Dragon B3 triggered Dragon's Hoard
Resolve Stack: Whenever a Dragon you control enters, put a gold counter on Dragon's Hoard. [Zone Changer: Dragon Token (425)]
Resolve Stack: Whenever a Dragon you control enters, put a gold counter on Dragon's Hoard. [Zone Changer: Hellkite Charger (187)]
Phase: Ai(2)-Ur-Dragon B3's End step
Phase: Ai(2)-Ur-Dragon B3's Cleanup step
Turn: Turn 34 (Ai(4)-Inspirit EDHREC Average)
Phase: Ai(4)-Inspirit EDHREC Average's Untap step
Phase: Ai(4)-Inspirit EDHREC Average's Upkeep step
Phase: Ai(4)-Inspirit EDHREC Average's Draw step
Phase: Ai(4)-Inspirit EDHREC Average's Main phase, precombat
Land: Ai(4)-Inspirit EDHREC Average played Cascade Bluffs (329)
Phase: Ai(4)-Inspirit EDHREC Average's Beginning of Combat Step
Phase: Ai(4)-Inspirit EDHREC Average's Declare Attackers Step
Phase: Ai(4)-Inspirit EDHREC Average's Declare Blockers Step
Phase: Ai(4)-Inspirit EDHREC Average's First Strike Damage Step
Phase: Ai(4)-Inspirit EDHREC Average's Combat Damage Step
Phase: Ai(4)-Inspirit EDHREC Average's End of Combat Step
Phase: Ai(4)-Inspirit EDHREC Average's Main phase, postcombat
Mana: Temple of Epiphany (345) - {T}: Add {U} or {R}.
Add To Stack: Ai(4)-Inspirit EDHREC Average cast Emry, Lurker of the Loch
Resolve Stack: Emry, Lurker of the Loch - Creature 1 / 2
Add To Stack: Ai(4)-Inspirit EDHREC Average triggered Emry, Lurker of the Loch
Zone Change: Ai(4)-Inspirit EDHREC Average milled All Will Be One (394), Hangarback Walker (374), The Eternity Elevator (310) and Command Tower (308).
Resolve Stack: When Emry, Lurker of the Loch enters, mill four cards. [Zone Changer: Emry, Lurker of the Loch (355)]
Mana: Plains (362) - {T}: Add {W}.
Mana: Radiant Summit (325) - {T}: Add {W}.
Add To Stack: Ai(4)-Inspirit EDHREC Average cast The Seriema
Resolve Stack: The Seriema
Add To Stack: Ai(4)-Inspirit EDHREC Average triggered The Seriema
Resolve Stack: When The Seriema enters, search your library for a legendary creature card, reveal it, put it into your hand, then shuffle. [Zone Changer: The Seriema (359)]
Add To Stack: Ai(4)-Inspirit EDHREC Average activated The Seriema
Resolve Stack: The Seriema (359) - Ai(4)-Inspirit EDHREC Average puts a charge counter on The Seriema (359).
Add To Stack: Ai(4)-Inspirit EDHREC Average activated The Seriema
Add To Stack: Ai(4)-Inspirit EDHREC Average triggered Kilo, Apogee Mind
Resolve Stack: Whenever Kilo becomes tapped, proliferate. (Choose any number of permanents and/or players, then give each another counter of each kind already there.) [Tapped: Kilo, Apogee Mind (350)]
Resolve Stack: The Seriema (359) - Ai(4)-Inspirit EDHREC Average puts three charge counters on The Seriema (359).
Add To Stack: Ai(4)-Inspirit EDHREC Average activated The Seriema
Resolve Stack: The Seriema (359) - Ai(4)-Inspirit EDHREC Average puts three charge counters on The Seriema (359).
Phase: Ai(4)-Inspirit EDHREC Average's End step
Phase: Ai(4)-Inspirit EDHREC Average's Cleanup step
Turn: Turn 35 (Ai(1)-Kilo Helm B3)
Phase: Ai(1)-Kilo Helm B3's Untap step
Phase: Ai(1)-Kilo Helm B3's Upkeep step
Mana: Sulfur Falls (21) - {T}: Add {U} or {R}.
Mana: Glittering Massif (46) - {T}: Add {R}.
Add To Stack: Ai(1)-Kilo Helm B3 activated Incubator Token
Resolve Stack: Phyrexian Token (407) - Transform Phyrexian Token (407).
Phase: Ai(1)-Kilo Helm B3's Draw step
Phase: Ai(1)-Kilo Helm B3's Main phase, precombat
Phase: Ai(1)-Kilo Helm B3's Beginning of Combat Step
Phase: Ai(1)-Kilo Helm B3's Declare Attackers Step
Phase: Ai(1)-Kilo Helm B3's Declare Blockers Step
Phase: Ai(1)-Kilo Helm B3's First Strike Damage Step
Phase: Ai(1)-Kilo Helm B3's Combat Damage Step
Phase: Ai(1)-Kilo Helm B3's End of Combat Step
Phase: Ai(1)-Kilo Helm B3's Main phase, postcombat
Phase: Ai(1)-Kilo Helm B3's End step
Phase: Ai(1)-Kilo Helm B3's Cleanup step
Turn: Turn 36 (Ai(2)-Ur-Dragon B3)
Phase: Ai(2)-Ur-Dragon B3's Untap step
Phase: Ai(2)-Ur-Dragon B3's Upkeep step
Phase: Ai(2)-Ur-Dragon B3's Draw step
Phase: Ai(2)-Ur-Dragon B3's Main phase, precombat
Land: Ai(2)-Ur-Dragon B3 played Forest (151)
Phase: Ai(2)-Ur-Dragon B3's Beginning of Combat Step
Phase: Ai(2)-Ur-Dragon B3's Declare Attackers Step
Combat: Ai(2)-Ur-Dragon B3 assigned The Ur-Dragon (201), Utvara Hellkite (139), Dragon Token (414), Dragon Token (416), Dragon Token (418), Dragon Token (420), Dragon Token (422), Lathliss, Dragon Queen (134), Kokusho, the Evening Star (123), Hellkite Charger (187), Dragon Token (425), Stormbreath Dragon (189) and Dragonlord Silumgar (173) to attack Ai(4)-Inspirit EDHREC Average.
Add To Stack: Ai(2)-Ur-Dragon B3 triggered Hellkite Charger
Add To Stack: Ai(2)-Ur-Dragon B3 triggered The Ur-Dragon
Add To Stack: Ai(2)-Ur-Dragon B3 triggered Utvara Hellkite
Add To Stack: Ai(2)-Ur-Dragon B3 triggered Utvara Hellkite
Add To Stack: Ai(2)-Ur-Dragon B3 triggered Utvara Hellkite
Add To Stack: Ai(2)-Ur-Dragon B3 triggered Utvara Hellkite
Add To Stack: Ai(2)-Ur-Dragon B3 triggered Utvara Hellkite
Add To Stack: Ai(2)-Ur-Dragon B3 triggered Utvara Hellkite
Add To Stack: Ai(2)-Ur-Dragon B3 triggered Utvara Hellkite
Add To Stack: Ai(2)-Ur-Dragon B3 triggered Utvara Hellkite
Add To Stack: Ai(2)-Ur-Dragon B3 triggered Utvara Hellkite
Add To Stack: Ai(2)-Ur-Dragon B3 triggered Utvara Hellkite
Add To Stack: Ai(2)-Ur-Dragon B3 triggered Utvara Hellkite
Add To Stack: Ai(2)-Ur-Dragon B3 triggered Utvara Hellkite
Add To Stack: Ai(2)-Ur-Dragon B3 triggered Utvara Hellkite
Resolve Stack: Whenever a Dragon you control attacks, create a 6/6 red Dragon creature token with flying. [Attacker: Dragonlord Silumgar (173)]
Add To Stack: Ai(2)-Ur-Dragon B3 triggered Dragon's Hoard
Resolve Stack: Whenever a Dragon you control enters, put a gold counter on Dragon's Hoard. [Zone Changer: Dragon Token (440)]
Resolve Stack: Whenever a Dragon you control attacks, create a 6/6 red Dragon creature token with flying. [Attacker: Stormbreath Dragon (189)]
Add To Stack: Ai(2)-Ur-Dragon B3 triggered Dragon's Hoard
Resolve Stack: Whenever a Dragon you control enters, put a gold counter on Dragon's Hoard. [Zone Changer: Dragon Token (442)]
Resolve Stack: Whenever a Dragon you control attacks, create a 6/6 red Dragon creature token with flying. [Attacker: Dragon Token (425)]
Add To Stack: Ai(2)-Ur-Dragon B3 triggered Dragon's Hoard
Resolve Stack: Whenever a Dragon you control enters, put a gold counter on Dragon's Hoard. [Zone Changer: Dragon Token (444)]
Resolve Stack: Whenever a Dragon you control attacks, create a 6/6 red Dragon creature token with flying. [Attacker: Hellkite Charger (187)]
Add To Stack: Ai(2)-Ur-Dragon B3 triggered Dragon's Hoard
Resolve Stack: Whenever a Dragon you control enters, put a gold counter on Dragon's Hoard. [Zone Changer: Dragon Token (446)]
Resolve Stack: Whenever a Dragon you control attacks, create a 6/6 red Dragon creature token with flying. [Attacker: Kokusho, the Evening Star (123)]
Add To Stack: Ai(2)-Ur-Dragon B3 triggered Dragon's Hoard
Resolve Stack: Whenever a Dragon you control enters, put a gold counter on Dragon's Hoard. [Zone Changer: Dragon Token (448)]
Resolve Stack: Whenever a Dragon you control attacks, create a 6/6 red Dragon creature token with flying. [Attacker: Lathliss, Dragon Queen (134)]
Add To Stack: Ai(2)-Ur-Dragon B3 triggered Dragon's Hoard
Resolve Stack: Whenever a Dragon you control enters, put a gold counter on Dragon's Hoard. [Zone Changer: Dragon Token (450)]
Resolve Stack: Whenever a Dragon you control attacks, create a 6/6 red Dragon creature token with flying. [Attacker: Dragon Token (422)]
Add To Stack: Ai(2)-Ur-Dragon B3 triggered Dragon's Hoard
Resolve Stack: Whenever a Dragon you control enters, put a gold counter on Dragon's Hoard. [Zone Changer: Dragon Token (452)]
Resolve Stack: Whenever a Dragon you control attacks, create a 6/6 red Dragon creature token with flying. [Attacker: Dragon Token (420)]
Add To Stack: Ai(2)-Ur-Dragon B3 triggered Dragon's Hoard
Resolve Stack: Whenever a Dragon you control enters, put a gold counter on Dragon's Hoard. [Zone Changer: Dragon Token (454)]
Resolve Stack: Whenever a Dragon you control attacks, create a 6/6 red Dragon creature token with flying. [Attacker: Dragon Token (418)]
Add To Stack: Ai(2)-Ur-Dragon B3 triggered Dragon's Hoard
Resolve Stack: Whenever a Dragon you control enters, put a gold counter on Dragon's Hoard. [Zone Changer: Dragon Token (456)]
Resolve Stack: Whenever a Dragon you control attacks, create a 6/6 red Dragon creature token with flying. [Attacker: Dragon Token (416)]
Add To Stack: Ai(2)-Ur-Dragon B3 triggered Dragon's Hoard
Resolve Stack: Whenever a Dragon you control enters, put a gold counter on Dragon's Hoard. [Zone Changer: Dragon Token (458)]
Resolve Stack: Whenever a Dragon you control attacks, create a 6/6 red Dragon creature token with flying. [Attacker: Dragon Token (414)]
Add To Stack: Ai(2)-Ur-Dragon B3 triggered Dragon's Hoard
Resolve Stack: Whenever a Dragon you control enters, put a gold counter on Dragon's Hoard. [Zone Changer: Dragon Token (460)]
Resolve Stack: Whenever a Dragon you control attacks, create a 6/6 red Dragon creature token with flying. [Attacker: Utvara Hellkite (139)]
Add To Stack: Ai(2)-Ur-Dragon B3 triggered Dragon's Hoard
Resolve Stack: Whenever a Dragon you control enters, put a gold counter on Dragon's Hoard. [Zone Changer: Dragon Token (462)]
Resolve Stack: Whenever a Dragon you control attacks, create a 6/6 red Dragon creature token with flying. [Attacker: The Ur-Dragon (201)]
Add To Stack: Ai(2)-Ur-Dragon B3 triggered Dragon's Hoard
Resolve Stack: Whenever a Dragon you control enters, put a gold counter on Dragon's Hoard. [Zone Changer: Dragon Token (464)]
Resolve Stack: Whenever one or more Dragons you control attack, draw that many cards, then you may put a permanent card from your hand onto the battlefield. [Number Attackers: [The Ur-Dragon (201), Utvara Hellkite (139), Dragon Token (414), Dragon Token (416), Dragon Token (418), Dragon Token (420), Dragon Token (422), Lathliss, Dragon Queen (134), Kokusho, the Evening Star (123), Hellkite Charger (187), Dragon Token (425), Stormbreath Dragon (189), Dragonlord Silumgar (173)]]
Add To Stack: Ai(2)-Ur-Dragon B3 triggered Dragon's Hoard
Add To Stack: Ai(2)-Ur-Dragon B3 triggered Lathliss, Dragon Queen
Resolve Stack: Whenever another nontoken Dragon you control enters, create a 5/5 red Dragon creature token with flying. [Zone Changer: Ojutai, Soul of Winter (161)]
Add To Stack: Ai(2)-Ur-Dragon B3 triggered Dragon's Hoard
Resolve Stack: Whenever a Dragon you control enters, put a gold counter on Dragon's Hoard. [Zone Changer: Dragon Token (467)]
Resolve Stack: Whenever a Dragon you control enters, put a gold counter on Dragon's Hoard. [Zone Changer: Ojutai, Soul of Winter (161)]
Player Control: Ai(1)-Kilo Helm B3 has restored control over themself
Player Control: Ai(2)-Ur-Dragon B3 has restored control over themself
Player Control: Ai(3)-Dnide Wildsear has restored control over themself
Player Control: Ai(4)-Inspirit EDHREC Average has restored control over themself
Game Outcome: Turn 18
Game Outcome: Ai(1)-Kilo Helm B3 has won because all opponents have lost
Game Outcome: Ai(2)-Ur-Dragon B3 has won because all opponents have lost
Game Outcome: Ai(3)-Dnide Wildsear has lost because life total reached 0
Game Outcome: Ai(4)-Inspirit EDHREC Average has won because all opponents have lost
Match Result: Ai(1)-Kilo Helm B3: 1 Ai(2)-Ur-Dragon B3: 2 Ai(3)-Dnide Wildsear: 0 Ai(4)-Inspirit EDHREC Average: 1 

Game Result: Game 4 ended in 120005 ms. Ai(1)-Kilo Helm B3 has won!

