Error handling registered!
21:50:01 [INFO ] GuiBase: ##########################################
21:50:01 [INFO ] GuiBase: APP: Forge v.2.0.13-SNAPSHOT-06.22
21:50:01 [INFO ] GuiBase: Java: 17.0.20 (Homebrew)
21:50:01 [INFO ] GuiBase: OS: Mac OS X 15.7.5 aarch64
21:50:01 [INFO ] GuiBase: RAM: 4096 MB max, 12 CPUs
21:50:01 [INFO ] GuiBase: ##########################################
Language 'en-US' loaded successfully.
(ThreadUtil first call): Running with priority 5
Read cards: 33319 archived files in 0 ms (25 parts) using thread pool
Upcoming set Star Trek (TRK) dated in the future. All `upcoming` cards will be added to this set with unknown rarity.
The card A-Alrund's Epiphany was not assigned to any set. Adding it to UNKNOWN set... to fix see res/editions/ folder. 
The card A-Baba Lysaga, Night Witch was not assigned to any set. Adding it to UNKNOWN set... to fix see res/editions/ folder. 
The card A-Divide by Zero was not assigned to any set. Adding it to UNKNOWN set... to fix see res/editions/ folder. 
The card A-Esika's Chariot was not assigned to any set. Adding it to UNKNOWN set... to fix see res/editions/ folder. 
The card A-Faceless Haven was not assigned to any set. Adding it to UNKNOWN set... to fix see res/editions/ folder. 
The card A-Fires of Invention was not assigned to any set. Adding it to UNKNOWN set... to fix see res/editions/ folder. 
The card A-Goldspan Dragon was not assigned to any set. Adding it to UNKNOWN set... to fix see res/editions/ folder. 
The card A-Hullbreaker Horror was not assigned to any set. Adding it to UNKNOWN set... to fix see res/editions/ folder. 
The card A-Kumano Faces Kakkazan was not assigned to any set. Adding it to UNKNOWN set... to fix see res/editions/ folder. 
The card A-Luminarch Aspirant was not assigned to any set. Adding it to UNKNOWN set... to fix see res/editions/ folder. 
The card A-Monster Manual was not assigned to any set. Adding it to UNKNOWN set... to fix see res/editions/ folder. 
The card A-Omnath, Locus of Creation was not assigned to any set. Adding it to UNKNOWN set... to fix see res/editions/ folder. 
The card A-The Meathook Massacre was not assigned to any set. Adding it to UNKNOWN set... to fix see res/editions/ folder. 
The card A-Unholy Heat was not assigned to any set. Adding it to UNKNOWN set... to fix see res/editions/ folder. 
The card Blinding Radiance was not assigned to any set. Adding it to UNKNOWN set... to fix see res/editions/ folder. 
The card Goblin Bruiser was not assigned to any set. Adding it to UNKNOWN set... to fix see res/editions/ folder. 
The card Ogre Painbringer was not assigned to any set. Adding it to UNKNOWN set... to fix see res/editions/ folder. 
The card Titanic Pelagosaur was not assigned to any set. Adding it to UNKNOWN set... to fix see res/editions/ folder. 
The card Treetop Recluse was not assigned to any set. Adding it to UNKNOWN set... to fix see res/editions/ folder. 
Upcoming set Star Trek (TRK) dated in the future. All `upcoming` cards will be added to this set with unknown rarity.
Read cards: 821 files in 0 ms (8 parts) using thread pool
Simulation mode
Ai(1)-Ur-Dragon B3 vs Ai(2)-Dnide Wildsear vs Ai(3)-Inspirit EDHREC Average vs Ai(4)-Kilo Helm B3 - four games of Commander
Warning: default (ie. inherited from base class) implementation of confirmAction is used by Wildsear, Scouring Maw for forge.ai.ability.PermanentCreatureAi. Consider declaring an overloaded method
Warning: default (ie. inherited from base class) implementation of confirmAction is used by Kilo, Apogee Mind for forge.ai.ability.PermanentCreatureAi. Consider declaring an overloaded method
Stopping slow match as draw
Mulligan: Ai(4)-Kilo Helm B3 has kept a hand of 7 cards
Mulligan: Ai(1)-Ur-Dragon B3 has kept a hand of 7 cards
Mulligan: Ai(2)-Dnide Wildsear has kept a hand of 7 cards
Mulligan: Ai(3)-Inspirit EDHREC Average has kept a hand of 7 cards
Turn: Turn 1 (Ai(4)-Kilo Helm B3)
Phase: Ai(4)-Kilo Helm B3's Untap step
Phase: Ai(4)-Kilo Helm B3's Upkeep step
Phase: Ai(4)-Kilo Helm B3's Draw step
Phase: Ai(4)-Kilo Helm B3's Main phase, precombat
Land: Ai(4)-Kilo Helm B3 played Command Tower (311)
Phase: Ai(4)-Kilo Helm B3's Beginning of Combat Step
Phase: Ai(4)-Kilo Helm B3's Declare Attackers Step
Phase: Ai(4)-Kilo Helm B3's Declare Blockers Step
Phase: Ai(4)-Kilo Helm B3's First Strike Damage Step
Phase: Ai(4)-Kilo Helm B3's Combat Damage Step
Phase: Ai(4)-Kilo Helm B3's End of Combat Step
Phase: Ai(4)-Kilo Helm B3's Main phase, postcombat
Phase: Ai(4)-Kilo Helm B3's End step
Phase: Ai(4)-Kilo Helm B3's Cleanup step
Turn: Turn 2 (Ai(1)-Ur-Dragon B3)
Phase: Ai(1)-Ur-Dragon B3's Untap step
Phase: Ai(1)-Ur-Dragon B3's Upkeep step
Phase: Ai(1)-Ur-Dragon B3's Draw step
Phase: Ai(1)-Ur-Dragon B3's Main phase, precombat
Replacement Effect: Frontier Bivouac enters tapped.
Land: Ai(1)-Ur-Dragon B3 played Frontier Bivouac (97)
Phase: Ai(1)-Ur-Dragon B3's Beginning of Combat Step
Phase: Ai(1)-Ur-Dragon B3's Declare Attackers Step
Phase: Ai(1)-Ur-Dragon B3's Declare Blockers Step
Phase: Ai(1)-Ur-Dragon B3's First Strike Damage Step
Phase: Ai(1)-Ur-Dragon B3's Combat Damage Step
Phase: Ai(1)-Ur-Dragon B3's End of Combat Step
Phase: Ai(1)-Ur-Dragon B3's Main phase, postcombat
Phase: Ai(1)-Ur-Dragon B3's End step
Phase: Ai(1)-Ur-Dragon B3's Cleanup step
Turn: Turn 3 (Ai(2)-Dnide Wildsear)
Phase: Ai(2)-Dnide Wildsear's Untap step
Phase: Ai(2)-Dnide Wildsear's Upkeep step
Phase: Ai(2)-Dnide Wildsear's Draw step
Phase: Ai(2)-Dnide Wildsear's Main phase, precombat
Land: Ai(2)-Dnide Wildsear played Karplusan Forest (103)
Phase: Ai(2)-Dnide Wildsear's Beginning of Combat Step
Phase: Ai(2)-Dnide Wildsear's Declare Attackers Step
Phase: Ai(2)-Dnide Wildsear's Declare Blockers Step
Phase: Ai(2)-Dnide Wildsear's First Strike Damage Step
Phase: Ai(2)-Dnide Wildsear's Combat Damage Step
Phase: Ai(2)-Dnide Wildsear's End of Combat Step
Phase: Ai(2)-Dnide Wildsear's Main phase, postcombat
Phase: Ai(2)-Dnide Wildsear's End step
Phase: Ai(2)-Dnide Wildsear's Cleanup step
Turn: Turn 4 (Ai(3)-Inspirit EDHREC Average)
Phase: Ai(3)-Inspirit EDHREC Average's Untap step
Phase: Ai(3)-Inspirit EDHREC Average's Upkeep step
Phase: Ai(3)-Inspirit EDHREC Average's Draw step
Phase: Ai(3)-Inspirit EDHREC Average's Main phase, precombat
Replacement Effect: Mystic Monastery enters tapped.
Land: Ai(3)-Inspirit EDHREC Average played Mystic Monastery (217)
Phase: Ai(3)-Inspirit EDHREC Average's Beginning of Combat Step
Phase: Ai(3)-Inspirit EDHREC Average's Declare Attackers Step
Phase: Ai(3)-Inspirit EDHREC Average's Declare Blockers Step
Phase: Ai(3)-Inspirit EDHREC Average's First Strike Damage Step
Phase: Ai(3)-Inspirit EDHREC Average's Combat Damage Step
Phase: Ai(3)-Inspirit EDHREC Average's End of Combat Step
Phase: Ai(3)-Inspirit EDHREC Average's Main phase, postcombat
Phase: Ai(3)-Inspirit EDHREC Average's End step
Phase: Ai(3)-Inspirit EDHREC Average's Cleanup step
Turn: Turn 5 (Ai(4)-Kilo Helm B3)
Phase: Ai(4)-Kilo Helm B3's Untap step
Phase: Ai(4)-Kilo Helm B3's Upkeep step
Phase: Ai(4)-Kilo Helm B3's Draw step
Phase: Ai(4)-Kilo Helm B3's Main phase, precombat
Land: Ai(4)-Kilo Helm B3 played Plains (360)
Phase: Ai(4)-Kilo Helm B3's Beginning of Combat Step
Phase: Ai(4)-Kilo Helm B3's Declare Attackers Step
Phase: Ai(4)-Kilo Helm B3's Declare Blockers Step
Phase: Ai(4)-Kilo Helm B3's First Strike Damage Step
Phase: Ai(4)-Kilo Helm B3's Combat Damage Step
Phase: Ai(4)-Kilo Helm B3's End of Combat Step
Phase: Ai(4)-Kilo Helm B3's Main phase, postcombat
Mana: Plains (360) - {T}: Add {W}.
Mana: Command Tower (311) - {T}: Add one mana of any color in your commander's color identity.
Add To Stack: Ai(4)-Kilo Helm B3 cast Hangarback Walker
Replacement Effect: Hangarback Walker enters with X +1/+1 counters on it.
Resolve Stack: Hangarback Walker - Creature 0 / 0 (X=1)
Phase: Ai(4)-Kilo Helm B3's End step
Phase: Ai(4)-Kilo Helm B3's Cleanup step
Turn: Turn 6 (Ai(1)-Ur-Dragon B3)
Phase: Ai(1)-Ur-Dragon B3's Untap step
Phase: Ai(1)-Ur-Dragon B3's Upkeep step
Phase: Ai(1)-Ur-Dragon B3's Draw step
Phase: Ai(1)-Ur-Dragon B3's Main phase, precombat
Land: Ai(1)-Ur-Dragon B3 played Swamp (91)
Phase: Ai(1)-Ur-Dragon B3's Beginning of Combat Step
Phase: Ai(1)-Ur-Dragon B3's Declare Attackers Step
Phase: Ai(1)-Ur-Dragon B3's Declare Blockers Step
Phase: Ai(1)-Ur-Dragon B3's First Strike Damage Step
Phase: Ai(1)-Ur-Dragon B3's Combat Damage Step
Phase: Ai(1)-Ur-Dragon B3's End of Combat Step
Phase: Ai(1)-Ur-Dragon B3's Main phase, postcombat
Phase: Ai(1)-Ur-Dragon B3's End step
Phase: Ai(1)-Ur-Dragon B3's Cleanup step
Turn: Turn 7 (Ai(2)-Dnide Wildsear)
Phase: Ai(2)-Dnide Wildsear's Untap step
Phase: Ai(2)-Dnide Wildsear's Upkeep step
Phase: Ai(2)-Dnide Wildsear's Draw step
Phase: Ai(2)-Dnide Wildsear's Main phase, precombat
Land: Ai(2)-Dnide Wildsear played Mountain (186)
Phase: Ai(2)-Dnide Wildsear's Beginning of Combat Step
Phase: Ai(2)-Dnide Wildsear's Declare Attackers Step
Phase: Ai(2)-Dnide Wildsear's Declare Blockers Step
Phase: Ai(2)-Dnide Wildsear's First Strike Damage Step
Phase: Ai(2)-Dnide Wildsear's Combat Damage Step
Phase: Ai(2)-Dnide Wildsear's End of Combat Step
Phase: Ai(2)-Dnide Wildsear's Main phase, postcombat
Mana: Mountain (186) - {T}: Add {R}.
Mana: Karplusan Forest (103) - {T}: Add {C}.
Add To Stack: Ai(2)-Dnide Wildsear cast Arcane Signet
Resolve Stack: Arcane Signet
Phase: Ai(2)-Dnide Wildsear's End step
Phase: Ai(2)-Dnide Wildsear's Cleanup step
Turn: Turn 8 (Ai(3)-Inspirit EDHREC Average)
Phase: Ai(3)-Inspirit EDHREC Average's Untap step
Phase: Ai(3)-Inspirit EDHREC Average's Upkeep step
Phase: Ai(3)-Inspirit EDHREC Average's Draw step
Phase: Ai(3)-Inspirit EDHREC Average's Main phase, precombat
Land: Ai(3)-Inspirit EDHREC Average played Island (267)
Phase: Ai(3)-Inspirit EDHREC Average's Beginning of Combat Step
Phase: Ai(3)-Inspirit EDHREC Average's Declare Attackers Step
Phase: Ai(3)-Inspirit EDHREC Average's Declare Blockers Step
Phase: Ai(3)-Inspirit EDHREC Average's First Strike Damage Step
Phase: Ai(3)-Inspirit EDHREC Average's Combat Damage Step
Phase: Ai(3)-Inspirit EDHREC Average's End of Combat Step
Phase: Ai(3)-Inspirit EDHREC Average's Main phase, postcombat
Mana: Mystic Monastery (217) - {T}: Add {U}, {R}, or {W}.
Mana: Island (267) - {T}: Add {U}.
Add To Stack: Ai(3)-Inspirit EDHREC Average cast Enthusiastic Mechanaut
Resolve Stack: Enthusiastic Mechanaut - Creature 2 / 2
Phase: Ai(3)-Inspirit EDHREC Average's End step
Phase: Ai(3)-Inspirit EDHREC Average's Cleanup step
Turn: Turn 9 (Ai(4)-Kilo Helm B3)
Phase: Ai(4)-Kilo Helm B3's Untap step
Phase: Ai(4)-Kilo Helm B3's Upkeep step
Phase: Ai(4)-Kilo Helm B3's Draw step
Phase: Ai(4)-Kilo Helm B3's Main phase, precombat
Phase: Ai(4)-Kilo Helm B3's Beginning of Combat Step
Phase: Ai(4)-Kilo Helm B3's Declare Attackers Step
Phase: Ai(4)-Kilo Helm B3's Declare Blockers Step
Phase: Ai(4)-Kilo Helm B3's First Strike Damage Step
Phase: Ai(4)-Kilo Helm B3's Combat Damage Step
Phase: Ai(4)-Kilo Helm B3's End of Combat Step
Phase: Ai(4)-Kilo Helm B3's Main phase, postcombat
Mana: Plains (360) - {T}: Add {W}.
Add To Stack: Ai(4)-Kilo Helm B3 cast Enlightened Tutor
Resolve Stack: Enlightened Tutor (371) - Ai(4)-Kilo Helm B3 searches their library for an artifact or enchantment card, reveals it, puts it , then shuffles.
Phase: Ai(4)-Kilo Helm B3's End step
Phase: Ai(4)-Kilo Helm B3's Cleanup step
Turn: Turn 10 (Ai(1)-Ur-Dragon B3)
Phase: Ai(1)-Ur-Dragon B3's Untap step
Phase: Ai(1)-Ur-Dragon B3's Upkeep step
Phase: Ai(1)-Ur-Dragon B3's Draw step
Phase: Ai(1)-Ur-Dragon B3's Main phase, precombat
Replacement Effect: Sandsteppe Citadel enters tapped.
Land: Ai(1)-Ur-Dragon B3 played Sandsteppe Citadel (11)
Phase: Ai(1)-Ur-Dragon B3's Beginning of Combat Step
Phase: Ai(1)-Ur-Dragon B3's Declare Attackers Step
Phase: Ai(1)-Ur-Dragon B3's Declare Blockers Step
Phase: Ai(1)-Ur-Dragon B3's First Strike Damage Step
Phase: Ai(1)-Ur-Dragon B3's Combat Damage Step
Phase: Ai(1)-Ur-Dragon B3's End of Combat Step
Phase: Ai(1)-Ur-Dragon B3's Main phase, postcombat
Phase: Ai(1)-Ur-Dragon B3's End step
Phase: Ai(1)-Ur-Dragon B3's Cleanup step
Turn: Turn 11 (Ai(2)-Dnide Wildsear)
Phase: Ai(2)-Dnide Wildsear's Untap step
Phase: Ai(2)-Dnide Wildsear's Upkeep step
Phase: Ai(2)-Dnide Wildsear's Draw step
Phase: Ai(2)-Dnide Wildsear's Main phase, precombat
Land: Ai(2)-Dnide Wildsear played Command Tower (109)
Phase: Ai(2)-Dnide Wildsear's Beginning of Combat Step
Phase: Ai(2)-Dnide Wildsear's Declare Attackers Step
Phase: Ai(2)-Dnide Wildsear's Declare Blockers Step
Phase: Ai(2)-Dnide Wildsear's First Strike Damage Step
Phase: Ai(2)-Dnide Wildsear's Combat Damage Step
Phase: Ai(2)-Dnide Wildsear's End of Combat Step
Phase: Ai(2)-Dnide Wildsear's Main phase, postcombat
Mana: Mountain (186) - {T}: Add {R}.
Mana: Arcane Signet (197) - {T}: Add one mana of any color in your commander's color identity.
Mana: Command Tower (109) - {T}: Add one mana of any color in your commander's color identity.
Mana: Karplusan Forest (103) - {T}: Add {C}.
Add To Stack: Ai(2)-Dnide Wildsear cast Purphoros, God of the Forge
Resolve Stack: Purphoros, God of the Forge - Creature 6 / 5
Phase: Ai(2)-Dnide Wildsear's End step
Phase: Ai(2)-Dnide Wildsear's Cleanup step
Turn: Turn 12 (Ai(3)-Inspirit EDHREC Average)
Phase: Ai(3)-Inspirit EDHREC Average's Untap step
Phase: Ai(3)-Inspirit EDHREC Average's Upkeep step
Phase: Ai(3)-Inspirit EDHREC Average's Draw step
Phase: Ai(3)-Inspirit EDHREC Average's Main phase, precombat
Land: Ai(3)-Inspirit EDHREC Average played Shivan Reef (240)
Phase: Ai(3)-Inspirit EDHREC Average's Beginning of Combat Step
Phase: Ai(3)-Inspirit EDHREC Average's Declare Attackers Step
Combat: Ai(3)-Inspirit EDHREC Average assigned Enthusiastic Mechanaut (231) to attack Ai(2)-Dnide Wildsear.
Phase: Ai(3)-Inspirit EDHREC Average's Declare Blockers Step
Combat: Ai(2)-Dnide Wildsear didn't block Enthusiastic Mechanaut (231).
Phase: Ai(3)-Inspirit EDHREC Average's First Strike Damage Step
Phase: Ai(3)-Inspirit EDHREC Average's Combat Damage Step
Damage: Enthusiastic Mechanaut (231) deals 2 combat damage to Ai(2)-Dnide Wildsear.
Life: Life: Ai(2)-Dnide Wildsear 40 > 38
Phase: Ai(3)-Inspirit EDHREC Average's End of Combat Step
Phase: Ai(3)-Inspirit EDHREC Average's Main phase, postcombat
Mana: Island (267) - {T}: Add {U}.
Mana: Mystic Monastery (217) - {T}: Add {U}, {R}, or {W}.
Mana: Shivan Reef (240) - {T}: Add {C}.
Add To Stack: Ai(3)-Inspirit EDHREC Average cast Lux Cannon
Resolve Stack: Lux Cannon
Phase: Ai(3)-Inspirit EDHREC Average's End step
Mana: Command Tower (311) - {T}: Add one mana of any color in your commander's color identity.
Add To Stack: Ai(4)-Kilo Helm B3 activated Hangarback Walker
Resolve Stack: Hangarback Walker (374) - Ai(4)-Kilo Helm B3 puts a +1/+1 counter on Hangarback Walker (374).
Phase: Ai(3)-Inspirit EDHREC Average's Cleanup step
Turn: Turn 13 (Ai(4)-Kilo Helm B3)
Phase: Ai(4)-Kilo Helm B3's Untap step
Phase: Ai(4)-Kilo Helm B3's Upkeep step
Phase: Ai(4)-Kilo Helm B3's Draw step
Phase: Ai(4)-Kilo Helm B3's Main phase, precombat
Land: Ai(4)-Kilo Helm B3 played Seat of the Synod (388)
Mana: Command Tower (311) - {T}: Add one mana of any color in your commander's color identity.
Mana: Plains (360) - {T}: Add {W}.
Mana: Seat of the Synod (388) - {T}: Add {U}.
Add To Stack: Ai(4)-Kilo Helm B3 cast Kilo, Apogee Mind
Resolve Stack: Kilo, Apogee Mind - Creature 3 / 3
Phase: Ai(4)-Kilo Helm B3's Beginning of Combat Step
Phase: Ai(4)-Kilo Helm B3's Declare Attackers Step
Combat: Ai(4)-Kilo Helm B3 assigned Kilo, Apogee Mind (403) and Hangarback Walker (374) to attack Ai(3)-Inspirit EDHREC Average.
Add To Stack: Ai(4)-Kilo Helm B3 triggered Kilo, Apogee Mind
Resolve Stack: Whenever Kilo becomes tapped, proliferate. (Choose any number of permanents and/or players, then give each another counter of each kind already there.) [Tapped: Kilo, Apogee Mind (403)]
Phase: Ai(4)-Kilo Helm B3's Declare Blockers Step
Combat: Ai(3)-Inspirit EDHREC Average didn't block Kilo, Apogee Mind (403).
Ai(3)-Inspirit EDHREC Average didn't block Hangarback Walker (374).
Phase: Ai(4)-Kilo Helm B3's First Strike Damage Step
Phase: Ai(4)-Kilo Helm B3's Combat Damage Step
Damage: Kilo, Apogee Mind (403) deals 3 combat damage to Ai(3)-Inspirit EDHREC Average.
Damage: Hangarback Walker (374) deals 3 combat damage to Ai(3)-Inspirit EDHREC Average.
Life: Life: Ai(3)-Inspirit EDHREC Average 40 > 34
Phase: Ai(4)-Kilo Helm B3's End of Combat Step
Phase: Ai(4)-Kilo Helm B3's Main phase, postcombat
Add To Stack: Ai(3)-Inspirit EDHREC Average activated Lux Cannon
Resolve Stack: Lux Cannon (280) - Ai(3)-Inspirit EDHREC Average puts a charge counter on Lux Cannon (280).
Phase: Ai(4)-Kilo Helm B3's End step
Phase: Ai(4)-Kilo Helm B3's Cleanup step
Turn: Turn 14 (Ai(1)-Ur-Dragon B3)
Phase: Ai(1)-Ur-Dragon B3's Untap step
Phase: Ai(1)-Ur-Dragon B3's Upkeep step
Phase: Ai(1)-Ur-Dragon B3's Draw step
Phase: Ai(1)-Ur-Dragon B3's Main phase, precombat
Land: Ai(1)-Ur-Dragon B3 played Mountain (79)
Phase: Ai(1)-Ur-Dragon B3's Beginning of Combat Step
Phase: Ai(1)-Ur-Dragon B3's Declare Attackers Step
Phase: Ai(1)-Ur-Dragon B3's Declare Blockers Step
Phase: Ai(1)-Ur-Dragon B3's First Strike Damage Step
Phase: Ai(1)-Ur-Dragon B3's Combat Damage Step
Phase: Ai(1)-Ur-Dragon B3's End of Combat Step
Phase: Ai(1)-Ur-Dragon B3's Main phase, postcombat
Mana: Mountain (79) - {T}: Add {R}.
Mana: Swamp (91) - {T}: Add {B}.
Add To Stack: Ai(1)-Ur-Dragon B3 cast Dragonlord's Servant
Resolve Stack: Dragonlord's Servant - Creature 1 / 3
Phase: Ai(1)-Ur-Dragon B3's End step
Phase: Ai(1)-Ur-Dragon B3's Cleanup step
Turn: Turn 15 (Ai(2)-Dnide Wildsear)
Phase: Ai(2)-Dnide Wildsear's Untap step
Phase: Ai(2)-Dnide Wildsear's Upkeep step
Phase: Ai(2)-Dnide Wildsear's Draw step
Phase: Ai(2)-Dnide Wildsear's Main phase, precombat
Land: Ai(2)-Dnide Wildsear played Mountain (182)
Mana: Arcane Signet (197) - {T}: Add one mana of any color in your commander's color identity.
Mana: Mountain (186) - {T}: Add {R}.
Mana: Mountain (182) - {T}: Add {R}.
Mana: Command Tower (109) - {T}: Add one mana of any color in your commander's color identity.
Mana: Karplusan Forest (103) - {T}: Add {C}.
Add To Stack: Ai(2)-Dnide Wildsear cast Wildsear, Scouring Maw
Resolve Stack: Wildsear, Scouring Maw - Creature 6 / 6
Add To Stack: Ai(2)-Dnide Wildsear triggered Purphoros, God of the Forge
Damage: Purphoros, God of the Forge (105) deals 2 non-combat damage to Ai(1)-Ur-Dragon B3.
Damage: Purphoros, God of the Forge (105) deals 2 non-combat damage to Ai(3)-Inspirit EDHREC Average.
Damage: Purphoros, God of the Forge (105) deals 2 non-combat damage to Ai(4)-Kilo Helm B3.
Life: Life: Ai(1)-Ur-Dragon B3 40 > 38
Life: Life: Ai(3)-Inspirit EDHREC Average 34 > 32
Life: Life: Ai(4)-Kilo Helm B3 40 > 38
Resolve Stack: Whenever another creature you control enters, Purphoros, God of the Forge deals 2 damage to each opponent. [Zone Changer: Wildsear, Scouring Maw (201)]
Phase: Ai(2)-Dnide Wildsear's Beginning of Combat Step
Phase: Ai(2)-Dnide Wildsear's Declare Attackers Step
Phase: Ai(2)-Dnide Wildsear's Declare Blockers Step
Phase: Ai(2)-Dnide Wildsear's First Strike Damage Step
Phase: Ai(2)-Dnide Wildsear's Combat Damage Step
Phase: Ai(2)-Dnide Wildsear's End of Combat Step
Phase: Ai(2)-Dnide Wildsear's Main phase, postcombat
Phase: Ai(2)-Dnide Wildsear's End step
Phase: Ai(2)-Dnide Wildsear's Cleanup step
Turn: Turn 16 (Ai(3)-Inspirit EDHREC Average)
Phase: Ai(3)-Inspirit EDHREC Average's Untap step
Phase: Ai(3)-Inspirit EDHREC Average's Upkeep step
Phase: Ai(3)-Inspirit EDHREC Average's Draw step
Phase: Ai(3)-Inspirit EDHREC Average's Main phase, precombat
Land: Ai(3)-Inspirit EDHREC Average played Plains (261)
Phase: Ai(3)-Inspirit EDHREC Average's Beginning of Combat Step
Phase: Ai(3)-Inspirit EDHREC Average's Declare Attackers Step
Combat: Ai(3)-Inspirit EDHREC Average assigned Enthusiastic Mechanaut (231) to attack Ai(2)-Dnide Wildsear.
Phase: Ai(3)-Inspirit EDHREC Average's Declare Blockers Step
Combat: Ai(2)-Dnide Wildsear didn't block Enthusiastic Mechanaut (231).
Phase: Ai(3)-Inspirit EDHREC Average's First Strike Damage Step
Phase: Ai(3)-Inspirit EDHREC Average's Combat Damage Step
Damage: Enthusiastic Mechanaut (231) deals 2 combat damage to Ai(2)-Dnide Wildsear.
Life: Life: Ai(2)-Dnide Wildsear 38 > 36
Phase: Ai(3)-Inspirit EDHREC Average's End of Combat Step
Phase: Ai(3)-Inspirit EDHREC Average's Main phase, postcombat
Mana: Island (267) - {T}: Add {U}.
Mana: Plains (261) - {T}: Add {W}.
Mana: Mystic Monastery (217) - {T}: Add {U}, {R}, or {W}.
Mana: Shivan Reef (240) - {T}: Add {C}.
Add To Stack: Ai(3)-Inspirit EDHREC Average cast Dawnsire, Sunstar Dreadnought
Resolve Stack: Dawnsire, Sunstar Dreadnought
Phase: Ai(3)-Inspirit EDHREC Average's End step
Phase: Ai(3)-Inspirit EDHREC Average's Cleanup step
Turn: Turn 17 (Ai(4)-Kilo Helm B3)
Phase: Ai(4)-Kilo Helm B3's Untap step
Phase: Ai(4)-Kilo Helm B3's Upkeep step
Phase: Ai(4)-Kilo Helm B3's Draw step
Phase: Ai(4)-Kilo Helm B3's Main phase, precombat
Phase: Ai(4)-Kilo Helm B3's Beginning of Combat Step
Phase: Ai(4)-Kilo Helm B3's Declare Attackers Step
Phase: Ai(4)-Kilo Helm B3's Declare Blockers Step
Phase: Ai(4)-Kilo Helm B3's First Strike Damage Step
Phase: Ai(4)-Kilo Helm B3's Combat Damage Step
Phase: Ai(4)-Kilo Helm B3's End of Combat Step
Phase: Ai(4)-Kilo Helm B3's Main phase, postcombat
Mana: Seat of the Synod (388) - {T}: Add {U}.
Mana: Plains (360) - {T}: Add {W}.
Mana: Command Tower (311) - {T}: Add one mana of any color in your commander's color identity.
Add To Stack: Ai(4)-Kilo Helm B3 cast Flux Channeler
Add To Stack: Ai(3)-Inspirit EDHREC Average activated Lux Cannon
Resolve Stack: Lux Cannon (280) - Ai(3)-Inspirit EDHREC Average puts a charge counter on Lux Cannon (280).
Resolve Stack: Flux Channeler - Creature 2 / 2
Phase: Ai(4)-Kilo Helm B3's End step
Phase: Ai(4)-Kilo Helm B3's Cleanup step
Turn: Turn 18 (Ai(1)-Ur-Dragon B3)
Phase: Ai(1)-Ur-Dragon B3's Untap step
Phase: Ai(1)-Ur-Dragon B3's Upkeep step
Phase: Ai(1)-Ur-Dragon B3's Draw step
Phase: Ai(1)-Ur-Dragon B3's Main phase, precombat
Land: Ai(1)-Ur-Dragon B3 played Plains (42)
Mana: Swamp (91) - {T}: Add {B}.
Mana: Sandsteppe Citadel (11) - {T}: Add {W}, {B}, or {G}.
Mana: Plains (42) - {T}: Add {W}.
Mana: Mountain (79) - {T}: Add {R}.
Mana: Frontier Bivouac (97) - {T}: Add {G}, {U}, or {R}.
Add To Stack: Ai(1)-Ur-Dragon B3 cast Crux of Fate
Zone Change: Dragonlord's Servant (90) was put into Graveyard from Battlefield.
Zone Change: Wildsear, Scouring Maw (201) was put into Graveyard from Battlefield.
Zone Change: Enthusiastic Mechanaut (231) was put into Graveyard from Battlefield.
Zone Change: Hangarback Walker (374) was put into Graveyard from Battlefield.
Zone Change: Kilo, Apogee Mind (403) was put into Graveyard from Battlefield.
Zone Change: Flux Channeler (337) was put into Graveyard from Battlefield.
Resolve Stack: Crux of Fate (9) -  Destroy all non-Dragon creatures.
Add To Stack: Ai(4)-Kilo Helm B3 triggered Hangarback Walker
Resolve Stack: When Hangarback Walker dies, create a 1/1 colorless Thopter artifact creature token with flying for each +1/+1 counter on Hangarback Walker. [Zone Changer: Hangarback Walker (374)]
Phase: Ai(1)-Ur-Dragon B3's Beginning of Combat Step
Phase: Ai(1)-Ur-Dragon B3's Declare Attackers Step
Phase: Ai(1)-Ur-Dragon B3's Declare Blockers Step
Phase: Ai(1)-Ur-Dragon B3's First Strike Damage Step
Phase: Ai(1)-Ur-Dragon B3's Combat Damage Step
Phase: Ai(1)-Ur-Dragon B3's End of Combat Step
Phase: Ai(1)-Ur-Dragon B3's Main phase, postcombat
Phase: Ai(1)-Ur-Dragon B3's End step
Phase: Ai(1)-Ur-Dragon B3's Cleanup step
Turn: Turn 19 (Ai(2)-Dnide Wildsear)
Phase: Ai(2)-Dnide Wildsear's Untap step
Phase: Ai(2)-Dnide Wildsear's Upkeep step
Phase: Ai(2)-Dnide Wildsear's Draw step
Phase: Ai(2)-Dnide Wildsear's Main phase, precombat
Land: Ai(2)-Dnide Wildsear played Forest (154)
Mana: Mountain (186) - {T}: Add {R}.
Mana: Mountain (182) - {T}: Add {R}.
Mana: Forest (154) - {T}: Add {G}.
Mana: Arcane Signet (197) - {T}: Add one mana of any color in your commander's color identity.
Mana: Command Tower (109) - {T}: Add one mana of any color in your commander's color identity.
Mana: Karplusan Forest (103) - {T}: Add {C}.
Add To Stack: Ai(2)-Dnide Wildsear cast Sunbird's Invocation
Resolve Stack: Sunbird's Invocation
Phase: Ai(2)-Dnide Wildsear's Beginning of Combat Step
Phase: Ai(2)-Dnide Wildsear's Declare Attackers Step
Phase: Ai(2)-Dnide Wildsear's Declare Blockers Step
Phase: Ai(2)-Dnide Wildsear's First Strike Damage Step
Phase: Ai(2)-Dnide Wildsear's Combat Damage Step
Phase: Ai(2)-Dnide Wildsear's End of Combat Step
Phase: Ai(2)-Dnide Wildsear's Main phase, postcombat
Phase: Ai(2)-Dnide Wildsear's End step
Phase: Ai(2)-Dnide Wildsear's Cleanup step
Turn: Turn 20 (Ai(3)-Inspirit EDHREC Average)
Phase: Ai(3)-Inspirit EDHREC Average's Untap step
Phase: Ai(3)-Inspirit EDHREC Average's Upkeep step
Phase: Ai(3)-Inspirit EDHREC Average's Draw step
Phase: Ai(3)-Inspirit EDHREC Average's Main phase, precombat
Phase: Ai(3)-Inspirit EDHREC Average's Beginning of Combat Step
Phase: Ai(3)-Inspirit EDHREC Average's Declare Attackers Step
Phase: Ai(3)-Inspirit EDHREC Average's Declare Blockers Step
Phase: Ai(3)-Inspirit EDHREC Average's First Strike Damage Step
Phase: Ai(3)-Inspirit EDHREC Average's Combat Damage Step
Phase: Ai(3)-Inspirit EDHREC Average's End of Combat Step
Phase: Ai(3)-Inspirit EDHREC Average's Main phase, postcombat
Mana: Island (267) - {T}: Add {U}.
Mana: Plains (261) - {T}: Add {W}.
Mana: Mystic Monastery (217) - {T}: Add {U}, {R}, or {W}.
Add To Stack: Ai(3)-Inspirit EDHREC Average cast Uthros Research Craft
Resolve Stack: Uthros Research Craft
Phase: Ai(3)-Inspirit EDHREC Average's End step
Phase: Ai(3)-Inspirit EDHREC Average's Cleanup step
Turn: Turn 21 (Ai(4)-Kilo Helm B3)
Phase: Ai(4)-Kilo Helm B3's Untap step
Phase: Ai(4)-Kilo Helm B3's Upkeep step
Phase: Ai(4)-Kilo Helm B3's Draw step
Phase: Ai(4)-Kilo Helm B3's Main phase, precombat
Phase: Ai(4)-Kilo Helm B3's Beginning of Combat Step
Phase: Ai(4)-Kilo Helm B3's Declare Attackers Step
Combat: Ai(4)-Kilo Helm B3 assigned Thopter Token (407), Thopter Token (408) and Thopter Token (409) to attack Ai(2)-Dnide Wildsear.
Phase: Ai(4)-Kilo Helm B3's Declare Blockers Step
Combat: Ai(2)-Dnide Wildsear didn't block Thopter Token (407).
Ai(2)-Dnide Wildsear didn't block Thopter Token (408).
Ai(2)-Dnide Wildsear didn't block Thopter Token (409).
Phase: Ai(4)-Kilo Helm B3's First Strike Damage Step
Phase: Ai(4)-Kilo Helm B3's Combat Damage Step
Damage: Thopter Token (407) deals 1 combat damage to Ai(2)-Dnide Wildsear.
Damage: Thopter Token (408) deals 1 combat damage to Ai(2)-Dnide Wildsear.
Damage: Thopter Token (409) deals 1 combat damage to Ai(2)-Dnide Wildsear.
Life: Life: Ai(2)-Dnide Wildsear 36 > 33
Phase: Ai(4)-Kilo Helm B3's End of Combat Step
Phase: Ai(4)-Kilo Helm B3's Main phase, postcombat
Mana: Seat of the Synod (388) - {T}: Add {U}.
Mana: Plains (360) - {T}: Add {W}.
Mana: Command Tower (311) - {T}: Add one mana of any color in your commander's color identity.
Add To Stack: Ai(4)-Kilo Helm B3 cast Thought Monitor
Add To Stack: Ai(3)-Inspirit EDHREC Average activated Lux Cannon
Resolve Stack: Lux Cannon (280) - Ai(3)-Inspirit EDHREC Average puts a charge counter on Lux Cannon (280).
Resolve Stack: Thought Monitor - Creature 2 / 2
Add To Stack: Ai(4)-Kilo Helm B3 triggered Thought Monitor
Resolve Stack: When Thought Monitor enters, draw two cards. [Zone Changer: Thought Monitor (398)]
Land: Ai(4)-Kilo Helm B3 played Plains (359)
Phase: Ai(4)-Kilo Helm B3's End step
Phase: Ai(4)-Kilo Helm B3's Cleanup step
Turn: Turn 22 (Ai(1)-Ur-Dragon B3)
Phase: Ai(1)-Ur-Dragon B3's Untap step
Phase: Ai(1)-Ur-Dragon B3's Upkeep step
Phase: Ai(1)-Ur-Dragon B3's Draw step
Phase: Ai(1)-Ur-Dragon B3's Main phase, precombat
Phase: Ai(1)-Ur-Dragon B3's Beginning of Combat Step
Phase: Ai(1)-Ur-Dragon B3's Declare Attackers Step
Phase: Ai(1)-Ur-Dragon B3's Declare Blockers Step
Phase: Ai(1)-Ur-Dragon B3's First Strike Damage Step
Phase: Ai(1)-Ur-Dragon B3's Combat Damage Step
Phase: Ai(1)-Ur-Dragon B3's End of Combat Step
Phase: Ai(1)-Ur-Dragon B3's Main phase, postcombat
Mana: Mountain (79) - {T}: Add {R}.
Mana: Frontier Bivouac (97) - {T}: Add {G}, {U}, or {R}.
Mana: Plains (42) - {T}: Add {W}.
Mana: Swamp (91) - {T}: Add {B}.
Mana: Sandsteppe Citadel (11) - {T}: Add {W}, {B}, or {G}.
Add To Stack: Ai(1)-Ur-Dragon B3 cast Hoard-Smelter Dragon
Resolve Stack: Hoard-Smelter Dragon - Creature 5 / 5
Phase: Ai(1)-Ur-Dragon B3's End step
Phase: Ai(1)-Ur-Dragon B3's Cleanup step
Turn: Turn 23 (Ai(2)-Dnide Wildsear)
Phase: Ai(2)-Dnide Wildsear's Untap step
Phase: Ai(2)-Dnide Wildsear's Upkeep step
Phase: Ai(2)-Dnide Wildsear's Draw step
Phase: Ai(2)-Dnide Wildsear's Main phase, precombat
Phase: Ai(2)-Dnide Wildsear's Beginning of Combat Step
Phase: Ai(2)-Dnide Wildsear's Declare Attackers Step
Phase: Ai(2)-Dnide Wildsear's Declare Blockers Step
Phase: Ai(2)-Dnide Wildsear's First Strike Damage Step
Phase: Ai(2)-Dnide Wildsear's Combat Damage Step
Phase: Ai(2)-Dnide Wildsear's End of Combat Step
Phase: Ai(2)-Dnide Wildsear's Main phase, postcombat
Mana: Forest (154) - {T}: Add {G}.
Mana: Arcane Signet (197) - {T}: Add one mana of any color in your commander's color identity.
Mana: Mountain (186) - {T}: Add {R}.
Mana: Mountain (182) - {T}: Add {R}.
Mana: Command Tower (109) - {T}: Add one mana of any color in your commander's color identity.
Mana: Karplusan Forest (103) - {T}: Add {C}.
Add To Stack: Ai(2)-Dnide Wildsear cast Mana Reflection
Add To Stack: Ai(2)-Dnide Wildsear triggered Sunbird's Invocation
Add To Stack: Ai(2)-Dnide Wildsear cast Enduring Vitality
Resolve Stack: Whenever you cast a spell from your hand, reveal the top X cards of your library, where X is that spell's mana value. You may cast a spell with mana value X or less from among cards revealed this way without paying its mana cost. Put the rest on the bottom of your library in a random order. [Card: Mana Reflection (193), Activator: Ai(2)-Dnide Wildsear, SpellAbility: Mana Reflection]
Resolve Stack: Enduring Vitality - Creature 3 / 3
Add To Stack: Ai(2)-Dnide Wildsear triggered Purphoros, God of the Forge
Damage: Purphoros, God of the Forge (105) deals 2 non-combat damage to Ai(1)-Ur-Dragon B3.
Damage: Purphoros, God of the Forge (105) deals 2 non-combat damage to Ai(3)-Inspirit EDHREC Average.
Damage: Purphoros, God of the Forge (105) deals 2 non-combat damage to Ai(4)-Kilo Helm B3.
Life: Life: Ai(1)-Ur-Dragon B3 38 > 36
Life: Life: Ai(3)-Inspirit EDHREC Average 32 > 30
Life: Life: Ai(4)-Kilo Helm B3 38 > 36
Resolve Stack: Whenever another creature you control enters, Purphoros, God of the Forge deals 2 damage to each opponent. [Zone Changer: Enduring Vitality (143)]
Resolve Stack: Mana Reflection
Phase: Ai(2)-Dnide Wildsear's End step
Phase: Ai(2)-Dnide Wildsear's Cleanup step
Turn: Turn 24 (Ai(3)-Inspirit EDHREC Average)
Phase: Ai(3)-Inspirit EDHREC Average's Untap step
Phase: Ai(3)-Inspirit EDHREC Average's Upkeep step
Add To Stack: Ai(3)-Inspirit EDHREC Average activated Lux Cannon targeting [Hoard-Smelter Dragon (25)]
Zone Change: Hoard-Smelter Dragon (25) was put into Graveyard from Battlefield.
Resolve Stack: Lux Cannon (280) - Destroy Hoard-Smelter Dragon (25).
Phase: Ai(3)-Inspirit EDHREC Average's Draw step
Phase: Ai(3)-Inspirit EDHREC Average's Main phase, precombat
Phase: Ai(3)-Inspirit EDHREC Average's Beginning of Combat Step
Phase: Ai(3)-Inspirit EDHREC Average's Declare Attackers Step
Phase: Ai(3)-Inspirit EDHREC Average's Declare Blockers Step
Phase: Ai(3)-Inspirit EDHREC Average's First Strike Damage Step
Phase: Ai(3)-Inspirit EDHREC Average's Combat Damage Step
Phase: Ai(3)-Inspirit EDHREC Average's End of Combat Step
Phase: Ai(3)-Inspirit EDHREC Average's Main phase, postcombat
Mana: Plains (261) - {T}: Add {W}.
Mana: Mystic Monastery (217) - {T}: Add {U}, {R}, or {W}.
Mana: Island (267) - {T}: Add {U}.
Add To Stack: Ai(3)-Inspirit EDHREC Average cast The Seriema
Resolve Stack: The Seriema
Add To Stack: Ai(3)-Inspirit EDHREC Average triggered The Seriema
Resolve Stack: When The Seriema enters, search your library for a legendary creature card, reveal it, put it into your hand, then shuffle. [Zone Changer: The Seriema (258)]
Phase: Ai(3)-Inspirit EDHREC Average's End step
Phase: Ai(3)-Inspirit EDHREC Average's Cleanup step
Turn: Turn 25 (Ai(4)-Kilo Helm B3)
Phase: Ai(4)-Kilo Helm B3's Untap step
Phase: Ai(4)-Kilo Helm B3's Upkeep step
Phase: Ai(4)-Kilo Helm B3's Draw step
Phase: Ai(4)-Kilo Helm B3's Main phase, precombat
Phase: Ai(4)-Kilo Helm B3's Beginning of Combat Step
Phase: Ai(4)-Kilo Helm B3's Declare Attackers Step
Combat: Ai(4)-Kilo Helm B3 assigned Thought Monitor (398), Thopter Token (407), Thopter Token (408) and Thopter Token (409) to attack Ai(2)-Dnide Wildsear.
Phase: Ai(4)-Kilo Helm B3's Declare Blockers Step
Combat: Ai(2)-Dnide Wildsear didn't block Thought Monitor (398).
Ai(2)-Dnide Wildsear didn't block Thopter Token (407).
Ai(2)-Dnide Wildsear didn't block Thopter Token (408).
Ai(2)-Dnide Wildsear didn't block Thopter Token (409).
Phase: Ai(4)-Kilo Helm B3's First Strike Damage Step
Phase: Ai(4)-Kilo Helm B3's Combat Damage Step
Damage: Thought Monitor (398) deals 2 combat damage to Ai(2)-Dnide Wildsear.
Damage: Thopter Token (407) deals 1 combat damage to Ai(2)-Dnide Wildsear.
Damage: Thopter Token (408) deals 1 combat damage to Ai(2)-Dnide Wildsear.
Damage: Thopter Token (409) deals 1 combat damage to Ai(2)-Dnide Wildsear.
Life: Life: Ai(2)-Dnide Wildsear 33 > 28
Phase: Ai(4)-Kilo Helm B3's End of Combat Step
Phase: Ai(4)-Kilo Helm B3's Main phase, postcombat
Mana: Command Tower (311) - {T}: Add one mana of any color in your commander's color identity.
Mana: Seat of the Synod (388) - {T}: Add {U}.
Mana: Plains (360) - {T}: Add {W}.
Mana: Plains (359) - {T}: Add {W}.
Add To Stack: Ai(4)-Kilo Helm B3 cast Jhoira, Weatherlight Captain
Resolve Stack: Jhoira, Weatherlight Captain - Creature 3 / 3
Phase: Ai(4)-Kilo Helm B3's End step
Phase: Ai(4)-Kilo Helm B3's Cleanup step
Turn: Turn 26 (Ai(1)-Ur-Dragon B3)
Phase: Ai(1)-Ur-Dragon B3's Untap step
Phase: Ai(1)-Ur-Dragon B3's Upkeep step
Phase: Ai(1)-Ur-Dragon B3's Draw step
Phase: Ai(1)-Ur-Dragon B3's Main phase, precombat
Mana: Frontier Bivouac (97) - {T}: Add {G}, {U}, or {R}.
Mana: Plains (42) - {T}: Add {W}.
Mana: Mountain (79) - {T}: Add {R}.
Mana: Swamp (91) - {T}: Add {B}.
Add To Stack: Ai(1)-Ur-Dragon B3 cast Skyshroud Claim
Resolve Stack: Skyshroud Claim (83) - Ai(1)-Ur-Dragon B3 searches their library for  up to two Forest cards, puts them onto the battlefield, then shuffles.
Phase: Ai(1)-Ur-Dragon B3's Beginning of Combat Step
Phase: Ai(1)-Ur-Dragon B3's Declare Attackers Step
Phase: Ai(1)-Ur-Dragon B3's Declare Blockers Step
Phase: Ai(1)-Ur-Dragon B3's First Strike Damage Step
Phase: Ai(1)-Ur-Dragon B3's Combat Damage Step
Phase: Ai(1)-Ur-Dragon B3's End of Combat Step
Phase: Ai(1)-Ur-Dragon B3's Main phase, postcombat
Mana: Forest (50) - {T}: Add {G}.
Mana: Forest (48) - {T}: Add {G}.
Mana: Sandsteppe Citadel (11) - {T}: Add {W}, {B}, or {G}.
Add To Stack: Ai(1)-Ur-Dragon B3 cast Dragon's Hoard
Resolve Stack: Dragon's Hoard
Phase: Ai(1)-Ur-Dragon B3's End step
Phase: Ai(1)-Ur-Dragon B3's Cleanup step
Turn: Turn 27 (Ai(2)-Dnide Wildsear)
Phase: Ai(2)-Dnide Wildsear's Untap step
Phase: Ai(2)-Dnide Wildsear's Upkeep step
Phase: Ai(2)-Dnide Wildsear's Draw step
Phase: Ai(2)-Dnide Wildsear's Main phase, precombat
Replacement Effect: If you tap a permanent for mana, it produces twice as much of that mana instead.
Mana: Forest (154) - {T}: Add {G}.
Replacement Effect: If you tap a permanent for mana, it produces twice as much of that mana instead.
Mana: Mountain (186) - {T}: Add {R}.
Replacement Effect: If you tap a permanent for mana, it produces twice as much of that mana instead.
Mana: Mountain (182) - {T}: Add {R}.
Replacement Effect: If you tap a permanent for mana, it produces twice as much of that mana instead.
Mana: Arcane Signet (197) - {T}: Add one mana of any color in your commander's color identity.
Add To Stack: Ai(2)-Dnide Wildsear cast Wildsear, Scouring Maw
Resolve Stack: Wildsear, Scouring Maw - Creature 6 / 6
Add To Stack: Ai(2)-Dnide Wildsear triggered Purphoros, God of the Forge
Damage: Purphoros, God of the Forge (105) deals 2 non-combat damage to Ai(1)-Ur-Dragon B3.
Damage: Purphoros, God of the Forge (105) deals 2 non-combat damage to Ai(3)-Inspirit EDHREC Average.
Damage: Purphoros, God of the Forge (105) deals 2 non-combat damage to Ai(4)-Kilo Helm B3.
Life: Life: Ai(1)-Ur-Dragon B3 36 > 34
Life: Life: Ai(3)-Inspirit EDHREC Average 30 > 28
Life: Life: Ai(4)-Kilo Helm B3 36 > 34
Resolve Stack: Whenever another creature you control enters, Purphoros, God of the Forge deals 2 damage to each opponent. [Zone Changer: Wildsear, Scouring Maw (201)]
Replacement Effect: If you tap a permanent for mana, it produces twice as much of that mana instead.
Mana: Enduring Vitality (143) - {T}: Add one mana of any color.
Add To Stack: Ai(2)-Dnide Wildsear cast Klothys, God of Destiny
Add To Stack: Ai(2)-Dnide Wildsear triggered Klothys, God of Destiny
Add To Stack: Ai(2)-Dnide Wildsear triggered Sunbird's Invocation
Add To Stack: Ai(2)-Dnide Wildsear cast Vandalblast targeting [Thought Monitor (398)]
Resolve Stack: Whenever you cast a spell from your hand, reveal the top X cards of your library, where X is that spell's mana value. You may cast a spell with mana value X or less from among cards revealed this way without paying its mana cost. Put the rest on the bottom of your library in a random order. [Card: Klothys, God of Destiny (116), Activator: Ai(2)-Dnide Wildsear, SpellAbility: Klothys, God of Destiny - Creature 4 / 5]
Zone Change: Thought Monitor (398) was put into Graveyard from Battlefield.
Resolve Stack: Vandalblast (166) - Destroy Thought Monitor (398).
Resolve Stack: Cascade - Klothys, God of Destiny [Card: Klothys, God of Destiny (116), Activator: Ai(2)-Dnide Wildsear, SpellAbility: Klothys, God of Destiny - Creature 4 / 5]
Resolve Stack: Klothys, God of Destiny - Creature 4 / 5
Add To Stack: Ai(2)-Dnide Wildsear triggered Purphoros, God of the Forge
Damage: Purphoros, God of the Forge (105) deals 2 non-combat damage to Ai(1)-Ur-Dragon B3.
Damage: Purphoros, God of the Forge (105) deals 2 non-combat damage to Ai(3)-Inspirit EDHREC Average.
Damage: Purphoros, God of the Forge (105) deals 2 non-combat damage to Ai(4)-Kilo Helm B3.
Life: Life: Ai(1)-Ur-Dragon B3 34 > 32
Life: Life: Ai(3)-Inspirit EDHREC Average 28 > 26
Life: Life: Ai(4)-Kilo Helm B3 34 > 32
Resolve Stack: Whenever another creature you control enters, Purphoros, God of the Forge deals 2 damage to each opponent. [Zone Changer: Klothys, God of Destiny (116)]
Phase: Ai(2)-Dnide Wildsear's Beginning of Combat Step
Phase: Ai(2)-Dnide Wildsear's Declare Attackers Step
Phase: Ai(2)-Dnide Wildsear's Declare Blockers Step
Phase: Ai(2)-Dnide Wildsear's First Strike Damage Step
Phase: Ai(2)-Dnide Wildsear's Combat Damage Step
Phase: Ai(2)-Dnide Wildsear's End of Combat Step
Phase: Ai(2)-Dnide Wildsear's Main phase, postcombat
Replacement Effect: If you tap a permanent for mana, it produces twice as much of that mana instead.
Damage: Karplusan Forest (103) deals 1 non-combat damage to Ai(2)-Dnide Wildsear.
Life: Life: Ai(2)-Dnide Wildsear 28 > 27
Mana: Karplusan Forest (103) - {T}: Add {R} or {G}. Karplusan Forest deals 1 damage to you. 
Replacement Effect: If you tap a permanent for mana, it produces twice as much of that mana instead.
Mana: Command Tower (109) - {T}: Add one mana of any color in your commander's color identity.
Add To Stack: Ai(2)-Dnide Wildsear cast Dryad of the Ilysian Grove
Add To Stack: Ai(2)-Dnide Wildsear triggered Dryad of the Ilysian Grove
Add To Stack: Ai(2)-Dnide Wildsear triggered Sunbird's Invocation
Add To Stack: Ai(2)-Dnide Wildsear cast Shadow in the Warp
Resolve Stack: Whenever you cast a spell from your hand, reveal the top X cards of your library, where X is that spell's mana value. You may cast a spell with mana value X or less from among cards revealed this way without paying its mana cost. Put the rest on the bottom of your library in a random order. [Card: Dryad of the Ilysian Grove (108), Activator: Ai(2)-Dnide Wildsear, SpellAbility: Dryad of the Ilysian Grove - Creature 2 / 4]
Resolve Stack: Shadow in the Warp
Add To Stack: Ai(2)-Dnide Wildsear cast Cindervines
Resolve Stack: Cascade - Dryad of the Ilysian Grove [Card: Dryad of the Ilysian Grove (108), Activator: Ai(2)-Dnide Wildsear, SpellAbility: Dryad of the Ilysian Grove - Creature 2 / 4]
Resolve Stack: Cindervines
Resolve Stack: Dryad of the Ilysian Grove - Creature 2 / 4
Add To Stack: Ai(2)-Dnide Wildsear triggered Purphoros, God of the Forge
Damage: Purphoros, God of the Forge (105) deals 2 non-combat damage to Ai(1)-Ur-Dragon B3.
Damage: Purphoros, God of the Forge (105) deals 2 non-combat damage to Ai(3)-Inspirit EDHREC Average.
Damage: Purphoros, God of the Forge (105) deals 2 non-combat damage to Ai(4)-Kilo Helm B3.
Life: Life: Ai(1)-Ur-Dragon B3 32 > 30
Life: Life: Ai(3)-Inspirit EDHREC Average 26 > 24
Life: Life: Ai(4)-Kilo Helm B3 32 > 30
Resolve Stack: Whenever another creature you control enters, Purphoros, God of the Forge deals 2 damage to each opponent. [Zone Changer: Dryad of the Ilysian Grove (108)]
Replacement Effect: If you tap a permanent for mana, it produces twice as much of that mana instead.
Mana: Purphoros, God of the Forge (105) - {T}: Add one mana of any color.
Add To Stack: Ai(2)-Dnide Wildsear cast Gruul Cluestone
Add To Stack: Ai(2)-Dnide Wildsear triggered Sunbird's Invocation
Add To Stack: Ai(2)-Dnide Wildsear cast Archetype of Aggression
Resolve Stack: Whenever you cast a spell from your hand, reveal the top X cards of your library, where X is that spell's mana value. You may cast a spell with mana value X or less from among cards revealed this way without paying its mana cost. Put the rest on the bottom of your library in a random order. [Card: Gruul Cluestone (132), Activator: Ai(2)-Dnide Wildsear, SpellAbility: Gruul Cluestone]
Resolve Stack: Archetype of Aggression - Creature 3 / 2
Add To Stack: Ai(2)-Dnide Wildsear triggered Purphoros, God of the Forge
Damage: Purphoros, God of the Forge (105) deals 2 non-combat damage to Ai(1)-Ur-Dragon B3.
Damage: Purphoros, God of the Forge (105) deals 2 non-combat damage to Ai(3)-Inspirit EDHREC Average.
Damage: Purphoros, God of the Forge (105) deals 2 non-combat damage to Ai(4)-Kilo Helm B3.
Life: Life: Ai(1)-Ur-Dragon B3 30 > 28
Life: Life: Ai(3)-Inspirit EDHREC Average 24 > 22
Life: Life: Ai(4)-Kilo Helm B3 30 > 28
Resolve Stack: Whenever another creature you control enters, Purphoros, God of the Forge deals 2 damage to each opponent. [Zone Changer: Archetype of Aggression (113)]
Resolve Stack: Gruul Cluestone
Replacement Effect: If you tap a permanent for mana, it produces twice as much of that mana instead.
Mana: Gruul Cluestone (132) - {T}: Add {R} or {G}.
Add To Stack: Ai(2)-Dnide Wildsear cast Destiny Spinner
Add To Stack: Ai(2)-Dnide Wildsear triggered Sunbird's Invocation
Add To Stack: Ai(2)-Dnide Wildsear triggered Destiny Spinner
Add To Stack: Ai(2)-Dnide Wildsear cast Sol Ring
Resolve Stack: Cascade - Destiny Spinner [Card: Destiny Spinner (117), Activator: Ai(2)-Dnide Wildsear, SpellAbility: Destiny Spinner - Creature 2 / 3]
Resolve Stack: Sol Ring
Add To Stack: Ai(2)-Dnide Wildsear cast Fertile Ground targeting [Command Tower (109)]
Resolve Stack: Whenever you cast a spell from your hand, reveal the top X cards of your library, where X is that spell's mana value. You may cast a spell with mana value X or less from among cards revealed this way without paying its mana cost. Put the rest on the bottom of your library in a random order. [Card: Destiny Spinner (117), Activator: Ai(2)-Dnide Wildsear, SpellAbility: Destiny Spinner - Creature 2 / 3]
Resolve Stack: Fertile Ground (165) -  Attach to Command Tower (109)
Resolve Stack: Destiny Spinner - Creature 2 / 3
Add To Stack: Ai(2)-Dnide Wildsear triggered Purphoros, God of the Forge
Damage: Purphoros, God of the Forge (105) deals 2 non-combat damage to Ai(1)-Ur-Dragon B3.
Damage: Purphoros, God of the Forge (105) deals 2 non-combat damage to Ai(3)-Inspirit EDHREC Average.
Damage: Purphoros, God of the Forge (105) deals 2 non-combat damage to Ai(4)-Kilo Helm B3.
Life: Life: Ai(1)-Ur-Dragon B3 28 > 26
Life: Life: Ai(3)-Inspirit EDHREC Average 22 > 20
Life: Life: Ai(4)-Kilo Helm B3 28 > 26
Resolve Stack: Whenever another creature you control enters, Purphoros, God of the Forge deals 2 damage to each opponent. [Zone Changer: Destiny Spinner (117)]
Replacement Effect: If you tap a permanent for mana, it produces twice as much of that mana instead.
Mana: Sol Ring (112) - {T}: Add {C}{C}.
Zone Change: Cindervines (200) was put into Graveyard from Battlefield.
Add To Stack: Ai(2)-Dnide Wildsear activated Cindervines targeting [Dawnsire, Sunstar Dreadnought (214)]
Zone Change: Dawnsire, Sunstar Dreadnought (214) was put into Graveyard from Battlefield.
Damage: Cindervines (200) deals 2 non-combat damage to Ai(3)-Inspirit EDHREC Average.
Life: Life: Ai(3)-Inspirit EDHREC Average 20 > 18
Resolve Stack: Cindervines (200) - Destroy Dawnsire, Sunstar Dreadnought (214). Cindervines (200) deals 2 damage to Ai(3)-Inspirit EDHREC Average.
Phase: Ai(2)-Dnide Wildsear's End step
Phase: Ai(2)-Dnide Wildsear's Cleanup step
Turn: Turn 28 (Ai(3)-Inspirit EDHREC Average)
Phase: Ai(3)-Inspirit EDHREC Average's Untap step
Phase: Ai(3)-Inspirit EDHREC Average's Upkeep step
Phase: Ai(3)-Inspirit EDHREC Average's Draw step
Phase: Ai(3)-Inspirit EDHREC Average's Main phase, precombat
Phase: Ai(3)-Inspirit EDHREC Average's Beginning of Combat Step
Phase: Ai(3)-Inspirit EDHREC Average's Declare Attackers Step
Phase: Ai(3)-Inspirit EDHREC Average's Declare Blockers Step
Phase: Ai(3)-Inspirit EDHREC Average's First Strike Damage Step
Phase: Ai(3)-Inspirit EDHREC Average's Combat Damage Step
Phase: Ai(3)-Inspirit EDHREC Average's End of Combat Step
Phase: Ai(3)-Inspirit EDHREC Average's Main phase, postcombat
Mana: Island (267) - {T}: Add {U}.
Mana: Mystic Monastery (217) - {T}: Add {U}, {R}, or {W}.
Mana: Plains (261) - {T}: Add {W}.
Mana: Shivan Reef (240) - {T}: Add {C}.
Add To Stack: Ai(3)-Inspirit EDHREC Average cast Tekuthal, Inquiry Dominus
Resolve Stack: Tekuthal, Inquiry Dominus - Creature 3 / 5
Phase: Ai(3)-Inspirit EDHREC Average's End step
Phase: Ai(3)-Inspirit EDHREC Average's Cleanup step
Turn: Turn 29 (Ai(4)-Kilo Helm B3)
Phase: Ai(4)-Kilo Helm B3's Untap step
Phase: Ai(4)-Kilo Helm B3's Upkeep step
Phase: Ai(4)-Kilo Helm B3's Draw step
Phase: Ai(4)-Kilo Helm B3's Main phase, precombat
Phase: Ai(4)-Kilo Helm B3's Beginning of Combat Step
Phase: Ai(4)-Kilo Helm B3's Declare Attackers Step
Combat: Ai(4)-Kilo Helm B3 assigned Thopter Token (407) and Thopter Token (408) to attack Ai(2)-Dnide Wildsear.
Phase: Ai(4)-Kilo Helm B3's Declare Blockers Step
Combat: Ai(2)-Dnide Wildsear didn't block Thopter Token (407).
Ai(2)-Dnide Wildsear didn't block Thopter Token (408).
Phase: Ai(4)-Kilo Helm B3's First Strike Damage Step
Phase: Ai(4)-Kilo Helm B3's Combat Damage Step
Damage: Thopter Token (407) deals 1 combat damage to Ai(2)-Dnide Wildsear.
Damage: Thopter Token (408) deals 1 combat damage to Ai(2)-Dnide Wildsear.
Life: Life: Ai(2)-Dnide Wildsear 27 > 25
Phase: Ai(4)-Kilo Helm B3's End of Combat Step
Phase: Ai(4)-Kilo Helm B3's Main phase, postcombat
Mana: Seat of the Synod (388) - {T}: Add {U}.
Mana: Plains (360) - {T}: Add {W}.
Mana: Plains (359) - {T}: Add {W}.
Add To Stack: Ai(4)-Kilo Helm B3 cast Tezzeret, Cruel Captain
Add To Stack: Ai(4)-Kilo Helm B3 triggered Jhoira, Weatherlight Captain
Add To Stack: Ai(2)-Dnide Wildsear triggered Shadow in the Warp
Add To Stack: Ai(3)-Inspirit EDHREC Average activated Lux Cannon
Resolve Stack: Lux Cannon (280) - Ai(3)-Inspirit EDHREC Average puts a charge counter on Lux Cannon (280).
Damage: Shadow in the Warp (192) deals 2 non-combat damage to Ai(4)-Kilo Helm B3.
Life: Life: Ai(4)-Kilo Helm B3 26 > 24
Resolve Stack: Whenever an opponent casts their first noncreature spell each turn, Shadow in the Warp deals 2 damage to that player. [Card: Tezzeret, Cruel Captain (355), Activator: Ai(4)-Kilo Helm B3, SpellAbility: Tezzeret, Cruel Captain]
Resolve Stack: Whenever you cast a historic spell, draw a card. (Artifacts, legendaries, and Sagas are historic.) [Card: Tezzeret, Cruel Captain (355), Activator: Ai(4)-Kilo Helm B3, SpellAbility: Tezzeret, Cruel Captain]
Replacement Effect: Tezzeret, Cruel Captain enters with four loyalty counters on it.
Resolve Stack: Tezzeret, Cruel Captain
Add To Stack: Ai(4)-Kilo Helm B3 activated Tezzeret, Cruel Captain
Resolve Stack: Tezzeret, Cruel Captain (355) - Search your library for an artifact card with mana value 1 or less, reveal it, put it into your hand, then shuffle.
Phase: Ai(4)-Kilo Helm B3's End step
Phase: Ai(4)-Kilo Helm B3's Cleanup step
Discard: Ai(4)-Kilo Helm B3 discards Organic Extinction (384).
Discard: Ai(4)-Kilo Helm B3 discards Fumigate (346).
Turn: Turn 30 (Ai(1)-Ur-Dragon B3)
Phase: Ai(1)-Ur-Dragon B3's Untap step
Phase: Ai(1)-Ur-Dragon B3's Upkeep step
Phase: Ai(1)-Ur-Dragon B3's Draw step
Phase: Ai(1)-Ur-Dragon B3's Main phase, precombat
Land: Ai(1)-Ur-Dragon B3 played Mountain (82)
Phase: Ai(1)-Ur-Dragon B3's Beginning of Combat Step
Phase: Ai(1)-Ur-Dragon B3's Declare Attackers Step
Phase: Ai(1)-Ur-Dragon B3's Declare Blockers Step
Phase: Ai(1)-Ur-Dragon B3's First Strike Damage Step
Phase: Ai(1)-Ur-Dragon B3's Combat Damage Step
Phase: Ai(1)-Ur-Dragon B3's End of Combat Step
Phase: Ai(1)-Ur-Dragon B3's Main phase, postcombat
Mana: Frontier Bivouac (97) - {T}: Add {G}, {U}, or {R}.
Mana: Swamp (91) - {T}: Add {B}.
Mana: Plains (42) - {T}: Add {W}.
Mana: Mountain (79) - {T}: Add {R}.
Mana: Forest (50) - {T}: Add {G}.
Mana: Forest (48) - {T}: Add {G}.
Mana: Mountain (82) - {T}: Add {R}.
Mana: Sandsteppe Citadel (11) - {T}: Add {W}, {B}, or {G}.
Mana: Dragon's Hoard (6) - {T}: Add one mana of any color.
Add To Stack: Ai(1)-Ur-Dragon B3 cast The Ur-Dragon
Resolve Stack: The Ur-Dragon - Creature 10 / 10
Add To Stack: Ai(1)-Ur-Dragon B3 triggered Dragon's Hoard
Resolve Stack: Whenever a Dragon you control enters, put a gold counter on Dragon's Hoard. [Zone Changer: The Ur-Dragon (100)]
Phase: Ai(1)-Ur-Dragon B3's End step
Phase: Ai(1)-Ur-Dragon B3's Cleanup step
Turn: Turn 31 (Ai(2)-Dnide Wildsear)
Phase: Ai(2)-Dnide Wildsear's Untap step
Phase: Ai(2)-Dnide Wildsear's Upkeep step
Phase: Ai(2)-Dnide Wildsear's Draw step
Phase: Ai(2)-Dnide Wildsear's Main phase, precombat
Add To Stack: Ai(2)-Dnide Wildsear triggered Klothys, God of Destiny targeting [Organic Extinction (384)]
Life: Life: Ai(2)-Dnide Wildsear 25 > 27
Damage: Klothys, God of Destiny (116) deals 2 non-combat damage to Ai(1)-Ur-Dragon B3.
Damage: Klothys, God of Destiny (116) deals 2 non-combat damage to Ai(3)-Inspirit EDHREC Average.
Damage: Klothys, God of Destiny (116) deals 2 non-combat damage to Ai(4)-Kilo Helm B3.
Life: Life: Ai(1)-Ur-Dragon B3 26 > 24
Life: Life: Ai(3)-Inspirit EDHREC Average 18 > 16
Life: Life: Ai(4)-Kilo Helm B3 24 > 22
Resolve Stack: At the beginning of your first main phase, exile target card from a graveyard. If it was a land card, add {R} or {G}. Otherwise, you gain 2 life and Klothys deals 2 damage to each opponent. (Targeting: [[Organic Extinction (384)]]) [Phase: Ai(2)-Dnide Wildsear]
Replacement Effect: If you tap a permanent for mana, it produces twice as much of that mana instead.
Mana: Mountain (186) - {T}: Add {R}.
Add To Stack: Ai(2)-Dnide Wildsear cast Wild-Magic Sorcerer
Add To Stack: Ai(2)-Dnide Wildsear triggered Sunbird's Invocation
Add To Stack: Ai(2)-Dnide Wildsear cast Herald of the Pantheon
Resolve Stack: Whenever you cast a spell from your hand, reveal the top X cards of your library, where X is that spell's mana value. You may cast a spell with mana value X or less from among cards revealed this way without paying its mana cost. Put the rest on the bottom of your library in a random order. [Card: Wild-Magic Sorcerer (129), Activator: Ai(2)-Dnide Wildsear, SpellAbility: Wild-Magic Sorcerer - Creature 4 / 3]
Resolve Stack: Herald of the Pantheon - Creature 2 / 2
Add To Stack: Ai(2)-Dnide Wildsear triggered Purphoros, God of the Forge
Damage: Purphoros, God of the Forge (105) deals 2 non-combat damage to Ai(1)-Ur-Dragon B3.
Damage: Purphoros, God of the Forge (105) deals 2 non-combat damage to Ai(3)-Inspirit EDHREC Average.
Damage: Purphoros, God of the Forge (105) deals 2 non-combat damage to Ai(4)-Kilo Helm B3.
Life: Life: Ai(1)-Ur-Dragon B3 24 > 22
Life: Life: Ai(3)-Inspirit EDHREC Average 16 > 14
Life: Life: Ai(4)-Kilo Helm B3 22 > 20
Resolve Stack: Whenever another creature you control enters, Purphoros, God of the Forge deals 2 damage to each opponent. [Zone Changer: Herald of the Pantheon (172)]
Resolve Stack: Wild-Magic Sorcerer - Creature 4 / 3
Add To Stack: Ai(2)-Dnide Wildsear triggered Purphoros, God of the Forge
Player Control: Ai(1)-Ur-Dragon B3 has restored control over themself
Player Control: Ai(2)-Dnide Wildsear has restored control over themself
Player Control: Ai(3)-Inspirit EDHREC Average has restored control over themself
Player Control: Ai(4)-Kilo Helm B3 has restored control over themself
Game Outcome: Turn 16
Game Outcome: Ai(1)-Ur-Dragon B3 has won because all opponents have lost
Game Outcome: Ai(2)-Dnide Wildsear has won because all opponents have lost
Game Outcome: Ai(3)-Inspirit EDHREC Average has won because all opponents have lost
Game Outcome: Ai(4)-Kilo Helm B3 has won because all opponents have lost
Match Result: Ai(1)-Ur-Dragon B3: 1 Ai(2)-Dnide Wildsear: 0 Ai(3)-Inspirit EDHREC Average: 0 Ai(4)-Kilo Helm B3: 0 

Game Result: Game 1 ended in 120034 ms. Ai(1)-Ur-Dragon B3 has won!

java.lang.InterruptedException
	at java.base/java.util.concurrent.FutureTask.awaitDone(FutureTask.java:418)
	at java.base/java.util.concurrent.FutureTask.get(FutureTask.java:203)
	at forge.ai.AiController.chooseSpellAbilityToPlayFromList(AiController.java:1680)
	at forge.ai.AiController.getSpellAbilityToPlay(AiController.java:1569)
	at forge.ai.AiController.chooseSpellAbilityToPlay(AiController.java:1389)
	at forge.ai.PlayerControllerAi.chooseSpellAbilityToPlay(PlayerControllerAi.java:833)
	at forge.game.phase.PhaseHandler.mainLoopStep(PhaseHandler.java:1063)
	at forge.game.phase.PhaseHandler.mainGameLoop(PhaseHandler.java:1042)
	at forge.game.phase.PhaseHandler.startFirstTurn(PhaseHandler.java:1036)
	at forge.game.GameAction.startGame(GameAction.java:2373)
	at forge.game.Match.startGame(Match.java:92)
	at forge.game.Match.startGame(Match.java:77)
	at forge.view.SimulateMatch.lambda$simulateSingleMatch$0(SimulateMatch.java:182)
	at forge.view.TimeLimitedCodeBlock.lambda$runWithTimeout$0(TimeLimitedCodeBlock.java:18)
	at java.base/java.util.concurrent.FutureTask.run(FutureTask.java:264)
	at java.base/java.util.concurrent.ThreadPoolExecutor.runWorker(ThreadPoolExecutor.java:1136)
	at java.base/java.util.concurrent.ThreadPoolExecutor$Worker.run(ThreadPoolExecutor.java:635)
	at java.base/java.lang.Thread.run(Thread.java:840)
Warning: default (ie. inherited from base class) implementation of confirmAction is used by Wildsear, Scouring Maw for forge.ai.ability.PermanentCreatureAi. Consider declaring an overloaded method
Mulligan: Ai(2)-Dnide Wildsear has mulliganed down to 7 cards.
Mulligan: Ai(3)-Inspirit EDHREC Average has mulliganed down to 7 cards.
Mulligan: Ai(2)-Dnide Wildsear has mulliganed down to 6 cards.
Mulligan: Ai(1)-Ur-Dragon B3 has kept a hand of 7 cards
Mulligan: Ai(2)-Dnide Wildsear has kept a hand of 6 cards
Mulligan: Ai(3)-Inspirit EDHREC Average has kept a hand of 7 cards
Mulligan: Ai(4)-Kilo Helm B3 has kept a hand of 7 cards
Turn: Turn 1 (Ai(1)-Ur-Dragon B3)
Phase: Ai(1)-Ur-Dragon B3's Untap step
Phase: Ai(1)-Ur-Dragon B3's Upkeep step
Phase: Ai(1)-Ur-Dragon B3's Draw step
Phase: Ai(1)-Ur-Dragon B3's Main phase, precombat
Land: Ai(1)-Ur-Dragon B3 played Island (53)
Phase: Ai(1)-Ur-Dragon B3's Beginning of Combat Step
Phase: Ai(1)-Ur-Dragon B3's Declare Attackers Step
Phase: Ai(1)-Ur-Dragon B3's Declare Blockers Step
Phase: Ai(1)-Ur-Dragon B3's First Strike Damage Step
Phase: Ai(1)-Ur-Dragon B3's Combat Damage Step
Phase: Ai(1)-Ur-Dragon B3's End of Combat Step
Phase: Ai(1)-Ur-Dragon B3's Main phase, postcombat
Phase: Ai(1)-Ur-Dragon B3's End step
Phase: Ai(1)-Ur-Dragon B3's Cleanup step
Turn: Turn 2 (Ai(2)-Dnide Wildsear)
Phase: Ai(2)-Dnide Wildsear's Untap step
Phase: Ai(2)-Dnide Wildsear's Upkeep step
Phase: Ai(2)-Dnide Wildsear's Draw step
Phase: Ai(2)-Dnide Wildsear's Main phase, precombat
Land: Ai(2)-Dnide Wildsear played Forest (148)
Phase: Ai(2)-Dnide Wildsear's Beginning of Combat Step
Phase: Ai(2)-Dnide Wildsear's Declare Attackers Step
Phase: Ai(2)-Dnide Wildsear's Declare Blockers Step
Phase: Ai(2)-Dnide Wildsear's First Strike Damage Step
Phase: Ai(2)-Dnide Wildsear's Combat Damage Step
Phase: Ai(2)-Dnide Wildsear's End of Combat Step
Phase: Ai(2)-Dnide Wildsear's Main phase, postcombat
Phase: Ai(2)-Dnide Wildsear's End step
Phase: Ai(2)-Dnide Wildsear's Cleanup step
Turn: Turn 3 (Ai(3)-Inspirit EDHREC Average)
Phase: Ai(3)-Inspirit EDHREC Average's Untap step
Phase: Ai(3)-Inspirit EDHREC Average's Upkeep step
Phase: Ai(3)-Inspirit EDHREC Average's Draw step
Phase: Ai(3)-Inspirit EDHREC Average's Main phase, precombat
Land: Ai(3)-Inspirit EDHREC Average played Plains (261)
Phase: Ai(3)-Inspirit EDHREC Average's Beginning of Combat Step
Phase: Ai(3)-Inspirit EDHREC Average's Declare Attackers Step
Phase: Ai(3)-Inspirit EDHREC Average's Declare Blockers Step
Phase: Ai(3)-Inspirit EDHREC Average's First Strike Damage Step
Phase: Ai(3)-Inspirit EDHREC Average's Combat Damage Step
Phase: Ai(3)-Inspirit EDHREC Average's End of Combat Step
Phase: Ai(3)-Inspirit EDHREC Average's Main phase, postcombat
Phase: Ai(3)-Inspirit EDHREC Average's End step
Phase: Ai(3)-Inspirit EDHREC Average's Cleanup step
Turn: Turn 4 (Ai(4)-Kilo Helm B3)
Phase: Ai(4)-Kilo Helm B3's Untap step
Phase: Ai(4)-Kilo Helm B3's Upkeep step
Phase: Ai(4)-Kilo Helm B3's Draw step
Phase: Ai(4)-Kilo Helm B3's Main phase, precombat
Land: Ai(4)-Kilo Helm B3 played Cascade Bluffs (328)
Phase: Ai(4)-Kilo Helm B3's Beginning of Combat Step
Phase: Ai(4)-Kilo Helm B3's Declare Attackers Step
Phase: Ai(4)-Kilo Helm B3's Declare Blockers Step
Phase: Ai(4)-Kilo Helm B3's First Strike Damage Step
Phase: Ai(4)-Kilo Helm B3's Combat Damage Step
Phase: Ai(4)-Kilo Helm B3's End of Combat Step
Phase: Ai(4)-Kilo Helm B3's Main phase, postcombat
Phase: Ai(4)-Kilo Helm B3's End step
Phase: Ai(4)-Kilo Helm B3's Cleanup step
Turn: Turn 5 (Ai(1)-Ur-Dragon B3)
Phase: Ai(1)-Ur-Dragon B3's Untap step
Phase: Ai(1)-Ur-Dragon B3's Upkeep step
Phase: Ai(1)-Ur-Dragon B3's Draw step
Phase: Ai(1)-Ur-Dragon B3's Main phase, precombat
Replacement Effect: Seaside Citadel enters tapped.
Land: Ai(1)-Ur-Dragon B3 played Seaside Citadel (74)
Phase: Ai(1)-Ur-Dragon B3's Beginning of Combat Step
Phase: Ai(1)-Ur-Dragon B3's Declare Attackers Step
Phase: Ai(1)-Ur-Dragon B3's Declare Blockers Step
Phase: Ai(1)-Ur-Dragon B3's First Strike Damage Step
Phase: Ai(1)-Ur-Dragon B3's Combat Damage Step
Phase: Ai(1)-Ur-Dragon B3's End of Combat Step
Phase: Ai(1)-Ur-Dragon B3's Main phase, postcombat
Phase: Ai(1)-Ur-Dragon B3's End step
Phase: Ai(1)-Ur-Dragon B3's Cleanup step
Turn: Turn 6 (Ai(2)-Dnide Wildsear)
Phase: Ai(2)-Dnide Wildsear's Untap step
Phase: Ai(2)-Dnide Wildsear's Upkeep step
Phase: Ai(2)-Dnide Wildsear's Draw step
Phase: Ai(2)-Dnide Wildsear's Main phase, precombat
Land: Ai(2)-Dnide Wildsear played Mountain (179)
Phase: Ai(2)-Dnide Wildsear's Beginning of Combat Step
Phase: Ai(2)-Dnide Wildsear's Declare Attackers Step
Phase: Ai(2)-Dnide Wildsear's Declare Blockers Step
Phase: Ai(2)-Dnide Wildsear's First Strike Damage Step
Phase: Ai(2)-Dnide Wildsear's Combat Damage Step
Phase: Ai(2)-Dnide Wildsear's End of Combat Step
Phase: Ai(2)-Dnide Wildsear's Main phase, postcombat
Mana: Forest (148) - {T}: Add {G}.
Mana: Mountain (179) - {T}: Add {R}.
Add To Stack: Ai(2)-Dnide Wildsear cast Herald of the Pantheon
Resolve Stack: Herald of the Pantheon - Creature 2 / 2
Phase: Ai(2)-Dnide Wildsear's End step
Mana: Plains (261) - {T}: Add {W}.
Add To Stack: Ai(3)-Inspirit EDHREC Average cast Swords to Plowshares targeting [Herald of the Pantheon (172)]
Zone Change: Herald of the Pantheon (172) was put into Exile from Battlefield.
Life: Life: Ai(2)-Dnide Wildsear 40 > 42
Resolve Stack: Swords to Plowshares (253) - Exile Herald of the Pantheon (172). Ai(2)-Dnide Wildsear gains life equal to its power.
Phase: Ai(2)-Dnide Wildsear's Cleanup step
Turn: Turn 7 (Ai(3)-Inspirit EDHREC Average)
Phase: Ai(3)-Inspirit EDHREC Average's Untap step
Phase: Ai(3)-Inspirit EDHREC Average's Upkeep step
Phase: Ai(3)-Inspirit EDHREC Average's Draw step
Phase: Ai(3)-Inspirit EDHREC Average's Main phase, precombat
Land: Ai(3)-Inspirit EDHREC Average played Command Tower (207)
Phase: Ai(3)-Inspirit EDHREC Average's Beginning of Combat Step
Phase: Ai(3)-Inspirit EDHREC Average's Declare Attackers Step
Phase: Ai(3)-Inspirit EDHREC Average's Declare Blockers Step
Phase: Ai(3)-Inspirit EDHREC Average's First Strike Damage Step
Phase: Ai(3)-Inspirit EDHREC Average's Combat Damage Step
Phase: Ai(3)-Inspirit EDHREC Average's End of Combat Step
Phase: Ai(3)-Inspirit EDHREC Average's Main phase, postcombat
Phase: Ai(3)-Inspirit EDHREC Average's End step
Phase: Ai(3)-Inspirit EDHREC Average's Cleanup step
Turn: Turn 8 (Ai(4)-Kilo Helm B3)
Phase: Ai(4)-Kilo Helm B3's Untap step
Phase: Ai(4)-Kilo Helm B3's Upkeep step
Phase: Ai(4)-Kilo Helm B3's Draw step
Phase: Ai(4)-Kilo Helm B3's Main phase, precombat
Land: Ai(4)-Kilo Helm B3 played Island (366)
Phase: Ai(4)-Kilo Helm B3's Beginning of Combat Step
Phase: Ai(4)-Kilo Helm B3's Declare Attackers Step
Phase: Ai(4)-Kilo Helm B3's Declare Blockers Step
Phase: Ai(4)-Kilo Helm B3's First Strike Damage Step
Phase: Ai(4)-Kilo Helm B3's Combat Damage Step
Phase: Ai(4)-Kilo Helm B3's End of Combat Step
Phase: Ai(4)-Kilo Helm B3's Main phase, postcombat
Mana: Island (366) - {T}: Add {U}.
Mana: Cascade Bluffs (328) - {T}: Add {C}.
Add To Stack: Ai(4)-Kilo Helm B3 cast Arcane Signet
Resolve Stack: Arcane Signet
Phase: Ai(4)-Kilo Helm B3's End step
Phase: Ai(4)-Kilo Helm B3's Cleanup step
Turn: Turn 9 (Ai(1)-Ur-Dragon B3)
Phase: Ai(1)-Ur-Dragon B3's Untap step
Phase: Ai(1)-Ur-Dragon B3's Upkeep step
Phase: Ai(1)-Ur-Dragon B3's Draw step
Phase: Ai(1)-Ur-Dragon B3's Main phase, precombat
Land: Ai(1)-Ur-Dragon B3 played Mountain (78)
Phase: Ai(1)-Ur-Dragon B3's Beginning of Combat Step
Phase: Ai(1)-Ur-Dragon B3's Declare Attackers Step
Phase: Ai(1)-Ur-Dragon B3's Declare Blockers Step
Phase: Ai(1)-Ur-Dragon B3's First Strike Damage Step
Phase: Ai(1)-Ur-Dragon B3's Combat Damage Step
Phase: Ai(1)-Ur-Dragon B3's End of Combat Step
Phase: Ai(1)-Ur-Dragon B3's Main phase, postcombat
Phase: Ai(1)-Ur-Dragon B3's End step
Phase: Ai(1)-Ur-Dragon B3's Cleanup step
Turn: Turn 10 (Ai(2)-Dnide Wildsear)
Phase: Ai(2)-Dnide Wildsear's Untap step
Phase: Ai(2)-Dnide Wildsear's Upkeep step
Phase: Ai(2)-Dnide Wildsear's Draw step
Phase: Ai(2)-Dnide Wildsear's Main phase, precombat
Land: Ai(2)-Dnide Wildsear played Mountain (176)
Phase: Ai(2)-Dnide Wildsear's Beginning of Combat Step
Phase: Ai(2)-Dnide Wildsear's Declare Attackers Step
Phase: Ai(2)-Dnide Wildsear's Declare Blockers Step
Phase: Ai(2)-Dnide Wildsear's First Strike Damage Step
Phase: Ai(2)-Dnide Wildsear's Combat Damage Step
Phase: Ai(2)-Dnide Wildsear's End of Combat Step
Phase: Ai(2)-Dnide Wildsear's Main phase, postcombat
Mana: Forest (148) - {T}: Add {G}.
Mana: Mountain (179) - {T}: Add {R}.
Mana: Mountain (176) - {T}: Add {R}.
Add To Stack: Ai(2)-Dnide Wildsear cast Cultivate
Resolve Stack: Cultivate (126) - Search your library for up to two basic land cards, reveal those cards, put one onto the battlefield tapped and the other into your hand, then shuffle.   
Phase: Ai(2)-Dnide Wildsear's End step
Phase: Ai(2)-Dnide Wildsear's Cleanup step
Turn: Turn 11 (Ai(3)-Inspirit EDHREC Average)
Phase: Ai(3)-Inspirit EDHREC Average's Untap step
Phase: Ai(3)-Inspirit EDHREC Average's Upkeep step
Phase: Ai(3)-Inspirit EDHREC Average's Draw step
Phase: Ai(3)-Inspirit EDHREC Average's Main phase, precombat
Land: Ai(3)-Inspirit EDHREC Average played Battlefield Forge (216)
Phase: Ai(3)-Inspirit EDHREC Average's Beginning of Combat Step
Phase: Ai(3)-Inspirit EDHREC Average's Declare Attackers Step
Phase: Ai(3)-Inspirit EDHREC Average's Declare Blockers Step
Phase: Ai(3)-Inspirit EDHREC Average's First Strike Damage Step
Phase: Ai(3)-Inspirit EDHREC Average's Combat Damage Step
Phase: Ai(3)-Inspirit EDHREC Average's End of Combat Step
Phase: Ai(3)-Inspirit EDHREC Average's Main phase, postcombat
Mana: Plains (261) - {T}: Add {W}.
Mana: Command Tower (207) - {T}: Add one mana of any color in your commander's color identity.
Mana: Battlefield Forge (216) - {T}: Add {C}.
Add To Stack: Ai(3)-Inspirit EDHREC Average cast Astral Cornucopia
Replacement Effect: Astral Cornucopia enters with X charge counters on it.
Resolve Stack: Astral Cornucopia (X=1)
Phase: Ai(3)-Inspirit EDHREC Average's End step
Phase: Ai(3)-Inspirit EDHREC Average's Cleanup step
Turn: Turn 12 (Ai(4)-Kilo Helm B3)
Phase: Ai(4)-Kilo Helm B3's Untap step
Phase: Ai(4)-Kilo Helm B3's Upkeep step
Phase: Ai(4)-Kilo Helm B3's Draw step
Phase: Ai(4)-Kilo Helm B3's Main phase, precombat
Land: Ai(4)-Kilo Helm B3 played Mountain (390)
Mana: Arcane Signet (397) - {T}: Add one mana of any color in your commander's color identity.
Mana: Mountain (390) - {T}: Add {R}.
Mana: Island (366) - {T}: Add {U}.
Add To Stack: Ai(4)-Kilo Helm B3 cast Kilo, Apogee Mind
Resolve Stack: Kilo, Apogee Mind - Creature 3 / 3
Phase: Ai(4)-Kilo Helm B3's Beginning of Combat Step
Phase: Ai(4)-Kilo Helm B3's Declare Attackers Step
Combat: Ai(4)-Kilo Helm B3 assigned Kilo, Apogee Mind (403) to attack Ai(3)-Inspirit EDHREC Average.
Add To Stack: Ai(4)-Kilo Helm B3 triggered Kilo, Apogee Mind
Resolve Stack: Whenever Kilo becomes tapped, proliferate. (Choose any number of permanents and/or players, then give each another counter of each kind already there.) [Tapped: Kilo, Apogee Mind (403)]
Phase: Ai(4)-Kilo Helm B3's Declare Blockers Step
Combat: Ai(3)-Inspirit EDHREC Average didn't block Kilo, Apogee Mind (403).
Phase: Ai(4)-Kilo Helm B3's First Strike Damage Step
Phase: Ai(4)-Kilo Helm B3's Combat Damage Step
Damage: Kilo, Apogee Mind (403) deals 3 combat damage to Ai(3)-Inspirit EDHREC Average.
Life: Life: Ai(3)-Inspirit EDHREC Average 40 > 37
Phase: Ai(4)-Kilo Helm B3's End of Combat Step
Phase: Ai(4)-Kilo Helm B3's Main phase, postcombat
Phase: Ai(4)-Kilo Helm B3's End step
Phase: Ai(4)-Kilo Helm B3's Cleanup step
Turn: Turn 13 (Ai(1)-Ur-Dragon B3)
Phase: Ai(1)-Ur-Dragon B3's Untap step
Phase: Ai(1)-Ur-Dragon B3's Upkeep step
Phase: Ai(1)-Ur-Dragon B3's Draw step
Phase: Ai(1)-Ur-Dragon B3's Main phase, precombat
Land: Ai(1)-Ur-Dragon B3 played Forest (48)
Phase: Ai(1)-Ur-Dragon B3's Beginning of Combat Step
Phase: Ai(1)-Ur-Dragon B3's Declare Attackers Step
Phase: Ai(1)-Ur-Dragon B3's Declare Blockers Step
Phase: Ai(1)-Ur-Dragon B3's First Strike Damage Step
Phase: Ai(1)-Ur-Dragon B3's Combat Damage Step
Phase: Ai(1)-Ur-Dragon B3's End of Combat Step
Phase: Ai(1)-Ur-Dragon B3's Main phase, postcombat
Mana: Seaside Citadel (74) - {T}: Add {G}, {W}, or {U}.
Mana: Forest (48) - {T}: Add {G}.
Mana: Island (53) - {T}: Add {U}.
Mana: Mountain (78) - {T}: Add {R}.
Add To Stack: Ai(1)-Ur-Dragon B3 cast Dromoka, the Eternal
Resolve Stack: Dromoka, the Eternal - Creature 5 / 5
Phase: Ai(1)-Ur-Dragon B3's End step
Phase: Ai(1)-Ur-Dragon B3's Cleanup step
Turn: Turn 14 (Ai(2)-Dnide Wildsear)
Phase: Ai(2)-Dnide Wildsear's Untap step
Phase: Ai(2)-Dnide Wildsear's Upkeep step
Phase: Ai(2)-Dnide Wildsear's Draw step
Phase: Ai(2)-Dnide Wildsear's Main phase, precombat
Land: Ai(2)-Dnide Wildsear played Mountain (174)
Phase: Ai(2)-Dnide Wildsear's Beginning of Combat Step
Phase: Ai(2)-Dnide Wildsear's Declare Attackers Step
Phase: Ai(2)-Dnide Wildsear's Declare Blockers Step
Phase: Ai(2)-Dnide Wildsear's First Strike Damage Step
Phase: Ai(2)-Dnide Wildsear's Combat Damage Step
Phase: Ai(2)-Dnide Wildsear's End of Combat Step
Phase: Ai(2)-Dnide Wildsear's Main phase, postcombat
Mana: Forest (148) - {T}: Add {G}.
Mana: Mountain (179) - {T}: Add {R}.
Mana: Mountain (176) - {T}: Add {R}.
Mana: Mountain (174) - {T}: Add {R}.
Mana: Forest (158) - {T}: Add {G}.
Add To Stack: Ai(2)-Dnide Wildsear cast Wildsear, Scouring Maw
Resolve Stack: Wildsear, Scouring Maw - Creature 6 / 6
Phase: Ai(2)-Dnide Wildsear's End step
Phase: Ai(2)-Dnide Wildsear's Cleanup step
Turn: Turn 15 (Ai(3)-Inspirit EDHREC Average)
Phase: Ai(3)-Inspirit EDHREC Average's Untap step
Phase: Ai(3)-Inspirit EDHREC Average's Upkeep step
Phase: Ai(3)-Inspirit EDHREC Average's Draw step
Phase: Ai(3)-Inspirit EDHREC Average's Main phase, precombat
Phase: Ai(3)-Inspirit EDHREC Average's Beginning of Combat Step
Phase: Ai(3)-Inspirit EDHREC Average's Declare Attackers Step
Phase: Ai(3)-Inspirit EDHREC Average's Declare Blockers Step
Phase: Ai(3)-Inspirit EDHREC Average's First Strike Damage Step
Phase: Ai(3)-Inspirit EDHREC Average's Combat Damage Step
Phase: Ai(3)-Inspirit EDHREC Average's End of Combat Step
Phase: Ai(3)-Inspirit EDHREC Average's Main phase, postcombat
Land: Ai(3)-Inspirit EDHREC Average played Island (268)
Mana: Plains (261) - {T}: Add {W}.
Mana: Island (268) - {T}: Add {U}.
Mana: Command Tower (207) - {T}: Add one mana of any color in your commander's color identity.
Mana: Battlefield Forge (216) - {T}: Add {C}.
Add To Stack: Ai(3)-Inspirit EDHREC Average cast Everflowing Chalice
Add To Stack: Ai(4)-Kilo Helm B3 cast Fierce Guardianship targeting [Everflowing Chalice]
Zone Change: Send countered spell to Graveyard
Resolve Stack: Fierce Guardianship (323) - Counter Everflowing Chalice (237).
Phase: Ai(3)-Inspirit EDHREC Average's End step
Phase: Ai(3)-Inspirit EDHREC Average's Cleanup step
Turn: Turn 16 (Ai(4)-Kilo Helm B3)
Phase: Ai(4)-Kilo Helm B3's Untap step
Phase: Ai(4)-Kilo Helm B3's Upkeep step
Mana: Arcane Signet (397) - {T}: Add one mana of any color in your commander's color identity.
Add To Stack: Ai(4)-Kilo Helm B3 cast Swords to Plowshares targeting [Wildsear, Scouring Maw (201)]
Zone Change: Wildsear, Scouring Maw (201) was put into Exile from Battlefield.
Life: Life: Ai(2)-Dnide Wildsear 42 > 48
Resolve Stack: Swords to Plowshares (350) - Exile Wildsear, Scouring Maw (201). Ai(2)-Dnide Wildsear gains life equal to its power.
Phase: Ai(4)-Kilo Helm B3's Draw step
Phase: Ai(4)-Kilo Helm B3's Main phase, precombat
Land: Ai(4)-Kilo Helm B3 played Island (368)
Phase: Ai(4)-Kilo Helm B3's Beginning of Combat Step
Phase: Ai(4)-Kilo Helm B3's Declare Attackers Step
Phase: Ai(4)-Kilo Helm B3's Declare Blockers Step
Phase: Ai(4)-Kilo Helm B3's First Strike Damage Step
Phase: Ai(4)-Kilo Helm B3's Combat Damage Step
Phase: Ai(4)-Kilo Helm B3's End of Combat Step
Phase: Ai(4)-Kilo Helm B3's Main phase, postcombat
Mana: Island (366) - {T}: Add {U}.
Mana: Island (368) - {T}: Add {U}.
Mana: Mountain (390) - {T}: Add {R}.
Mana: Cascade Bluffs (328) - {T}: Add {C}.
Add To Stack: Ai(4)-Kilo Helm B3 cast Tekuthal, Inquiry Dominus
Resolve Stack: Tekuthal, Inquiry Dominus - Creature 3 / 5
Phase: Ai(4)-Kilo Helm B3's End step
Phase: Ai(4)-Kilo Helm B3's Cleanup step
Turn: Turn 17 (Ai(1)-Ur-Dragon B3)
Phase: Ai(1)-Ur-Dragon B3's Untap step
Phase: Ai(1)-Ur-Dragon B3's Upkeep step
Phase: Ai(1)-Ur-Dragon B3's Draw step
Phase: Ai(1)-Ur-Dragon B3's Main phase, precombat
Land: Ai(1)-Ur-Dragon B3 played Mountain (81)
Mana: Mountain (78) - {T}: Add {R}.
Mana: Mountain (81) - {T}: Add {R}.
Mana: Island (53) - {T}: Add {U}.
Mana: Forest (48) - {T}: Add {G}.
Add To Stack: Ai(1)-Ur-Dragon B3 cast Glorybringer
Resolve Stack: Glorybringer - Creature 4 / 4
Phase: Ai(1)-Ur-Dragon B3's Beginning of Combat Step
Phase: Ai(1)-Ur-Dragon B3's Declare Attackers Step
Combat: Ai(1)-Ur-Dragon B3 assigned Dromoka, the Eternal (76) to attack Ai(4)-Kilo Helm B3.
Add To Stack: Ai(1)-Ur-Dragon B3 triggered Dromoka, the Eternal
Resolve Stack: Whenever a Dragon you control attacks, bolster 2. (Choose a creature with the least toughness among creatures you control and put two +1/+1 counters on it.) [Attacker: Dromoka, the Eternal (76)]
Phase: Ai(1)-Ur-Dragon B3's Declare Blockers Step
Combat: Ai(4)-Kilo Helm B3 didn't block Dromoka, the Eternal (76).
Phase: Ai(1)-Ur-Dragon B3's First Strike Damage Step
Phase: Ai(1)-Ur-Dragon B3's Combat Damage Step
Damage: Dromoka, the Eternal (76) deals 5 combat damage to Ai(4)-Kilo Helm B3.
Life: Life: Ai(4)-Kilo Helm B3 40 > 35
Phase: Ai(1)-Ur-Dragon B3's End of Combat Step
Phase: Ai(1)-Ur-Dragon B3's Main phase, postcombat
Phase: Ai(1)-Ur-Dragon B3's End step
Phase: Ai(1)-Ur-Dragon B3's Cleanup step
Turn: Turn 18 (Ai(2)-Dnide Wildsear)
Phase: Ai(2)-Dnide Wildsear's Untap step
Phase: Ai(2)-Dnide Wildsear's Upkeep step
Phase: Ai(2)-Dnide Wildsear's Draw step
Phase: Ai(2)-Dnide Wildsear's Main phase, precombat
Land: Ai(2)-Dnide Wildsear played Forest (149)
Phase: Ai(2)-Dnide Wildsear's Beginning of Combat Step
Phase: Ai(2)-Dnide Wildsear's Declare Attackers Step
Phase: Ai(2)-Dnide Wildsear's Declare Blockers Step
Phase: Ai(2)-Dnide Wildsear's First Strike Damage Step
Phase: Ai(2)-Dnide Wildsear's Combat Damage Step
Phase: Ai(2)-Dnide Wildsear's End of Combat Step
Phase: Ai(2)-Dnide Wildsear's Main phase, postcombat
Mana: Mountain (179) - {T}: Add {R}.
Mana: Mountain (176) - {T}: Add {R}.
Mana: Mountain (174) - {T}: Add {R}.
Mana: Forest (148) - {T}: Add {G}.
Add To Stack: Ai(2)-Dnide Wildsear cast Wild-Magic Sorcerer
Resolve Stack: Wild-Magic Sorcerer - Creature 4 / 3
Phase: Ai(2)-Dnide Wildsear's End step
Phase: Ai(2)-Dnide Wildsear's Cleanup step
Turn: Turn 19 (Ai(3)-Inspirit EDHREC Average)
Phase: Ai(3)-Inspirit EDHREC Average's Untap step
Phase: Ai(3)-Inspirit EDHREC Average's Upkeep step
Phase: Ai(3)-Inspirit EDHREC Average's Draw step
Phase: Ai(3)-Inspirit EDHREC Average's Main phase, precombat
Land: Ai(3)-Inspirit EDHREC Average played Great Furnace (298)
Phase: Ai(3)-Inspirit EDHREC Average's Beginning of Combat Step
Phase: Ai(3)-Inspirit EDHREC Average's Declare Attackers Step
Phase: Ai(3)-Inspirit EDHREC Average's Declare Blockers Step
Phase: Ai(3)-Inspirit EDHREC Average's First Strike Damage Step
Phase: Ai(3)-Inspirit EDHREC Average's Combat Damage Step
Phase: Ai(3)-Inspirit EDHREC Average's End of Combat Step
Phase: Ai(3)-Inspirit EDHREC Average's Main phase, postcombat
Mana: Great Furnace (298) - {T}: Add {R}.
Mana: Plains (261) - {T}: Add {W}.
Mana: Island (268) - {T}: Add {U}.
Mana: Command Tower (207) - {T}: Add one mana of any color in your commander's color identity.
Mana: Battlefield Forge (216) - {T}: Add {C}.
Add To Stack: Ai(3)-Inspirit EDHREC Average cast Alibou, Ancient Witness
Resolve Stack: Alibou, Ancient Witness - Creature 4 / 5
Phase: Ai(3)-Inspirit EDHREC Average's End step
Phase: Ai(3)-Inspirit EDHREC Average's Cleanup step
Turn: Turn 20 (Ai(4)-Kilo Helm B3)
Phase: Ai(4)-Kilo Helm B3's Untap step
Phase: Ai(4)-Kilo Helm B3's Upkeep step
Phase: Ai(4)-Kilo Helm B3's Draw step
Phase: Ai(4)-Kilo Helm B3's Main phase, precombat
Land: Ai(4)-Kilo Helm B3 played Mountain (391)
Phase: Ai(4)-Kilo Helm B3's Beginning of Combat Step
Phase: Ai(4)-Kilo Helm B3's Declare Attackers Step
Phase: Ai(4)-Kilo Helm B3's Declare Blockers Step
Phase: Ai(4)-Kilo Helm B3's First Strike Damage Step
Phase: Ai(4)-Kilo Helm B3's Combat Damage Step
Phase: Ai(4)-Kilo Helm B3's End of Combat Step
Phase: Ai(4)-Kilo Helm B3's Main phase, postcombat
Mana: Island (366) - {T}: Add {U}.
Mana: Mountain (390) - {T}: Add {R}.
Mana: Mountain (391) - {T}: Add {R}.
Mana: Island (368) - {T}: Add {U}.
Add To Stack: Ai(4)-Kilo Helm B3 cast Padeem, Consul of Innovation
Resolve Stack: Padeem, Consul of Innovation - Creature 1 / 4
Mana: Arcane Signet (397) - {T}: Add one mana of any color in your commander's color identity.
Mana: Cascade Bluffs (328) - {T}: Add {C}.
Add To Stack: Ai(4)-Kilo Helm B3 cast Etherium Sculptor
Resolve Stack: Etherium Sculptor - Creature 1 / 2
Phase: Ai(4)-Kilo Helm B3's End step
Phase: Ai(4)-Kilo Helm B3's Cleanup step
Turn: Turn 21 (Ai(1)-Ur-Dragon B3)
Phase: Ai(1)-Ur-Dragon B3's Untap step
Phase: Ai(1)-Ur-Dragon B3's Upkeep step
Phase: Ai(1)-Ur-Dragon B3's Draw step
Phase: Ai(1)-Ur-Dragon B3's Main phase, precombat
Land: Ai(1)-Ur-Dragon B3 played Forest (46)
Phase: Ai(1)-Ur-Dragon B3's Beginning of Combat Step
Phase: Ai(1)-Ur-Dragon B3's Declare Attackers Step
Combat: Ai(1)-Ur-Dragon B3 assigned Dromoka, the Eternal (76) and Glorybringer (4) to attack Ai(4)-Kilo Helm B3.
Add To Stack: Ai(1)-Ur-Dragon B3 triggered Dromoka, the Eternal
Add To Stack: Ai(1)-Ur-Dragon B3 triggered Dromoka, the Eternal
Resolve Stack: Whenever a Dragon you control attacks, bolster 2. (Choose a creature with the least toughness among creatures you control and put two +1/+1 counters on it.) [Attacker: Glorybringer (4)]
Resolve Stack: Whenever a Dragon you control attacks, bolster 2. (Choose a creature with the least toughness among creatures you control and put two +1/+1 counters on it.) [Attacker: Dromoka, the Eternal (76)]
Phase: Ai(1)-Ur-Dragon B3's Declare Blockers Step
Combat: Ai(4)-Kilo Helm B3 didn't block Dromoka, the Eternal (76).
Ai(4)-Kilo Helm B3 didn't block Glorybringer (4).
Phase: Ai(1)-Ur-Dragon B3's First Strike Damage Step
Phase: Ai(1)-Ur-Dragon B3's Combat Damage Step
Damage: Dromoka, the Eternal (76) deals 7 combat damage to Ai(4)-Kilo Helm B3.
Damage: Glorybringer (4) deals 8 combat damage to Ai(4)-Kilo Helm B3.
Life: Life: Ai(4)-Kilo Helm B3 35 > 20
Phase: Ai(1)-Ur-Dragon B3's End of Combat Step
Phase: Ai(1)-Ur-Dragon B3's Main phase, postcombat
Phase: Ai(1)-Ur-Dragon B3's End step
Phase: Ai(1)-Ur-Dragon B3's Cleanup step
Turn: Turn 22 (Ai(2)-Dnide Wildsear)
Phase: Ai(2)-Dnide Wildsear's Untap step
Phase: Ai(2)-Dnide Wildsear's Upkeep step
Phase: Ai(2)-Dnide Wildsear's Draw step
Phase: Ai(2)-Dnide Wildsear's Main phase, precombat
Mana: Mountain (179) - {T}: Add {R}.
Mana: Mountain (176) - {T}: Add {R}.
Mana: Mountain (174) - {T}: Add {R}.
Add To Stack: Ai(2)-Dnide Wildsear cast Hammer of Purphoros
Resolve Stack: Hammer of Purphoros
Phase: Ai(2)-Dnide Wildsear's Beginning of Combat Step
Phase: Ai(2)-Dnide Wildsear's Declare Attackers Step
Combat: Ai(2)-Dnide Wildsear assigned Wild-Magic Sorcerer (129) to attack Ai(1)-Ur-Dragon B3.
Phase: Ai(2)-Dnide Wildsear's Declare Blockers Step
Combat: Ai(1)-Ur-Dragon B3 didn't block Wild-Magic Sorcerer (129).
Phase: Ai(2)-Dnide Wildsear's First Strike Damage Step
Phase: Ai(2)-Dnide Wildsear's Combat Damage Step
Damage: Wild-Magic Sorcerer (129) deals 4 combat damage to Ai(1)-Ur-Dragon B3.
Life: Life: Ai(1)-Ur-Dragon B3 40 > 36
Phase: Ai(2)-Dnide Wildsear's End of Combat Step
Phase: Ai(2)-Dnide Wildsear's Main phase, postcombat
Phase: Ai(2)-Dnide Wildsear's End step
Phase: Ai(2)-Dnide Wildsear's Cleanup step
Turn: Turn 23 (Ai(3)-Inspirit EDHREC Average)
Phase: Ai(3)-Inspirit EDHREC Average's Untap step
Phase: Ai(3)-Inspirit EDHREC Average's Upkeep step
Phase: Ai(3)-Inspirit EDHREC Average's Draw step
Phase: Ai(3)-Inspirit EDHREC Average's Main phase, precombat
Mana: Great Furnace (298) - {T}: Add {R}.
Mana: Island (268) - {T}: Add {U}.
Add To Stack: Ai(3)-Inspirit EDHREC Average cast Steel Overseer
Resolve Stack: Steel Overseer - Creature 1 / 1
Phase: Ai(3)-Inspirit EDHREC Average's Beginning of Combat Step
Phase: Ai(3)-Inspirit EDHREC Average's Declare Attackers Step
Combat: Ai(3)-Inspirit EDHREC Average assigned Alibou, Ancient Witness (274) and Steel Overseer (204) to attack Ai(1)-Ur-Dragon B3.
Add To Stack: Ai(3)-Inspirit EDHREC Average triggered Alibou, Ancient Witness targeting [Ai(4)-Kilo Helm B3]
Damage: Alibou, Ancient Witness (274) deals 3 non-combat damage to Ai(4)-Kilo Helm B3.
Life: Life: Ai(4)-Kilo Helm B3 20 > 17
Resolve Stack: Ai(3)-Inspirit EDHREC Average scried 3 card(s) to the top of the library
Resolve Stack: Whenever one or more artifact creatures you control attack, Alibou, Ancient Witness deals X damage to any target and you scry X, where X is the number of tapped artifacts you control. (Targeting: [[Ai(4)-Kilo Helm B3]]) [Number Attackers: [Alibou, Ancient Witness (274), Steel Overseer (204)]]
Phase: Ai(3)-Inspirit EDHREC Average's Declare Blockers Step
Combat: Ai(1)-Ur-Dragon B3 didn't block Alibou, Ancient Witness (274).
Ai(1)-Ur-Dragon B3 didn't block Steel Overseer (204).
Phase: Ai(3)-Inspirit EDHREC Average's First Strike Damage Step
Phase: Ai(3)-Inspirit EDHREC Average's Combat Damage Step
Damage: Alibou, Ancient Witness (274) deals 4 combat damage to Ai(1)-Ur-Dragon B3.
Damage: Steel Overseer (204) deals 1 combat damage to Ai(1)-Ur-Dragon B3.
Life: Life: Ai(1)-Ur-Dragon B3 36 > 31
Phase: Ai(3)-Inspirit EDHREC Average's End of Combat Step
Phase: Ai(3)-Inspirit EDHREC Average's Main phase, postcombat
Mana: Command Tower (207) - {T}: Add one mana of any color in your commander's color identity.
Mana: Plains (261) - {T}: Add {W}.
Mana: Battlefield Forge (216) - {T}: Add {C}.
Add To Stack: Ai(3)-Inspirit EDHREC Average cast Uthros Research Craft
Resolve Stack: Uthros Research Craft
Phase: Ai(3)-Inspirit EDHREC Average's End step
Phase: Ai(3)-Inspirit EDHREC Average's Cleanup step
Turn: Turn 24 (Ai(4)-Kilo Helm B3)
Phase: Ai(4)-Kilo Helm B3's Untap step
Phase: Ai(4)-Kilo Helm B3's Upkeep step
Phase: Ai(4)-Kilo Helm B3's Draw step
Phase: Ai(4)-Kilo Helm B3's Main phase, precombat
Phase: Ai(4)-Kilo Helm B3's Beginning of Combat Step
Phase: Ai(4)-Kilo Helm B3's Declare Attackers Step
Combat: Ai(4)-Kilo Helm B3 assigned Kilo, Apogee Mind (403), Tekuthal, Inquiry Dominus (333), Padeem, Consul of Innovation (304) and Etherium Sculptor (364) to attack Ai(1)-Ur-Dragon B3.
Add To Stack: Ai(4)-Kilo Helm B3 triggered Kilo, Apogee Mind
Replacement Effect: If you would proliferate, proliferate twice instead.
Resolve Stack: Whenever Kilo becomes tapped, proliferate. (Choose any number of permanents and/or players, then give each another counter of each kind already there.) [Tapped: Kilo, Apogee Mind (403)]
Phase: Ai(4)-Kilo Helm B3's Declare Blockers Step
Combat: Ai(1)-Ur-Dragon B3 didn't block Kilo, Apogee Mind (403).
Ai(1)-Ur-Dragon B3 didn't block Tekuthal, Inquiry Dominus (333).
Ai(1)-Ur-Dragon B3 didn't block Padeem, Consul of Innovation (304).
Ai(1)-Ur-Dragon B3 didn't block Etherium Sculptor (364).
Phase: Ai(4)-Kilo Helm B3's First Strike Damage Step
Phase: Ai(4)-Kilo Helm B3's Combat Damage Step
Damage: Kilo, Apogee Mind (403) deals 3 combat damage to Ai(1)-Ur-Dragon B3.
Damage: Tekuthal, Inquiry Dominus (333) deals 3 combat damage to Ai(1)-Ur-Dragon B3.
Damage: Padeem, Consul of Innovation (304) deals 1 combat damage to Ai(1)-Ur-Dragon B3.
Damage: Etherium Sculptor (364) deals 1 combat damage to Ai(1)-Ur-Dragon B3.
Life: Life: Ai(1)-Ur-Dragon B3 31 > 23
Phase: Ai(4)-Kilo Helm B3's End of Combat Step
Phase: Ai(4)-Kilo Helm B3's Main phase, postcombat
Mana: Island (366) - {T}: Add {U}.
Add To Stack: Ai(4)-Kilo Helm B3 cast Steel Overseer
Resolve Stack: Steel Overseer - Creature 1 / 1
Phase: Ai(4)-Kilo Helm B3's End step
Phase: Ai(4)-Kilo Helm B3's Cleanup step
Turn: Turn 25 (Ai(1)-Ur-Dragon B3)
Phase: Ai(1)-Ur-Dragon B3's Untap step
Phase: Ai(1)-Ur-Dragon B3's Upkeep step
Phase: Ai(1)-Ur-Dragon B3's Draw step
Phase: Ai(1)-Ur-Dragon B3's Main phase, precombat
Land: Ai(1)-Ur-Dragon B3 played Evolving Wilds (28)
Zone Change: Evolving Wilds (28) was put into Graveyard from Battlefield.
Add To Stack: Ai(1)-Ur-Dragon B3 activated Evolving Wilds
Resolve Stack: Evolving Wilds (28) - Ai(1)-Ur-Dragon B3 searches their library for a basic land card, puts it onto the battlefield tapped, then shuffles.
Phase: Ai(1)-Ur-Dragon B3's Beginning of Combat Step
Phase: Ai(1)-Ur-Dragon B3's Declare Attackers Step
Combat: Ai(1)-Ur-Dragon B3 assigned Dromoka, the Eternal (76) and Glorybringer (4) to attack Ai(4)-Kilo Helm B3.
Add To Stack: Ai(1)-Ur-Dragon B3 triggered Glorybringer targeting [Padeem, Consul of Innovation (304)]
Add To Stack: Ai(1)-Ur-Dragon B3 triggered Dromoka, the Eternal
Add To Stack: Ai(1)-Ur-Dragon B3 triggered Dromoka, the Eternal
Resolve Stack: Whenever a Dragon you control attacks, bolster 2. (Choose a creature with the least toughness among creatures you control and put two +1/+1 counters on it.) [Attacker: Glorybringer (4)]
Resolve Stack: Whenever a Dragon you control attacks, bolster 2. (Choose a creature with the least toughness among creatures you control and put two +1/+1 counters on it.) [Attacker: Dromoka, the Eternal (76)]
Damage: Glorybringer (4) deals 4 damage to Padeem, Consul of Innovation (304).
Resolve Stack: When you exert Glorybringer, it deals 4 damage to target non-Dragon creature an opponent controls. (Targeting: [[Padeem, Consul of Innovation (304)]])
Zone Change: Padeem, Consul of Innovation (304) was put into Graveyard from Battlefield.
Phase: Ai(1)-Ur-Dragon B3's Declare Blockers Step
Combat: Ai(4)-Kilo Helm B3 didn't block Dromoka, the Eternal (76).
Ai(4)-Kilo Helm B3 didn't block Glorybringer (4).
Phase: Ai(1)-Ur-Dragon B3's First Strike Damage Step
Phase: Ai(1)-Ur-Dragon B3's Combat Damage Step
Damage: Dromoka, the Eternal (76) deals 9 combat damage to Ai(4)-Kilo Helm B3.
Damage: Glorybringer (4) deals 10 combat damage to Ai(4)-Kilo Helm B3.
Life: Life: Ai(4)-Kilo Helm B3 17 > -2
Phase: Ai(1)-Ur-Dragon B3's End of Combat Step
Phase: Ai(1)-Ur-Dragon B3's Main phase, postcombat
Mana: Mountain (78) - {T}: Add {R}.
Mana: Mountain (81) - {T}: Add {R}.
Mana: Island (53) - {T}: Add {U}.
Mana: Forest (48) - {T}: Add {G}.
Mana: Forest (46) - {T}: Add {G}.
Add To Stack: Ai(1)-Ur-Dragon B3 cast Hoard-Smelter Dragon
Resolve Stack: Hoard-Smelter Dragon - Creature 5 / 5
Phase: Ai(1)-Ur-Dragon B3's End step
Phase: Ai(1)-Ur-Dragon B3's Cleanup step
Turn: Turn 26 (Ai(2)-Dnide Wildsear)
Phase: Ai(2)-Dnide Wildsear's Untap step
Phase: Ai(2)-Dnide Wildsear's Upkeep step
Phase: Ai(2)-Dnide Wildsear's Draw step
Phase: Ai(2)-Dnide Wildsear's Main phase, precombat
Phase: Ai(2)-Dnide Wildsear's Beginning of Combat Step
Phase: Ai(2)-Dnide Wildsear's Declare Attackers Step
Phase: Ai(2)-Dnide Wildsear's Declare Blockers Step
Phase: Ai(2)-Dnide Wildsear's First Strike Damage Step
Phase: Ai(2)-Dnide Wildsear's Combat Damage Step
Phase: Ai(2)-Dnide Wildsear's End of Combat Step
Phase: Ai(2)-Dnide Wildsear's Main phase, postcombat
Mana: Mountain (179) - {T}: Add {R}.
Mana: Mountain (176) - {T}: Add {R}.
Mana: Mountain (174) - {T}: Add {R}.
Add To Stack: Ai(2)-Dnide Wildsear cast Count on Luck
Resolve Stack: Count on Luck
Mana: Forest (148) - {T}: Add {G}.
Mana: Forest (158) - {T}: Add {G}.
Mana: Forest (149) - {T}: Add {G}.
Add To Stack: Ai(2)-Dnide Wildsear cast Enchantress's Presence
Resolve Stack: Enchantress's Presence
Phase: Ai(2)-Dnide Wildsear's End step
Phase: Ai(2)-Dnide Wildsear's Cleanup step
Turn: Turn 27 (Ai(3)-Inspirit EDHREC Average)
Phase: Ai(3)-Inspirit EDHREC Average's Untap step
Phase: Ai(3)-Inspirit EDHREC Average's Upkeep step
Phase: Ai(3)-Inspirit EDHREC Average's Draw step
Phase: Ai(3)-Inspirit EDHREC Average's Main phase, precombat
Phase: Ai(3)-Inspirit EDHREC Average's Beginning of Combat Step
Phase: Ai(3)-Inspirit EDHREC Average's Declare Attackers Step
Phase: Ai(3)-Inspirit EDHREC Average's Declare Blockers Step
Phase: Ai(3)-Inspirit EDHREC Average's First Strike Damage Step
Phase: Ai(3)-Inspirit EDHREC Average's Combat Damage Step
Phase: Ai(3)-Inspirit EDHREC Average's End of Combat Step
Phase: Ai(3)-Inspirit EDHREC Average's Main phase, postcombat
Mana: Great Furnace (298) - {T}: Add {R}.
Mana: Island (268) - {T}: Add {U}.
Mana: Plains (261) - {T}: Add {W}.
Add To Stack: Ai(3)-Inspirit EDHREC Average cast Titan Forge
Resolve Stack: Titan Forge
Mana: Command Tower (207) - {T}: Add one mana of any color in your commander's color identity.
Mana: Astral Cornucopia (203) - {T}: Choose a color. Add one mana of that color for each charge counter on this artifact.
Damage: Battlefield Forge (216) deals 1 non-combat damage to Ai(3)-Inspirit EDHREC Average.
Life: Life: Ai(3)-Inspirit EDHREC Average 37 > 36
Mana: Battlefield Forge (216) - {T}: Add {R} or {W}. Battlefield Forge deals 1 damage to you. 
Add To Stack: Ai(3)-Inspirit EDHREC Average cast Inspirit, Flagship Vessel
Resolve Stack: Inspirit, Flagship Vessel
Phase: Ai(3)-Inspirit EDHREC Average's End step
Add To Stack: Ai(3)-Inspirit EDHREC Average activated Steel Overseer
Resolve Stack: Steel Overseer (204) - Put a +1/+1 counter on each valid permanent.
Phase: Ai(3)-Inspirit EDHREC Average's Cleanup step
Turn: Turn 28 (Ai(1)-Ur-Dragon B3)
Phase: Ai(1)-Ur-Dragon B3's Untap step
Phase: Ai(1)-Ur-Dragon B3's Upkeep step
Mana: Mountain (78) - {T}: Add {R}.
Mana: Island (53) - {T}: Add {U}.
Mana: Plains (41) - {T}: Add {W}.
Mana: Forest (48) - {T}: Add {G}.
Add To Stack: Ai(1)-Ur-Dragon B3 activated Hoard-Smelter Dragon targeting [Alibou, Ancient Witness (274)]
Zone Change: Alibou, Ancient Witness (274) was put into Graveyard from Battlefield.
Resolve Stack: Hoard-Smelter Dragon (25) - Destroy Alibou, Ancient Witness (274). Hoard-Smelter Dragon (25) gets +5/+0  until end of turn.
Phase: Ai(1)-Ur-Dragon B3's Draw step
Phase: Ai(1)-Ur-Dragon B3's Main phase, precombat
Land: Ai(1)-Ur-Dragon B3 played Forest (50)
Mana: Mountain (81) - {T}: Add {R}.
Mana: Forest (46) - {T}: Add {G}.
Mana: Forest (50) - {T}: Add {G}.
Mana: Seaside Citadel (74) - {T}: Add {G}, {W}, or {U}.
Add To Stack: Ai(1)-Ur-Dragon B3 activated Hoard-Smelter Dragon targeting [Steel Overseer (204)]
Zone Change: Steel Overseer (204) was put into Graveyard from Battlefield.
Resolve Stack: Hoard-Smelter Dragon (25) - Destroy Steel Overseer (204). Hoard-Smelter Dragon (25) gets +2/+0  until end of turn.
Phase: Ai(1)-Ur-Dragon B3's Beginning of Combat Step
Phase: Ai(1)-Ur-Dragon B3's Declare Attackers Step
Combat: Ai(1)-Ur-Dragon B3 assigned Dromoka, the Eternal (76) and Hoard-Smelter Dragon (25) to attack Ai(2)-Dnide Wildsear.
Add To Stack: Ai(1)-Ur-Dragon B3 triggered Dromoka, the Eternal
Add To Stack: Ai(1)-Ur-Dragon B3 triggered Dromoka, the Eternal
Resolve Stack: Whenever a Dragon you control attacks, bolster 2. (Choose a creature with the least toughness among creatures you control and put two +1/+1 counters on it.) [Attacker: Hoard-Smelter Dragon (25)]
Resolve Stack: Whenever a Dragon you control attacks, bolster 2. (Choose a creature with the least toughness among creatures you control and put two +1/+1 counters on it.) [Attacker: Dromoka, the Eternal (76)]
Phase: Ai(1)-Ur-Dragon B3's Declare Blockers Step
Combat: Ai(2)-Dnide Wildsear didn't block Dromoka, the Eternal (76).
Ai(2)-Dnide Wildsear didn't block Hoard-Smelter Dragon (25).
Phase: Ai(1)-Ur-Dragon B3's First Strike Damage Step
Phase: Ai(1)-Ur-Dragon B3's Combat Damage Step
Damage: Dromoka, the Eternal (76) deals 9 combat damage to Ai(2)-Dnide Wildsear.
Damage: Hoard-Smelter Dragon (25) deals 16 combat damage to Ai(2)-Dnide Wildsear.
Life: Life: Ai(2)-Dnide Wildsear 48 > 23
Phase: Ai(1)-Ur-Dragon B3's End of Combat Step
Phase: Ai(1)-Ur-Dragon B3's Main phase, postcombat
Phase: Ai(1)-Ur-Dragon B3's End step
Phase: Ai(1)-Ur-Dragon B3's Cleanup step
Turn: Turn 29 (Ai(2)-Dnide Wildsear)
Phase: Ai(2)-Dnide Wildsear's Untap step
Phase: Ai(2)-Dnide Wildsear's Upkeep step
Add To Stack: Ai(2)-Dnide Wildsear triggered Count on Luck
Resolve Stack: At the beginning of your upkeep, exile the top card of your library. You may play it this turn. [Phase: Ai(2)-Dnide Wildsear]
Phase: Ai(2)-Dnide Wildsear's Draw step
Phase: Ai(2)-Dnide Wildsear's Main phase, precombat
Mana: Forest (148) - {T}: Add {G}.
Mana: Forest (158) - {T}: Add {G}.
Mana: Mountain (179) - {T}: Add {R}.
Mana: Mountain (176) - {T}: Add {R}.
Add To Stack: Ai(2)-Dnide Wildsear cast Eidolon of Blossoms
Add To Stack: Ai(2)-Dnide Wildsear triggered Enchantress's Presence
Resolve Stack: Whenever you cast an enchantment spell, draw a card. [Card: Eidolon of Blossoms (106), Activator: Ai(2)-Dnide Wildsear, SpellAbility: Eidolon of Blossoms - Creature 2 / 2]
Resolve Stack: Eidolon of Blossoms - Creature 2 / 2
Add To Stack: Ai(2)-Dnide Wildsear triggered Eidolon of Blossoms
Resolve Stack: Constellation — Whenever Eidolon of Blossoms or another enchantment you control enters, draw a card. [Zone Changer: Eidolon of Blossoms (106)]
Phase: Ai(2)-Dnide Wildsear's Beginning of Combat Step
Phase: Ai(2)-Dnide Wildsear's Declare Attackers Step
Combat: Ai(2)-Dnide Wildsear assigned Wild-Magic Sorcerer (129) and Eidolon of Blossoms (106) to attack Ai(1)-Ur-Dragon B3.
Phase: Ai(2)-Dnide Wildsear's Declare Blockers Step
Combat: Ai(1)-Ur-Dragon B3 didn't block Wild-Magic Sorcerer (129).
Ai(1)-Ur-Dragon B3 didn't block Eidolon of Blossoms (106).
Phase: Ai(2)-Dnide Wildsear's First Strike Damage Step
Phase: Ai(2)-Dnide Wildsear's Combat Damage Step
Damage: Wild-Magic Sorcerer (129) deals 4 combat damage to Ai(1)-Ur-Dragon B3.
Damage: Eidolon of Blossoms (106) deals 2 combat damage to Ai(1)-Ur-Dragon B3.
Life: Life: Ai(1)-Ur-Dragon B3 23 > 17
Phase: Ai(2)-Dnide Wildsear's End of Combat Step
Phase: Ai(2)-Dnide Wildsear's Main phase, postcombat
Phase: Ai(2)-Dnide Wildsear's End step
Phase: Ai(2)-Dnide Wildsear's Cleanup step
Turn: Turn 30 (Ai(3)-Inspirit EDHREC Average)
Phase: Ai(3)-Inspirit EDHREC Average's Untap step
Phase: Ai(3)-Inspirit EDHREC Average's Upkeep step
Phase: Ai(3)-Inspirit EDHREC Average's Draw step
Phase: Ai(3)-Inspirit EDHREC Average's Main phase, precombat
Phase: Ai(3)-Inspirit EDHREC Average's Beginning of Combat Step
Phase: Ai(3)-Inspirit EDHREC Average's Declare Attackers Step
Phase: Ai(3)-Inspirit EDHREC Average's Declare Blockers Step
Phase: Ai(3)-Inspirit EDHREC Average's First Strike Damage Step
Phase: Ai(3)-Inspirit EDHREC Average's Combat Damage Step
Phase: Ai(3)-Inspirit EDHREC Average's End of Combat Step
Phase: Ai(3)-Inspirit EDHREC Average's Main phase, postcombat
Replacement Effect: Razortide Bridge enters tapped.
Land: Ai(3)-Inspirit EDHREC Average played Razortide Bridge (226)
Phase: Ai(3)-Inspirit EDHREC Average's End step
Phase: Ai(3)-Inspirit EDHREC Average's Cleanup step
Turn: Turn 31 (Ai(1)-Ur-Dragon B3)
Phase: Ai(1)-Ur-Dragon B3's Untap step
Phase: Ai(1)-Ur-Dragon B3's Upkeep step
Mana: Mountain (78) - {T}: Add {R}.
Mana: Island (53) - {T}: Add {U}.
Mana: Plains (41) - {T}: Add {W}.
Mana: Forest (48) - {T}: Add {G}.
Add To Stack: Ai(1)-Ur-Dragon B3 activated Hoard-Smelter Dragon targeting [Hammer of Purphoros (191)]
Zone Change: Hammer of Purphoros (191) was put into Graveyard from Battlefield.
Resolve Stack: Hoard-Smelter Dragon (25) - Destroy Hammer of Purphoros (191). Hoard-Smelter Dragon (25) gets +3/+0  until end of turn.
Mana: Mountain (81) - {T}: Add {R}.
Mana: Forest (46) - {T}: Add {G}.
Mana: Forest (50) - {T}: Add {G}.
Mana: Seaside Citadel (74) - {T}: Add {G}, {W}, or {U}.
Add To Stack: Ai(1)-Ur-Dragon B3 activated Hoard-Smelter Dragon targeting [Uthros Research Craft (295)]
Zone Change: Uthros Research Craft (295) was put into Graveyard from Battlefield.
Resolve Stack: Hoard-Smelter Dragon (25) - Destroy Uthros Research Craft (295). Hoard-Smelter Dragon (25) gets +3/+0  until end of turn.
Phase: Ai(1)-Ur-Dragon B3's Draw step
Phase: Ai(1)-Ur-Dragon B3's Main phase, precombat
Land: Ai(1)-Ur-Dragon B3 played Terramorphic Expanse (99)
Zone Change: Terramorphic Expanse (99) was put into Graveyard from Battlefield.
Add To Stack: Ai(1)-Ur-Dragon B3 activated Terramorphic Expanse
Resolve Stack: Terramorphic Expanse (99) - Ai(1)-Ur-Dragon B3 searches their library for a basic land card, puts it onto the battlefield tapped, then shuffles.
Phase: Ai(1)-Ur-Dragon B3's Beginning of Combat Step
Phase: Ai(1)-Ur-Dragon B3's Declare Attackers Step
Combat: Ai(1)-Ur-Dragon B3 assigned Hoard-Smelter Dragon (25), Glorybringer (4) and Dromoka, the Eternal (76) to attack Ai(2)-Dnide Wildsear.
Add To Stack: Ai(1)-Ur-Dragon B3 triggered Dromoka, the Eternal
Add To Stack: Ai(1)-Ur-Dragon B3 triggered Dromoka, the Eternal
Add To Stack: Ai(1)-Ur-Dragon B3 triggered Dromoka, the Eternal
Resolve Stack: Whenever a Dragon you control attacks, bolster 2. (Choose a creature with the least toughness among creatures you control and put two +1/+1 counters on it.) [Attacker: Dromoka, the Eternal (76)]
Resolve Stack: Whenever a Dragon you control attacks, bolster 2. (Choose a creature with the least toughness among creatures you control and put two +1/+1 counters on it.) [Attacker: Glorybringer (4)]
Resolve Stack: Whenever a Dragon you control attacks, bolster 2. (Choose a creature with the least toughness among creatures you control and put two +1/+1 counters on it.) [Attacker: Hoard-Smelter Dragon (25)]
Phase: Ai(1)-Ur-Dragon B3's Declare Blockers Step
Combat: Ai(2)-Dnide Wildsear didn't block Hoard-Smelter Dragon (25).
Ai(2)-Dnide Wildsear didn't block Glorybringer (4).
Ai(2)-Dnide Wildsear didn't block Dromoka, the Eternal (76).
Phase: Ai(1)-Ur-Dragon B3's First Strike Damage Step
Phase: Ai(1)-Ur-Dragon B3's Combat Damage Step
Damage: Hoard-Smelter Dragon (25) deals 17 combat damage to Ai(2)-Dnide Wildsear.
Damage: Glorybringer (4) deals 12 combat damage to Ai(2)-Dnide Wildsear.
Damage: Dromoka, the Eternal (76) deals 11 combat damage to Ai(2)-Dnide Wildsear.
Life: Life: Ai(2)-Dnide Wildsear 23 > -17
Phase: Ai(1)-Ur-Dragon B3's End of Combat Step
Phase: Ai(1)-Ur-Dragon B3's Main phase, postcombat
Mana: Great Furnace (298) - {T}: Add {R}.
Mana: Island (268) - {T}: Add {U}.
Mana: Plains (261) - {T}: Add {W}.
Add To Stack: Ai(3)-Inspirit EDHREC Average activated Titan Forge
Resolve Stack: Titan Forge (247) - Ai(3)-Inspirit EDHREC Average puts a charge counter on Titan Forge (247).
Phase: Ai(1)-Ur-Dragon B3's End step
Phase: Ai(1)-Ur-Dragon B3's Cleanup step
Turn: Turn 32 (Ai(3)-Inspirit EDHREC Average)
Phase: Ai(3)-Inspirit EDHREC Average's Untap step
Phase: Ai(3)-Inspirit EDHREC Average's Upkeep step
Phase: Ai(3)-Inspirit EDHREC Average's Draw step
Phase: Ai(3)-Inspirit EDHREC Average's Main phase, precombat
Mana: Great Furnace (298) - {T}: Add {R}.
Mana: Plains (261) - {T}: Add {W}.
Mana: Island (268) - {T}: Add {U}.
Mana: Razortide Bridge (226) - {T}: Add {W} or {U}.
Mana: Command Tower (207) - {T}: Add one mana of any color in your commander's color identity.
Mana: Astral Cornucopia (203) - {T}: Choose a color. Add one mana of that color for each charge counter on this artifact.
Mana: Battlefield Forge (216) - {T}: Add {C}.
Add To Stack: Ai(3)-Inspirit EDHREC Average cast Wake the Past
Replacement Effect: Everflowing Chalice enters with a charge counter on it for each time it was kicked.
Resolve Stack: Wake the Past (256) - Return all artifact cards from your graveyard to the battlefield. They gain haste until end of turn.  
Phase: Ai(3)-Inspirit EDHREC Average's Beginning of Combat Step
Phase: Ai(3)-Inspirit EDHREC Average's Declare Attackers Step
Combat: Ai(3)-Inspirit EDHREC Average assigned Alibou, Ancient Witness (274) and Steel Overseer (204) to attack Ai(1)-Ur-Dragon B3.
Add To Stack: Ai(3)-Inspirit EDHREC Average triggered Alibou, Ancient Witness targeting [Ai(1)-Ur-Dragon B3]
Damage: Alibou, Ancient Witness (274) deals 5 non-combat damage to Ai(1)-Ur-Dragon B3.
Life: Life: Ai(1)-Ur-Dragon B3 17 > 12
Resolve Stack: Ai(3)-Inspirit EDHREC Average scried 5 card(s) to the top of the library
Resolve Stack: Whenever one or more artifact creatures you control attack, Alibou, Ancient Witness deals X damage to any target and you scry X, where X is the number of tapped artifacts you control. (Targeting: [[Ai(1)-Ur-Dragon B3]]) [Number Attackers: [Alibou, Ancient Witness (274), Steel Overseer (204)]]
Phase: Ai(3)-Inspirit EDHREC Average's Declare Blockers Step
Combat: Ai(1)-Ur-Dragon B3 didn't block Alibou, Ancient Witness (274).
Ai(1)-Ur-Dragon B3 didn't block Steel Overseer (204).
Phase: Ai(3)-Inspirit EDHREC Average's First Strike Damage Step
Phase: Ai(3)-Inspirit EDHREC Average's Combat Damage Step
Damage: Alibou, Ancient Witness (274) deals 4 combat damage to Ai(1)-Ur-Dragon B3.
Damage: Steel Overseer (204) deals 1 combat damage to Ai(1)-Ur-Dragon B3.
Life: Life: Ai(1)-Ur-Dragon B3 12 > 7
Phase: Ai(3)-Inspirit EDHREC Average's End of Combat Step
Phase: Ai(3)-Inspirit EDHREC Average's Main phase, postcombat
Phase: Ai(3)-Inspirit EDHREC Average's End step
Phase: Ai(3)-Inspirit EDHREC Average's Cleanup step
Turn: Turn 33 (Ai(1)-Ur-Dragon B3)
Phase: Ai(1)-Ur-Dragon B3's Untap step
Phase: Ai(1)-Ur-Dragon B3's Upkeep step
Mana: Mountain (78) - {T}: Add {R}.
Mana: Swamp (93) - {T}: Add {B}.
Mana: Island (53) - {T}: Add {U}.
Mana: Plains (41) - {T}: Add {W}.
Add To Stack: Ai(1)-Ur-Dragon B3 activated Hoard-Smelter Dragon targeting [Alibou, Ancient Witness (274)]
Zone Change: Alibou, Ancient Witness (274) was put into Graveyard from Battlefield.
Resolve Stack: Hoard-Smelter Dragon (25) - Destroy Alibou, Ancient Witness (274). Hoard-Smelter Dragon (25) gets +5/+0  until end of turn.
Mana: Mountain (81) - {T}: Add {R}.
Mana: Forest (48) - {T}: Add {G}.
Mana: Forest (46) - {T}: Add {G}.
Mana: Forest (50) - {T}: Add {G}.
Add To Stack: Ai(1)-Ur-Dragon B3 activated Hoard-Smelter Dragon targeting [Steel Overseer (204)]
Zone Change: Steel Overseer (204) was put into Graveyard from Battlefield.
Resolve Stack: Hoard-Smelter Dragon (25) - Destroy Steel Overseer (204). Hoard-Smelter Dragon (25) gets +2/+0  until end of turn.
Phase: Ai(1)-Ur-Dragon B3's Draw step
Phase: Ai(1)-Ur-Dragon B3's Main phase, precombat
Phase: Ai(1)-Ur-Dragon B3's Beginning of Combat Step
Phase: Ai(1)-Ur-Dragon B3's Declare Attackers Step
Combat: Ai(1)-Ur-Dragon B3 assigned Hoard-Smelter Dragon (25), Glorybringer (4) and Dromoka, the Eternal (76) to attack Ai(3)-Inspirit EDHREC Average.
Add To Stack: Ai(1)-Ur-Dragon B3 triggered Dromoka, the Eternal
Add To Stack: Ai(1)-Ur-Dragon B3 triggered Dromoka, the Eternal
Add To Stack: Ai(1)-Ur-Dragon B3 triggered Dromoka, the Eternal
Resolve Stack: Whenever a Dragon you control attacks, bolster 2. (Choose a creature with the least toughness among creatures you control and put two +1/+1 counters on it.) [Attacker: Dromoka, the Eternal (76)]
Resolve Stack: Whenever a Dragon you control attacks, bolster 2. (Choose a creature with the least toughness among creatures you control and put two +1/+1 counters on it.) [Attacker: Glorybringer (4)]
Resolve Stack: Whenever a Dragon you control attacks, bolster 2. (Choose a creature with the least toughness among creatures you control and put two +1/+1 counters on it.) [Attacker: Hoard-Smelter Dragon (25)]
Phase: Ai(1)-Ur-Dragon B3's Declare Blockers Step
Combat: Ai(3)-Inspirit EDHREC Average didn't block Hoard-Smelter Dragon (25).
Ai(3)-Inspirit EDHREC Average didn't block Glorybringer (4).
Ai(3)-Inspirit EDHREC Average didn't block Dromoka, the Eternal (76).
Phase: Ai(1)-Ur-Dragon B3's First Strike Damage Step
Phase: Ai(1)-Ur-Dragon B3's Combat Damage Step
Damage: Hoard-Smelter Dragon (25) deals 20 combat damage to Ai(3)-Inspirit EDHREC Average.
Damage: Glorybringer (4) deals 14 combat damage to Ai(3)-Inspirit EDHREC Average.
Damage: Dromoka, the Eternal (76) deals 13 combat damage to Ai(3)-Inspirit EDHREC Average.
Life: Life: Ai(3)-Inspirit EDHREC Average 36 > -11
Player Control: Ai(1)-Ur-Dragon B3 has restored control over themself
Player Control: Ai(2)-Dnide Wildsear has restored control over themself
Player Control: Ai(3)-Inspirit EDHREC Average has restored control over themself
Player Control: Ai(4)-Kilo Helm B3 has restored control over themself
Game Outcome: Turn 17
Game Outcome: Ai(1)-Ur-Dragon B3 has won because all opponents have lost
Game Outcome: Ai(2)-Dnide Wildsear has lost because life total reached 0
Game Outcome: Ai(3)-Inspirit EDHREC Average has lost because life total reached 0
Game Outcome: Ai(4)-Kilo Helm B3 has lost because life total reached 0
Match Result: Ai(1)-Ur-Dragon B3: 2 Ai(2)-Dnide Wildsear: 0 Ai(3)-Inspirit EDHREC Average: 0 Ai(4)-Kilo Helm B3: 0 

Game Result: Game 2 ended in 52402 ms. Ai(1)-Ur-Dragon B3 has won!

java.util.concurrent.ExecutionException: java.lang.NullPointerException: Cannot invoke "forge.game.card.CounterType.is(forge.game.card.CounterEnumType)" because "type" is null
	at java.base/java.util.concurrent.FutureTask.report(FutureTask.java:122)
	at java.base/java.util.concurrent.FutureTask.get(FutureTask.java:205)
	at forge.ai.AiController.chooseSpellAbilityToPlayFromList(AiController.java:1680)
	at forge.ai.AiController.getSpellAbilityToPlay(AiController.java:1569)
	at forge.ai.AiController.chooseSpellAbilityToPlay(AiController.java:1389)
	at forge.ai.PlayerControllerAi.chooseSpellAbilityToPlay(PlayerControllerAi.java:833)
	at forge.game.phase.PhaseHandler.mainLoopStep(PhaseHandler.java:1063)
	at forge.game.phase.PhaseHandler.mainGameLoop(PhaseHandler.java:1042)
	at forge.game.phase.PhaseHandler.startFirstTurn(PhaseHandler.java:1036)
	at forge.game.GameAction.startGame(GameAction.java:2373)
	at forge.game.Match.startGame(Match.java:92)
	at forge.game.Match.startGame(Match.java:77)
	at forge.view.SimulateMatch.lambda$simulateSingleMatch$0(SimulateMatch.java:182)
	at forge.view.TimeLimitedCodeBlock.lambda$runWithTimeout$0(TimeLimitedCodeBlock.java:18)
	at java.base/java.util.concurrent.FutureTask.run(FutureTask.java:264)
	at java.base/java.util.concurrent.ThreadPoolExecutor.runWorker(ThreadPoolExecutor.java:1136)
	at java.base/java.util.concurrent.ThreadPoolExecutor$Worker.run(ThreadPoolExecutor.java:635)
	at java.base/java.lang.Thread.run(Thread.java:840)
Caused by: java.lang.NullPointerException: Cannot invoke "forge.game.card.CounterType.is(forge.game.card.CounterEnumType)" because "type" is null
	at forge.ai.ComputerUtilCost.checkRemoveCounterCost(ComputerUtilCost.java:100)
	at forge.ai.SpellAbilityAi.willPayCosts(SpellAbilityAi.java:389)
	at forge.ai.SpellAbilityAi.canPlayWithoutRestrict(SpellAbilityAi.java:105)
	at forge.ai.SpellAbilityAi.canPlay(SpellAbilityAi.java:76)
	at forge.ai.SpellAbilityAi.canPlayWithSubs(SpellAbilityAi.java:55)
	at forge.ai.AiController.canPlaySa(AiController.java:911)
	at forge.ai.AiController.canPlayAndPayForFace(AiController.java:855)
	at forge.ai.AiController.canPlayAndPayFor(AiController.java:833)
	at forge.ai.AiController.lambda$chooseSpellAbilityToPlayFromList$9(AiController.java:1661)
	at java.base/java.util.concurrent.FutureTask.run(FutureTask.java:264)
	... 1 more
java.util.concurrent.ExecutionException: java.lang.NullPointerException: Cannot invoke "forge.game.card.CounterType.is(forge.game.card.CounterEnumType)" because "type" is null
	at java.base/java.util.concurrent.FutureTask.report(FutureTask.java:122)
	at java.base/java.util.concurrent.FutureTask.get(FutureTask.java:205)
	at forge.ai.AiController.chooseSpellAbilityToPlayFromList(AiController.java:1680)
	at forge.ai.AiController.getSpellAbilityToPlay(AiController.java:1569)
	at forge.ai.AiController.chooseSpellAbilityToPlay(AiController.java:1389)
	at forge.ai.PlayerControllerAi.chooseSpellAbilityToPlay(PlayerControllerAi.java:833)
	at forge.game.phase.PhaseHandler.mainLoopStep(PhaseHandler.java:1063)
	at forge.game.phase.PhaseHandler.mainGameLoop(PhaseHandler.java:1042)
	at forge.game.phase.PhaseHandler.startFirstTurn(PhaseHandler.java:1036)
	at forge.game.GameAction.startGame(GameAction.java:2373)
	at forge.game.Match.startGame(Match.java:92)
	at forge.game.Match.startGame(Match.java:77)
	at forge.view.SimulateMatch.lambda$simulateSingleMatch$0(SimulateMatch.java:182)
	at forge.view.TimeLimitedCodeBlock.lambda$runWithTimeout$0(TimeLimitedCodeBlock.java:18)
	at java.base/java.util.concurrent.FutureTask.run(FutureTask.java:264)
	at java.base/java.util.concurrent.ThreadPoolExecutor.runWorker(ThreadPoolExecutor.java:1136)
	at java.base/java.util.concurrent.ThreadPoolExecutor$Worker.run(ThreadPoolExecutor.java:635)
	at java.base/java.lang.Thread.run(Thread.java:840)
Caused by: java.lang.NullPointerException: Cannot invoke "forge.game.card.CounterType.is(forge.game.card.CounterEnumType)" because "type" is null
	at forge.ai.ComputerUtilCost.checkRemoveCounterCost(ComputerUtilCost.java:100)
	at forge.ai.SpellAbilityAi.willPayCosts(SpellAbilityAi.java:389)
	at forge.ai.SpellAbilityAi.canPlayWithoutRestrict(SpellAbilityAi.java:105)
	at forge.ai.SpellAbilityAi.canPlay(SpellAbilityAi.java:76)
	at forge.ai.SpellAbilityAi.canPlayWithSubs(SpellAbilityAi.java:55)
	at forge.ai.AiController.canPlaySa(AiController.java:911)
	at forge.ai.AiController.canPlayAndPayForFace(AiController.java:855)
	at forge.ai.AiController.canPlayAndPayFor(AiController.java:833)
	at forge.ai.AiController.lambda$chooseSpellAbilityToPlayFromList$9(AiController.java:1661)
	at java.base/java.util.concurrent.FutureTask.run(FutureTask.java:264)
	... 1 more
java.util.concurrent.ExecutionException: java.lang.NullPointerException: Cannot invoke "forge.game.card.CounterType.is(forge.game.card.CounterEnumType)" because "type" is null
	at java.base/java.util.concurrent.FutureTask.report(FutureTask.java:122)
	at java.base/java.util.concurrent.FutureTask.get(FutureTask.java:205)
	at forge.ai.AiController.chooseSpellAbilityToPlayFromList(AiController.java:1680)
	at forge.ai.AiController.getSpellAbilityToPlay(AiController.java:1569)
	at forge.ai.AiController.chooseSpellAbilityToPlay(AiController.java:1389)
	at forge.ai.PlayerControllerAi.chooseSpellAbilityToPlay(PlayerControllerAi.java:833)
	at forge.game.phase.PhaseHandler.mainLoopStep(PhaseHandler.java:1063)
	at forge.game.phase.PhaseHandler.mainGameLoop(PhaseHandler.java:1042)
	at forge.game.phase.PhaseHandler.startFirstTurn(PhaseHandler.java:1036)
	at forge.game.GameAction.startGame(GameAction.java:2373)
	at forge.game.Match.startGame(Match.java:92)
	at forge.game.Match.startGame(Match.java:77)
	at forge.view.SimulateMatch.lambda$simulateSingleMatch$0(SimulateMatch.java:182)
	at forge.view.TimeLimitedCodeBlock.lambda$runWithTimeout$0(TimeLimitedCodeBlock.java:18)
	at java.base/java.util.concurrent.FutureTask.run(FutureTask.java:264)
	at java.base/java.util.concurrent.ThreadPoolExecutor.runWorker(ThreadPoolExecutor.java:1136)
	at java.base/java.util.concurrent.ThreadPoolExecutor$Worker.run(ThreadPoolExecutor.java:635)
	at java.base/java.lang.Thread.run(Thread.java:840)
Caused by: java.lang.NullPointerException: Cannot invoke "forge.game.card.CounterType.is(forge.game.card.CounterEnumType)" because "type" is null
	at forge.ai.ComputerUtilCost.checkRemoveCounterCost(ComputerUtilCost.java:100)
	at forge.ai.SpellAbilityAi.willPayCosts(SpellAbilityAi.java:389)
	at forge.ai.SpellAbilityAi.canPlayWithoutRestrict(SpellAbilityAi.java:105)
	at forge.ai.SpellAbilityAi.canPlay(SpellAbilityAi.java:76)
	at forge.ai.SpellAbilityAi.canPlayWithSubs(SpellAbilityAi.java:55)
	at forge.ai.AiController.canPlaySa(AiController.java:911)
	at forge.ai.AiController.canPlayAndPayForFace(AiController.java:855)
	at forge.ai.AiController.canPlayAndPayFor(AiController.java:833)
	at forge.ai.AiController.lambda$chooseSpellAbilityToPlayFromList$9(AiController.java:1661)
	at java.base/java.util.concurrent.FutureTask.run(FutureTask.java:264)
	... 1 more
java.util.concurrent.ExecutionException: java.lang.NullPointerException: Cannot invoke "forge.game.card.CounterType.is(forge.game.card.CounterEnumType)" because "type" is null
	at java.base/java.util.concurrent.FutureTask.report(FutureTask.java:122)
	at java.base/java.util.concurrent.FutureTask.get(FutureTask.java:205)
	at forge.ai.AiController.chooseSpellAbilityToPlayFromList(AiController.java:1680)
	at forge.ai.AiController.getSpellAbilityToPlay(AiController.java:1569)
	at forge.ai.AiController.chooseSpellAbilityToPlay(AiController.java:1389)
	at forge.ai.PlayerControllerAi.chooseSpellAbilityToPlay(PlayerControllerAi.java:833)
	at forge.game.phase.PhaseHandler.mainLoopStep(PhaseHandler.java:1063)
	at forge.game.phase.PhaseHandler.mainGameLoop(PhaseHandler.java:1042)
	at forge.game.phase.PhaseHandler.startFirstTurn(PhaseHandler.java:1036)
	at forge.game.GameAction.startGame(GameAction.java:2373)
	at forge.game.Match.startGame(Match.java:92)
	at forge.game.Match.startGame(Match.java:77)
	at forge.view.SimulateMatch.lambda$simulateSingleMatch$0(SimulateMatch.java:182)
	at forge.view.TimeLimitedCodeBlock.lambda$runWithTimeout$0(TimeLimitedCodeBlock.java:18)
	at java.base/java.util.concurrent.FutureTask.run(FutureTask.java:264)
	at java.base/java.util.concurrent.ThreadPoolExecutor.runWorker(ThreadPoolExecutor.java:1136)
	at java.base/java.util.concurrent.ThreadPoolExecutor$Worker.run(ThreadPoolExecutor.java:635)
	at java.base/java.lang.Thread.run(Thread.java:840)
Caused by: java.lang.NullPointerException: Cannot invoke "forge.game.card.CounterType.is(forge.game.card.CounterEnumType)" because "type" is null
	at forge.ai.ComputerUtilCost.checkRemoveCounterCost(ComputerUtilCost.java:100)
	at forge.ai.SpellAbilityAi.willPayCosts(SpellAbilityAi.java:389)
	at forge.ai.SpellAbilityAi.canPlayWithoutRestrict(SpellAbilityAi.java:105)
	at forge.ai.SpellAbilityAi.canPlay(SpellAbilityAi.java:76)
	at forge.ai.SpellAbilityAi.canPlayWithSubs(SpellAbilityAi.java:55)
	at forge.ai.AiController.canPlaySa(AiController.java:911)
	at forge.ai.AiController.canPlayAndPayForFace(AiController.java:855)
	at forge.ai.AiController.canPlayAndPayFor(AiController.java:833)
	at forge.ai.AiController.lambda$chooseSpellAbilityToPlayFromList$9(AiController.java:1661)
	at java.base/java.util.concurrent.FutureTask.run(FutureTask.java:264)
	... 1 more
java.util.concurrent.ExecutionException: java.lang.NullPointerException: Cannot invoke "forge.game.card.CounterType.is(forge.game.card.CounterEnumType)" because "type" is null
	at java.base/java.util.concurrent.FutureTask.report(FutureTask.java:122)
	at java.base/java.util.concurrent.FutureTask.get(FutureTask.java:205)
	at forge.ai.AiController.chooseSpellAbilityToPlayFromList(AiController.java:1680)
	at forge.ai.AiController.getSpellAbilityToPlay(AiController.java:1569)
	at forge.ai.AiController.chooseSpellAbilityToPlay(AiController.java:1389)
	at forge.ai.PlayerControllerAi.chooseSpellAbilityToPlay(PlayerControllerAi.java:833)
	at forge.game.phase.PhaseHandler.mainLoopStep(PhaseHandler.java:1063)
	at forge.game.phase.PhaseHandler.mainGameLoop(PhaseHandler.java:1042)
	at forge.game.phase.PhaseHandler.startFirstTurn(PhaseHandler.java:1036)
	at forge.game.GameAction.startGame(GameAction.java:2373)
	at forge.game.Match.startGame(Match.java:92)
	at forge.game.Match.startGame(Match.java:77)
	at forge.view.SimulateMatch.lambda$simulateSingleMatch$0(SimulateMatch.java:182)
	at forge.view.TimeLimitedCodeBlock.lambda$runWithTimeout$0(TimeLimitedCodeBlock.java:18)
	at java.base/java.util.concurrent.FutureTask.run(FutureTask.java:264)
	at java.base/java.util.concurrent.ThreadPoolExecutor.runWorker(ThreadPoolExecutor.java:1136)
	at java.base/java.util.concurrent.ThreadPoolExecutor$Worker.run(ThreadPoolExecutor.java:635)
	at java.base/java.lang.Thread.run(Thread.java:840)
Caused by: java.lang.NullPointerException: Cannot invoke "forge.game.card.CounterType.is(forge.game.card.CounterEnumType)" because "type" is null
	at forge.ai.ComputerUtilCost.checkRemoveCounterCost(ComputerUtilCost.java:100)
	at forge.ai.SpellAbilityAi.willPayCosts(SpellAbilityAi.java:389)
	at forge.ai.SpellAbilityAi.canPlayWithoutRestrict(SpellAbilityAi.java:105)
	at forge.ai.SpellAbilityAi.canPlay(SpellAbilityAi.java:76)
	at forge.ai.SpellAbilityAi.canPlayWithSubs(SpellAbilityAi.java:55)
	at forge.ai.AiController.canPlaySa(AiController.java:911)
	at forge.ai.AiController.canPlayAndPayForFace(AiController.java:855)
	at forge.ai.AiController.canPlayAndPayFor(AiController.java:833)
	at forge.ai.AiController.lambda$chooseSpellAbilityToPlayFromList$9(AiController.java:1661)
	at java.base/java.util.concurrent.FutureTask.run(FutureTask.java:264)
	... 1 more
java.util.concurrent.ExecutionException: java.lang.NullPointerException: Cannot invoke "forge.game.card.CounterType.is(forge.game.card.CounterEnumType)" because "type" is null
	at java.base/java.util.concurrent.FutureTask.report(FutureTask.java:122)
	at java.base/java.util.concurrent.FutureTask.get(FutureTask.java:205)
	at forge.ai.AiController.chooseSpellAbilityToPlayFromList(AiController.java:1680)
	at forge.ai.AiController.getSpellAbilityToPlay(AiController.java:1569)
	at forge.ai.AiController.chooseSpellAbilityToPlay(AiController.java:1389)
	at forge.ai.PlayerControllerAi.chooseSpellAbilityToPlay(PlayerControllerAi.java:833)
	at forge.game.phase.PhaseHandler.mainLoopStep(PhaseHandler.java:1063)
	at forge.game.phase.PhaseHandler.mainGameLoop(PhaseHandler.java:1042)
	at forge.game.phase.PhaseHandler.startFirstTurn(PhaseHandler.java:1036)
	at forge.game.GameAction.startGame(GameAction.java:2373)
	at forge.game.Match.startGame(Match.java:92)
	at forge.game.Match.startGame(Match.java:77)
	at forge.view.SimulateMatch.lambda$simulateSingleMatch$0(SimulateMatch.java:182)
	at forge.view.TimeLimitedCodeBlock.lambda$runWithTimeout$0(TimeLimitedCodeBlock.java:18)
	at java.base/java.util.concurrent.FutureTask.run(FutureTask.java:264)
	at java.base/java.util.concurrent.ThreadPoolExecutor.runWorker(ThreadPoolExecutor.java:1136)
	at java.base/java.util.concurrent.ThreadPoolExecutor$Worker.run(ThreadPoolExecutor.java:635)
	at java.base/java.lang.Thread.run(Thread.java:840)
Caused by: java.lang.NullPointerException: Cannot invoke "forge.game.card.CounterType.is(forge.game.card.CounterEnumType)" because "type" is null
	at forge.ai.ComputerUtilCost.checkRemoveCounterCost(ComputerUtilCost.java:100)
	at forge.ai.SpellAbilityAi.willPayCosts(SpellAbilityAi.java:389)
	at forge.ai.SpellAbilityAi.canPlayWithoutRestrict(SpellAbilityAi.java:105)
	at forge.ai.SpellAbilityAi.canPlay(SpellAbilityAi.java:76)
	at forge.ai.SpellAbilityAi.canPlayWithSubs(SpellAbilityAi.java:55)
	at forge.ai.AiController.canPlaySa(AiController.java:911)
	at forge.ai.AiController.canPlayAndPayForFace(AiController.java:855)
	at forge.ai.AiController.canPlayAndPayFor(AiController.java:833)
	at forge.ai.AiController.lambda$chooseSpellAbilityToPlayFromList$9(AiController.java:1661)
	at java.base/java.util.concurrent.FutureTask.run(FutureTask.java:264)
	... 1 more
java.util.concurrent.ExecutionException: java.lang.NullPointerException: Cannot invoke "forge.game.card.CounterType.is(forge.game.card.CounterEnumType)" because "type" is null
	at java.base/java.util.concurrent.FutureTask.report(FutureTask.java:122)
	at java.base/java.util.concurrent.FutureTask.get(FutureTask.java:205)
	at forge.ai.AiController.chooseSpellAbilityToPlayFromList(AiController.java:1680)
	at forge.ai.AiController.getSpellAbilityToPlay(AiController.java:1569)
	at forge.ai.AiController.chooseSpellAbilityToPlay(AiController.java:1389)
	at forge.ai.PlayerControllerAi.chooseSpellAbilityToPlay(PlayerControllerAi.java:833)
	at forge.game.phase.PhaseHandler.mainLoopStep(PhaseHandler.java:1063)
	at forge.game.phase.PhaseHandler.mainGameLoop(PhaseHandler.java:1042)
	at forge.game.phase.PhaseHandler.startFirstTurn(PhaseHandler.java:1036)
	at forge.game.GameAction.startGame(GameAction.java:2373)
	at forge.game.Match.startGame(Match.java:92)
	at forge.game.Match.startGame(Match.java:77)
	at forge.view.SimulateMatch.lambda$simulateSingleMatch$0(SimulateMatch.java:182)
	at forge.view.TimeLimitedCodeBlock.lambda$runWithTimeout$0(TimeLimitedCodeBlock.java:18)
	at java.base/java.util.concurrent.FutureTask.run(FutureTask.java:264)
	at java.base/java.util.concurrent.ThreadPoolExecutor.runWorker(ThreadPoolExecutor.java:1136)
	at java.base/java.util.concurrent.ThreadPoolExecutor$Worker.run(ThreadPoolExecutor.java:635)
	at java.base/java.lang.Thread.run(Thread.java:840)
Caused by: java.lang.NullPointerException: Cannot invoke "forge.game.card.CounterType.is(forge.game.card.CounterEnumType)" because "type" is null
	at forge.ai.ComputerUtilCost.checkRemoveCounterCost(ComputerUtilCost.java:100)
	at forge.ai.SpellAbilityAi.willPayCosts(SpellAbilityAi.java:389)
	at forge.ai.SpellAbilityAi.canPlayWithoutRestrict(SpellAbilityAi.java:105)
	at forge.ai.SpellAbilityAi.canPlay(SpellAbilityAi.java:76)
	at forge.ai.SpellAbilityAi.canPlayWithSubs(SpellAbilityAi.java:55)
	at forge.ai.AiController.canPlaySa(AiController.java:911)
	at forge.ai.AiController.canPlayAndPayForFace(AiController.java:855)
	at forge.ai.AiController.canPlayAndPayFor(AiController.java:833)
	at forge.ai.AiController.lambda$chooseSpellAbilityToPlayFromList$9(AiController.java:1661)
	at java.base/java.util.concurrent.FutureTask.run(FutureTask.java:264)
	... 1 more
Warning: default (ie. inherited from base class) implementation of confirmAction is used by Wildsear, Scouring Maw for forge.ai.ability.PermanentCreatureAi. Consider declaring an overloaded method
java.util.concurrent.ExecutionException: java.lang.NullPointerException: Cannot invoke "forge.game.card.CounterType.is(forge.game.card.CounterEnumType)" because "type" is null
	at java.base/java.util.concurrent.FutureTask.report(FutureTask.java:122)
	at java.base/java.util.concurrent.FutureTask.get(FutureTask.java:205)
	at forge.ai.AiController.chooseSpellAbilityToPlayFromList(AiController.java:1680)
	at forge.ai.AiController.getSpellAbilityToPlay(AiController.java:1569)
	at forge.ai.AiController.chooseSpellAbilityToPlay(AiController.java:1389)
	at forge.ai.PlayerControllerAi.chooseSpellAbilityToPlay(PlayerControllerAi.java:833)
	at forge.game.phase.PhaseHandler.mainLoopStep(PhaseHandler.java:1063)
	at forge.game.phase.PhaseHandler.mainGameLoop(PhaseHandler.java:1042)
	at forge.game.phase.PhaseHandler.startFirstTurn(PhaseHandler.java:1036)
	at forge.game.GameAction.startGame(GameAction.java:2373)
	at forge.game.Match.startGame(Match.java:92)
	at forge.game.Match.startGame(Match.java:77)
	at forge.view.SimulateMatch.lambda$simulateSingleMatch$0(SimulateMatch.java:182)
	at forge.view.TimeLimitedCodeBlock.lambda$runWithTimeout$0(TimeLimitedCodeBlock.java:18)
	at java.base/java.util.concurrent.FutureTask.run(FutureTask.java:264)
	at java.base/java.util.concurrent.ThreadPoolExecutor.runWorker(ThreadPoolExecutor.java:1136)
	at java.base/java.util.concurrent.ThreadPoolExecutor$Worker.run(ThreadPoolExecutor.java:635)
	at java.base/java.lang.Thread.run(Thread.java:840)
Caused by: java.lang.NullPointerException: Cannot invoke "forge.game.card.CounterType.is(forge.game.card.CounterEnumType)" because "type" is null
	at forge.ai.ComputerUtilCost.checkRemoveCounterCost(ComputerUtilCost.java:100)
	at forge.ai.SpellAbilityAi.willPayCosts(SpellAbilityAi.java:389)
	at forge.ai.SpellAbilityAi.canPlayWithoutRestrict(SpellAbilityAi.java:105)
	at forge.ai.SpellAbilityAi.canPlay(SpellAbilityAi.java:76)
	at forge.ai.SpellAbilityAi.canPlayWithSubs(SpellAbilityAi.java:55)
	at forge.ai.AiController.canPlaySa(AiController.java:911)
	at forge.ai.AiController.canPlayAndPayForFace(AiController.java:855)
	at forge.ai.AiController.canPlayAndPayFor(AiController.java:833)
	at forge.ai.AiController.lambda$chooseSpellAbilityToPlayFromList$9(AiController.java:1661)
	at java.base/java.util.concurrent.FutureTask.run(FutureTask.java:264)
	... 1 more
java.util.concurrent.ExecutionException: java.lang.NullPointerException: Cannot invoke "forge.game.card.CounterType.is(forge.game.card.CounterEnumType)" because "type" is null
	at java.base/java.util.concurrent.FutureTask.report(FutureTask.java:122)
	at java.base/java.util.concurrent.FutureTask.get(FutureTask.java:205)
	at forge.ai.AiController.chooseSpellAbilityToPlayFromList(AiController.java:1680)
	at forge.ai.AiController.getSpellAbilityToPlay(AiController.java:1569)
	at forge.ai.AiController.chooseSpellAbilityToPlay(AiController.java:1389)
	at forge.ai.PlayerControllerAi.chooseSpellAbilityToPlay(PlayerControllerAi.java:833)
	at forge.game.phase.PhaseHandler.mainLoopStep(PhaseHandler.java:1063)
	at forge.game.phase.PhaseHandler.mainGameLoop(PhaseHandler.java:1042)
	at forge.game.phase.PhaseHandler.startFirstTurn(PhaseHandler.java:1036)
	at forge.game.GameAction.startGame(GameAction.java:2373)
	at forge.game.Match.startGame(Match.java:92)
	at forge.game.Match.startGame(Match.java:77)
	at forge.view.SimulateMatch.lambda$simulateSingleMatch$0(SimulateMatch.java:182)
	at forge.view.TimeLimitedCodeBlock.lambda$runWithTimeout$0(TimeLimitedCodeBlock.java:18)
	at java.base/java.util.concurrent.FutureTask.run(FutureTask.java:264)
	at java.base/java.util.concurrent.ThreadPoolExecutor.runWorker(ThreadPoolExecutor.java:1136)
	at java.base/java.util.concurrent.ThreadPoolExecutor$Worker.run(ThreadPoolExecutor.java:635)
	at java.base/java.lang.Thread.run(Thread.java:840)
Caused by: java.lang.NullPointerException: Cannot invoke "forge.game.card.CounterType.is(forge.game.card.CounterEnumType)" because "type" is null
	at forge.ai.ComputerUtilCost.checkRemoveCounterCost(ComputerUtilCost.java:100)
	at forge.ai.SpellAbilityAi.willPayCosts(SpellAbilityAi.java:389)
	at forge.ai.SpellAbilityAi.canPlayWithoutRestrict(SpellAbilityAi.java:105)
	at forge.ai.SpellAbilityAi.canPlay(SpellAbilityAi.java:76)
	at forge.ai.SpellAbilityAi.canPlayWithSubs(SpellAbilityAi.java:55)
	at forge.ai.AiController.canPlaySa(AiController.java:911)
	at forge.ai.AiController.canPlayAndPayForFace(AiController.java:855)
	at forge.ai.AiController.canPlayAndPayFor(AiController.java:833)
	at forge.ai.AiController.lambda$chooseSpellAbilityToPlayFromList$9(AiController.java:1661)
	at java.base/java.util.concurrent.FutureTask.run(FutureTask.java:264)
	... 1 more
java.util.concurrent.ExecutionException: java.lang.NullPointerException: Cannot invoke "forge.game.card.CounterType.is(forge.game.card.CounterEnumType)" because "type" is null
	at java.base/java.util.concurrent.FutureTask.report(FutureTask.java:122)
	at java.base/java.util.concurrent.FutureTask.get(FutureTask.java:205)
	at forge.ai.AiController.chooseSpellAbilityToPlayFromList(AiController.java:1680)
	at forge.ai.AiController.getSpellAbilityToPlay(AiController.java:1569)
	at forge.ai.AiController.chooseSpellAbilityToPlay(AiController.java:1389)
	at forge.ai.PlayerControllerAi.chooseSpellAbilityToPlay(PlayerControllerAi.java:833)
	at forge.game.phase.PhaseHandler.mainLoopStep(PhaseHandler.java:1063)
	at forge.game.phase.PhaseHandler.mainGameLoop(PhaseHandler.java:1042)
	at forge.game.phase.PhaseHandler.startFirstTurn(PhaseHandler.java:1036)
	at forge.game.GameAction.startGame(GameAction.java:2373)
	at forge.game.Match.startGame(Match.java:92)
	at forge.game.Match.startGame(Match.java:77)
	at forge.view.SimulateMatch.lambda$simulateSingleMatch$0(SimulateMatch.java:182)
	at forge.view.TimeLimitedCodeBlock.lambda$runWithTimeout$0(TimeLimitedCodeBlock.java:18)
	at java.base/java.util.concurrent.FutureTask.run(FutureTask.java:264)
	at java.base/java.util.concurrent.ThreadPoolExecutor.runWorker(ThreadPoolExecutor.java:1136)
	at java.base/java.util.concurrent.ThreadPoolExecutor$Worker.run(ThreadPoolExecutor.java:635)
	at java.base/java.lang.Thread.run(Thread.java:840)
Caused by: java.lang.NullPointerException: Cannot invoke "forge.game.card.CounterType.is(forge.game.card.CounterEnumType)" because "type" is null
	at forge.ai.ComputerUtilCost.checkRemoveCounterCost(ComputerUtilCost.java:100)
	at forge.ai.SpellAbilityAi.willPayCosts(SpellAbilityAi.java:389)
	at forge.ai.SpellAbilityAi.canPlayWithoutRestrict(SpellAbilityAi.java:105)
	at forge.ai.SpellAbilityAi.canPlay(SpellAbilityAi.java:76)
	at forge.ai.SpellAbilityAi.canPlayWithSubs(SpellAbilityAi.java:55)
	at forge.ai.AiController.canPlaySa(AiController.java:911)
	at forge.ai.AiController.canPlayAndPayForFace(AiController.java:855)
	at forge.ai.AiController.canPlayAndPayFor(AiController.java:833)
	at forge.ai.AiController.lambda$chooseSpellAbilityToPlayFromList$9(AiController.java:1661)
	at java.base/java.util.concurrent.FutureTask.run(FutureTask.java:264)
	... 1 more
java.util.concurrent.ExecutionException: java.lang.NullPointerException: Cannot invoke "forge.game.card.CounterType.is(forge.game.card.CounterEnumType)" because "type" is null
	at java.base/java.util.concurrent.FutureTask.report(FutureTask.java:122)
	at java.base/java.util.concurrent.FutureTask.get(FutureTask.java:205)
	at forge.ai.AiController.chooseSpellAbilityToPlayFromList(AiController.java:1680)
	at forge.ai.AiController.getSpellAbilityToPlay(AiController.java:1569)
	at forge.ai.AiController.chooseSpellAbilityToPlay(AiController.java:1389)
	at forge.ai.PlayerControllerAi.chooseSpellAbilityToPlay(PlayerControllerAi.java:833)
	at forge.game.phase.PhaseHandler.mainLoopStep(PhaseHandler.java:1063)
	at forge.game.phase.PhaseHandler.mainGameLoop(PhaseHandler.java:1042)
	at forge.game.phase.PhaseHandler.startFirstTurn(PhaseHandler.java:1036)
	at forge.game.GameAction.startGame(GameAction.java:2373)
	at forge.game.Match.startGame(Match.java:92)
	at forge.game.Match.startGame(Match.java:77)
	at forge.view.SimulateMatch.lambda$simulateSingleMatch$0(SimulateMatch.java:182)
	at forge.view.TimeLimitedCodeBlock.lambda$runWithTimeout$0(TimeLimitedCodeBlock.java:18)
	at java.base/java.util.concurrent.FutureTask.run(FutureTask.java:264)
	at java.base/java.util.concurrent.ThreadPoolExecutor.runWorker(ThreadPoolExecutor.java:1136)
	at java.base/java.util.concurrent.ThreadPoolExecutor$Worker.run(ThreadPoolExecutor.java:635)
	at java.base/java.lang.Thread.run(Thread.java:840)
Caused by: java.lang.NullPointerException: Cannot invoke "forge.game.card.CounterType.is(forge.game.card.CounterEnumType)" because "type" is null
	at forge.ai.ComputerUtilCost.checkRemoveCounterCost(ComputerUtilCost.java:100)
	at forge.ai.SpellAbilityAi.willPayCosts(SpellAbilityAi.java:389)
	at forge.ai.SpellAbilityAi.canPlayWithoutRestrict(SpellAbilityAi.java:105)
	at forge.ai.SpellAbilityAi.canPlay(SpellAbilityAi.java:76)
	at forge.ai.SpellAbilityAi.canPlayWithSubs(SpellAbilityAi.java:55)
	at forge.ai.AiController.canPlaySa(AiController.java:911)
	at forge.ai.AiController.canPlayAndPayForFace(AiController.java:855)
	at forge.ai.AiController.canPlayAndPayFor(AiController.java:833)
	at forge.ai.AiController.lambda$chooseSpellAbilityToPlayFromList$9(AiController.java:1661)
	at java.base/java.util.concurrent.FutureTask.run(FutureTask.java:264)
	... 1 more
Warning: default (ie. inherited from base class) implementation of confirmAction is used by Kilo, Apogee Mind for forge.ai.ability.PermanentCreatureAi. Consider declaring an overloaded method
Mulligan: Ai(4)-Kilo Helm B3 has mulliganed down to 7 cards.
Mulligan: Ai(2)-Dnide Wildsear has kept a hand of 7 cards
Mulligan: Ai(3)-Inspirit EDHREC Average has kept a hand of 7 cards
Mulligan: Ai(4)-Kilo Helm B3 has kept a hand of 7 cards
Mulligan: Ai(1)-Ur-Dragon B3 has kept a hand of 7 cards
Turn: Turn 1 (Ai(2)-Dnide Wildsear)
Phase: Ai(2)-Dnide Wildsear's Untap step
Phase: Ai(2)-Dnide Wildsear's Upkeep step
Phase: Ai(2)-Dnide Wildsear's Draw step
Phase: Ai(2)-Dnide Wildsear's Main phase, precombat
Land: Ai(2)-Dnide Wildsear played Mountain (181)
Phase: Ai(2)-Dnide Wildsear's Beginning of Combat Step
Phase: Ai(2)-Dnide Wildsear's Declare Attackers Step
Phase: Ai(2)-Dnide Wildsear's Declare Blockers Step
Phase: Ai(2)-Dnide Wildsear's First Strike Damage Step
Phase: Ai(2)-Dnide Wildsear's Combat Damage Step
Phase: Ai(2)-Dnide Wildsear's End of Combat Step
Phase: Ai(2)-Dnide Wildsear's Main phase, postcombat
Phase: Ai(2)-Dnide Wildsear's End step
Phase: Ai(2)-Dnide Wildsear's Cleanup step
Turn: Turn 2 (Ai(3)-Inspirit EDHREC Average)
Phase: Ai(3)-Inspirit EDHREC Average's Untap step
Phase: Ai(3)-Inspirit EDHREC Average's Upkeep step
Phase: Ai(3)-Inspirit EDHREC Average's Draw step
Phase: Ai(3)-Inspirit EDHREC Average's Main phase, precombat
Replacement Effect: Glacial Fortress enters tapped unless you control a Plains or an Island.
Land: Ai(3)-Inspirit EDHREC Average played Glacial Fortress (279)
Phase: Ai(3)-Inspirit EDHREC Average's Beginning of Combat Step
Phase: Ai(3)-Inspirit EDHREC Average's Declare Attackers Step
Phase: Ai(3)-Inspirit EDHREC Average's Declare Blockers Step
Phase: Ai(3)-Inspirit EDHREC Average's First Strike Damage Step
Phase: Ai(3)-Inspirit EDHREC Average's Combat Damage Step
Phase: Ai(3)-Inspirit EDHREC Average's End of Combat Step
Phase: Ai(3)-Inspirit EDHREC Average's Main phase, postcombat
Phase: Ai(3)-Inspirit EDHREC Average's End step
Phase: Ai(3)-Inspirit EDHREC Average's Cleanup step
Turn: Turn 3 (Ai(4)-Kilo Helm B3)
Phase: Ai(4)-Kilo Helm B3's Untap step
Phase: Ai(4)-Kilo Helm B3's Upkeep step
Phase: Ai(4)-Kilo Helm B3's Draw step
Phase: Ai(4)-Kilo Helm B3's Main phase, precombat
Land: Ai(4)-Kilo Helm B3 played Plains (359)
Phase: Ai(4)-Kilo Helm B3's Beginning of Combat Step
Phase: Ai(4)-Kilo Helm B3's Declare Attackers Step
Phase: Ai(4)-Kilo Helm B3's Declare Blockers Step
Phase: Ai(4)-Kilo Helm B3's First Strike Damage Step
Phase: Ai(4)-Kilo Helm B3's Combat Damage Step
Phase: Ai(4)-Kilo Helm B3's End of Combat Step
Phase: Ai(4)-Kilo Helm B3's Main phase, postcombat
Phase: Ai(4)-Kilo Helm B3's End step
Phase: Ai(4)-Kilo Helm B3's Cleanup step
Turn: Turn 4 (Ai(1)-Ur-Dragon B3)
Phase: Ai(1)-Ur-Dragon B3's Untap step
Phase: Ai(1)-Ur-Dragon B3's Upkeep step
Phase: Ai(1)-Ur-Dragon B3's Draw step
Phase: Ai(1)-Ur-Dragon B3's Main phase, precombat
Replacement Effect: Arcane Sanctum enters tapped.
Land: Ai(1)-Ur-Dragon B3 played Arcane Sanctum (3)
Phase: Ai(1)-Ur-Dragon B3's Beginning of Combat Step
Phase: Ai(1)-Ur-Dragon B3's Declare Attackers Step
Phase: Ai(1)-Ur-Dragon B3's Declare Blockers Step
Phase: Ai(1)-Ur-Dragon B3's First Strike Damage Step
Phase: Ai(1)-Ur-Dragon B3's Combat Damage Step
Phase: Ai(1)-Ur-Dragon B3's End of Combat Step
Phase: Ai(1)-Ur-Dragon B3's Main phase, postcombat
Phase: Ai(1)-Ur-Dragon B3's End step
Phase: Ai(1)-Ur-Dragon B3's Cleanup step
Turn: Turn 5 (Ai(2)-Dnide Wildsear)
Phase: Ai(2)-Dnide Wildsear's Untap step
Phase: Ai(2)-Dnide Wildsear's Upkeep step
Phase: Ai(2)-Dnide Wildsear's Draw step
Phase: Ai(2)-Dnide Wildsear's Main phase, precombat
Land: Ai(2)-Dnide Wildsear played Forest (150)
Phase: Ai(2)-Dnide Wildsear's Beginning of Combat Step
Phase: Ai(2)-Dnide Wildsear's Declare Attackers Step
Phase: Ai(2)-Dnide Wildsear's Declare Blockers Step
Phase: Ai(2)-Dnide Wildsear's First Strike Damage Step
Phase: Ai(2)-Dnide Wildsear's Combat Damage Step
Phase: Ai(2)-Dnide Wildsear's End of Combat Step
Phase: Ai(2)-Dnide Wildsear's Main phase, postcombat
Phase: Ai(2)-Dnide Wildsear's End step
Phase: Ai(2)-Dnide Wildsear's Cleanup step
Turn: Turn 6 (Ai(3)-Inspirit EDHREC Average)
Phase: Ai(3)-Inspirit EDHREC Average's Untap step
Phase: Ai(3)-Inspirit EDHREC Average's Upkeep step
Phase: Ai(3)-Inspirit EDHREC Average's Draw step
Phase: Ai(3)-Inspirit EDHREC Average's Main phase, precombat
Land: Ai(3)-Inspirit EDHREC Average played Karn's Bastion (222)
Phase: Ai(3)-Inspirit EDHREC Average's Beginning of Combat Step
Phase: Ai(3)-Inspirit EDHREC Average's Declare Attackers Step
Phase: Ai(3)-Inspirit EDHREC Average's Declare Blockers Step
Phase: Ai(3)-Inspirit EDHREC Average's First Strike Damage Step
Phase: Ai(3)-Inspirit EDHREC Average's Combat Damage Step
Phase: Ai(3)-Inspirit EDHREC Average's End of Combat Step
Phase: Ai(3)-Inspirit EDHREC Average's Main phase, postcombat
Mana: Glacial Fortress (279) - {T}: Add {W} or {U}.
Mana: Karn's Bastion (222) - {T}: Add {C}.
Add To Stack: Ai(3)-Inspirit EDHREC Average cast Coretapper
Resolve Stack: Coretapper - Creature 1 / 1
Phase: Ai(3)-Inspirit EDHREC Average's End step
Phase: Ai(3)-Inspirit EDHREC Average's Cleanup step
Turn: Turn 7 (Ai(4)-Kilo Helm B3)
Phase: Ai(4)-Kilo Helm B3's Untap step
Phase: Ai(4)-Kilo Helm B3's Upkeep step
Phase: Ai(4)-Kilo Helm B3's Draw step
Phase: Ai(4)-Kilo Helm B3's Main phase, precombat
Land: Ai(4)-Kilo Helm B3 played Island (367)
Phase: Ai(4)-Kilo Helm B3's Beginning of Combat Step
Phase: Ai(4)-Kilo Helm B3's Declare Attackers Step
Phase: Ai(4)-Kilo Helm B3's Declare Blockers Step
Phase: Ai(4)-Kilo Helm B3's First Strike Damage Step
Phase: Ai(4)-Kilo Helm B3's Combat Damage Step
Phase: Ai(4)-Kilo Helm B3's End of Combat Step
Phase: Ai(4)-Kilo Helm B3's Main phase, postcombat
Mana: Island (367) - {T}: Add {U}.
Mana: Plains (359) - {T}: Add {W}.
Add To Stack: Ai(4)-Kilo Helm B3 cast Steel Overseer
Resolve Stack: Steel Overseer - Creature 1 / 1
Phase: Ai(4)-Kilo Helm B3's End step
Phase: Ai(4)-Kilo Helm B3's Cleanup step
Turn: Turn 8 (Ai(1)-Ur-Dragon B3)
Phase: Ai(1)-Ur-Dragon B3's Untap step
Phase: Ai(1)-Ur-Dragon B3's Upkeep step
Phase: Ai(1)-Ur-Dragon B3's Draw step
Phase: Ai(1)-Ur-Dragon B3's Main phase, precombat
Land: Ai(1)-Ur-Dragon B3 played Mountain (80)
Phase: Ai(1)-Ur-Dragon B3's Beginning of Combat Step
Phase: Ai(1)-Ur-Dragon B3's Declare Attackers Step
Phase: Ai(1)-Ur-Dragon B3's Declare Blockers Step
Phase: Ai(1)-Ur-Dragon B3's First Strike Damage Step
Phase: Ai(1)-Ur-Dragon B3's Combat Damage Step
Phase: Ai(1)-Ur-Dragon B3's End of Combat Step
Phase: Ai(1)-Ur-Dragon B3's Main phase, postcombat
Mana: Mountain (80) - {T}: Add {R}.
Mana: Arcane Sanctum (3) - {T}: Add {W}, {U}, or {B}.
Add To Stack: Ai(1)-Ur-Dragon B3 cast Arcane Signet
Resolve Stack: Arcane Signet
Mana: Arcane Signet (95) - {T}: Add one mana of any color in your commander's color identity.
Resolve Stack: Ai(1)-Ur-Dragon B3 has suspended Search for Tomorrow with 2 time counters on it.
Phase: Ai(1)-Ur-Dragon B3's End step
Phase: Ai(1)-Ur-Dragon B3's Cleanup step
Turn: Turn 9 (Ai(2)-Dnide Wildsear)
Phase: Ai(2)-Dnide Wildsear's Untap step
Phase: Ai(2)-Dnide Wildsear's Upkeep step
Phase: Ai(2)-Dnide Wildsear's Draw step
Phase: Ai(2)-Dnide Wildsear's Main phase, precombat
Land: Ai(2)-Dnide Wildsear played Mountain (186)
Phase: Ai(2)-Dnide Wildsear's Beginning of Combat Step
Phase: Ai(2)-Dnide Wildsear's Declare Attackers Step
Phase: Ai(2)-Dnide Wildsear's Declare Blockers Step
Phase: Ai(2)-Dnide Wildsear's First Strike Damage Step
Phase: Ai(2)-Dnide Wildsear's Combat Damage Step
Phase: Ai(2)-Dnide Wildsear's End of Combat Step
Phase: Ai(2)-Dnide Wildsear's Main phase, postcombat
Mana: Forest (150) - {T}: Add {G}.
Mana: Mountain (181) - {T}: Add {R}.
Mana: Mountain (186) - {T}: Add {R}.
Add To Stack: Ai(2)-Dnide Wildsear cast Dryad of the Ilysian Grove
Resolve Stack: Dryad of the Ilysian Grove - Creature 2 / 4
Land: Ai(2)-Dnide Wildsear played Mountain (178)
Phase: Ai(2)-Dnide Wildsear's End step
Phase: Ai(2)-Dnide Wildsear's Cleanup step
Turn: Turn 10 (Ai(3)-Inspirit EDHREC Average)
Phase: Ai(3)-Inspirit EDHREC Average's Untap step
Phase: Ai(3)-Inspirit EDHREC Average's Upkeep step
Phase: Ai(3)-Inspirit EDHREC Average's Draw step
Phase: Ai(3)-Inspirit EDHREC Average's Main phase, precombat
Land: Ai(3)-Inspirit EDHREC Average played Island (265)
Mana: Island (265) - {T}: Add {U}.
Mana: Glacial Fortress (279) - {T}: Add {W} or {U}.
Add To Stack: Ai(3)-Inspirit EDHREC Average cast Gavel of the Righteous
Resolve Stack: Gavel of the Righteous
Phase: Ai(3)-Inspirit EDHREC Average's Beginning of Combat Step
Add To Stack: Ai(3)-Inspirit EDHREC Average triggered Gavel of the Righteous
Resolve Stack: At the beginning of combat on your turn, put a charge counter on Gavel of the Righteous. [Phase: Ai(3)-Inspirit EDHREC Average]
Phase: Ai(3)-Inspirit EDHREC Average's Declare Attackers Step
Phase: Ai(3)-Inspirit EDHREC Average's Declare Blockers Step
Phase: Ai(3)-Inspirit EDHREC Average's First Strike Damage Step
Phase: Ai(3)-Inspirit EDHREC Average's Combat Damage Step
Phase: Ai(3)-Inspirit EDHREC Average's End of Combat Step
Phase: Ai(3)-Inspirit EDHREC Average's Main phase, postcombat
Phase: Ai(3)-Inspirit EDHREC Average's End step
Phase: Ai(3)-Inspirit EDHREC Average's Cleanup step
Turn: Turn 11 (Ai(4)-Kilo Helm B3)
Phase: Ai(4)-Kilo Helm B3's Untap step
Phase: Ai(4)-Kilo Helm B3's Upkeep step
Phase: Ai(4)-Kilo Helm B3's Draw step
Phase: Ai(4)-Kilo Helm B3's Main phase, precombat
Phase: Ai(4)-Kilo Helm B3's Beginning of Combat Step
Phase: Ai(4)-Kilo Helm B3's Declare Attackers Step
Phase: Ai(4)-Kilo Helm B3's Declare Blockers Step
Phase: Ai(4)-Kilo Helm B3's First Strike Damage Step
Phase: Ai(4)-Kilo Helm B3's Combat Damage Step
Phase: Ai(4)-Kilo Helm B3's End of Combat Step
Phase: Ai(4)-Kilo Helm B3's Main phase, postcombat
Replacement Effect: Razortide Bridge enters tapped.
Land: Ai(4)-Kilo Helm B3 played Razortide Bridge (327)
Mana: Island (367) - {T}: Add {U}.
Mana: Plains (359) - {T}: Add {W}.
Add To Stack: Ai(4)-Kilo Helm B3 cast Moxite Refinery
Resolve Stack: Moxite Refinery
Phase: Ai(4)-Kilo Helm B3's End step
Add To Stack: Ai(4)-Kilo Helm B3 activated Steel Overseer
Resolve Stack: Steel Overseer (306) - Put a +1/+1 counter on each valid permanent.
Phase: Ai(4)-Kilo Helm B3's Cleanup step
Turn: Turn 12 (Ai(1)-Ur-Dragon B3)
Phase: Ai(1)-Ur-Dragon B3's Untap step
Phase: Ai(1)-Ur-Dragon B3's Upkeep step
Add To Stack: Ai(1)-Ur-Dragon B3 triggered Search for Tomorrow
Resolve Stack: At the beginning of your upkeep, if this card is suspended, remove a time counter from it [Phase: Ai(1)-Ur-Dragon B3]
Phase: Ai(1)-Ur-Dragon B3's Draw step
Phase: Ai(1)-Ur-Dragon B3's Main phase, precombat
Land: Ai(1)-Ur-Dragon B3 played Island (56)
Phase: Ai(1)-Ur-Dragon B3's Beginning of Combat Step
Phase: Ai(1)-Ur-Dragon B3's Declare Attackers Step
Phase: Ai(1)-Ur-Dragon B3's Declare Blockers Step
Phase: Ai(1)-Ur-Dragon B3's First Strike Damage Step
Phase: Ai(1)-Ur-Dragon B3's Combat Damage Step
Phase: Ai(1)-Ur-Dragon B3's End of Combat Step
Phase: Ai(1)-Ur-Dragon B3's Main phase, postcombat
Mana: Mountain (80) - {T}: Add {R}.
Mana: Island (56) - {T}: Add {U}.
Mana: Arcane Sanctum (3) - {T}: Add {W}, {U}, or {B}.
Mana: Arcane Signet (95) - {T}: Add one mana of any color in your commander's color identity.
Add To Stack: Ai(1)-Ur-Dragon B3 cast Crucible of Fire
Resolve Stack: Crucible of Fire
Phase: Ai(1)-Ur-Dragon B3's End step
Phase: Ai(1)-Ur-Dragon B3's Cleanup step
Turn: Turn 13 (Ai(2)-Dnide Wildsear)
Phase: Ai(2)-Dnide Wildsear's Untap step
Phase: Ai(2)-Dnide Wildsear's Upkeep step
Phase: Ai(2)-Dnide Wildsear's Draw step
Phase: Ai(2)-Dnide Wildsear's Main phase, precombat
Mana: Mountain (181) - {T}: Add {G}.
Mana: Forest (150) - {T}: Add {G}.
Mana: Mountain (186) - {T}: Add {G}.
Mana: Mountain (178) - {T}: Add {G}.
Add To Stack: Ai(2)-Dnide Wildsear cast Bear Umbra targeting [Dryad of the Ilysian Grove (108)]
Resolve Stack: Bear Umbra (194) -  Attach to Dryad of the Ilysian Grove (108)
Phase: Ai(2)-Dnide Wildsear's Beginning of Combat Step
Phase: Ai(2)-Dnide Wildsear's Declare Attackers Step
Combat: Ai(2)-Dnide Wildsear assigned Dryad of the Ilysian Grove (108) to attack Ai(4)-Kilo Helm B3.
Add To Stack: Ai(2)-Dnide Wildsear triggered Dryad of the Ilysian Grove
Resolve Stack: Whenever this creature attacks, untap all lands you control. [Attacker: Dryad of the Ilysian Grove (108)]
Phase: Ai(2)-Dnide Wildsear's Declare Blockers Step
Combat: Ai(4)-Kilo Helm B3 didn't block Dryad of the Ilysian Grove (108).
Phase: Ai(2)-Dnide Wildsear's First Strike Damage Step
Phase: Ai(2)-Dnide Wildsear's Combat Damage Step
Damage: Dryad of the Ilysian Grove (108) deals 4 combat damage to Ai(4)-Kilo Helm B3.
Life: Life: Ai(4)-Kilo Helm B3 40 > 36
Phase: Ai(2)-Dnide Wildsear's End of Combat Step
Phase: Ai(2)-Dnide Wildsear's Main phase, postcombat
Mana: Mountain (181) - {T}: Add {R}.
Mana: Forest (150) - {T}: Add {R}.
Mana: Mountain (186) - {T}: Add {G}.
Mana: Mountain (178) - {T}: Add {G}.
Add To Stack: Ai(2)-Dnide Wildsear cast Enduring Courage
Resolve Stack: Enduring Courage - Creature 3 / 3
Phase: Ai(2)-Dnide Wildsear's End step
Phase: Ai(2)-Dnide Wildsear's Cleanup step
Turn: Turn 14 (Ai(3)-Inspirit EDHREC Average)
Phase: Ai(3)-Inspirit EDHREC Average's Untap step
Phase: Ai(3)-Inspirit EDHREC Average's Upkeep step
Phase: Ai(3)-Inspirit EDHREC Average's Draw step
Phase: Ai(3)-Inspirit EDHREC Average's Main phase, precombat
Land: Ai(3)-Inspirit EDHREC Average played Plains (259)
Mana: Island (265) - {T}: Add {U}.
Mana: Plains (259) - {T}: Add {W}.
Mana: Glacial Fortress (279) - {T}: Add {W} or {U}.
Add To Stack: Ai(3)-Inspirit EDHREC Average activated Gavel of the Righteous targeting [Coretapper (235)]
Resolve Stack: Gavel of the Righteous (270) -  Attach to Coretapper (235)
Phase: Ai(3)-Inspirit EDHREC Average's Beginning of Combat Step
Add To Stack: Ai(3)-Inspirit EDHREC Average triggered Gavel of the Righteous
Resolve Stack: At the beginning of combat on your turn, put a charge counter on Gavel of the Righteous. [Phase: Ai(3)-Inspirit EDHREC Average]
Phase: Ai(3)-Inspirit EDHREC Average's Declare Attackers Step
Phase: Ai(3)-Inspirit EDHREC Average's Declare Blockers Step
Phase: Ai(3)-Inspirit EDHREC Average's First Strike Damage Step
Phase: Ai(3)-Inspirit EDHREC Average's Combat Damage Step
Phase: Ai(3)-Inspirit EDHREC Average's End of Combat Step
Phase: Ai(3)-Inspirit EDHREC Average's Main phase, postcombat
Phase: Ai(3)-Inspirit EDHREC Average's End step
Phase: Ai(3)-Inspirit EDHREC Average's Cleanup step
Turn: Turn 15 (Ai(4)-Kilo Helm B3)
Phase: Ai(4)-Kilo Helm B3's Untap step
Phase: Ai(4)-Kilo Helm B3's Upkeep step
Phase: Ai(4)-Kilo Helm B3's Draw step
Phase: Ai(4)-Kilo Helm B3's Main phase, precombat
Phase: Ai(4)-Kilo Helm B3's Beginning of Combat Step
Phase: Ai(4)-Kilo Helm B3's Declare Attackers Step
Phase: Ai(4)-Kilo Helm B3's Declare Blockers Step
Phase: Ai(4)-Kilo Helm B3's First Strike Damage Step
Phase: Ai(4)-Kilo Helm B3's Combat Damage Step
Phase: Ai(4)-Kilo Helm B3's End of Combat Step
Phase: Ai(4)-Kilo Helm B3's Main phase, postcombat
Mana: Island (367) - {T}: Add {U}.
Mana: Plains (359) - {T}: Add {W}.
Mana: Razortide Bridge (327) - {T}: Add {W} or {U}.
Add To Stack: Ai(4)-Kilo Helm B3 cast Tezzeret, Cruel Captain
Replacement Effect: Tezzeret, Cruel Captain enters with four loyalty counters on it.
Resolve Stack: Tezzeret, Cruel Captain
Add To Stack: Ai(4)-Kilo Helm B3 activated Tezzeret, Cruel Captain
Resolve Stack: Tezzeret, Cruel Captain (355) - Search your library for an artifact card with mana value 1 or less, reveal it, put it into your hand, then shuffle.
Phase: Ai(4)-Kilo Helm B3's End step
Add To Stack: Ai(4)-Kilo Helm B3 activated Steel Overseer
Resolve Stack: Steel Overseer (306) - Put a +1/+1 counter on each valid permanent.
Phase: Ai(4)-Kilo Helm B3's Cleanup step
Turn: Turn 16 (Ai(1)-Ur-Dragon B3)
Phase: Ai(1)-Ur-Dragon B3's Untap step
Phase: Ai(1)-Ur-Dragon B3's Upkeep step
Add To Stack: Ai(1)-Ur-Dragon B3 triggered Search for Tomorrow
Resolve Stack: At the beginning of your upkeep, if this card is suspended, remove a time counter from it [Phase: Ai(1)-Ur-Dragon B3]
Add To Stack: Ai(1)-Ur-Dragon B3 triggered Search for Tomorrow
Add To Stack: Ai(1)-Ur-Dragon B3 cast Search for Tomorrow
Resolve Stack: When the last time counter is removed from this card, if it's exiled, you may play it without paying its mana cost if able.  If you can't, it remains exiled. If you cast a creature spell this way, it gains haste until you lose control of the spell or the permanent it becomes. [Removed from: Search for Tomorrow (27)]
Resolve Stack: Search for Tomorrow (27) - Ai(1)-Ur-Dragon B3 searches their library for a basic land card, puts it onto the battlefield, then shuffles.
Phase: Ai(1)-Ur-Dragon B3's Draw step
Phase: Ai(1)-Ur-Dragon B3's Main phase, precombat
Land: Ai(1)-Ur-Dragon B3 played Swamp (92)
Phase: Ai(1)-Ur-Dragon B3's Beginning of Combat Step
Phase: Ai(1)-Ur-Dragon B3's Declare Attackers Step
Phase: Ai(1)-Ur-Dragon B3's Declare Blockers Step
Phase: Ai(1)-Ur-Dragon B3's First Strike Damage Step
Phase: Ai(1)-Ur-Dragon B3's Combat Damage Step
Phase: Ai(1)-Ur-Dragon B3's End of Combat Step
Phase: Ai(1)-Ur-Dragon B3's Main phase, postcombat
Mana: Mountain (80) - {T}: Add {R}.
Mana: Arcane Signet (95) - {T}: Add one mana of any color in your commander's color identity.
Mana: Island (56) - {T}: Add {U}.
Mana: Plains (44) - {T}: Add {W}.
Mana: Swamp (92) - {T}: Add {B}.
Mana: Arcane Sanctum (3) - {T}: Add {W}, {U}, or {B}.
Add To Stack: Ai(1)-Ur-Dragon B3 cast Balefire Dragon
Resolve Stack: Balefire Dragon - Creature 6 / 6
Phase: Ai(1)-Ur-Dragon B3's End step
Phase: Ai(1)-Ur-Dragon B3's Cleanup step
Turn: Turn 17 (Ai(2)-Dnide Wildsear)
Phase: Ai(2)-Dnide Wildsear's Untap step
Phase: Ai(2)-Dnide Wildsear's Upkeep step
Phase: Ai(2)-Dnide Wildsear's Draw step
Phase: Ai(2)-Dnide Wildsear's Main phase, precombat
Mana: Mountain (181) - {T}: Add {R}.
Mana: Forest (150) - {T}: Add {G}.
Mana: Mountain (186) - {T}: Add {G}.
Add To Stack: Ai(2)-Dnide Wildsear cast Rhythm of the Wild
Resolve Stack: Rhythm of the Wild
Mana: Mountain (178) - {T}: Add {R}.
Add To Stack: Ai(2)-Dnide Wildsear cast Vandalblast targeting [Arcane Signet (95)]
Zone Change: Arcane Signet (95) was put into Graveyard from Battlefield.
Resolve Stack: Vandalblast (166) - Destroy Arcane Signet (95).
Phase: Ai(2)-Dnide Wildsear's Beginning of Combat Step
Phase: Ai(2)-Dnide Wildsear's Declare Attackers Step
Phase: Ai(2)-Dnide Wildsear's Declare Blockers Step
Phase: Ai(2)-Dnide Wildsear's First Strike Damage Step
Phase: Ai(2)-Dnide Wildsear's Combat Damage Step
Phase: Ai(2)-Dnide Wildsear's End of Combat Step
Phase: Ai(2)-Dnide Wildsear's Main phase, postcombat
Phase: Ai(2)-Dnide Wildsear's End step
Phase: Ai(2)-Dnide Wildsear's Cleanup step
Turn: Turn 18 (Ai(3)-Inspirit EDHREC Average)
Phase: Ai(3)-Inspirit EDHREC Average's Untap step
Phase: Ai(3)-Inspirit EDHREC Average's Upkeep step
Phase: Ai(3)-Inspirit EDHREC Average's Draw step
Phase: Ai(3)-Inspirit EDHREC Average's Main phase, precombat
Land: Ai(3)-Inspirit EDHREC Average played Island (267)
Phase: Ai(3)-Inspirit EDHREC Average's Beginning of Combat Step
Add To Stack: Ai(3)-Inspirit EDHREC Average triggered Gavel of the Righteous
Resolve Stack: At the beginning of combat on your turn, put a charge counter on Gavel of the Righteous. [Phase: Ai(3)-Inspirit EDHREC Average]
Phase: Ai(3)-Inspirit EDHREC Average's Declare Attackers Step
Phase: Ai(3)-Inspirit EDHREC Average's Declare Blockers Step
Phase: Ai(3)-Inspirit EDHREC Average's First Strike Damage Step
Phase: Ai(3)-Inspirit EDHREC Average's Combat Damage Step
Phase: Ai(3)-Inspirit EDHREC Average's End of Combat Step
Phase: Ai(3)-Inspirit EDHREC Average's Main phase, postcombat
Mana: Island (265) - {T}: Add {U}.
Mana: Island (267) - {T}: Add {U}.
Mana: Plains (259) - {T}: Add {W}.
Mana: Glacial Fortress (279) - {T}: Add {W} or {U}.
Add To Stack: Ai(3)-Inspirit EDHREC Average cast Phyrexian Metamorph
Replacement Effect: You may have Dryad of the Ilysian Grove enter as a copy of any artifact or creature on the battlefield, except it's an artifact in addition to its other types.
Resolve Stack: Phyrexian Metamorph - Creature 0 / 0
Phase: Ai(3)-Inspirit EDHREC Average's End step
Phase: Ai(3)-Inspirit EDHREC Average's Cleanup step
Turn: Turn 19 (Ai(4)-Kilo Helm B3)
Phase: Ai(4)-Kilo Helm B3's Untap step
Phase: Ai(4)-Kilo Helm B3's Upkeep step
Phase: Ai(4)-Kilo Helm B3's Draw step
Phase: Ai(4)-Kilo Helm B3's Main phase, precombat
Phase: Ai(4)-Kilo Helm B3's Beginning of Combat Step
Phase: Ai(4)-Kilo Helm B3's Declare Attackers Step
Phase: Ai(4)-Kilo Helm B3's Declare Blockers Step
Phase: Ai(4)-Kilo Helm B3's First Strike Damage Step
Phase: Ai(4)-Kilo Helm B3's Combat Damage Step
Phase: Ai(4)-Kilo Helm B3's End of Combat Step
Phase: Ai(4)-Kilo Helm B3's Main phase, postcombat
Mana: Island (367) - {T}: Add {U}.
Mana: Plains (359) - {T}: Add {W}.
Add To Stack: Ai(4)-Kilo Helm B3 cast Walking Ballista
Replacement Effect: Walking Ballista enters with X +1/+1 counters on it.
Resolve Stack: Walking Ballista - Creature 0 / 0 (X=1)
Add To Stack: Ai(4)-Kilo Helm B3 triggered Tezzeret, Cruel Captain
Resolve Stack: Whenever an artifact you control enters, put a loyalty counter on Tezzeret. [Zone Changer: Walking Ballista (341)]
Phase: Ai(4)-Kilo Helm B3's End step
Add To Stack: Ai(4)-Kilo Helm B3 activated Steel Overseer
Resolve Stack: Steel Overseer (306) - Put a +1/+1 counter on each valid permanent.
Phase: Ai(4)-Kilo Helm B3's Cleanup step
Turn: Turn 20 (Ai(1)-Ur-Dragon B3)
Phase: Ai(1)-Ur-Dragon B3's Untap step
Phase: Ai(1)-Ur-Dragon B3's Upkeep step
Phase: Ai(1)-Ur-Dragon B3's Draw step
Phase: Ai(1)-Ur-Dragon B3's Main phase, precombat
Phase: Ai(1)-Ur-Dragon B3's Beginning of Combat Step
Phase: Ai(1)-Ur-Dragon B3's Declare Attackers Step
Combat: Ai(1)-Ur-Dragon B3 assigned Balefire Dragon (19) to attack Tezzeret, Cruel Captain (355).
Phase: Ai(1)-Ur-Dragon B3's Declare Blockers Step
Combat: Ai(4)-Kilo Helm B3 didn't block Balefire Dragon (19).
Phase: Ai(1)-Ur-Dragon B3's First Strike Damage Step
Phase: Ai(1)-Ur-Dragon B3's Combat Damage Step
Zone Change: Tezzeret, Cruel Captain (355) was put into Graveyard from Battlefield.
Phase: Ai(1)-Ur-Dragon B3's End of Combat Step
Phase: Ai(1)-Ur-Dragon B3's Main phase, postcombat
Mana: Island (56) - {T}: Add {U}.
Mana: Plains (44) - {T}: Add {W}.
Mana: Swamp (92) - {T}: Add {B}.
Add To Stack: Ai(1)-Ur-Dragon B3 cast Coalition Relic
Resolve Stack: Coalition Relic
Mana: Coalition Relic (23) - {T}: Add one mana of any color.
Mana: Mountain (80) - {T}: Add {R}.
Mana: Arcane Sanctum (3) - {T}: Add {W}, {U}, or {B}.
Add To Stack: Ai(1)-Ur-Dragon B3 cast Kodama's Reach
Mana: Karn's Bastion (222) - {T}: Add {U}.
Add To Stack: Ai(3)-Inspirit EDHREC Average cast Swan Song targeting [Search your library for up to two basic land cards, reveal those cards, put one onto the battlefield tapped and the other into your hand, then shuffle.   ]
Zone Change: Send countered spell to Graveyard
Resolve Stack: Swan Song (252) - Counter Kodama's Reach (89). 
Add To Stack: Ai(4)-Kilo Helm B3 activated Walking Ballista targeting [Bird Token (406)]
Damage: Walking Ballista (341) deals 1 damage to Bird Token (406).
Resolve Stack: Walking Ballista (341) - Walking Ballista (341) deals 1 damage to Bird Token (406).
Add To Stack: Ai(4)-Kilo Helm B3 activated Walking Ballista targeting [Bird Token (406)]
Zone Change: Walking Ballista (341) was put into Graveyard from Battlefield.
Damage: Walking Ballista (341) deals 1 damage to Bird Token (406).
Resolve Stack: Walking Ballista (341) - Walking Ballista (341) deals 1 damage to Bird Token (406).
Zone Change: Bird Token (406) was put into Graveyard from Battlefield.
Phase: Ai(1)-Ur-Dragon B3's End step
Phase: Ai(1)-Ur-Dragon B3's Cleanup step
Turn: Turn 21 (Ai(2)-Dnide Wildsear)
Phase: Ai(2)-Dnide Wildsear's Untap step
Phase: Ai(2)-Dnide Wildsear's Upkeep step
Phase: Ai(2)-Dnide Wildsear's Draw step
Phase: Ai(2)-Dnide Wildsear's Main phase, precombat
Phase: Ai(2)-Dnide Wildsear's Beginning of Combat Step
Phase: Ai(2)-Dnide Wildsear's Declare Attackers Step
Phase: Ai(2)-Dnide Wildsear's Declare Blockers Step
Phase: Ai(2)-Dnide Wildsear's First Strike Damage Step
Phase: Ai(2)-Dnide Wildsear's Combat Damage Step
Phase: Ai(2)-Dnide Wildsear's End of Combat Step
Phase: Ai(2)-Dnide Wildsear's Main phase, postcombat
Mana: Mountain (181) - {T}: Add {G}.
Mana: Forest (150) - {T}: Add {G}.
Mana: Mountain (186) - {T}: Add {G}.
Add To Stack: Ai(2)-Dnide Wildsear cast Gruul Cluestone
Resolve Stack: Gruul Cluestone
Phase: Ai(2)-Dnide Wildsear's End step
Phase: Ai(2)-Dnide Wildsear's Cleanup step
Turn: Turn 22 (Ai(3)-Inspirit EDHREC Average)
Phase: Ai(3)-Inspirit EDHREC Average's Untap step
Phase: Ai(3)-Inspirit EDHREC Average's Upkeep step
Phase: Ai(3)-Inspirit EDHREC Average's Draw step
Phase: Ai(3)-Inspirit EDHREC Average's Main phase, precombat
Phase: Ai(3)-Inspirit EDHREC Average's Beginning of Combat Step
Add To Stack: Ai(3)-Inspirit EDHREC Average triggered Gavel of the Righteous
Resolve Stack: At the beginning of combat on your turn, put a charge counter on Gavel of the Righteous. [Phase: Ai(3)-Inspirit EDHREC Average]
Phase: Ai(3)-Inspirit EDHREC Average's Declare Attackers Step
Phase: Ai(3)-Inspirit EDHREC Average's Declare Blockers Step
Phase: Ai(3)-Inspirit EDHREC Average's First Strike Damage Step
Phase: Ai(3)-Inspirit EDHREC Average's Combat Damage Step
Phase: Ai(3)-Inspirit EDHREC Average's End of Combat Step
Phase: Ai(3)-Inspirit EDHREC Average's Main phase, postcombat
Mana: Island (265) - {T}: Add {R}.
Mana: Plains (259) - {T}: Add {U}.
Mana: Island (267) - {T}: Add {G}.
Add To Stack: Ai(3)-Inspirit EDHREC Average cast Long-Range Sensor
Resolve Stack: Long-Range Sensor
Mana: Glacial Fortress (279) - {T}: Add {G}.
Add To Stack: Ai(3)-Inspirit EDHREC Average cast Sol Ring
Resolve Stack: Sol Ring
Phase: Ai(3)-Inspirit EDHREC Average's End step
Phase: Ai(3)-Inspirit EDHREC Average's Cleanup step
Turn: Turn 23 (Ai(4)-Kilo Helm B3)
Phase: Ai(4)-Kilo Helm B3's Untap step
Phase: Ai(4)-Kilo Helm B3's Upkeep step
Phase: Ai(4)-Kilo Helm B3's Draw step
Phase: Ai(4)-Kilo Helm B3's Main phase, precombat
Replacement Effect: This land enters tapped.
Land: Ai(4)-Kilo Helm B3 played Glittering Massif (349)
Phase: Ai(4)-Kilo Helm B3's Beginning of Combat Step
Phase: Ai(4)-Kilo Helm B3's Declare Attackers Step
Phase: Ai(4)-Kilo Helm B3's Declare Blockers Step
Phase: Ai(4)-Kilo Helm B3's First Strike Damage Step
Phase: Ai(4)-Kilo Helm B3's Combat Damage Step
Phase: Ai(4)-Kilo Helm B3's End of Combat Step
Phase: Ai(4)-Kilo Helm B3's Main phase, postcombat
Mana: Island (367) - {T}: Add {U}.
Mana: Plains (359) - {T}: Add {W}.
Add To Stack: Ai(4)-Kilo Helm B3 cast Arcane Signet
Resolve Stack: Arcane Signet
Add To Stack: Ai(3)-Inspirit EDHREC Average activated Coretapper targeting [Long-Range Sensor (234)]
Resolve Stack: Coretapper (235) - Ai(3)-Inspirit EDHREC Average puts a charge counter on Long-Range Sensor (234).
Phase: Ai(4)-Kilo Helm B3's End step
Add To Stack: Ai(4)-Kilo Helm B3 activated Steel Overseer
Resolve Stack: Steel Overseer (306) - Put a +1/+1 counter on each valid permanent.
Phase: Ai(4)-Kilo Helm B3's Cleanup step
Turn: Turn 24 (Ai(1)-Ur-Dragon B3)
Phase: Ai(1)-Ur-Dragon B3's Untap step
Phase: Ai(1)-Ur-Dragon B3's Upkeep step
Phase: Ai(1)-Ur-Dragon B3's Draw step
Phase: Ai(1)-Ur-Dragon B3's Main phase, precombat
Add To Stack: Ai(1)-Ur-Dragon B3 triggered Coalition Relic
Resolve Stack: At the beginning of your first main phase, remove all charge counters from Coalition Relic. Add one mana of any color for each charge counter removed this way. [Phase: Ai(1)-Ur-Dragon B3]
Phase: Ai(1)-Ur-Dragon B3's Beginning of Combat Step
Phase: Ai(1)-Ur-Dragon B3's Declare Attackers Step
Combat: Ai(1)-Ur-Dragon B3 assigned Balefire Dragon (19) to attack Ai(3)-Inspirit EDHREC Average.
Phase: Ai(1)-Ur-Dragon B3's Declare Blockers Step
Combat: Ai(3)-Inspirit EDHREC Average didn't block Balefire Dragon (19).
Phase: Ai(1)-Ur-Dragon B3's First Strike Damage Step
Phase: Ai(1)-Ur-Dragon B3's Combat Damage Step
Damage: Balefire Dragon (19) deals 9 combat damage to Ai(3)-Inspirit EDHREC Average.
Life: Life: Ai(3)-Inspirit EDHREC Average 40 > 31
Add To Stack: Ai(1)-Ur-Dragon B3 triggered Balefire Dragon
Damage: Balefire Dragon (19) deals 9 damage to Coretapper (235).
Damage: Balefire Dragon (19) deals 9 damage to Dryad of the Ilysian Grove (230).
Resolve Stack: Whenever Balefire Dragon deals combat damage to a player, it deals that much damage to each creature that player controls. [Damage Source: Balefire Dragon (19), Damaged: Ai(3)-Inspirit EDHREC Average, Amount: 9]
Zone Change: Coretapper (235) was put into Graveyard from Battlefield.
Zone Change: Dryad of the Ilysian Grove (230) was put into Graveyard from Battlefield.
Phase: Ai(1)-Ur-Dragon B3's End of Combat Step
Phase: Ai(1)-Ur-Dragon B3's Main phase, postcombat
Mana: Mountain (80) - {T}: Add {R}.
Mana: Coalition Relic (23) - {T}: Add one mana of any color.
Mana: Island (56) - {T}: Add {U}.
Mana: Plains (44) - {T}: Add {W}.
Mana: Swamp (92) - {T}: Add {B}.
Add To Stack: Ai(1)-Ur-Dragon B3 cast Hoard-Smelter Dragon
Resolve Stack: Hoard-Smelter Dragon - Creature 5 / 5
Phase: Ai(1)-Ur-Dragon B3's End step
Phase: Ai(1)-Ur-Dragon B3's Cleanup step
Turn: Turn 25 (Ai(2)-Dnide Wildsear)
Phase: Ai(2)-Dnide Wildsear's Untap step
Phase: Ai(2)-Dnide Wildsear's Upkeep step
Phase: Ai(2)-Dnide Wildsear's Draw step
Phase: Ai(2)-Dnide Wildsear's Main phase, precombat
Mana: Mountain (181) - {T}: Add {R}.
Mana: Forest (150) - {T}: Add {G}.
Mana: Mountain (186) - {T}: Add {G}.
Mana: Mountain (178) - {T}: Add {G}.
Mana: Gruul Cluestone (132) - {T}: Add {R} or {G}.
Add To Stack: Ai(2)-Dnide Wildsear cast Wildsear, Scouring Maw
Replacement Effect: Riot
Resolve Stack: Wildsear, Scouring Maw - Creature 6 / 6
Add To Stack: Ai(2)-Dnide Wildsear triggered Enduring Courage
Resolve Stack: Whenever another creature you control enters, it gets +2/+0 and gains haste until end of turn. [Zone Changer: Wildsear, Scouring Maw (201)]
Phase: Ai(2)-Dnide Wildsear's Beginning of Combat Step
Phase: Ai(2)-Dnide Wildsear's Declare Attackers Step
Phase: Ai(2)-Dnide Wildsear's Declare Blockers Step
Phase: Ai(2)-Dnide Wildsear's First Strike Damage Step
Phase: Ai(2)-Dnide Wildsear's Combat Damage Step
Phase: Ai(2)-Dnide Wildsear's End of Combat Step
Phase: Ai(2)-Dnide Wildsear's Main phase, postcombat
Phase: Ai(2)-Dnide Wildsear's End step
Phase: Ai(2)-Dnide Wildsear's Cleanup step
Turn: Turn 26 (Ai(3)-Inspirit EDHREC Average)
Phase: Ai(3)-Inspirit EDHREC Average's Untap step
Phase: Ai(3)-Inspirit EDHREC Average's Upkeep step
Phase: Ai(3)-Inspirit EDHREC Average's Draw step
Phase: Ai(3)-Inspirit EDHREC Average's Main phase, precombat
Phase: Ai(3)-Inspirit EDHREC Average's Beginning of Combat Step
Add To Stack: Ai(3)-Inspirit EDHREC Average triggered Gavel of the Righteous
Resolve Stack: At the beginning of combat on your turn, put a charge counter on Gavel of the Righteous. [Phase: Ai(3)-Inspirit EDHREC Average]
Phase: Ai(3)-Inspirit EDHREC Average's Declare Attackers Step
Phase: Ai(3)-Inspirit EDHREC Average's Declare Blockers Step
Phase: Ai(3)-Inspirit EDHREC Average's First Strike Damage Step
Phase: Ai(3)-Inspirit EDHREC Average's Combat Damage Step
Phase: Ai(3)-Inspirit EDHREC Average's End of Combat Step
Phase: Ai(3)-Inspirit EDHREC Average's Main phase, postcombat
Phase: Ai(3)-Inspirit EDHREC Average's End step
Phase: Ai(3)-Inspirit EDHREC Average's Cleanup step
Turn: Turn 27 (Ai(4)-Kilo Helm B3)
Phase: Ai(4)-Kilo Helm B3's Untap step
Phase: Ai(4)-Kilo Helm B3's Upkeep step
Phase: Ai(4)-Kilo Helm B3's Draw step
Phase: Ai(4)-Kilo Helm B3's Main phase, precombat
Mana: Plains (359) - {T}: Add {W}.
Mana: Razortide Bridge (327) - {T}: Add {W} or {U}.
Mana: Island (367) - {T}: Add {U}.
Mana: Glittering Massif (349) - {T}: Add {R}.
Mana: Arcane Signet (397) - {T}: Add one mana of any color in your commander's color identity.
Add To Stack: Ai(4)-Kilo Helm B3 cast Fumigate
Zone Change: Steel Overseer (306) was put into Graveyard from Battlefield.
Zone Change: Balefire Dragon (19) was put into Graveyard from Battlefield.
Zone Change: Hoard-Smelter Dragon (25) was put into Graveyard from Battlefield.
Zone Change: Bear Umbra (194) was put into Graveyard from Battlefield.
Replacement Effect: Umbra armor (If enchanted permanent would be destroyed, instead remove all damage marked on it and destroy this Aura.)
Zone Change: Enduring Courage (118) was put into Graveyard from Battlefield.
Zone Change: Wildsear, Scouring Maw (201) was put into Graveyard from Battlefield.
Life: Life: Ai(4)-Kilo Helm B3 36 > 41
Resolve Stack: Fumigate (346) - Destroy all creatures. You gain 1 life for each creature destroyed this way. Ai(4)-Kilo Helm B3 gains 0 life. 
Add To Stack: Ai(2)-Dnide Wildsear triggered Enduring Courage
Resolve Stack: When Enduring Courage dies, if it was a creature, return it to the battlefield under its owner's control. It's an enchantment. (It's not a creature.) [Zone Changer: Enduring Courage (118)]
Phase: Ai(4)-Kilo Helm B3's Beginning of Combat Step
Phase: Ai(4)-Kilo Helm B3's Declare Attackers Step
Phase: Ai(4)-Kilo Helm B3's Declare Blockers Step
Phase: Ai(4)-Kilo Helm B3's First Strike Damage Step
Phase: Ai(4)-Kilo Helm B3's Combat Damage Step
Phase: Ai(4)-Kilo Helm B3's End of Combat Step
Phase: Ai(4)-Kilo Helm B3's Main phase, postcombat
Phase: Ai(4)-Kilo Helm B3's End step
Phase: Ai(4)-Kilo Helm B3's Cleanup step
Turn: Turn 28 (Ai(1)-Ur-Dragon B3)
Phase: Ai(1)-Ur-Dragon B3's Untap step
Phase: Ai(1)-Ur-Dragon B3's Upkeep step
Phase: Ai(1)-Ur-Dragon B3's Draw step
Phase: Ai(1)-Ur-Dragon B3's Main phase, precombat
Add To Stack: Ai(1)-Ur-Dragon B3 triggered Coalition Relic
Resolve Stack: At the beginning of your first main phase, remove all charge counters from Coalition Relic. Add one mana of any color for each charge counter removed this way. [Phase: Ai(1)-Ur-Dragon B3]
Mana: Mountain (80) - {T}: Add {R}.
Mana: Coalition Relic (23) - {T}: Add one mana of any color.
Mana: Island (56) - {T}: Add {U}.
Mana: Plains (44) - {T}: Add {W}.
Mana: Swamp (92) - {T}: Add {B}.
Add To Stack: Ai(1)-Ur-Dragon B3 cast Hellkite Charger
Resolve Stack: Hellkite Charger - Creature 5 / 5
Phase: Ai(1)-Ur-Dragon B3's Beginning of Combat Step
Phase: Ai(1)-Ur-Dragon B3's Declare Attackers Step
Combat: Ai(1)-Ur-Dragon B3 assigned Hellkite Charger (86) to attack Ai(2)-Dnide Wildsear.
Add To Stack: Ai(1)-Ur-Dragon B3 triggered Hellkite Charger
Resolve Stack: Whenever Hellkite Charger attacks, you may pay {5}{R}{R}. If you do, untap all attacking creatures and after this phase, there is an additional combat phase. [Attacker: Hellkite Charger (86)]
Phase: Ai(1)-Ur-Dragon B3's Declare Blockers Step
Combat: Ai(2)-Dnide Wildsear didn't block Hellkite Charger (86).
Phase: Ai(1)-Ur-Dragon B3's First Strike Damage Step
Phase: Ai(1)-Ur-Dragon B3's Combat Damage Step
Damage: Hellkite Charger (86) deals 8 combat damage to Ai(2)-Dnide Wildsear.
Life: Life: Ai(2)-Dnide Wildsear 40 > 32
Phase: Ai(1)-Ur-Dragon B3's End of Combat Step
Phase: Ai(1)-Ur-Dragon B3's Main phase, postcombat
Phase: Ai(1)-Ur-Dragon B3's End step
Phase: Ai(1)-Ur-Dragon B3's Cleanup step
Turn: Turn 29 (Ai(2)-Dnide Wildsear)
Phase: Ai(2)-Dnide Wildsear's Untap step
Phase: Ai(2)-Dnide Wildsear's Upkeep step
Phase: Ai(2)-Dnide Wildsear's Draw step
Phase: Ai(2)-Dnide Wildsear's Main phase, precombat
Mana: Mountain (181) - {T}: Add {R}.
Mana: Forest (150) - {T}: Add {W}.
Mana: Mountain (186) - {T}: Add {G}.
Mana: Mountain (178) - {T}: Add {G}.
Mana: Gruul Cluestone (132) - {T}: Add {R} or {G}.
Add To Stack: Ai(2)-Dnide Wildsear cast Runes of the Deus targeting [Dryad of the Ilysian Grove (108)]
Resolve Stack: Runes of the Deus (188) -  Attach to Dryad of the Ilysian Grove (108)
Phase: Ai(2)-Dnide Wildsear's Beginning of Combat Step
Phase: Ai(2)-Dnide Wildsear's Declare Attackers Step
Combat: Ai(2)-Dnide Wildsear assigned Dryad of the Ilysian Grove (108) to attack Ai(1)-Ur-Dragon B3.
Phase: Ai(2)-Dnide Wildsear's Declare Blockers Step
Combat: Ai(1)-Ur-Dragon B3 didn't block Dryad of the Ilysian Grove (108).
Phase: Ai(2)-Dnide Wildsear's First Strike Damage Step
Phase: Ai(2)-Dnide Wildsear's Combat Damage Step
Damage: Dryad of the Ilysian Grove (108) deals 3 combat damage to Ai(1)-Ur-Dragon B3.
Life: Life: Ai(1)-Ur-Dragon B3 40 > 37
Phase: Ai(2)-Dnide Wildsear's End of Combat Step
Phase: Ai(2)-Dnide Wildsear's Main phase, postcombat
Phase: Ai(2)-Dnide Wildsear's End step
Phase: Ai(2)-Dnide Wildsear's Cleanup step
Turn: Turn 30 (Ai(3)-Inspirit EDHREC Average)
Phase: Ai(3)-Inspirit EDHREC Average's Untap step
Phase: Ai(3)-Inspirit EDHREC Average's Upkeep step
Phase: Ai(3)-Inspirit EDHREC Average's Draw step
Phase: Ai(3)-Inspirit EDHREC Average's Main phase, precombat
Phase: Ai(3)-Inspirit EDHREC Average's Beginning of Combat Step
Add To Stack: Ai(3)-Inspirit EDHREC Average triggered Gavel of the Righteous
Resolve Stack: At the beginning of combat on your turn, put a charge counter on Gavel of the Righteous. [Phase: Ai(3)-Inspirit EDHREC Average]
Phase: Ai(3)-Inspirit EDHREC Average's Declare Attackers Step
Phase: Ai(3)-Inspirit EDHREC Average's Declare Blockers Step
Phase: Ai(3)-Inspirit EDHREC Average's First Strike Damage Step
Phase: Ai(3)-Inspirit EDHREC Average's Combat Damage Step
Phase: Ai(3)-Inspirit EDHREC Average's End of Combat Step
Phase: Ai(3)-Inspirit EDHREC Average's Main phase, postcombat
Mana: Sol Ring (211) - {T}: Add {C}{C}.
Mana: Island (265) - {T}: Add {U}.
Add To Stack: Ai(3)-Inspirit EDHREC Average cast Solar Array
Resolve Stack: Solar Array
Mana: Solar Array (251) - {T}: Add one mana of any color. When you next cast an artifact spell this turn, that spell gains sunburst. (If it's a creature, it enters with a +1/+1 counter on it for each color of mana spent to cast it. Otherwise, it enters with that many charge counters on it.) 
Mana: Plains (259) - {T}: Add {W}.
Mana: Island (267) - {T}: Add {U}.
Add To Stack: Ai(3)-Inspirit EDHREC Average cast Kilo, Apogee Mind
Add To Stack: Ai(3)-Inspirit EDHREC Average triggered Solar Array (251)'s Effect
Resolve Stack: When you next cast an artifact spell this turn, that spell gains sunburst. (If it's a creature, it enters with a +1/+1 counter on it for each color of mana spent to cast it. Otherwise, it enters with that many charge counters on it.) [Card: Kilo, Apogee Mind (249), Activator: Ai(3)-Inspirit EDHREC Average, SpellAbility: Kilo, Apogee Mind - Creature 3 / 3]
Replacement Effect: Sunburst (This enters with either a +1/+1 or charge counter on it for each color of mana spent to cast it based on whether it's a creature.)
Resolve Stack: Kilo, Apogee Mind - Creature 3 / 3
Phase: Ai(3)-Inspirit EDHREC Average's End step
Phase: Ai(3)-Inspirit EDHREC Average's Cleanup step
Turn: Turn 31 (Ai(4)-Kilo Helm B3)
Phase: Ai(4)-Kilo Helm B3's Untap step
Phase: Ai(4)-Kilo Helm B3's Upkeep step
Phase: Ai(4)-Kilo Helm B3's Draw step
Phase: Ai(4)-Kilo Helm B3's Main phase, precombat
Mana: Glittering Massif (349) - {T}: Add {R}.
Mana: Island (367) - {T}: Add {U}.
Mana: Plains (359) - {T}: Add {W}.
Add To Stack: Ai(4)-Kilo Helm B3 cast Kilo, Apogee Mind
Resolve Stack: Kilo, Apogee Mind - Creature 3 / 3
Phase: Ai(4)-Kilo Helm B3's Beginning of Combat Step
Phase: Ai(4)-Kilo Helm B3's Declare Attackers Step
Combat: Ai(4)-Kilo Helm B3 assigned Kilo, Apogee Mind (403) to attack Ai(2)-Dnide Wildsear.
Add To Stack: Ai(4)-Kilo Helm B3 triggered Kilo, Apogee Mind
Resolve Stack: Whenever Kilo becomes tapped, proliferate. (Choose any number of permanents and/or players, then give each another counter of each kind already there.) [Tapped: Kilo, Apogee Mind (403)]
Phase: Ai(4)-Kilo Helm B3's Declare Blockers Step
Combat: Ai(2)-Dnide Wildsear didn't block Kilo, Apogee Mind (403).
Phase: Ai(4)-Kilo Helm B3's First Strike Damage Step
Phase: Ai(4)-Kilo Helm B3's Combat Damage Step
Damage: Kilo, Apogee Mind (403) deals 3 combat damage to Ai(2)-Dnide Wildsear.
Life: Life: Ai(2)-Dnide Wildsear 32 > 29
Phase: Ai(4)-Kilo Helm B3's End of Combat Step
Phase: Ai(4)-Kilo Helm B3's Main phase, postcombat
Phase: Ai(4)-Kilo Helm B3's End step
Phase: Ai(4)-Kilo Helm B3's Cleanup step
Turn: Turn 32 (Ai(1)-Ur-Dragon B3)
Phase: Ai(1)-Ur-Dragon B3's Untap step
Phase: Ai(1)-Ur-Dragon B3's Upkeep step
Phase: Ai(1)-Ur-Dragon B3's Draw step
Phase: Ai(1)-Ur-Dragon B3's Main phase, precombat
Add To Stack: Ai(1)-Ur-Dragon B3 triggered Coalition Relic
Resolve Stack: At the beginning of your first main phase, remove all charge counters from Coalition Relic. Add one mana of any color for each charge counter removed this way. [Phase: Ai(1)-Ur-Dragon B3]
Phase: Ai(1)-Ur-Dragon B3's Beginning of Combat Step
Phase: Ai(1)-Ur-Dragon B3's Declare Attackers Step
Combat: Ai(1)-Ur-Dragon B3 assigned Hellkite Charger (86) to attack Ai(2)-Dnide Wildsear.
Add To Stack: Ai(1)-Ur-Dragon B3 triggered Hellkite Charger
Resolve Stack: Whenever Hellkite Charger attacks, you may pay {5}{R}{R}. If you do, untap all attacking creatures and after this phase, there is an additional combat phase. [Attacker: Hellkite Charger (86)]
Phase: Ai(1)-Ur-Dragon B3's Declare Blockers Step
Combat: Ai(2)-Dnide Wildsear didn't block Hellkite Charger (86).
Phase: Ai(1)-Ur-Dragon B3's First Strike Damage Step
Phase: Ai(1)-Ur-Dragon B3's Combat Damage Step
Damage: Hellkite Charger (86) deals 8 combat damage to Ai(2)-Dnide Wildsear.
Life: Life: Ai(2)-Dnide Wildsear 29 > 21
Phase: Ai(1)-Ur-Dragon B3's End of Combat Step
Phase: Ai(1)-Ur-Dragon B3's Main phase, postcombat
Mana: Mountain (80) - {T}: Add {R}.
Mana: Coalition Relic (23) - {T}: Add one mana of any color.
Mana: Island (56) - {T}: Add {U}.
Mana: Arcane Sanctum (3) - {T}: Add {W}, {U}, or {B}.
Mana: Plains (44) - {T}: Add {W}.
Add To Stack: Ai(1)-Ur-Dragon B3 cast Niv-Mizzet, the Firemind
Resolve Stack: Niv-Mizzet, the Firemind - Creature 4 / 4
Phase: Ai(1)-Ur-Dragon B3's End step
Phase: Ai(1)-Ur-Dragon B3's Cleanup step
Turn: Turn 33 (Ai(2)-Dnide Wildsear)
Phase: Ai(2)-Dnide Wildsear's Untap step
Phase: Ai(2)-Dnide Wildsear's Upkeep step
Phase: Ai(2)-Dnide Wildsear's Draw step
Phase: Ai(2)-Dnide Wildsear's Main phase, precombat
Land: Ai(2)-Dnide Wildsear played Mountain (177)
Mana: Mountain (181) - {T}: Add {G}.
Mana: Forest (150) - {T}: Add {G}.
Mana: Mountain (186) - {T}: Add {B}.
Add To Stack: Ai(2)-Dnide Wildsear cast Enduring Vitality
Replacement Effect: Riot
Resolve Stack: Enduring Vitality - Creature 3 / 3
Add To Stack: Ai(2)-Dnide Wildsear triggered Enduring Courage
Resolve Stack: Whenever another creature you control enters, it gets +2/+0 and gains haste until end of turn. [Zone Changer: Enduring Vitality (143)]
Phase: Ai(2)-Dnide Wildsear's Beginning of Combat Step
Phase: Ai(2)-Dnide Wildsear's Declare Attackers Step
Phase: Ai(2)-Dnide Wildsear's Declare Blockers Step
Phase: Ai(2)-Dnide Wildsear's First Strike Damage Step
Phase: Ai(2)-Dnide Wildsear's Combat Damage Step
Phase: Ai(2)-Dnide Wildsear's End of Combat Step
Phase: Ai(2)-Dnide Wildsear's Main phase, postcombat
Phase: Ai(2)-Dnide Wildsear's End step
Phase: Ai(2)-Dnide Wildsear's Cleanup step
Turn: Turn 34 (Ai(3)-Inspirit EDHREC Average)
Phase: Ai(3)-Inspirit EDHREC Average's Untap step
Phase: Ai(3)-Inspirit EDHREC Average's Upkeep step
Phase: Ai(3)-Inspirit EDHREC Average's Draw step
Phase: Ai(3)-Inspirit EDHREC Average's Main phase, precombat
Land: Ai(3)-Inspirit EDHREC Average played Plains (261)
Mana: Sol Ring (211) - {T}: Add {C}{C}.
Mana: Island (265) - {T}: Add {U}.
Add To Stack: Ai(3)-Inspirit EDHREC Average activated Gavel of the Righteous targeting [Kilo, Apogee Mind (249)]
Resolve Stack: Gavel of the Righteous (270) -  Attach to Kilo, Apogee Mind (249)
Phase: Ai(3)-Inspirit EDHREC Average's Beginning of Combat Step
Add To Stack: Ai(3)-Inspirit EDHREC Average triggered Gavel of the Righteous
Resolve Stack: At the beginning of combat on your turn, put a charge counter on Gavel of the Righteous. [Phase: Ai(3)-Inspirit EDHREC Average]
Phase: Ai(3)-Inspirit EDHREC Average's Declare Attackers Step
Combat: Ai(3)-Inspirit EDHREC Average assigned Kilo, Apogee Mind (249) to attack Ai(1)-Ur-Dragon B3.
Add To Stack: Ai(3)-Inspirit EDHREC Average triggered Kilo, Apogee Mind
Add To Stack: Ai(3)-Inspirit EDHREC Average triggered Long-Range Sensor
Resolve Stack: Whenever you attack a player, put a charge counter on this artifact. [Number Attackers: [Kilo, Apogee Mind (249)]]
Resolve Stack: Whenever Kilo becomes tapped, proliferate. (Choose any number of permanents and/or players, then give each another counter of each kind already there.) [Tapped: Kilo, Apogee Mind (249)]
Phase: Ai(3)-Inspirit EDHREC Average's Declare Blockers Step
Combat: Ai(1)-Ur-Dragon B3 didn't block Kilo, Apogee Mind (249).
Phase: Ai(3)-Inspirit EDHREC Average's First Strike Damage Step
Damage: Kilo, Apogee Mind (249) deals 15 combat damage to Ai(1)-Ur-Dragon B3.
Life: Life: Ai(1)-Ur-Dragon B3 37 > 22
Phase: Ai(3)-Inspirit EDHREC Average's Combat Damage Step
Damage: Kilo, Apogee Mind (249) deals 15 combat damage to Ai(1)-Ur-Dragon B3.
Life: Life: Ai(1)-Ur-Dragon B3 22 > 7
Phase: Ai(3)-Inspirit EDHREC Average's End of Combat Step
Phase: Ai(3)-Inspirit EDHREC Average's Main phase, postcombat
Mana: Solar Array (251) - {T}: Add one mana of any color. When you next cast an artifact spell this turn, that spell gains sunburst. (If it's a creature, it enters with a +1/+1 counter on it for each color of mana spent to cast it. Otherwise, it enters with that many charge counters on it.) 
Mana: Island (267) - {T}: Add {U}.
Mana: Plains (259) - {T}: Add {W}.
Add To Stack: Ai(3)-Inspirit EDHREC Average cast Inspirit, Flagship Vessel
Add To Stack: Ai(3)-Inspirit EDHREC Average triggered Solar Array (251)'s Effect
Resolve Stack: When you next cast an artifact spell this turn, that spell gains sunburst. (If it's a creature, it enters with a +1/+1 counter on it for each color of mana spent to cast it. Otherwise, it enters with that many charge counters on it.) [Card: Inspirit, Flagship Vessel (302), Activator: Ai(3)-Inspirit EDHREC Average, SpellAbility: Inspirit, Flagship Vessel]
Replacement Effect: Sunburst (This enters with either a +1/+1 or charge counter on it for each color of mana spent to cast it based on whether it's a creature.)
Resolve Stack: Inspirit, Flagship Vessel
Phase: Ai(3)-Inspirit EDHREC Average's End step
Phase: Ai(3)-Inspirit EDHREC Average's Cleanup step
Turn: Turn 35 (Ai(4)-Kilo Helm B3)
Phase: Ai(4)-Kilo Helm B3's Untap step
Phase: Ai(4)-Kilo Helm B3's Upkeep step
Phase: Ai(4)-Kilo Helm B3's Draw step
Phase: Ai(4)-Kilo Helm B3's Main phase, precombat
Land: Ai(4)-Kilo Helm B3 played Mountain (390)
Mana: Mountain (390) - {T}: Add {R}.
Mana: Plains (359) - {T}: Add {W}.
Mana: Island (367) - {T}: Add {U}.
Mana: Razortide Bridge (327) - {T}: Add {W} or {U}.
Mana: Glittering Massif (349) - {T}: Add {R}.
Add To Stack: Ai(4)-Kilo Helm B3 cast Alibou, Ancient Witness
Resolve Stack: Alibou, Ancient Witness - Creature 4 / 5
Phase: Ai(4)-Kilo Helm B3's Beginning of Combat Step
Phase: Ai(4)-Kilo Helm B3's Declare Attackers Step
Combat: Ai(4)-Kilo Helm B3 assigned Kilo, Apogee Mind (403) to attack Ai(3)-Inspirit EDHREC Average.
Add To Stack: Ai(4)-Kilo Helm B3 triggered Kilo, Apogee Mind
Add To Stack: Ai(4)-Kilo Helm B3 triggered Alibou, Ancient Witness targeting [Ai(1)-Ur-Dragon B3]
Damage: Alibou, Ancient Witness (375) deals 2 non-combat damage to Ai(1)-Ur-Dragon B3.
Life: Life: Ai(1)-Ur-Dragon B3 7 > 5
Resolve Stack: Ai(4)-Kilo Helm B3 scried 2 card(s) to the top of the library
Resolve Stack: Whenever one or more artifact creatures you control attack, Alibou, Ancient Witness deals X damage to any target and you scry X, where X is the number of tapped artifacts you control. (Targeting: [[Ai(1)-Ur-Dragon B3]]) [Number Attackers: [Kilo, Apogee Mind (403)]]
Resolve Stack: Whenever Kilo becomes tapped, proliferate. (Choose any number of permanents and/or players, then give each another counter of each kind already there.) [Tapped: Kilo, Apogee Mind (403)]
Phase: Ai(4)-Kilo Helm B3's Declare Blockers Step
Combat: Ai(3)-Inspirit EDHREC Average didn't block Kilo, Apogee Mind (403).
Phase: Ai(4)-Kilo Helm B3's First Strike Damage Step
Phase: Ai(4)-Kilo Helm B3's Combat Damage Step
Damage: Kilo, Apogee Mind (403) deals 3 combat damage to Ai(3)-Inspirit EDHREC Average.
Life: Life: Ai(3)-Inspirit EDHREC Average 31 > 28
Phase: Ai(4)-Kilo Helm B3's End of Combat Step
Phase: Ai(4)-Kilo Helm B3's Main phase, postcombat
Phase: Ai(4)-Kilo Helm B3's End step
Phase: Ai(4)-Kilo Helm B3's Cleanup step
Turn: Turn 36 (Ai(1)-Ur-Dragon B3)
Phase: Ai(1)-Ur-Dragon B3's Untap step
Phase: Ai(1)-Ur-Dragon B3's Upkeep step
Phase: Ai(1)-Ur-Dragon B3's Draw step
Add To Stack: Ai(1)-Ur-Dragon B3 triggered Niv-Mizzet, the Firemind targeting [Ai(2)-Dnide Wildsear]
Damage: Niv-Mizzet, the Firemind (34) deals 1 non-combat damage to Ai(2)-Dnide Wildsear.
Life: Life: Ai(2)-Dnide Wildsear 21 > 20
Resolve Stack: Whenever you draw a card, Niv-Mizzet, the Firemind deals 1 damage to any target. (Targeting: [[Ai(2)-Dnide Wildsear]]) [Player: Ai(1)-Ur-Dragon B3]
Phase: Ai(1)-Ur-Dragon B3's Main phase, precombat
Add To Stack: Ai(1)-Ur-Dragon B3 triggered Coalition Relic
Resolve Stack: At the beginning of your first main phase, remove all charge counters from Coalition Relic. Add one mana of any color for each charge counter removed this way. [Phase: Ai(1)-Ur-Dragon B3]
Phase: Ai(1)-Ur-Dragon B3's Beginning of Combat Step
Phase: Ai(1)-Ur-Dragon B3's Declare Attackers Step
Combat: Ai(1)-Ur-Dragon B3 assigned Hellkite Charger (86) to attack Ai(3)-Inspirit EDHREC Average.
Add To Stack: Ai(1)-Ur-Dragon B3 triggered Hellkite Charger
Resolve Stack: Whenever Hellkite Charger attacks, you may pay {5}{R}{R}. If you do, untap all attacking creatures and after this phase, there is an additional combat phase. [Attacker: Hellkite Charger (86)]
Phase: Ai(1)-Ur-Dragon B3's Declare Blockers Step
Combat: Ai(3)-Inspirit EDHREC Average didn't block Hellkite Charger (86).
Phase: Ai(1)-Ur-Dragon B3's First Strike Damage Step
Phase: Ai(1)-Ur-Dragon B3's Combat Damage Step
Damage: Hellkite Charger (86) deals 8 combat damage to Ai(3)-Inspirit EDHREC Average.
Life: Life: Ai(3)-Inspirit EDHREC Average 28 > 20
Phase: Ai(1)-Ur-Dragon B3's End of Combat Step
Phase: Ai(1)-Ur-Dragon B3's Main phase, postcombat
Mana: Coalition Relic (23) - {T}: Add one mana of any color.
Mana: Mountain (80) - {T}: Add {R}.
Mana: Island (56) - {T}: Add {U}.
Mana: Plains (44) - {T}: Add {W}.
Mana: Swamp (92) - {T}: Add {B}.
Add To Stack: Ai(1)-Ur-Dragon B3 cast Savage Ventmaw
Resolve Stack: Savage Ventmaw - Creature 4 / 4
Phase: Ai(1)-Ur-Dragon B3's End step
Phase: Ai(1)-Ur-Dragon B3's Cleanup step
Turn: Turn 37 (Ai(2)-Dnide Wildsear)
Phase: Ai(2)-Dnide Wildsear's Untap step
Phase: Ai(2)-Dnide Wildsear's Upkeep step
Phase: Ai(2)-Dnide Wildsear's Draw step
Phase: Ai(2)-Dnide Wildsear's Main phase, precombat
Mana: Mountain (181) - {T}: Add {R}.
Mana: Forest (150) - {T}: Add {G}.
Mana: Mountain (186) - {T}: Add {U}.
Mana: Mountain (178) - {T}: Add {G}.
Mana: Mountain (177) - {T}: Add {G}.
Mana: Gruul Cluestone (132) - {T}: Add {R} or {G}.
Mana: Dryad of the Ilysian Grove (108) - {T}: Add one mana of any color.
Add To Stack: Ai(2)-Dnide Wildsear cast Wildsear, Scouring Maw
Replacement Effect: Riot
Resolve Stack: Wildsear, Scouring Maw - Creature 6 / 6
Add To Stack: Ai(2)-Dnide Wildsear triggered Enduring Courage
Resolve Stack: Whenever another creature you control enters, it gets +2/+0 and gains haste until end of turn. [Zone Changer: Wildsear, Scouring Maw (201)]
Phase: Ai(2)-Dnide Wildsear's Beginning of Combat Step
Phase: Ai(2)-Dnide Wildsear's Declare Attackers Step
Phase: Ai(2)-Dnide Wildsear's Declare Blockers Step
Phase: Ai(2)-Dnide Wildsear's First Strike Damage Step
Phase: Ai(2)-Dnide Wildsear's Combat Damage Step
Phase: Ai(2)-Dnide Wildsear's End of Combat Step
Phase: Ai(2)-Dnide Wildsear's Main phase, postcombat
Phase: Ai(2)-Dnide Wildsear's End step
Phase: Ai(2)-Dnide Wildsear's Cleanup step
Turn: Turn 38 (Ai(3)-Inspirit EDHREC Average)
Phase: Ai(3)-Inspirit EDHREC Average's Untap step
Phase: Ai(3)-Inspirit EDHREC Average's Upkeep step
Mana: Sol Ring (211) - {T}: Add {C}{C}.
Mana: Island (265) - {T}: Add {U}.
Mana: Island (267) - {T}: Add {U}.
Add To Stack: Ai(3)-Inspirit EDHREC Average activated Karn's Bastion
Resolve Stack: Karn's Bastion (222) - Proliferate. (Choose any number of permanents and/or players, then give each another counter of each kind already there.)
Phase: Ai(3)-Inspirit EDHREC Average's Draw step
Phase: Ai(3)-Inspirit EDHREC Average's Main phase, precombat
Phase: Ai(3)-Inspirit EDHREC Average's Beginning of Combat Step
Add To Stack: Ai(3)-Inspirit EDHREC Average triggered Gavel of the Righteous
Resolve Stack: At the beginning of combat on your turn, put a charge counter on Gavel of the Righteous. [Phase: Ai(3)-Inspirit EDHREC Average]
Phase: Ai(3)-Inspirit EDHREC Average's Declare Attackers Step
Phase: Ai(3)-Inspirit EDHREC Average's Declare Blockers Step
Phase: Ai(3)-Inspirit EDHREC Average's First Strike Damage Step
Phase: Ai(3)-Inspirit EDHREC Average's Combat Damage Step
Phase: Ai(3)-Inspirit EDHREC Average's End of Combat Step
Phase: Ai(3)-Inspirit EDHREC Average's Main phase, postcombat
Mana: Plains (259) - {T}: Add {W}.
Mana: Plains (261) - {T}: Add {W}.
Mana: Glacial Fortress (279) - {T}: Add {W} or {U}.
Add To Stack: Ai(3)-Inspirit EDHREC Average cast Golem Foundry
Resolve Stack: Golem Foundry
Phase: Ai(3)-Inspirit EDHREC Average's End step
Phase: Ai(3)-Inspirit EDHREC Average's Cleanup step
Turn: Turn 39 (Ai(4)-Kilo Helm B3)
Phase: Ai(4)-Kilo Helm B3's Untap step
Phase: Ai(4)-Kilo Helm B3's Upkeep step
Phase: Ai(4)-Kilo Helm B3's Draw step
Phase: Ai(4)-Kilo Helm B3's Main phase, precombat
Land: Ai(4)-Kilo Helm B3 played Adarkar Wastes (400)
Mana: Plains (359) - {T}: Add {W}.
Mana: Island (367) - {T}: Add {U}.
Mana: Mountain (390) - {T}: Add {R}.
Mana: Razortide Bridge (327) - {T}: Add {W} or {U}.
Add To Stack: Ai(4)-Kilo Helm B3 cast Crystalline Crawler
Replacement Effect: Converge — Crystalline Crawler enters with a +1/+1 counter on it for each color of mana spent to cast it.
Resolve Stack: Crystalline Crawler - Creature 1 / 1
Mana: Glittering Massif (349) - {T}: Add {R}.
Mana: Arcane Signet (397) - {T}: Add one mana of any color in your commander's color identity.
Mana: Adarkar Wastes (400) - {T}: Add {C}.
Mana: Crystalline Crawler (376) - Remove a +1/+1 counter from Crystalline Crawler: Add one mana of any color.
Add To Stack: Ai(4)-Kilo Helm B3 cast Mindless Automaton
Replacement Effect: Mindless Automaton enters with two +1/+1 counters on it.
Resolve Stack: Mindless Automaton - Creature 0 / 0
Phase: Ai(4)-Kilo Helm B3's Beginning of Combat Step
Phase: Ai(4)-Kilo Helm B3's Declare Attackers Step
Phase: Ai(4)-Kilo Helm B3's Declare Blockers Step
Phase: Ai(4)-Kilo Helm B3's First Strike Damage Step
Phase: Ai(4)-Kilo Helm B3's Combat Damage Step
Phase: Ai(4)-Kilo Helm B3's End of Combat Step
Phase: Ai(4)-Kilo Helm B3's Main phase, postcombat
Add To Stack: Ai(4)-Kilo Helm B3 activated Mindless Automaton
Zone Change: Mindless Automaton (373) was put into Graveyard from Battlefield.
Resolve Stack: Mindless Automaton (373) - Ai(4)-Kilo Helm B3 draws a card.
Phase: Ai(4)-Kilo Helm B3's End step
Add To Stack: Ai(1)-Ur-Dragon B3 activated Niv-Mizzet, the Firemind
Resolve Stack: Niv-Mizzet, the Firemind (34) - Ai(1)-Ur-Dragon B3 draws a card.
Add To Stack: Ai(1)-Ur-Dragon B3 triggered Niv-Mizzet, the Firemind targeting [Ai(2)-Dnide Wildsear]
Damage: Niv-Mizzet, the Firemind (34) deals 1 non-combat damage to Ai(2)-Dnide Wildsear.
Life: Life: Ai(2)-Dnide Wildsear 20 > 19
Resolve Stack: Whenever you draw a card, Niv-Mizzet, the Firemind deals 1 damage to any target. (Targeting: [[Ai(2)-Dnide Wildsear]]) [Player: Ai(1)-Ur-Dragon B3]
Phase: Ai(4)-Kilo Helm B3's Cleanup step
Turn: Turn 40 (Ai(1)-Ur-Dragon B3)
Phase: Ai(1)-Ur-Dragon B3's Untap step
Phase: Ai(1)-Ur-Dragon B3's Upkeep step
Phase: Ai(1)-Ur-Dragon B3's Draw step
Add To Stack: Ai(1)-Ur-Dragon B3 triggered Niv-Mizzet, the Firemind targeting [Ai(2)-Dnide Wildsear]
Damage: Niv-Mizzet, the Firemind (34) deals 1 non-combat damage to Ai(2)-Dnide Wildsear.
Life: Life: Ai(2)-Dnide Wildsear 19 > 18
Resolve Stack: Whenever you draw a card, Niv-Mizzet, the Firemind deals 1 damage to any target. (Targeting: [[Ai(2)-Dnide Wildsear]]) [Player: Ai(1)-Ur-Dragon B3]
Phase: Ai(1)-Ur-Dragon B3's Main phase, precombat
Add To Stack: Ai(1)-Ur-Dragon B3 triggered Coalition Relic
Resolve Stack: At the beginning of your first main phase, remove all charge counters from Coalition Relic. Add one mana of any color for each charge counter removed this way. [Phase: Ai(1)-Ur-Dragon B3]
Land: Ai(1)-Ur-Dragon B3 played Island (55)
Phase: Ai(1)-Ur-Dragon B3's Beginning of Combat Step
Phase: Ai(1)-Ur-Dragon B3's Declare Attackers Step
Combat: Ai(1)-Ur-Dragon B3 assigned Hellkite Charger (86), Niv-Mizzet, the Firemind (34) and Savage Ventmaw (85) to attack Ai(3)-Inspirit EDHREC Average.
Add To Stack: Ai(1)-Ur-Dragon B3 triggered Hellkite Charger
Add To Stack: Ai(1)-Ur-Dragon B3 triggered Savage Ventmaw
Resolve Stack: Whenever Savage Ventmaw attacks, add {R}{R}{R}{G}{G}{G}. Until end of turn, you don't lose this mana as steps and phases end. [Attacker: Savage Ventmaw (85)]
Mana: Island (56) - {T}: Add {U}.
Resolve Stack: Whenever Hellkite Charger attacks, you may pay {5}{R}{R}. If you do, untap all attacking creatures and after this phase, there is an additional combat phase. [Attacker: Hellkite Charger (86)]
Phase: Ai(1)-Ur-Dragon B3's Declare Blockers Step
Combat: Ai(3)-Inspirit EDHREC Average didn't block Hellkite Charger (86).
Ai(3)-Inspirit EDHREC Average didn't block Niv-Mizzet, the Firemind (34).
Ai(3)-Inspirit EDHREC Average didn't block Savage Ventmaw (85).
Phase: Ai(1)-Ur-Dragon B3's First Strike Damage Step
Phase: Ai(1)-Ur-Dragon B3's Combat Damage Step
Damage: Hellkite Charger (86) deals 8 combat damage to Ai(3)-Inspirit EDHREC Average.
Damage: Niv-Mizzet, the Firemind (34) deals 7 combat damage to Ai(3)-Inspirit EDHREC Average.
Damage: Savage Ventmaw (85) deals 7 combat damage to Ai(3)-Inspirit EDHREC Average.
Life: Life: Ai(3)-Inspirit EDHREC Average 20 > -2
Phase: Ai(1)-Ur-Dragon B3's End of Combat Step
Phase: AdditionalAi(1)-Ur-Dragon B3's Beginning of Combat Step
Phase: Ai(1)-Ur-Dragon B3's Declare Attackers Step
Combat: Ai(1)-Ur-Dragon B3 assigned Hellkite Charger (86), Niv-Mizzet, the Firemind (34) and Savage Ventmaw (85) to attack Ai(2)-Dnide Wildsear.
Add To Stack: Ai(1)-Ur-Dragon B3 triggered Hellkite Charger
Add To Stack: Ai(1)-Ur-Dragon B3 triggered Savage Ventmaw
Resolve Stack: Whenever Savage Ventmaw attacks, add {R}{R}{R}{G}{G}{G}. Until end of turn, you don't lose this mana as steps and phases end. [Attacker: Savage Ventmaw (85)]
Mana: Plains (44) - {T}: Add {W}.
Resolve Stack: Whenever Hellkite Charger attacks, you may pay {5}{R}{R}. If you do, untap all attacking creatures and after this phase, there is an additional combat phase. [Attacker: Hellkite Charger (86)]
Phase: Ai(1)-Ur-Dragon B3's Declare Blockers Step
Combat: Ai(2)-Dnide Wildsear didn't block Hellkite Charger (86).
Ai(2)-Dnide Wildsear didn't block Niv-Mizzet, the Firemind (34).
Ai(2)-Dnide Wildsear didn't block Savage Ventmaw (85).
Phase: Ai(1)-Ur-Dragon B3's First Strike Damage Step
Phase: Ai(1)-Ur-Dragon B3's Combat Damage Step
Damage: Hellkite Charger (86) deals 8 combat damage to Ai(2)-Dnide Wildsear.
Damage: Niv-Mizzet, the Firemind (34) deals 7 combat damage to Ai(2)-Dnide Wildsear.
Damage: Savage Ventmaw (85) deals 7 combat damage to Ai(2)-Dnide Wildsear.
Life: Life: Ai(2)-Dnide Wildsear 18 > -4
Phase: Ai(1)-Ur-Dragon B3's End of Combat Step
Phase: AdditionalAi(1)-Ur-Dragon B3's Beginning of Combat Step
Phase: Ai(1)-Ur-Dragon B3's Declare Attackers Step
Combat: Ai(1)-Ur-Dragon B3 assigned Hellkite Charger (86) to attack Ai(4)-Kilo Helm B3.
Add To Stack: Ai(1)-Ur-Dragon B3 triggered Hellkite Charger
Resolve Stack: Whenever Hellkite Charger attacks, you may pay {5}{R}{R}. If you do, untap all attacking creatures and after this phase, there is an additional combat phase. [Attacker: Hellkite Charger (86)]
Phase: Ai(1)-Ur-Dragon B3's Declare Blockers Step
Combat: Ai(4)-Kilo Helm B3 didn't block Hellkite Charger (86).
Phase: Ai(1)-Ur-Dragon B3's First Strike Damage Step
Phase: Ai(1)-Ur-Dragon B3's Combat Damage Step
Damage: Hellkite Charger (86) deals 8 combat damage to Ai(4)-Kilo Helm B3.
Life: Life: Ai(4)-Kilo Helm B3 41 > 33
Phase: Ai(1)-Ur-Dragon B3's End of Combat Step
Phase: Ai(1)-Ur-Dragon B3's Main phase, postcombat
Mana: Mountain (80) - {T}: Add {R}.
Mana: Swamp (92) - {T}: Add {B}.
Add To Stack: Ai(1)-Ur-Dragon B3 cast Dragon Tempest
Resolve Stack: Dragon Tempest
Phase: Ai(1)-Ur-Dragon B3's End step
Add To Stack: Ai(4)-Kilo Helm B3 activated Crystalline Crawler
Resolve Stack: Crystalline Crawler (376) - Ai(4)-Kilo Helm B3 puts a +1/+1 counter on Crystalline Crawler (376).
Phase: Ai(1)-Ur-Dragon B3's Cleanup step
Turn: Turn 41 (Ai(4)-Kilo Helm B3)
Phase: Ai(4)-Kilo Helm B3's Untap step
Phase: Ai(4)-Kilo Helm B3's Upkeep step
Phase: Ai(4)-Kilo Helm B3's Draw step
Phase: Ai(4)-Kilo Helm B3's Main phase, precombat
Land: Ai(4)-Kilo Helm B3 played Rugged Prairie (345)
Phase: Ai(4)-Kilo Helm B3's Beginning of Combat Step
Phase: Ai(4)-Kilo Helm B3's Declare Attackers Step
Phase: Ai(4)-Kilo Helm B3's Declare Blockers Step
Phase: Ai(4)-Kilo Helm B3's First Strike Damage Step
Phase: Ai(4)-Kilo Helm B3's Combat Damage Step
Phase: Ai(4)-Kilo Helm B3's End of Combat Step
Phase: Ai(4)-Kilo Helm B3's Main phase, postcombat
Mana: Island (367) - {T}: Add {U}.
Mana: Plains (359) - {T}: Add {W}.
Mana: Mountain (390) - {T}: Add {R}.
Mana: Razortide Bridge (327) - {T}: Add {W} or {U}.
Add To Stack: Ai(4)-Kilo Helm B3 cast Empowered Autogenerator
Add To Stack: Ai(1)-Ur-Dragon B3 activated Coalition Relic
Resolve Stack: Coalition Relic (23) - Ai(1)-Ur-Dragon B3 puts a charge counter on Coalition Relic (23).
Replacement Effect: Empowered Autogenerator enters tapped.
Resolve Stack: Empowered Autogenerator
Mana: Glittering Massif (349) - {T}: Add {R}.
Mana: Arcane Signet (397) - {T}: Add one mana of any color in your commander's color identity.
Damage: Adarkar Wastes (400) deals 1 non-combat damage to Ai(4)-Kilo Helm B3.
Life: Life: Ai(4)-Kilo Helm B3 33 > 32
Mana: Adarkar Wastes (400) - {T}: Add {W} or {U}. Adarkar Wastes deals 1 damage to you. 
Add To Stack: Ai(4)-Kilo Helm B3 cast Inspirit, Flagship Vessel
Resolve Stack: Inspirit, Flagship Vessel
Add To Stack: Ai(4)-Kilo Helm B3 activated Inspirit, Flagship Vessel
Add To Stack: Ai(4)-Kilo Helm B3 triggered Kilo, Apogee Mind
Resolve Stack: Whenever Kilo becomes tapped, proliferate. (Choose any number of permanents and/or players, then give each another counter of each kind already there.) [Tapped: Kilo, Apogee Mind (403)]
Resolve Stack: Inspirit, Flagship Vessel (370) - Ai(4)-Kilo Helm B3 puts three charge counters on Inspirit, Flagship Vessel (370).
Add To Stack: Ai(4)-Kilo Helm B3 activated Inspirit, Flagship Vessel
Resolve Stack: Inspirit, Flagship Vessel (370) - Ai(4)-Kilo Helm B3 puts four charge counters on Inspirit, Flagship Vessel (370).
Add To Stack: Ai(4)-Kilo Helm B3 activated Inspirit, Flagship Vessel
Resolve Stack: Inspirit, Flagship Vessel (370) - Ai(4)-Kilo Helm B3 puts five charge counters on Inspirit, Flagship Vessel (370).
Phase: Ai(4)-Kilo Helm B3's End step
Add To Stack: Ai(1)-Ur-Dragon B3 activated Niv-Mizzet, the Firemind
Resolve Stack: Niv-Mizzet, the Firemind (34) - Ai(1)-Ur-Dragon B3 draws a card.
Add To Stack: Ai(1)-Ur-Dragon B3 triggered Niv-Mizzet, the Firemind targeting [Ai(4)-Kilo Helm B3]
Damage: Niv-Mizzet, the Firemind (34) deals 1 non-combat damage to Ai(4)-Kilo Helm B3.
Life: Life: Ai(4)-Kilo Helm B3 32 > 31
Resolve Stack: Whenever you draw a card, Niv-Mizzet, the Firemind deals 1 damage to any target. (Targeting: [[Ai(4)-Kilo Helm B3]]) [Player: Ai(1)-Ur-Dragon B3]
Phase: Ai(4)-Kilo Helm B3's Cleanup step
Turn: Turn 42 (Ai(1)-Ur-Dragon B3)
Phase: Ai(1)-Ur-Dragon B3's Untap step
Phase: Ai(1)-Ur-Dragon B3's Upkeep step
Phase: Ai(1)-Ur-Dragon B3's Draw step
Add To Stack: Ai(1)-Ur-Dragon B3 triggered Niv-Mizzet, the Firemind targeting [Ai(4)-Kilo Helm B3]
Damage: Niv-Mizzet, the Firemind (34) deals 1 non-combat damage to Ai(4)-Kilo Helm B3.
Life: Life: Ai(4)-Kilo Helm B3 31 > 30
Resolve Stack: Whenever you draw a card, Niv-Mizzet, the Firemind deals 1 damage to any target. (Targeting: [[Ai(4)-Kilo Helm B3]]) [Player: Ai(1)-Ur-Dragon B3]
Phase: Ai(1)-Ur-Dragon B3's Main phase, precombat
Add To Stack: Ai(1)-Ur-Dragon B3 triggered Coalition Relic
Resolve Stack: At the beginning of your first main phase, remove all charge counters from Coalition Relic. Add one mana of any color for each charge counter removed this way. [Phase: Ai(1)-Ur-Dragon B3]
Mana: Mountain (80) - {T}: Add {R}.
Mana: Island (56) - {T}: Add {U}.
Mana: Plains (44) - {T}: Add {W}.
Mana: Swamp (92) - {T}: Add {B}.
Mana: Island (55) - {T}: Add {U}.
Mana: Arcane Sanctum (3) - {T}: Add {W}, {U}, or {B}.
Add To Stack: Ai(1)-Ur-Dragon B3 cast Utvara Hellkite
Resolve Stack: Utvara Hellkite - Creature 6 / 6
Add To Stack: Ai(1)-Ur-Dragon B3 triggered Dragon Tempest targeting [Ai(4)-Kilo Helm B3]
Add To Stack: Ai(1)-Ur-Dragon B3 triggered Dragon Tempest
Resolve Stack: Whenever a creature you control with flying enters, it gains haste until end of turn. [Zone Changer: Utvara Hellkite (38)]
Damage: Utvara Hellkite (38) deals 4 non-combat damage to Ai(4)-Kilo Helm B3.
Life: Life: Ai(4)-Kilo Helm B3 30 > 26
Resolve Stack: Whenever a Dragon you control enters, it deals X damage to any target, where X is the number of Dragons you control. (Targeting: [[Ai(4)-Kilo Helm B3]]) [Zone Changer: Utvara Hellkite (38)]
Phase: Ai(1)-Ur-Dragon B3's Beginning of Combat Step
Phase: Ai(1)-Ur-Dragon B3's Declare Attackers Step
Combat: Ai(1)-Ur-Dragon B3 assigned Utvara Hellkite (38) to attack Ai(4)-Kilo Helm B3.
Add To Stack: Ai(1)-Ur-Dragon B3 triggered Utvara Hellkite
Resolve Stack: Whenever a Dragon you control attacks, create a 6/6 red Dragon creature token with flying. [Attacker: Utvara Hellkite (38)]
Add To Stack: Ai(1)-Ur-Dragon B3 triggered Dragon Tempest targeting [Inspirit, Flagship Vessel (370)]
Add To Stack: Ai(1)-Ur-Dragon B3 triggered Dragon Tempest
Resolve Stack: Whenever a creature you control with flying enters, it gains haste until end of turn. [Zone Changer: Dragon Token (412)]
Damage: Dragon Token (412) deals 5 damage to Inspirit, Flagship Vessel (370).
Resolve Stack: Whenever a Dragon you control enters, it deals X damage to any target, where X is the number of Dragons you control. (Targeting: [[Inspirit, Flagship Vessel (370)]]) [Zone Changer: Dragon Token (412)]
Zone Change: Inspirit, Flagship Vessel (370) was put into Graveyard from Battlefield.
Phase: Ai(1)-Ur-Dragon B3's Declare Blockers Step
Combat: Ai(4)-Kilo Helm B3 didn't block Utvara Hellkite (38).
Phase: Ai(1)-Ur-Dragon B3's First Strike Damage Step
Phase: Ai(1)-Ur-Dragon B3's Combat Damage Step
Damage: Utvara Hellkite (38) deals 9 combat damage to Ai(4)-Kilo Helm B3.
Life: Life: Ai(4)-Kilo Helm B3 26 > 17
Phase: Ai(1)-Ur-Dragon B3's End of Combat Step
Phase: Ai(1)-Ur-Dragon B3's Main phase, postcombat
Replacement Effect: Opulent Palace enters tapped.
Land: Ai(1)-Ur-Dragon B3 played Opulent Palace (65)
Phase: Ai(1)-Ur-Dragon B3's End step
Phase: Ai(1)-Ur-Dragon B3's Cleanup step
Turn: Turn 43 (Ai(4)-Kilo Helm B3)
Phase: Ai(4)-Kilo Helm B3's Untap step
Phase: Ai(4)-Kilo Helm B3's Upkeep step
Phase: Ai(4)-Kilo Helm B3's Draw step
Phase: Ai(4)-Kilo Helm B3's Main phase, precombat
Mana: Mountain (390) - {T}: Add {R}.
Mana: Glittering Massif (349) - {T}: Add {R}.
Mana: Island (367) - {T}: Add {U}.
Mana: Plains (359) - {T}: Add {W}.
Add To Stack: Ai(4)-Kilo Helm B3 cast Chain Reaction
Damage: Chain Reaction (321) deals 8 damage to Hellkite Charger (86).
Damage: Chain Reaction (321) deals 8 damage to Niv-Mizzet, the Firemind (34).
Damage: Chain Reaction (321) deals 8 damage to Savage Ventmaw (85).
Damage: Chain Reaction (321) deals 8 damage to Utvara Hellkite (38).
Damage: Chain Reaction (321) deals 8 damage to Dragon Token (412).
Damage: Chain Reaction (321) deals 8 damage to Kilo, Apogee Mind (403).
Damage: Chain Reaction (321) deals 8 damage to Alibou, Ancient Witness (375).
Damage: Chain Reaction (321) deals 8 damage to Crystalline Crawler (376).
Resolve Stack: Chain Reaction (321) - Deals 8 damage to each creature.
Zone Change: Kilo, Apogee Mind (403) was put into Graveyard from Battlefield.
Zone Change: Alibou, Ancient Witness (375) was put into Graveyard from Battlefield.
Zone Change: Crystalline Crawler (376) was put into Graveyard from Battlefield.
Zone Change: Hellkite Charger (86) was put into Graveyard from Battlefield.
Zone Change: Niv-Mizzet, the Firemind (34) was put into Graveyard from Battlefield.
Zone Change: Savage Ventmaw (85) was put into Graveyard from Battlefield.
Phase: Ai(4)-Kilo Helm B3's Beginning of Combat Step
Phase: Ai(4)-Kilo Helm B3's Declare Attackers Step
Phase: Ai(4)-Kilo Helm B3's Declare Blockers Step
Phase: Ai(4)-Kilo Helm B3's First Strike Damage Step
Phase: Ai(4)-Kilo Helm B3's Combat Damage Step
Phase: Ai(4)-Kilo Helm B3's End of Combat Step
Phase: Ai(4)-Kilo Helm B3's Main phase, postcombat
Mana: Razortide Bridge (327) - {T}: Add {W} or {U}.
Mana: Arcane Signet (397) - {T}: Add one mana of any color in your commander's color identity.
Mana: Rugged Prairie (345) - {T}: Add {C}.
Add To Stack: Ai(4)-Kilo Helm B3 cast Flux Channeler
Add To Stack: Ai(1)-Ur-Dragon B3 activated Coalition Relic
Resolve Stack: Coalition Relic (23) - Ai(1)-Ur-Dragon B3 puts a charge counter on Coalition Relic (23).
Resolve Stack: Flux Channeler - Creature 2 / 2
Phase: Ai(4)-Kilo Helm B3's End step
Phase: Ai(4)-Kilo Helm B3's Cleanup step
Turn: Turn 44 (Ai(1)-Ur-Dragon B3)
Phase: Ai(1)-Ur-Dragon B3's Untap step
Phase: Ai(1)-Ur-Dragon B3's Upkeep step
Phase: Ai(1)-Ur-Dragon B3's Draw step
Phase: Ai(1)-Ur-Dragon B3's Main phase, precombat
Add To Stack: Ai(1)-Ur-Dragon B3 triggered Coalition Relic
Resolve Stack: At the beginning of your first main phase, remove all charge counters from Coalition Relic. Add one mana of any color for each charge counter removed this way. [Phase: Ai(1)-Ur-Dragon B3]
Mana: Mountain (80) - {T}: Add {R}.
Mana: Opulent Palace (65) - {T}: Add {B}, {G}, or {U}.
Mana: Swamp (92) - {T}: Add {B}.
Mana: Island (56) - {T}: Add {U}.
Mana: Plains (44) - {T}: Add {W}.
Mana: Island (55) - {T}: Add {U}.
Mana: Arcane Sanctum (3) - {T}: Add {W}, {U}, or {B}.
Mana: Coalition Relic (23) - {T}: Add one mana of any color.
Add To Stack: Ai(1)-Ur-Dragon B3 cast The Ur-Dragon
Resolve Stack: The Ur-Dragon - Creature 10 / 10
Add To Stack: Ai(1)-Ur-Dragon B3 triggered Dragon Tempest targeting [Flux Channeler (337)]
Add To Stack: Ai(1)-Ur-Dragon B3 triggered Dragon Tempest
Resolve Stack: Whenever a creature you control with flying enters, it gains haste until end of turn. [Zone Changer: The Ur-Dragon (100)]
Damage: The Ur-Dragon (100) deals 3 damage to Flux Channeler (337).
Resolve Stack: Whenever a Dragon you control enters, it deals X damage to any target, where X is the number of Dragons you control. (Targeting: [[Flux Channeler (337)]]) [Zone Changer: The Ur-Dragon (100)]
Zone Change: Flux Channeler (337) was put into Graveyard from Battlefield.
Phase: Ai(1)-Ur-Dragon B3's Beginning of Combat Step
Phase: Ai(1)-Ur-Dragon B3's Declare Attackers Step
Combat: Ai(1)-Ur-Dragon B3 assigned The Ur-Dragon (100), Utvara Hellkite (38) and Dragon Token (412) to attack Ai(4)-Kilo Helm B3.
Add To Stack: Ai(1)-Ur-Dragon B3 triggered The Ur-Dragon
Add To Stack: Ai(1)-Ur-Dragon B3 triggered Utvara Hellkite
Add To Stack: Ai(1)-Ur-Dragon B3 triggered Utvara Hellkite
Add To Stack: Ai(1)-Ur-Dragon B3 triggered Utvara Hellkite
Resolve Stack: Whenever a Dragon you control attacks, create a 6/6 red Dragon creature token with flying. [Attacker: Dragon Token (412)]
Add To Stack: Ai(1)-Ur-Dragon B3 triggered Dragon Tempest targeting [Ai(4)-Kilo Helm B3]
Add To Stack: Ai(1)-Ur-Dragon B3 triggered Dragon Tempest
Resolve Stack: Whenever a creature you control with flying enters, it gains haste until end of turn. [Zone Changer: Dragon Token (417)]
Damage: Dragon Token (417) deals 4 non-combat damage to Ai(4)-Kilo Helm B3.
Life: Life: Ai(4)-Kilo Helm B3 17 > 13
Resolve Stack: Whenever a Dragon you control enters, it deals X damage to any target, where X is the number of Dragons you control. (Targeting: [[Ai(4)-Kilo Helm B3]]) [Zone Changer: Dragon Token (417)]
Resolve Stack: Whenever a Dragon you control attacks, create a 6/6 red Dragon creature token with flying. [Attacker: Utvara Hellkite (38)]
Add To Stack: Ai(1)-Ur-Dragon B3 triggered Dragon Tempest targeting [Ai(4)-Kilo Helm B3]
Add To Stack: Ai(1)-Ur-Dragon B3 triggered Dragon Tempest
Resolve Stack: Whenever a creature you control with flying enters, it gains haste until end of turn. [Zone Changer: Dragon Token (419)]
Damage: Dragon Token (419) deals 5 non-combat damage to Ai(4)-Kilo Helm B3.
Life: Life: Ai(4)-Kilo Helm B3 13 > 8
Resolve Stack: Whenever a Dragon you control enters, it deals X damage to any target, where X is the number of Dragons you control. (Targeting: [[Ai(4)-Kilo Helm B3]]) [Zone Changer: Dragon Token (419)]
Resolve Stack: Whenever a Dragon you control attacks, create a 6/6 red Dragon creature token with flying. [Attacker: The Ur-Dragon (100)]
Add To Stack: Ai(1)-Ur-Dragon B3 triggered Dragon Tempest targeting [Ai(4)-Kilo Helm B3]
Add To Stack: Ai(1)-Ur-Dragon B3 triggered Dragon Tempest
Resolve Stack: Whenever a creature you control with flying enters, it gains haste until end of turn. [Zone Changer: Dragon Token (421)]
Damage: Dragon Token (421) deals 6 non-combat damage to Ai(4)-Kilo Helm B3.
Life: Life: Ai(4)-Kilo Helm B3 8 > 2
Resolve Stack: Whenever a Dragon you control enters, it deals X damage to any target, where X is the number of Dragons you control. (Targeting: [[Ai(4)-Kilo Helm B3]]) [Zone Changer: Dragon Token (421)]
Replacement Effect: As Mirror of the Forebears enters, choose a creature type.
Resolve Stack: Whenever one or more Dragons you control attack, draw that many cards, then you may put a permanent card from your hand onto the battlefield. [Number Attackers: [The Ur-Dragon (100), Utvara Hellkite (38), Dragon Token (412)]]
Phase: Ai(1)-Ur-Dragon B3's Declare Blockers Step
Combat: Ai(4)-Kilo Helm B3 didn't block The Ur-Dragon (100).
Ai(4)-Kilo Helm B3 didn't block Utvara Hellkite (38).
Ai(4)-Kilo Helm B3 didn't block Dragon Token (412).
Phase: Ai(1)-Ur-Dragon B3's First Strike Damage Step
Phase: Ai(1)-Ur-Dragon B3's Combat Damage Step
Damage: The Ur-Dragon (100) deals 13 combat damage to Ai(4)-Kilo Helm B3.
Damage: Utvara Hellkite (38) deals 9 combat damage to Ai(4)-Kilo Helm B3.
Damage: Dragon Token (412) deals 9 combat damage to Ai(4)-Kilo Helm B3.
Life: Life: Ai(4)-Kilo Helm B3 2 > -29
Player Control: Ai(1)-Ur-Dragon B3 has restored control over themself
Player Control: Ai(2)-Dnide Wildsear has restored control over themself
Player Control: Ai(3)-Inspirit EDHREC Average has restored control over themself
Player Control: Ai(4)-Kilo Helm B3 has restored control over themself
Game Outcome: Turn 22
Game Outcome: Ai(1)-Ur-Dragon B3 has won because all opponents have lost
Game Outcome: Ai(2)-Dnide Wildsear has lost because life total reached 0
Game Outcome: Ai(3)-Inspirit EDHREC Average has lost because life total reached 0
Game Outcome: Ai(4)-Kilo Helm B3 has lost because life total reached 0
Match Result: Ai(1)-Ur-Dragon B3: 3 Ai(2)-Dnide Wildsear: 0 Ai(3)-Inspirit EDHREC Average: 0 Ai(4)-Kilo Helm B3: 0 

Game Result: Game 3 ended in 114453 ms. Ai(1)-Ur-Dragon B3 has won!

Warning: default (ie. inherited from base class) implementation of chooseSingleCard is used by Ripples of Potential for forge.ai.ability.PhasesAi. Consider declaring an overloaded method
Warning: default (ie. inherited from base class) implementation of chooseSingleCard is used by Ripples of Potential for forge.ai.ability.PhasesAi. Consider declaring an overloaded method
Correcting zone for Buried Ruin (210)
Correcting zone for Cayth, Famed Mechanist (318)
Mulligan: Ai(2)-Dnide Wildsear has mulliganed down to 7 cards.
Mulligan: Ai(2)-Dnide Wildsear has kept a hand of 7 cards
Mulligan: Ai(3)-Inspirit EDHREC Average has kept a hand of 7 cards
Mulligan: Ai(4)-Kilo Helm B3 has kept a hand of 7 cards
Mulligan: Ai(1)-Ur-Dragon B3 has kept a hand of 7 cards
Turn: Turn 1 (Ai(2)-Dnide Wildsear)
Phase: Ai(2)-Dnide Wildsear's Untap step
Phase: Ai(2)-Dnide Wildsear's Upkeep step
Phase: Ai(2)-Dnide Wildsear's Draw step
Phase: Ai(2)-Dnide Wildsear's Main phase, precombat
Replacement Effect: As Stomping Ground enters, you may pay 2 life. If you don't, it enters tapped.
Land: Ai(2)-Dnide Wildsear played Stomping Ground (104)
Phase: Ai(2)-Dnide Wildsear's Beginning of Combat Step
Phase: Ai(2)-Dnide Wildsear's Declare Attackers Step
Phase: Ai(2)-Dnide Wildsear's Declare Blockers Step
Phase: Ai(2)-Dnide Wildsear's First Strike Damage Step
Phase: Ai(2)-Dnide Wildsear's Combat Damage Step
Phase: Ai(2)-Dnide Wildsear's End of Combat Step
Phase: Ai(2)-Dnide Wildsear's Main phase, postcombat
Phase: Ai(2)-Dnide Wildsear's End step
Phase: Ai(2)-Dnide Wildsear's Cleanup step
Turn: Turn 2 (Ai(3)-Inspirit EDHREC Average)
Phase: Ai(3)-Inspirit EDHREC Average's Untap step
Phase: Ai(3)-Inspirit EDHREC Average's Upkeep step
Phase: Ai(3)-Inspirit EDHREC Average's Draw step
Phase: Ai(3)-Inspirit EDHREC Average's Main phase, precombat
Land: Ai(3)-Inspirit EDHREC Average played Command Tower (207)
Phase: Ai(3)-Inspirit EDHREC Average's Beginning of Combat Step
Phase: Ai(3)-Inspirit EDHREC Average's Declare Attackers Step
Phase: Ai(3)-Inspirit EDHREC Average's Declare Blockers Step
Phase: Ai(3)-Inspirit EDHREC Average's First Strike Damage Step
Phase: Ai(3)-Inspirit EDHREC Average's Combat Damage Step
Phase: Ai(3)-Inspirit EDHREC Average's End of Combat Step
Phase: Ai(3)-Inspirit EDHREC Average's Main phase, postcombat
Phase: Ai(3)-Inspirit EDHREC Average's End step
Phase: Ai(3)-Inspirit EDHREC Average's Cleanup step
Turn: Turn 3 (Ai(4)-Kilo Helm B3)
Phase: Ai(4)-Kilo Helm B3's Untap step
Phase: Ai(4)-Kilo Helm B3's Upkeep step
Phase: Ai(4)-Kilo Helm B3's Draw step
Phase: Ai(4)-Kilo Helm B3's Main phase, precombat
Land: Ai(4)-Kilo Helm B3 played The Mycosynth Gardens (365)
Phase: Ai(4)-Kilo Helm B3's Beginning of Combat Step
Phase: Ai(4)-Kilo Helm B3's Declare Attackers Step
Phase: Ai(4)-Kilo Helm B3's Declare Blockers Step
Phase: Ai(4)-Kilo Helm B3's First Strike Damage Step
Phase: Ai(4)-Kilo Helm B3's Combat Damage Step
Phase: Ai(4)-Kilo Helm B3's End of Combat Step
Phase: Ai(4)-Kilo Helm B3's Main phase, postcombat
Phase: Ai(4)-Kilo Helm B3's End step
Phase: Ai(4)-Kilo Helm B3's Cleanup step
Turn: Turn 4 (Ai(1)-Ur-Dragon B3)
Phase: Ai(1)-Ur-Dragon B3's Untap step
Phase: Ai(1)-Ur-Dragon B3's Upkeep step
Phase: Ai(1)-Ur-Dragon B3's Draw step
Phase: Ai(1)-Ur-Dragon B3's Main phase, precombat
Replacement Effect: Mystic Monastery enters tapped.
Land: Ai(1)-Ur-Dragon B3 played Mystic Monastery (20)
Phase: Ai(1)-Ur-Dragon B3's Beginning of Combat Step
Phase: Ai(1)-Ur-Dragon B3's Declare Attackers Step
Phase: Ai(1)-Ur-Dragon B3's Declare Blockers Step
Phase: Ai(1)-Ur-Dragon B3's First Strike Damage Step
Phase: Ai(1)-Ur-Dragon B3's Combat Damage Step
Phase: Ai(1)-Ur-Dragon B3's End of Combat Step
Phase: Ai(1)-Ur-Dragon B3's Main phase, postcombat
Phase: Ai(1)-Ur-Dragon B3's End step
Phase: Ai(1)-Ur-Dragon B3's Cleanup step
Turn: Turn 5 (Ai(2)-Dnide Wildsear)
Phase: Ai(2)-Dnide Wildsear's Untap step
Phase: Ai(2)-Dnide Wildsear's Upkeep step
Phase: Ai(2)-Dnide Wildsear's Draw step
Phase: Ai(2)-Dnide Wildsear's Main phase, precombat
Replacement Effect: Rootbound Crag enters tapped unless you control a Mountain or a Forest.
Land: Ai(2)-Dnide Wildsear played Rootbound Crag (198)
Phase: Ai(2)-Dnide Wildsear's Beginning of Combat Step
Phase: Ai(2)-Dnide Wildsear's Declare Attackers Step
Phase: Ai(2)-Dnide Wildsear's Declare Blockers Step
Phase: Ai(2)-Dnide Wildsear's First Strike Damage Step
Phase: Ai(2)-Dnide Wildsear's Combat Damage Step
Phase: Ai(2)-Dnide Wildsear's End of Combat Step
Phase: Ai(2)-Dnide Wildsear's Main phase, postcombat
Phase: Ai(2)-Dnide Wildsear's End step
Phase: Ai(2)-Dnide Wildsear's Cleanup step
Turn: Turn 6 (Ai(3)-Inspirit EDHREC Average)
Phase: Ai(3)-Inspirit EDHREC Average's Untap step
Phase: Ai(3)-Inspirit EDHREC Average's Upkeep step
Phase: Ai(3)-Inspirit EDHREC Average's Draw step
Phase: Ai(3)-Inspirit EDHREC Average's Main phase, precombat
Land: Ai(3)-Inspirit EDHREC Average played Shivan Reef (240)
Phase: Ai(3)-Inspirit EDHREC Average's Beginning of Combat Step
Phase: Ai(3)-Inspirit EDHREC Average's Declare Attackers Step
Phase: Ai(3)-Inspirit EDHREC Average's Declare Blockers Step
Phase: Ai(3)-Inspirit EDHREC Average's First Strike Damage Step
Phase: Ai(3)-Inspirit EDHREC Average's Combat Damage Step
Phase: Ai(3)-Inspirit EDHREC Average's End of Combat Step
Phase: Ai(3)-Inspirit EDHREC Average's Main phase, postcombat
Mana: Command Tower (207) - {T}: Add one mana of any color in your commander's color identity.
Damage: Shivan Reef (240) deals 1 non-combat damage to Ai(3)-Inspirit EDHREC Average.
Life: Life: Ai(3)-Inspirit EDHREC Average 40 > 39
Mana: Shivan Reef (240) - {T}: Add {U} or {R}. Shivan Reef deals 1 damage to you. 
Add To Stack: Ai(3)-Inspirit EDHREC Average cast Enthusiastic Mechanaut
Resolve Stack: Enthusiastic Mechanaut - Creature 2 / 2
Phase: Ai(3)-Inspirit EDHREC Average's End step
Phase: Ai(3)-Inspirit EDHREC Average's Cleanup step
Turn: Turn 7 (Ai(4)-Kilo Helm B3)
Phase: Ai(4)-Kilo Helm B3's Untap step
Phase: Ai(4)-Kilo Helm B3's Upkeep step
Phase: Ai(4)-Kilo Helm B3's Draw step
Phase: Ai(4)-Kilo Helm B3's Main phase, precombat
Land: Ai(4)-Kilo Helm B3 played Spire of Industry (315)
Phase: Ai(4)-Kilo Helm B3's Beginning of Combat Step
Phase: Ai(4)-Kilo Helm B3's Declare Attackers Step
Phase: Ai(4)-Kilo Helm B3's Declare Blockers Step
Phase: Ai(4)-Kilo Helm B3's First Strike Damage Step
Phase: Ai(4)-Kilo Helm B3's Combat Damage Step
Phase: Ai(4)-Kilo Helm B3's End of Combat Step
Phase: Ai(4)-Kilo Helm B3's Main phase, postcombat
Phase: Ai(4)-Kilo Helm B3's End step
Phase: Ai(4)-Kilo Helm B3's Cleanup step
Turn: Turn 8 (Ai(1)-Ur-Dragon B3)
Phase: Ai(1)-Ur-Dragon B3's Untap step
Phase: Ai(1)-Ur-Dragon B3's Upkeep step
Phase: Ai(1)-Ur-Dragon B3's Draw step
Phase: Ai(1)-Ur-Dragon B3's Main phase, precombat
Replacement Effect: Frontier Bivouac enters tapped.
Land: Ai(1)-Ur-Dragon B3 played Frontier Bivouac (97)
Phase: Ai(1)-Ur-Dragon B3's Beginning of Combat Step
Phase: Ai(1)-Ur-Dragon B3's Declare Attackers Step
Phase: Ai(1)-Ur-Dragon B3's Declare Blockers Step
Phase: Ai(1)-Ur-Dragon B3's First Strike Damage Step
Phase: Ai(1)-Ur-Dragon B3's Combat Damage Step
Phase: Ai(1)-Ur-Dragon B3's End of Combat Step
Phase: Ai(1)-Ur-Dragon B3's Main phase, postcombat
Phase: Ai(1)-Ur-Dragon B3's End step
Phase: Ai(1)-Ur-Dragon B3's Cleanup step
Turn: Turn 9 (Ai(2)-Dnide Wildsear)
Phase: Ai(2)-Dnide Wildsear's Untap step
Phase: Ai(2)-Dnide Wildsear's Upkeep step
Phase: Ai(2)-Dnide Wildsear's Draw step
Phase: Ai(2)-Dnide Wildsear's Main phase, precombat
Land: Ai(2)-Dnide Wildsear played Forest (152)
Phase: Ai(2)-Dnide Wildsear's Beginning of Combat Step
Phase: Ai(2)-Dnide Wildsear's Declare Attackers Step
Phase: Ai(2)-Dnide Wildsear's Declare Blockers Step
Phase: Ai(2)-Dnide Wildsear's First Strike Damage Step
Phase: Ai(2)-Dnide Wildsear's Combat Damage Step
Phase: Ai(2)-Dnide Wildsear's End of Combat Step
Phase: Ai(2)-Dnide Wildsear's Main phase, postcombat
Phase: Ai(2)-Dnide Wildsear's End step
Phase: Ai(2)-Dnide Wildsear's Cleanup step
Turn: Turn 10 (Ai(3)-Inspirit EDHREC Average)
Phase: Ai(3)-Inspirit EDHREC Average's Untap step
Phase: Ai(3)-Inspirit EDHREC Average's Upkeep step
Phase: Ai(3)-Inspirit EDHREC Average's Draw step
Phase: Ai(3)-Inspirit EDHREC Average's Main phase, precombat
Land: Ai(3)-Inspirit EDHREC Average played Skycloud Expanse (284)
Phase: Ai(3)-Inspirit EDHREC Average's Beginning of Combat Step
Phase: Ai(3)-Inspirit EDHREC Average's Declare Attackers Step
Combat: Ai(3)-Inspirit EDHREC Average assigned Enthusiastic Mechanaut (231) to attack Ai(2)-Dnide Wildsear.
Phase: Ai(3)-Inspirit EDHREC Average's Declare Blockers Step
Combat: Ai(2)-Dnide Wildsear didn't block Enthusiastic Mechanaut (231).
Phase: Ai(3)-Inspirit EDHREC Average's First Strike Damage Step
Phase: Ai(3)-Inspirit EDHREC Average's Combat Damage Step
Damage: Enthusiastic Mechanaut (231) deals 2 combat damage to Ai(2)-Dnide Wildsear.
Life: Life: Ai(2)-Dnide Wildsear 40 > 38
Phase: Ai(3)-Inspirit EDHREC Average's End of Combat Step
Phase: Ai(3)-Inspirit EDHREC Average's Main phase, postcombat
Mana: Command Tower (207) - {T}: Add one mana of any color in your commander's color identity.
Mana: Shivan Reef (240) - {T}: Add {C}.
Add To Stack: Ai(3)-Inspirit EDHREC Average cast Long-Range Sensor
Resolve Stack: Long-Range Sensor
Phase: Ai(3)-Inspirit EDHREC Average's End step
Phase: Ai(3)-Inspirit EDHREC Average's Cleanup step
Turn: Turn 11 (Ai(4)-Kilo Helm B3)
Phase: Ai(4)-Kilo Helm B3's Untap step
Phase: Ai(4)-Kilo Helm B3's Upkeep step
Phase: Ai(4)-Kilo Helm B3's Draw step
Phase: Ai(4)-Kilo Helm B3's Main phase, precombat
Land: Ai(4)-Kilo Helm B3 played Karn's Bastion (325)
Phase: Ai(4)-Kilo Helm B3's Beginning of Combat Step
Phase: Ai(4)-Kilo Helm B3's Declare Attackers Step
Phase: Ai(4)-Kilo Helm B3's Declare Blockers Step
Phase: Ai(4)-Kilo Helm B3's First Strike Damage Step
Phase: Ai(4)-Kilo Helm B3's Combat Damage Step
Phase: Ai(4)-Kilo Helm B3's End of Combat Step
Phase: Ai(4)-Kilo Helm B3's Main phase, postcombat
Phase: Ai(4)-Kilo Helm B3's End step
Phase: Ai(4)-Kilo Helm B3's Cleanup step
Turn: Turn 12 (Ai(1)-Ur-Dragon B3)
Phase: Ai(1)-Ur-Dragon B3's Untap step
Phase: Ai(1)-Ur-Dragon B3's Upkeep step
Phase: Ai(1)-Ur-Dragon B3's Draw step
Phase: Ai(1)-Ur-Dragon B3's Main phase, precombat
Land: Ai(1)-Ur-Dragon B3 played Swamp (94)
Phase: Ai(1)-Ur-Dragon B3's Beginning of Combat Step
Phase: Ai(1)-Ur-Dragon B3's Declare Attackers Step
Phase: Ai(1)-Ur-Dragon B3's Declare Blockers Step
Phase: Ai(1)-Ur-Dragon B3's First Strike Damage Step
Phase: Ai(1)-Ur-Dragon B3's Combat Damage Step
Phase: Ai(1)-Ur-Dragon B3's End of Combat Step
Phase: Ai(1)-Ur-Dragon B3's Main phase, postcombat
Phase: Ai(1)-Ur-Dragon B3's End step
Phase: Ai(1)-Ur-Dragon B3's Cleanup step
Turn: Turn 13 (Ai(2)-Dnide Wildsear)
Phase: Ai(2)-Dnide Wildsear's Untap step
Phase: Ai(2)-Dnide Wildsear's Upkeep step
Phase: Ai(2)-Dnide Wildsear's Draw step
Phase: Ai(2)-Dnide Wildsear's Main phase, precombat
Land: Ai(2)-Dnide Wildsear played Command Tower (109)
Phase: Ai(2)-Dnide Wildsear's Beginning of Combat Step
Phase: Ai(2)-Dnide Wildsear's Declare Attackers Step
Phase: Ai(2)-Dnide Wildsear's Declare Blockers Step
Phase: Ai(2)-Dnide Wildsear's First Strike Damage Step
Phase: Ai(2)-Dnide Wildsear's Combat Damage Step
Phase: Ai(2)-Dnide Wildsear's End of Combat Step
Phase: Ai(2)-Dnide Wildsear's Main phase, postcombat
Phase: Ai(2)-Dnide Wildsear's End step
Phase: Ai(2)-Dnide Wildsear's Cleanup step
Turn: Turn 14 (Ai(3)-Inspirit EDHREC Average)
Phase: Ai(3)-Inspirit EDHREC Average's Untap step
Phase: Ai(3)-Inspirit EDHREC Average's Upkeep step
Phase: Ai(3)-Inspirit EDHREC Average's Draw step
Phase: Ai(3)-Inspirit EDHREC Average's Main phase, precombat
Land: Ai(3)-Inspirit EDHREC Average played Buried Ruin (210)
Phase: Ai(3)-Inspirit EDHREC Average's Beginning of Combat Step
Phase: Ai(3)-Inspirit EDHREC Average's Declare Attackers Step
Combat: Ai(3)-Inspirit EDHREC Average assigned Enthusiastic Mechanaut (231) to attack Ai(2)-Dnide Wildsear.
Add To Stack: Ai(3)-Inspirit EDHREC Average triggered Long-Range Sensor
Resolve Stack: Whenever you attack a player, put a charge counter on this artifact. [Number Attackers: [Enthusiastic Mechanaut (231)]]
Phase: Ai(3)-Inspirit EDHREC Average's Declare Blockers Step
Combat: Ai(2)-Dnide Wildsear didn't block Enthusiastic Mechanaut (231).
Phase: Ai(3)-Inspirit EDHREC Average's First Strike Damage Step
Phase: Ai(3)-Inspirit EDHREC Average's Combat Damage Step
Damage: Enthusiastic Mechanaut (231) deals 2 combat damage to Ai(2)-Dnide Wildsear.
Life: Life: Ai(2)-Dnide Wildsear 38 > 36
Phase: Ai(3)-Inspirit EDHREC Average's End of Combat Step
Phase: Ai(3)-Inspirit EDHREC Average's Main phase, postcombat
Mana: Command Tower (207) - {T}: Add one mana of any color in your commander's color identity.
Mana: Buried Ruin (210) - {T}: Add {C}.
Mana: Shivan Reef (240) - {T}: Add {C}.
Add To Stack: Ai(3)-Inspirit EDHREC Average cast Dreamtide Whale
Replacement Effect: Vanishing 2 (This permanent enters with two time counters on it. At the beginning of your upkeep, remove a time counter from it. When the last is removed, sacrifice it.)
Resolve Stack: Dreamtide Whale - Creature 7 / 5
Phase: Ai(3)-Inspirit EDHREC Average's End step
Phase: Ai(3)-Inspirit EDHREC Average's Cleanup step
Turn: Turn 15 (Ai(4)-Kilo Helm B3)
Phase: Ai(4)-Kilo Helm B3's Untap step
Phase: Ai(4)-Kilo Helm B3's Upkeep step
Phase: Ai(4)-Kilo Helm B3's Draw step
Phase: Ai(4)-Kilo Helm B3's Main phase, precombat
Replacement Effect: This land enters tapped.
Land: Ai(4)-Kilo Helm B3 played Adagia, Windswept Bastion (362)
Phase: Ai(4)-Kilo Helm B3's Beginning of Combat Step
Phase: Ai(4)-Kilo Helm B3's Declare Attackers Step
Phase: Ai(4)-Kilo Helm B3's Declare Blockers Step
Phase: Ai(4)-Kilo Helm B3's First Strike Damage Step
Phase: Ai(4)-Kilo Helm B3's Combat Damage Step
Phase: Ai(4)-Kilo Helm B3's End of Combat Step
Phase: Ai(4)-Kilo Helm B3's Main phase, postcombat
Phase: Ai(4)-Kilo Helm B3's End step
Phase: Ai(4)-Kilo Helm B3's Cleanup step
Turn: Turn 16 (Ai(1)-Ur-Dragon B3)
Phase: Ai(1)-Ur-Dragon B3's Untap step
Phase: Ai(1)-Ur-Dragon B3's Upkeep step
Phase: Ai(1)-Ur-Dragon B3's Draw step
Phase: Ai(1)-Ur-Dragon B3's Main phase, precombat
Land: Ai(1)-Ur-Dragon B3 played Forest (46)
Phase: Ai(1)-Ur-Dragon B3's Beginning of Combat Step
Phase: Ai(1)-Ur-Dragon B3's Declare Attackers Step
Phase: Ai(1)-Ur-Dragon B3's Declare Blockers Step
Phase: Ai(1)-Ur-Dragon B3's First Strike Damage Step
Phase: Ai(1)-Ur-Dragon B3's Combat Damage Step
Phase: Ai(1)-Ur-Dragon B3's End of Combat Step
Phase: Ai(1)-Ur-Dragon B3's Main phase, postcombat
Phase: Ai(1)-Ur-Dragon B3's End step
Phase: Ai(1)-Ur-Dragon B3's Cleanup step
Turn: Turn 17 (Ai(2)-Dnide Wildsear)
Phase: Ai(2)-Dnide Wildsear's Untap step
Phase: Ai(2)-Dnide Wildsear's Upkeep step
Phase: Ai(2)-Dnide Wildsear's Draw step
Phase: Ai(2)-Dnide Wildsear's Main phase, precombat
Land: Ai(2)-Dnide Wildsear played Mountain (185)
Phase: Ai(2)-Dnide Wildsear's Beginning of Combat Step
Phase: Ai(2)-Dnide Wildsear's Declare Attackers Step
Phase: Ai(2)-Dnide Wildsear's Declare Blockers Step
Phase: Ai(2)-Dnide Wildsear's First Strike Damage Step
Phase: Ai(2)-Dnide Wildsear's Combat Damage Step
Phase: Ai(2)-Dnide Wildsear's End of Combat Step
Phase: Ai(2)-Dnide Wildsear's Main phase, postcombat
Mana: Mountain (185) - {T}: Add {R}.
Mana: Forest (152) - {T}: Add {G}.
Mana: Rootbound Crag (198) - {T}: Add {R} or {G}.
Mana: Command Tower (109) - {T}: Add one mana of any color in your commander's color identity.
Mana: Stomping Ground (104) - {T}: Add {G}.
Add To Stack: Ai(2)-Dnide Wildsear cast Wildsear, Scouring Maw
Resolve Stack: Wildsear, Scouring Maw - Creature 6 / 6
Phase: Ai(2)-Dnide Wildsear's End step
Phase: Ai(2)-Dnide Wildsear's Cleanup step
Turn: Turn 18 (Ai(3)-Inspirit EDHREC Average)
Phase: Ai(3)-Inspirit EDHREC Average's Untap step
Phase: Ai(3)-Inspirit EDHREC Average's Upkeep step
Add To Stack: Ai(3)-Inspirit EDHREC Average triggered Dreamtide Whale
Resolve Stack: At the beginning of your upkeep, if Dreamtide Whale has a time counter on it, remove a time counter from it. [Phase: Ai(3)-Inspirit EDHREC Average]
Phase: Ai(3)-Inspirit EDHREC Average's Draw step
Mana: Command Tower (207) - {T}: Add one mana of any color in your commander's color identity.
Mana: Buried Ruin (210) - {T}: Add {C}.
Mana: Shivan Reef (240) - {T}: Add {C}.
Add To Stack: Ai(3)-Inspirit EDHREC Average cast Chaos Warp targeting [Wildsear, Scouring Maw (201)]
Replacement Effect: If a commander would be put into its owner's hand or library from anywhere, its owner may put it into the command zone instead.
Replacement Effect: Waking the Trolls enters with a lore counter on it.
Resolve Stack: Chaos Warp (238) - Shuffle Wildsear, Scouring Maw (201) into its owner's library. Ai(3)-Inspirit EDHREC Average reveals the top card of Ai(2)-Dnide Wildsear's library.
Add To Stack: Ai(2)-Dnide Wildsear triggered Waking the Trolls targeting [Buried Ruin (210)]
Zone Change: Buried Ruin (210) was put into Graveyard from Battlefield.
Resolve Stack: I — Destroy target land. (Targeting: [[Buried Ruin (210)]]) [Added once: Waking the Trolls (119)]
Phase: Ai(3)-Inspirit EDHREC Average's Main phase, precombat
Phase: Ai(3)-Inspirit EDHREC Average's Beginning of Combat Step
Phase: Ai(3)-Inspirit EDHREC Average's Declare Attackers Step
Combat: Ai(3)-Inspirit EDHREC Average assigned Dreamtide Whale (242) and Enthusiastic Mechanaut (231) to attack Ai(2)-Dnide Wildsear.
Add To Stack: Ai(3)-Inspirit EDHREC Average triggered Long-Range Sensor
Resolve Stack: Whenever you attack a player, put a charge counter on this artifact. [Number Attackers: [Dreamtide Whale (242), Enthusiastic Mechanaut (231)]]
Phase: Ai(3)-Inspirit EDHREC Average's Declare Blockers Step
Combat: Ai(2)-Dnide Wildsear didn't block Dreamtide Whale (242).
Ai(2)-Dnide Wildsear didn't block Enthusiastic Mechanaut (231).
Phase: Ai(3)-Inspirit EDHREC Average's First Strike Damage Step
Phase: Ai(3)-Inspirit EDHREC Average's Combat Damage Step
Damage: Dreamtide Whale (242) deals 7 combat damage to Ai(2)-Dnide Wildsear.
Damage: Enthusiastic Mechanaut (231) deals 2 combat damage to Ai(2)-Dnide Wildsear.
Life: Life: Ai(2)-Dnide Wildsear 36 > 27
Phase: Ai(3)-Inspirit EDHREC Average's End of Combat Step
Phase: Ai(3)-Inspirit EDHREC Average's Main phase, postcombat
Phase: Ai(3)-Inspirit EDHREC Average's End step
Phase: Ai(3)-Inspirit EDHREC Average's Cleanup step
Turn: Turn 19 (Ai(4)-Kilo Helm B3)
Phase: Ai(4)-Kilo Helm B3's Untap step
Phase: Ai(4)-Kilo Helm B3's Upkeep step
Phase: Ai(4)-Kilo Helm B3's Draw step
Phase: Ai(4)-Kilo Helm B3's Main phase, precombat
Land: Ai(4)-Kilo Helm B3 played Plains (358)
Phase: Ai(4)-Kilo Helm B3's Beginning of Combat Step
Phase: Ai(4)-Kilo Helm B3's Declare Attackers Step
Phase: Ai(4)-Kilo Helm B3's Declare Blockers Step
Phase: Ai(4)-Kilo Helm B3's First Strike Damage Step
Phase: Ai(4)-Kilo Helm B3's Combat Damage Step
Phase: Ai(4)-Kilo Helm B3's End of Combat Step
Phase: Ai(4)-Kilo Helm B3's Main phase, postcombat
Mana: Plains (358) - {T}: Add {W}.
Mana: Karn's Bastion (325) - {T}: Add {C}.
Mana: Adagia, Windswept Bastion (362) - {T}: Add {W}.
Mana: The Mycosynth Gardens (365) - {T}: Add {C}.
Add To Stack: Ai(4)-Kilo Helm B3 cast Etched Oracle
Replacement Effect: Sunburst (This enters with either a +1/+1 or charge counter on it for each color of mana spent to cast it based on whether it's a creature.)
Resolve Stack: Etched Oracle - Creature 0 / 0
Add To Stack: Ai(4)-Kilo Helm B3 activated Adagia, Windswept Bastion
Resolve Stack: Adagia, Windswept Bastion (362) - Ai(4)-Kilo Helm B3 puts a charge counter on Adagia, Windswept Bastion (362).
Phase: Ai(4)-Kilo Helm B3's End step
Phase: Ai(4)-Kilo Helm B3's Cleanup step
Turn: Turn 20 (Ai(1)-Ur-Dragon B3)
Phase: Ai(1)-Ur-Dragon B3's Untap step
Phase: Ai(1)-Ur-Dragon B3's Upkeep step
Phase: Ai(1)-Ur-Dragon B3's Draw step
Phase: Ai(1)-Ur-Dragon B3's Main phase, precombat
Land: Ai(1)-Ur-Dragon B3 played Island (56)
Mana: Swamp (94) - {T}: Add {B}.
Mana: Mystic Monastery (20) - {T}: Add {U}, {R}, or {W}.
Mana: Island (56) - {T}: Add {U}.
Mana: Forest (46) - {T}: Add {G}.
Mana: Frontier Bivouac (97) - {T}: Add {G}, {U}, or {R}.
Add To Stack: Ai(1)-Ur-Dragon B3 cast Dragonlord Kolaghan
Resolve Stack: Dragonlord Kolaghan - Creature 6 / 5
Phase: Ai(1)-Ur-Dragon B3's Beginning of Combat Step
Phase: Ai(1)-Ur-Dragon B3's Declare Attackers Step
Combat: Ai(1)-Ur-Dragon B3 assigned Dragonlord Kolaghan (32) to attack Ai(3)-Inspirit EDHREC Average.
Phase: Ai(1)-Ur-Dragon B3's Declare Blockers Step
Combat: Ai(3)-Inspirit EDHREC Average didn't block Dragonlord Kolaghan (32).
Phase: Ai(1)-Ur-Dragon B3's First Strike Damage Step
Phase: Ai(1)-Ur-Dragon B3's Combat Damage Step
Damage: Dragonlord Kolaghan (32) deals 6 combat damage to Ai(3)-Inspirit EDHREC Average.
Life: Life: Ai(3)-Inspirit EDHREC Average 39 > 33
Phase: Ai(1)-Ur-Dragon B3's End of Combat Step
Phase: Ai(1)-Ur-Dragon B3's Main phase, postcombat
Phase: Ai(1)-Ur-Dragon B3's End step
Phase: Ai(1)-Ur-Dragon B3's Cleanup step
Turn: Turn 21 (Ai(2)-Dnide Wildsear)
Phase: Ai(2)-Dnide Wildsear's Untap step
Phase: Ai(2)-Dnide Wildsear's Upkeep step
Phase: Ai(2)-Dnide Wildsear's Draw step
Phase: Ai(2)-Dnide Wildsear's Main phase, precombat
Add To Stack: Ai(2)-Dnide Wildsear triggered Waking the Trolls targeting [Buried Ruin (210)]
Resolve Stack: II — Put target land card from a graveyard onto the battlefield under your control. (Targeting: [[Buried Ruin (210)]]) [Added once: Waking the Trolls (119)]
Land: Ai(2)-Dnide Wildsear played Mountain (186)
Mana: Mountain (185) - {T}: Add {R}.
Mana: Mountain (186) - {T}: Add {R}.
Mana: Forest (152) - {T}: Add {G}.
Mana: Rootbound Crag (198) - {T}: Add {R} or {G}.
Mana: Command Tower (109) - {T}: Add one mana of any color in your commander's color identity.
Mana: Stomping Ground (104) - {T}: Add {G}.
Add To Stack: Ai(2)-Dnide Wildsear cast Keeper of Secrets
Resolve Stack: Keeper of Secrets - Creature 6 / 4
Phase: Ai(2)-Dnide Wildsear's Beginning of Combat Step
Phase: Ai(2)-Dnide Wildsear's Declare Attackers Step
Combat: Ai(2)-Dnide Wildsear assigned Keeper of Secrets (120) to attack Ai(3)-Inspirit EDHREC Average.
Phase: Ai(2)-Dnide Wildsear's Declare Blockers Step
Combat: Ai(3)-Inspirit EDHREC Average didn't block Keeper of Secrets (120).
Phase: Ai(2)-Dnide Wildsear's First Strike Damage Step
Damage: Keeper of Secrets (120) deals 6 combat damage to Ai(3)-Inspirit EDHREC Average.
Life: Life: Ai(3)-Inspirit EDHREC Average 33 > 27
Phase: Ai(2)-Dnide Wildsear's Combat Damage Step
Phase: Ai(2)-Dnide Wildsear's End of Combat Step
Phase: Ai(2)-Dnide Wildsear's Main phase, postcombat
Phase: Ai(2)-Dnide Wildsear's End step
Phase: Ai(2)-Dnide Wildsear's Cleanup step
Turn: Turn 22 (Ai(3)-Inspirit EDHREC Average)
Phase: Ai(3)-Inspirit EDHREC Average's Untap step
Phase: Ai(3)-Inspirit EDHREC Average's Upkeep step
Add To Stack: Ai(3)-Inspirit EDHREC Average triggered Dreamtide Whale
Resolve Stack: At the beginning of your upkeep, if Dreamtide Whale has a time counter on it, remove a time counter from it. [Phase: Ai(3)-Inspirit EDHREC Average]
Add To Stack: Ai(3)-Inspirit EDHREC Average triggered Dreamtide Whale
Zone Change: Dreamtide Whale (242) was put into Graveyard from Battlefield.
Resolve Stack: When the last time counter is removed from Dreamtide Whale, sacrifice it. [Removed from: Dreamtide Whale (242)]
Phase: Ai(3)-Inspirit EDHREC Average's Draw step
Phase: Ai(3)-Inspirit EDHREC Average's Main phase, precombat
Phase: Ai(3)-Inspirit EDHREC Average's Beginning of Combat Step
Phase: Ai(3)-Inspirit EDHREC Average's Declare Attackers Step
Combat: Ai(3)-Inspirit EDHREC Average assigned Enthusiastic Mechanaut (231) to attack Ai(2)-Dnide Wildsear.
Add To Stack: Ai(3)-Inspirit EDHREC Average triggered Long-Range Sensor
Resolve Stack: Whenever you attack a player, put a charge counter on this artifact. [Number Attackers: [Enthusiastic Mechanaut (231)]]
Phase: Ai(3)-Inspirit EDHREC Average's Declare Blockers Step
Combat: Ai(2)-Dnide Wildsear didn't block Enthusiastic Mechanaut (231).
Phase: Ai(3)-Inspirit EDHREC Average's First Strike Damage Step
Phase: Ai(3)-Inspirit EDHREC Average's Combat Damage Step
Damage: Enthusiastic Mechanaut (231) deals 2 combat damage to Ai(2)-Dnide Wildsear.
Life: Life: Ai(2)-Dnide Wildsear 27 > 25
Phase: Ai(3)-Inspirit EDHREC Average's End of Combat Step
Phase: Ai(3)-Inspirit EDHREC Average's Main phase, postcombat
Mana: Command Tower (207) - {T}: Add one mana of any color in your commander's color identity.
Add To Stack: Ai(3)-Inspirit EDHREC Average cast Arcane Signet
Resolve Stack: Arcane Signet
Phase: Ai(3)-Inspirit EDHREC Average's End step
Phase: Ai(3)-Inspirit EDHREC Average's Cleanup step
Turn: Turn 23 (Ai(4)-Kilo Helm B3)
Phase: Ai(4)-Kilo Helm B3's Untap step
Phase: Ai(4)-Kilo Helm B3's Upkeep step
Life: Life: Ai(4)-Kilo Helm B3 40 > 39
Mana: Spire of Industry (315) - {T}, Pay 1 life: Add one mana of any color. Activate only if you control an artifact.
Mana: Plains (358) - {T}: Add {W}.
Add To Stack: Ai(4)-Kilo Helm B3 cast Ripples of Potential
Resolve Stack: Ripples of Potential (344) - Proliferate. (Choose any number of permanents and/or players, then give each another counter of each kind already there.)  phase out. 
Phase: Ai(4)-Kilo Helm B3's Draw step
Phase: Ai(4)-Kilo Helm B3's Main phase, precombat
Replacement Effect: Razortide Bridge enters tapped.
Land: Ai(4)-Kilo Helm B3 played Razortide Bridge (327)
Phase: Ai(4)-Kilo Helm B3's Beginning of Combat Step
Phase: Ai(4)-Kilo Helm B3's Declare Attackers Step
Phase: Ai(4)-Kilo Helm B3's Declare Blockers Step
Phase: Ai(4)-Kilo Helm B3's First Strike Damage Step
Phase: Ai(4)-Kilo Helm B3's Combat Damage Step
Phase: Ai(4)-Kilo Helm B3's End of Combat Step
Phase: Ai(4)-Kilo Helm B3's Main phase, postcombat
Phase: Ai(4)-Kilo Helm B3's End step
Phase: Ai(4)-Kilo Helm B3's Cleanup step
Turn: Turn 24 (Ai(1)-Ur-Dragon B3)
Phase: Ai(1)-Ur-Dragon B3's Untap step
Phase: Ai(1)-Ur-Dragon B3's Upkeep step
Phase: Ai(1)-Ur-Dragon B3's Draw step
Phase: Ai(1)-Ur-Dragon B3's Main phase, precombat
Land: Ai(1)-Ur-Dragon B3 played Forest (47)
Mana: Mystic Monastery (20) - {T}: Add {U}, {R}, or {W}.
Mana: Frontier Bivouac (97) - {T}: Add {G}, {U}, or {R}.
Mana: Swamp (94) - {T}: Add {B}.
Mana: Island (56) - {T}: Add {U}.
Mana: Forest (46) - {T}: Add {G}.
Mana: Forest (47) - {T}: Add {G}.
Add To Stack: Ai(1)-Ur-Dragon B3 cast Balefire Dragon
Resolve Stack: Balefire Dragon - Creature 6 / 6
Phase: Ai(1)-Ur-Dragon B3's Beginning of Combat Step
Phase: Ai(1)-Ur-Dragon B3's Declare Attackers Step
Combat: Ai(1)-Ur-Dragon B3 assigned Dragonlord Kolaghan (32) and Balefire Dragon (19) to attack Ai(2)-Dnide Wildsear.
Phase: Ai(1)-Ur-Dragon B3's Declare Blockers Step
Combat: Ai(2)-Dnide Wildsear didn't block Dragonlord Kolaghan (32).
Ai(2)-Dnide Wildsear didn't block Balefire Dragon (19).
Phase: Ai(1)-Ur-Dragon B3's First Strike Damage Step
Phase: Ai(1)-Ur-Dragon B3's Combat Damage Step
Damage: Dragonlord Kolaghan (32) deals 6 combat damage to Ai(2)-Dnide Wildsear.
Damage: Balefire Dragon (19) deals 6 combat damage to Ai(2)-Dnide Wildsear.
Life: Life: Ai(2)-Dnide Wildsear 25 > 13
Add To Stack: Ai(1)-Ur-Dragon B3 triggered Balefire Dragon
Damage: Balefire Dragon (19) deals 6 damage to Keeper of Secrets (120).
Resolve Stack: Whenever Balefire Dragon deals combat damage to a player, it deals that much damage to each creature that player controls. [Damage Source: Balefire Dragon (19), Damaged: Ai(2)-Dnide Wildsear, Amount: 6]
Zone Change: Keeper of Secrets (120) was put into Graveyard from Battlefield.
Phase: Ai(1)-Ur-Dragon B3's End of Combat Step
Phase: Ai(1)-Ur-Dragon B3's Main phase, postcombat
Phase: Ai(1)-Ur-Dragon B3's End step
Phase: Ai(1)-Ur-Dragon B3's Cleanup step
Turn: Turn 25 (Ai(2)-Dnide Wildsear)
Phase: Ai(2)-Dnide Wildsear's Untap step
Phase: Ai(2)-Dnide Wildsear's Upkeep step
Phase: Ai(2)-Dnide Wildsear's Draw step
Phase: Ai(2)-Dnide Wildsear's Main phase, precombat
Add To Stack: Ai(2)-Dnide Wildsear triggered Waking the Trolls targeting [Ai(3)-Inspirit EDHREC Average]
Resolve Stack: III — Choose target player. If they control fewer lands than you, create a number of 4/4 green Troll Warrior creature tokens with trample equal to the difference. (Targeting: [[Ai(3)-Inspirit EDHREC Average]]) [Added once: Waking the Trolls (119)]
Zone Change: Waking the Trolls (119) was put into Graveyard from Battlefield.
Land: Ai(2)-Dnide Wildsear played Forest (154)
Mana: Forest (152) - {T}: Add {G}.
Mana: Forest (154) - {T}: Add {G}.
Mana: Mountain (185) - {T}: Add {R}.
Mana: Mountain (186) - {T}: Add {R}.
Add To Stack: Ai(2)-Dnide Wildsear cast Bear Umbra targeting [Troll Warrior Token (413)]
Resolve Stack: Bear Umbra (194) -  Attach to Troll Warrior Token (413)
Phase: Ai(2)-Dnide Wildsear's Beginning of Combat Step
Phase: Ai(2)-Dnide Wildsear's Declare Attackers Step
Phase: Ai(2)-Dnide Wildsear's Declare Blockers Step
Phase: Ai(2)-Dnide Wildsear's First Strike Damage Step
Phase: Ai(2)-Dnide Wildsear's Combat Damage Step
Phase: Ai(2)-Dnide Wildsear's End of Combat Step
Phase: Ai(2)-Dnide Wildsear's Main phase, postcombat
Mana: Rootbound Crag (198) - {T}: Add {R} or {G}.
Mana: Command Tower (109) - {T}: Add one mana of any color in your commander's color identity.
Add To Stack: Ai(2)-Dnide Wildsear cast Arcane Signet
Resolve Stack: Arcane Signet
Phase: Ai(2)-Dnide Wildsear's End step
Phase: Ai(2)-Dnide Wildsear's Cleanup step
Turn: Turn 26 (Ai(3)-Inspirit EDHREC Average)
Phase: Ai(3)-Inspirit EDHREC Average's Untap step
Phase: Ai(3)-Inspirit EDHREC Average's Upkeep step
Phase: Ai(3)-Inspirit EDHREC Average's Draw step
Phase: Ai(3)-Inspirit EDHREC Average's Main phase, precombat
Phase: Ai(3)-Inspirit EDHREC Average's Beginning of Combat Step
Phase: Ai(3)-Inspirit EDHREC Average's Declare Attackers Step
Phase: Ai(3)-Inspirit EDHREC Average's Declare Blockers Step
Phase: Ai(3)-Inspirit EDHREC Average's First Strike Damage Step
Phase: Ai(3)-Inspirit EDHREC Average's Combat Damage Step
Phase: Ai(3)-Inspirit EDHREC Average's End of Combat Step
Phase: Ai(3)-Inspirit EDHREC Average's Main phase, postcombat
Mana: Command Tower (207) - {T}: Add one mana of any color in your commander's color identity.
Mana: Arcane Signet (296) - {T}: Add one mana of any color in your commander's color identity.
Mana: Shivan Reef (240) - {T}: Add {C}.
Add To Stack: Ai(3)-Inspirit EDHREC Average cast Darksteel Reactor
Resolve Stack: Darksteel Reactor
Phase: Ai(3)-Inspirit EDHREC Average's End step
Phase: Ai(3)-Inspirit EDHREC Average's Cleanup step
Turn: Turn 27 (Ai(4)-Kilo Helm B3)
Phase: Ai(4)-Kilo Helm B3's Untap step
Phase: Ai(4)-Kilo Helm B3's Upkeep step
Phase: Ai(4)-Kilo Helm B3's Draw step
Phase: Ai(4)-Kilo Helm B3's Main phase, precombat
Life: Life: Ai(4)-Kilo Helm B3 39 > 38
Mana: Spire of Industry (315) - {T}, Pay 1 life: Add one mana of any color. Activate only if you control an artifact.
Mana: Plains (358) - {T}: Add {W}.
Mana: Razortide Bridge (327) - {T}: Add {W} or {U}.
Mana: Karn's Bastion (325) - {T}: Add {C}.
Mana: Adagia, Windswept Bastion (362) - {T}: Add {W}.
Add To Stack: Ai(4)-Kilo Helm B3 cast Alibou, Ancient Witness
Resolve Stack: Alibou, Ancient Witness - Creature 4 / 5
Phase: Ai(4)-Kilo Helm B3's Beginning of Combat Step
Phase: Ai(4)-Kilo Helm B3's Declare Attackers Step
Phase: Ai(4)-Kilo Helm B3's Declare Blockers Step
Phase: Ai(4)-Kilo Helm B3's First Strike Damage Step
Phase: Ai(4)-Kilo Helm B3's Combat Damage Step
Phase: Ai(4)-Kilo Helm B3's End of Combat Step
Phase: Ai(4)-Kilo Helm B3's Main phase, postcombat
Add To Stack: Ai(4)-Kilo Helm B3 activated Adagia, Windswept Bastion
Resolve Stack: Adagia, Windswept Bastion (362) - Ai(4)-Kilo Helm B3 puts two charge counters on Adagia, Windswept Bastion (362).
Add To Stack: Ai(4)-Kilo Helm B3 activated Adagia, Windswept Bastion
Resolve Stack: Adagia, Windswept Bastion (362) - Ai(4)-Kilo Helm B3 puts four charge counters on Adagia, Windswept Bastion (362).
Phase: Ai(4)-Kilo Helm B3's End step
Phase: Ai(4)-Kilo Helm B3's Cleanup step
Turn: Turn 28 (Ai(1)-Ur-Dragon B3)
Phase: Ai(1)-Ur-Dragon B3's Untap step
Phase: Ai(1)-Ur-Dragon B3's Upkeep step
Phase: Ai(1)-Ur-Dragon B3's Draw step
Phase: Ai(1)-Ur-Dragon B3's Main phase, precombat
Land: Ai(1)-Ur-Dragon B3 played Terramorphic Expanse (99)
Zone Change: Terramorphic Expanse (99) was put into Graveyard from Battlefield.
Add To Stack: Ai(1)-Ur-Dragon B3 activated Terramorphic Expanse
Resolve Stack: Terramorphic Expanse (99) - Ai(1)-Ur-Dragon B3 searches their library for a basic land card, puts it onto the battlefield tapped, then shuffles.
Mana: Mystic Monastery (20) - {T}: Add {U}, {R}, or {W}.
Mana: Frontier Bivouac (97) - {T}: Add {G}, {U}, or {R}.
Mana: Swamp (94) - {T}: Add {B}.
Mana: Island (56) - {T}: Add {U}.
Mana: Forest (46) - {T}: Add {G}.
Add To Stack: Ai(1)-Ur-Dragon B3 cast Hellkite Charger
Resolve Stack: Hellkite Charger - Creature 5 / 5
Phase: Ai(1)-Ur-Dragon B3's Beginning of Combat Step
Phase: Ai(1)-Ur-Dragon B3's Declare Attackers Step
Combat: Ai(1)-Ur-Dragon B3 assigned Dragonlord Kolaghan (32), Balefire Dragon (19) and Hellkite Charger (86) to attack Ai(2)-Dnide Wildsear.
Add To Stack: Ai(1)-Ur-Dragon B3 triggered Hellkite Charger
Resolve Stack: Whenever Hellkite Charger attacks, you may pay {5}{R}{R}. If you do, untap all attacking creatures and after this phase, there is an additional combat phase. [Attacker: Hellkite Charger (86)]
Phase: Ai(1)-Ur-Dragon B3's Declare Blockers Step
Combat: Ai(2)-Dnide Wildsear didn't block Dragonlord Kolaghan (32).
Ai(2)-Dnide Wildsear didn't block Balefire Dragon (19).
Ai(2)-Dnide Wildsear didn't block Hellkite Charger (86).
Phase: Ai(1)-Ur-Dragon B3's First Strike Damage Step
Phase: Ai(1)-Ur-Dragon B3's Combat Damage Step
Damage: Dragonlord Kolaghan (32) deals 6 combat damage to Ai(2)-Dnide Wildsear.
Damage: Balefire Dragon (19) deals 6 combat damage to Ai(2)-Dnide Wildsear.
Damage: Hellkite Charger (86) deals 5 combat damage to Ai(2)-Dnide Wildsear.
Life: Life: Ai(2)-Dnide Wildsear 13 > -4
Zone Change: Buried Ruin (210) was put into Exile from Battlefield.
Add To Stack: Ai(1)-Ur-Dragon B3 triggered Balefire Dragon
Resolve Stack: Whenever Balefire Dragon deals combat damage to a player, it deals that much damage to each creature that player controls. [Damage Source: Balefire Dragon (19), Damaged: Ai(2)-Dnide Wildsear, Amount: 6]
Phase: Ai(1)-Ur-Dragon B3's End of Combat Step
Phase: Ai(1)-Ur-Dragon B3's Main phase, postcombat
Phase: Ai(1)-Ur-Dragon B3's End step
Phase: Ai(1)-Ur-Dragon B3's Cleanup step
Turn: Turn 29 (Ai(3)-Inspirit EDHREC Average)
Phase: Ai(3)-Inspirit EDHREC Average's Untap step
Phase: Ai(3)-Inspirit EDHREC Average's Upkeep step
Add To Stack: Ai(3)-Inspirit EDHREC Average triggered Darksteel Reactor
Resolve Stack: At the beginning of your upkeep, you may put a charge counter on Darksteel Reactor. [Phase: Ai(3)-Inspirit EDHREC Average]
Phase: Ai(3)-Inspirit EDHREC Average's Draw step
Phase: Ai(3)-Inspirit EDHREC Average's Main phase, precombat
Phase: Ai(3)-Inspirit EDHREC Average's Beginning of Combat Step
Phase: Ai(3)-Inspirit EDHREC Average's Declare Attackers Step
Phase: Ai(3)-Inspirit EDHREC Average's Declare Blockers Step
Phase: Ai(3)-Inspirit EDHREC Average's First Strike Damage Step
Phase: Ai(3)-Inspirit EDHREC Average's Combat Damage Step
Phase: Ai(3)-Inspirit EDHREC Average's End of Combat Step
Phase: Ai(3)-Inspirit EDHREC Average's Main phase, postcombat
Mana: Command Tower (207) - {T}: Add one mana of any color in your commander's color identity.
Mana: Arcane Signet (296) - {T}: Add one mana of any color in your commander's color identity.
Mana: Shivan Reef (240) - {T}: Add {C}.
Add To Stack: Ai(3)-Inspirit EDHREC Average cast Kappa Cannoneer
Resolve Stack: Kappa Cannoneer - Creature 4 / 4
Add To Stack: Ai(3)-Inspirit EDHREC Average triggered Kappa Cannoneer
Resolve Stack: Whenever an artifact you control enters, put a +1/+1 counter on Kappa Cannoneer and it can't be blocked this turn. [Zone Changer: Kappa Cannoneer (300)]
Phase: Ai(3)-Inspirit EDHREC Average's End step
Phase: Ai(3)-Inspirit EDHREC Average's Cleanup step
Turn: Turn 30 (Ai(4)-Kilo Helm B3)
Phase: Ai(4)-Kilo Helm B3's Untap step
Phase: Ai(4)-Kilo Helm B3's Upkeep step
Phase: Ai(4)-Kilo Helm B3's Draw step
Phase: Ai(4)-Kilo Helm B3's Main phase, precombat
Life: Life: Ai(4)-Kilo Helm B3 38 > 37
Mana: Spire of Industry (315) - {T}, Pay 1 life: Add one mana of any color. Activate only if you control an artifact.
Mana: Razortide Bridge (327) - {T}: Add {W} or {U}.
Mana: Plains (358) - {T}: Add {W}.
Mana: Karn's Bastion (325) - {T}: Add {C}.
Add To Stack: Ai(4)-Kilo Helm B3 cast Cayth, Famed Mechanist
Resolve Stack: Cayth, Famed Mechanist - Creature 3 / 3
Add To Stack: Ai(4)-Kilo Helm B3 triggered Cayth, Famed Mechanist
Resolve Stack: Fabricate 1 (When this creature enters, put a +1/+1 counter on it, or create a 1/1 colorless Servo artifact creature token.) [Zone Changer: Cayth, Famed Mechanist (318)]
Phase: Ai(4)-Kilo Helm B3's Beginning of Combat Step
Phase: Ai(4)-Kilo Helm B3's Declare Attackers Step
Phase: Ai(4)-Kilo Helm B3's Declare Blockers Step
Phase: Ai(4)-Kilo Helm B3's First Strike Damage Step
Phase: Ai(4)-Kilo Helm B3's Combat Damage Step
Phase: Ai(4)-Kilo Helm B3's End of Combat Step
Phase: Ai(4)-Kilo Helm B3's Main phase, postcombat
Add To Stack: Ai(4)-Kilo Helm B3 activated Adagia, Windswept Bastion
Resolve Stack: Adagia, Windswept Bastion (362) - Ai(4)-Kilo Helm B3 puts a charge counter on Adagia, Windswept Bastion (362).
Add To Stack: Ai(4)-Kilo Helm B3 activated Adagia, Windswept Bastion
Resolve Stack: Adagia, Windswept Bastion (362) - Ai(4)-Kilo Helm B3 puts two charge counters on Adagia, Windswept Bastion (362).
Add To Stack: Ai(4)-Kilo Helm B3 activated Adagia, Windswept Bastion
Resolve Stack: Adagia, Windswept Bastion (362) - Ai(4)-Kilo Helm B3 puts three charge counters on Adagia, Windswept Bastion (362).
Phase: Ai(4)-Kilo Helm B3's End step
Phase: Ai(4)-Kilo Helm B3's Cleanup step
Turn: Turn 31 (Ai(1)-Ur-Dragon B3)
Phase: Ai(1)-Ur-Dragon B3's Untap step
Phase: Ai(1)-Ur-Dragon B3's Upkeep step
Phase: Ai(1)-Ur-Dragon B3's Draw step
Phase: Ai(1)-Ur-Dragon B3's Main phase, precombat
Mana: Mystic Monastery (20) - {T}: Add {U}, {R}, or {W}.
Mana: Frontier Bivouac (97) - {T}: Add {G}, {U}, or {R}.
Mana: Plains (44) - {T}: Add {W}.
Mana: Swamp (94) - {T}: Add {B}.
Mana: Forest (46) - {T}: Add {G}.
Mana: Forest (47) - {T}: Add {G}.
Mana: Island (56) - {T}: Add {U}.
Add To Stack: Ai(1)-Ur-Dragon B3 cast Utvara Hellkite
Resolve Stack: Utvara Hellkite - Creature 6 / 6
Phase: Ai(1)-Ur-Dragon B3's Beginning of Combat Step
Phase: Ai(1)-Ur-Dragon B3's Declare Attackers Step
Combat: Ai(1)-Ur-Dragon B3 assigned Utvara Hellkite (38), Hellkite Charger (86), Dragonlord Kolaghan (32) and Balefire Dragon (19) to attack Ai(3)-Inspirit EDHREC Average.
Add To Stack: Ai(1)-Ur-Dragon B3 triggered Hellkite Charger
Add To Stack: Ai(1)-Ur-Dragon B3 triggered Utvara Hellkite
Add To Stack: Ai(1)-Ur-Dragon B3 triggered Utvara Hellkite
Add To Stack: Ai(1)-Ur-Dragon B3 triggered Utvara Hellkite
Add To Stack: Ai(1)-Ur-Dragon B3 triggered Utvara Hellkite
Resolve Stack: Whenever a Dragon you control attacks, create a 6/6 red Dragon creature token with flying. [Attacker: Balefire Dragon (19)]
Resolve Stack: Whenever a Dragon you control attacks, create a 6/6 red Dragon creature token with flying. [Attacker: Dragonlord Kolaghan (32)]
Resolve Stack: Whenever a Dragon you control attacks, create a 6/6 red Dragon creature token with flying. [Attacker: Hellkite Charger (86)]
Resolve Stack: Whenever a Dragon you control attacks, create a 6/6 red Dragon creature token with flying. [Attacker: Utvara Hellkite (38)]
Resolve Stack: Whenever Hellkite Charger attacks, you may pay {5}{R}{R}. If you do, untap all attacking creatures and after this phase, there is an additional combat phase. [Attacker: Hellkite Charger (86)]
Phase: Ai(1)-Ur-Dragon B3's Declare Blockers Step
Combat: Ai(3)-Inspirit EDHREC Average assigned Enthusiastic Mechanaut (231) to block Utvara Hellkite (38).
Ai(3)-Inspirit EDHREC Average didn't block Hellkite Charger (86).
Ai(3)-Inspirit EDHREC Average didn't block Dragonlord Kolaghan (32).
Ai(3)-Inspirit EDHREC Average didn't block Balefire Dragon (19).
Phase: Ai(1)-Ur-Dragon B3's First Strike Damage Step
Phase: Ai(1)-Ur-Dragon B3's Combat Damage Step
Damage: Utvara Hellkite (38) deals 6 damage to Enthusiastic Mechanaut (231).
Damage: Hellkite Charger (86) deals 5 combat damage to Ai(3)-Inspirit EDHREC Average.
Damage: Dragonlord Kolaghan (32) deals 6 combat damage to Ai(3)-Inspirit EDHREC Average.
Damage: Balefire Dragon (19) deals 6 combat damage to Ai(3)-Inspirit EDHREC Average.
Damage: Enthusiastic Mechanaut (231) deals 2 damage to Utvara Hellkite (38).
Life: Life: Ai(3)-Inspirit EDHREC Average 27 > 10
Zone Change: Enthusiastic Mechanaut (231) was put into Graveyard from Battlefield.
Add To Stack: Ai(1)-Ur-Dragon B3 triggered Balefire Dragon
Damage: Balefire Dragon (19) deals 6 damage to Kappa Cannoneer (300).
Resolve Stack: Whenever Balefire Dragon deals combat damage to a player, it deals that much damage to each creature that player controls. [Damage Source: Balefire Dragon (19), Damaged: Ai(3)-Inspirit EDHREC Average, Amount: 6]
Zone Change: Kappa Cannoneer (300) was put into Graveyard from Battlefield.
Phase: Ai(1)-Ur-Dragon B3's End of Combat Step
Phase: Ai(1)-Ur-Dragon B3's Main phase, postcombat
Replacement Effect: Nomad Outpost enters tapped.
Land: Ai(1)-Ur-Dragon B3 played Nomad Outpost (7)
Phase: Ai(1)-Ur-Dragon B3's End step
Phase: Ai(1)-Ur-Dragon B3's Cleanup step
Turn: Turn 32 (Ai(3)-Inspirit EDHREC Average)
Phase: Ai(3)-Inspirit EDHREC Average's Untap step
Phase: Ai(3)-Inspirit EDHREC Average's Upkeep step
Add To Stack: Ai(3)-Inspirit EDHREC Average triggered Darksteel Reactor
Resolve Stack: At the beginning of your upkeep, you may put a charge counter on Darksteel Reactor. [Phase: Ai(3)-Inspirit EDHREC Average]
Phase: Ai(3)-Inspirit EDHREC Average's Draw step
Phase: Ai(3)-Inspirit EDHREC Average's Main phase, precombat
Phase: Ai(3)-Inspirit EDHREC Average's Beginning of Combat Step
Phase: Ai(3)-Inspirit EDHREC Average's Declare Attackers Step
Phase: Ai(3)-Inspirit EDHREC Average's Declare Blockers Step
Phase: Ai(3)-Inspirit EDHREC Average's First Strike Damage Step
Phase: Ai(3)-Inspirit EDHREC Average's Combat Damage Step
Phase: Ai(3)-Inspirit EDHREC Average's End of Combat Step
Phase: Ai(3)-Inspirit EDHREC Average's Main phase, postcombat
Phase: Ai(3)-Inspirit EDHREC Average's End step
Phase: Ai(3)-Inspirit EDHREC Average's Cleanup step
Turn: Turn 33 (Ai(4)-Kilo Helm B3)
Phase: Ai(4)-Kilo Helm B3's Untap step
Phase: Ai(4)-Kilo Helm B3's Upkeep step
Mana: Plains (358) - {T}: Add {W}.
Mana: Razortide Bridge (327) - {T}: Add {W} or {U}.
Add To Stack: Ai(4)-Kilo Helm B3 activated Cayth, Famed Mechanist
Resolve Stack: Cayth, Famed Mechanist (318) -  Populate.
Phase: Ai(4)-Kilo Helm B3's Draw step
Phase: Ai(4)-Kilo Helm B3's Main phase, precombat
Life: Life: Ai(4)-Kilo Helm B3 37 > 36
Mana: Spire of Industry (315) - {T}, Pay 1 life: Add one mana of any color. Activate only if you control an artifact.
Mana: Karn's Bastion (325) - {T}: Add {C}.
Mana: The Mycosynth Gardens (365) - {T}: Add {C}.
Mana: Adagia, Windswept Bastion (362) - {T}: Add {W}.
Add To Stack: Ai(4)-Kilo Helm B3 cast Padeem, Consul of Innovation
Resolve Stack: Padeem, Consul of Innovation - Creature 1 / 4
Add To Stack: Ai(4)-Kilo Helm B3 triggered Padeem, Consul of Innovation
Resolve Stack: Fabricate 1 (When this creature enters, put a +1/+1 counter on it, or create a 1/1 colorless Servo artifact creature token.) [Zone Changer: Padeem, Consul of Innovation (304)]
Phase: Ai(4)-Kilo Helm B3's Beginning of Combat Step
Phase: Ai(4)-Kilo Helm B3's Declare Attackers Step
Phase: Ai(4)-Kilo Helm B3's Declare Blockers Step
Phase: Ai(4)-Kilo Helm B3's First Strike Damage Step
Phase: Ai(4)-Kilo Helm B3's Combat Damage Step
Phase: Ai(4)-Kilo Helm B3's End of Combat Step
Phase: Ai(4)-Kilo Helm B3's Main phase, postcombat
Phase: Ai(4)-Kilo Helm B3's End step
Phase: Ai(4)-Kilo Helm B3's Cleanup step
Turn: Turn 34 (Ai(1)-Ur-Dragon B3)
Phase: Ai(1)-Ur-Dragon B3's Untap step
Phase: Ai(1)-Ur-Dragon B3's Upkeep step
Phase: Ai(1)-Ur-Dragon B3's Draw step
Phase: Ai(1)-Ur-Dragon B3's Main phase, precombat
Land: Ai(1)-Ur-Dragon B3 played Evolving Wilds (28)
Zone Change: Evolving Wilds (28) was put into Graveyard from Battlefield.
Add To Stack: Ai(1)-Ur-Dragon B3 activated Evolving Wilds
Resolve Stack: Evolving Wilds (28) - Ai(1)-Ur-Dragon B3 searches their library for a basic land card, puts it onto the battlefield tapped, then shuffles.
Mana: Swamp (94) - {T}: Add {B}.
Mana: Island (56) - {T}: Add {U}.
Mana: Plains (44) - {T}: Add {W}.
Mana: Forest (46) - {T}: Add {G}.
Mana: Forest (47) - {T}: Add {G}.
Add To Stack: Ai(1)-Ur-Dragon B3 cast Dragonlord Silumgar
Resolve Stack: Dragonlord Silumgar - Creature 3 / 5
Add To Stack: Ai(1)-Ur-Dragon B3 triggered Dragonlord Silumgar targeting [Cayth, Famed Mechanist (318)]
Resolve Stack: When Dragonlord Silumgar enters, gain control of target creature or planeswalker for as long as you control Dragonlord Silumgar. (Targeting: [[Cayth, Famed Mechanist (318)]]) [Zone Changer: Dragonlord Silumgar (72)]
Phase: Ai(1)-Ur-Dragon B3's Beginning of Combat Step
Phase: Ai(1)-Ur-Dragon B3's Declare Attackers Step
Combat: Ai(1)-Ur-Dragon B3 assigned Dragonlord Kolaghan (32), Balefire Dragon (19), Utvara Hellkite (38), Dragon Token (431), Dragon Token (433), Dragon Token (435), Dragon Token (437), Hellkite Charger (86) and Dragonlord Silumgar (72) to attack Ai(4)-Kilo Helm B3.
Add To Stack: Ai(1)-Ur-Dragon B3 triggered Hellkite Charger
Add To Stack: Ai(1)-Ur-Dragon B3 triggered Utvara Hellkite
Add To Stack: Ai(1)-Ur-Dragon B3 triggered Utvara Hellkite
Add To Stack: Ai(1)-Ur-Dragon B3 triggered Utvara Hellkite
Add To Stack: Ai(1)-Ur-Dragon B3 triggered Utvara Hellkite
Add To Stack: Ai(1)-Ur-Dragon B3 triggered Utvara Hellkite
Add To Stack: Ai(1)-Ur-Dragon B3 triggered Utvara Hellkite
Add To Stack: Ai(1)-Ur-Dragon B3 triggered Utvara Hellkite
Add To Stack: Ai(1)-Ur-Dragon B3 triggered Utvara Hellkite
Add To Stack: Ai(1)-Ur-Dragon B3 triggered Utvara Hellkite
Resolve Stack: Whenever a Dragon you control attacks, create a 6/6 red Dragon creature token with flying. [Attacker: Dragonlord Silumgar (72)]
Resolve Stack: Whenever a Dragon you control attacks, create a 6/6 red Dragon creature token with flying. [Attacker: Hellkite Charger (86)]
Resolve Stack: Whenever a Dragon you control attacks, create a 6/6 red Dragon creature token with flying. [Attacker: Dragon Token (437)]
Resolve Stack: Whenever a Dragon you control attacks, create a 6/6 red Dragon creature token with flying. [Attacker: Dragon Token (435)]
Resolve Stack: Whenever a Dragon you control attacks, create a 6/6 red Dragon creature token with flying. [Attacker: Dragon Token (433)]
Resolve Stack: Whenever a Dragon you control attacks, create a 6/6 red Dragon creature token with flying. [Attacker: Dragon Token (431)]
Resolve Stack: Whenever a Dragon you control attacks, create a 6/6 red Dragon creature token with flying. [Attacker: Utvara Hellkite (38)]
Resolve Stack: Whenever a Dragon you control attacks, create a 6/6 red Dragon creature token with flying. [Attacker: Balefire Dragon (19)]
Resolve Stack: Whenever a Dragon you control attacks, create a 6/6 red Dragon creature token with flying. [Attacker: Dragonlord Kolaghan (32)]
Resolve Stack: Whenever Hellkite Charger attacks, you may pay {5}{R}{R}. If you do, untap all attacking creatures and after this phase, there is an additional combat phase. [Attacker: Hellkite Charger (86)]
Phase: Ai(1)-Ur-Dragon B3's Declare Blockers Step
Combat: Ai(4)-Kilo Helm B3 didn't block Dragonlord Kolaghan (32).
Ai(4)-Kilo Helm B3 didn't block Balefire Dragon (19).
Ai(4)-Kilo Helm B3 didn't block Utvara Hellkite (38).
Ai(4)-Kilo Helm B3 didn't block Dragon Token (431).
Ai(4)-Kilo Helm B3 didn't block Dragon Token (433).
Ai(4)-Kilo Helm B3 didn't block Dragon Token (435).
Ai(4)-Kilo Helm B3 didn't block Dragon Token (437).
Ai(4)-Kilo Helm B3 didn't block Hellkite Charger (86).
Ai(4)-Kilo Helm B3 didn't block Dragonlord Silumgar (72).
Phase: Ai(1)-Ur-Dragon B3's First Strike Damage Step
Phase: Ai(1)-Ur-Dragon B3's Combat Damage Step
Damage: Dragonlord Kolaghan (32) deals 6 combat damage to Ai(4)-Kilo Helm B3.
Damage: Balefire Dragon (19) deals 6 combat damage to Ai(4)-Kilo Helm B3.
Damage: Utvara Hellkite (38) deals 6 combat damage to Ai(4)-Kilo Helm B3.
Damage: Dragon Token (431) deals 6 combat damage to Ai(4)-Kilo Helm B3.
Damage: Dragon Token (433) deals 6 combat damage to Ai(4)-Kilo Helm B3.
Damage: Dragon Token (435) deals 6 combat damage to Ai(4)-Kilo Helm B3.
Damage: Dragon Token (437) deals 6 combat damage to Ai(4)-Kilo Helm B3.
Damage: Hellkite Charger (86) deals 5 combat damage to Ai(4)-Kilo Helm B3.
Damage: Dragonlord Silumgar (72) deals 3 combat damage to Ai(4)-Kilo Helm B3.
Life: Life: Ai(4)-Kilo Helm B3 36 > -14
Add To Stack: Ai(1)-Ur-Dragon B3 triggered Balefire Dragon
Resolve Stack: Whenever Balefire Dragon deals combat damage to a player, it deals that much damage to each creature that player controls. [Damage Source: Balefire Dragon (19), Damaged: Ai(4)-Kilo Helm B3, Amount: 6]
Phase: Ai(1)-Ur-Dragon B3's End of Combat Step
Phase: Ai(1)-Ur-Dragon B3's Main phase, postcombat
Phase: Ai(1)-Ur-Dragon B3's End step
Phase: Ai(1)-Ur-Dragon B3's Cleanup step
Turn: Turn 35 (Ai(3)-Inspirit EDHREC Average)
Phase: Ai(3)-Inspirit EDHREC Average's Untap step
Phase: Ai(3)-Inspirit EDHREC Average's Upkeep step
Add To Stack: Ai(3)-Inspirit EDHREC Average triggered Darksteel Reactor
Resolve Stack: At the beginning of your upkeep, you may put a charge counter on Darksteel Reactor. [Phase: Ai(3)-Inspirit EDHREC Average]
Phase: Ai(3)-Inspirit EDHREC Average's Draw step
Phase: Ai(3)-Inspirit EDHREC Average's Main phase, precombat
Phase: Ai(3)-Inspirit EDHREC Average's Beginning of Combat Step
Phase: Ai(3)-Inspirit EDHREC Average's Declare Attackers Step
Phase: Ai(3)-Inspirit EDHREC Average's Declare Blockers Step
Phase: Ai(3)-Inspirit EDHREC Average's First Strike Damage Step
Phase: Ai(3)-Inspirit EDHREC Average's Combat Damage Step
Phase: Ai(3)-Inspirit EDHREC Average's End of Combat Step
Phase: Ai(3)-Inspirit EDHREC Average's Main phase, postcombat
Phase: Ai(3)-Inspirit EDHREC Average's End step
Phase: Ai(3)-Inspirit EDHREC Average's Cleanup step
Turn: Turn 36 (Ai(1)-Ur-Dragon B3)
Phase: Ai(1)-Ur-Dragon B3's Untap step
Phase: Ai(1)-Ur-Dragon B3's Upkeep step
Phase: Ai(1)-Ur-Dragon B3's Draw step
Mana: Mountain (80) - {T}: Add {R}.
Mana: Swamp (94) - {T}: Add {B}.
Mana: Plains (44) - {T}: Add {W}.
Add To Stack: Ai(1)-Ur-Dragon B3 cast Chaos Warp targeting [Darksteel Reactor (225)]
Replacement Effect: Glacial Fortress enters tapped unless you control a Plains or an Island.
Resolve Stack: Chaos Warp (30) - Shuffle Darksteel Reactor (225) into its owner's library. Ai(1)-Ur-Dragon B3 reveals the top card of Ai(3)-Inspirit EDHREC Average's library.
Phase: Ai(1)-Ur-Dragon B3's Main phase, precombat
Phase: Ai(1)-Ur-Dragon B3's Beginning of Combat Step
Phase: Ai(1)-Ur-Dragon B3's Declare Attackers Step
Combat: Ai(1)-Ur-Dragon B3 assigned Dragonlord Kolaghan (32), Balefire Dragon (19), Utvara Hellkite (38), Dragon Token (431), Dragon Token (433), Dragon Token (435), Dragon Token (437), Dragon Token (455), Dragon Token (457), Dragon Token (459), Dragon Token (461), Dragon Token (463), Dragon Token (465), Dragon Token (467), Dragon Token (469), Dragon Token (471), Hellkite Charger (86) and Dragonlord Silumgar (72) to attack Ai(3)-Inspirit EDHREC Average.
Add To Stack: Ai(1)-Ur-Dragon B3 triggered Hellkite Charger
Add To Stack: Ai(1)-Ur-Dragon B3 triggered Utvara Hellkite
Add To Stack: Ai(1)-Ur-Dragon B3 triggered Utvara Hellkite
Add To Stack: Ai(1)-Ur-Dragon B3 triggered Utvara Hellkite
Add To Stack: Ai(1)-Ur-Dragon B3 triggered Utvara Hellkite
Add To Stack: Ai(1)-Ur-Dragon B3 triggered Utvara Hellkite
Add To Stack: Ai(1)-Ur-Dragon B3 triggered Utvara Hellkite
Add To Stack: Ai(1)-Ur-Dragon B3 triggered Utvara Hellkite
Add To Stack: Ai(1)-Ur-Dragon B3 triggered Utvara Hellkite
Add To Stack: Ai(1)-Ur-Dragon B3 triggered Utvara Hellkite
Add To Stack: Ai(1)-Ur-Dragon B3 triggered Utvara Hellkite
Add To Stack: Ai(1)-Ur-Dragon B3 triggered Utvara Hellkite
Add To Stack: Ai(1)-Ur-Dragon B3 triggered Utvara Hellkite
Add To Stack: Ai(1)-Ur-Dragon B3 triggered Utvara Hellkite
Add To Stack: Ai(1)-Ur-Dragon B3 triggered Utvara Hellkite
Add To Stack: Ai(1)-Ur-Dragon B3 triggered Utvara Hellkite
Add To Stack: Ai(1)-Ur-Dragon B3 triggered Utvara Hellkite
Add To Stack: Ai(1)-Ur-Dragon B3 triggered Utvara Hellkite
Add To Stack: Ai(1)-Ur-Dragon B3 triggered Utvara Hellkite
Resolve Stack: Whenever a Dragon you control attacks, create a 6/6 red Dragon creature token with flying. [Attacker: Dragonlord Silumgar (72)]
Resolve Stack: Whenever a Dragon you control attacks, create a 6/6 red Dragon creature token with flying. [Attacker: Hellkite Charger (86)]
Resolve Stack: Whenever a Dragon you control attacks, create a 6/6 red Dragon creature token with flying. [Attacker: Dragon Token (471)]
Resolve Stack: Whenever a Dragon you control attacks, create a 6/6 red Dragon creature token with flying. [Attacker: Dragon Token (469)]
Resolve Stack: Whenever a Dragon you control attacks, create a 6/6 red Dragon creature token with flying. [Attacker: Dragon Token (467)]
Resolve Stack: Whenever a Dragon you control attacks, create a 6/6 red Dragon creature token with flying. [Attacker: Dragon Token (465)]
Resolve Stack: Whenever a Dragon you control attacks, create a 6/6 red Dragon creature token with flying. [Attacker: Dragon Token (463)]
Resolve Stack: Whenever a Dragon you control attacks, create a 6/6 red Dragon creature token with flying. [Attacker: Dragon Token (461)]
Resolve Stack: Whenever a Dragon you control attacks, create a 6/6 red Dragon creature token with flying. [Attacker: Dragon Token (459)]
Resolve Stack: Whenever a Dragon you control attacks, create a 6/6 red Dragon creature token with flying. [Attacker: Dragon Token (457)]
Resolve Stack: Whenever a Dragon you control attacks, create a 6/6 red Dragon creature token with flying. [Attacker: Dragon Token (455)]
Resolve Stack: Whenever a Dragon you control attacks, create a 6/6 red Dragon creature token with flying. [Attacker: Dragon Token (437)]
Resolve Stack: Whenever a Dragon you control attacks, create a 6/6 red Dragon creature token with flying. [Attacker: Dragon Token (435)]
Resolve Stack: Whenever a Dragon you control attacks, create a 6/6 red Dragon creature token with flying. [Attacker: Dragon Token (433)]
Resolve Stack: Whenever a Dragon you control attacks, create a 6/6 red Dragon creature token with flying. [Attacker: Dragon Token (431)]
Resolve Stack: Whenever a Dragon you control attacks, create a 6/6 red Dragon creature token with flying. [Attacker: Utvara Hellkite (38)]
Resolve Stack: Whenever a Dragon you control attacks, create a 6/6 red Dragon creature token with flying. [Attacker: Balefire Dragon (19)]
Resolve Stack: Whenever a Dragon you control attacks, create a 6/6 red Dragon creature token with flying. [Attacker: Dragonlord Kolaghan (32)]
Resolve Stack: Whenever Hellkite Charger attacks, you may pay {5}{R}{R}. If you do, untap all attacking creatures and after this phase, there is an additional combat phase. [Attacker: Hellkite Charger (86)]
Phase: Ai(1)-Ur-Dragon B3's Declare Blockers Step
Combat: Ai(3)-Inspirit EDHREC Average didn't block Dragonlord Kolaghan (32).
Ai(3)-Inspirit EDHREC Average didn't block Balefire Dragon (19).
Ai(3)-Inspirit EDHREC Average didn't block Utvara Hellkite (38).
Ai(3)-Inspirit EDHREC Average didn't block Dragon Token (431).
Ai(3)-Inspirit EDHREC Average didn't block Dragon Token (433).
Ai(3)-Inspirit EDHREC Average didn't block Dragon Token (435).
Ai(3)-Inspirit EDHREC Average didn't block Dragon Token (437).
Ai(3)-Inspirit EDHREC Average didn't block Dragon Token (455).
Ai(3)-Inspirit EDHREC Average didn't block Dragon Token (457).
Ai(3)-Inspirit EDHREC Average didn't block Dragon Token (459).
Ai(3)-Inspirit EDHREC Average didn't block Dragon Token (461).
Ai(3)-Inspirit EDHREC Average didn't block Dragon Token (463).
Ai(3)-Inspirit EDHREC Average didn't block Dragon Token (465).
Ai(3)-Inspirit EDHREC Average didn't block Dragon Token (467).
Ai(3)-Inspirit EDHREC Average didn't block Dragon Token (469).
Ai(3)-Inspirit EDHREC Average didn't block Dragon Token (471).
Ai(3)-Inspirit EDHREC Average didn't block Hellkite Charger (86).
Ai(3)-Inspirit EDHREC Average didn't block Dragonlord Silumgar (72).
Phase: Ai(1)-Ur-Dragon B3's First Strike Damage Step
Phase: Ai(1)-Ur-Dragon B3's Combat Damage Step
Damage: Dragonlord Kolaghan (32) deals 6 combat damage to Ai(3)-Inspirit EDHREC Average.
Damage: Balefire Dragon (19) deals 6 combat damage to Ai(3)-Inspirit EDHREC Average.
Damage: Utvara Hellkite (38) deals 6 combat damage to Ai(3)-Inspirit EDHREC Average.
Damage: Dragon Token (431) deals 6 combat damage to Ai(3)-Inspirit EDHREC Average.
Damage: Dragon Token (433) deals 6 combat damage to Ai(3)-Inspirit EDHREC Average.
Damage: Dragon Token (435) deals 6 combat damage to Ai(3)-Inspirit EDHREC Average.
Damage: Dragon Token (437) deals 6 combat damage to Ai(3)-Inspirit EDHREC Average.
Damage: Dragon Token (455) deals 6 combat damage to Ai(3)-Inspirit EDHREC Average.
Damage: Dragon Token (457) deals 6 combat damage to Ai(3)-Inspirit EDHREC Average.
Damage: Dragon Token (459) deals 6 combat damage to Ai(3)-Inspirit EDHREC Average.
Damage: Dragon Token (461) deals 6 combat damage to Ai(3)-Inspirit EDHREC Average.
Damage: Dragon Token (463) deals 6 combat damage to Ai(3)-Inspirit EDHREC Average.
Damage: Dragon Token (465) deals 6 combat damage to Ai(3)-Inspirit EDHREC Average.
Damage: Dragon Token (467) deals 6 combat damage to Ai(3)-Inspirit EDHREC Average.
Damage: Dragon Token (469) deals 6 combat damage to Ai(3)-Inspirit EDHREC Average.
Damage: Dragon Token (471) deals 6 combat damage to Ai(3)-Inspirit EDHREC Average.
Damage: Hellkite Charger (86) deals 5 combat damage to Ai(3)-Inspirit EDHREC Average.
Damage: Dragonlord Silumgar (72) deals 3 combat damage to Ai(3)-Inspirit EDHREC Average.
Life: Life: Ai(3)-Inspirit EDHREC Average 10 > -94
Player Control: Ai(1)-Ur-Dragon B3 has restored control over themself
Player Control: Ai(2)-Dnide Wildsear has restored control over themself
Player Control: Ai(3)-Inspirit EDHREC Average has restored control over themself
Player Control: Ai(4)-Kilo Helm B3 has restored control over themself
Game Outcome: Turn 18
Game Outcome: Ai(1)-Ur-Dragon B3 has won because all opponents have lost
Game Outcome: Ai(2)-Dnide Wildsear has lost because life total reached 0
Game Outcome: Ai(3)-Inspirit EDHREC Average has lost because life total reached 0
Game Outcome: Ai(4)-Kilo Helm B3 has lost because life total reached 0
Match Result: Ai(1)-Ur-Dragon B3: 4 Ai(2)-Dnide Wildsear: 0 Ai(3)-Inspirit EDHREC Average: 0 Ai(4)-Kilo Helm B3: 0 

Game Result: Game 4 ended in 20308 ms. Ai(1)-Ur-Dragon B3 has won!

