Error handling registered!
09:05:14 [INFO ] GuiBase: ##########################################
09:05:14 [INFO ] GuiBase: APP: Forge v.2.0.13-SNAPSHOT-06.22
09:05:14 [INFO ] GuiBase: Java: 17.0.20 (Homebrew)
09:05:14 [INFO ] GuiBase: OS: Mac OS X 15.7.5 aarch64
09:05:14 [INFO ] GuiBase: RAM: 4096 MB max, 12 CPUs
09:05:14 [INFO ] GuiBase: ##########################################
Language 'en-US' loaded successfully.
(ThreadUtil first call): Running with priority 5
Read cards: 33319 archived files in 0 ms (25 parts) using thread pool
Upcoming set Star Trek (TRK) dated in the future. All `upcoming` cards will be added to this set with unknown rarity.
The card A-Alrund's Epiphany was not assigned to any set. Adding it to UNKNOWN set... to fix see res/editions/ folder. 
The card A-Baba Lysaga, Night Witch was not assigned to any set. Adding it to UNKNOWN set... to fix see res/editions/ folder. 
The card A-Divide by Zero was not assigned to any set. Adding it to UNKNOWN set... to fix see res/editions/ folder. 
The card A-Esika's Chariot was not assigned to any set. Adding it to UNKNOWN set... to fix see res/editions/ folder. 
The card A-Faceless Haven was not assigned to any set. Adding it to UNKNOWN set... to fix see res/editions/ folder. 
The card A-Fires of Invention was not assigned to any set. Adding it to UNKNOWN set... to fix see res/editions/ folder. 
The card A-Goldspan Dragon was not assigned to any set. Adding it to UNKNOWN set... to fix see res/editions/ folder. 
The card A-Hullbreaker Horror was not assigned to any set. Adding it to UNKNOWN set... to fix see res/editions/ folder. 
The card A-Kumano Faces Kakkazan was not assigned to any set. Adding it to UNKNOWN set... to fix see res/editions/ folder. 
The card A-Luminarch Aspirant was not assigned to any set. Adding it to UNKNOWN set... to fix see res/editions/ folder. 
The card A-Monster Manual was not assigned to any set. Adding it to UNKNOWN set... to fix see res/editions/ folder. 
The card A-Omnath, Locus of Creation was not assigned to any set. Adding it to UNKNOWN set... to fix see res/editions/ folder. 
The card A-The Meathook Massacre was not assigned to any set. Adding it to UNKNOWN set... to fix see res/editions/ folder. 
The card A-Unholy Heat was not assigned to any set. Adding it to UNKNOWN set... to fix see res/editions/ folder. 
The card Blinding Radiance was not assigned to any set. Adding it to UNKNOWN set... to fix see res/editions/ folder. 
The card Goblin Bruiser was not assigned to any set. Adding it to UNKNOWN set... to fix see res/editions/ folder. 
The card Ogre Painbringer was not assigned to any set. Adding it to UNKNOWN set... to fix see res/editions/ folder. 
The card Titanic Pelagosaur was not assigned to any set. Adding it to UNKNOWN set... to fix see res/editions/ folder. 
The card Treetop Recluse was not assigned to any set. Adding it to UNKNOWN set... to fix see res/editions/ folder. 
Upcoming set Star Trek (TRK) dated in the future. All `upcoming` cards will be added to this set with unknown rarity.
Read cards: 821 files in 0 ms (8 parts) using thread pool
Simulation mode
Ai(1)-N3cro Raggadragga vs Ai(2)-Kilo Helm Final vs Ai(3)-Dnide Wildsear vs Ai(4)-NanMan Felix Five-Boots - four games of Commander
Warning: default (ie. inherited from base class) implementation of confirmAction is used by Wildsear, Scouring Maw for forge.ai.ability.PermanentCreatureAi. Consider declaring an overloaded method
Warning: default (ie. inherited from base class) implementation of confirmAction is used by Raggadragga, Goreguts Boss for forge.ai.ability.PermanentCreatureAi. Consider declaring an overloaded method
Mulligan: Ai(2)-Kilo Helm Final has kept a hand of 7 cards
Mulligan: Ai(3)-Dnide Wildsear has kept a hand of 7 cards
Mulligan: Ai(4)-NanMan Felix Five-Boots has kept a hand of 7 cards
Mulligan: Ai(1)-N3cro Raggadragga has kept a hand of 7 cards
Turn: Turn 1 (Ai(2)-Kilo Helm Final)
Phase: Ai(2)-Kilo Helm Final's Untap step
Phase: Ai(2)-Kilo Helm Final's Upkeep step
Phase: Ai(2)-Kilo Helm Final's Draw step
Phase: Ai(2)-Kilo Helm Final's Main phase, precombat
Land: Ai(2)-Kilo Helm Final played Seat of the Synod (186)
Phase: Ai(2)-Kilo Helm Final's Beginning of Combat Step
Phase: Ai(2)-Kilo Helm Final's Declare Attackers Step
Phase: Ai(2)-Kilo Helm Final's Declare Blockers Step
Phase: Ai(2)-Kilo Helm Final's First Strike Damage Step
Phase: Ai(2)-Kilo Helm Final's Combat Damage Step
Phase: Ai(2)-Kilo Helm Final's End of Combat Step
Phase: Ai(2)-Kilo Helm Final's Main phase, postcombat
Phase: Ai(2)-Kilo Helm Final's End step
Phase: Ai(2)-Kilo Helm Final's Cleanup step
Turn: Turn 2 (Ai(3)-Dnide Wildsear)
Phase: Ai(3)-Dnide Wildsear's Untap step
Phase: Ai(3)-Dnide Wildsear's Upkeep step
Phase: Ai(3)-Dnide Wildsear's Draw step
Phase: Ai(3)-Dnide Wildsear's Main phase, precombat
Land: Ai(3)-Dnide Wildsear played Forest (258)
Phase: Ai(3)-Dnide Wildsear's Beginning of Combat Step
Phase: Ai(3)-Dnide Wildsear's Declare Attackers Step
Phase: Ai(3)-Dnide Wildsear's Declare Blockers Step
Phase: Ai(3)-Dnide Wildsear's First Strike Damage Step
Phase: Ai(3)-Dnide Wildsear's Combat Damage Step
Phase: Ai(3)-Dnide Wildsear's End of Combat Step
Phase: Ai(3)-Dnide Wildsear's Main phase, postcombat
Phase: Ai(3)-Dnide Wildsear's End step
Phase: Ai(3)-Dnide Wildsear's Cleanup step
Turn: Turn 3 (Ai(4)-NanMan Felix Five-Boots)
Phase: Ai(4)-NanMan Felix Five-Boots' Untap step
Phase: Ai(4)-NanMan Felix Five-Boots' Upkeep step
Phase: Ai(4)-NanMan Felix Five-Boots' Draw step
Phase: Ai(4)-NanMan Felix Five-Boots' Main phase, precombat
Land: Ai(4)-NanMan Felix Five-Boots played Island (362)
Phase: Ai(4)-NanMan Felix Five-Boots' Beginning of Combat Step
Phase: Ai(4)-NanMan Felix Five-Boots' Declare Attackers Step
Phase: Ai(4)-NanMan Felix Five-Boots' Declare Blockers Step
Phase: Ai(4)-NanMan Felix Five-Boots' First Strike Damage Step
Phase: Ai(4)-NanMan Felix Five-Boots' Combat Damage Step
Phase: Ai(4)-NanMan Felix Five-Boots' End of Combat Step
Phase: Ai(4)-NanMan Felix Five-Boots' Main phase, postcombat
Mana: Island (362) - {T}: Add {U}.
Add To Stack: Ai(4)-NanMan Felix Five-Boots cast Basilisk Collar
Resolve Stack: Basilisk Collar
Phase: Ai(4)-NanMan Felix Five-Boots' End step
Phase: Ai(4)-NanMan Felix Five-Boots' Cleanup step
Turn: Turn 4 (Ai(1)-N3cro Raggadragga)
Phase: Ai(1)-N3cro Raggadragga's Untap step
Phase: Ai(1)-N3cro Raggadragga's Upkeep step
Phase: Ai(1)-N3cro Raggadragga's Draw step
Phase: Ai(1)-N3cro Raggadragga's Main phase, precombat
Land: Ai(1)-N3cro Raggadragga played Command Tower (16)
Phase: Ai(1)-N3cro Raggadragga's Beginning of Combat Step
Phase: Ai(1)-N3cro Raggadragga's Declare Attackers Step
Phase: Ai(1)-N3cro Raggadragga's Declare Blockers Step
Phase: Ai(1)-N3cro Raggadragga's First Strike Damage Step
Phase: Ai(1)-N3cro Raggadragga's Combat Damage Step
Phase: Ai(1)-N3cro Raggadragga's End of Combat Step
Phase: Ai(1)-N3cro Raggadragga's Main phase, postcombat
Mana: Command Tower (16) - {T}: Add one mana of any color in your commander's color identity.
Add To Stack: Ai(1)-N3cro Raggadragga cast Llanowar Elves
Resolve Stack: Llanowar Elves - Creature 1 / 1
Phase: Ai(1)-N3cro Raggadragga's End step
Phase: Ai(1)-N3cro Raggadragga's Cleanup step
Turn: Turn 5 (Ai(2)-Kilo Helm Final)
Phase: Ai(2)-Kilo Helm Final's Untap step
Phase: Ai(2)-Kilo Helm Final's Upkeep step
Phase: Ai(2)-Kilo Helm Final's Draw step
Phase: Ai(2)-Kilo Helm Final's Main phase, precombat
Land: Ai(2)-Kilo Helm Final played Mountain (189)
Phase: Ai(2)-Kilo Helm Final's Beginning of Combat Step
Phase: Ai(2)-Kilo Helm Final's Declare Attackers Step
Phase: Ai(2)-Kilo Helm Final's Declare Blockers Step
Phase: Ai(2)-Kilo Helm Final's First Strike Damage Step
Phase: Ai(2)-Kilo Helm Final's Combat Damage Step
Phase: Ai(2)-Kilo Helm Final's End of Combat Step
Phase: Ai(2)-Kilo Helm Final's Main phase, postcombat
Phase: Ai(2)-Kilo Helm Final's End step
Phase: Ai(2)-Kilo Helm Final's Cleanup step
Turn: Turn 6 (Ai(3)-Dnide Wildsear)
Phase: Ai(3)-Dnide Wildsear's Untap step
Phase: Ai(3)-Dnide Wildsear's Upkeep step
Phase: Ai(3)-Dnide Wildsear's Draw step
Phase: Ai(3)-Dnide Wildsear's Main phase, precombat
Land: Ai(3)-Dnide Wildsear played Mountain (286)
Phase: Ai(3)-Dnide Wildsear's Beginning of Combat Step
Phase: Ai(3)-Dnide Wildsear's Declare Attackers Step
Phase: Ai(3)-Dnide Wildsear's Declare Blockers Step
Phase: Ai(3)-Dnide Wildsear's First Strike Damage Step
Phase: Ai(3)-Dnide Wildsear's Combat Damage Step
Phase: Ai(3)-Dnide Wildsear's End of Combat Step
Phase: Ai(3)-Dnide Wildsear's Main phase, postcombat
Mana: Mountain (286) - {T}: Add {R}.
Mana: Forest (258) - {T}: Add {G}.
Add To Stack: Ai(3)-Dnide Wildsear cast Goblin Anarchomancer
Resolve Stack: Goblin Anarchomancer - Creature 2 / 2
Phase: Ai(3)-Dnide Wildsear's End step
Phase: Ai(3)-Dnide Wildsear's Cleanup step
Turn: Turn 7 (Ai(4)-NanMan Felix Five-Boots)
Phase: Ai(4)-NanMan Felix Five-Boots' Untap step
Phase: Ai(4)-NanMan Felix Five-Boots' Upkeep step
Phase: Ai(4)-NanMan Felix Five-Boots' Draw step
Phase: Ai(4)-NanMan Felix Five-Boots' Main phase, precombat
Land: Ai(4)-NanMan Felix Five-Boots played Viridescent Bog (330)
Phase: Ai(4)-NanMan Felix Five-Boots' Beginning of Combat Step
Phase: Ai(4)-NanMan Felix Five-Boots' Declare Attackers Step
Phase: Ai(4)-NanMan Felix Five-Boots' Declare Blockers Step
Phase: Ai(4)-NanMan Felix Five-Boots' First Strike Damage Step
Phase: Ai(4)-NanMan Felix Five-Boots' Combat Damage Step
Phase: Ai(4)-NanMan Felix Five-Boots' End of Combat Step
Phase: Ai(4)-NanMan Felix Five-Boots' Main phase, postcombat
Phase: Ai(4)-NanMan Felix Five-Boots' End step
Phase: Ai(4)-NanMan Felix Five-Boots' Cleanup step
Turn: Turn 8 (Ai(1)-N3cro Raggadragga)
Phase: Ai(1)-N3cro Raggadragga's Untap step
Phase: Ai(1)-N3cro Raggadragga's Upkeep step
Phase: Ai(1)-N3cro Raggadragga's Draw step
Phase: Ai(1)-N3cro Raggadragga's Main phase, precombat
Replacement Effect: This land enters tapped.
Land: Ai(1)-N3cro Raggadragga played Raging Ravine (48)
Phase: Ai(1)-N3cro Raggadragga's Beginning of Combat Step
Phase: Ai(1)-N3cro Raggadragga's Declare Attackers Step
Phase: Ai(1)-N3cro Raggadragga's Declare Blockers Step
Phase: Ai(1)-N3cro Raggadragga's First Strike Damage Step
Phase: Ai(1)-N3cro Raggadragga's Combat Damage Step
Phase: Ai(1)-N3cro Raggadragga's End of Combat Step
Phase: Ai(1)-N3cro Raggadragga's Main phase, postcombat
Mana: Command Tower (16) - {T}: Add one mana of any color in your commander's color identity.
Mana: Llanowar Elves (70) - {T}: Add {G}.
Add To Stack: Ai(1)-N3cro Raggadragga cast Poison Dart Frog
Resolve Stack: Poison Dart Frog - Creature 1 / 1
Phase: Ai(1)-N3cro Raggadragga's End step
Phase: Ai(1)-N3cro Raggadragga's Cleanup step
Turn: Turn 9 (Ai(2)-Kilo Helm Final)
Phase: Ai(2)-Kilo Helm Final's Untap step
Phase: Ai(2)-Kilo Helm Final's Upkeep step
Phase: Ai(2)-Kilo Helm Final's Draw step
Phase: Ai(2)-Kilo Helm Final's Main phase, precombat
Replacement Effect: Glacial Fortress enters tapped unless you control a Plains or an Island.
Land: Ai(2)-Kilo Helm Final played Glacial Fortress (179)
Phase: Ai(2)-Kilo Helm Final's Beginning of Combat Step
Phase: Ai(2)-Kilo Helm Final's Declare Attackers Step
Phase: Ai(2)-Kilo Helm Final's Declare Blockers Step
Phase: Ai(2)-Kilo Helm Final's First Strike Damage Step
Phase: Ai(2)-Kilo Helm Final's Combat Damage Step
Phase: Ai(2)-Kilo Helm Final's End of Combat Step
Phase: Ai(2)-Kilo Helm Final's Main phase, postcombat
Phase: Ai(2)-Kilo Helm Final's End step
Phase: Ai(2)-Kilo Helm Final's Cleanup step
Turn: Turn 10 (Ai(3)-Dnide Wildsear)
Phase: Ai(3)-Dnide Wildsear's Untap step
Phase: Ai(3)-Dnide Wildsear's Upkeep step
Phase: Ai(3)-Dnide Wildsear's Draw step
Phase: Ai(3)-Dnide Wildsear's Main phase, precombat
Land: Ai(3)-Dnide Wildsear played Forest (259)
Mana: Mountain (286) - {T}: Add {R}.
Mana: Forest (258) - {T}: Add {G}.
Mana: Forest (259) - {T}: Add {G}.
Add To Stack: Ai(3)-Dnide Wildsear cast Purphoros, God of the Forge
Mana: Seat of the Synod (186) - {T}: Add {U}.
Add To Stack: Ai(2)-Kilo Helm Final cast Swan Song targeting [Purphoros, God of the Forge - Creature 6 / 5]
Zone Change: Send countered spell to Graveyard
Resolve Stack: Swan Song (145) - Counter Purphoros, God of the Forge (206). 
Phase: Ai(3)-Dnide Wildsear's Beginning of Combat Step
Phase: Ai(3)-Dnide Wildsear's Declare Attackers Step
Combat: Ai(3)-Dnide Wildsear assigned Goblin Anarchomancer (232) to attack Ai(1)-N3cro Raggadragga.
Phase: Ai(3)-Dnide Wildsear's Declare Blockers Step
Combat: Ai(1)-N3cro Raggadragga didn't block Goblin Anarchomancer (232).
Phase: Ai(3)-Dnide Wildsear's First Strike Damage Step
Phase: Ai(3)-Dnide Wildsear's Combat Damage Step
Damage: Goblin Anarchomancer (232) deals 2 combat damage to Ai(1)-N3cro Raggadragga.
Life: Life: Ai(1)-N3cro Raggadragga 40 > 38
Phase: Ai(3)-Dnide Wildsear's End of Combat Step
Phase: Ai(3)-Dnide Wildsear's Main phase, postcombat
Phase: Ai(3)-Dnide Wildsear's End step
Phase: Ai(3)-Dnide Wildsear's Cleanup step
Turn: Turn 11 (Ai(4)-NanMan Felix Five-Boots)
Phase: Ai(4)-NanMan Felix Five-Boots' Untap step
Phase: Ai(4)-NanMan Felix Five-Boots' Upkeep step
Phase: Ai(4)-NanMan Felix Five-Boots' Draw step
Phase: Ai(4)-NanMan Felix Five-Boots' Main phase, precombat
Replacement Effect: Sunken Hollow enters tapped unless you control two or more basic lands.
Land: Ai(4)-NanMan Felix Five-Boots played Sunken Hollow (333)
Phase: Ai(4)-NanMan Felix Five-Boots' Beginning of Combat Step
Phase: Ai(4)-NanMan Felix Five-Boots' Declare Attackers Step
Phase: Ai(4)-NanMan Felix Five-Boots' Declare Blockers Step
Phase: Ai(4)-NanMan Felix Five-Boots' First Strike Damage Step
Phase: Ai(4)-NanMan Felix Five-Boots' Combat Damage Step
Phase: Ai(4)-NanMan Felix Five-Boots' End of Combat Step
Phase: Ai(4)-NanMan Felix Five-Boots' Main phase, postcombat
Phase: Ai(4)-NanMan Felix Five-Boots' End step
Phase: Ai(4)-NanMan Felix Five-Boots' Cleanup step
Turn: Turn 12 (Ai(1)-N3cro Raggadragga)
Phase: Ai(1)-N3cro Raggadragga's Untap step
Phase: Ai(1)-N3cro Raggadragga's Upkeep step
Phase: Ai(1)-N3cro Raggadragga's Draw step
Phase: Ai(1)-N3cro Raggadragga's Main phase, precombat
Mana: Command Tower (16) - {T}: Add one mana of any color in your commander's color identity.
Mana: Raging Ravine (48) - {T}: Add {R} or {G}.
Mana: Llanowar Elves (70) - {T}: Add {G}.
Mana: Poison Dart Frog (19) - {T}: Add one mana of any color.
Add To Stack: Ai(1)-N3cro Raggadragga cast Raggadragga, Goreguts Boss
Resolve Stack: Raggadragga, Goreguts Boss - Creature 4 / 4
Phase: Ai(1)-N3cro Raggadragga's Beginning of Combat Step
Phase: Ai(1)-N3cro Raggadragga's Declare Attackers Step
Phase: Ai(1)-N3cro Raggadragga's Declare Blockers Step
Phase: Ai(1)-N3cro Raggadragga's First Strike Damage Step
Phase: Ai(1)-N3cro Raggadragga's Combat Damage Step
Phase: Ai(1)-N3cro Raggadragga's End of Combat Step
Phase: Ai(1)-N3cro Raggadragga's Main phase, postcombat
Phase: Ai(1)-N3cro Raggadragga's End step
Phase: Ai(1)-N3cro Raggadragga's Cleanup step
Turn: Turn 13 (Ai(2)-Kilo Helm Final)
Phase: Ai(2)-Kilo Helm Final's Untap step
Phase: Ai(2)-Kilo Helm Final's Upkeep step
Phase: Ai(2)-Kilo Helm Final's Draw step
Phase: Ai(2)-Kilo Helm Final's Main phase, precombat
Land: Ai(2)-Kilo Helm Final played Shivan Reef (135)
Mana: Mountain (189) - {T}: Add {R}.
Mana: Seat of the Synod (186) - {T}: Add {U}.
Mana: Glacial Fortress (179) - {T}: Add {W} or {U}.
Mana: Shivan Reef (135) - {T}: Add {C}.
Add To Stack: Ai(2)-Kilo Helm Final cast Everflowing Chalice
Replacement Effect: Everflowing Chalice enters with a charge counter on it for each time it was kicked.
Resolve Stack: Everflowing Chalice
Phase: Ai(2)-Kilo Helm Final's Beginning of Combat Step
Phase: Ai(2)-Kilo Helm Final's Declare Attackers Step
Phase: Ai(2)-Kilo Helm Final's Declare Blockers Step
Phase: Ai(2)-Kilo Helm Final's First Strike Damage Step
Phase: Ai(2)-Kilo Helm Final's Combat Damage Step
Phase: Ai(2)-Kilo Helm Final's End of Combat Step
Phase: Ai(2)-Kilo Helm Final's Main phase, postcombat
Phase: Ai(2)-Kilo Helm Final's End step
Phase: Ai(2)-Kilo Helm Final's Cleanup step
Turn: Turn 14 (Ai(3)-Dnide Wildsear)
Phase: Ai(3)-Dnide Wildsear's Untap step
Phase: Ai(3)-Dnide Wildsear's Upkeep step
Phase: Ai(3)-Dnide Wildsear's Draw step
Phase: Ai(3)-Dnide Wildsear's Main phase, precombat
Land: Ai(3)-Dnide Wildsear played Forest (262)
Phase: Ai(3)-Dnide Wildsear's Beginning of Combat Step
Phase: Ai(3)-Dnide Wildsear's Declare Attackers Step
Combat: Ai(3)-Dnide Wildsear assigned Bird Token (534) to attack Ai(1)-N3cro Raggadragga.
Phase: Ai(3)-Dnide Wildsear's Declare Blockers Step
Combat: Ai(1)-N3cro Raggadragga didn't block Bird Token (534).
Phase: Ai(3)-Dnide Wildsear's First Strike Damage Step
Phase: Ai(3)-Dnide Wildsear's Combat Damage Step
Damage: Bird Token (534) deals 2 combat damage to Ai(1)-N3cro Raggadragga.
Life: Life: Ai(1)-N3cro Raggadragga 38 > 36
Phase: Ai(3)-Dnide Wildsear's End of Combat Step
Phase: Ai(3)-Dnide Wildsear's Main phase, postcombat
Mana: Mountain (286) - {T}: Add {R}.
Mana: Forest (258) - {T}: Add {G}.
Mana: Forest (259) - {T}: Add {G}.
Mana: Forest (262) - {T}: Add {G}.
Add To Stack: Ai(3)-Dnide Wildsear cast Wildsear, Scouring Maw
Resolve Stack: Wildsear, Scouring Maw - Creature 6 / 6
Mana: Island (362) - {T}: Add {U}.
Add To Stack: Ai(4)-NanMan Felix Five-Boots cast Rapid Hybridization targeting [Wildsear, Scouring Maw (302)]
Zone Change: Wildsear, Scouring Maw (302) was put into Graveyard from Battlefield.
Resolve Stack: Rapid Hybridization (352) - Destroy Wildsear, Scouring Maw (302). It can't be regenerated. 
Phase: Ai(3)-Dnide Wildsear's End step
Phase: Ai(3)-Dnide Wildsear's Cleanup step
Turn: Turn 15 (Ai(4)-NanMan Felix Five-Boots)
Phase: Ai(4)-NanMan Felix Five-Boots' Untap step
Phase: Ai(4)-NanMan Felix Five-Boots' Upkeep step
Phase: Ai(4)-NanMan Felix Five-Boots' Draw step
Phase: Ai(4)-NanMan Felix Five-Boots' Main phase, precombat
Land: Ai(4)-NanMan Felix Five-Boots played Forest (360)
Phase: Ai(4)-NanMan Felix Five-Boots' Beginning of Combat Step
Phase: Ai(4)-NanMan Felix Five-Boots' Declare Attackers Step
Phase: Ai(4)-NanMan Felix Five-Boots' Declare Blockers Step
Phase: Ai(4)-NanMan Felix Five-Boots' First Strike Damage Step
Phase: Ai(4)-NanMan Felix Five-Boots' Combat Damage Step
Phase: Ai(4)-NanMan Felix Five-Boots' End of Combat Step
Phase: Ai(4)-NanMan Felix Five-Boots' Main phase, postcombat
Mana: Forest (360) - {T}: Add {G}.
Mana: Island (362) - {T}: Add {U}.
Add To Stack: Ai(4)-NanMan Felix Five-Boots cast Thought Vessel
Resolve Stack: Thought Vessel
Mana: Sunken Hollow (333) - {T}: Add {U}.
Mana: Thought Vessel (349) - {T}: Add {C}.
Add To Stack: Ai(4)-NanMan Felix Five-Boots cast Winged Boots
Resolve Stack: Winged Boots
Phase: Ai(4)-NanMan Felix Five-Boots' End step
Phase: Ai(4)-NanMan Felix Five-Boots' Cleanup step
Turn: Turn 16 (Ai(1)-N3cro Raggadragga)
Phase: Ai(1)-N3cro Raggadragga's Untap step
Phase: Ai(1)-N3cro Raggadragga's Upkeep step
Phase: Ai(1)-N3cro Raggadragga's Draw step
Phase: Ai(1)-N3cro Raggadragga's Main phase, precombat
Mana: Command Tower (16) - {T}: Add one mana of any color in your commander's color identity.
Mana: Raging Ravine (48) - {T}: Add {R} or {G}.
Mana: Llanowar Elves (70) - {T}: Add {G}.
Mana: Poison Dart Frog (19) - {T}: Add one mana of any color.
Add To Stack: Ai(1)-N3cro Raggadragga cast Leafkin Avenger
Resolve Stack: Leafkin Avenger - Creature 4 / 3
Phase: Ai(1)-N3cro Raggadragga's Beginning of Combat Step
Phase: Ai(1)-N3cro Raggadragga's Declare Attackers Step
Combat: Ai(1)-N3cro Raggadragga assigned Raggadragga, Goreguts Boss (100) to attack Ai(3)-Dnide Wildsear.
Phase: Ai(1)-N3cro Raggadragga's Declare Blockers Step
Combat: Ai(3)-Dnide Wildsear assigned Frog Lizard Token (623) and Goblin Anarchomancer (232) to block Raggadragga, Goreguts Boss (100).
Phase: Ai(1)-N3cro Raggadragga's First Strike Damage Step
Phase: Ai(1)-N3cro Raggadragga's Combat Damage Step
Damage: Raggadragga, Goreguts Boss (100) deals 2 damage to Goblin Anarchomancer (232).
Damage: Raggadragga, Goreguts Boss (100) deals 2 damage to Frog Lizard Token (623).
Damage: Frog Lizard Token (623) deals 3 damage to Raggadragga, Goreguts Boss (100).
Damage: Goblin Anarchomancer (232) deals 2 damage to Raggadragga, Goreguts Boss (100).
Zone Change: Raggadragga, Goreguts Boss (100) was put into Graveyard from Battlefield.
Zone Change: Goblin Anarchomancer (232) was put into Graveyard from Battlefield.
Phase: Ai(1)-N3cro Raggadragga's End of Combat Step
Phase: Ai(1)-N3cro Raggadragga's Main phase, postcombat
Phase: Ai(1)-N3cro Raggadragga's End step
Phase: Ai(1)-N3cro Raggadragga's Cleanup step
Turn: Turn 17 (Ai(2)-Kilo Helm Final)
Phase: Ai(2)-Kilo Helm Final's Untap step
Phase: Ai(2)-Kilo Helm Final's Upkeep step
Phase: Ai(2)-Kilo Helm Final's Draw step
Phase: Ai(2)-Kilo Helm Final's Main phase, precombat
Replacement Effect: Silverbluff Bridge enters tapped.
Land: Ai(2)-Kilo Helm Final played Silverbluff Bridge (126)
Mana: Glacial Fortress (179) - {T}: Add {W} or {U}.
Mana: Mountain (189) - {T}: Add {R}.
Mana: Seat of the Synod (186) - {T}: Add {U}.
Add To Stack: Ai(2)-Kilo Helm Final cast Kilo, Apogee Mind
Resolve Stack: Kilo, Apogee Mind - Creature 3 / 3
Phase: Ai(2)-Kilo Helm Final's Beginning of Combat Step
Phase: Ai(2)-Kilo Helm Final's Declare Attackers Step
Phase: Ai(2)-Kilo Helm Final's Declare Blockers Step
Phase: Ai(2)-Kilo Helm Final's First Strike Damage Step
Phase: Ai(2)-Kilo Helm Final's Combat Damage Step
Phase: Ai(2)-Kilo Helm Final's End of Combat Step
Phase: Ai(2)-Kilo Helm Final's Main phase, postcombat
Phase: Ai(2)-Kilo Helm Final's End step
Phase: Ai(2)-Kilo Helm Final's Cleanup step
Turn: Turn 18 (Ai(3)-Dnide Wildsear)
Phase: Ai(3)-Dnide Wildsear's Untap step
Phase: Ai(3)-Dnide Wildsear's Upkeep step
Phase: Ai(3)-Dnide Wildsear's Draw step
Phase: Ai(3)-Dnide Wildsear's Main phase, precombat
Land: Ai(3)-Dnide Wildsear played Forest (261)
Phase: Ai(3)-Dnide Wildsear's Beginning of Combat Step
Phase: Ai(3)-Dnide Wildsear's Declare Attackers Step
Combat: Ai(3)-Dnide Wildsear assigned Bird Token (534) to attack Ai(1)-N3cro Raggadragga.
Phase: Ai(3)-Dnide Wildsear's Declare Blockers Step
Combat: Ai(1)-N3cro Raggadragga didn't block Bird Token (534).
Phase: Ai(3)-Dnide Wildsear's First Strike Damage Step
Phase: Ai(3)-Dnide Wildsear's Combat Damage Step
Damage: Bird Token (534) deals 2 combat damage to Ai(1)-N3cro Raggadragga.
Life: Life: Ai(1)-N3cro Raggadragga 36 > 34
Phase: Ai(3)-Dnide Wildsear's End of Combat Step
Phase: Ai(3)-Dnide Wildsear's Main phase, postcombat
Mana: Forest (258) - {T}: Add {G}.
Mana: Forest (259) - {T}: Add {G}.
Mana: Forest (262) - {T}: Add {G}.
Add To Stack: Ai(3)-Dnide Wildsear cast Cultivate
Add To Stack: Ai(2)-Kilo Helm Final cast Fierce Guardianship targeting [Search your library for up to two basic land cards, reveal those cards, put one onto the battlefield tapped and the other into your hand, then shuffle.   ]
Zone Change: Send countered spell to Graveyard
Resolve Stack: Fierce Guardianship (118) - Counter Cultivate (227).
Mana: Forest (261) - {T}: Add {G}.
Mana: Mountain (286) - {T}: Add {R}.
Add To Stack: Ai(3)-Dnide Wildsear cast Sanctum Weaver
Resolve Stack: Sanctum Weaver - Creature 0 / 2
Phase: Ai(3)-Dnide Wildsear's End step
Phase: Ai(3)-Dnide Wildsear's Cleanup step
Turn: Turn 19 (Ai(4)-NanMan Felix Five-Boots)
Phase: Ai(4)-NanMan Felix Five-Boots' Untap step
Phase: Ai(4)-NanMan Felix Five-Boots' Upkeep step
Phase: Ai(4)-NanMan Felix Five-Boots' Draw step
Phase: Ai(4)-NanMan Felix Five-Boots' Main phase, precombat
Phase: Ai(4)-NanMan Felix Five-Boots' Beginning of Combat Step
Phase: Ai(4)-NanMan Felix Five-Boots' Declare Attackers Step
Phase: Ai(4)-NanMan Felix Five-Boots' Declare Blockers Step
Phase: Ai(4)-NanMan Felix Five-Boots' First Strike Damage Step
Phase: Ai(4)-NanMan Felix Five-Boots' Combat Damage Step
Phase: Ai(4)-NanMan Felix Five-Boots' End of Combat Step
Phase: Ai(4)-NanMan Felix Five-Boots' Main phase, postcombat
Replacement Effect: Temple of Deceit enters tapped.
Land: Ai(4)-NanMan Felix Five-Boots played Temple of Deceit (319)
Add To Stack: Ai(4)-NanMan Felix Five-Boots triggered Temple of Deceit
Resolve Stack: Ai(4)-NanMan Felix Five-Boots scried 1 card(s) to the top of the library
Resolve Stack: When Temple of Deceit enters, scry 1. [Zone Changer: Temple of Deceit (319)]
Mana: Thought Vessel (349) - {T}: Add {C}.
Mana: Island (362) - {T}: Add {U}.
Mana: Forest (360) - {T}: Add {G}.
Mana: Sunken Hollow (333) - {T}: Add {B}.
Add To Stack: Ai(4)-NanMan Felix Five-Boots cast Solemn Simulacrum
Resolve Stack: Solemn Simulacrum - Creature 2 / 2
Add To Stack: Ai(4)-NanMan Felix Five-Boots triggered Solemn Simulacrum
Resolve Stack: When Solemn Simulacrum enters, you may search your library for a basic land card, put that card onto the battlefield tapped, then shuffle. [Zone Changer: Solemn Simulacrum (344)]
Phase: Ai(4)-NanMan Felix Five-Boots' End step
Phase: Ai(4)-NanMan Felix Five-Boots' Cleanup step
Turn: Turn 20 (Ai(1)-N3cro Raggadragga)
Phase: Ai(1)-N3cro Raggadragga's Untap step
Phase: Ai(1)-N3cro Raggadragga's Upkeep step
Phase: Ai(1)-N3cro Raggadragga's Draw step
Phase: Ai(1)-N3cro Raggadragga's Main phase, precombat
Mana: Command Tower (16) - {T}: Add one mana of any color in your commander's color identity.
Mana: Raging Ravine (48) - {T}: Add {R} or {G}.
Mana: Llanowar Elves (70) - {T}: Add {G}.
Add To Stack: Ai(1)-N3cro Raggadragga cast Umbral Mantle
Resolve Stack: Umbral Mantle
Add To Stack: Ai(1)-N3cro Raggadragga activated Umbral Mantle targeting [Llanowar Elves (70)]
Resolve Stack: Umbral Mantle (55) -  Attach to Llanowar Elves (70)
Phase: Ai(1)-N3cro Raggadragga's Beginning of Combat Step
Phase: Ai(1)-N3cro Raggadragga's Declare Attackers Step
Phase: Ai(1)-N3cro Raggadragga's Declare Blockers Step
Phase: Ai(1)-N3cro Raggadragga's First Strike Damage Step
Phase: Ai(1)-N3cro Raggadragga's Combat Damage Step
Phase: Ai(1)-N3cro Raggadragga's End of Combat Step
Phase: Ai(1)-N3cro Raggadragga's Main phase, postcombat
Mana: Poison Dart Frog (19) - {T}: Add one mana of any color.
Mana: Leafkin Avenger (90) - {T}: Add {G} for each creature you control with power 4 or greater.
Add To Stack: Ai(1)-N3cro Raggadragga cast Armored Scrapgorger
Resolve Stack: Armored Scrapgorger - Creature 0 / 3
Phase: Ai(1)-N3cro Raggadragga's End step
Phase: Ai(1)-N3cro Raggadragga's Cleanup step
Turn: Turn 21 (Ai(2)-Kilo Helm Final)
Phase: Ai(2)-Kilo Helm Final's Untap step
Phase: Ai(2)-Kilo Helm Final's Upkeep step
Phase: Ai(2)-Kilo Helm Final's Draw step
Phase: Ai(2)-Kilo Helm Final's Main phase, precombat
Mana: Glacial Fortress (179) - {T}: Add {W} or {U}.
Mana: Mountain (189) - {T}: Add {R}.
Mana: Seat of the Synod (186) - {T}: Add {U}.
Mana: Silverbluff Bridge (126) - {T}: Add {U} or {R}.
Mana: Everflowing Chalice (131) - {T}: Add {C} for each charge counter on Everflowing Chalice.
Add To Stack: Ai(2)-Kilo Helm Final cast Alibou, Ancient Witness
Resolve Stack: Alibou, Ancient Witness - Creature 4 / 5
Phase: Ai(2)-Kilo Helm Final's Beginning of Combat Step
Phase: Ai(2)-Kilo Helm Final's Declare Attackers Step
Combat: Ai(2)-Kilo Helm Final assigned Kilo, Apogee Mind (201) to attack Ai(1)-N3cro Raggadragga.
Add To Stack: Ai(2)-Kilo Helm Final triggered Kilo, Apogee Mind
Add To Stack: Ai(2)-Kilo Helm Final triggered Alibou, Ancient Witness targeting [Leafkin Avenger (90)]
Damage: Alibou, Ancient Witness (172) deals 4 damage to Leafkin Avenger (90).
Resolve Stack: Ai(2)-Kilo Helm Final scried 4 card(s) to the top of the library
Resolve Stack: Whenever one or more artifact creatures you control attack, Alibou, Ancient Witness deals X damage to any target and you scry X, where X is the number of tapped artifacts you control. (Targeting: [[Leafkin Avenger (90)]]) [Number Attackers: [Kilo, Apogee Mind (201)]]
Zone Change: Leafkin Avenger (90) was put into Graveyard from Battlefield.
Resolve Stack: Whenever Kilo becomes tapped, proliferate. (Choose any number of permanents and/or players, then give each another counter of each kind already there.) [Tapped: Kilo, Apogee Mind (201)]
Phase: Ai(2)-Kilo Helm Final's Declare Blockers Step
Combat: Ai(1)-N3cro Raggadragga didn't block Kilo, Apogee Mind (201).
Phase: Ai(2)-Kilo Helm Final's First Strike Damage Step
Phase: Ai(2)-Kilo Helm Final's Combat Damage Step
Damage: Kilo, Apogee Mind (201) deals 3 combat damage to Ai(1)-N3cro Raggadragga.
Life: Life: Ai(1)-N3cro Raggadragga 34 > 31
Phase: Ai(2)-Kilo Helm Final's End of Combat Step
Phase: Ai(2)-Kilo Helm Final's Main phase, postcombat
Phase: Ai(2)-Kilo Helm Final's End step
Phase: Ai(2)-Kilo Helm Final's Cleanup step
Turn: Turn 22 (Ai(3)-Dnide Wildsear)
Phase: Ai(3)-Dnide Wildsear's Untap step
Phase: Ai(3)-Dnide Wildsear's Upkeep step
Phase: Ai(3)-Dnide Wildsear's Draw step
Phase: Ai(3)-Dnide Wildsear's Main phase, precombat
Phase: Ai(3)-Dnide Wildsear's Beginning of Combat Step
Phase: Ai(3)-Dnide Wildsear's Declare Attackers Step
Combat: Ai(3)-Dnide Wildsear assigned Frog Lizard Token (623) and Bird Token (534) to attack Ai(1)-N3cro Raggadragga.
Phase: Ai(3)-Dnide Wildsear's Declare Blockers Step
Combat: Ai(1)-N3cro Raggadragga didn't block Frog Lizard Token (623).
Ai(1)-N3cro Raggadragga didn't block Bird Token (534).
Phase: Ai(3)-Dnide Wildsear's First Strike Damage Step
Phase: Ai(3)-Dnide Wildsear's Combat Damage Step
Damage: Frog Lizard Token (623) deals 3 combat damage to Ai(1)-N3cro Raggadragga.
Damage: Bird Token (534) deals 2 combat damage to Ai(1)-N3cro Raggadragga.
Life: Life: Ai(1)-N3cro Raggadragga 31 > 26
Phase: Ai(3)-Dnide Wildsear's End of Combat Step
Phase: Ai(3)-Dnide Wildsear's Main phase, postcombat
Mana: Forest (258) - {T}: Add {G}.
Mana: Forest (259) - {T}: Add {G}.
Mana: Forest (262) - {T}: Add {G}.
Mana: Forest (261) - {T}: Add {G}.
Mana: Mountain (286) - {T}: Add {R}.
Mana: Sanctum Weaver (264) - {T}: Add X mana of any one color, where X is the number of enchantments you control.
Add To Stack: Ai(3)-Dnide Wildsear cast Rishkar's Expertise
Add To Stack: Ai(3)-Dnide Wildsear cast Gratuitous Violence
Resolve Stack: Rishkar's Expertise (225) - Ai(3)-Dnide Wildsear draws three cards. Ai(3)-Dnide Wildsear may cast cards without paying its mana cost.
Resolve Stack: Gratuitous Violence
Land: Ai(3)-Dnide Wildsear played Forest (254)
Phase: Ai(3)-Dnide Wildsear's End step
Phase: Ai(3)-Dnide Wildsear's Cleanup step
Turn: Turn 23 (Ai(4)-NanMan Felix Five-Boots)
Phase: Ai(4)-NanMan Felix Five-Boots' Untap step
Phase: Ai(4)-NanMan Felix Five-Boots' Upkeep step
Phase: Ai(4)-NanMan Felix Five-Boots' Draw step
Phase: Ai(4)-NanMan Felix Five-Boots' Main phase, precombat
Mana: Swamp (393) - {T}: Add {B}.
Mana: Thought Vessel (349) - {T}: Add {C}.
Mana: Forest (360) - {T}: Add {G}.
Mana: Island (362) - {T}: Add {U}.
Add To Stack: Ai(4)-NanMan Felix Five-Boots cast Snake Cult Initiation targeting [Solemn Simulacrum (344)]
Resolve Stack: Snake Cult Initiation (398) -  Attach to Solemn Simulacrum (344)
Mana: Temple of Deceit (319) - {T}: Add {U} or {B}.
Mana: Sunken Hollow (333) - {T}: Add {B}.
Add To Stack: Ai(4)-NanMan Felix Five-Boots activated Basilisk Collar targeting [Solemn Simulacrum (344)]
Resolve Stack: Basilisk Collar (351) -  Attach to Solemn Simulacrum (344)
Phase: Ai(4)-NanMan Felix Five-Boots' Beginning of Combat Step
Phase: Ai(4)-NanMan Felix Five-Boots' Declare Attackers Step
Combat: Ai(4)-NanMan Felix Five-Boots assigned Solemn Simulacrum (344) to attack Ai(3)-Dnide Wildsear.
Phase: Ai(4)-NanMan Felix Five-Boots' Declare Blockers Step
Combat: Ai(3)-Dnide Wildsear didn't block Solemn Simulacrum (344).
Phase: Ai(4)-NanMan Felix Five-Boots' First Strike Damage Step
Phase: Ai(4)-NanMan Felix Five-Boots' Combat Damage Step
Damage: Solemn Simulacrum (344) deals 2 combat damage to Ai(3)-Dnide Wildsear.
Life: Life: Ai(4)-NanMan Felix Five-Boots 40 > 42
Life: Life: Ai(3)-Dnide Wildsear 40 > 38
Add To Stack: Ai(4)-NanMan Felix Five-Boots triggered Solemn Simulacrum
Damage: Ai(3)-Dnide Wildsear receives 3 poison counter from Ai(4)-NanMan Felix Five-Boots
Resolve Stack: Poisonous 3 (Whenever this creature deals combat damage to a player, that player gets three poison counters.) [Damage Source: Solemn Simulacrum (344), Damaged: Ai(3)-Dnide Wildsear, Amount: 2]
Phase: Ai(4)-NanMan Felix Five-Boots' End of Combat Step
Phase: Ai(4)-NanMan Felix Five-Boots' Main phase, postcombat
Phase: Ai(4)-NanMan Felix Five-Boots' End step
Phase: Ai(4)-NanMan Felix Five-Boots' Cleanup step
Turn: Turn 24 (Ai(1)-N3cro Raggadragga)
Phase: Ai(1)-N3cro Raggadragga's Untap step
Phase: Ai(1)-N3cro Raggadragga's Upkeep step
Phase: Ai(1)-N3cro Raggadragga's Draw step
Phase: Ai(1)-N3cro Raggadragga's Main phase, precombat
Land: Ai(1)-N3cro Raggadragga played Wooded Foothills (51)
Life: Life: Ai(1)-N3cro Raggadragga 26 > 25
Zone Change: Wooded Foothills (51) was put into Graveyard from Battlefield.
Add To Stack: Ai(1)-N3cro Raggadragga activated Wooded Foothills
Replacement Effect: As Stomping Ground enters, you may pay 2 life. If you don't, it enters tapped.
Resolve Stack: Wooded Foothills (51) - Ai(1)-N3cro Raggadragga searches their library for a Mountain or Forest card, puts it onto the battlefield, then shuffles.
Phase: Ai(1)-N3cro Raggadragga's Beginning of Combat Step
Mana: Command Tower (16) - {T}: Add one mana of any color in your commander's color identity.
Mana: Armored Scrapgorger (14) - {T}: Add one mana of any color.
Mana: Llanowar Elves (70) - {T}: Add {G}.
Mana: Poison Dart Frog (19) - {T}: Add one mana of any color.
Add To Stack: Ai(1)-N3cro Raggadragga activated Raging Ravine
Add To Stack: Ai(1)-N3cro Raggadragga triggered Armored Scrapgorger targeting [Rishkar's Expertise (225)]
Resolve Stack: When Armored Scrapgorger becomes tapped, exile target card from a graveyard and put an oil counter on Armored Scrapgorger. (Targeting: [[Rishkar's Expertise (225)]]) [Tapped: Armored Scrapgorger (14)]
Resolve Stack: Raging Ravine (48) - Raging Ravine (48) has base power and toughness 3/3  and becomes red and green a creature Elemental until end of turn.
Phase: Ai(1)-N3cro Raggadragga's Declare Attackers Step
Combat: Ai(1)-N3cro Raggadragga assigned Raging Ravine (48) to attack Ai(3)-Dnide Wildsear.
Add To Stack: Ai(1)-N3cro Raggadragga triggered Raging Ravine
Resolve Stack: Whenever this creature attacks, put a +1/+1 counter on it. [Attacker: Raging Ravine (48)]
Phase: Ai(1)-N3cro Raggadragga's Declare Blockers Step
Combat: Ai(3)-Dnide Wildsear didn't block Raging Ravine (48).
Phase: Ai(1)-N3cro Raggadragga's First Strike Damage Step
Phase: Ai(1)-N3cro Raggadragga's Combat Damage Step
Damage: Raging Ravine (48) deals 4 combat damage to Ai(3)-Dnide Wildsear.
Life: Life: Ai(3)-Dnide Wildsear 38 > 34
Phase: Ai(1)-N3cro Raggadragga's End of Combat Step
Phase: Ai(1)-N3cro Raggadragga's Main phase, postcombat
Phase: Ai(1)-N3cro Raggadragga's End step
Phase: Ai(1)-N3cro Raggadragga's Cleanup step
Turn: Turn 25 (Ai(2)-Kilo Helm Final)
Phase: Ai(2)-Kilo Helm Final's Untap step
Phase: Ai(2)-Kilo Helm Final's Upkeep step
Phase: Ai(2)-Kilo Helm Final's Draw step
Phase: Ai(2)-Kilo Helm Final's Main phase, precombat
Mana: Seat of the Synod (186) - {T}: Add {U}.
Mana: Mountain (189) - {T}: Add {R}.
Mana: Silverbluff Bridge (126) - {T}: Add {U} or {R}.
Mana: Glacial Fortress (179) - {T}: Add {W} or {U}.
Mana: Everflowing Chalice (131) - {T}: Add {C} for each charge counter on Everflowing Chalice.
Add To Stack: Ai(2)-Kilo Helm Final cast Kappa Cannoneer
Resolve Stack: Kappa Cannoneer - Creature 4 / 4
Add To Stack: Ai(2)-Kilo Helm Final triggered Kappa Cannoneer
Resolve Stack: Whenever an artifact you control enters, put a +1/+1 counter on Kappa Cannoneer and it can't be blocked this turn. [Zone Changer: Kappa Cannoneer (199)]
Phase: Ai(2)-Kilo Helm Final's Beginning of Combat Step
Phase: Ai(2)-Kilo Helm Final's Declare Attackers Step
Combat: Ai(2)-Kilo Helm Final assigned Kappa Cannoneer (199), Alibou, Ancient Witness (172) and Kilo, Apogee Mind (201) to attack Ai(3)-Dnide Wildsear.
Add To Stack: Ai(2)-Kilo Helm Final triggered Kilo, Apogee Mind
Add To Stack: Ai(2)-Kilo Helm Final triggered Alibou, Ancient Witness targeting [Poison Dart Frog (19)]
Damage: Alibou, Ancient Witness (172) deals 6 damage to Poison Dart Frog (19).
Resolve Stack: Ai(2)-Kilo Helm Final scried 6 card(s) to the top of the library
Resolve Stack: Whenever one or more artifact creatures you control attack, Alibou, Ancient Witness deals X damage to any target and you scry X, where X is the number of tapped artifacts you control. (Targeting: [[Poison Dart Frog (19)]]) [Number Attackers: [Kappa Cannoneer (199), Alibou, Ancient Witness (172), Kilo, Apogee Mind (201)]]
Zone Change: Poison Dart Frog (19) was put into Graveyard from Battlefield.
Damage: Ai(3)-Dnide Wildsear receives 1 poison counter from Ai(2)-Kilo Helm Final
Resolve Stack: Whenever Kilo becomes tapped, proliferate. (Choose any number of permanents and/or players, then give each another counter of each kind already there.) [Tapped: Kilo, Apogee Mind (201)]
Phase: Ai(2)-Kilo Helm Final's Declare Blockers Step
Combat: Ai(3)-Dnide Wildsear didn't block Kappa Cannoneer (199).
Ai(3)-Dnide Wildsear didn't block Alibou, Ancient Witness (172).
Ai(3)-Dnide Wildsear didn't block Kilo, Apogee Mind (201).
Phase: Ai(2)-Kilo Helm Final's First Strike Damage Step
Phase: Ai(2)-Kilo Helm Final's Combat Damage Step
Damage: Kappa Cannoneer (199) deals 6 combat damage to Ai(3)-Dnide Wildsear.
Damage: Alibou, Ancient Witness (172) deals 4 combat damage to Ai(3)-Dnide Wildsear.
Damage: Kilo, Apogee Mind (201) deals 3 combat damage to Ai(3)-Dnide Wildsear.
Life: Life: Ai(3)-Dnide Wildsear 34 > 21
Phase: Ai(2)-Kilo Helm Final's End of Combat Step
Phase: Ai(2)-Kilo Helm Final's Main phase, postcombat
Phase: Ai(2)-Kilo Helm Final's End step
Phase: Ai(2)-Kilo Helm Final's Cleanup step
Turn: Turn 26 (Ai(3)-Dnide Wildsear)
Phase: Ai(3)-Dnide Wildsear's Untap step
Phase: Ai(3)-Dnide Wildsear's Upkeep step
Phase: Ai(3)-Dnide Wildsear's Draw step
Phase: Ai(3)-Dnide Wildsear's Main phase, precombat
Land: Ai(3)-Dnide Wildsear played Forest (250)
Phase: Ai(3)-Dnide Wildsear's Beginning of Combat Step
Phase: Ai(3)-Dnide Wildsear's Declare Attackers Step
Combat: Ai(3)-Dnide Wildsear assigned Frog Lizard Token (623) and Bird Token (534) to attack Ai(2)-Kilo Helm Final.
Phase: Ai(3)-Dnide Wildsear's Declare Blockers Step
Combat: Ai(2)-Kilo Helm Final didn't block Frog Lizard Token (623).
Ai(2)-Kilo Helm Final didn't block Bird Token (534).
Phase: Ai(3)-Dnide Wildsear's First Strike Damage Step
Phase: Ai(3)-Dnide Wildsear's Combat Damage Step
Replacement Effect: If a creature you control would deal damage to a permanent or player, it deals double that damage to that permanent or player instead.
Replacement Effect: If a creature you control would deal damage to a permanent or player, it deals double that damage to that permanent or player instead.
Damage: Frog Lizard Token (623) deals 6 combat damage to Ai(2)-Kilo Helm Final.
Damage: Bird Token (534) deals 4 combat damage to Ai(2)-Kilo Helm Final.
Life: Life: Ai(2)-Kilo Helm Final 40 > 30
Phase: Ai(3)-Dnide Wildsear's End of Combat Step
Phase: Ai(3)-Dnide Wildsear's Main phase, postcombat
Mana: Mountain (286) - {T}: Add {R}.
Mana: Forest (258) - {T}: Add {G}.
Mana: Forest (259) - {T}: Add {G}.
Mana: Forest (262) - {T}: Add {G}.
Mana: Forest (261) - {T}: Add {G}.
Mana: Forest (254) - {T}: Add {G}.
Mana: Forest (250) - {T}: Add {G}.
Add To Stack: Ai(3)-Dnide Wildsear cast Wildsear, Scouring Maw
Resolve Stack: Wildsear, Scouring Maw - Creature 6 / 6
Phase: Ai(3)-Dnide Wildsear's End step
Phase: Ai(3)-Dnide Wildsear's Cleanup step
Turn: Turn 27 (Ai(4)-NanMan Felix Five-Boots)
Phase: Ai(4)-NanMan Felix Five-Boots' Untap step
Phase: Ai(4)-NanMan Felix Five-Boots' Upkeep step
Phase: Ai(4)-NanMan Felix Five-Boots' Draw step
Phase: Ai(4)-NanMan Felix Five-Boots' Main phase, precombat
Mana: Thought Vessel (349) - {T}: Add {C}.
Add To Stack: Ai(4)-NanMan Felix Five-Boots activated Winged Boots targeting [Solemn Simulacrum (344)]
Resolve Stack: Winged Boots (370) -  Attach to Solemn Simulacrum (344)
Mana: Forest (360) - {T}: Add {G}.
Add To Stack: Ai(4)-NanMan Felix Five-Boots cast Bloodforged Battle-Axe
Resolve Stack: Bloodforged Battle-Axe
Mana: Swamp (393) - {T}: Add {B}.
Mana: Island (362) - {T}: Add {U}.
Add To Stack: Ai(4)-NanMan Felix Five-Boots activated Bloodforged Battle-Axe targeting [Solemn Simulacrum (344)]
Resolve Stack: Bloodforged Battle-Axe (346) -  Attach to Solemn Simulacrum (344)
Phase: Ai(4)-NanMan Felix Five-Boots' Beginning of Combat Step
Phase: Ai(4)-NanMan Felix Five-Boots' Declare Attackers Step
Combat: Ai(4)-NanMan Felix Five-Boots assigned Solemn Simulacrum (344) to attack Ai(3)-Dnide Wildsear.
Phase: Ai(4)-NanMan Felix Five-Boots' Declare Blockers Step
Combat: Ai(3)-Dnide Wildsear didn't block Solemn Simulacrum (344).
Phase: Ai(4)-NanMan Felix Five-Boots' First Strike Damage Step
Phase: Ai(4)-NanMan Felix Five-Boots' Combat Damage Step
Damage: Solemn Simulacrum (344) deals 4 combat damage to Ai(3)-Dnide Wildsear.
Life: Life: Ai(4)-NanMan Felix Five-Boots 42 > 46
Life: Life: Ai(3)-Dnide Wildsear 21 > 17
Add To Stack: Ai(4)-NanMan Felix Five-Boots triggered Solemn Simulacrum
Add To Stack: Ai(4)-NanMan Felix Five-Boots triggered Bloodforged Battle-Axe
Resolve Stack: Whenever equipped creature deals combat damage to a player, create a token that's a copy of Bloodforged Battle-Axe. [Damage Source: Solemn Simulacrum (344), Damaged: Ai(3)-Dnide Wildsear, Amount: 4]
Damage: Ai(3)-Dnide Wildsear receives 3 poison counter from Ai(4)-NanMan Felix Five-Boots
Resolve Stack: Poisonous 3 (Whenever this creature deals combat damage to a player, that player gets three poison counters.) [Damage Source: Solemn Simulacrum (344), Damaged: Ai(3)-Dnide Wildsear, Amount: 4]
Phase: Ai(4)-NanMan Felix Five-Boots' End of Combat Step
Phase: Ai(4)-NanMan Felix Five-Boots' Main phase, postcombat
Mana: Temple of Deceit (319) - {T}: Add {U} or {B}.
Add To Stack: Ai(4)-NanMan Felix Five-Boots cast Triton Shorestalker
Resolve Stack: Triton Shorestalker - Creature 1 / 1
Phase: Ai(4)-NanMan Felix Five-Boots' End step
Phase: Ai(4)-NanMan Felix Five-Boots' Cleanup step
Turn: Turn 28 (Ai(1)-N3cro Raggadragga)
Phase: Ai(1)-N3cro Raggadragga's Untap step
Phase: Ai(1)-N3cro Raggadragga's Upkeep step
Phase: Ai(1)-N3cro Raggadragga's Draw step
Phase: Ai(1)-N3cro Raggadragga's Main phase, precombat
Phase: Ai(1)-N3cro Raggadragga's Beginning of Combat Step
Phase: Ai(1)-N3cro Raggadragga's Declare Attackers Step
Phase: Ai(1)-N3cro Raggadragga's Declare Blockers Step
Phase: Ai(1)-N3cro Raggadragga's First Strike Damage Step
Phase: Ai(1)-N3cro Raggadragga's Combat Damage Step
Phase: Ai(1)-N3cro Raggadragga's End of Combat Step
Phase: Ai(1)-N3cro Raggadragga's Main phase, postcombat
Mana: Command Tower (16) - {T}: Add one mana of any color in your commander's color identity.
Mana: Stomping Ground (6) - {T}: Add {G}.
Mana: Raging Ravine (48) - {T}: Add {R} or {G}.
Mana: Armored Scrapgorger (14) - {T}: Add one mana of any color.
Add To Stack: Ai(1)-N3cro Raggadragga cast Leyline of Abundance
Add To Stack: Ai(1)-N3cro Raggadragga triggered Armored Scrapgorger targeting [Purphoros, God of the Forge (206)]
Resolve Stack: When Armored Scrapgorger becomes tapped, exile target card from a graveyard and put an oil counter on Armored Scrapgorger. (Targeting: [[Purphoros, God of the Forge (206)]]) [Tapped: Armored Scrapgorger (14)]
Resolve Stack: Leyline of Abundance
Mana: Llanowar Elves (70) - {T}: Add {G}.
Add To Stack: Ai(1)-N3cro Raggadragga cast Paradise Druid
Resolve Stack: Paradise Druid - Creature 2 / 1
Phase: Ai(1)-N3cro Raggadragga's End step
Phase: Ai(1)-N3cro Raggadragga's Cleanup step
Turn: Turn 29 (Ai(2)-Kilo Helm Final)
Phase: Ai(2)-Kilo Helm Final's Untap step
Phase: Ai(2)-Kilo Helm Final's Upkeep step
Phase: Ai(2)-Kilo Helm Final's Draw step
Phase: Ai(2)-Kilo Helm Final's Main phase, precombat
Mana: Seat of the Synod (186) - {T}: Add {U}.
Mana: Mountain (189) - {T}: Add {R}.
Add To Stack: Ai(2)-Kilo Helm Final cast Thrummingbird
Resolve Stack: Thrummingbird - Creature 1 / 1
Phase: Ai(2)-Kilo Helm Final's Beginning of Combat Step
Phase: Ai(2)-Kilo Helm Final's Declare Attackers Step
Combat: Ai(2)-Kilo Helm Final assigned Kappa Cannoneer (199) to attack Ai(3)-Dnide Wildsear.
Add To Stack: Ai(2)-Kilo Helm Final triggered Alibou, Ancient Witness targeting [Bird Token (534)]
Damage: Alibou, Ancient Witness (172) deals 2 damage to Bird Token (534).
Resolve Stack: Ai(2)-Kilo Helm Final scried 2 card(s) to the top of the library
Resolve Stack: Whenever one or more artifact creatures you control attack, Alibou, Ancient Witness deals X damage to any target and you scry X, where X is the number of tapped artifacts you control. (Targeting: [[Bird Token (534)]]) [Number Attackers: [Kappa Cannoneer (199)]]
Zone Change: Bird Token (534) was put into Graveyard from Battlefield.
Phase: Ai(2)-Kilo Helm Final's Declare Blockers Step
Combat: Ai(3)-Dnide Wildsear didn't block Kappa Cannoneer (199).
Phase: Ai(2)-Kilo Helm Final's First Strike Damage Step
Phase: Ai(2)-Kilo Helm Final's Combat Damage Step
Damage: Kappa Cannoneer (199) deals 6 combat damage to Ai(3)-Dnide Wildsear.
Life: Life: Ai(3)-Dnide Wildsear 17 > 11
Phase: Ai(2)-Kilo Helm Final's End of Combat Step
Phase: Ai(2)-Kilo Helm Final's Main phase, postcombat
Mana: Glacial Fortress (179) - {T}: Add {W} or {U}.
Mana: Silverbluff Bridge (126) - {T}: Add {U} or {R}.
Mana: Everflowing Chalice (131) - {T}: Add {C} for each charge counter on Everflowing Chalice.
Add To Stack: Ai(2)-Kilo Helm Final cast Inexorable Tide
Resolve Stack: Inexorable Tide
Phase: Ai(2)-Kilo Helm Final's End step
Phase: Ai(2)-Kilo Helm Final's Cleanup step
Turn: Turn 30 (Ai(3)-Dnide Wildsear)
Phase: Ai(3)-Dnide Wildsear's Untap step
Phase: Ai(3)-Dnide Wildsear's Upkeep step
Mana: Mountain (286) - {T}: Add {R}.
Mana: Forest (258) - {T}: Add {G}.
Add To Stack: Ai(3)-Dnide Wildsear cast Gruul Charm
Resolve Stack: Gruul Charm (236) -  Creatures without flying can't block this turn.
Phase: Ai(3)-Dnide Wildsear's Draw step
Phase: Ai(3)-Dnide Wildsear's Main phase, precombat
Phase: Ai(3)-Dnide Wildsear's Beginning of Combat Step
Phase: Ai(3)-Dnide Wildsear's Declare Attackers Step
Combat: Ai(3)-Dnide Wildsear assigned Wildsear, Scouring Maw (302) and Frog Lizard Token (623) to attack Ai(2)-Kilo Helm Final.
Phase: Ai(3)-Dnide Wildsear's Declare Blockers Step
Combat: Ai(2)-Kilo Helm Final didn't block Wildsear, Scouring Maw (302).
Ai(2)-Kilo Helm Final didn't block Frog Lizard Token (623).
Phase: Ai(3)-Dnide Wildsear's First Strike Damage Step
Phase: Ai(3)-Dnide Wildsear's Combat Damage Step
Replacement Effect: If a creature you control would deal damage to a permanent or player, it deals double that damage to that permanent or player instead.
Replacement Effect: If a creature you control would deal damage to a permanent or player, it deals double that damage to that permanent or player instead.
Damage: Wildsear, Scouring Maw (302) deals 12 combat damage to Ai(2)-Kilo Helm Final.
Damage: Frog Lizard Token (623) deals 6 combat damage to Ai(2)-Kilo Helm Final.
Life: Life: Ai(2)-Kilo Helm Final 30 > 12
Phase: Ai(3)-Dnide Wildsear's End of Combat Step
Phase: Ai(3)-Dnide Wildsear's Main phase, postcombat
Mana: Forest (259) - {T}: Add {G}.
Mana: Forest (262) - {T}: Add {G}.
Mana: Forest (261) - {T}: Add {G}.
Mana: Forest (254) - {T}: Add {G}.
Mana: Forest (250) - {T}: Add {G}.
Mana: Sanctum Weaver (264) - {T}: Add X mana of any one color, where X is the number of enchantments you control.
Add To Stack: Ai(3)-Dnide Wildsear cast Nyxborn Behemoth
Add To Stack: Ai(3)-Dnide Wildsear triggered Nyxborn Behemoth
Add To Stack: Ai(3)-Dnide Wildsear cast Overgrowth targeting [Mountain (286)]
Resolve Stack: Cascade - Nyxborn Behemoth [Card: Nyxborn Behemoth (235), Activator: Ai(3)-Dnide Wildsear, SpellAbility: Nyxborn Behemoth - Creature 10 / 10]
Resolve Stack: Overgrowth (242) -  Attach to Mountain (286)
Resolve Stack: Nyxborn Behemoth - Creature 10 / 10
Phase: Ai(3)-Dnide Wildsear's End step
Phase: Ai(3)-Dnide Wildsear's Cleanup step
Turn: Turn 31 (Ai(4)-NanMan Felix Five-Boots)
Phase: Ai(4)-NanMan Felix Five-Boots' Untap step
Phase: Ai(4)-NanMan Felix Five-Boots' Upkeep step
Phase: Ai(4)-NanMan Felix Five-Boots' Draw step
Phase: Ai(4)-NanMan Felix Five-Boots' Main phase, precombat
Mana: Thought Vessel (349) - {T}: Add {C}.
Mana: Forest (360) - {T}: Add {G}.
Add To Stack: Ai(4)-NanMan Felix Five-Boots activated Bloodforged Battle-Axe targeting [Solemn Simulacrum (344)]
Resolve Stack: Bloodforged Battle-Axe (626) -  Attach to Solemn Simulacrum (344)
Phase: Ai(4)-NanMan Felix Five-Boots' Beginning of Combat Step
Phase: Ai(4)-NanMan Felix Five-Boots' Declare Attackers Step
Combat: Ai(4)-NanMan Felix Five-Boots assigned Solemn Simulacrum (344) and Triton Shorestalker (310) to attack Ai(3)-Dnide Wildsear.
Phase: Ai(4)-NanMan Felix Five-Boots' Declare Blockers Step
Combat: Ai(3)-Dnide Wildsear didn't block Solemn Simulacrum (344).
Ai(3)-Dnide Wildsear didn't block Triton Shorestalker (310).
Phase: Ai(4)-NanMan Felix Five-Boots' First Strike Damage Step
Phase: Ai(4)-NanMan Felix Five-Boots' Combat Damage Step
Damage: Solemn Simulacrum (344) deals 6 combat damage to Ai(3)-Dnide Wildsear.
Life: Life: Ai(4)-NanMan Felix Five-Boots 46 > 52
Damage: Triton Shorestalker (310) deals 1 combat damage to Ai(3)-Dnide Wildsear.
Life: Life: Ai(3)-Dnide Wildsear 11 > 4
Add To Stack: Ai(4)-NanMan Felix Five-Boots triggered Solemn Simulacrum
Add To Stack: Ai(4)-NanMan Felix Five-Boots triggered Bloodforged Battle-Axe
Add To Stack: Ai(4)-NanMan Felix Five-Boots triggered Bloodforged Battle-Axe
Resolve Stack: Whenever equipped creature deals combat damage to a player, create a token that's a copy of Bloodforged Battle-Axe. [Damage Source: Solemn Simulacrum (344), Damaged: Ai(3)-Dnide Wildsear, Amount: 6]
Resolve Stack: Whenever equipped creature deals combat damage to a player, create a token that's a copy of Bloodforged Battle-Axe. [Damage Source: Solemn Simulacrum (344), Damaged: Ai(3)-Dnide Wildsear, Amount: 6]
Damage: Ai(3)-Dnide Wildsear receives 3 poison counter from Ai(4)-NanMan Felix Five-Boots
Resolve Stack: Poisonous 3 (Whenever this creature deals combat damage to a player, that player gets three poison counters.) [Damage Source: Solemn Simulacrum (344), Damaged: Ai(3)-Dnide Wildsear, Amount: 6]
Phase: Ai(4)-NanMan Felix Five-Boots' End of Combat Step
Phase: Ai(4)-NanMan Felix Five-Boots' Main phase, postcombat
Mana: Swamp (393) - {T}: Add {B}.
Mana: Island (362) - {T}: Add {U}.
Mana: Temple of Deceit (319) - {T}: Add {U} or {B}.
Add To Stack: Ai(4)-NanMan Felix Five-Boots cast Shadowmage Infiltrator
Resolve Stack: Shadowmage Infiltrator - Creature 1 / 3
Phase: Ai(4)-NanMan Felix Five-Boots' End step
Phase: Ai(4)-NanMan Felix Five-Boots' Cleanup step
Turn: Turn 32 (Ai(1)-N3cro Raggadragga)
Phase: Ai(1)-N3cro Raggadragga's Untap step
Phase: Ai(1)-N3cro Raggadragga's Upkeep step
Phase: Ai(1)-N3cro Raggadragga's Draw step
Phase: Ai(1)-N3cro Raggadragga's Main phase, precombat
Land: Ai(1)-N3cro Raggadragga played Karplusan Forest (3)
Mana: Command Tower (16) - {T}: Add one mana of any color in your commander's color identity.
Mana: Stomping Ground (6) - {T}: Add {G}.
Mana: Raging Ravine (48) - {T}: Add {R} or {G}.
Mana: Armored Scrapgorger (14) - {T}: Add one mana of any color.
Mana: Paradise Druid (36) - {T}: Add one mana of any color.
Mana: Llanowar Elves (70) - {T}: Add {G}.
Add To Stack: Ai(1)-N3cro Raggadragga cast Craterhoof Behemoth
Add To Stack: Ai(1)-N3cro Raggadragga triggered Armored Scrapgorger targeting [Fierce Guardianship (118)]
Resolve Stack: When Armored Scrapgorger becomes tapped, exile target card from a graveyard and put an oil counter on Armored Scrapgorger. (Targeting: [[Fierce Guardianship (118)]]) [Tapped: Armored Scrapgorger (14)]
Resolve Stack: Craterhoof Behemoth - Creature 5 / 5
Add To Stack: Ai(1)-N3cro Raggadragga triggered Craterhoof Behemoth
Resolve Stack: When Craterhoof Behemoth enters, creatures you control gain trample and get +X/+X until end of turn, where X is the number of creatures you control. [Zone Changer: Craterhoof Behemoth (32)]
Phase: Ai(1)-N3cro Raggadragga's Beginning of Combat Step
Phase: Ai(1)-N3cro Raggadragga's Declare Attackers Step
Combat: Ai(1)-N3cro Raggadragga assigned Craterhoof Behemoth (32) to attack Ai(4)-NanMan Felix Five-Boots.
Phase: Ai(1)-N3cro Raggadragga's Declare Blockers Step
Combat: Ai(4)-NanMan Felix Five-Boots didn't block Craterhoof Behemoth (32).
Phase: Ai(1)-N3cro Raggadragga's First Strike Damage Step
Phase: Ai(1)-N3cro Raggadragga's Combat Damage Step
Damage: Craterhoof Behemoth (32) deals 9 combat damage to Ai(4)-NanMan Felix Five-Boots.
Life: Life: Ai(4)-NanMan Felix Five-Boots 52 > 43
Phase: Ai(1)-N3cro Raggadragga's End of Combat Step
Phase: Ai(1)-N3cro Raggadragga's Main phase, postcombat
Phase: Ai(1)-N3cro Raggadragga's End step
Phase: Ai(1)-N3cro Raggadragga's Cleanup step
Turn: Turn 33 (Ai(2)-Kilo Helm Final)
Phase: Ai(2)-Kilo Helm Final's Untap step
Phase: Ai(2)-Kilo Helm Final's Upkeep step
Phase: Ai(2)-Kilo Helm Final's Draw step
Phase: Ai(2)-Kilo Helm Final's Main phase, precombat
Phase: Ai(2)-Kilo Helm Final's Beginning of Combat Step
Phase: Ai(2)-Kilo Helm Final's Declare Attackers Step
Combat: Ai(2)-Kilo Helm Final assigned Kappa Cannoneer (199), Alibou, Ancient Witness (172), Kilo, Apogee Mind (201) and Thrummingbird (112) to attack Ai(4)-NanMan Felix Five-Boots.
Add To Stack: Ai(2)-Kilo Helm Final triggered Kilo, Apogee Mind
Add To Stack: Ai(2)-Kilo Helm Final triggered Alibou, Ancient Witness targeting [Armored Scrapgorger (14)]
Damage: Karplusan Forest (3) deals 1 non-combat damage to Ai(1)-N3cro Raggadragga.
Life: Life: Ai(1)-N3cro Raggadragga 25 > 24
Mana: Karplusan Forest (3) - {T}: Add {R} or {G}. Karplusan Forest deals 1 damage to you. 
Add To Stack: Ai(1)-N3cro Raggadragga cast Tyvar's Stand targeting [Armored Scrapgorger (14)]
Resolve Stack: Tyvar's Stand (82) - Armored Scrapgorger (14) gets +0/+0 and gains hexproof and indestructible until end of turn. (X=0)
Resolve Stack: Alibou, Ancient Witness ability fizzles.
Resolve Stack: Whenever Kilo becomes tapped, proliferate. (Choose any number of permanents and/or players, then give each another counter of each kind already there.) [Tapped: Kilo, Apogee Mind (201)]
Phase: Ai(2)-Kilo Helm Final's Declare Blockers Step
Combat: Ai(4)-NanMan Felix Five-Boots didn't block Kappa Cannoneer (199).
Ai(4)-NanMan Felix Five-Boots didn't block Alibou, Ancient Witness (172).
Ai(4)-NanMan Felix Five-Boots didn't block Kilo, Apogee Mind (201).
Ai(4)-NanMan Felix Five-Boots didn't block Thrummingbird (112).
Phase: Ai(2)-Kilo Helm Final's First Strike Damage Step
Phase: Ai(2)-Kilo Helm Final's Combat Damage Step
Damage: Kappa Cannoneer (199) deals 7 combat damage to Ai(4)-NanMan Felix Five-Boots.
Damage: Alibou, Ancient Witness (172) deals 4 combat damage to Ai(4)-NanMan Felix Five-Boots.
Damage: Kilo, Apogee Mind (201) deals 3 combat damage to Ai(4)-NanMan Felix Five-Boots.
Damage: Thrummingbird (112) deals 1 combat damage to Ai(4)-NanMan Felix Five-Boots.
Life: Life: Ai(4)-NanMan Felix Five-Boots 43 > 28
Add To Stack: Ai(2)-Kilo Helm Final triggered Thrummingbird
Resolve Stack: Whenever Thrummingbird deals combat damage to a player, proliferate. [Damage Source: Thrummingbird (112), Damaged: Ai(4)-NanMan Felix Five-Boots, Amount: 1]
Phase: Ai(2)-Kilo Helm Final's End of Combat Step
Phase: Ai(2)-Kilo Helm Final's Main phase, postcombat
Phase: Ai(2)-Kilo Helm Final's End step
Phase: Ai(2)-Kilo Helm Final's Cleanup step
Turn: Turn 34 (Ai(4)-NanMan Felix Five-Boots)
Phase: Ai(4)-NanMan Felix Five-Boots' Untap step
Phase: Ai(4)-NanMan Felix Five-Boots' Upkeep step
Phase: Ai(4)-NanMan Felix Five-Boots' Draw step
Phase: Ai(4)-NanMan Felix Five-Boots' Main phase, precombat
Land: Ai(4)-NanMan Felix Five-Boots played Rogue's Passage (328)
Mana: Thought Vessel (349) - {T}: Add {C}.
Mana: Island (362) - {T}: Add {U}.
Add To Stack: Ai(4)-NanMan Felix Five-Boots activated Bloodforged Battle-Axe targeting [Solemn Simulacrum (344)]
Resolve Stack: Bloodforged Battle-Axe (629) -  Attach to Solemn Simulacrum (344)
Mana: Forest (360) - {T}: Add {G}.
Mana: Swamp (393) - {T}: Add {B}.
Add To Stack: Ai(4)-NanMan Felix Five-Boots activated Bloodforged Battle-Axe targeting [Solemn Simulacrum (344)]
Resolve Stack: Bloodforged Battle-Axe (631) -  Attach to Solemn Simulacrum (344)
Phase: Ai(4)-NanMan Felix Five-Boots' Beginning of Combat Step
Phase: Ai(4)-NanMan Felix Five-Boots' Declare Attackers Step
Combat: Ai(4)-NanMan Felix Five-Boots assigned Solemn Simulacrum (344), Triton Shorestalker (310) and Shadowmage Infiltrator (383) to attack Ai(2)-Kilo Helm Final.
Phase: Ai(4)-NanMan Felix Five-Boots' Declare Blockers Step
Combat: Ai(2)-Kilo Helm Final didn't block Solemn Simulacrum (344).
Ai(2)-Kilo Helm Final didn't block Triton Shorestalker (310).
Ai(2)-Kilo Helm Final didn't block Shadowmage Infiltrator (383).
Phase: Ai(4)-NanMan Felix Five-Boots' First Strike Damage Step
Phase: Ai(4)-NanMan Felix Five-Boots' Combat Damage Step
Damage: Solemn Simulacrum (344) deals 10 combat damage to Ai(2)-Kilo Helm Final.
Life: Life: Ai(4)-NanMan Felix Five-Boots 28 > 38
Damage: Triton Shorestalker (310) deals 1 combat damage to Ai(2)-Kilo Helm Final.
Damage: Shadowmage Infiltrator (383) deals 1 combat damage to Ai(2)-Kilo Helm Final.
Life: Life: Ai(2)-Kilo Helm Final 12 > 0
Add To Stack: Ai(4)-NanMan Felix Five-Boots triggered Solemn Simulacrum
Add To Stack: Ai(4)-NanMan Felix Five-Boots triggered Bloodforged Battle-Axe
Add To Stack: Ai(4)-NanMan Felix Five-Boots triggered Bloodforged Battle-Axe
Add To Stack: Ai(4)-NanMan Felix Five-Boots triggered Bloodforged Battle-Axe
Add To Stack: Ai(4)-NanMan Felix Five-Boots triggered Bloodforged Battle-Axe
Add To Stack: Ai(4)-NanMan Felix Five-Boots triggered Shadowmage Infiltrator
Resolve Stack: Whenever Shadowmage Infiltrator deals combat damage to a player, you may draw a card. [Damage Source: Shadowmage Infiltrator (383), Damaged: Ai(2)-Kilo Helm Final, Amount: 1]
Resolve Stack: Whenever equipped creature deals combat damage to a player, create a token that's a copy of Bloodforged Battle-Axe. [Damage Source: Solemn Simulacrum (344), Damaged: Ai(2)-Kilo Helm Final, Amount: 10]
Resolve Stack: Whenever equipped creature deals combat damage to a player, create a token that's a copy of Bloodforged Battle-Axe. [Damage Source: Solemn Simulacrum (344), Damaged: Ai(2)-Kilo Helm Final, Amount: 10]
Resolve Stack: Whenever equipped creature deals combat damage to a player, create a token that's a copy of Bloodforged Battle-Axe. [Damage Source: Solemn Simulacrum (344), Damaged: Ai(2)-Kilo Helm Final, Amount: 10]
Resolve Stack: Whenever equipped creature deals combat damage to a player, create a token that's a copy of Bloodforged Battle-Axe. [Damage Source: Solemn Simulacrum (344), Damaged: Ai(2)-Kilo Helm Final, Amount: 10]
Resolve Stack: Poisonous 3 (Whenever this creature deals combat damage to a player, that player gets three poison counters.) [Damage Source: Solemn Simulacrum (344), Damaged: Ai(2)-Kilo Helm Final, Amount: 10]
Phase: Ai(4)-NanMan Felix Five-Boots' End of Combat Step
Phase: Ai(4)-NanMan Felix Five-Boots' Main phase, postcombat
Mana: Temple of Deceit (319) - {T}: Add {U} or {B}.
Mana: Sunken Hollow (333) - {T}: Add {B}.
Add To Stack: Ai(4)-NanMan Felix Five-Boots activated Bloodforged Battle-Axe targeting [Solemn Simulacrum (344)]
Resolve Stack: Bloodforged Battle-Axe (633) -  Attach to Solemn Simulacrum (344)
Phase: Ai(4)-NanMan Felix Five-Boots' End step
Phase: Ai(4)-NanMan Felix Five-Boots' Cleanup step
Turn: Turn 35 (Ai(1)-N3cro Raggadragga)
Phase: Ai(1)-N3cro Raggadragga's Untap step
Phase: Ai(1)-N3cro Raggadragga's Upkeep step
Phase: Ai(1)-N3cro Raggadragga's Draw step
Phase: Ai(1)-N3cro Raggadragga's Main phase, precombat
Mana: Command Tower (16) - {T}: Add one mana of any color in your commander's color identity.
Mana: Stomping Ground (6) - {T}: Add {G}.
Mana: Raging Ravine (48) - {T}: Add {R} or {G}.
Mana: Paradise Druid (36) - {T}: Add one mana of any color.
Mana: Armored Scrapgorger (14) - {T}: Add one mana of any color.
Add To Stack: Ai(1)-N3cro Raggadragga cast Raggadragga, Goreguts Boss
Add To Stack: Ai(1)-N3cro Raggadragga triggered Armored Scrapgorger targeting [Rapid Hybridization (352)]
Resolve Stack: When Armored Scrapgorger becomes tapped, exile target card from a graveyard and put an oil counter on Armored Scrapgorger. (Targeting: [[Rapid Hybridization (352)]]) [Tapped: Armored Scrapgorger (14)]
Resolve Stack: Raggadragga, Goreguts Boss - Creature 4 / 4
Mana: Llanowar Elves (70) - {T}: Add {G}.
Add To Stack: Ai(1)-N3cro Raggadragga cast Viridian Joiner
Resolve Stack: Viridian Joiner - Creature 1 / 2
Damage: Karplusan Forest (3) deals 1 non-combat damage to Ai(1)-N3cro Raggadragga.
Life: Life: Ai(1)-N3cro Raggadragga 24 > 23
Mana: Karplusan Forest (3) - {T}: Add {R} or {G}. Karplusan Forest deals 1 damage to you. 
Add To Stack: Ai(1)-N3cro Raggadragga cast Fyndhorn Elves
Resolve Stack: Fyndhorn Elves - Creature 1 / 1
Phase: Ai(1)-N3cro Raggadragga's Beginning of Combat Step
Phase: Ai(1)-N3cro Raggadragga's Declare Attackers Step
Combat: Ai(1)-N3cro Raggadragga assigned Craterhoof Behemoth (32) to attack Ai(4)-NanMan Felix Five-Boots.
Phase: Ai(1)-N3cro Raggadragga's Declare Blockers Step
Combat: Ai(4)-NanMan Felix Five-Boots didn't block Craterhoof Behemoth (32).
Phase: Ai(1)-N3cro Raggadragga's First Strike Damage Step
Phase: Ai(1)-N3cro Raggadragga's Combat Damage Step
Damage: Craterhoof Behemoth (32) deals 5 combat damage to Ai(4)-NanMan Felix Five-Boots.
Life: Life: Ai(4)-NanMan Felix Five-Boots 38 > 33
Phase: Ai(1)-N3cro Raggadragga's End of Combat Step
Phase: Ai(1)-N3cro Raggadragga's Main phase, postcombat
Phase: Ai(1)-N3cro Raggadragga's End step
Phase: Ai(1)-N3cro Raggadragga's Cleanup step
Turn: Turn 36 (Ai(4)-NanMan Felix Five-Boots)
Phase: Ai(4)-NanMan Felix Five-Boots' Untap step
Phase: Ai(4)-NanMan Felix Five-Boots' Upkeep step
Phase: Ai(4)-NanMan Felix Five-Boots' Draw step
Phase: Ai(4)-NanMan Felix Five-Boots' Main phase, precombat
Replacement Effect: Drowned Catacomb enters tapped unless you control an Island or a Swamp.
Land: Ai(4)-NanMan Felix Five-Boots played Drowned Catacomb (379)
Mana: Thought Vessel (349) - {T}: Add {C}.
Mana: Island (362) - {T}: Add {U}.
Add To Stack: Ai(4)-NanMan Felix Five-Boots activated Bloodforged Battle-Axe targeting [Solemn Simulacrum (344)]
Resolve Stack: Bloodforged Battle-Axe (635) -  Attach to Solemn Simulacrum (344)
Mana: Forest (360) - {T}: Add {G}.
Mana: Swamp (393) - {T}: Add {B}.
Add To Stack: Ai(4)-NanMan Felix Five-Boots activated Bloodforged Battle-Axe targeting [Solemn Simulacrum (344)]
Resolve Stack: Bloodforged Battle-Axe (637) -  Attach to Solemn Simulacrum (344)
Mana: Temple of Deceit (319) - {T}: Add {U} or {B}.
Mana: Drowned Catacomb (379) - {T}: Add {U} or {B}.
Add To Stack: Ai(4)-NanMan Felix Five-Boots activated Bloodforged Battle-Axe targeting [Solemn Simulacrum (344)]
Resolve Stack: Bloodforged Battle-Axe (639) -  Attach to Solemn Simulacrum (344)
Phase: Ai(4)-NanMan Felix Five-Boots' Beginning of Combat Step
Phase: Ai(4)-NanMan Felix Five-Boots' Declare Attackers Step
Combat: Ai(4)-NanMan Felix Five-Boots assigned Solemn Simulacrum (344), Triton Shorestalker (310) and Shadowmage Infiltrator (383) to attack Ai(1)-N3cro Raggadragga.
Phase: Ai(4)-NanMan Felix Five-Boots' Declare Blockers Step
Combat: Ai(1)-N3cro Raggadragga didn't block Solemn Simulacrum (344).
Ai(1)-N3cro Raggadragga didn't block Triton Shorestalker (310).
Ai(1)-N3cro Raggadragga didn't block Shadowmage Infiltrator (383).
Phase: Ai(4)-NanMan Felix Five-Boots' First Strike Damage Step
Phase: Ai(4)-NanMan Felix Five-Boots' Combat Damage Step
Damage: Solemn Simulacrum (344) deals 18 combat damage to Ai(1)-N3cro Raggadragga.
Life: Life: Ai(4)-NanMan Felix Five-Boots 33 > 51
Damage: Triton Shorestalker (310) deals 1 combat damage to Ai(1)-N3cro Raggadragga.
Damage: Shadowmage Infiltrator (383) deals 1 combat damage to Ai(1)-N3cro Raggadragga.
Life: Life: Ai(1)-N3cro Raggadragga 23 > 3
Add To Stack: Ai(4)-NanMan Felix Five-Boots triggered Solemn Simulacrum
Add To Stack: Ai(4)-NanMan Felix Five-Boots triggered Bloodforged Battle-Axe
Add To Stack: Ai(4)-NanMan Felix Five-Boots triggered Bloodforged Battle-Axe
Add To Stack: Ai(4)-NanMan Felix Five-Boots triggered Bloodforged Battle-Axe
Add To Stack: Ai(4)-NanMan Felix Five-Boots triggered Bloodforged Battle-Axe
Add To Stack: Ai(4)-NanMan Felix Five-Boots triggered Bloodforged Battle-Axe
Add To Stack: Ai(4)-NanMan Felix Five-Boots triggered Bloodforged Battle-Axe
Add To Stack: Ai(4)-NanMan Felix Five-Boots triggered Bloodforged Battle-Axe
Add To Stack: Ai(4)-NanMan Felix Five-Boots triggered Bloodforged Battle-Axe
Add To Stack: Ai(4)-NanMan Felix Five-Boots triggered Shadowmage Infiltrator
Resolve Stack: Whenever Shadowmage Infiltrator deals combat damage to a player, you may draw a card. [Damage Source: Shadowmage Infiltrator (383), Damaged: Ai(1)-N3cro Raggadragga, Amount: 1]
Resolve Stack: Whenever equipped creature deals combat damage to a player, create a token that's a copy of Bloodforged Battle-Axe. [Damage Source: Solemn Simulacrum (344), Damaged: Ai(1)-N3cro Raggadragga, Amount: 18]
Resolve Stack: Whenever equipped creature deals combat damage to a player, create a token that's a copy of Bloodforged Battle-Axe. [Damage Source: Solemn Simulacrum (344), Damaged: Ai(1)-N3cro Raggadragga, Amount: 18]
Resolve Stack: Whenever equipped creature deals combat damage to a player, create a token that's a copy of Bloodforged Battle-Axe. [Damage Source: Solemn Simulacrum (344), Damaged: Ai(1)-N3cro Raggadragga, Amount: 18]
Resolve Stack: Whenever equipped creature deals combat damage to a player, create a token that's a copy of Bloodforged Battle-Axe. [Damage Source: Solemn Simulacrum (344), Damaged: Ai(1)-N3cro Raggadragga, Amount: 18]
Resolve Stack: Whenever equipped creature deals combat damage to a player, create a token that's a copy of Bloodforged Battle-Axe. [Damage Source: Solemn Simulacrum (344), Damaged: Ai(1)-N3cro Raggadragga, Amount: 18]
Resolve Stack: Whenever equipped creature deals combat damage to a player, create a token that's a copy of Bloodforged Battle-Axe. [Damage Source: Solemn Simulacrum (344), Damaged: Ai(1)-N3cro Raggadragga, Amount: 18]
Resolve Stack: Whenever equipped creature deals combat damage to a player, create a token that's a copy of Bloodforged Battle-Axe. [Damage Source: Solemn Simulacrum (344), Damaged: Ai(1)-N3cro Raggadragga, Amount: 18]
Resolve Stack: Whenever equipped creature deals combat damage to a player, create a token that's a copy of Bloodforged Battle-Axe. [Damage Source: Solemn Simulacrum (344), Damaged: Ai(1)-N3cro Raggadragga, Amount: 18]
Damage: Ai(1)-N3cro Raggadragga receives 3 poison counter from Ai(4)-NanMan Felix Five-Boots
Resolve Stack: Poisonous 3 (Whenever this creature deals combat damage to a player, that player gets three poison counters.) [Damage Source: Solemn Simulacrum (344), Damaged: Ai(1)-N3cro Raggadragga, Amount: 18]
Phase: Ai(4)-NanMan Felix Five-Boots' End of Combat Step
Phase: Ai(4)-NanMan Felix Five-Boots' Main phase, postcombat
Mana: Sunken Hollow (333) - {T}: Add {B}.
Mana: Rogue's Passage (328) - {T}: Add {C}.
Discard: Ai(4)-NanMan Felix Five-Boots discards Fetid Pools (375).
Add To Stack: Ai(4)-NanMan Felix Five-Boots activated Fetid Pools
Resolve Stack: Fetid Pools (375) - Ai(4)-NanMan Felix Five-Boots draws a card.
Phase: Ai(4)-NanMan Felix Five-Boots' End step
Phase: Ai(4)-NanMan Felix Five-Boots' Cleanup step
Turn: Turn 37 (Ai(1)-N3cro Raggadragga)
Phase: Ai(1)-N3cro Raggadragga's Untap step
Phase: Ai(1)-N3cro Raggadragga's Upkeep step
Phase: Ai(1)-N3cro Raggadragga's Draw step
Phase: Ai(1)-N3cro Raggadragga's Main phase, precombat
Mana: Command Tower (16) - {T}: Add one mana of any color in your commander's color identity.
Mana: Stomping Ground (6) - {T}: Add {G}.
Add To Stack: Ai(1)-N3cro Raggadragga cast Ruby, Daring Tracker
Resolve Stack: Ruby, Daring Tracker - Creature 1 / 2
Phase: Ai(1)-N3cro Raggadragga's Beginning of Combat Step
Phase: Ai(1)-N3cro Raggadragga's Declare Attackers Step
Combat: Ai(1)-N3cro Raggadragga assigned Raggadragga, Goreguts Boss (100), Ruby, Daring Tracker (79), Armored Scrapgorger (14), Craterhoof Behemoth (32), Paradise Druid (36), Llanowar Elves (70), Viridian Joiner (84) and Fyndhorn Elves (38) to attack Ai(4)-NanMan Felix Five-Boots.
Add To Stack: Ai(1)-N3cro Raggadragga triggered Armored Scrapgorger targeting [Fetid Pools (375)]
Add To Stack: Ai(1)-N3cro Raggadragga triggered Raggadragga, Goreguts Boss
Add To Stack: Ai(1)-N3cro Raggadragga triggered Raggadragga, Goreguts Boss
Add To Stack: Ai(1)-N3cro Raggadragga triggered Raggadragga, Goreguts Boss
Add To Stack: Ai(1)-N3cro Raggadragga triggered Raggadragga, Goreguts Boss
Add To Stack: Ai(1)-N3cro Raggadragga triggered Raggadragga, Goreguts Boss
Add To Stack: Ai(1)-N3cro Raggadragga triggered Raggadragga, Goreguts Boss
Add To Stack: Ai(1)-N3cro Raggadragga triggered Ruby, Daring Tracker
Resolve Stack: Whenever Ruby, Daring Tracker attacks while you control a creature with power 4 or greater, Ruby gets +2/+2 until end of turn. [Attacker: Ruby, Daring Tracker (79)]
Resolve Stack: Whenever a creature you control with a mana ability attacks, untap it. [Attacker: Fyndhorn Elves (38)]
Resolve Stack: Whenever a creature you control with a mana ability attacks, untap it. [Attacker: Viridian Joiner (84)]
Resolve Stack: Whenever a creature you control with a mana ability attacks, untap it. [Attacker: Llanowar Elves (70)]
Resolve Stack: Whenever a creature you control with a mana ability attacks, untap it. [Attacker: Paradise Druid (36)]
Resolve Stack: Whenever a creature you control with a mana ability attacks, untap it. [Attacker: Armored Scrapgorger (14)]
Resolve Stack: Whenever a creature you control with a mana ability attacks, untap it. [Attacker: Ruby, Daring Tracker (79)]
Resolve Stack: When Armored Scrapgorger becomes tapped, exile target card from a graveyard and put an oil counter on Armored Scrapgorger. (Targeting: [[Fetid Pools (375)]]) [Tapped: Armored Scrapgorger (14)]
Phase: Ai(1)-N3cro Raggadragga's Declare Blockers Step
Combat: Ai(4)-NanMan Felix Five-Boots didn't block Raggadragga, Goreguts Boss (100).
Ai(4)-NanMan Felix Five-Boots didn't block Ruby, Daring Tracker (79).
Ai(4)-NanMan Felix Five-Boots didn't block Armored Scrapgorger (14).
Ai(4)-NanMan Felix Five-Boots didn't block Craterhoof Behemoth (32).
Ai(4)-NanMan Felix Five-Boots didn't block Paradise Druid (36).
Ai(4)-NanMan Felix Five-Boots didn't block Llanowar Elves (70).
Ai(4)-NanMan Felix Five-Boots didn't block Viridian Joiner (84).
Ai(4)-NanMan Felix Five-Boots didn't block Fyndhorn Elves (38).
Phase: Ai(1)-N3cro Raggadragga's First Strike Damage Step
Phase: Ai(1)-N3cro Raggadragga's Combat Damage Step
Damage: Raggadragga, Goreguts Boss (100) deals 4 combat damage to Ai(4)-NanMan Felix Five-Boots.
Damage: Ruby, Daring Tracker (79) deals 5 combat damage to Ai(4)-NanMan Felix Five-Boots.
Damage: Armored Scrapgorger (14) deals 5 combat damage to Ai(4)-NanMan Felix Five-Boots.
Damage: Craterhoof Behemoth (32) deals 5 combat damage to Ai(4)-NanMan Felix Five-Boots.
Damage: Paradise Druid (36) deals 4 combat damage to Ai(4)-NanMan Felix Five-Boots.
Damage: Llanowar Elves (70) deals 3 combat damage to Ai(4)-NanMan Felix Five-Boots.
Damage: Viridian Joiner (84) deals 3 combat damage to Ai(4)-NanMan Felix Five-Boots.
Damage: Fyndhorn Elves (38) deals 3 combat damage to Ai(4)-NanMan Felix Five-Boots.
Life: Life: Ai(4)-NanMan Felix Five-Boots 51 > 19
Phase: Ai(1)-N3cro Raggadragga's End of Combat Step
Phase: Ai(1)-N3cro Raggadragga's Main phase, postcombat
Mana: Fyndhorn Elves (38) - {T}: Add {G}.
Mana: Raging Ravine (48) - {T}: Add {R} or {G}.
Mana: Ruby, Daring Tracker (79) - {T}: Add {R} or {G}.
Mana: Paradise Druid (36) - {T}: Add one mana of any color.
Add To Stack: Ai(1)-N3cro Raggadragga cast Nyxbloom Ancient
Add To Stack: Ai(1)-N3cro Raggadragga triggered Raggadragga, Goreguts Boss targeting [Craterhoof Behemoth (32)]
Resolve Stack: Whenever you cast a spell, if at least seven mana was spent to cast it, untap target creature. It gets +7/+7 and gains trample until end of turn. (Targeting: [[Craterhoof Behemoth (32)]]) [Card: Nyxbloom Ancient (42), Activator: Ai(1)-N3cro Raggadragga, SpellAbility: Nyxbloom Ancient - Creature 5 / 5]
Resolve Stack: Nyxbloom Ancient - Creature 5 / 5
Phase: Ai(1)-N3cro Raggadragga's End step
Phase: Ai(1)-N3cro Raggadragga's Cleanup step
Turn: Turn 38 (Ai(4)-NanMan Felix Five-Boots)
Phase: Ai(4)-NanMan Felix Five-Boots' Untap step
Phase: Ai(4)-NanMan Felix Five-Boots' Upkeep step
Phase: Ai(4)-NanMan Felix Five-Boots' Draw step
Phase: Ai(4)-NanMan Felix Five-Boots' Main phase, precombat
Land: Ai(4)-NanMan Felix Five-Boots played Swamp (392)
Mana: Thought Vessel (349) - {T}: Add {C}.
Mana: Island (362) - {T}: Add {U}.
Add To Stack: Ai(4)-NanMan Felix Five-Boots activated Bloodforged Battle-Axe targeting [Solemn Simulacrum (344)]
Resolve Stack: Bloodforged Battle-Axe (641) -  Attach to Solemn Simulacrum (344)
Mana: Forest (360) - {T}: Add {G}.
Mana: Swamp (393) - {T}: Add {B}.
Add To Stack: Ai(4)-NanMan Felix Five-Boots activated Bloodforged Battle-Axe targeting [Solemn Simulacrum (344)]
Resolve Stack: Bloodforged Battle-Axe (643) -  Attach to Solemn Simulacrum (344)
Mana: Swamp (392) - {T}: Add {B}.
Mana: Temple of Deceit (319) - {T}: Add {U} or {B}.
Add To Stack: Ai(4)-NanMan Felix Five-Boots activated Bloodforged Battle-Axe targeting [Solemn Simulacrum (344)]
Resolve Stack: Bloodforged Battle-Axe (645) -  Attach to Solemn Simulacrum (344)
Mana: Drowned Catacomb (379) - {T}: Add {U} or {B}.
Mana: Sunken Hollow (333) - {T}: Add {B}.
Add To Stack: Ai(4)-NanMan Felix Five-Boots activated Bloodforged Battle-Axe targeting [Solemn Simulacrum (344)]
Resolve Stack: Bloodforged Battle-Axe (647) -  Attach to Solemn Simulacrum (344)
Phase: Ai(4)-NanMan Felix Five-Boots' Beginning of Combat Step
Phase: Ai(4)-NanMan Felix Five-Boots' Declare Attackers Step
Combat: Ai(4)-NanMan Felix Five-Boots assigned Solemn Simulacrum (344), Triton Shorestalker (310) and Shadowmage Infiltrator (383) to attack Ai(1)-N3cro Raggadragga.
Phase: Ai(4)-NanMan Felix Five-Boots' Declare Blockers Step
Combat: Ai(1)-N3cro Raggadragga didn't block Solemn Simulacrum (344).
Ai(1)-N3cro Raggadragga didn't block Triton Shorestalker (310).
Ai(1)-N3cro Raggadragga didn't block Shadowmage Infiltrator (383).
Phase: Ai(4)-NanMan Felix Five-Boots' First Strike Damage Step
Phase: Ai(4)-NanMan Felix Five-Boots' Combat Damage Step
Damage: Solemn Simulacrum (344) deals 26 combat damage to Ai(1)-N3cro Raggadragga.
Life: Life: Ai(4)-NanMan Felix Five-Boots 19 > 45
Damage: Triton Shorestalker (310) deals 1 combat damage to Ai(1)-N3cro Raggadragga.
Damage: Shadowmage Infiltrator (383) deals 1 combat damage to Ai(1)-N3cro Raggadragga.
Life: Life: Ai(1)-N3cro Raggadragga 3 > -25
Player Control: Ai(1)-N3cro Raggadragga has restored control over themself
Player Control: Ai(2)-Kilo Helm Final has restored control over themself
Player Control: Ai(3)-Dnide Wildsear has restored control over themself
Player Control: Ai(4)-NanMan Felix Five-Boots has restored control over themself
Game Outcome: Turn 19
Game Outcome: Ai(1)-N3cro Raggadragga has lost because life total reached 0
Game Outcome: Ai(2)-Kilo Helm Final has lost because life total reached 0
Game Outcome: Ai(3)-Dnide Wildsear has lost because of obtaining 10 poison counters
Game Outcome: Ai(4)-NanMan Felix Five-Boots has won because all opponents have lost
Match Result: Ai(1)-N3cro Raggadragga: 0 Ai(2)-Kilo Helm Final: 0 Ai(3)-Dnide Wildsear: 0 Ai(4)-NanMan Felix Five-Boots: 1 

Game Result: Game 1 ended in 128672 ms. Ai(4)-NanMan Felix Five-Boots has won!

SVar 'Double' not found in ability, fallback to Card (Unnatural Growth). Ability is ()
SVar 'Double' not defined in Card (Unnatural Growth)
SVar 'Double' not found in ability, fallback to Card (Unnatural Growth). Ability is ()
SVar 'Double' not defined in Card (Unnatural Growth)
Warning: default (ie. inherited from base class) implementation of confirmAction is used by Raggadragga, Goreguts Boss for forge.ai.ability.PermanentCreatureAi. Consider declaring an overloaded method
SVar 'Double' not found in ability, fallback to Card (Unnatural Growth). Ability is ()
SVar 'Double' not defined in Card (Unnatural Growth)
SVar 'Double' not found in ability, fallback to Card (Unnatural Growth). Ability is ()
SVar 'Double' not defined in Card (Unnatural Growth)
SVar 'Double' not found in ability, fallback to Card (Unnatural Growth). Ability is ()
SVar 'Double' not defined in Card (Unnatural Growth)
SVar 'Double' not found in ability, fallback to Card (Unnatural Growth). Ability is ()
SVar 'Double' not defined in Card (Unnatural Growth)
SVar 'Double' not found in ability, fallback to Card (Unnatural Growth). Ability is ()
SVar 'Double' not defined in Card (Unnatural Growth)
SVar 'Double' not found in ability, fallback to Card (Unnatural Growth). Ability is ()
SVar 'Double' not defined in Card (Unnatural Growth)
SVar 'Double' not found in ability, fallback to Card (Unnatural Growth). Ability is ()
SVar 'Double' not defined in Card (Unnatural Growth)
SVar 'Double' not found in ability, fallback to Card (Unnatural Growth). Ability is ()
SVar 'Double' not defined in Card (Unnatural Growth)
SVar 'Double' not found in ability, fallback to Card (Unnatural Growth). Ability is ()
SVar 'Double' not defined in Card (Unnatural Growth)
SVar 'Double' not found in ability, fallback to Card (Unnatural Growth). Ability is ()
SVar 'Double' not defined in Card (Unnatural Growth)
SVar 'Double' not found in ability, fallback to Card (Unnatural Growth). Ability is ()
SVar 'Double' not defined in Card (Unnatural Growth)
SVar 'Double' not found in ability, fallback to Card (Unnatural Growth). Ability is ()
SVar 'Double' not defined in Card (Unnatural Growth)
SVar 'Double' not found in ability, fallback to Card (Unnatural Growth). Ability is ()
SVar 'Double' not defined in Card (Unnatural Growth)
SVar 'Double' not found in ability, fallback to Card (Unnatural Growth). Ability is ()
SVar 'Double' not defined in Card (Unnatural Growth)
SVar 'Double' not found in ability, fallback to Card (Unnatural Growth). Ability is ()
SVar 'Double' not defined in Card (Unnatural Growth)
SVar 'Double' not found in ability, fallback to Card (Unnatural Growth). Ability is ()
SVar 'Double' not defined in Card (Unnatural Growth)
SVar 'Double' not found in ability, fallback to Card (Unnatural Growth). Ability is ()
SVar 'Double' not defined in Card (Unnatural Growth)
SVar 'Double' not found in ability, fallback to Card (Unnatural Growth). Ability is ()
SVar 'Double' not defined in Card (Unnatural Growth)
Correcting zone for Enduring Vitality (244)
Warning: default (ie. inherited from base class) implementation of confirmAction is used by Wildsear, Scouring Maw for forge.ai.ability.PermanentCreatureAi. Consider declaring an overloaded method
Stopping slow match as draw
Mulligan: Ai(1)-N3cro Raggadragga has kept a hand of 7 cards
Mulligan: Ai(2)-Kilo Helm Final has kept a hand of 7 cards
Mulligan: Ai(3)-Dnide Wildsear has kept a hand of 7 cards
Mulligan: Ai(4)-NanMan Felix Five-Boots has kept a hand of 7 cards
Turn: Turn 1 (Ai(1)-N3cro Raggadragga)
Phase: Ai(1)-N3cro Raggadragga's Untap step
Phase: Ai(1)-N3cro Raggadragga's Upkeep step
Phase: Ai(1)-N3cro Raggadragga's Draw step
Phase: Ai(1)-N3cro Raggadragga's Main phase, precombat
Land: Ai(1)-N3cro Raggadragga played Forest (62)
Phase: Ai(1)-N3cro Raggadragga's Beginning of Combat Step
Phase: Ai(1)-N3cro Raggadragga's Declare Attackers Step
Phase: Ai(1)-N3cro Raggadragga's Declare Blockers Step
Phase: Ai(1)-N3cro Raggadragga's First Strike Damage Step
Phase: Ai(1)-N3cro Raggadragga's Combat Damage Step
Phase: Ai(1)-N3cro Raggadragga's End of Combat Step
Phase: Ai(1)-N3cro Raggadragga's Main phase, postcombat
Mana: Forest (62) - {T}: Add {G}.
Add To Stack: Ai(1)-N3cro Raggadragga cast Delighted Halfling
Resolve Stack: Delighted Halfling - Creature 1 / 2
Phase: Ai(1)-N3cro Raggadragga's End step
Phase: Ai(1)-N3cro Raggadragga's Cleanup step
Turn: Turn 2 (Ai(2)-Kilo Helm Final)
Phase: Ai(2)-Kilo Helm Final's Untap step
Phase: Ai(2)-Kilo Helm Final's Upkeep step
Phase: Ai(2)-Kilo Helm Final's Draw step
Phase: Ai(2)-Kilo Helm Final's Main phase, precombat
Land: Ai(2)-Kilo Helm Final played Mountain (189)
Phase: Ai(2)-Kilo Helm Final's Beginning of Combat Step
Phase: Ai(2)-Kilo Helm Final's Declare Attackers Step
Phase: Ai(2)-Kilo Helm Final's Declare Blockers Step
Phase: Ai(2)-Kilo Helm Final's First Strike Damage Step
Phase: Ai(2)-Kilo Helm Final's Combat Damage Step
Phase: Ai(2)-Kilo Helm Final's End of Combat Step
Phase: Ai(2)-Kilo Helm Final's Main phase, postcombat
Mana: Mountain (189) - {T}: Add {R}.
Add To Stack: Ai(2)-Kilo Helm Final cast Adamantium Bonding Tank
Resolve Stack: The Ozolith
Phase: Ai(2)-Kilo Helm Final's End step
Phase: Ai(2)-Kilo Helm Final's Cleanup step
Turn: Turn 3 (Ai(3)-Dnide Wildsear)
Phase: Ai(3)-Dnide Wildsear's Untap step
Phase: Ai(3)-Dnide Wildsear's Upkeep step
Phase: Ai(3)-Dnide Wildsear's Draw step
Phase: Ai(3)-Dnide Wildsear's Main phase, precombat
Land: Ai(3)-Dnide Wildsear played Mountain (287)
Phase: Ai(3)-Dnide Wildsear's Beginning of Combat Step
Phase: Ai(3)-Dnide Wildsear's Declare Attackers Step
Phase: Ai(3)-Dnide Wildsear's Declare Blockers Step
Phase: Ai(3)-Dnide Wildsear's First Strike Damage Step
Phase: Ai(3)-Dnide Wildsear's Combat Damage Step
Phase: Ai(3)-Dnide Wildsear's End of Combat Step
Phase: Ai(3)-Dnide Wildsear's Main phase, postcombat
Phase: Ai(3)-Dnide Wildsear's End step
Phase: Ai(3)-Dnide Wildsear's Cleanup step
Turn: Turn 4 (Ai(4)-NanMan Felix Five-Boots)
Phase: Ai(4)-NanMan Felix Five-Boots' Untap step
Phase: Ai(4)-NanMan Felix Five-Boots' Upkeep step
Phase: Ai(4)-NanMan Felix Five-Boots' Draw step
Phase: Ai(4)-NanMan Felix Five-Boots' Main phase, precombat
Replacement Effect: Fetid Pools enters tapped.
Land: Ai(4)-NanMan Felix Five-Boots played Fetid Pools (375)
Phase: Ai(4)-NanMan Felix Five-Boots' Beginning of Combat Step
Phase: Ai(4)-NanMan Felix Five-Boots' Declare Attackers Step
Phase: Ai(4)-NanMan Felix Five-Boots' Declare Blockers Step
Phase: Ai(4)-NanMan Felix Five-Boots' First Strike Damage Step
Phase: Ai(4)-NanMan Felix Five-Boots' Combat Damage Step
Phase: Ai(4)-NanMan Felix Five-Boots' End of Combat Step
Phase: Ai(4)-NanMan Felix Five-Boots' Main phase, postcombat
Phase: Ai(4)-NanMan Felix Five-Boots' End step
Phase: Ai(4)-NanMan Felix Five-Boots' Cleanup step
Turn: Turn 5 (Ai(1)-N3cro Raggadragga)
Phase: Ai(1)-N3cro Raggadragga's Untap step
Phase: Ai(1)-N3cro Raggadragga's Upkeep step
Phase: Ai(1)-N3cro Raggadragga's Draw step
Phase: Ai(1)-N3cro Raggadragga's Main phase, precombat
Land: Ai(1)-N3cro Raggadragga played Kessig Wolf Run (7)
Phase: Ai(1)-N3cro Raggadragga's Beginning of Combat Step
Phase: Ai(1)-N3cro Raggadragga's Declare Attackers Step
Combat: Ai(1)-N3cro Raggadragga assigned Delighted Halfling (80) to attack Ai(2)-Kilo Helm Final.
Phase: Ai(1)-N3cro Raggadragga's Declare Blockers Step
Combat: Ai(2)-Kilo Helm Final didn't block Delighted Halfling (80).
Phase: Ai(1)-N3cro Raggadragga's First Strike Damage Step
Phase: Ai(1)-N3cro Raggadragga's Combat Damage Step
Damage: Delighted Halfling (80) deals 1 combat damage to Ai(2)-Kilo Helm Final.
Life: Life: Ai(2)-Kilo Helm Final 40 > 39
Phase: Ai(1)-N3cro Raggadragga's End of Combat Step
Phase: Ai(1)-N3cro Raggadragga's Main phase, postcombat
Phase: Ai(1)-N3cro Raggadragga's End step
Phase: Ai(1)-N3cro Raggadragga's Cleanup step
Turn: Turn 6 (Ai(2)-Kilo Helm Final)
Phase: Ai(2)-Kilo Helm Final's Untap step
Phase: Ai(2)-Kilo Helm Final's Upkeep step
Phase: Ai(2)-Kilo Helm Final's Draw step
Phase: Ai(2)-Kilo Helm Final's Main phase, precombat
Phase: Ai(2)-Kilo Helm Final's Beginning of Combat Step
Phase: Ai(2)-Kilo Helm Final's Declare Attackers Step
Phase: Ai(2)-Kilo Helm Final's Declare Blockers Step
Phase: Ai(2)-Kilo Helm Final's First Strike Damage Step
Phase: Ai(2)-Kilo Helm Final's Combat Damage Step
Phase: Ai(2)-Kilo Helm Final's End of Combat Step
Phase: Ai(2)-Kilo Helm Final's Main phase, postcombat
Replacement Effect: Glacial Fortress enters tapped unless you control a Plains or an Island.
Land: Ai(2)-Kilo Helm Final played Glacial Fortress (179)
Phase: Ai(2)-Kilo Helm Final's End step
Phase: Ai(2)-Kilo Helm Final's Cleanup step
Turn: Turn 7 (Ai(3)-Dnide Wildsear)
Phase: Ai(3)-Dnide Wildsear's Untap step
Phase: Ai(3)-Dnide Wildsear's Upkeep step
Phase: Ai(3)-Dnide Wildsear's Draw step
Phase: Ai(3)-Dnide Wildsear's Main phase, precombat
Replacement Effect: Rockfall Vale enters tapped unless you control two or more other lands.
Land: Ai(3)-Dnide Wildsear played Rockfall Vale (223)
Phase: Ai(3)-Dnide Wildsear's Beginning of Combat Step
Phase: Ai(3)-Dnide Wildsear's Declare Attackers Step
Phase: Ai(3)-Dnide Wildsear's Declare Blockers Step
Phase: Ai(3)-Dnide Wildsear's First Strike Damage Step
Phase: Ai(3)-Dnide Wildsear's Combat Damage Step
Phase: Ai(3)-Dnide Wildsear's End of Combat Step
Phase: Ai(3)-Dnide Wildsear's Main phase, postcombat
Phase: Ai(3)-Dnide Wildsear's End step
Phase: Ai(3)-Dnide Wildsear's Cleanup step
Turn: Turn 8 (Ai(4)-NanMan Felix Five-Boots)
Phase: Ai(4)-NanMan Felix Five-Boots' Untap step
Phase: Ai(4)-NanMan Felix Five-Boots' Upkeep step
Phase: Ai(4)-NanMan Felix Five-Boots' Draw step
Phase: Ai(4)-NanMan Felix Five-Boots' Main phase, precombat
Land: Ai(4)-NanMan Felix Five-Boots played Llanowar Wastes (372)
Phase: Ai(4)-NanMan Felix Five-Boots' Beginning of Combat Step
Phase: Ai(4)-NanMan Felix Five-Boots' Declare Attackers Step
Phase: Ai(4)-NanMan Felix Five-Boots' Declare Blockers Step
Phase: Ai(4)-NanMan Felix Five-Boots' First Strike Damage Step
Phase: Ai(4)-NanMan Felix Five-Boots' Combat Damage Step
Phase: Ai(4)-NanMan Felix Five-Boots' End of Combat Step
Phase: Ai(4)-NanMan Felix Five-Boots' Main phase, postcombat
Damage: Llanowar Wastes (372) deals 1 non-combat damage to Ai(4)-NanMan Felix Five-Boots.
Life: Life: Ai(4)-NanMan Felix Five-Boots 40 > 39
Mana: Llanowar Wastes (372) - {T}: Add {B} or {G}. Llanowar Wastes deals 1 damage to you. 
Mana: Fetid Pools (375) - {T}: Add {B}.
Add To Stack: Ai(4)-NanMan Felix Five-Boots cast Fynn, the Fangbearer
Resolve Stack: Fynn, the Fangbearer - Creature 1 / 3
Phase: Ai(4)-NanMan Felix Five-Boots' End step
Phase: Ai(4)-NanMan Felix Five-Boots' Cleanup step
Turn: Turn 9 (Ai(1)-N3cro Raggadragga)
Phase: Ai(1)-N3cro Raggadragga's Untap step
Phase: Ai(1)-N3cro Raggadragga's Upkeep step
Phase: Ai(1)-N3cro Raggadragga's Draw step
Phase: Ai(1)-N3cro Raggadragga's Main phase, precombat
Phase: Ai(1)-N3cro Raggadragga's Beginning of Combat Step
Phase: Ai(1)-N3cro Raggadragga's Declare Attackers Step
Phase: Ai(1)-N3cro Raggadragga's Declare Blockers Step
Phase: Ai(1)-N3cro Raggadragga's First Strike Damage Step
Phase: Ai(1)-N3cro Raggadragga's Combat Damage Step
Phase: Ai(1)-N3cro Raggadragga's End of Combat Step
Phase: Ai(1)-N3cro Raggadragga's Main phase, postcombat
Replacement Effect: Commercial District enters tapped.
Land: Ai(1)-N3cro Raggadragga played Commercial District (18)
Add To Stack: Ai(1)-N3cro Raggadragga triggered Commercial District
Resolve Stack: Ai(1)-N3cro Raggadragga surveiled 1 card(s) to the top of the library
Resolve Stack: When Commercial District enters, surveil 1. (Look at the top card of your library. You may put it into your graveyard.) [Zone Changer: Commercial District (18)]
Phase: Ai(1)-N3cro Raggadragga's End step
Phase: Ai(1)-N3cro Raggadragga's Cleanup step
Turn: Turn 10 (Ai(2)-Kilo Helm Final)
Phase: Ai(2)-Kilo Helm Final's Untap step
Phase: Ai(2)-Kilo Helm Final's Upkeep step
Phase: Ai(2)-Kilo Helm Final's Draw step
Phase: Ai(2)-Kilo Helm Final's Main phase, precombat
Phase: Ai(2)-Kilo Helm Final's Beginning of Combat Step
Phase: Ai(2)-Kilo Helm Final's Declare Attackers Step
Phase: Ai(2)-Kilo Helm Final's Declare Blockers Step
Phase: Ai(2)-Kilo Helm Final's First Strike Damage Step
Phase: Ai(2)-Kilo Helm Final's Combat Damage Step
Phase: Ai(2)-Kilo Helm Final's End of Combat Step
Phase: Ai(2)-Kilo Helm Final's Main phase, postcombat
Land: Ai(2)-Kilo Helm Final played Battlefield Forge (115)
Mana: Mountain (189) - {T}: Add {R}.
Mana: Glacial Fortress (179) - {T}: Add {W} or {U}.
Add To Stack: Ai(2)-Kilo Helm Final cast Hangarback Walker
Replacement Effect: Hangarback Walker enters with X +1/+1 counters on it.
Resolve Stack: Hangarback Walker - Creature 0 / 0 (X=1)
Phase: Ai(2)-Kilo Helm Final's End step
Phase: Ai(2)-Kilo Helm Final's Cleanup step
Turn: Turn 11 (Ai(3)-Dnide Wildsear)
Phase: Ai(3)-Dnide Wildsear's Untap step
Phase: Ai(3)-Dnide Wildsear's Upkeep step
Phase: Ai(3)-Dnide Wildsear's Draw step
Phase: Ai(3)-Dnide Wildsear's Main phase, precombat
Land: Ai(3)-Dnide Wildsear played Forest (251)
Mana: Forest (251) - {T}: Add {G}.
Mana: Mountain (287) - {T}: Add {R}.
Mana: Rockfall Vale (223) - {T}: Add {R} or {G}.
Add To Stack: Ai(3)-Dnide Wildsear cast Overgrowth targeting [Rockfall Vale (223)]
Resolve Stack: Overgrowth (242) -  Attach to Rockfall Vale (223)
Phase: Ai(3)-Dnide Wildsear's Beginning of Combat Step
Phase: Ai(3)-Dnide Wildsear's Declare Attackers Step
Phase: Ai(3)-Dnide Wildsear's Declare Blockers Step
Phase: Ai(3)-Dnide Wildsear's First Strike Damage Step
Phase: Ai(3)-Dnide Wildsear's Combat Damage Step
Phase: Ai(3)-Dnide Wildsear's End of Combat Step
Phase: Ai(3)-Dnide Wildsear's Main phase, postcombat
Phase: Ai(3)-Dnide Wildsear's End step
Phase: Ai(3)-Dnide Wildsear's Cleanup step
Turn: Turn 12 (Ai(4)-NanMan Felix Five-Boots)
Phase: Ai(4)-NanMan Felix Five-Boots' Untap step
Phase: Ai(4)-NanMan Felix Five-Boots' Upkeep step
Phase: Ai(4)-NanMan Felix Five-Boots' Draw step
Phase: Ai(4)-NanMan Felix Five-Boots' Main phase, precombat
Land: Ai(4)-NanMan Felix Five-Boots played Command Tower (318)
Phase: Ai(4)-NanMan Felix Five-Boots' Beginning of Combat Step
Phase: Ai(4)-NanMan Felix Five-Boots' Declare Attackers Step
Combat: Ai(4)-NanMan Felix Five-Boots assigned Fynn, the Fangbearer (320) to attack Ai(2)-Kilo Helm Final.
Phase: Ai(4)-NanMan Felix Five-Boots' Declare Blockers Step
Combat: Ai(2)-Kilo Helm Final didn't block Fynn, the Fangbearer (320).
Phase: Ai(4)-NanMan Felix Five-Boots' First Strike Damage Step
Phase: Ai(4)-NanMan Felix Five-Boots' Combat Damage Step
Damage: Fynn, the Fangbearer (320) deals 1 combat damage to Ai(2)-Kilo Helm Final.
Life: Life: Ai(2)-Kilo Helm Final 39 > 38
Add To Stack: Ai(4)-NanMan Felix Five-Boots triggered Fynn, the Fangbearer
Damage: Ai(2)-Kilo Helm Final receives 2 poison counter from Ai(4)-NanMan Felix Five-Boots
Resolve Stack: Whenever a creature you control with deathtouch deals combat damage to a player, that player gets two poison counters. (A player with ten or more poison counters loses the game.) [Damage Source: Fynn, the Fangbearer (320), Damaged: Ai(2)-Kilo Helm Final, Amount: 1]
Phase: Ai(4)-NanMan Felix Five-Boots' End of Combat Step
Phase: Ai(4)-NanMan Felix Five-Boots' Main phase, postcombat
Mana: Fetid Pools (375) - {T}: Add {U}.
Mana: Command Tower (318) - {T}: Add one mana of any color in your commander's color identity.
Mana: Llanowar Wastes (372) - {T}: Add {C}.
Add To Stack: Ai(4)-NanMan Felix Five-Boots cast As Foretold
Resolve Stack: As Foretold
Phase: Ai(4)-NanMan Felix Five-Boots' End step
Phase: Ai(4)-NanMan Felix Five-Boots' Cleanup step
Turn: Turn 13 (Ai(1)-N3cro Raggadragga)
Phase: Ai(1)-N3cro Raggadragga's Untap step
Phase: Ai(1)-N3cro Raggadragga's Upkeep step
Phase: Ai(1)-N3cro Raggadragga's Draw step
Phase: Ai(1)-N3cro Raggadragga's Main phase, precombat
Land: Ai(1)-N3cro Raggadragga played Boseiju, Who Endures (91)
Mana: Commercial District (18) - {T}: Add {R}.
Mana: Forest (62) - {T}: Add {G}.
Mana: Boseiju, Who Endures (91) - {T}: Add {G}.
Mana: Kessig Wolf Run (7) - {T}: Add {C}.
Add To Stack: Ai(1)-N3cro Raggadragga cast Raggadragga, Goreguts Boss
Resolve Stack: Raggadragga, Goreguts Boss - Creature 4 / 4
Phase: Ai(1)-N3cro Raggadragga's Beginning of Combat Step
Phase: Ai(1)-N3cro Raggadragga's Declare Attackers Step
Combat: Ai(1)-N3cro Raggadragga assigned Delighted Halfling (80) to attack Ai(4)-NanMan Felix Five-Boots.
Add To Stack: Ai(1)-N3cro Raggadragga triggered Raggadragga, Goreguts Boss
Resolve Stack: Whenever a creature you control with a mana ability attacks, untap it. [Attacker: Delighted Halfling (80)]
Phase: Ai(1)-N3cro Raggadragga's Declare Blockers Step
Combat: Ai(4)-NanMan Felix Five-Boots didn't block Delighted Halfling (80).
Phase: Ai(1)-N3cro Raggadragga's First Strike Damage Step
Phase: Ai(1)-N3cro Raggadragga's Combat Damage Step
Damage: Delighted Halfling (80) deals 3 combat damage to Ai(4)-NanMan Felix Five-Boots.
Life: Life: Ai(4)-NanMan Felix Five-Boots 39 > 36
Phase: Ai(1)-N3cro Raggadragga's End of Combat Step
Phase: Ai(1)-N3cro Raggadragga's Main phase, postcombat
Phase: Ai(1)-N3cro Raggadragga's End step
Phase: Ai(1)-N3cro Raggadragga's Cleanup step
Turn: Turn 14 (Ai(2)-Kilo Helm Final)
Phase: Ai(2)-Kilo Helm Final's Untap step
Phase: Ai(2)-Kilo Helm Final's Upkeep step
Phase: Ai(2)-Kilo Helm Final's Draw step
Phase: Ai(2)-Kilo Helm Final's Main phase, precombat
Land: Ai(2)-Kilo Helm Final played Plains (157)
Mana: Glacial Fortress (179) - {T}: Add {W} or {U}.
Mana: Mountain (189) - {T}: Add {R}.
Mana: Plains (157) - {T}: Add {W}.
Add To Stack: Ai(2)-Kilo Helm Final cast Kilo, Apogee Mind
Resolve Stack: Kilo, Apogee Mind - Creature 3 / 3
Phase: Ai(2)-Kilo Helm Final's Beginning of Combat Step
Phase: Ai(2)-Kilo Helm Final's Declare Attackers Step
Phase: Ai(2)-Kilo Helm Final's Declare Blockers Step
Phase: Ai(2)-Kilo Helm Final's First Strike Damage Step
Phase: Ai(2)-Kilo Helm Final's Combat Damage Step
Phase: Ai(2)-Kilo Helm Final's End of Combat Step
Phase: Ai(2)-Kilo Helm Final's Main phase, postcombat
Phase: Ai(2)-Kilo Helm Final's End step
Phase: Ai(2)-Kilo Helm Final's Cleanup step
Turn: Turn 15 (Ai(3)-Dnide Wildsear)
Phase: Ai(3)-Dnide Wildsear's Untap step
Phase: Ai(3)-Dnide Wildsear's Upkeep step
Phase: Ai(3)-Dnide Wildsear's Draw step
Phase: Ai(3)-Dnide Wildsear's Main phase, precombat
Land: Ai(3)-Dnide Wildsear played Mountain (278)
Mana: Mountain (287) - {T}: Add {R}.
Mana: Forest (251) - {T}: Add {G}.
Mana: Mountain (278) - {T}: Add {R}.
Mana: Rockfall Vale (223) - {T}: Add {R} or {G}.
Add To Stack: Ai(3)-Dnide Wildsear cast Keeper of Secrets
Resolve Stack: Keeper of Secrets - Creature 6 / 4
Phase: Ai(3)-Dnide Wildsear's Beginning of Combat Step
Phase: Ai(3)-Dnide Wildsear's Declare Attackers Step
Combat: Ai(3)-Dnide Wildsear assigned Keeper of Secrets (221) to attack Ai(1)-N3cro Raggadragga.
Phase: Ai(3)-Dnide Wildsear's Declare Blockers Step
Combat: Ai(1)-N3cro Raggadragga didn't block Keeper of Secrets (221).
Phase: Ai(3)-Dnide Wildsear's First Strike Damage Step
Damage: Keeper of Secrets (221) deals 6 combat damage to Ai(1)-N3cro Raggadragga.
Life: Life: Ai(1)-N3cro Raggadragga 40 > 34
Phase: Ai(3)-Dnide Wildsear's Combat Damage Step
Phase: Ai(3)-Dnide Wildsear's End of Combat Step
Phase: Ai(3)-Dnide Wildsear's Main phase, postcombat
Phase: Ai(3)-Dnide Wildsear's End step
Phase: Ai(3)-Dnide Wildsear's Cleanup step
Turn: Turn 16 (Ai(4)-NanMan Felix Five-Boots)
Phase: Ai(4)-NanMan Felix Five-Boots' Untap step
Phase: Ai(4)-NanMan Felix Five-Boots' Upkeep step
Add To Stack: Ai(4)-NanMan Felix Five-Boots triggered As Foretold
Resolve Stack: At the beginning of your upkeep, put a time counter on As Foretold. [Phase: Ai(4)-NanMan Felix Five-Boots]
Phase: Ai(4)-NanMan Felix Five-Boots' Draw step
Phase: Ai(4)-NanMan Felix Five-Boots' Main phase, precombat
Phase: Ai(4)-NanMan Felix Five-Boots' Beginning of Combat Step
Phase: Ai(4)-NanMan Felix Five-Boots' Declare Attackers Step
Phase: Ai(4)-NanMan Felix Five-Boots' Declare Blockers Step
Phase: Ai(4)-NanMan Felix Five-Boots' First Strike Damage Step
Phase: Ai(4)-NanMan Felix Five-Boots' Combat Damage Step
Phase: Ai(4)-NanMan Felix Five-Boots' End of Combat Step
Phase: Ai(4)-NanMan Felix Five-Boots' Main phase, postcombat
Land: Ai(4)-NanMan Felix Five-Boots played Forest (360)
Mana: Forest (360) - {T}: Add {G}.
Mana: Fetid Pools (375) - {T}: Add {B}.
Mana: Command Tower (318) - {T}: Add one mana of any color in your commander's color identity.
Add To Stack: Ai(4)-NanMan Felix Five-Boots cast Kodama's Reach
Resolve Stack: Kodama's Reach (387) - Search your library for up to two basic land cards, reveal those cards, put one onto the battlefield tapped and the other into your hand, then shuffle.   
Phase: Ai(4)-NanMan Felix Five-Boots' End step
Phase: Ai(4)-NanMan Felix Five-Boots' Cleanup step
Turn: Turn 17 (Ai(1)-N3cro Raggadragga)
Phase: Ai(1)-N3cro Raggadragga's Untap step
Phase: Ai(1)-N3cro Raggadragga's Upkeep step
Phase: Ai(1)-N3cro Raggadragga's Draw step
Phase: Ai(1)-N3cro Raggadragga's Main phase, precombat
Land: Ai(1)-N3cro Raggadragga played Mountain (83)
Mana: Forest (62) - {T}: Add {G}.
Mana: Boseiju, Who Endures (91) - {T}: Add {G}.
Mana: Commercial District (18) - {T}: Add {G}.
Add To Stack: Ai(1)-N3cro Raggadragga cast Circle of Dreams Druid
Resolve Stack: Circle of Dreams Druid - Creature 2 / 1
Phase: Ai(1)-N3cro Raggadragga's Beginning of Combat Step
Phase: Ai(1)-N3cro Raggadragga's Declare Attackers Step
Combat: Ai(1)-N3cro Raggadragga assigned Raggadragga, Goreguts Boss (100) and Delighted Halfling (80) to attack Ai(3)-Dnide Wildsear.
Add To Stack: Ai(1)-N3cro Raggadragga triggered Raggadragga, Goreguts Boss
Resolve Stack: Whenever a creature you control with a mana ability attacks, untap it. [Attacker: Delighted Halfling (80)]
Phase: Ai(1)-N3cro Raggadragga's Declare Blockers Step
Combat: Ai(3)-Dnide Wildsear didn't block Raggadragga, Goreguts Boss (100).
Ai(3)-Dnide Wildsear didn't block Delighted Halfling (80).
Phase: Ai(1)-N3cro Raggadragga's First Strike Damage Step
Phase: Ai(1)-N3cro Raggadragga's Combat Damage Step
Damage: Raggadragga, Goreguts Boss (100) deals 4 combat damage to Ai(3)-Dnide Wildsear.
Damage: Delighted Halfling (80) deals 3 combat damage to Ai(3)-Dnide Wildsear.
Life: Life: Ai(3)-Dnide Wildsear 40 > 33
Phase: Ai(1)-N3cro Raggadragga's End of Combat Step
Phase: Ai(1)-N3cro Raggadragga's Main phase, postcombat
Phase: Ai(1)-N3cro Raggadragga's End step
Mana: Battlefield Forge (115) - {T}: Add {C}.
Add To Stack: Ai(2)-Kilo Helm Final activated Hangarback Walker
Resolve Stack: Hangarback Walker (171) - Ai(2)-Kilo Helm Final puts a +1/+1 counter on Hangarback Walker (171).
Phase: Ai(1)-N3cro Raggadragga's Cleanup step
Turn: Turn 18 (Ai(2)-Kilo Helm Final)
Phase: Ai(2)-Kilo Helm Final's Untap step
Phase: Ai(2)-Kilo Helm Final's Upkeep step
Phase: Ai(2)-Kilo Helm Final's Draw step
Mana: Mountain (189) - {T}: Add {R}.
Mana: Plains (157) - {T}: Add {W}.
Mana: Glacial Fortress (179) - {T}: Add {W} or {U}.
Add To Stack: Ai(2)-Kilo Helm Final cast Chaos Warp targeting [Keeper of Secrets (221)]
Resolve Stack: Chaos Warp (132) - Shuffle Keeper of Secrets (221) into its owner's library. Ai(2)-Kilo Helm Final reveals the top card of Ai(3)-Dnide Wildsear's library.
Phase: Ai(2)-Kilo Helm Final's Main phase, precombat
Land: Ai(2)-Kilo Helm Final played Spire of Industry (111)
Phase: Ai(2)-Kilo Helm Final's Beginning of Combat Step
Phase: Ai(2)-Kilo Helm Final's Declare Attackers Step
Phase: Ai(2)-Kilo Helm Final's Declare Blockers Step
Phase: Ai(2)-Kilo Helm Final's First Strike Damage Step
Phase: Ai(2)-Kilo Helm Final's Combat Damage Step
Phase: Ai(2)-Kilo Helm Final's End of Combat Step
Phase: Ai(2)-Kilo Helm Final's Main phase, postcombat
Phase: Ai(2)-Kilo Helm Final's End step
Phase: Ai(2)-Kilo Helm Final's Cleanup step
Turn: Turn 19 (Ai(3)-Dnide Wildsear)
Phase: Ai(3)-Dnide Wildsear's Untap step
Phase: Ai(3)-Dnide Wildsear's Upkeep step
Phase: Ai(3)-Dnide Wildsear's Draw step
Mana: Forest (251) - {T}: Add {G}.
Mana: Mountain (287) - {T}: Add {R}.
Add To Stack: Ai(3)-Dnide Wildsear cast Heroic Intervention
Resolve Stack: Heroic Intervention (291) - Permanents you control gain hexproof and indestructible until end of turn.
Phase: Ai(3)-Dnide Wildsear's Main phase, precombat
Land: Ai(3)-Dnide Wildsear played Forest (259)
Mana: Mountain (278) - {T}: Add {R}.
Mana: Rockfall Vale (223) - {T}: Add {R} or {G}.
Add To Stack: Ai(3)-Dnide Wildsear cast Forgeborn Oreads
Resolve Stack: Forgeborn Oreads - Creature 4 / 2
Add To Stack: Ai(3)-Dnide Wildsear triggered Forgeborn Oreads targeting [Ai(1)-N3cro Raggadragga]
Damage: Forgeborn Oreads (246) deals 1 non-combat damage to Ai(1)-N3cro Raggadragga.
Life: Life: Ai(1)-N3cro Raggadragga 34 > 33
Resolve Stack: Constellation — Whenever Forgeborn Oreads or another enchantment you control enters, Forgeborn Oreads deals 1 damage to any target. (Targeting: [[Ai(1)-N3cro Raggadragga]]) [Zone Changer: Forgeborn Oreads (246)]
Phase: Ai(3)-Dnide Wildsear's Beginning of Combat Step
Phase: Ai(3)-Dnide Wildsear's Declare Attackers Step
Combat: Ai(3)-Dnide Wildsear assigned Wild-Magic Sorcerer (230) to attack Ai(1)-N3cro Raggadragga.
Phase: Ai(3)-Dnide Wildsear's Declare Blockers Step
Combat: Ai(1)-N3cro Raggadragga didn't block Wild-Magic Sorcerer (230).
Phase: Ai(3)-Dnide Wildsear's First Strike Damage Step
Phase: Ai(3)-Dnide Wildsear's Combat Damage Step
Damage: Wild-Magic Sorcerer (230) deals 4 combat damage to Ai(1)-N3cro Raggadragga.
Life: Life: Ai(1)-N3cro Raggadragga 33 > 29
Phase: Ai(3)-Dnide Wildsear's End of Combat Step
Phase: Ai(3)-Dnide Wildsear's Main phase, postcombat
Phase: Ai(3)-Dnide Wildsear's End step
Phase: Ai(3)-Dnide Wildsear's Cleanup step
Turn: Turn 20 (Ai(4)-NanMan Felix Five-Boots)
Phase: Ai(4)-NanMan Felix Five-Boots' Untap step
Phase: Ai(4)-NanMan Felix Five-Boots' Upkeep step
Add To Stack: Ai(4)-NanMan Felix Five-Boots triggered As Foretold
Resolve Stack: At the beginning of your upkeep, put a time counter on As Foretold. [Phase: Ai(4)-NanMan Felix Five-Boots]
Phase: Ai(4)-NanMan Felix Five-Boots' Draw step
Phase: Ai(4)-NanMan Felix Five-Boots' Main phase, precombat
Phase: Ai(4)-NanMan Felix Five-Boots' Beginning of Combat Step
Phase: Ai(4)-NanMan Felix Five-Boots' Declare Attackers Step
Phase: Ai(4)-NanMan Felix Five-Boots' Declare Blockers Step
Phase: Ai(4)-NanMan Felix Five-Boots' First Strike Damage Step
Phase: Ai(4)-NanMan Felix Five-Boots' Combat Damage Step
Phase: Ai(4)-NanMan Felix Five-Boots' End of Combat Step
Phase: Ai(4)-NanMan Felix Five-Boots' Main phase, postcombat
Replacement Effect: Hinterland Harbor enters tapped unless you control a Forest or an Island.
Land: Ai(4)-NanMan Felix Five-Boots played Hinterland Harbor (332)
Mana: Hinterland Harbor (332) - {T}: Add {G} or {U}.
Mana: Swamp (390) - {T}: Add {B}.
Mana: Forest (360) - {T}: Add {G}.
Mana: Fetid Pools (375) - {T}: Add {B}.
Mana: Command Tower (318) - {T}: Add one mana of any color in your commander's color identity.
Add To Stack: Ai(4)-NanMan Felix Five-Boots cast Felix Five-Boots
Resolve Stack: Felix Five-Boots - Creature 5 / 4
Phase: Ai(4)-NanMan Felix Five-Boots' End step
Phase: Ai(4)-NanMan Felix Five-Boots' Cleanup step
Turn: Turn 21 (Ai(1)-N3cro Raggadragga)
Phase: Ai(1)-N3cro Raggadragga's Untap step
Phase: Ai(1)-N3cro Raggadragga's Upkeep step
Phase: Ai(1)-N3cro Raggadragga's Draw step
Phase: Ai(1)-N3cro Raggadragga's Main phase, precombat
Land: Ai(1)-N3cro Raggadragga played Reliquary Tower (76)
Mana: Forest (62) - {T}: Add {G}.
Mana: Boseiju, Who Endures (91) - {T}: Add {G}.
Mana: Commercial District (18) - {T}: Add {G}.
Mana: Circle of Dreams Druid (77) - {T}: Add {G} for each creature you control.
Add To Stack: Ai(1)-N3cro Raggadragga cast Unnatural Growth
Resolve Stack: Unnatural Growth
Mana: Mountain (83) - {T}: Add {R}.
Mana: Reliquary Tower (76) - {T}: Add {C}.
Add To Stack: Ai(1)-N3cro Raggadragga cast Rolling Earthquake
Damage: Rolling Earthquake (72) deals 2 damage to Delighted Halfling (80).
Damage: Rolling Earthquake (72) deals 2 damage to Raggadragga, Goreguts Boss (100).
Damage: Rolling Earthquake (72) deals 2 damage to Circle of Dreams Druid (77).
Damage: Rolling Earthquake (72) deals 2 damage to Hangarback Walker (171).
Damage: Rolling Earthquake (72) deals 2 damage to Kilo, Apogee Mind (201).
Damage: Rolling Earthquake (72) deals 2 damage to Wild-Magic Sorcerer (230).
Damage: Rolling Earthquake (72) deals 2 damage to Forgeborn Oreads (246).
Damage: Rolling Earthquake (72) deals 2 damage to Fynn, the Fangbearer (320).
Damage: Rolling Earthquake (72) deals 2 damage to Felix Five-Boots (403).
Damage: Rolling Earthquake (72) deals 2 non-combat damage to Ai(1)-N3cro Raggadragga.
Damage: Rolling Earthquake (72) deals 2 non-combat damage to Ai(2)-Kilo Helm Final.
Damage: Rolling Earthquake (72) deals 2 non-combat damage to Ai(3)-Dnide Wildsear.
Damage: Rolling Earthquake (72) deals 2 non-combat damage to Ai(4)-NanMan Felix Five-Boots.
Life: Life: Ai(1)-N3cro Raggadragga 29 > 27
Life: Life: Ai(2)-Kilo Helm Final 38 > 36
Life: Life: Ai(3)-Dnide Wildsear 33 > 31
Life: Life: Ai(4)-NanMan Felix Five-Boots 36 > 34
Resolve Stack: Rolling Earthquake (72) - Deals 2 damage to Creature.withoutHorsemanship. (X=2)
Zone Change: Hangarback Walker (171) was put into Graveyard from Battlefield.
Zone Change: Forgeborn Oreads (246) was put into Graveyard from Battlefield.
Add To Stack: Ai(2)-Kilo Helm Final triggered Adamantium Bonding Tank
Add To Stack: Ai(2)-Kilo Helm Final triggered Hangarback Walker
Resolve Stack: When Hangarback Walker dies, create a 1/1 colorless Thopter artifact creature token with flying for each +1/+1 counter on Hangarback Walker. [Zone Changer: Hangarback Walker (171)]
Resolve Stack: Whenever a creature you control leaves the battlefield, if it had counters on it, put those counters on Adamantium Bonding Tank. [Zone Changer: Hangarback Walker (171)]
Phase: Ai(1)-N3cro Raggadragga's Beginning of Combat Step
Add To Stack: Ai(1)-N3cro Raggadragga triggered Unnatural Growth
Resolve Stack: At the beginning of each combat, double the power and toughness of each creature you control until end of turn. [Phase: Ai(1)-N3cro Raggadragga]
Phase: Ai(1)-N3cro Raggadragga's Declare Attackers Step
Combat: Ai(1)-N3cro Raggadragga assigned Raggadragga, Goreguts Boss (100) and Delighted Halfling (80) to attack Ai(4)-NanMan Felix Five-Boots.
Add To Stack: Ai(1)-N3cro Raggadragga triggered Raggadragga, Goreguts Boss
Resolve Stack: Whenever a creature you control with a mana ability attacks, untap it. [Attacker: Delighted Halfling (80)]
Phase: Ai(1)-N3cro Raggadragga's Declare Blockers Step
Combat: Ai(4)-NanMan Felix Five-Boots assigned Fynn, the Fangbearer (320) to block Raggadragga, Goreguts Boss (100).
Ai(4)-NanMan Felix Five-Boots didn't block Delighted Halfling (80).
Phase: Ai(1)-N3cro Raggadragga's First Strike Damage Step
Phase: Ai(1)-N3cro Raggadragga's Combat Damage Step
Damage: Raggadragga, Goreguts Boss (100) deals 8 damage to Fynn, the Fangbearer (320).
Damage: Delighted Halfling (80) deals 6 combat damage to Ai(4)-NanMan Felix Five-Boots.
Damage: Fynn, the Fangbearer (320) deals 1 damage (Deathtouch) to Raggadragga, Goreguts Boss (100).
Life: Life: Ai(4)-NanMan Felix Five-Boots 34 > 28
Zone Change: Raggadragga, Goreguts Boss (100) was put into Graveyard from Battlefield.
Zone Change: Fynn, the Fangbearer (320) was put into Graveyard from Battlefield.
Phase: Ai(1)-N3cro Raggadragga's End of Combat Step
Phase: Ai(1)-N3cro Raggadragga's Main phase, postcombat
Phase: Ai(1)-N3cro Raggadragga's End step
Phase: Ai(1)-N3cro Raggadragga's Cleanup step
Turn: Turn 22 (Ai(2)-Kilo Helm Final)
Phase: Ai(2)-Kilo Helm Final's Untap step
Phase: Ai(2)-Kilo Helm Final's Upkeep step
Phase: Ai(2)-Kilo Helm Final's Draw step
Phase: Ai(2)-Kilo Helm Final's Main phase, precombat
Mana: Mountain (189) - {T}: Add {R}.
Mana: Plains (157) - {T}: Add {W}.
Mana: Glacial Fortress (179) - {T}: Add {W} or {U}.
Mana: Battlefield Forge (115) - {T}: Add {C}.
Mana: Spire of Industry (111) - {T}: Add {C}.
Add To Stack: Ai(2)-Kilo Helm Final cast Alibou, Ancient Witness
Resolve Stack: Alibou, Ancient Witness - Creature 4 / 5
Phase: Ai(2)-Kilo Helm Final's Beginning of Combat Step
Add To Stack: Ai(2)-Kilo Helm Final triggered Adamantium Bonding Tank targeting [Alibou, Ancient Witness (172)]
Add To Stack: Ai(1)-N3cro Raggadragga triggered Unnatural Growth
Resolve Stack: At the beginning of each combat, double the power and toughness of each creature you control until end of turn. [Phase: Ai(2)-Kilo Helm Final]
Resolve Stack: At the beginning of combat on your turn, if Adamantium Bonding Tank has counters on it, you may move all counters from Adamantium Bonding Tank onto target creature. (Targeting: [[Alibou, Ancient Witness (172)]]) [Phase: Ai(2)-Kilo Helm Final]
Phase: Ai(2)-Kilo Helm Final's Declare Attackers Step
Combat: Ai(2)-Kilo Helm Final assigned Thopter Token (411) and Thopter Token (412) to attack Ai(1)-N3cro Raggadragga.
Add To Stack: Ai(2)-Kilo Helm Final triggered Alibou, Ancient Witness targeting [Circle of Dreams Druid (77)]
Damage: Alibou, Ancient Witness (172) deals 2 damage to Circle of Dreams Druid (77).
Resolve Stack: Ai(2)-Kilo Helm Final scried 2 card(s) to the top of the library
Resolve Stack: Whenever one or more artifact creatures you control attack, Alibou, Ancient Witness deals X damage to any target and you scry X, where X is the number of tapped artifacts you control. (Targeting: [[Circle of Dreams Druid (77)]]) [Number Attackers: [Thopter Token (411), Thopter Token (412)]]
Zone Change: Circle of Dreams Druid (77) was put into Graveyard from Battlefield.
Phase: Ai(2)-Kilo Helm Final's Declare Blockers Step
Combat: Ai(1)-N3cro Raggadragga didn't block Thopter Token (411).
Ai(1)-N3cro Raggadragga didn't block Thopter Token (412).
Phase: Ai(2)-Kilo Helm Final's First Strike Damage Step
Phase: Ai(2)-Kilo Helm Final's Combat Damage Step
Damage: Thopter Token (411) deals 1 combat damage to Ai(1)-N3cro Raggadragga.
Damage: Thopter Token (412) deals 1 combat damage to Ai(1)-N3cro Raggadragga.
Life: Life: Ai(1)-N3cro Raggadragga 27 > 25
Phase: Ai(2)-Kilo Helm Final's End of Combat Step
Phase: Ai(2)-Kilo Helm Final's Main phase, postcombat
Phase: Ai(2)-Kilo Helm Final's End step
Phase: Ai(2)-Kilo Helm Final's Cleanup step
Turn: Turn 23 (Ai(3)-Dnide Wildsear)
Phase: Ai(3)-Dnide Wildsear's Untap step
Phase: Ai(3)-Dnide Wildsear's Upkeep step
Phase: Ai(3)-Dnide Wildsear's Draw step
Phase: Ai(3)-Dnide Wildsear's Main phase, precombat
Land: Ai(3)-Dnide Wildsear played Forest (252)
Phase: Ai(3)-Dnide Wildsear's Beginning of Combat Step
Add To Stack: Ai(1)-N3cro Raggadragga triggered Unnatural Growth
Resolve Stack: At the beginning of each combat, double the power and toughness of each creature you control until end of turn. [Phase: Ai(3)-Dnide Wildsear]
Phase: Ai(3)-Dnide Wildsear's Declare Attackers Step
Phase: Ai(3)-Dnide Wildsear's Declare Blockers Step
Phase: Ai(3)-Dnide Wildsear's First Strike Damage Step
Phase: Ai(3)-Dnide Wildsear's Combat Damage Step
Phase: Ai(3)-Dnide Wildsear's End of Combat Step
Phase: Ai(3)-Dnide Wildsear's Main phase, postcombat
Mana: Mountain (287) - {T}: Add {R}.
Mana: Forest (251) - {T}: Add {G}.
Mana: Forest (259) - {T}: Add {G}.
Mana: Forest (252) - {T}: Add {G}.
Mana: Mountain (278) - {T}: Add {R}.
Add To Stack: Ai(3)-Dnide Wildsear cast Wildsear, Scouring Maw
Resolve Stack: Wildsear, Scouring Maw - Creature 6 / 6
Phase: Ai(3)-Dnide Wildsear's End step
Phase: Ai(3)-Dnide Wildsear's Cleanup step
Turn: Turn 24 (Ai(4)-NanMan Felix Five-Boots)
Phase: Ai(4)-NanMan Felix Five-Boots' Untap step
Phase: Ai(4)-NanMan Felix Five-Boots' Upkeep step
Add To Stack: Ai(4)-NanMan Felix Five-Boots triggered As Foretold
Resolve Stack: At the beginning of your upkeep, put a time counter on As Foretold. [Phase: Ai(4)-NanMan Felix Five-Boots]
Add To Stack: Ai(4)-NanMan Felix Five-Boots cast Chaos Warp targeting [Wildsear, Scouring Maw (302)]
Replacement Effect: If a commander would be put into its owner's hand or library from anywhere, its owner may put it into the command zone instead.
Resolve Stack: Chaos Warp (228) - Shuffle Wildsear, Scouring Maw (302) into its owner's library. Ai(4)-NanMan Felix Five-Boots reveals the top card of Ai(3)-Dnide Wildsear's library.
Phase: Ai(4)-NanMan Felix Five-Boots' Draw step
Phase: Ai(4)-NanMan Felix Five-Boots' Main phase, precombat
Mana: Forest (360) - {T}: Add {G}.
Mana: Swamp (390) - {T}: Add {B}.
Mana: Hinterland Harbor (332) - {T}: Add {G} or {U}.
Add To Stack: Ai(4)-NanMan Felix Five-Boots cast Whispersilk Cloak
Resolve Stack: Whispersilk Cloak
Replacement Effect: As Watery Grave enters, you may pay 2 life. If you don't, it enters tapped.
Land: Ai(4)-NanMan Felix Five-Boots played Watery Grave (312)
Mana: Fetid Pools (375) - {T}: Add {B}.
Mana: Command Tower (318) - {T}: Add one mana of any color in your commander's color identity.
Add To Stack: Ai(4)-NanMan Felix Five-Boots activated Whispersilk Cloak targeting [Felix Five-Boots (403)]
Resolve Stack: Whispersilk Cloak (335) -  Attach to Felix Five-Boots (403)
Phase: Ai(4)-NanMan Felix Five-Boots' Beginning of Combat Step
Add To Stack: Ai(1)-N3cro Raggadragga triggered Unnatural Growth
Resolve Stack: At the beginning of each combat, double the power and toughness of each creature you control until end of turn. [Phase: Ai(4)-NanMan Felix Five-Boots]
Phase: Ai(4)-NanMan Felix Five-Boots' Declare Attackers Step
Combat: Ai(4)-NanMan Felix Five-Boots assigned Felix Five-Boots (403) to attack Ai(2)-Kilo Helm Final.
Phase: Ai(4)-NanMan Felix Five-Boots' Declare Blockers Step
Combat: Ai(2)-Kilo Helm Final didn't block Felix Five-Boots (403).
Phase: Ai(4)-NanMan Felix Five-Boots' First Strike Damage Step
Phase: Ai(4)-NanMan Felix Five-Boots' Combat Damage Step
Damage: Felix Five-Boots (403) deals 5 combat damage to Ai(2)-Kilo Helm Final.
Life: Life: Ai(2)-Kilo Helm Final 36 > 31
Phase: Ai(4)-NanMan Felix Five-Boots' End of Combat Step
Phase: Ai(4)-NanMan Felix Five-Boots' Main phase, postcombat
Phase: Ai(4)-NanMan Felix Five-Boots' End step
Phase: Ai(4)-NanMan Felix Five-Boots' Cleanup step
Turn: Turn 25 (Ai(1)-N3cro Raggadragga)
Phase: Ai(1)-N3cro Raggadragga's Untap step
Phase: Ai(1)-N3cro Raggadragga's Upkeep step
Phase: Ai(1)-N3cro Raggadragga's Draw step
Phase: Ai(1)-N3cro Raggadragga's Main phase, precombat
Land: Ai(1)-N3cro Raggadragga played Rogue's Passage (23)
Mana: Mountain (83) - {T}: Add {R}.
Mana: Forest (62) - {T}: Add {G}.
Mana: Reliquary Tower (76) - {T}: Add {C}.
Mana: Boseiju, Who Endures (91) - {T}: Add {G}.
Mana: Commercial District (18) - {T}: Add {G}.
Mana: Kessig Wolf Run (7) - {T}: Add {C}.
Add To Stack: Ai(1)-N3cro Raggadragga cast Raggadragga, Goreguts Boss
Resolve Stack: Raggadragga, Goreguts Boss - Creature 4 / 4
Phase: Ai(1)-N3cro Raggadragga's Beginning of Combat Step
Add To Stack: Ai(1)-N3cro Raggadragga triggered Unnatural Growth
Resolve Stack: At the beginning of each combat, double the power and toughness of each creature you control until end of turn. [Phase: Ai(1)-N3cro Raggadragga]
Phase: Ai(1)-N3cro Raggadragga's Declare Attackers Step
Phase: Ai(1)-N3cro Raggadragga's Declare Blockers Step
Phase: Ai(1)-N3cro Raggadragga's First Strike Damage Step
Phase: Ai(1)-N3cro Raggadragga's Combat Damage Step
Phase: Ai(1)-N3cro Raggadragga's End of Combat Step
Phase: Ai(1)-N3cro Raggadragga's Main phase, postcombat
Phase: Ai(1)-N3cro Raggadragga's End step
Phase: Ai(1)-N3cro Raggadragga's Cleanup step
Turn: Turn 26 (Ai(2)-Kilo Helm Final)
Phase: Ai(2)-Kilo Helm Final's Untap step
Phase: Ai(2)-Kilo Helm Final's Upkeep step
Phase: Ai(2)-Kilo Helm Final's Draw step
Phase: Ai(2)-Kilo Helm Final's Main phase, precombat
Mana: Plains (157) - {T}: Add {W}.
Mana: Mountain (189) - {T}: Add {R}.
Mana: Glacial Fortress (179) - {T}: Add {W} or {U}.
Mana: Battlefield Forge (115) - {T}: Add {C}.
Mana: Spire of Industry (111) - {T}: Add {C}.
Add To Stack: Ai(2)-Kilo Helm Final cast Illustrious Wanderglyph
Resolve Stack: Illustrious Wanderglyph - Creature 2 / 2
Phase: Ai(2)-Kilo Helm Final's Beginning of Combat Step
Add To Stack: Ai(1)-N3cro Raggadragga triggered Unnatural Growth
Resolve Stack: At the beginning of each combat, double the power and toughness of each creature you control until end of turn. [Phase: Ai(2)-Kilo Helm Final]
Phase: Ai(2)-Kilo Helm Final's Declare Attackers Step
Combat: Ai(2)-Kilo Helm Final assigned Alibou, Ancient Witness (172), Thopter Token (411) and Thopter Token (412) to attack Ai(1)-N3cro Raggadragga.
Add To Stack: Ai(2)-Kilo Helm Final triggered Alibou, Ancient Witness targeting [Ai(1)-N3cro Raggadragga]
Damage: Alibou, Ancient Witness (172) deals 3 non-combat damage to Ai(1)-N3cro Raggadragga.
Life: Life: Ai(1)-N3cro Raggadragga 25 > 22
Resolve Stack: Ai(2)-Kilo Helm Final scried 3 card(s) to the top of the library
Resolve Stack: Whenever one or more artifact creatures you control attack, Alibou, Ancient Witness deals X damage to any target and you scry X, where X is the number of tapped artifacts you control. (Targeting: [[Ai(1)-N3cro Raggadragga]]) [Number Attackers: [Alibou, Ancient Witness (172), Thopter Token (411), Thopter Token (412)]]
Phase: Ai(2)-Kilo Helm Final's Declare Blockers Step
Combat: Ai(1)-N3cro Raggadragga didn't block Alibou, Ancient Witness (172).
Ai(1)-N3cro Raggadragga didn't block Thopter Token (411).
Ai(1)-N3cro Raggadragga didn't block Thopter Token (412).
Phase: Ai(2)-Kilo Helm Final's First Strike Damage Step
Phase: Ai(2)-Kilo Helm Final's Combat Damage Step
Damage: Alibou, Ancient Witness (172) deals 8 combat damage to Ai(1)-N3cro Raggadragga.
Damage: Thopter Token (411) deals 3 combat damage to Ai(1)-N3cro Raggadragga.
Damage: Thopter Token (412) deals 3 combat damage to Ai(1)-N3cro Raggadragga.
Life: Life: Ai(1)-N3cro Raggadragga 22 > 8
Phase: Ai(2)-Kilo Helm Final's End of Combat Step
Phase: Ai(2)-Kilo Helm Final's Main phase, postcombat
Phase: Ai(2)-Kilo Helm Final's End step
Phase: Ai(2)-Kilo Helm Final's Cleanup step
Turn: Turn 27 (Ai(3)-Dnide Wildsear)
Phase: Ai(3)-Dnide Wildsear's Untap step
Phase: Ai(3)-Dnide Wildsear's Upkeep step
Add To Stack: Ai(2)-Kilo Helm Final triggered Illustrious Wanderglyph
Resolve Stack: At the beginning of each upkeep, create a 1/1 colorless Gnome artifact creature token. [Phase: Ai(3)-Dnide Wildsear]
Phase: Ai(3)-Dnide Wildsear's Draw step
Mana: Forest (251) - {T}: Add {G}.
Mana: Forest (259) - {T}: Add {G}.
Mana: Forest (252) - {T}: Add {G}.
Mana: Mountain (287) - {T}: Add {R}.
Mana: Mountain (278) - {T}: Add {R}.
Add To Stack: Ai(3)-Dnide Wildsear cast Return of the Wildspeaker
Resolve Stack: Return of the Wildspeaker (203) -  Non-Human creatures you control get +3/+3 until end of turn.
Phase: Ai(3)-Dnide Wildsear's Main phase, precombat
Phase: Ai(3)-Dnide Wildsear's Beginning of Combat Step
Add To Stack: Ai(1)-N3cro Raggadragga triggered Unnatural Growth
Resolve Stack: At the beginning of each combat, double the power and toughness of each creature you control until end of turn. [Phase: Ai(3)-Dnide Wildsear]
Phase: Ai(3)-Dnide Wildsear's Declare Attackers Step
Phase: Ai(3)-Dnide Wildsear's Declare Blockers Step
Phase: Ai(3)-Dnide Wildsear's First Strike Damage Step
Phase: Ai(3)-Dnide Wildsear's Combat Damage Step
Phase: Ai(3)-Dnide Wildsear's End of Combat Step
Phase: Ai(3)-Dnide Wildsear's Main phase, postcombat
Phase: Ai(3)-Dnide Wildsear's End step
Phase: Ai(3)-Dnide Wildsear's Cleanup step
Turn: Turn 28 (Ai(4)-NanMan Felix Five-Boots)
Phase: Ai(4)-NanMan Felix Five-Boots' Untap step
Phase: Ai(4)-NanMan Felix Five-Boots' Upkeep step
Add To Stack: Ai(4)-NanMan Felix Five-Boots triggered As Foretold
Add To Stack: Ai(2)-Kilo Helm Final triggered Illustrious Wanderglyph
Resolve Stack: At the beginning of each upkeep, create a 1/1 colorless Gnome artifact creature token. [Phase: Ai(4)-NanMan Felix Five-Boots]
Resolve Stack: At the beginning of your upkeep, put a time counter on As Foretold. [Phase: Ai(4)-NanMan Felix Five-Boots]
Phase: Ai(4)-NanMan Felix Five-Boots' Draw step
Phase: Ai(4)-NanMan Felix Five-Boots' Main phase, precombat
Replacement Effect: Sunken Hollow enters tapped unless you control two or more basic lands.
Land: Ai(4)-NanMan Felix Five-Boots played Sunken Hollow (333)
Phase: Ai(4)-NanMan Felix Five-Boots' Beginning of Combat Step
Add To Stack: Ai(1)-N3cro Raggadragga triggered Unnatural Growth
Resolve Stack: At the beginning of each combat, double the power and toughness of each creature you control until end of turn. [Phase: Ai(4)-NanMan Felix Five-Boots]
Phase: Ai(4)-NanMan Felix Five-Boots' Declare Attackers Step
Combat: Ai(4)-NanMan Felix Five-Boots assigned Felix Five-Boots (403) to attack Ai(2)-Kilo Helm Final.
Phase: Ai(4)-NanMan Felix Five-Boots' Declare Blockers Step
Combat: Ai(2)-Kilo Helm Final didn't block Felix Five-Boots (403).
Phase: Ai(4)-NanMan Felix Five-Boots' First Strike Damage Step
Phase: Ai(4)-NanMan Felix Five-Boots' Combat Damage Step
Damage: Felix Five-Boots (403) deals 5 combat damage to Ai(2)-Kilo Helm Final.
Life: Life: Ai(2)-Kilo Helm Final 31 > 26
Phase: Ai(4)-NanMan Felix Five-Boots' End of Combat Step
Phase: Ai(4)-NanMan Felix Five-Boots' Main phase, postcombat
Add To Stack: Ai(4)-NanMan Felix Five-Boots cast Enduring Vitality
Resolve Stack: Enduring Vitality - Creature 3 / 3
Mana: Hinterland Harbor (332) - {T}: Add {G} or {U}.
Mana: Forest (360) - {T}: Add {G}.
Mana: Swamp (390) - {T}: Add {B}.
Add To Stack: Ai(4)-NanMan Felix Five-Boots cast Trophy Mage
Resolve Stack: Trophy Mage - Creature 2 / 2
Add To Stack: Ai(4)-NanMan Felix Five-Boots triggered Trophy Mage
Resolve Stack: When Trophy Mage enters, you may search your library for an artifact card with mana value 3, reveal it, put it into your hand, then shuffle. [Zone Changer: Trophy Mage (347)]
Mana: Fetid Pools (375) - {T}: Add {B}.
Mana: Watery Grave (312) - {T}: Add {B}.
Mana: Sunken Hollow (333) - {T}: Add {B}.
Add To Stack: Ai(4)-NanMan Felix Five-Boots cast Sword of Fire and Ice
Resolve Stack: Sword of Fire and Ice
Mana: Command Tower (318) - {T}: Add one mana of any color in your commander's color identity.
Mana: Llanowar Wastes (372) - {T}: Add {C}.
Add To Stack: Ai(4)-NanMan Felix Five-Boots activated Sword of Fire and Ice targeting [Enduring Vitality (244)]
Resolve Stack: Sword of Fire and Ice (315) -  Attach to Enduring Vitality (244)
Phase: Ai(4)-NanMan Felix Five-Boots' End step
Phase: Ai(4)-NanMan Felix Five-Boots' Cleanup step
Turn: Turn 29 (Ai(1)-N3cro Raggadragga)
Phase: Ai(1)-N3cro Raggadragga's Untap step
Phase: Ai(1)-N3cro Raggadragga's Upkeep step
Add To Stack: Ai(2)-Kilo Helm Final triggered Illustrious Wanderglyph
Resolve Stack: At the beginning of each upkeep, create a 1/1 colorless Gnome artifact creature token. [Phase: Ai(1)-N3cro Raggadragga]
Phase: Ai(1)-N3cro Raggadragga's Draw step
Phase: Ai(1)-N3cro Raggadragga's Main phase, precombat
Land: Ai(1)-N3cro Raggadragga played Forest (58)
Mana: Forest (62) - {T}: Add {G}.
Mana: Reliquary Tower (76) - {T}: Add {C}.
Mana: Mountain (83) - {T}: Add {R}.
Add To Stack: Ai(1)-N3cro Raggadragga cast Topiary Lecturer
Resolve Stack: Topiary Lecturer - Creature 1 / 2
Phase: Ai(1)-N3cro Raggadragga's Beginning of Combat Step
Add To Stack: Ai(1)-N3cro Raggadragga triggered Unnatural Growth
Resolve Stack: At the beginning of each combat, double the power and toughness of each creature you control until end of turn. [Phase: Ai(1)-N3cro Raggadragga]
Phase: Ai(1)-N3cro Raggadragga's Declare Attackers Step
Phase: Ai(1)-N3cro Raggadragga's Declare Blockers Step
Phase: Ai(1)-N3cro Raggadragga's First Strike Damage Step
Phase: Ai(1)-N3cro Raggadragga's Combat Damage Step
Phase: Ai(1)-N3cro Raggadragga's End of Combat Step
Phase: Ai(1)-N3cro Raggadragga's Main phase, postcombat
Mana: Boseiju, Who Endures (91) - {T}: Add {G}.
Mana: Forest (58) - {T}: Add {G}.
Mana: Commercial District (18) - {T}: Add {G}.
Add To Stack: Ai(1)-N3cro Raggadragga cast Tribute to the World Tree
Resolve Stack: Tribute to the World Tree
Phase: Ai(1)-N3cro Raggadragga's End step
Phase: Ai(1)-N3cro Raggadragga's Cleanup step
Turn: Turn 30 (Ai(2)-Kilo Helm Final)
Phase: Ai(2)-Kilo Helm Final's Untap step
Phase: Ai(2)-Kilo Helm Final's Upkeep step
Add To Stack: Ai(2)-Kilo Helm Final triggered Illustrious Wanderglyph
Resolve Stack: At the beginning of each upkeep, create a 1/1 colorless Gnome artifact creature token. [Phase: Ai(2)-Kilo Helm Final]
Phase: Ai(2)-Kilo Helm Final's Draw step
Phase: Ai(2)-Kilo Helm Final's Main phase, precombat
Land: Ai(2)-Kilo Helm Final played Inkmoth Nexus (142)
Phase: Ai(2)-Kilo Helm Final's Beginning of Combat Step
Add To Stack: Ai(1)-N3cro Raggadragga triggered Unnatural Growth
Resolve Stack: At the beginning of each combat, double the power and toughness of each creature you control until end of turn. [Phase: Ai(2)-Kilo Helm Final]
Phase: Ai(2)-Kilo Helm Final's Declare Attackers Step
Combat: Ai(2)-Kilo Helm Final assigned Alibou, Ancient Witness (172), Kilo, Apogee Mind (201), Thopter Token (411), Thopter Token (412), Gnome Token (420), Gnome Token (423), Gnome Token (426), Gnome Token (429) and Illustrious Wanderglyph (130) to attack Ai(1)-N3cro Raggadragga.
Add To Stack: Ai(2)-Kilo Helm Final triggered Kilo, Apogee Mind
Add To Stack: Ai(2)-Kilo Helm Final triggered Alibou, Ancient Witness targeting [Ai(1)-N3cro Raggadragga]
Damage: Alibou, Ancient Witness (172) deals 9 non-combat damage to Ai(1)-N3cro Raggadragga.
Life: Life: Ai(1)-N3cro Raggadragga 8 > -1
Resolve Stack: Ai(2)-Kilo Helm Final scried 6 card(s) to the top of the library and 3 card(s) to the bottom of the library
Resolve Stack: Whenever one or more artifact creatures you control attack, Alibou, Ancient Witness deals X damage to any target and you scry X, where X is the number of tapped artifacts you control. (Targeting: [[Ai(1)-N3cro Raggadragga]]) [Number Attackers: [Alibou, Ancient Witness (172), Kilo, Apogee Mind (201), Thopter Token (411), Thopter Token (412), Gnome Token (420), Gnome Token (423), Gnome Token (426), Gnome Token (429), Illustrious Wanderglyph (130)]]
Resolve Stack: Whenever Kilo becomes tapped, proliferate. (Choose any number of permanents and/or players, then give each another counter of each kind already there.) [Tapped: Kilo, Apogee Mind (201)]
Phase: Ai(2)-Kilo Helm Final's Declare Blockers Step
Phase: Ai(2)-Kilo Helm Final's First Strike Damage Step
Phase: Ai(2)-Kilo Helm Final's Combat Damage Step
Phase: Ai(2)-Kilo Helm Final's End of Combat Step
Phase: Ai(2)-Kilo Helm Final's Main phase, postcombat
Mana: Mountain (189) - {T}: Add {R}.
Mana: Plains (157) - {T}: Add {W}.
Mana: Glacial Fortress (179) - {T}: Add {W} or {U}.
Mana: Inkmoth Nexus (142) - {T}: Add {C}.
Mana: Battlefield Forge (115) - {T}: Add {C}.
Add To Stack: Ai(2)-Kilo Helm Final cast Dawnsire, Sunstar Dreadnought
Resolve Stack: Dawnsire, Sunstar Dreadnought
Phase: Ai(2)-Kilo Helm Final's End step
Phase: Ai(2)-Kilo Helm Final's Cleanup step
Turn: Turn 31 (Ai(3)-Dnide Wildsear)
Phase: Ai(3)-Dnide Wildsear's Untap step
Phase: Ai(3)-Dnide Wildsear's Upkeep step
Add To Stack: Ai(2)-Kilo Helm Final triggered Illustrious Wanderglyph
Resolve Stack: At the beginning of each upkeep, create a 1/1 colorless Gnome artifact creature token. [Phase: Ai(3)-Dnide Wildsear]
Phase: Ai(3)-Dnide Wildsear's Draw step
Phase: Ai(3)-Dnide Wildsear's Main phase, precombat
Phase: Ai(3)-Dnide Wildsear's Beginning of Combat Step
Phase: Ai(3)-Dnide Wildsear's Declare Attackers Step
Phase: Ai(3)-Dnide Wildsear's Declare Blockers Step
Phase: Ai(3)-Dnide Wildsear's First Strike Damage Step
Phase: Ai(3)-Dnide Wildsear's Combat Damage Step
Phase: Ai(3)-Dnide Wildsear's End of Combat Step
Phase: Ai(3)-Dnide Wildsear's Main phase, postcombat
Mana: Mountain (287) - {T}: Add {R}.
Mana: Forest (251) - {T}: Add {G}.
Mana: Forest (259) - {T}: Add {G}.
Mana: Forest (252) - {T}: Add {G}.
Mana: Mountain (278) - {T}: Add {R}.
Mana: Rockfall Vale (223) - {T}: Add {R} or {G}.
Add To Stack: Ai(3)-Dnide Wildsear cast Wildsear, Scouring Maw
Resolve Stack: Wildsear, Scouring Maw - Creature 6 / 6
Phase: Ai(3)-Dnide Wildsear's End step
Phase: Ai(3)-Dnide Wildsear's Cleanup step
Turn: Turn 32 (Ai(4)-NanMan Felix Five-Boots)
Phase: Ai(4)-NanMan Felix Five-Boots' Untap step
Phase: Ai(4)-NanMan Felix Five-Boots' Upkeep step
Add To Stack: Ai(4)-NanMan Felix Five-Boots triggered As Foretold
Add To Stack: Ai(2)-Kilo Helm Final triggered Illustrious Wanderglyph
Resolve Stack: At the beginning of each upkeep, create a 1/1 colorless Gnome artifact creature token. [Phase: Ai(4)-NanMan Felix Five-Boots]
Resolve Stack: At the beginning of your upkeep, put a time counter on As Foretold. [Phase: Ai(4)-NanMan Felix Five-Boots]
Phase: Ai(4)-NanMan Felix Five-Boots' Draw step
Phase: Ai(4)-NanMan Felix Five-Boots' Main phase, precombat
Land: Ai(4)-NanMan Felix Five-Boots played Forest (359)
Add To Stack: Ai(4)-NanMan Felix Five-Boots cast Quietus Spike
Resolve Stack: Quietus Spike
Mana: Forest (360) - {T}: Add {G}.
Mana: Swamp (390) - {T}: Add {B}.
Mana: Forest (359) - {T}: Add {G}.
Add To Stack: Ai(4)-NanMan Felix Five-Boots activated Quietus Spike targeting [Enduring Vitality (244)]
Resolve Stack: Quietus Spike (377) -  Attach to Enduring Vitality (244)
Phase: Ai(4)-NanMan Felix Five-Boots' Beginning of Combat Step
Phase: Ai(4)-NanMan Felix Five-Boots' Declare Attackers Step
Combat: Ai(4)-NanMan Felix Five-Boots assigned Felix Five-Boots (403) to attack Ai(2)-Kilo Helm Final.
Phase: Ai(4)-NanMan Felix Five-Boots' Declare Blockers Step
Combat: Ai(2)-Kilo Helm Final didn't block Felix Five-Boots (403).
Phase: Ai(4)-NanMan Felix Five-Boots' First Strike Damage Step
Phase: Ai(4)-NanMan Felix Five-Boots' Combat Damage Step
Damage: Felix Five-Boots (403) deals 5 combat damage to Ai(2)-Kilo Helm Final.
Life: Life: Ai(2)-Kilo Helm Final 26 > 21
Phase: Ai(4)-NanMan Felix Five-Boots' End of Combat Step
Phase: Ai(4)-NanMan Felix Five-Boots' Main phase, postcombat
Phase: Ai(4)-NanMan Felix Five-Boots' End step
Phase: Ai(4)-NanMan Felix Five-Boots' Cleanup step
Turn: Turn 33 (Ai(2)-Kilo Helm Final)
Phase: Ai(2)-Kilo Helm Final's Untap step
Phase: Ai(2)-Kilo Helm Final's Upkeep step
Add To Stack: Ai(2)-Kilo Helm Final triggered Illustrious Wanderglyph
Resolve Stack: At the beginning of each upkeep, create a 1/1 colorless Gnome artifact creature token. [Phase: Ai(2)-Kilo Helm Final]
Phase: Ai(2)-Kilo Helm Final's Draw step
Phase: Ai(2)-Kilo Helm Final's Main phase, precombat
Phase: Ai(2)-Kilo Helm Final's Beginning of Combat Step
Mana: Mountain (189) - {T}: Add {R}.
Add To Stack: Ai(2)-Kilo Helm Final activated Inkmoth Nexus
Resolve Stack: Inkmoth Nexus (142) - Inkmoth Nexus (142) has base power and toughness 1/1  and becomes a creature artifact Phyrexian Blinkmoth and  gains flying and infect until end of turn.
Phase: Ai(2)-Kilo Helm Final's Declare Attackers Step
Combat: Ai(2)-Kilo Helm Final assigned Alibou, Ancient Witness (172), Kilo, Apogee Mind (201), Thopter Token (411), Thopter Token (412), Gnome Token (420), Gnome Token (423), Gnome Token (426), Gnome Token (429), Inkmoth Nexus (142), Gnome Token (435), Gnome Token (438), Gnome Token (441) and Illustrious Wanderglyph (130) to attack Ai(4)-NanMan Felix Five-Boots.
Add To Stack: Ai(2)-Kilo Helm Final triggered Kilo, Apogee Mind
Add To Stack: Ai(2)-Kilo Helm Final triggered Alibou, Ancient Witness targeting [Trophy Mage (347)]
Damage: Alibou, Ancient Witness (172) deals 13 damage to Trophy Mage (347).
Resolve Stack: Ai(2)-Kilo Helm Final scried 11 card(s) to the top of the library and 2 card(s) to the bottom of the library
Resolve Stack: Whenever one or more artifact creatures you control attack, Alibou, Ancient Witness deals X damage to any target and you scry X, where X is the number of tapped artifacts you control. (Targeting: [[Trophy Mage (347)]]) [Number Attackers: [Alibou, Ancient Witness (172), Kilo, Apogee Mind (201), Thopter Token (411), Thopter Token (412), Gnome Token (420), Gnome Token (423), Gnome Token (426), Gnome Token (429), Inkmoth Nexus (142), Gnome Token (435), Gnome Token (438), Gnome Token (441), Illustrious Wanderglyph (130)]]
Zone Change: Trophy Mage (347) was put into Graveyard from Battlefield.
Resolve Stack: Whenever Kilo becomes tapped, proliferate. (Choose any number of permanents and/or players, then give each another counter of each kind already there.) [Tapped: Kilo, Apogee Mind (201)]
Phase: Ai(2)-Kilo Helm Final's Declare Blockers Step
Combat: Ai(4)-NanMan Felix Five-Boots assigned Enduring Vitality (244) to block Alibou, Ancient Witness (172).
Ai(4)-NanMan Felix Five-Boots didn't block Kilo, Apogee Mind (201).
Ai(4)-NanMan Felix Five-Boots didn't block Thopter Token (411).
Ai(4)-NanMan Felix Five-Boots didn't block Thopter Token (412).
Ai(4)-NanMan Felix Five-Boots didn't block Gnome Token (420).
Ai(4)-NanMan Felix Five-Boots didn't block Gnome Token (423).
Ai(4)-NanMan Felix Five-Boots didn't block Gnome Token (426).
Ai(4)-NanMan Felix Five-Boots didn't block Gnome Token (429).
Ai(4)-NanMan Felix Five-Boots didn't block Inkmoth Nexus (142).
Ai(4)-NanMan Felix Five-Boots didn't block Gnome Token (435).
Ai(4)-NanMan Felix Five-Boots didn't block Gnome Token (438).
Ai(4)-NanMan Felix Five-Boots didn't block Gnome Token (441).
Ai(4)-NanMan Felix Five-Boots didn't block Illustrious Wanderglyph (130).
Phase: Ai(2)-Kilo Helm Final's First Strike Damage Step
Phase: Ai(2)-Kilo Helm Final's Combat Damage Step
Replacement Effect: Protection from red
Damage: Kilo, Apogee Mind (201) deals 5 combat damage to Ai(4)-NanMan Felix Five-Boots.
Damage: Thopter Token (411) deals 3 combat damage to Ai(4)-NanMan Felix Five-Boots.
Damage: Thopter Token (412) deals 3 combat damage to Ai(4)-NanMan Felix Five-Boots.
Damage: Gnome Token (420) deals 3 combat damage to Ai(4)-NanMan Felix Five-Boots.
Damage: Gnome Token (423) deals 3 combat damage to Ai(4)-NanMan Felix Five-Boots.
Damage: Gnome Token (426) deals 3 combat damage to Ai(4)-NanMan Felix Five-Boots.
Damage: Gnome Token (429) deals 3 combat damage to Ai(4)-NanMan Felix Five-Boots.
Damage: Inkmoth Nexus (142) deals 3 combat damage to Ai(4)-NanMan Felix Five-Boots(as poison counters).
Damage: Gnome Token (435) deals 3 combat damage to Ai(4)-NanMan Felix Five-Boots.
Damage: Gnome Token (438) deals 3 combat damage to Ai(4)-NanMan Felix Five-Boots.
Damage: Gnome Token (441) deals 3 combat damage to Ai(4)-NanMan Felix Five-Boots.
Damage: Illustrious Wanderglyph (130) deals 2 combat damage to Ai(4)-NanMan Felix Five-Boots.
Damage: Enduring Vitality (244) deals 5 damage (Deathtouch) to Alibou, Ancient Witness (172).
Life: Life: Ai(4)-NanMan Felix Five-Boots 28 > -6
Damage: Ai(4)-NanMan Felix Five-Boots receives 3 poison counter from Ai(2)-Kilo Helm Final
Zone Change: Enduring Vitality (244) was put into Exile from Battlefield.
Zone Change: Alibou, Ancient Witness (172) was put into Graveyard from Battlefield.
Add To Stack: Ai(2)-Kilo Helm Final triggered Adamantium Bonding Tank
Resolve Stack: Whenever a creature you control leaves the battlefield, if it had counters on it, put those counters on Adamantium Bonding Tank. [Zone Changer: Alibou, Ancient Witness (172)]
Phase: Ai(2)-Kilo Helm Final's End of Combat Step
Phase: Ai(2)-Kilo Helm Final's Main phase, postcombat
Mana: Plains (157) - {T}: Add {W}.
Mana: Glacial Fortress (179) - {T}: Add {W} or {U}.
Mana: Battlefield Forge (115) - {T}: Add {C}.
Mana: Spire of Industry (111) - {T}: Add {C}.
Add To Stack: Ai(2)-Kilo Helm Final cast Unwinding Clock
Resolve Stack: Unwinding Clock
Phase: Ai(2)-Kilo Helm Final's End step
Phase: Ai(2)-Kilo Helm Final's Cleanup step
Turn: Turn 34 (Ai(3)-Dnide Wildsear)
Phase: Ai(3)-Dnide Wildsear's Untap step
Phase: Ai(3)-Dnide Wildsear's Upkeep step
Add To Stack: Ai(2)-Kilo Helm Final triggered Illustrious Wanderglyph
Resolve Stack: At the beginning of each upkeep, create a 1/1 colorless Gnome artifact creature token. [Phase: Ai(3)-Dnide Wildsear]
Phase: Ai(3)-Dnide Wildsear's Draw step
Phase: Ai(3)-Dnide Wildsear's Main phase, precombat
Land: Ai(3)-Dnide Wildsear played Forest (261)
Phase: Ai(3)-Dnide Wildsear's Beginning of Combat Step
Phase: Ai(3)-Dnide Wildsear's Declare Attackers Step
Phase: Ai(3)-Dnide Wildsear's Declare Blockers Step
Phase: Ai(3)-Dnide Wildsear's First Strike Damage Step
Phase: Ai(3)-Dnide Wildsear's Combat Damage Step
Phase: Ai(3)-Dnide Wildsear's End of Combat Step
Phase: Ai(3)-Dnide Wildsear's Main phase, postcombat
Mana: Mountain (287) - {T}: Add {R}.
Mana: Mountain (278) - {T}: Add {R}.
Mana: Forest (251) - {T}: Add {G}.
Mana: Forest (259) - {T}: Add {G}.
Mana: Forest (252) - {T}: Add {G}.
Add To Stack: Ai(3)-Dnide Wildsear cast Overlord of the Boilerbilges
Add To Stack: Ai(3)-Dnide Wildsear triggered Overlord of the Boilerbilges
Add To Stack: Ai(3)-Dnide Wildsear triggered Herald of the Pantheon
Life: Life: Ai(3)-Dnide Wildsear 31 > 32
Resolve Stack: Whenever you cast an enchantment spell, you gain 1 life. [Card: Overlord of the Boilerbilges (222), Activator: Ai(3)-Dnide Wildsear, SpellAbility: Overlord of the Boilerbilges - Creature 5 / 5]
Add To Stack: Ai(3)-Dnide Wildsear cast Eidolon of Blossoms
Resolve Stack: Cascade - Overlord of the Boilerbilges [Card: Overlord of the Boilerbilges (222), Activator: Ai(3)-Dnide Wildsear, SpellAbility: Overlord of the Boilerbilges - Creature 5 / 5]
Add To Stack: Ai(3)-Dnide Wildsear triggered Herald of the Pantheon
Add To Stack: Ai(3)-Dnide Wildsear triggered Eidolon of Blossoms
Add To Stack: Ai(3)-Dnide Wildsear cast Sol Ring
Resolve Stack: Cascade - Eidolon of Blossoms [Card: Eidolon of Blossoms (207), Activator: Ai(3)-Dnide Wildsear, SpellAbility: Eidolon of Blossoms - Creature 2 / 2 (without paying its mana cost)]
Resolve Stack: Sol Ring
Life: Life: Ai(3)-Dnide Wildsear 32 > 33
Resolve Stack: Whenever you cast an enchantment spell, you gain 1 life. [Card: Eidolon of Blossoms (207), Activator: Ai(3)-Dnide Wildsear, SpellAbility: Eidolon of Blossoms - Creature 2 / 2 (without paying its mana cost)]
Resolve Stack: Eidolon of Blossoms - Creature 2 / 2
Add To Stack: Ai(3)-Dnide Wildsear triggered Eidolon of Blossoms
Resolve Stack: Constellation — Whenever Eidolon of Blossoms or another enchantment you control enters, draw a card. [Zone Changer: Eidolon of Blossoms (207)]
Resolve Stack: Overlord of the Boilerbilges - Creature 5 / 5
Add To Stack: Ai(3)-Dnide Wildsear triggered Overlord of the Boilerbilges targeting [Thopter Token (411)]
Add To Stack: Ai(3)-Dnide Wildsear triggered Eidolon of Blossoms
Resolve Stack: Constellation — Whenever Eidolon of Blossoms or another enchantment you control enters, draw a card. [Zone Changer: Overlord of the Boilerbilges (222)]
Damage: Overlord of the Boilerbilges (222) deals 4 damage to Thopter Token (411).
Resolve Stack: Whenever Overlord of the Boilerbilges enters or attacks, it deals 4 damage to any target. (Targeting: [[Thopter Token (411)]]) [Zone Changer: Overlord of the Boilerbilges (222)]
Zone Change: Thopter Token (411) was put into Graveyard from Battlefield.
Mana: Rockfall Vale (223) - {T}: Add {R} or {G}.
Mana: Sol Ring (213) - {T}: Add {C}{C}.
Add To Stack: Ai(3)-Dnide Wildsear cast Sunbird's Invocation
Add To Stack: Ai(3)-Dnide Wildsear triggered Sunbird's Invocation
Add To Stack: Ai(3)-Dnide Wildsear triggered Herald of the Pantheon
Life: Life: Ai(3)-Dnide Wildsear 33 > 34
Resolve Stack: Whenever you cast an enchantment spell, you gain 1 life. [Card: Sunbird's Invocation (237), Activator: Ai(3)-Dnide Wildsear, SpellAbility: Sunbird's Invocation]
Add To Stack: Ai(3)-Dnide Wildsear cast Enchantress's Presence
Resolve Stack: Cascade - Sunbird's Invocation [Card: Sunbird's Invocation (237), Activator: Ai(3)-Dnide Wildsear, SpellAbility: Sunbird's Invocation]
Add To Stack: Ai(3)-Dnide Wildsear triggered Herald of the Pantheon
Life: Life: Ai(3)-Dnide Wildsear 34 > 35
Resolve Stack: Whenever you cast an enchantment spell, you gain 1 life. [Card: Enchantress's Presence (229), Activator: Ai(3)-Dnide Wildsear, SpellAbility: Enchantress's Presence (without paying its mana cost)]
Resolve Stack: Enchantress's Presence
Add To Stack: Ai(3)-Dnide Wildsear triggered Eidolon of Blossoms
Resolve Stack: Constellation — Whenever Eidolon of Blossoms or another enchantment you control enters, draw a card. [Zone Changer: Enchantress's Presence (229)]
Resolve Stack: Sunbird's Invocation
Add To Stack: Ai(3)-Dnide Wildsear triggered Eidolon of Blossoms
Resolve Stack: Constellation — Whenever Eidolon of Blossoms or another enchantment you control enters, draw a card. [Zone Changer: Sunbird's Invocation (237)]
Phase: Ai(3)-Dnide Wildsear's End step
Phase: Ai(3)-Dnide Wildsear's Cleanup step
Turn: Turn 35 (Ai(2)-Kilo Helm Final)
Phase: Ai(2)-Kilo Helm Final's Untap step
Phase: Ai(2)-Kilo Helm Final's Upkeep step
Add To Stack: Ai(2)-Kilo Helm Final triggered Illustrious Wanderglyph
Resolve Stack: At the beginning of each upkeep, create a 1/1 colorless Gnome artifact creature token. [Phase: Ai(2)-Kilo Helm Final]
Phase: Ai(2)-Kilo Helm Final's Draw step
Phase: Ai(2)-Kilo Helm Final's Main phase, precombat
Phase: Ai(2)-Kilo Helm Final's Beginning of Combat Step
Add To Stack: Ai(2)-Kilo Helm Final triggered Adamantium Bonding Tank targeting [Kilo, Apogee Mind (201)]
Resolve Stack: At the beginning of combat on your turn, if Adamantium Bonding Tank has counters on it, you may move all counters from Adamantium Bonding Tank onto target creature. (Targeting: [[Kilo, Apogee Mind (201)]]) [Phase: Ai(2)-Kilo Helm Final]
Mana: Mountain (189) - {T}: Add {R}.
Add To Stack: Ai(2)-Kilo Helm Final activated Inkmoth Nexus
Resolve Stack: Inkmoth Nexus (142) - Inkmoth Nexus (142) has base power and toughness 1/1  and becomes a creature artifact Phyrexian Blinkmoth and  gains flying and infect until end of turn.
Phase: Ai(2)-Kilo Helm Final's Declare Attackers Step
Combat: Ai(2)-Kilo Helm Final assigned Kilo, Apogee Mind (201), Thopter Token (412) and Inkmoth Nexus (142) to attack Ai(3)-Dnide Wildsear.
Add To Stack: Ai(2)-Kilo Helm Final triggered Kilo, Apogee Mind
Resolve Stack: Whenever Kilo becomes tapped, proliferate. (Choose any number of permanents and/or players, then give each another counter of each kind already there.) [Tapped: Kilo, Apogee Mind (201)]
Phase: Ai(2)-Kilo Helm Final's Declare Blockers Step
Combat: Ai(3)-Dnide Wildsear didn't block Kilo, Apogee Mind (201).
Ai(3)-Dnide Wildsear didn't block Thopter Token (412).
Ai(3)-Dnide Wildsear didn't block Inkmoth Nexus (142).
Phase: Ai(2)-Kilo Helm Final's First Strike Damage Step
Phase: Ai(2)-Kilo Helm Final's Combat Damage Step
Damage: Kilo, Apogee Mind (201) deals 10 combat damage to Ai(3)-Dnide Wildsear.
Damage: Thopter Token (412) deals 3 combat damage to Ai(3)-Dnide Wildsear.
Damage: Inkmoth Nexus (142) deals 3 combat damage to Ai(3)-Dnide Wildsear(as poison counters).
Life: Life: Ai(3)-Dnide Wildsear 35 > 22
Damage: Ai(3)-Dnide Wildsear receives 3 poison counter from Ai(2)-Kilo Helm Final
Phase: Ai(2)-Kilo Helm Final's End of Combat Step
Phase: Ai(2)-Kilo Helm Final's Main phase, postcombat
Mana: Plains (157) - {T}: Add {W}.
Mana: Glacial Fortress (179) - {T}: Add {W} or {U}.
Add To Stack: Ai(2)-Kilo Helm Final cast Organic Extinction
Zone Change: Wild-Magic Sorcerer (230) was put into Graveyard from Battlefield.
Zone Change: Herald of the Pantheon (273) was put into Graveyard from Battlefield.
Zone Change: Wildsear, Scouring Maw (302) was put into Graveyard from Battlefield.
Zone Change: Eidolon of Blossoms (207) was put into Graveyard from Battlefield.
Zone Change: Overlord of the Boilerbilges (222) was put into Graveyard from Battlefield.
Resolve Stack: Organic Extinction (182) - Destroy all nonartifact creatures.
Add To Stack: Ai(2)-Kilo Helm Final activated Dawnsire, Sunstar Dreadnought
Resolve Stack: Dawnsire, Sunstar Dreadnought (113) - Ai(2)-Kilo Helm Final puts three charge counters on Dawnsire, Sunstar Dreadnought (113).
Add To Stack: Ai(2)-Kilo Helm Final activated Dawnsire, Sunstar Dreadnought
Resolve Stack: Dawnsire, Sunstar Dreadnought (113) - Ai(2)-Kilo Helm Final puts three charge counters on Dawnsire, Sunstar Dreadnought (113).
Add To Stack: Ai(2)-Kilo Helm Final activated Dawnsire, Sunstar Dreadnought
Resolve Stack: Dawnsire, Sunstar Dreadnought (113) - Ai(2)-Kilo Helm Final puts three charge counters on Dawnsire, Sunstar Dreadnought (113).
Add To Stack: Ai(2)-Kilo Helm Final activated Dawnsire, Sunstar Dreadnought
Resolve Stack: Dawnsire, Sunstar Dreadnought (113) - Ai(2)-Kilo Helm Final puts three charge counters on Dawnsire, Sunstar Dreadnought (113).
Add To Stack: Ai(2)-Kilo Helm Final activated Dawnsire, Sunstar Dreadnought
Player Control: Ai(1)-N3cro Raggadragga has restored control over themself
Player Control: Ai(2)-Kilo Helm Final has restored control over themself
Player Control: Ai(3)-Dnide Wildsear has restored control over themself
Player Control: Ai(4)-NanMan Felix Five-Boots has restored control over themself
Game Outcome: Turn 18
Game Outcome: Ai(1)-N3cro Raggadragga has lost because life total reached 0
Game Outcome: Ai(2)-Kilo Helm Final has won because all opponents have lost
Game Outcome: Ai(3)-Dnide Wildsear has won because all opponents have lost
Game Outcome: Ai(4)-NanMan Felix Five-Boots has lost because life total reached 0
Match Result: Ai(1)-N3cro Raggadragga: 0 Ai(2)-Kilo Helm Final: 1 Ai(3)-Dnide Wildsear: 0 Ai(4)-NanMan Felix Five-Boots: 1 

Game Result: Game 2 ended in 240003 ms. Ai(2)-Kilo Helm Final has won!

java.lang.InterruptedException
	at java.base/java.util.concurrent.FutureTask.awaitDone(FutureTask.java:418)
	at java.base/java.util.concurrent.FutureTask.get(FutureTask.java:203)
	at forge.ai.AiController.chooseSpellAbilityToPlayFromList(AiController.java:1680)
	at forge.ai.AiController.getSpellAbilityToPlay(AiController.java:1569)
	at forge.ai.AiController.chooseSpellAbilityToPlay(AiController.java:1389)
	at forge.ai.PlayerControllerAi.chooseSpellAbilityToPlay(PlayerControllerAi.java:833)
	at forge.game.phase.PhaseHandler.mainLoopStep(PhaseHandler.java:1063)
	at forge.game.phase.PhaseHandler.mainGameLoop(PhaseHandler.java:1042)
	at forge.game.phase.PhaseHandler.startFirstTurn(PhaseHandler.java:1036)
	at forge.game.GameAction.startGame(GameAction.java:2373)
	at forge.game.Match.startGame(Match.java:92)
	at forge.game.Match.startGame(Match.java:77)
	at forge.view.SimulateMatch.lambda$simulateSingleMatch$0(SimulateMatch.java:182)
	at forge.view.TimeLimitedCodeBlock.lambda$runWithTimeout$0(TimeLimitedCodeBlock.java:18)
	at java.base/java.util.concurrent.FutureTask.run(FutureTask.java:264)
	at java.base/java.util.concurrent.ThreadPoolExecutor.runWorker(ThreadPoolExecutor.java:1136)
	at java.base/java.util.concurrent.ThreadPoolExecutor$Worker.run(ThreadPoolExecutor.java:635)
	at java.base/java.lang.Thread.run(Thread.java:840)
Warning: default (ie. inherited from base class) implementation of confirmAction is used by Felix Five-Boots for forge.ai.ability.PermanentCreatureAi. Consider declaring an overloaded method
Correcting zone for Grafted Exoskeleton (381)
Correcting zone for Unwinding Clock (170)
Mulligan: Ai(2)-Kilo Helm Final has mulliganed down to 7 cards.
Mulligan: Ai(1)-N3cro Raggadragga has kept a hand of 7 cards
Mulligan: Ai(2)-Kilo Helm Final has kept a hand of 7 cards
Mulligan: Ai(3)-Dnide Wildsear has kept a hand of 7 cards
Mulligan: Ai(4)-NanMan Felix Five-Boots has kept a hand of 7 cards
Turn: Turn 1 (Ai(1)-N3cro Raggadragga)
Phase: Ai(1)-N3cro Raggadragga's Untap step
Phase: Ai(1)-N3cro Raggadragga's Upkeep step
Phase: Ai(1)-N3cro Raggadragga's Draw step
Phase: Ai(1)-N3cro Raggadragga's Main phase, precombat
Land: Ai(1)-N3cro Raggadragga played Fire-Lit Thicket (71)
Phase: Ai(1)-N3cro Raggadragga's Beginning of Combat Step
Phase: Ai(1)-N3cro Raggadragga's Declare Attackers Step
Phase: Ai(1)-N3cro Raggadragga's Declare Blockers Step
Phase: Ai(1)-N3cro Raggadragga's First Strike Damage Step
Phase: Ai(1)-N3cro Raggadragga's Combat Damage Step
Phase: Ai(1)-N3cro Raggadragga's End of Combat Step
Phase: Ai(1)-N3cro Raggadragga's Main phase, postcombat
Phase: Ai(1)-N3cro Raggadragga's End step
Phase: Ai(1)-N3cro Raggadragga's Cleanup step
Turn: Turn 2 (Ai(2)-Kilo Helm Final)
Phase: Ai(2)-Kilo Helm Final's Untap step
Phase: Ai(2)-Kilo Helm Final's Upkeep step
Phase: Ai(2)-Kilo Helm Final's Draw step
Phase: Ai(2)-Kilo Helm Final's Main phase, precombat
Land: Ai(2)-Kilo Helm Final played Plains (156)
Phase: Ai(2)-Kilo Helm Final's Beginning of Combat Step
Phase: Ai(2)-Kilo Helm Final's Declare Attackers Step
Phase: Ai(2)-Kilo Helm Final's Declare Blockers Step
Phase: Ai(2)-Kilo Helm Final's First Strike Damage Step
Phase: Ai(2)-Kilo Helm Final's Combat Damage Step
Phase: Ai(2)-Kilo Helm Final's End of Combat Step
Phase: Ai(2)-Kilo Helm Final's Main phase, postcombat
Phase: Ai(2)-Kilo Helm Final's End step
Phase: Ai(2)-Kilo Helm Final's Cleanup step
Turn: Turn 3 (Ai(3)-Dnide Wildsear)
Phase: Ai(3)-Dnide Wildsear's Untap step
Phase: Ai(3)-Dnide Wildsear's Upkeep step
Phase: Ai(3)-Dnide Wildsear's Draw step
Phase: Ai(3)-Dnide Wildsear's Main phase, precombat
Land: Ai(3)-Dnide Wildsear played Forest (248)
Phase: Ai(3)-Dnide Wildsear's Beginning of Combat Step
Phase: Ai(3)-Dnide Wildsear's Declare Attackers Step
Phase: Ai(3)-Dnide Wildsear's Declare Blockers Step
Phase: Ai(3)-Dnide Wildsear's First Strike Damage Step
Phase: Ai(3)-Dnide Wildsear's Combat Damage Step
Phase: Ai(3)-Dnide Wildsear's End of Combat Step
Phase: Ai(3)-Dnide Wildsear's Main phase, postcombat
Phase: Ai(3)-Dnide Wildsear's End step
Phase: Ai(3)-Dnide Wildsear's Cleanup step
Turn: Turn 4 (Ai(4)-NanMan Felix Five-Boots)
Phase: Ai(4)-NanMan Felix Five-Boots' Untap step
Phase: Ai(4)-NanMan Felix Five-Boots' Upkeep step
Phase: Ai(4)-NanMan Felix Five-Boots' Draw step
Phase: Ai(4)-NanMan Felix Five-Boots' Main phase, precombat
Replacement Effect: Temple of Malady enters tapped.
Land: Ai(4)-NanMan Felix Five-Boots played Temple of Malady (338)
Add To Stack: Ai(4)-NanMan Felix Five-Boots triggered Temple of Malady
Resolve Stack: Ai(4)-NanMan Felix Five-Boots scried 1 card(s) to the top of the library
Resolve Stack: When Temple of Malady enters, scry 1. [Zone Changer: Temple of Malady (338)]
Phase: Ai(4)-NanMan Felix Five-Boots' Beginning of Combat Step
Phase: Ai(4)-NanMan Felix Five-Boots' Declare Attackers Step
Phase: Ai(4)-NanMan Felix Five-Boots' Declare Blockers Step
Phase: Ai(4)-NanMan Felix Five-Boots' First Strike Damage Step
Phase: Ai(4)-NanMan Felix Five-Boots' Combat Damage Step
Phase: Ai(4)-NanMan Felix Five-Boots' End of Combat Step
Phase: Ai(4)-NanMan Felix Five-Boots' Main phase, postcombat
Phase: Ai(4)-NanMan Felix Five-Boots' End step
Phase: Ai(4)-NanMan Felix Five-Boots' Cleanup step
Turn: Turn 5 (Ai(1)-N3cro Raggadragga)
Phase: Ai(1)-N3cro Raggadragga's Untap step
Phase: Ai(1)-N3cro Raggadragga's Upkeep step
Phase: Ai(1)-N3cro Raggadragga's Draw step
Phase: Ai(1)-N3cro Raggadragga's Main phase, precombat
Replacement Effect: Restless Ridgeline enters tapped.
Land: Ai(1)-N3cro Raggadragga played Restless Ridgeline (44)
Phase: Ai(1)-N3cro Raggadragga's Beginning of Combat Step
Phase: Ai(1)-N3cro Raggadragga's Declare Attackers Step
Phase: Ai(1)-N3cro Raggadragga's Declare Blockers Step
Phase: Ai(1)-N3cro Raggadragga's First Strike Damage Step
Phase: Ai(1)-N3cro Raggadragga's Combat Damage Step
Phase: Ai(1)-N3cro Raggadragga's End of Combat Step
Phase: Ai(1)-N3cro Raggadragga's Main phase, postcombat
Phase: Ai(1)-N3cro Raggadragga's End step
Phase: Ai(1)-N3cro Raggadragga's Cleanup step
Turn: Turn 6 (Ai(2)-Kilo Helm Final)
Phase: Ai(2)-Kilo Helm Final's Untap step
Phase: Ai(2)-Kilo Helm Final's Upkeep step
Phase: Ai(2)-Kilo Helm Final's Draw step
Phase: Ai(2)-Kilo Helm Final's Main phase, precombat
Replacement Effect: Glacial Fortress enters tapped unless you control a Plains or an Island.
Land: Ai(2)-Kilo Helm Final played Glacial Fortress (179)
Phase: Ai(2)-Kilo Helm Final's Beginning of Combat Step
Phase: Ai(2)-Kilo Helm Final's Declare Attackers Step
Phase: Ai(2)-Kilo Helm Final's Declare Blockers Step
Phase: Ai(2)-Kilo Helm Final's First Strike Damage Step
Phase: Ai(2)-Kilo Helm Final's Combat Damage Step
Phase: Ai(2)-Kilo Helm Final's End of Combat Step
Phase: Ai(2)-Kilo Helm Final's Main phase, postcombat
Mana: Plains (156) - {T}: Add {W}.
Mana: Glacial Fortress (179) - {T}: Add {W} or {U}.
Discard: Ai(2)-Kilo Helm Final discards Angel of the Ruins (106).
Add To Stack: Ai(2)-Kilo Helm Final activated Angel of the Ruins
Resolve Stack: Angel of the Ruins (106) - Ai(2)-Kilo Helm Final searches their library for a Plains card, reveals it, puts it into their hand, then shuffles.
Phase: Ai(2)-Kilo Helm Final's End step
Phase: Ai(2)-Kilo Helm Final's Cleanup step
Turn: Turn 7 (Ai(3)-Dnide Wildsear)
Phase: Ai(3)-Dnide Wildsear's Untap step
Phase: Ai(3)-Dnide Wildsear's Upkeep step
Phase: Ai(3)-Dnide Wildsear's Draw step
Phase: Ai(3)-Dnide Wildsear's Main phase, precombat
Land: Ai(3)-Dnide Wildsear played Forest (258)
Phase: Ai(3)-Dnide Wildsear's Beginning of Combat Step
Phase: Ai(3)-Dnide Wildsear's Declare Attackers Step
Phase: Ai(3)-Dnide Wildsear's Declare Blockers Step
Phase: Ai(3)-Dnide Wildsear's First Strike Damage Step
Phase: Ai(3)-Dnide Wildsear's Combat Damage Step
Phase: Ai(3)-Dnide Wildsear's End of Combat Step
Phase: Ai(3)-Dnide Wildsear's Main phase, postcombat
Phase: Ai(3)-Dnide Wildsear's End step
Phase: Ai(3)-Dnide Wildsear's Cleanup step
Turn: Turn 8 (Ai(4)-NanMan Felix Five-Boots)
Phase: Ai(4)-NanMan Felix Five-Boots' Untap step
Phase: Ai(4)-NanMan Felix Five-Boots' Upkeep step
Phase: Ai(4)-NanMan Felix Five-Boots' Draw step
Phase: Ai(4)-NanMan Felix Five-Boots' Main phase, precombat
Land: Ai(4)-NanMan Felix Five-Boots played Rogue's Passage (328)
Mana: Temple of Malady (338) - {T}: Add {B} or {G}.
Mana: Rogue's Passage (328) - {T}: Add {C}.
Add To Stack: Ai(4)-NanMan Felix Five-Boots cast Rampant Growth
Resolve Stack: Rampant Growth (378) - Search your library for a basic land card, put that card onto the battlefield tapped, then shuffle.
Phase: Ai(4)-NanMan Felix Five-Boots' Beginning of Combat Step
Phase: Ai(4)-NanMan Felix Five-Boots' Declare Attackers Step
Phase: Ai(4)-NanMan Felix Five-Boots' Declare Blockers Step
Phase: Ai(4)-NanMan Felix Five-Boots' First Strike Damage Step
Phase: Ai(4)-NanMan Felix Five-Boots' Combat Damage Step
Phase: Ai(4)-NanMan Felix Five-Boots' End of Combat Step
Phase: Ai(4)-NanMan Felix Five-Boots' Main phase, postcombat
Phase: Ai(4)-NanMan Felix Five-Boots' End step
Phase: Ai(4)-NanMan Felix Five-Boots' Cleanup step
Turn: Turn 9 (Ai(1)-N3cro Raggadragga)
Phase: Ai(1)-N3cro Raggadragga's Untap step
Phase: Ai(1)-N3cro Raggadragga's Upkeep step
Phase: Ai(1)-N3cro Raggadragga's Draw step
Phase: Ai(1)-N3cro Raggadragga's Main phase, precombat
Land: Ai(1)-N3cro Raggadragga played Forest (67)
Mana: Forest (67) - {T}: Add {G}.
Mana: Restless Ridgeline (44) - {T}: Add {R} or {G}.
Mana: Fire-Lit Thicket (71) - {T}: Add {C}.
Add To Stack: Ai(1)-N3cro Raggadragga cast Finale of Devastation
Resolve Stack: Finale of Devastation (34) - Ai(1)-N3cro Raggadragga searches their library and/or graveyard for a creature card, puts it onto the battlefield, then shuffles if they searched their library. If X is 10 or more, creatures you control get +X/+X and gain haste until end of turn. (X=1)
Phase: Ai(1)-N3cro Raggadragga's Beginning of Combat Step
Phase: Ai(1)-N3cro Raggadragga's Declare Attackers Step
Phase: Ai(1)-N3cro Raggadragga's Declare Blockers Step
Phase: Ai(1)-N3cro Raggadragga's First Strike Damage Step
Phase: Ai(1)-N3cro Raggadragga's Combat Damage Step
Phase: Ai(1)-N3cro Raggadragga's End of Combat Step
Phase: Ai(1)-N3cro Raggadragga's Main phase, postcombat
Phase: Ai(1)-N3cro Raggadragga's End step
Phase: Ai(1)-N3cro Raggadragga's Cleanup step
Turn: Turn 10 (Ai(2)-Kilo Helm Final)
Phase: Ai(2)-Kilo Helm Final's Untap step
Phase: Ai(2)-Kilo Helm Final's Upkeep step
Phase: Ai(2)-Kilo Helm Final's Draw step
Phase: Ai(2)-Kilo Helm Final's Main phase, precombat
Replacement Effect: This land enters tapped unless you control two or more basic lands.
Land: Ai(2)-Kilo Helm Final played Radiant Summit (121)
Phase: Ai(2)-Kilo Helm Final's Beginning of Combat Step
Phase: Ai(2)-Kilo Helm Final's Declare Attackers Step
Phase: Ai(2)-Kilo Helm Final's Declare Blockers Step
Phase: Ai(2)-Kilo Helm Final's First Strike Damage Step
Phase: Ai(2)-Kilo Helm Final's Combat Damage Step
Phase: Ai(2)-Kilo Helm Final's End of Combat Step
Phase: Ai(2)-Kilo Helm Final's Main phase, postcombat
Mana: Glacial Fortress (179) - {T}: Add {W} or {U}.
Mana: Plains (156) - {T}: Add {W}.
Add To Stack: Ai(2)-Kilo Helm Final cast Thrummingbird
Resolve Stack: Thrummingbird - Creature 1 / 1
Phase: Ai(2)-Kilo Helm Final's End step
Phase: Ai(2)-Kilo Helm Final's Cleanup step
Turn: Turn 11 (Ai(3)-Dnide Wildsear)
Phase: Ai(3)-Dnide Wildsear's Untap step
Phase: Ai(3)-Dnide Wildsear's Upkeep step
Phase: Ai(3)-Dnide Wildsear's Draw step
Phase: Ai(3)-Dnide Wildsear's Main phase, precombat
Replacement Effect: Cinder Glade enters tapped unless you control two or more basic lands.
Land: Ai(3)-Dnide Wildsear played Cinder Glade (211)
Phase: Ai(3)-Dnide Wildsear's Beginning of Combat Step
Phase: Ai(3)-Dnide Wildsear's Declare Attackers Step
Phase: Ai(3)-Dnide Wildsear's Declare Blockers Step
Phase: Ai(3)-Dnide Wildsear's First Strike Damage Step
Phase: Ai(3)-Dnide Wildsear's Combat Damage Step
Phase: Ai(3)-Dnide Wildsear's End of Combat Step
Phase: Ai(3)-Dnide Wildsear's Main phase, postcombat
Mana: Cinder Glade (211) - {T}: Add {R}.
Mana: Forest (248) - {T}: Add {G}.
Add To Stack: Ai(3)-Dnide Wildsear cast Goblin Anarchomancer
Resolve Stack: Goblin Anarchomancer - Creature 2 / 2
Phase: Ai(3)-Dnide Wildsear's End step
Phase: Ai(3)-Dnide Wildsear's Cleanup step
Turn: Turn 12 (Ai(4)-NanMan Felix Five-Boots)
Phase: Ai(4)-NanMan Felix Five-Boots' Untap step
Phase: Ai(4)-NanMan Felix Five-Boots' Upkeep step
Phase: Ai(4)-NanMan Felix Five-Boots' Draw step
Phase: Ai(4)-NanMan Felix Five-Boots' Main phase, precombat
Replacement Effect: Darkslick Shores enters tapped unless you control two or fewer other lands.
Land: Ai(4)-NanMan Felix Five-Boots played Darkslick Shores (339)
Phase: Ai(4)-NanMan Felix Five-Boots' Beginning of Combat Step
Phase: Ai(4)-NanMan Felix Five-Boots' Declare Attackers Step
Phase: Ai(4)-NanMan Felix Five-Boots' Declare Blockers Step
Phase: Ai(4)-NanMan Felix Five-Boots' First Strike Damage Step
Phase: Ai(4)-NanMan Felix Five-Boots' Combat Damage Step
Phase: Ai(4)-NanMan Felix Five-Boots' End of Combat Step
Phase: Ai(4)-NanMan Felix Five-Boots' Main phase, postcombat
Mana: Island (362) - {T}: Add {U}.
Mana: Temple of Malady (338) - {T}: Add {B} or {G}.
Mana: Rogue's Passage (328) - {T}: Add {C}.
Add To Stack: Ai(4)-NanMan Felix Five-Boots cast Fireshrieker
Resolve Stack: Fireshrieker
Phase: Ai(4)-NanMan Felix Five-Boots' End step
Phase: Ai(4)-NanMan Felix Five-Boots' Cleanup step
Turn: Turn 13 (Ai(1)-N3cro Raggadragga)
Phase: Ai(1)-N3cro Raggadragga's Untap step
Phase: Ai(1)-N3cro Raggadragga's Upkeep step
Phase: Ai(1)-N3cro Raggadragga's Draw step
Phase: Ai(1)-N3cro Raggadragga's Main phase, precombat
Land: Ai(1)-N3cro Raggadragga played Forest (59)
Mana: Restless Ridgeline (44) - {T}: Add {R} or {G}.
Mana: Forest (67) - {T}: Add {G}.
Mana: Forest (59) - {T}: Add {G}.
Mana: Fire-Lit Thicket (71) - {T}: Add {C}.
Add To Stack: Ai(1)-N3cro Raggadragga cast Raggadragga, Goreguts Boss
Resolve Stack: Raggadragga, Goreguts Boss - Creature 4 / 4
Phase: Ai(1)-N3cro Raggadragga's Beginning of Combat Step
Phase: Ai(1)-N3cro Raggadragga's Declare Attackers Step
Combat: Ai(1)-N3cro Raggadragga assigned Delighted Halfling (80) to attack Ai(3)-Dnide Wildsear.
Add To Stack: Ai(1)-N3cro Raggadragga triggered Raggadragga, Goreguts Boss
Resolve Stack: Whenever a creature you control with a mana ability attacks, untap it. [Attacker: Delighted Halfling (80)]
Phase: Ai(1)-N3cro Raggadragga's Declare Blockers Step
Combat: Ai(3)-Dnide Wildsear didn't block Delighted Halfling (80).
Phase: Ai(1)-N3cro Raggadragga's First Strike Damage Step
Phase: Ai(1)-N3cro Raggadragga's Combat Damage Step
Damage: Delighted Halfling (80) deals 3 combat damage to Ai(3)-Dnide Wildsear.
Life: Life: Ai(3)-Dnide Wildsear 40 > 37
Phase: Ai(1)-N3cro Raggadragga's End of Combat Step
Phase: Ai(1)-N3cro Raggadragga's Main phase, postcombat
Phase: Ai(1)-N3cro Raggadragga's End step
Phase: Ai(1)-N3cro Raggadragga's Cleanup step
Turn: Turn 14 (Ai(2)-Kilo Helm Final)
Phase: Ai(2)-Kilo Helm Final's Untap step
Phase: Ai(2)-Kilo Helm Final's Upkeep step
Phase: Ai(2)-Kilo Helm Final's Draw step
Phase: Ai(2)-Kilo Helm Final's Main phase, precombat
Land: Ai(2)-Kilo Helm Final played Exotic Orchard (200)
Mana: Exotic Orchard (200) - {T}: Add one mana of any color that a land an opponent controls could produce.
Mana: Glacial Fortress (179) - {T}: Add {W} or {U}.
Mana: Plains (156) - {T}: Add {W}.
Add To Stack: Ai(2)-Kilo Helm Final cast Kilo, Apogee Mind
Resolve Stack: Kilo, Apogee Mind - Creature 3 / 3
Phase: Ai(2)-Kilo Helm Final's Beginning of Combat Step
Phase: Ai(2)-Kilo Helm Final's Declare Attackers Step
Combat: Ai(2)-Kilo Helm Final assigned Thrummingbird (112) to attack Ai(1)-N3cro Raggadragga.
Phase: Ai(2)-Kilo Helm Final's Declare Blockers Step
Combat: Ai(1)-N3cro Raggadragga didn't block Thrummingbird (112).
Phase: Ai(2)-Kilo Helm Final's First Strike Damage Step
Phase: Ai(2)-Kilo Helm Final's Combat Damage Step
Damage: Thrummingbird (112) deals 1 combat damage to Ai(1)-N3cro Raggadragga.
Life: Life: Ai(1)-N3cro Raggadragga 40 > 39
Add To Stack: Ai(2)-Kilo Helm Final triggered Thrummingbird
Resolve Stack: Whenever Thrummingbird deals combat damage to a player, proliferate. [Damage Source: Thrummingbird (112), Damaged: Ai(1)-N3cro Raggadragga, Amount: 1]
Phase: Ai(2)-Kilo Helm Final's End of Combat Step
Phase: Ai(2)-Kilo Helm Final's Main phase, postcombat
Phase: Ai(2)-Kilo Helm Final's End step
Phase: Ai(2)-Kilo Helm Final's Cleanup step
Turn: Turn 15 (Ai(3)-Dnide Wildsear)
Phase: Ai(3)-Dnide Wildsear's Untap step
Phase: Ai(3)-Dnide Wildsear's Upkeep step
Phase: Ai(3)-Dnide Wildsear's Draw step
Phase: Ai(3)-Dnide Wildsear's Main phase, precombat
Land: Ai(3)-Dnide Wildsear played Forest (249)
Phase: Ai(3)-Dnide Wildsear's Beginning of Combat Step
Phase: Ai(3)-Dnide Wildsear's Declare Attackers Step
Phase: Ai(3)-Dnide Wildsear's Declare Blockers Step
Phase: Ai(3)-Dnide Wildsear's First Strike Damage Step
Phase: Ai(3)-Dnide Wildsear's Combat Damage Step
Phase: Ai(3)-Dnide Wildsear's End of Combat Step
Phase: Ai(3)-Dnide Wildsear's Main phase, postcombat
Mana: Cinder Glade (211) - {T}: Add {R}.
Mana: Forest (248) - {T}: Add {G}.
Mana: Forest (258) - {T}: Add {G}.
Mana: Forest (249) - {T}: Add {G}.
Add To Stack: Ai(3)-Dnide Wildsear cast Wildsear, Scouring Maw
Resolve Stack: Wildsear, Scouring Maw - Creature 6 / 6
Phase: Ai(3)-Dnide Wildsear's End step
Phase: Ai(3)-Dnide Wildsear's Cleanup step
Turn: Turn 16 (Ai(4)-NanMan Felix Five-Boots)
Phase: Ai(4)-NanMan Felix Five-Boots' Untap step
Phase: Ai(4)-NanMan Felix Five-Boots' Upkeep step
Phase: Ai(4)-NanMan Felix Five-Boots' Draw step
Phase: Ai(4)-NanMan Felix Five-Boots' Main phase, precombat
Land: Ai(4)-NanMan Felix Five-Boots played Swamp (391)
Phase: Ai(4)-NanMan Felix Five-Boots' Beginning of Combat Step
Phase: Ai(4)-NanMan Felix Five-Boots' Declare Attackers Step
Phase: Ai(4)-NanMan Felix Five-Boots' Declare Blockers Step
Phase: Ai(4)-NanMan Felix Five-Boots' First Strike Damage Step
Phase: Ai(4)-NanMan Felix Five-Boots' Combat Damage Step
Phase: Ai(4)-NanMan Felix Five-Boots' End of Combat Step
Phase: Ai(4)-NanMan Felix Five-Boots' Main phase, postcombat
Mana: Temple of Malady (338) - {T}: Add {B} or {G}.
Mana: Island (362) - {T}: Add {U}.
Mana: Swamp (391) - {T}: Add {B}.
Mana: Darkslick Shores (339) - {T}: Add {U} or {B}.
Mana: Rogue's Passage (328) - {T}: Add {C}.
Add To Stack: Ai(4)-NanMan Felix Five-Boots cast Felix Five-Boots
Resolve Stack: Felix Five-Boots - Creature 5 / 4
Phase: Ai(4)-NanMan Felix Five-Boots' End step
Phase: Ai(4)-NanMan Felix Five-Boots' Cleanup step
Turn: Turn 17 (Ai(1)-N3cro Raggadragga)
Phase: Ai(1)-N3cro Raggadragga's Untap step
Phase: Ai(1)-N3cro Raggadragga's Upkeep step
Phase: Ai(1)-N3cro Raggadragga's Draw step
Phase: Ai(1)-N3cro Raggadragga's Main phase, precombat
Land: Ai(1)-N3cro Raggadragga played Ancient Tomb (40)
Mana: Forest (67) - {T}: Add {G}.
Mana: Forest (59) - {T}: Add {G}.
Mana: Fire-Lit Thicket (71) - {T}: Add {C}.
Add To Stack: Ai(1)-N3cro Raggadragga cast Shaman of Forgotten Ways
Resolve Stack: Shaman of Forgotten Ways - Creature 2 / 3
Mana: Restless Ridgeline (44) - {T}: Add {R} or {G}.
Mana: Delighted Halfling (80) - {T}: Add {C}.
Add To Stack: Ai(1)-N3cro Raggadragga cast Swiftfoot Boots
Resolve Stack: Swiftfoot Boots
Damage: Ancient Tomb (40) deals 2 non-combat damage to Ai(1)-N3cro Raggadragga.
Life: Life: Ai(1)-N3cro Raggadragga 39 > 37
Mana: Ancient Tomb (40) - {T}: Add {C}{C}. Ancient Tomb deals 2 damage to you. 
Add To Stack: Ai(1)-N3cro Raggadragga activated Swiftfoot Boots targeting [Shaman of Forgotten Ways (13)]
Resolve Stack: Swiftfoot Boots (10) -  Attach to Shaman of Forgotten Ways (13)
Phase: Ai(1)-N3cro Raggadragga's Beginning of Combat Step
Phase: Ai(1)-N3cro Raggadragga's Declare Attackers Step
Phase: Ai(1)-N3cro Raggadragga's Declare Blockers Step
Phase: Ai(1)-N3cro Raggadragga's First Strike Damage Step
Phase: Ai(1)-N3cro Raggadragga's Combat Damage Step
Phase: Ai(1)-N3cro Raggadragga's End of Combat Step
Phase: Ai(1)-N3cro Raggadragga's Main phase, postcombat
Phase: Ai(1)-N3cro Raggadragga's End step
Phase: Ai(1)-N3cro Raggadragga's Cleanup step
Turn: Turn 18 (Ai(2)-Kilo Helm Final)
Phase: Ai(2)-Kilo Helm Final's Untap step
Phase: Ai(2)-Kilo Helm Final's Upkeep step
Phase: Ai(2)-Kilo Helm Final's Draw step
Phase: Ai(2)-Kilo Helm Final's Main phase, precombat
Replacement Effect: This land enters tapped.
Land: Ai(2)-Kilo Helm Final played Glittering Massif (146)
Phase: Ai(2)-Kilo Helm Final's Beginning of Combat Step
Phase: Ai(2)-Kilo Helm Final's Declare Attackers Step
Combat: Ai(2)-Kilo Helm Final assigned Thrummingbird (112) to attack Ai(1)-N3cro Raggadragga.
Phase: Ai(2)-Kilo Helm Final's Declare Blockers Step
Combat: Ai(1)-N3cro Raggadragga didn't block Thrummingbird (112).
Phase: Ai(2)-Kilo Helm Final's First Strike Damage Step
Phase: Ai(2)-Kilo Helm Final's Combat Damage Step
Damage: Thrummingbird (112) deals 1 combat damage to Ai(1)-N3cro Raggadragga.
Life: Life: Ai(1)-N3cro Raggadragga 37 > 36
Add To Stack: Ai(2)-Kilo Helm Final triggered Thrummingbird
Resolve Stack: Whenever Thrummingbird deals combat damage to a player, proliferate. [Damage Source: Thrummingbird (112), Damaged: Ai(1)-N3cro Raggadragga, Amount: 1]
Phase: Ai(2)-Kilo Helm Final's End of Combat Step
Phase: Ai(2)-Kilo Helm Final's Main phase, postcombat
Mana: Exotic Orchard (200) - {T}: Add one mana of any color that a land an opponent controls could produce.
Mana: Plains (156) - {T}: Add {W}.
Mana: Glacial Fortress (179) - {T}: Add {W} or {U}.
Mana: Radiant Summit (121) - {T}: Add {R}.
Add To Stack: Ai(2)-Kilo Helm Final cast Lux Cannon
Resolve Stack: Lux Cannon
Phase: Ai(2)-Kilo Helm Final's End step
Phase: Ai(2)-Kilo Helm Final's Cleanup step
Turn: Turn 19 (Ai(3)-Dnide Wildsear)
Phase: Ai(3)-Dnide Wildsear's Untap step
Phase: Ai(3)-Dnide Wildsear's Upkeep step
Phase: Ai(3)-Dnide Wildsear's Draw step
Mana: Forest (248) - {T}: Add {G}.
Mana: Forest (258) - {T}: Add {G}.
Mana: Forest (249) - {T}: Add {G}.
Mana: Cinder Glade (211) - {T}: Add {G}.
Add To Stack: Ai(3)-Dnide Wildsear cast Return of the Wildspeaker
Resolve Stack: Return of the Wildspeaker (203) -  Non-Human creatures you control get +3/+3 until end of turn.
Phase: Ai(3)-Dnide Wildsear's Main phase, precombat
Replacement Effect: Spire Garden enters tapped unless you have two or more opponents.
Land: Ai(3)-Dnide Wildsear played Spire Garden (296)
Phase: Ai(3)-Dnide Wildsear's Beginning of Combat Step
Phase: Ai(3)-Dnide Wildsear's Declare Attackers Step
Combat: Ai(3)-Dnide Wildsear assigned Wildsear, Scouring Maw (302) and Goblin Anarchomancer (232) to attack Ai(1)-N3cro Raggadragga.
Phase: Ai(3)-Dnide Wildsear's Declare Blockers Step
Combat: Ai(1)-N3cro Raggadragga didn't block Wildsear, Scouring Maw (302).
Ai(1)-N3cro Raggadragga didn't block Goblin Anarchomancer (232).
Phase: Ai(3)-Dnide Wildsear's First Strike Damage Step
Phase: Ai(3)-Dnide Wildsear's Combat Damage Step
Damage: Wildsear, Scouring Maw (302) deals 9 combat damage to Ai(1)-N3cro Raggadragga.
Damage: Goblin Anarchomancer (232) deals 5 combat damage to Ai(1)-N3cro Raggadragga.
Life: Life: Ai(1)-N3cro Raggadragga 36 > 22
Phase: Ai(3)-Dnide Wildsear's End of Combat Step
Phase: Ai(3)-Dnide Wildsear's Main phase, postcombat
Add To Stack: Ai(2)-Kilo Helm Final activated Lux Cannon
Resolve Stack: Lux Cannon (178) - Ai(2)-Kilo Helm Final puts a charge counter on Lux Cannon (178).
Phase: Ai(3)-Dnide Wildsear's End step
Phase: Ai(3)-Dnide Wildsear's Cleanup step
Turn: Turn 20 (Ai(4)-NanMan Felix Five-Boots)
Phase: Ai(4)-NanMan Felix Five-Boots' Untap step
Phase: Ai(4)-NanMan Felix Five-Boots' Upkeep step
Phase: Ai(4)-NanMan Felix Five-Boots' Draw step
Phase: Ai(4)-NanMan Felix Five-Boots' Main phase, precombat
Mana: Island (362) - {T}: Add {U}.
Mana: Swamp (391) - {T}: Add {B}.
Mana: Temple of Malady (338) - {T}: Add {B} or {G}.
Mana: Darkslick Shores (339) - {T}: Add {U} or {B}.
Add To Stack: Ai(4)-NanMan Felix Five-Boots activated Rogue's Passage targeting [Felix Five-Boots (403)]
Resolve Stack: Rogue's Passage (328) - Felix Five-Boots (403) can't be blocked this turn.
Phase: Ai(4)-NanMan Felix Five-Boots' Beginning of Combat Step
Phase: Ai(4)-NanMan Felix Five-Boots' Declare Attackers Step
Combat: Ai(4)-NanMan Felix Five-Boots assigned Felix Five-Boots (403) to attack Ai(1)-N3cro Raggadragga.
Phase: Ai(4)-NanMan Felix Five-Boots' Declare Blockers Step
Combat: Ai(1)-N3cro Raggadragga didn't block Felix Five-Boots (403).
Phase: Ai(4)-NanMan Felix Five-Boots' First Strike Damage Step
Phase: Ai(4)-NanMan Felix Five-Boots' Combat Damage Step
Damage: Felix Five-Boots (403) deals 5 combat damage to Ai(1)-N3cro Raggadragga.
Life: Life: Ai(1)-N3cro Raggadragga 22 > 17
Phase: Ai(4)-NanMan Felix Five-Boots' End of Combat Step
Phase: Ai(4)-NanMan Felix Five-Boots' Main phase, postcombat
Phase: Ai(4)-NanMan Felix Five-Boots' End step
Phase: Ai(4)-NanMan Felix Five-Boots' Cleanup step
Turn: Turn 21 (Ai(1)-N3cro Raggadragga)
Phase: Ai(1)-N3cro Raggadragga's Untap step
Phase: Ai(1)-N3cro Raggadragga's Upkeep step
Phase: Ai(1)-N3cro Raggadragga's Draw step
Phase: Ai(1)-N3cro Raggadragga's Main phase, precombat
Mana: Forest (67) - {T}: Add {G}.
Mana: Forest (59) - {T}: Add {G}.
Mana: Fire-Lit Thicket (71) - {T}: Add {C}.
Add To Stack: Ai(1)-N3cro Raggadragga cast Umbral Mantle
Resolve Stack: Umbral Mantle
Add To Stack: Ai(1)-N3cro Raggadragga activated Umbral Mantle targeting [Delighted Halfling (80)]
Resolve Stack: Umbral Mantle (55) -  Attach to Delighted Halfling (80)
Phase: Ai(1)-N3cro Raggadragga's Beginning of Combat Step
Phase: Ai(1)-N3cro Raggadragga's Declare Attackers Step
Combat: Ai(1)-N3cro Raggadragga assigned Raggadragga, Goreguts Boss (100), Shaman of Forgotten Ways (13) and Delighted Halfling (80) to attack Ai(2)-Kilo Helm Final.
Add To Stack: Ai(1)-N3cro Raggadragga triggered Raggadragga, Goreguts Boss
Add To Stack: Ai(1)-N3cro Raggadragga triggered Raggadragga, Goreguts Boss
Resolve Stack: Whenever a creature you control with a mana ability attacks, untap it. [Attacker: Delighted Halfling (80)]
Resolve Stack: Whenever a creature you control with a mana ability attacks, untap it. [Attacker: Shaman of Forgotten Ways (13)]
Phase: Ai(1)-N3cro Raggadragga's Declare Blockers Step
Combat: Ai(2)-Kilo Helm Final didn't block Raggadragga, Goreguts Boss (100).
Ai(2)-Kilo Helm Final didn't block Shaman of Forgotten Ways (13).
Ai(2)-Kilo Helm Final didn't block Delighted Halfling (80).
Phase: Ai(1)-N3cro Raggadragga's First Strike Damage Step
Phase: Ai(1)-N3cro Raggadragga's Combat Damage Step
Damage: Raggadragga, Goreguts Boss (100) deals 4 combat damage to Ai(2)-Kilo Helm Final.
Damage: Shaman of Forgotten Ways (13) deals 4 combat damage to Ai(2)-Kilo Helm Final.
Damage: Delighted Halfling (80) deals 3 combat damage to Ai(2)-Kilo Helm Final.
Life: Life: Ai(2)-Kilo Helm Final 40 > 29
Phase: Ai(1)-N3cro Raggadragga's End of Combat Step
Phase: Ai(1)-N3cro Raggadragga's Main phase, postcombat
Replacement Effect: Mosswort Bridge enters tapped.
Land: Ai(1)-N3cro Raggadragga played Mosswort Bridge (93)
Add To Stack: Ai(1)-N3cro Raggadragga triggered Mosswort Bridge
Resolve Stack: Hideaway 4 (When this permanent enters, look at the top four cards of your library, exile one face down, then put the rest on the bottom of your library.) [Zone Changer: Mosswort Bridge (93)]
Phase: Ai(1)-N3cro Raggadragga's End step
Phase: Ai(1)-N3cro Raggadragga's Cleanup step
Turn: Turn 22 (Ai(2)-Kilo Helm Final)
Phase: Ai(2)-Kilo Helm Final's Untap step
Phase: Ai(2)-Kilo Helm Final's Upkeep step
Phase: Ai(2)-Kilo Helm Final's Draw step
Phase: Ai(2)-Kilo Helm Final's Main phase, precombat
Phase: Ai(2)-Kilo Helm Final's Beginning of Combat Step
Phase: Ai(2)-Kilo Helm Final's Declare Attackers Step
Combat: Ai(2)-Kilo Helm Final assigned Thrummingbird (112) to attack Ai(1)-N3cro Raggadragga.
Phase: Ai(2)-Kilo Helm Final's Declare Blockers Step
Combat: Ai(1)-N3cro Raggadragga didn't block Thrummingbird (112).
Phase: Ai(2)-Kilo Helm Final's First Strike Damage Step
Phase: Ai(2)-Kilo Helm Final's Combat Damage Step
Damage: Thrummingbird (112) deals 1 combat damage to Ai(1)-N3cro Raggadragga.
Life: Life: Ai(1)-N3cro Raggadragga 17 > 16
Add To Stack: Ai(2)-Kilo Helm Final triggered Thrummingbird
Resolve Stack: Whenever Thrummingbird deals combat damage to a player, proliferate. [Damage Source: Thrummingbird (112), Damaged: Ai(1)-N3cro Raggadragga, Amount: 1]
Phase: Ai(2)-Kilo Helm Final's End of Combat Step
Phase: Ai(2)-Kilo Helm Final's Main phase, postcombat
Mana: Exotic Orchard (200) - {T}: Add one mana of any color that a land an opponent controls could produce.
Mana: Plains (156) - {T}: Add {W}.
Mana: Glacial Fortress (179) - {T}: Add {W} or {U}.
Mana: Radiant Summit (121) - {T}: Add {R}.
Mana: Glittering Massif (146) - {T}: Add {R}.
Add To Stack: Ai(2)-Kilo Helm Final cast Thought Monitor
Resolve Stack: Thought Monitor - Creature 2 / 2
Add To Stack: Ai(2)-Kilo Helm Final triggered Thought Monitor
Resolve Stack: When Thought Monitor enters, draw two cards. [Zone Changer: Thought Monitor (196)]
Land: Ai(2)-Kilo Helm Final played Mountain (187)
Phase: Ai(2)-Kilo Helm Final's End step
Phase: Ai(2)-Kilo Helm Final's Cleanup step
Turn: Turn 23 (Ai(3)-Dnide Wildsear)
Phase: Ai(3)-Dnide Wildsear's Untap step
Phase: Ai(3)-Dnide Wildsear's Upkeep step
Phase: Ai(3)-Dnide Wildsear's Draw step
Phase: Ai(3)-Dnide Wildsear's Main phase, precombat
Mana: Spire Garden (296) - {T}: Add {R} or {G}.
Mana: Cinder Glade (211) - {T}: Add {R}.
Add To Stack: Ai(3)-Dnide Wildsear cast Archetype of Aggression
Add To Stack: Ai(3)-Dnide Wildsear triggered Archetype of Aggression
Add To Stack: Ai(3)-Dnide Wildsear cast Cindervines
Resolve Stack: Cascade - Archetype of Aggression [Card: Archetype of Aggression (214), Activator: Ai(3)-Dnide Wildsear, SpellAbility: Archetype of Aggression - Creature 3 / 2]
Resolve Stack: Cindervines
Resolve Stack: Archetype of Aggression - Creature 3 / 2
Mana: Forest (248) - {T}: Add {G}.
Zone Change: Cindervines (301) was put into Graveyard from Battlefield.
Add To Stack: Ai(3)-Dnide Wildsear activated Cindervines targeting [Thought Monitor (196)]
Zone Change: Thought Monitor (196) was put into Graveyard from Battlefield.
Damage: Cindervines (301) deals 2 non-combat damage to Ai(2)-Kilo Helm Final.
Life: Life: Ai(2)-Kilo Helm Final 29 > 27
Resolve Stack: Cindervines (301) - Destroy Thought Monitor (196). Cindervines (301) deals 2 damage to Ai(2)-Kilo Helm Final.
Phase: Ai(3)-Dnide Wildsear's Beginning of Combat Step
Phase: Ai(3)-Dnide Wildsear's Declare Attackers Step
Combat: Ai(3)-Dnide Wildsear assigned Wildsear, Scouring Maw (302) to attack Ai(1)-N3cro Raggadragga.
Phase: Ai(3)-Dnide Wildsear's Declare Blockers Step
Combat: Ai(1)-N3cro Raggadragga didn't block Wildsear, Scouring Maw (302).
Phase: Ai(3)-Dnide Wildsear's First Strike Damage Step
Phase: Ai(3)-Dnide Wildsear's Combat Damage Step
Damage: Wildsear, Scouring Maw (302) deals 6 combat damage to Ai(1)-N3cro Raggadragga.
Life: Life: Ai(1)-N3cro Raggadragga 16 > 10
Phase: Ai(3)-Dnide Wildsear's End of Combat Step
Phase: Ai(3)-Dnide Wildsear's Main phase, postcombat
Add To Stack: Ai(2)-Kilo Helm Final activated Lux Cannon
Resolve Stack: Lux Cannon (178) - Ai(2)-Kilo Helm Final puts a charge counter on Lux Cannon (178).
Phase: Ai(3)-Dnide Wildsear's End step
Phase: Ai(3)-Dnide Wildsear's Cleanup step
Turn: Turn 24 (Ai(4)-NanMan Felix Five-Boots)
Phase: Ai(4)-NanMan Felix Five-Boots' Untap step
Phase: Ai(4)-NanMan Felix Five-Boots' Upkeep step
Phase: Ai(4)-NanMan Felix Five-Boots' Draw step
Phase: Ai(4)-NanMan Felix Five-Boots' Main phase, precombat
Mana: Swamp (391) - {T}: Add {B}.
Mana: Island (362) - {T}: Add {U}.
Mana: Temple of Malady (338) - {T}: Add {B} or {G}.
Mana: Darkslick Shores (339) - {T}: Add {U} or {B}.
Add To Stack: Ai(4)-NanMan Felix Five-Boots activated Rogue's Passage targeting [Felix Five-Boots (403)]
Resolve Stack: Rogue's Passage (328) - Felix Five-Boots (403) can't be blocked this turn.
Phase: Ai(4)-NanMan Felix Five-Boots' Beginning of Combat Step
Phase: Ai(4)-NanMan Felix Five-Boots' Declare Attackers Step
Combat: Ai(4)-NanMan Felix Five-Boots assigned Felix Five-Boots (403) to attack Ai(1)-N3cro Raggadragga.
Phase: Ai(4)-NanMan Felix Five-Boots' Declare Blockers Step
Combat: Ai(1)-N3cro Raggadragga didn't block Felix Five-Boots (403).
Phase: Ai(4)-NanMan Felix Five-Boots' First Strike Damage Step
Phase: Ai(4)-NanMan Felix Five-Boots' Combat Damage Step
Damage: Felix Five-Boots (403) deals 5 combat damage to Ai(1)-N3cro Raggadragga.
Life: Life: Ai(1)-N3cro Raggadragga 10 > 5
Phase: Ai(4)-NanMan Felix Five-Boots' End of Combat Step
Phase: Ai(4)-NanMan Felix Five-Boots' Main phase, postcombat
Phase: Ai(4)-NanMan Felix Five-Boots' End step
Phase: Ai(4)-NanMan Felix Five-Boots' Cleanup step
Turn: Turn 25 (Ai(1)-N3cro Raggadragga)
Phase: Ai(1)-N3cro Raggadragga's Untap step
Phase: Ai(1)-N3cro Raggadragga's Upkeep step
Mana: Forest (67) - {T}: Add {G}.
Add To Stack: Ai(1)-N3cro Raggadragga activated Mosswort Bridge
Add To Stack: Ai(1)-N3cro Raggadragga cast Radha, Heir to Keld
Resolve Stack: Mosswort Bridge (93) - Ai(1)-N3cro Raggadragga may play Radha, Heir to Keld (20) without paying its mana cost.
Resolve Stack: Radha, Heir to Keld - Creature 2 / 2
Phase: Ai(1)-N3cro Raggadragga's Draw step
Phase: Ai(1)-N3cro Raggadragga's Main phase, precombat
Replacement Effect: If you control two or more other lands, Lair of the Hydra enters tapped.
Land: Ai(1)-N3cro Raggadragga played Lair of the Hydra (27)
Phase: Ai(1)-N3cro Raggadragga's Beginning of Combat Step
Phase: Ai(1)-N3cro Raggadragga's Declare Attackers Step
Phase: Ai(1)-N3cro Raggadragga's Declare Blockers Step
Phase: Ai(1)-N3cro Raggadragga's First Strike Damage Step
Phase: Ai(1)-N3cro Raggadragga's Combat Damage Step
Phase: Ai(1)-N3cro Raggadragga's End of Combat Step
Phase: Ai(1)-N3cro Raggadragga's Main phase, postcombat
Phase: Ai(1)-N3cro Raggadragga's End step
Phase: Ai(1)-N3cro Raggadragga's Cleanup step
Turn: Turn 26 (Ai(2)-Kilo Helm Final)
Phase: Ai(2)-Kilo Helm Final's Untap step
Phase: Ai(2)-Kilo Helm Final's Upkeep step
Add To Stack: Ai(2)-Kilo Helm Final activated Lux Cannon targeting [Delighted Halfling (80)]
Zone Change: Delighted Halfling (80) was put into Graveyard from Battlefield.
Resolve Stack: Lux Cannon (178) - Destroy Delighted Halfling (80).
Phase: Ai(2)-Kilo Helm Final's Draw step
Phase: Ai(2)-Kilo Helm Final's Main phase, precombat
Phase: Ai(2)-Kilo Helm Final's Beginning of Combat Step
Phase: Ai(2)-Kilo Helm Final's Declare Attackers Step
Combat: Ai(2)-Kilo Helm Final assigned Thrummingbird (112) to attack Ai(1)-N3cro Raggadragga.
Phase: Ai(2)-Kilo Helm Final's Declare Blockers Step
Combat: Ai(1)-N3cro Raggadragga didn't block Thrummingbird (112).
Phase: Ai(2)-Kilo Helm Final's First Strike Damage Step
Phase: Ai(2)-Kilo Helm Final's Combat Damage Step
Damage: Thrummingbird (112) deals 1 combat damage to Ai(1)-N3cro Raggadragga.
Life: Life: Ai(1)-N3cro Raggadragga 5 > 4
Add To Stack: Ai(2)-Kilo Helm Final triggered Thrummingbird
Resolve Stack: Whenever Thrummingbird deals combat damage to a player, proliferate. [Damage Source: Thrummingbird (112), Damaged: Ai(1)-N3cro Raggadragga, Amount: 1]
Phase: Ai(2)-Kilo Helm Final's End of Combat Step
Phase: Ai(2)-Kilo Helm Final's Main phase, postcombat
Mana: Exotic Orchard (200) - {T}: Add one mana of any color that a land an opponent controls could produce.
Add To Stack: Ai(2)-Kilo Helm Final cast Emry, Lurker of the Loch
Resolve Stack: Emry, Lurker of the Loch - Creature 1 / 2
Add To Stack: Ai(2)-Kilo Helm Final triggered Emry, Lurker of the Loch
Zone Change: Ai(2)-Kilo Helm Final milled Adarkar Wastes (198), Foundry Inspector (136), Seat of the Synod (186) and Tezzeret's Gambit (184).
Resolve Stack: When Emry, Lurker of the Loch enters, mill four cards. [Zone Changer: Emry, Lurker of the Loch (148)]
Mana: Glacial Fortress (179) - {T}: Add {W} or {U}.
Mana: Mountain (187) - {T}: Add {R}.
Mana: Plains (156) - {T}: Add {W}.
Add To Stack: Ai(2)-Kilo Helm Final cast Simulacrum Synthesizer
Resolve Stack: Simulacrum Synthesizer
Add To Stack: Ai(2)-Kilo Helm Final triggered Simulacrum Synthesizer
Resolve Stack: Ai(2)-Kilo Helm Final scried 2 card(s) to the top of the library
Resolve Stack: When Simulacrum Synthesizer enters, scry 2. (Look at the top two cards of your library, then put any number of them on the bottom of your library and the rest on top in any order.) [Zone Changer: Simulacrum Synthesizer (105)]
Phase: Ai(2)-Kilo Helm Final's End step
Phase: Ai(2)-Kilo Helm Final's Cleanup step
Turn: Turn 27 (Ai(3)-Dnide Wildsear)
Phase: Ai(3)-Dnide Wildsear's Untap step
Phase: Ai(3)-Dnide Wildsear's Upkeep step
Phase: Ai(3)-Dnide Wildsear's Draw step
Phase: Ai(3)-Dnide Wildsear's Main phase, precombat
Phase: Ai(3)-Dnide Wildsear's Beginning of Combat Step
Phase: Ai(3)-Dnide Wildsear's Declare Attackers Step
Combat: Ai(3)-Dnide Wildsear assigned Wildsear, Scouring Maw (302) to attack Ai(1)-N3cro Raggadragga.
Phase: Ai(3)-Dnide Wildsear's Declare Blockers Step
Combat: Ai(1)-N3cro Raggadragga didn't block Wildsear, Scouring Maw (302).
Phase: Ai(3)-Dnide Wildsear's First Strike Damage Step
Phase: Ai(3)-Dnide Wildsear's Combat Damage Step
Damage: Wildsear, Scouring Maw (302) deals 6 combat damage to Ai(1)-N3cro Raggadragga.
Life: Life: Ai(1)-N3cro Raggadragga 4 > -2
Phase: Ai(3)-Dnide Wildsear's End of Combat Step
Phase: Ai(3)-Dnide Wildsear's Main phase, postcombat
Mana: Spire Garden (296) - {T}: Add {R} or {G}.
Mana: Forest (248) - {T}: Add {G}.
Add To Stack: Ai(3)-Dnide Wildsear cast Shadow in the Warp
Add To Stack: Ai(3)-Dnide Wildsear triggered Shadow in the Warp
Add To Stack: Ai(3)-Dnide Wildsear cast Sanctum Weaver
Resolve Stack: Cascade - Shadow in the Warp [Card: Shadow in the Warp (293), Activator: Ai(3)-Dnide Wildsear, SpellAbility: Shadow in the Warp]
Resolve Stack: Sanctum Weaver - Creature 0 / 2
Resolve Stack: Shadow in the Warp
Phase: Ai(3)-Dnide Wildsear's End step
Phase: Ai(3)-Dnide Wildsear's Cleanup step
Turn: Turn 28 (Ai(4)-NanMan Felix Five-Boots)
Phase: Ai(4)-NanMan Felix Five-Boots' Untap step
Phase: Ai(4)-NanMan Felix Five-Boots' Upkeep step
Phase: Ai(4)-NanMan Felix Five-Boots' Draw step
Phase: Ai(4)-NanMan Felix Five-Boots' Main phase, precombat
Land: Ai(4)-NanMan Felix Five-Boots played Darkwater Catacombs (397)
Mana: Swamp (391) - {T}: Add {B}.
Mana: Island (362) - {T}: Add {U}.
Add To Stack: Ai(4)-NanMan Felix Five-Boots activated Fireshrieker targeting [Felix Five-Boots (403)]
Resolve Stack: Fireshrieker (357) -  Attach to Felix Five-Boots (403)
Mana: Temple of Malady (338) - {T}: Add {B} or {G}.
Mana: Darkslick Shores (339) - {T}: Add {U} or {B}.
Mana: Rogue's Passage (328) - {T}: Add {C}.
Add To Stack: Ai(4)-NanMan Felix Five-Boots cast Sword of Fire and Ice
Add To Stack: Ai(3)-Dnide Wildsear triggered Shadow in the Warp
Damage: Shadow in the Warp (293) deals 2 non-combat damage to Ai(4)-NanMan Felix Five-Boots.
Life: Life: Ai(4)-NanMan Felix Five-Boots 40 > 38
Resolve Stack: Whenever an opponent casts their first noncreature spell each turn, Shadow in the Warp deals 2 damage to that player. [Card: Sword of Fire and Ice (315), Activator: Ai(4)-NanMan Felix Five-Boots, SpellAbility: Sword of Fire and Ice]
Resolve Stack: Sword of Fire and Ice
Phase: Ai(4)-NanMan Felix Five-Boots' Beginning of Combat Step
Phase: Ai(4)-NanMan Felix Five-Boots' Declare Attackers Step
Combat: Ai(4)-NanMan Felix Five-Boots assigned Felix Five-Boots (403) to attack Ai(3)-Dnide Wildsear.
Phase: Ai(4)-NanMan Felix Five-Boots' Declare Blockers Step
Combat: Ai(3)-Dnide Wildsear didn't block Felix Five-Boots (403).
Phase: Ai(4)-NanMan Felix Five-Boots' First Strike Damage Step
Damage: Felix Five-Boots (403) deals 5 combat damage to Ai(3)-Dnide Wildsear.
Life: Life: Ai(3)-Dnide Wildsear 37 > 32
Phase: Ai(4)-NanMan Felix Five-Boots' Combat Damage Step
Damage: Felix Five-Boots (403) deals 5 combat damage to Ai(3)-Dnide Wildsear.
Life: Life: Ai(3)-Dnide Wildsear 32 > 27
Phase: Ai(4)-NanMan Felix Five-Boots' End of Combat Step
Phase: Ai(4)-NanMan Felix Five-Boots' Main phase, postcombat
Phase: Ai(4)-NanMan Felix Five-Boots' End step
Phase: Ai(4)-NanMan Felix Five-Boots' Cleanup step
Turn: Turn 29 (Ai(2)-Kilo Helm Final)
Phase: Ai(2)-Kilo Helm Final's Untap step
Phase: Ai(2)-Kilo Helm Final's Upkeep step
Phase: Ai(2)-Kilo Helm Final's Draw step
Phase: Ai(2)-Kilo Helm Final's Main phase, precombat
Land: Ai(2)-Kilo Helm Final played Inventors' Fair (103)
Mana: Plains (156) - {T}: Add {W}.
Mana: Exotic Orchard (200) - {T}: Add one mana of any color that a land an opponent controls could produce.
Mana: Mountain (187) - {T}: Add {R}.
Mana: Glacial Fortress (179) - {T}: Add {W} or {U}.
Mana: Radiant Summit (121) - {T}: Add {R}.
Mana: Glittering Massif (146) - {T}: Add {R}.
Mana: Inventors' Fair (103) - {T}: Add {C}.
Add To Stack: Ai(2)-Kilo Helm Final cast Wake the Past
Add To Stack: Ai(3)-Dnide Wildsear triggered Shadow in the Warp
Damage: Shadow in the Warp (293) deals 2 non-combat damage to Ai(2)-Kilo Helm Final.
Life: Life: Ai(2)-Kilo Helm Final 27 > 25
Resolve Stack: Whenever an opponent casts their first noncreature spell each turn, Shadow in the Warp deals 2 damage to that player. [Card: Wake the Past (151), Activator: Ai(2)-Kilo Helm Final, SpellAbility: Return all artifact cards from your graveyard to the battlefield. They gain haste until end of turn.  ]
Resolve Stack: Wake the Past (151) - Return all artifact cards from your graveyard to the battlefield. They gain haste until end of turn.  
Add To Stack: Ai(2)-Kilo Helm Final triggered Angel of the Ruins targeting [Archetype of Aggression (214), Sanctum Weaver (264)]
Add To Stack: Ai(2)-Kilo Helm Final triggered Thought Monitor
Add To Stack: Ai(2)-Kilo Helm Final triggered Simulacrum Synthesizer
Add To Stack: Ai(2)-Kilo Helm Final triggered Simulacrum Synthesizer
Add To Stack: Ai(2)-Kilo Helm Final triggered Simulacrum Synthesizer
Resolve Stack: Whenever another artifact you control with mana value 3 or greater enters, create a 0/0 colorless Construct artifact creature token with "This creature gets +1/+1 for each artifact you control." [Zone Changer: Foundry Inspector (136)]
Resolve Stack: Whenever another artifact you control with mana value 3 or greater enters, create a 0/0 colorless Construct artifact creature token with "This creature gets +1/+1 for each artifact you control." [Zone Changer: Thought Monitor (196)]
Resolve Stack: Whenever another artifact you control with mana value 3 or greater enters, create a 0/0 colorless Construct artifact creature token with "This creature gets +1/+1 for each artifact you control." [Zone Changer: Angel of the Ruins (106)]
Resolve Stack: When Thought Monitor enters, draw two cards. [Zone Changer: Thought Monitor (196)]
Zone Change: Archetype of Aggression (214) was put into Exile from Battlefield.
Zone Change: Sanctum Weaver (264) was put into Exile from Battlefield.
Resolve Stack: When Angel of the Ruins enters, exile up to two target artifacts and/or enchantments. (Targeting: [[Archetype of Aggression (214), Sanctum Weaver (264)]]) [Zone Changer: Angel of the Ruins (106)]
Phase: Ai(2)-Kilo Helm Final's Beginning of Combat Step
Phase: Ai(2)-Kilo Helm Final's Declare Attackers Step
Combat: Ai(2)-Kilo Helm Final assigned Angel of the Ruins (106), Kilo, Apogee Mind (201), Foundry Inspector (136), Thought Monitor (196), Thrummingbird (112) and Emry, Lurker of the Loch (148) to attack Ai(4)-NanMan Felix Five-Boots.
Add To Stack: Ai(2)-Kilo Helm Final triggered Kilo, Apogee Mind
Resolve Stack: Whenever Kilo becomes tapped, proliferate. (Choose any number of permanents and/or players, then give each another counter of each kind already there.) [Tapped: Kilo, Apogee Mind (201)]
Phase: Ai(2)-Kilo Helm Final's Declare Blockers Step
Combat: Ai(4)-NanMan Felix Five-Boots didn't block Angel of the Ruins (106).
Ai(4)-NanMan Felix Five-Boots didn't block Kilo, Apogee Mind (201).
Ai(4)-NanMan Felix Five-Boots didn't block Foundry Inspector (136).
Ai(4)-NanMan Felix Five-Boots didn't block Thought Monitor (196).
Ai(4)-NanMan Felix Five-Boots didn't block Thrummingbird (112).
Ai(4)-NanMan Felix Five-Boots didn't block Emry, Lurker of the Loch (148).
Phase: Ai(2)-Kilo Helm Final's First Strike Damage Step
Phase: Ai(2)-Kilo Helm Final's Combat Damage Step
Damage: Angel of the Ruins (106) deals 5 combat damage to Ai(4)-NanMan Felix Five-Boots.
Damage: Kilo, Apogee Mind (201) deals 3 combat damage to Ai(4)-NanMan Felix Five-Boots.
Damage: Foundry Inspector (136) deals 3 combat damage to Ai(4)-NanMan Felix Five-Boots.
Damage: Thought Monitor (196) deals 2 combat damage to Ai(4)-NanMan Felix Five-Boots.
Damage: Thrummingbird (112) deals 1 combat damage to Ai(4)-NanMan Felix Five-Boots.
Damage: Emry, Lurker of the Loch (148) deals 1 combat damage to Ai(4)-NanMan Felix Five-Boots.
Life: Life: Ai(4)-NanMan Felix Five-Boots 38 > 23
Add To Stack: Ai(2)-Kilo Helm Final triggered Thrummingbird
Resolve Stack: Whenever Thrummingbird deals combat damage to a player, proliferate. [Damage Source: Thrummingbird (112), Damaged: Ai(4)-NanMan Felix Five-Boots, Amount: 1]
Phase: Ai(2)-Kilo Helm Final's End of Combat Step
Phase: Ai(2)-Kilo Helm Final's Main phase, postcombat
Phase: Ai(2)-Kilo Helm Final's End step
Phase: Ai(2)-Kilo Helm Final's Cleanup step
Turn: Turn 30 (Ai(3)-Dnide Wildsear)
Phase: Ai(3)-Dnide Wildsear's Untap step
Phase: Ai(3)-Dnide Wildsear's Upkeep step
Phase: Ai(3)-Dnide Wildsear's Draw step
Phase: Ai(3)-Dnide Wildsear's Main phase, precombat
Phase: Ai(3)-Dnide Wildsear's Beginning of Combat Step
Phase: Ai(3)-Dnide Wildsear's Declare Attackers Step
Phase: Ai(3)-Dnide Wildsear's Declare Blockers Step
Phase: Ai(3)-Dnide Wildsear's First Strike Damage Step
Phase: Ai(3)-Dnide Wildsear's Combat Damage Step
Phase: Ai(3)-Dnide Wildsear's End of Combat Step
Phase: Ai(3)-Dnide Wildsear's Main phase, postcombat
Mana: Spire Garden (296) - {T}: Add {R} or {G}.
Mana: Cinder Glade (211) - {T}: Add {R}.
Mana: Forest (248) - {T}: Add {G}.
Mana: Forest (258) - {T}: Add {G}.
Add To Stack: Ai(3)-Dnide Wildsear cast Etali, Primal Conqueror
Add To Stack: Ai(2)-Kilo Helm Final activated Lux Cannon
Resolve Stack: Lux Cannon (178) - Ai(2)-Kilo Helm Final puts a charge counter on Lux Cannon (178).
Resolve Stack: Etali, Primal Conqueror - Creature 7 / 7
Add To Stack: Ai(3)-Dnide Wildsear triggered Etali, Primal Conqueror
Add To Stack: Ai(3)-Dnide Wildsear cast Unwinding Clock
Add To Stack: Ai(3)-Dnide Wildsear cast Grafted Exoskeleton
Add To Stack: Ai(3)-Dnide Wildsear cast Vandalblast targeting [Construct Token (412)]
Resolve Stack: When Etali enters, each player exiles cards from the top of their library until they exile a nonland card. You may cast any number of spells from among the nonland cards exiled this way without paying their mana costs. [Zone Changer: Etali, Primal Conqueror (268)]
Mana: Seat of the Synod (186) - {T}: Add {U}.
Add To Stack: Ai(2)-Kilo Helm Final cast Swan Song targeting [Destroy target artifact you don't control. (without paying its mana cost)]
Add To Stack: Ai(3)-Dnide Wildsear triggered Shadow in the Warp
Damage: Shadow in the Warp (293) deals 2 non-combat damage to Ai(2)-Kilo Helm Final.
Life: Life: Ai(2)-Kilo Helm Final 25 > 23
Resolve Stack: Whenever an opponent casts their first noncreature spell each turn, Shadow in the Warp deals 2 damage to that player. [Card: Swan Song (145), Activator: Ai(2)-Kilo Helm Final, SpellAbility: Counter target enchantment, instant or sorcery spell. Its controller creates a 2/2 blue Bird creature token with flying. ]
Zone Change: Send countered spell to Graveyard
Resolve Stack: Swan Song (145) - Counter Vandalblast (267). 
Resolve Stack: Grafted Exoskeleton
Resolve Stack: Unwinding Clock
Phase: Ai(3)-Dnide Wildsear's End step
Phase: Ai(3)-Dnide Wildsear's Cleanup step
Turn: Turn 31 (Ai(4)-NanMan Felix Five-Boots)
Phase: Ai(4)-NanMan Felix Five-Boots' Untap step
Phase: Ai(4)-NanMan Felix Five-Boots' Upkeep step
Phase: Ai(4)-NanMan Felix Five-Boots' Draw step
Phase: Ai(4)-NanMan Felix Five-Boots' Main phase, precombat
Mana: Swamp (391) - {T}: Add {B}.
Mana: Island (362) - {T}: Add {U}.
Add To Stack: Ai(4)-NanMan Felix Five-Boots activated Sword of Fire and Ice targeting [Felix Five-Boots (403)]
Resolve Stack: Sword of Fire and Ice (315) -  Attach to Felix Five-Boots (403)
Mana: Temple of Malady (338) - {T}: Add {B} or {G}.
Mana: Darkslick Shores (339) - {T}: Add {U} or {B}.
Mana: Rogue's Passage (328) - {T}: Add {C}.
Add To Stack: Ai(4)-NanMan Felix Five-Boots cast Quietus Spike
Add To Stack: Ai(3)-Dnide Wildsear triggered Shadow in the Warp
Damage: Shadow in the Warp (293) deals 2 non-combat damage to Ai(4)-NanMan Felix Five-Boots.
Life: Life: Ai(4)-NanMan Felix Five-Boots 23 > 21
Resolve Stack: Whenever an opponent casts their first noncreature spell each turn, Shadow in the Warp deals 2 damage to that player. [Card: Quietus Spike (377), Activator: Ai(4)-NanMan Felix Five-Boots, SpellAbility: Quietus Spike]
Resolve Stack: Quietus Spike
Phase: Ai(4)-NanMan Felix Five-Boots' Beginning of Combat Step
Phase: Ai(4)-NanMan Felix Five-Boots' Declare Attackers Step
Phase: Ai(4)-NanMan Felix Five-Boots' Declare Blockers Step
Phase: Ai(4)-NanMan Felix Five-Boots' First Strike Damage Step
Phase: Ai(4)-NanMan Felix Five-Boots' Combat Damage Step
Phase: Ai(4)-NanMan Felix Five-Boots' End of Combat Step
Phase: Ai(4)-NanMan Felix Five-Boots' Main phase, postcombat
Phase: Ai(4)-NanMan Felix Five-Boots' End step
Phase: Ai(4)-NanMan Felix Five-Boots' Cleanup step
Turn: Turn 32 (Ai(2)-Kilo Helm Final)
Phase: Ai(2)-Kilo Helm Final's Untap step
Phase: Ai(2)-Kilo Helm Final's Upkeep step
Add To Stack: Ai(2)-Kilo Helm Final triggered Inventors' Fair
Life: Life: Ai(2)-Kilo Helm Final 23 > 24
Resolve Stack: At the beginning of your upkeep, if you control three or more artifacts, you gain 1 life. [Phase: Ai(2)-Kilo Helm Final]
Phase: Ai(2)-Kilo Helm Final's Draw step
Phase: Ai(2)-Kilo Helm Final's Main phase, precombat
Land: Ai(2)-Kilo Helm Final played Skycloud Expanse (183)
Phase: Ai(2)-Kilo Helm Final's Beginning of Combat Step
Phase: Ai(2)-Kilo Helm Final's Declare Attackers Step
Combat: Ai(2)-Kilo Helm Final assigned Construct Token (412), Construct Token (414) and Construct Token (416) to attack Ai(3)-Dnide Wildsear.
Phase: Ai(2)-Kilo Helm Final's Declare Blockers Step
Combat: Ai(3)-Dnide Wildsear assigned Bird Token (418) to block Construct Token (412).
Ai(3)-Dnide Wildsear didn't block Construct Token (414).
Ai(3)-Dnide Wildsear didn't block Construct Token (416).
Mana: Forest (249) - {T}: Add {G}.
Add To Stack: Ai(3)-Dnide Wildsear cast Heroic Intervention
Resolve Stack: Heroic Intervention (291) - Permanents you control gain hexproof and indestructible until end of turn.
Phase: Ai(2)-Kilo Helm Final's First Strike Damage Step
Phase: Ai(2)-Kilo Helm Final's Combat Damage Step
Damage: Construct Token (412) deals 10 damage to Bird Token (418).
Damage: Construct Token (414) deals 10 combat damage to Ai(3)-Dnide Wildsear.
Damage: Construct Token (416) deals 10 combat damage to Ai(3)-Dnide Wildsear.
Damage: Bird Token (418) deals 2 damage to Construct Token (412).
Life: Life: Ai(3)-Dnide Wildsear 27 > 7
Phase: Ai(2)-Kilo Helm Final's End of Combat Step
Phase: Ai(2)-Kilo Helm Final's Main phase, postcombat
Mana: Exotic Orchard (200) - {T}: Add one mana of any color that a land an opponent controls could produce.
Mana: Mountain (187) - {T}: Add {R}.
Mana: Seat of the Synod (186) - {T}: Add {U}.
Mana: Plains (156) - {T}: Add {W}.
Zone Change: Inventors' Fair (103) was put into Graveyard from Battlefield.
Add To Stack: Ai(2)-Kilo Helm Final activated Inventors' Fair
Resolve Stack: Inventors' Fair (103) - Ai(2)-Kilo Helm Final searches their library for an artifact card, reveals it, puts it into their hand, then shuffles.
Mana: Glacial Fortress (179) - {T}: Add {W} or {U}.
Add To Stack: Ai(2)-Kilo Helm Final cast Kappa Cannoneer
Resolve Stack: Kappa Cannoneer - Creature 4 / 4
Add To Stack: Ai(2)-Kilo Helm Final triggered Kappa Cannoneer
Add To Stack: Ai(2)-Kilo Helm Final triggered Simulacrum Synthesizer
Resolve Stack: Whenever another artifact you control with mana value 3 or greater enters, create a 0/0 colorless Construct artifact creature token with "This creature gets +1/+1 for each artifact you control." [Zone Changer: Kappa Cannoneer (199)]
Add To Stack: Ai(2)-Kilo Helm Final triggered Kappa Cannoneer
Resolve Stack: Whenever an artifact you control enters, put a +1/+1 counter on Kappa Cannoneer and it can't be blocked this turn. [Zone Changer: Construct Token (421)]
Resolve Stack: Whenever an artifact you control enters, put a +1/+1 counter on Kappa Cannoneer and it can't be blocked this turn. [Zone Changer: Kappa Cannoneer (199)]
Phase: Ai(2)-Kilo Helm Final's End step
Phase: Ai(2)-Kilo Helm Final's Cleanup step
Turn: Turn 33 (Ai(3)-Dnide Wildsear)
Phase: Ai(3)-Dnide Wildsear's Untap step
Phase: Ai(3)-Dnide Wildsear's Upkeep step
Phase: Ai(3)-Dnide Wildsear's Draw step
Phase: Ai(3)-Dnide Wildsear's Main phase, precombat
Mana: Forest (248) - {T}: Add {G}.
Mana: Forest (258) - {T}: Add {G}.
Add To Stack: Ai(3)-Dnide Wildsear activated Grafted Exoskeleton targeting [Etali, Primal Conqueror (268)]
Resolve Stack: Grafted Exoskeleton (381) -  Attach to Etali, Primal Conqueror (268)
Phase: Ai(3)-Dnide Wildsear's Beginning of Combat Step
Phase: Ai(3)-Dnide Wildsear's Declare Attackers Step
Phase: Ai(3)-Dnide Wildsear's Declare Blockers Step
Phase: Ai(3)-Dnide Wildsear's First Strike Damage Step
Phase: Ai(3)-Dnide Wildsear's Combat Damage Step
Phase: Ai(3)-Dnide Wildsear's End of Combat Step
Phase: Ai(3)-Dnide Wildsear's Main phase, postcombat
Mana: Forest (249) - {T}: Add {G}.
Mana: Spire Garden (296) - {T}: Add {R} or {G}.
Add To Stack: Ai(3)-Dnide Wildsear cast Eidolon of Blossoms
Add To Stack: Ai(3)-Dnide Wildsear triggered Eidolon of Blossoms
Add To Stack: Ai(3)-Dnide Wildsear cast Hammer of Purphoros
Resolve Stack: Cascade - Eidolon of Blossoms [Card: Eidolon of Blossoms (207), Activator: Ai(3)-Dnide Wildsear, SpellAbility: Eidolon of Blossoms - Creature 2 / 2]
Resolve Stack: Hammer of Purphoros
Resolve Stack: Eidolon of Blossoms - Creature 2 / 2
Add To Stack: Ai(3)-Dnide Wildsear triggered Eidolon of Blossoms
Resolve Stack: Constellation — Whenever Eidolon of Blossoms or another enchantment you control enters, draw a card. [Zone Changer: Eidolon of Blossoms (207)]
Land: Ai(3)-Dnide Wildsear played Forest (257)
Phase: Ai(3)-Dnide Wildsear's End step
Phase: Ai(3)-Dnide Wildsear's Cleanup step
Turn: Turn 34 (Ai(4)-NanMan Felix Five-Boots)
Phase: Ai(4)-NanMan Felix Five-Boots' Untap step
Phase: Ai(4)-NanMan Felix Five-Boots' Upkeep step
Phase: Ai(4)-NanMan Felix Five-Boots' Draw step
Phase: Ai(4)-NanMan Felix Five-Boots' Main phase, precombat
Mana: Swamp (391) - {T}: Add {B}.
Mana: Island (362) - {T}: Add {U}.
Mana: Temple of Malady (338) - {T}: Add {B} or {G}.
Mana: Darkslick Shores (339) - {T}: Add {U} or {B}.
Add To Stack: Ai(4)-NanMan Felix Five-Boots activated Rogue's Passage targeting [Felix Five-Boots (403)]
Resolve Stack: Rogue's Passage (328) - Felix Five-Boots (403) can't be blocked this turn.
Phase: Ai(4)-NanMan Felix Five-Boots' Beginning of Combat Step
Phase: Ai(4)-NanMan Felix Five-Boots' Declare Attackers Step
Phase: Ai(4)-NanMan Felix Five-Boots' Declare Blockers Step
Phase: Ai(4)-NanMan Felix Five-Boots' First Strike Damage Step
Phase: Ai(4)-NanMan Felix Five-Boots' Combat Damage Step
Phase: Ai(4)-NanMan Felix Five-Boots' End of Combat Step
Phase: Ai(4)-NanMan Felix Five-Boots' Main phase, postcombat
Phase: Ai(4)-NanMan Felix Five-Boots' End step
Phase: Ai(4)-NanMan Felix Five-Boots' Cleanup step
Turn: Turn 35 (Ai(2)-Kilo Helm Final)
Phase: Ai(2)-Kilo Helm Final's Untap step
Phase: Ai(2)-Kilo Helm Final's Upkeep step
Phase: Ai(2)-Kilo Helm Final's Draw step
Phase: Ai(2)-Kilo Helm Final's Main phase, precombat
Land: Ai(2)-Kilo Helm Final played Mountain (189)
Mana: Exotic Orchard (200) - {T}: Add one mana of any color that a land an opponent controls could produce.
Mana: Mountain (187) - {T}: Add {R}.
Mana: Mountain (189) - {T}: Add {R}.
Add To Stack: Ai(2)-Kilo Helm Final cast Phyrexian Metamorph
Replacement Effect: You may have Etali, Primal Conqueror enter as a copy of any artifact or creature on the battlefield, except it's an artifact in addition to its other types.
Resolve Stack: Phyrexian Metamorph - Creature 0 / 0
Add To Stack: Ai(2)-Kilo Helm Final triggered Etali, Primal Conqueror
Add To Stack: Ai(2)-Kilo Helm Final triggered Kappa Cannoneer
Add To Stack: Ai(2)-Kilo Helm Final triggered Simulacrum Synthesizer
Resolve Stack: Whenever another artifact you control with mana value 3 or greater enters, create a 0/0 colorless Construct artifact creature token with "This creature gets +1/+1 for each artifact you control." [Zone Changer: Etali, Primal Conqueror (125)]
Add To Stack: Ai(2)-Kilo Helm Final triggered Kappa Cannoneer
Resolve Stack: Whenever an artifact you control enters, put a +1/+1 counter on Kappa Cannoneer and it can't be blocked this turn. [Zone Changer: Construct Token (446)]
Resolve Stack: Whenever an artifact you control enters, put a +1/+1 counter on Kappa Cannoneer and it can't be blocked this turn. [Zone Changer: Etali, Primal Conqueror (125)]
Add To Stack: Ai(2)-Kilo Helm Final cast Sword of Hearth and Home
Add To Stack: Ai(2)-Kilo Helm Final cast Surge Conductor
Add To Stack: Ai(2)-Kilo Helm Final cast Gruul Charm
Resolve Stack: When Etali enters, each player exiles cards from the top of their library until they exile a nonland card. You may cast any number of spells from among the nonland cards exiled this way without paying their mana costs. [Zone Changer: Etali, Primal Conqueror (125)]
Add To Stack: Ai(3)-Dnide Wildsear triggered Shadow in the Warp
Damage: Shadow in the Warp (293) deals 2 non-combat damage to Ai(2)-Kilo Helm Final.
Life: Life: Ai(2)-Kilo Helm Final 24 > 22
Resolve Stack: Whenever an opponent casts their first noncreature spell each turn, Shadow in the Warp deals 2 damage to that player. [Card: Sword of Hearth and Home (388), Activator: Ai(2)-Kilo Helm Final, SpellAbility: Sword of Hearth and Home (without paying its mana cost)]
Resolve Stack: Gruul Charm (236) -  Creatures without flying can't block this turn.
Resolve Stack: Surge Conductor - Creature 3 / 2
Add To Stack: Ai(2)-Kilo Helm Final triggered Kappa Cannoneer
Add To Stack: Ai(2)-Kilo Helm Final triggered Simulacrum Synthesizer
Resolve Stack: Whenever another artifact you control with mana value 3 or greater enters, create a 0/0 colorless Construct artifact creature token with "This creature gets +1/+1 for each artifact you control." [Zone Changer: Surge Conductor (185)]
Add To Stack: Ai(2)-Kilo Helm Final triggered Kappa Cannoneer
Resolve Stack: Whenever an artifact you control enters, put a +1/+1 counter on Kappa Cannoneer and it can't be blocked this turn. [Zone Changer: Construct Token (458)]
Resolve Stack: Whenever an artifact you control enters, put a +1/+1 counter on Kappa Cannoneer and it can't be blocked this turn. [Zone Changer: Surge Conductor (185)]
Resolve Stack: Sword of Hearth and Home
Add To Stack: Ai(2)-Kilo Helm Final triggered Surge Conductor
Add To Stack: Ai(2)-Kilo Helm Final triggered Kappa Cannoneer
Add To Stack: Ai(2)-Kilo Helm Final triggered Simulacrum Synthesizer
Resolve Stack: Whenever another artifact you control with mana value 3 or greater enters, create a 0/0 colorless Construct artifact creature token with "This creature gets +1/+1 for each artifact you control." [Zone Changer: Sword of Hearth and Home (388)]
Add To Stack: Ai(2)-Kilo Helm Final triggered Kappa Cannoneer
Resolve Stack: Whenever an artifact you control enters, put a +1/+1 counter on Kappa Cannoneer and it can't be blocked this turn. [Zone Changer: Construct Token (467)]
Resolve Stack: Whenever an artifact you control enters, put a +1/+1 counter on Kappa Cannoneer and it can't be blocked this turn. [Zone Changer: Sword of Hearth and Home (388)]
Resolve Stack: Whenever another nontoken artifact you control enters, proliferate. (Choose any number of permanents and/or players, then give each another counter of each kind already there.) [Zone Changer: Sword of Hearth and Home (388)]
Mana: Seat of the Synod (186) - {T}: Add {U}.
Mana: Plains (156) - {T}: Add {W}.
Add To Stack: Ai(2)-Kilo Helm Final cast Insight Engine
Resolve Stack: Insight Engine
Add To Stack: Ai(2)-Kilo Helm Final triggered Surge Conductor
Add To Stack: Ai(2)-Kilo Helm Final triggered Kappa Cannoneer
Add To Stack: Ai(2)-Kilo Helm Final triggered Simulacrum Synthesizer
Resolve Stack: Whenever another artifact you control with mana value 3 or greater enters, create a 0/0 colorless Construct artifact creature token with "This creature gets +1/+1 for each artifact you control." [Zone Changer: Insight Engine (134)]
Add To Stack: Ai(2)-Kilo Helm Final triggered Kappa Cannoneer
Resolve Stack: Whenever an artifact you control enters, put a +1/+1 counter on Kappa Cannoneer and it can't be blocked this turn. [Zone Changer: Construct Token (477)]
Resolve Stack: Whenever an artifact you control enters, put a +1/+1 counter on Kappa Cannoneer and it can't be blocked this turn. [Zone Changer: Insight Engine (134)]
Resolve Stack: Whenever another nontoken artifact you control enters, proliferate. (Choose any number of permanents and/or players, then give each another counter of each kind already there.) [Zone Changer: Insight Engine (134)]
Add To Stack: Ai(2)-Kilo Helm Final activated Lux Cannon targeting [Felix Five-Boots (403)]
Add To Stack: Ai(4)-NanMan Felix Five-Boots triggered Felix Five-Boots
Mana: Glacial Fortress (179) - {T}: Add {W} or {U}.
Mana: Radiant Summit (121) - {T}: Add {R}.
Resolve Stack: Ward {2} (Whenever this permanent becomes the target of a spell or ability an opponent controls, counter it unless that player pays {2}.) [Source: Lux Cannon (178), Target: Felix Five-Boots (403)]
Zone Change: Felix Five-Boots (403) was put into Graveyard from Battlefield.
Resolve Stack: Lux Cannon (178) - Destroy Felix Five-Boots (403).
Phase: Ai(2)-Kilo Helm Final's Beginning of Combat Step
Phase: Ai(2)-Kilo Helm Final's Declare Attackers Step
Combat: Ai(2)-Kilo Helm Final assigned Construct Token (412), Construct Token (414), Construct Token (416), Construct Token (421), Kappa Cannoneer (199), Angel of the Ruins (106), Kilo, Apogee Mind (201), Foundry Inspector (136), Thought Monitor (196), Thrummingbird (112) and Emry, Lurker of the Loch (148) to attack Ai(3)-Dnide Wildsear.
Add To Stack: Ai(2)-Kilo Helm Final triggered Kilo, Apogee Mind
Resolve Stack: Whenever Kilo becomes tapped, proliferate. (Choose any number of permanents and/or players, then give each another counter of each kind already there.) [Tapped: Kilo, Apogee Mind (201)]
Phase: Ai(2)-Kilo Helm Final's Declare Blockers Step
Combat: Ai(3)-Dnide Wildsear assigned Bird Token (418) to block Construct Token (412).
Ai(3)-Dnide Wildsear didn't block Construct Token (414).
Ai(3)-Dnide Wildsear didn't block Construct Token (416).
Ai(3)-Dnide Wildsear didn't block Construct Token (421).
Ai(3)-Dnide Wildsear didn't block Kappa Cannoneer (199).
Ai(3)-Dnide Wildsear didn't block Angel of the Ruins (106).
Ai(3)-Dnide Wildsear didn't block Kilo, Apogee Mind (201).
Ai(3)-Dnide Wildsear didn't block Foundry Inspector (136).
Ai(3)-Dnide Wildsear didn't block Thought Monitor (196).
Ai(3)-Dnide Wildsear didn't block Thrummingbird (112).
Ai(3)-Dnide Wildsear didn't block Emry, Lurker of the Loch (148).
Phase: Ai(2)-Kilo Helm Final's First Strike Damage Step
Phase: Ai(2)-Kilo Helm Final's Combat Damage Step
Damage: Construct Token (412) deals 20 damage to Bird Token (418).
Damage: Construct Token (414) deals 20 combat damage to Ai(3)-Dnide Wildsear.
Damage: Construct Token (416) deals 20 combat damage to Ai(3)-Dnide Wildsear.
Damage: Construct Token (421) deals 20 combat damage to Ai(3)-Dnide Wildsear.
Damage: Kappa Cannoneer (199) deals 17 combat damage to Ai(3)-Dnide Wildsear.
Damage: Angel of the Ruins (106) deals 5 combat damage to Ai(3)-Dnide Wildsear.
Damage: Kilo, Apogee Mind (201) deals 3 combat damage to Ai(3)-Dnide Wildsear.
Damage: Foundry Inspector (136) deals 3 combat damage to Ai(3)-Dnide Wildsear.
Damage: Thought Monitor (196) deals 2 combat damage to Ai(3)-Dnide Wildsear.
Damage: Thrummingbird (112) deals 1 combat damage to Ai(3)-Dnide Wildsear.
Damage: Emry, Lurker of the Loch (148) deals 1 combat damage to Ai(3)-Dnide Wildsear.
Damage: Bird Token (418) deals 2 damage to Construct Token (412).
Life: Life: Ai(3)-Dnide Wildsear 7 > -85
Zone Change: Grafted Exoskeleton (381) was put into Exile from Battlefield.
Zone Change: Unwinding Clock (170) was put into Exile from Battlefield.
Add To Stack: Ai(2)-Kilo Helm Final triggered Thrummingbird
Resolve Stack: Whenever Thrummingbird deals combat damage to a player, proliferate. [Damage Source: Thrummingbird (112), Damaged: Ai(3)-Dnide Wildsear, Amount: 1]
Phase: Ai(2)-Kilo Helm Final's End of Combat Step
Phase: Ai(2)-Kilo Helm Final's Main phase, postcombat
Phase: Ai(2)-Kilo Helm Final's End step
Phase: Ai(2)-Kilo Helm Final's Cleanup step
Turn: Turn 36 (Ai(4)-NanMan Felix Five-Boots)
Phase: Ai(4)-NanMan Felix Five-Boots' Untap step
Phase: Ai(4)-NanMan Felix Five-Boots' Upkeep step
Phase: Ai(4)-NanMan Felix Five-Boots' Draw step
Phase: Ai(4)-NanMan Felix Five-Boots' Main phase, precombat
Replacement Effect: Sunken Hollow enters tapped unless you control two or more basic lands.
Land: Ai(4)-NanMan Felix Five-Boots played Sunken Hollow (333)
Phase: Ai(4)-NanMan Felix Five-Boots' Beginning of Combat Step
Phase: Ai(4)-NanMan Felix Five-Boots' Declare Attackers Step
Phase: Ai(4)-NanMan Felix Five-Boots' Declare Blockers Step
Phase: Ai(4)-NanMan Felix Five-Boots' First Strike Damage Step
Phase: Ai(4)-NanMan Felix Five-Boots' Combat Damage Step
Phase: Ai(4)-NanMan Felix Five-Boots' End of Combat Step
Phase: Ai(4)-NanMan Felix Five-Boots' Main phase, postcombat
Mana: Island (362) - {T}: Add {U}.
Mana: Swamp (391) - {T}: Add {B}.
Add To Stack: Ai(4)-NanMan Felix Five-Boots cast Baleful Strix
Resolve Stack: Baleful Strix - Creature 1 / 1
Add To Stack: Ai(4)-NanMan Felix Five-Boots triggered Baleful Strix
Resolve Stack: When Baleful Strix enters, draw a card. [Zone Changer: Baleful Strix (325)]
Mana: Temple of Malady (338) - {T}: Add {B} or {G}.
Mana: Darkslick Shores (339) - {T}: Add {U} or {B}.
Mana: Sunken Hollow (333) - {T}: Add {B}.
Add To Stack: Ai(4)-NanMan Felix Five-Boots cast Whispering Specter
Resolve Stack: Whispering Specter - Creature 1 / 1
Phase: Ai(4)-NanMan Felix Five-Boots' End step
Phase: Ai(4)-NanMan Felix Five-Boots' Cleanup step
Turn: Turn 37 (Ai(2)-Kilo Helm Final)
Phase: Ai(2)-Kilo Helm Final's Untap step
Phase: Ai(2)-Kilo Helm Final's Upkeep step
Phase: Ai(2)-Kilo Helm Final's Draw step
Phase: Ai(2)-Kilo Helm Final's Main phase, precombat
Land: Ai(2)-Kilo Helm Final played Ancient Den (190)
Add To Stack: Ai(2)-Kilo Helm Final triggered Surge Conductor
Add To Stack: Ai(2)-Kilo Helm Final triggered Kappa Cannoneer
Resolve Stack: Whenever an artifact you control enters, put a +1/+1 counter on Kappa Cannoneer and it can't be blocked this turn. [Zone Changer: Ancient Den (190)]
Resolve Stack: Whenever another nontoken artifact you control enters, proliferate. (Choose any number of permanents and/or players, then give each another counter of each kind already there.) [Zone Changer: Ancient Den (190)]
Mana: Exotic Orchard (200) - {T}: Add one mana of any color that a land an opponent controls could produce.
Mana: Mountain (187) - {T}: Add {R}.
Add To Stack: Ai(2)-Kilo Helm Final cast Solar Array
Resolve Stack: Solar Array
Add To Stack: Ai(2)-Kilo Helm Final triggered Surge Conductor
Add To Stack: Ai(2)-Kilo Helm Final triggered Kappa Cannoneer
Add To Stack: Ai(2)-Kilo Helm Final triggered Simulacrum Synthesizer
Resolve Stack: Whenever another artifact you control with mana value 3 or greater enters, create a 0/0 colorless Construct artifact creature token with "This creature gets +1/+1 for each artifact you control." [Zone Changer: Solar Array (144)]
Add To Stack: Ai(2)-Kilo Helm Final triggered Kappa Cannoneer
Resolve Stack: Whenever an artifact you control enters, put a +1/+1 counter on Kappa Cannoneer and it can't be blocked this turn. [Zone Changer: Construct Token (496)]
Resolve Stack: Whenever an artifact you control enters, put a +1/+1 counter on Kappa Cannoneer and it can't be blocked this turn. [Zone Changer: Solar Array (144)]
Resolve Stack: Whenever another nontoken artifact you control enters, proliferate. (Choose any number of permanents and/or players, then give each another counter of each kind already there.) [Zone Changer: Solar Array (144)]
Mana: Seat of the Synod (186) - {T}: Add {U}.
Mana: Mountain (189) - {T}: Add {R}.
Add To Stack: Ai(2)-Kilo Helm Final activated Sword of Hearth and Home targeting [Kappa Cannoneer (199)]
Resolve Stack: Sword of Hearth and Home (388) -  Attach to Kappa Cannoneer (199)
Phase: Ai(2)-Kilo Helm Final's Beginning of Combat Step
Phase: Ai(2)-Kilo Helm Final's Declare Attackers Step
Combat: Ai(2)-Kilo Helm Final assigned Kappa Cannoneer (199), Construct Token (412), Construct Token (414), Construct Token (416), Construct Token (421), Construct Token (446), Construct Token (458), Construct Token (467), Construct Token (477), Etali, Primal Conqueror (125), Angel of the Ruins (106), Kilo, Apogee Mind (201), Foundry Inspector (136), Surge Conductor (185), Thought Monitor (196), Thrummingbird (112) and Emry, Lurker of the Loch (148) to attack Ai(4)-NanMan Felix Five-Boots.
Add To Stack: Ai(2)-Kilo Helm Final triggered Kilo, Apogee Mind
Resolve Stack: Whenever Kilo becomes tapped, proliferate. (Choose any number of permanents and/or players, then give each another counter of each kind already there.) [Tapped: Kilo, Apogee Mind (201)]
Phase: Ai(2)-Kilo Helm Final's Declare Blockers Step
Combat: Ai(4)-NanMan Felix Five-Boots didn't block Kappa Cannoneer (199).
Ai(4)-NanMan Felix Five-Boots assigned Whispering Specter (350) to block Construct Token (412).
Ai(4)-NanMan Felix Five-Boots assigned Baleful Strix (325) to block Construct Token (414).
Ai(4)-NanMan Felix Five-Boots didn't block Construct Token (416).
Ai(4)-NanMan Felix Five-Boots didn't block Construct Token (421).
Ai(4)-NanMan Felix Five-Boots didn't block Construct Token (446).
Ai(4)-NanMan Felix Five-Boots didn't block Construct Token (458).
Ai(4)-NanMan Felix Five-Boots didn't block Construct Token (467).
Ai(4)-NanMan Felix Five-Boots didn't block Construct Token (477).
Ai(4)-NanMan Felix Five-Boots didn't block Etali, Primal Conqueror (125).
Ai(4)-NanMan Felix Five-Boots didn't block Angel of the Ruins (106).
Ai(4)-NanMan Felix Five-Boots didn't block Kilo, Apogee Mind (201).
Ai(4)-NanMan Felix Five-Boots didn't block Foundry Inspector (136).
Ai(4)-NanMan Felix Five-Boots didn't block Surge Conductor (185).
Ai(4)-NanMan Felix Five-Boots didn't block Thought Monitor (196).
Ai(4)-NanMan Felix Five-Boots didn't block Thrummingbird (112).
Ai(4)-NanMan Felix Five-Boots didn't block Emry, Lurker of the Loch (148).
Phase: Ai(2)-Kilo Helm Final's First Strike Damage Step
Phase: Ai(2)-Kilo Helm Final's Combat Damage Step
Damage: Kappa Cannoneer (199) deals 26 combat damage to Ai(4)-NanMan Felix Five-Boots.
Damage: Construct Token (412) deals 23 damage to Whispering Specter (350).
Damage: Construct Token (414) deals 23 damage to Baleful Strix (325).
Damage: Construct Token (416) deals 23 combat damage to Ai(4)-NanMan Felix Five-Boots.
Damage: Construct Token (421) deals 23 combat damage to Ai(4)-NanMan Felix Five-Boots.
Damage: Construct Token (446) deals 23 combat damage to Ai(4)-NanMan Felix Five-Boots.
Damage: Construct Token (458) deals 23 combat damage to Ai(4)-NanMan Felix Five-Boots.
Damage: Construct Token (467) deals 23 combat damage to Ai(4)-NanMan Felix Five-Boots.
Damage: Construct Token (477) deals 23 combat damage to Ai(4)-NanMan Felix Five-Boots.
Damage: Etali, Primal Conqueror (125) deals 7 combat damage to Ai(4)-NanMan Felix Five-Boots.
Damage: Angel of the Ruins (106) deals 5 combat damage to Ai(4)-NanMan Felix Five-Boots.
Damage: Kilo, Apogee Mind (201) deals 3 combat damage to Ai(4)-NanMan Felix Five-Boots.
Damage: Foundry Inspector (136) deals 3 combat damage to Ai(4)-NanMan Felix Five-Boots.
Damage: Surge Conductor (185) deals 3 combat damage to Ai(4)-NanMan Felix Five-Boots.
Damage: Thought Monitor (196) deals 2 combat damage to Ai(4)-NanMan Felix Five-Boots.
Damage: Thrummingbird (112) deals 1 combat damage to Ai(4)-NanMan Felix Five-Boots.
Damage: Emry, Lurker of the Loch (148) deals 1 combat damage to Ai(4)-NanMan Felix Five-Boots.
Damage: Whispering Specter (350) deals 1 damage (As -1/-1 Counters) to Construct Token (412).
Damage: Baleful Strix (325) deals 1 damage (Deathtouch) to Construct Token (414).
Life: Life: Ai(4)-NanMan Felix Five-Boots 21 > -168
Player Control: Ai(1)-N3cro Raggadragga has restored control over themself
Player Control: Ai(2)-Kilo Helm Final has restored control over themself
Player Control: Ai(3)-Dnide Wildsear has restored control over themself
Player Control: Ai(4)-NanMan Felix Five-Boots has restored control over themself
Game Outcome: Turn 19
Game Outcome: Ai(1)-N3cro Raggadragga has lost because life total reached 0
Game Outcome: Ai(2)-Kilo Helm Final has won because all opponents have lost
Game Outcome: Ai(3)-Dnide Wildsear has lost because life total reached 0
Game Outcome: Ai(4)-NanMan Felix Five-Boots has lost because life total reached 0
Match Result: Ai(1)-N3cro Raggadragga: 0 Ai(2)-Kilo Helm Final: 2 Ai(3)-Dnide Wildsear: 0 Ai(4)-NanMan Felix Five-Boots: 1 

Game Result: Game 3 ended in 166578 ms. Ai(2)-Kilo Helm Final has won!

Stopping slow match as draw
Mulligan: Ai(1)-N3cro Raggadragga has mulliganed down to 7 cards.
Mulligan: Ai(2)-Kilo Helm Final has mulliganed down to 7 cards.
Mulligan: Ai(1)-N3cro Raggadragga has kept a hand of 7 cards
Mulligan: Ai(2)-Kilo Helm Final has kept a hand of 7 cards
Mulligan: Ai(3)-Dnide Wildsear has kept a hand of 7 cards
Mulligan: Ai(4)-NanMan Felix Five-Boots has kept a hand of 7 cards
Turn: Turn 1 (Ai(1)-N3cro Raggadragga)
Phase: Ai(1)-N3cro Raggadragga's Untap step
Phase: Ai(1)-N3cro Raggadragga's Upkeep step
Phase: Ai(1)-N3cro Raggadragga's Draw step
Phase: Ai(1)-N3cro Raggadragga's Main phase, precombat
Land: Ai(1)-N3cro Raggadragga played Dryad Arbor (30)
Phase: Ai(1)-N3cro Raggadragga's Beginning of Combat Step
Phase: Ai(1)-N3cro Raggadragga's Declare Attackers Step
Phase: Ai(1)-N3cro Raggadragga's Declare Blockers Step
Phase: Ai(1)-N3cro Raggadragga's First Strike Damage Step
Phase: Ai(1)-N3cro Raggadragga's Combat Damage Step
Phase: Ai(1)-N3cro Raggadragga's End of Combat Step
Phase: Ai(1)-N3cro Raggadragga's Main phase, postcombat
Phase: Ai(1)-N3cro Raggadragga's End step
Phase: Ai(1)-N3cro Raggadragga's Cleanup step
Turn: Turn 2 (Ai(2)-Kilo Helm Final)
Phase: Ai(2)-Kilo Helm Final's Untap step
Phase: Ai(2)-Kilo Helm Final's Upkeep step
Phase: Ai(2)-Kilo Helm Final's Draw step
Phase: Ai(2)-Kilo Helm Final's Main phase, precombat
Replacement Effect: This land enters tapped unless you control two or more basic lands.
Land: Ai(2)-Kilo Helm Final played Radiant Summit (121)
Phase: Ai(2)-Kilo Helm Final's Beginning of Combat Step
Phase: Ai(2)-Kilo Helm Final's Declare Attackers Step
Phase: Ai(2)-Kilo Helm Final's Declare Blockers Step
Phase: Ai(2)-Kilo Helm Final's First Strike Damage Step
Phase: Ai(2)-Kilo Helm Final's Combat Damage Step
Phase: Ai(2)-Kilo Helm Final's End of Combat Step
Phase: Ai(2)-Kilo Helm Final's Main phase, postcombat
Phase: Ai(2)-Kilo Helm Final's End step
Phase: Ai(2)-Kilo Helm Final's Cleanup step
Turn: Turn 3 (Ai(3)-Dnide Wildsear)
Phase: Ai(3)-Dnide Wildsear's Untap step
Phase: Ai(3)-Dnide Wildsear's Upkeep step
Phase: Ai(3)-Dnide Wildsear's Draw step
Phase: Ai(3)-Dnide Wildsear's Main phase, precombat
Replacement Effect: Rockfall Vale enters tapped unless you control two or more other lands.
Land: Ai(3)-Dnide Wildsear played Rockfall Vale (223)
Phase: Ai(3)-Dnide Wildsear's Beginning of Combat Step
Phase: Ai(3)-Dnide Wildsear's Declare Attackers Step
Phase: Ai(3)-Dnide Wildsear's Declare Blockers Step
Phase: Ai(3)-Dnide Wildsear's First Strike Damage Step
Phase: Ai(3)-Dnide Wildsear's Combat Damage Step
Phase: Ai(3)-Dnide Wildsear's End of Combat Step
Phase: Ai(3)-Dnide Wildsear's Main phase, postcombat
Phase: Ai(3)-Dnide Wildsear's End step
Phase: Ai(3)-Dnide Wildsear's Cleanup step
Turn: Turn 4 (Ai(4)-NanMan Felix Five-Boots)
Phase: Ai(4)-NanMan Felix Five-Boots' Untap step
Phase: Ai(4)-NanMan Felix Five-Boots' Upkeep step
Phase: Ai(4)-NanMan Felix Five-Boots' Draw step
Phase: Ai(4)-NanMan Felix Five-Boots' Main phase, precombat
Land: Ai(4)-NanMan Felix Five-Boots played Rogue's Passage (328)
Phase: Ai(4)-NanMan Felix Five-Boots' Beginning of Combat Step
Phase: Ai(4)-NanMan Felix Five-Boots' Declare Attackers Step
Phase: Ai(4)-NanMan Felix Five-Boots' Declare Blockers Step
Phase: Ai(4)-NanMan Felix Five-Boots' First Strike Damage Step
Phase: Ai(4)-NanMan Felix Five-Boots' Combat Damage Step
Phase: Ai(4)-NanMan Felix Five-Boots' End of Combat Step
Phase: Ai(4)-NanMan Felix Five-Boots' Main phase, postcombat
Phase: Ai(4)-NanMan Felix Five-Boots' End step
Phase: Ai(4)-NanMan Felix Five-Boots' Cleanup step
Turn: Turn 5 (Ai(1)-N3cro Raggadragga)
Phase: Ai(1)-N3cro Raggadragga's Untap step
Phase: Ai(1)-N3cro Raggadragga's Upkeep step
Phase: Ai(1)-N3cro Raggadragga's Draw step
Phase: Ai(1)-N3cro Raggadragga's Main phase, precombat
Land: Ai(1)-N3cro Raggadragga played Forest (59)
Phase: Ai(1)-N3cro Raggadragga's Beginning of Combat Step
Phase: Ai(1)-N3cro Raggadragga's Declare Attackers Step
Combat: Ai(1)-N3cro Raggadragga assigned Dryad Arbor (30) to attack Ai(4)-NanMan Felix Five-Boots.
Phase: Ai(1)-N3cro Raggadragga's Declare Blockers Step
Combat: Ai(4)-NanMan Felix Five-Boots didn't block Dryad Arbor (30).
Phase: Ai(1)-N3cro Raggadragga's First Strike Damage Step
Phase: Ai(1)-N3cro Raggadragga's Combat Damage Step
Damage: Dryad Arbor (30) deals 1 combat damage to Ai(4)-NanMan Felix Five-Boots.
Life: Life: Ai(4)-NanMan Felix Five-Boots 40 > 39
Phase: Ai(1)-N3cro Raggadragga's End of Combat Step
Phase: Ai(1)-N3cro Raggadragga's Main phase, postcombat
Phase: Ai(1)-N3cro Raggadragga's End step
Phase: Ai(1)-N3cro Raggadragga's Cleanup step
Turn: Turn 6 (Ai(2)-Kilo Helm Final)
Phase: Ai(2)-Kilo Helm Final's Untap step
Phase: Ai(2)-Kilo Helm Final's Upkeep step
Phase: Ai(2)-Kilo Helm Final's Draw step
Phase: Ai(2)-Kilo Helm Final's Main phase, precombat
Land: Ai(2)-Kilo Helm Final played Rugged Prairie (141)
Phase: Ai(2)-Kilo Helm Final's Beginning of Combat Step
Phase: Ai(2)-Kilo Helm Final's Declare Attackers Step
Phase: Ai(2)-Kilo Helm Final's Declare Blockers Step
Phase: Ai(2)-Kilo Helm Final's First Strike Damage Step
Phase: Ai(2)-Kilo Helm Final's Combat Damage Step
Phase: Ai(2)-Kilo Helm Final's End of Combat Step
Phase: Ai(2)-Kilo Helm Final's Main phase, postcombat
Mana: Radiant Summit (121) - {T}: Add {R}.
Mana: Rugged Prairie (141) - {T}: Add {C}.
Add To Stack: Ai(2)-Kilo Helm Final cast Coretapper
Resolve Stack: Coretapper - Creature 1 / 1
Phase: Ai(2)-Kilo Helm Final's End step
Phase: Ai(2)-Kilo Helm Final's Cleanup step
Turn: Turn 7 (Ai(3)-Dnide Wildsear)
Phase: Ai(3)-Dnide Wildsear's Untap step
Phase: Ai(3)-Dnide Wildsear's Upkeep step
Phase: Ai(3)-Dnide Wildsear's Draw step
Phase: Ai(3)-Dnide Wildsear's Main phase, precombat
Land: Ai(3)-Dnide Wildsear played Forest (250)
Phase: Ai(3)-Dnide Wildsear's Beginning of Combat Step
Phase: Ai(3)-Dnide Wildsear's Declare Attackers Step
Phase: Ai(3)-Dnide Wildsear's Declare Blockers Step
Phase: Ai(3)-Dnide Wildsear's First Strike Damage Step
Phase: Ai(3)-Dnide Wildsear's Combat Damage Step
Phase: Ai(3)-Dnide Wildsear's End of Combat Step
Phase: Ai(3)-Dnide Wildsear's Main phase, postcombat
Mana: Rockfall Vale (223) - {T}: Add {R} or {G}.
Mana: Forest (250) - {T}: Add {G}.
Add To Stack: Ai(3)-Dnide Wildsear cast Goblin Anarchomancer
Resolve Stack: Goblin Anarchomancer - Creature 2 / 2
Phase: Ai(3)-Dnide Wildsear's End step
Phase: Ai(3)-Dnide Wildsear's Cleanup step
Turn: Turn 8 (Ai(4)-NanMan Felix Five-Boots)
Phase: Ai(4)-NanMan Felix Five-Boots' Untap step
Phase: Ai(4)-NanMan Felix Five-Boots' Upkeep step
Phase: Ai(4)-NanMan Felix Five-Boots' Draw step
Phase: Ai(4)-NanMan Felix Five-Boots' Main phase, precombat
Land: Ai(4)-NanMan Felix Five-Boots played Swamp (391)
Phase: Ai(4)-NanMan Felix Five-Boots' Beginning of Combat Step
Phase: Ai(4)-NanMan Felix Five-Boots' Declare Attackers Step
Phase: Ai(4)-NanMan Felix Five-Boots' Declare Blockers Step
Phase: Ai(4)-NanMan Felix Five-Boots' First Strike Damage Step
Phase: Ai(4)-NanMan Felix Five-Boots' Combat Damage Step
Phase: Ai(4)-NanMan Felix Five-Boots' End of Combat Step
Phase: Ai(4)-NanMan Felix Five-Boots' Main phase, postcombat
Phase: Ai(4)-NanMan Felix Five-Boots' End step
Phase: Ai(4)-NanMan Felix Five-Boots' Cleanup step
Turn: Turn 9 (Ai(1)-N3cro Raggadragga)
Phase: Ai(1)-N3cro Raggadragga's Untap step
Phase: Ai(1)-N3cro Raggadragga's Upkeep step
Phase: Ai(1)-N3cro Raggadragga's Draw step
Phase: Ai(1)-N3cro Raggadragga's Main phase, precombat
Phase: Ai(1)-N3cro Raggadragga's Beginning of Combat Step
Phase: Ai(1)-N3cro Raggadragga's Declare Attackers Step
Phase: Ai(1)-N3cro Raggadragga's Declare Blockers Step
Phase: Ai(1)-N3cro Raggadragga's First Strike Damage Step
Phase: Ai(1)-N3cro Raggadragga's Combat Damage Step
Phase: Ai(1)-N3cro Raggadragga's End of Combat Step
Phase: Ai(1)-N3cro Raggadragga's Main phase, postcombat
Mana: Forest (59) - {T}: Add {G}.
Mana: Dryad Arbor (30) - {T}: Add {G}.
Add To Stack: Ai(1)-N3cro Raggadragga cast Paradise Druid
Resolve Stack: Paradise Druid - Creature 2 / 1
Phase: Ai(1)-N3cro Raggadragga's End step
Phase: Ai(1)-N3cro Raggadragga's Cleanup step
Turn: Turn 10 (Ai(2)-Kilo Helm Final)
Phase: Ai(2)-Kilo Helm Final's Untap step
Phase: Ai(2)-Kilo Helm Final's Upkeep step
Phase: Ai(2)-Kilo Helm Final's Draw step
Phase: Ai(2)-Kilo Helm Final's Main phase, precombat
Land: Ai(2)-Kilo Helm Final played The Mycosynth Gardens (162)
Phase: Ai(2)-Kilo Helm Final's Beginning of Combat Step
Phase: Ai(2)-Kilo Helm Final's Declare Attackers Step
Phase: Ai(2)-Kilo Helm Final's Declare Blockers Step
Phase: Ai(2)-Kilo Helm Final's First Strike Damage Step
Phase: Ai(2)-Kilo Helm Final's Combat Damage Step
Phase: Ai(2)-Kilo Helm Final's End of Combat Step
Phase: Ai(2)-Kilo Helm Final's Main phase, postcombat
Phase: Ai(2)-Kilo Helm Final's End step
Phase: Ai(2)-Kilo Helm Final's Cleanup step
Turn: Turn 11 (Ai(3)-Dnide Wildsear)
Phase: Ai(3)-Dnide Wildsear's Untap step
Phase: Ai(3)-Dnide Wildsear's Upkeep step
Phase: Ai(3)-Dnide Wildsear's Draw step
Phase: Ai(3)-Dnide Wildsear's Main phase, precombat
Phase: Ai(3)-Dnide Wildsear's Beginning of Combat Step
Phase: Ai(3)-Dnide Wildsear's Declare Attackers Step
Phase: Ai(3)-Dnide Wildsear's Declare Blockers Step
Phase: Ai(3)-Dnide Wildsear's First Strike Damage Step
Phase: Ai(3)-Dnide Wildsear's Combat Damage Step
Phase: Ai(3)-Dnide Wildsear's End of Combat Step
Phase: Ai(3)-Dnide Wildsear's Main phase, postcombat
Mana: Forest (250) - {T}: Add {G}.
Mana: Rockfall Vale (223) - {T}: Add {R} or {G}.
Add To Stack: Ai(3)-Dnide Wildsear cast Enduring Vitality
Resolve Stack: Enduring Vitality - Creature 3 / 3
Phase: Ai(3)-Dnide Wildsear's End step
Phase: Ai(3)-Dnide Wildsear's Cleanup step
Turn: Turn 12 (Ai(4)-NanMan Felix Five-Boots)
Phase: Ai(4)-NanMan Felix Five-Boots' Untap step
Phase: Ai(4)-NanMan Felix Five-Boots' Upkeep step
Phase: Ai(4)-NanMan Felix Five-Boots' Draw step
Phase: Ai(4)-NanMan Felix Five-Boots' Main phase, precombat
Replacement Effect: Temple of Malady enters tapped.
Land: Ai(4)-NanMan Felix Five-Boots played Temple of Malady (338)
Add To Stack: Ai(4)-NanMan Felix Five-Boots triggered Temple of Malady
Resolve Stack: Ai(4)-NanMan Felix Five-Boots scried 1 card(s) to the top of the library
Resolve Stack: When Temple of Malady enters, scry 1. [Zone Changer: Temple of Malady (338)]
Phase: Ai(4)-NanMan Felix Five-Boots' Beginning of Combat Step
Phase: Ai(4)-NanMan Felix Five-Boots' Declare Attackers Step
Phase: Ai(4)-NanMan Felix Five-Boots' Declare Blockers Step
Phase: Ai(4)-NanMan Felix Five-Boots' First Strike Damage Step
Phase: Ai(4)-NanMan Felix Five-Boots' Combat Damage Step
Phase: Ai(4)-NanMan Felix Five-Boots' End of Combat Step
Phase: Ai(4)-NanMan Felix Five-Boots' Main phase, postcombat
Phase: Ai(4)-NanMan Felix Five-Boots' End step
Phase: Ai(4)-NanMan Felix Five-Boots' Cleanup step
Turn: Turn 13 (Ai(1)-N3cro Raggadragga)
Phase: Ai(1)-N3cro Raggadragga's Untap step
Phase: Ai(1)-N3cro Raggadragga's Upkeep step
Mana: Paradise Druid (36) - {T}: Add one mana of any color.
Mana: Forest (59) - {T}: Add {G}.
Add To Stack: Ai(1)-N3cro Raggadragga cast Untimely Malfunction
Zone Change: Coretapper (129) was put into Graveyard from Battlefield.
Resolve Stack: Untimely Malfunction (28) -  Destroy target artifact. (Targeting: Coretapper (129))
Phase: Ai(1)-N3cro Raggadragga's Draw step
Phase: Ai(1)-N3cro Raggadragga's Main phase, precombat
Land: Ai(1)-N3cro Raggadragga played Forest (58)
Phase: Ai(1)-N3cro Raggadragga's Beginning of Combat Step
Phase: Ai(1)-N3cro Raggadragga's Declare Attackers Step
Phase: Ai(1)-N3cro Raggadragga's Declare Blockers Step
Phase: Ai(1)-N3cro Raggadragga's First Strike Damage Step
Phase: Ai(1)-N3cro Raggadragga's Combat Damage Step
Phase: Ai(1)-N3cro Raggadragga's End of Combat Step
Phase: Ai(1)-N3cro Raggadragga's Main phase, postcombat
Mana: Forest (58) - {T}: Add {G}.
Mana: Dryad Arbor (30) - {T}: Add {G}.
Add To Stack: Ai(1)-N3cro Raggadragga cast Armored Scrapgorger
Resolve Stack: Armored Scrapgorger - Creature 0 / 3
Phase: Ai(1)-N3cro Raggadragga's End step
Phase: Ai(1)-N3cro Raggadragga's Cleanup step
Turn: Turn 14 (Ai(2)-Kilo Helm Final)
Phase: Ai(2)-Kilo Helm Final's Untap step
Phase: Ai(2)-Kilo Helm Final's Upkeep step
Phase: Ai(2)-Kilo Helm Final's Draw step
Phase: Ai(2)-Kilo Helm Final's Main phase, precombat
Land: Ai(2)-Kilo Helm Final played Spire of Industry (111)
Phase: Ai(2)-Kilo Helm Final's Beginning of Combat Step
Phase: Ai(2)-Kilo Helm Final's Declare Attackers Step
Phase: Ai(2)-Kilo Helm Final's Declare Blockers Step
Phase: Ai(2)-Kilo Helm Final's First Strike Damage Step
Phase: Ai(2)-Kilo Helm Final's Combat Damage Step
Phase: Ai(2)-Kilo Helm Final's End of Combat Step
Phase: Ai(2)-Kilo Helm Final's Main phase, postcombat
Phase: Ai(2)-Kilo Helm Final's End step
Phase: Ai(2)-Kilo Helm Final's Cleanup step
Turn: Turn 15 (Ai(3)-Dnide Wildsear)
Phase: Ai(3)-Dnide Wildsear's Untap step
Phase: Ai(3)-Dnide Wildsear's Upkeep step
Phase: Ai(3)-Dnide Wildsear's Draw step
Phase: Ai(3)-Dnide Wildsear's Main phase, precombat
Land: Ai(3)-Dnide Wildsear played Mountain (280)
Mana: Mountain (280) - {T}: Add {R}.
Mana: Rockfall Vale (223) - {T}: Add {R} or {G}.
Mana: Goblin Anarchomancer (232) - {T}: Add one mana of any color.
Mana: Forest (250) - {T}: Add {G}.
Mana: Enduring Vitality (244) - {T}: Add one mana of any color.
Add To Stack: Ai(3)-Dnide Wildsear cast Fiery Emancipation
Resolve Stack: Fiery Emancipation
Phase: Ai(3)-Dnide Wildsear's Beginning of Combat Step
Phase: Ai(3)-Dnide Wildsear's Declare Attackers Step
Phase: Ai(3)-Dnide Wildsear's Declare Blockers Step
Phase: Ai(3)-Dnide Wildsear's First Strike Damage Step
Phase: Ai(3)-Dnide Wildsear's Combat Damage Step
Phase: Ai(3)-Dnide Wildsear's End of Combat Step
Phase: Ai(3)-Dnide Wildsear's Main phase, postcombat
Phase: Ai(3)-Dnide Wildsear's End step
Phase: Ai(3)-Dnide Wildsear's Cleanup step
Turn: Turn 16 (Ai(4)-NanMan Felix Five-Boots)
Phase: Ai(4)-NanMan Felix Five-Boots' Untap step
Phase: Ai(4)-NanMan Felix Five-Boots' Upkeep step
Mana: Swamp (391) - {T}: Add {B}.
Mana: Temple of Malady (338) - {T}: Add {B} or {G}.
Mana: Rogue's Passage (328) - {T}: Add {C}.
Add To Stack: Ai(4)-NanMan Felix Five-Boots cast Vraska's Fall
Zone Change: Dryad Arbor (30) was put into Graveyard from Battlefield.
Zone Change: Goblin Anarchomancer (232) was put into Graveyard from Battlefield.
Damage: Ai(1)-N3cro Raggadragga receives 1 poison counter from Ai(4)-NanMan Felix Five-Boots
Damage: Ai(2)-Kilo Helm Final receives 1 poison counter from Ai(4)-NanMan Felix Five-Boots
Damage: Ai(3)-Dnide Wildsear receives 1 poison counter from Ai(4)-NanMan Felix Five-Boots
Resolve Stack: Vraska's Fall (314) - Each opponent sacrifices a creature or planeswalker and gets a poison counter. 
Phase: Ai(4)-NanMan Felix Five-Boots' Draw step
Phase: Ai(4)-NanMan Felix Five-Boots' Main phase, precombat
Land: Ai(4)-NanMan Felix Five-Boots played Twilight Mire (366)
Phase: Ai(4)-NanMan Felix Five-Boots' Beginning of Combat Step
Phase: Ai(4)-NanMan Felix Five-Boots' Declare Attackers Step
Phase: Ai(4)-NanMan Felix Five-Boots' Declare Blockers Step
Phase: Ai(4)-NanMan Felix Five-Boots' First Strike Damage Step
Phase: Ai(4)-NanMan Felix Five-Boots' Combat Damage Step
Phase: Ai(4)-NanMan Felix Five-Boots' End of Combat Step
Phase: Ai(4)-NanMan Felix Five-Boots' Main phase, postcombat
Phase: Ai(4)-NanMan Felix Five-Boots' End step
Phase: Ai(4)-NanMan Felix Five-Boots' Cleanup step
Turn: Turn 17 (Ai(1)-N3cro Raggadragga)
Phase: Ai(1)-N3cro Raggadragga's Untap step
Phase: Ai(1)-N3cro Raggadragga's Upkeep step
Phase: Ai(1)-N3cro Raggadragga's Draw step
Phase: Ai(1)-N3cro Raggadragga's Main phase, precombat
Replacement Effect: As Stomping Ground enters, you may pay 2 life. If you don't, it enters tapped.
Land: Ai(1)-N3cro Raggadragga played Stomping Ground (6)
Mana: Armored Scrapgorger (14) - {T}: Add one mana of any color.
Mana: Forest (59) - {T}: Add {G}.
Mana: Forest (58) - {T}: Add {G}.
Mana: Paradise Druid (36) - {T}: Add one mana of any color.
Add To Stack: Ai(1)-N3cro Raggadragga cast Raggadragga, Goreguts Boss
Add To Stack: Ai(1)-N3cro Raggadragga triggered Armored Scrapgorger targeting [Vraska's Fall (314)]
Resolve Stack: When Armored Scrapgorger becomes tapped, exile target card from a graveyard and put an oil counter on Armored Scrapgorger. (Targeting: [[Vraska's Fall (314)]]) [Tapped: Armored Scrapgorger (14)]
Resolve Stack: Raggadragga, Goreguts Boss - Creature 4 / 4
Phase: Ai(1)-N3cro Raggadragga's Beginning of Combat Step
Phase: Ai(1)-N3cro Raggadragga's Declare Attackers Step
Phase: Ai(1)-N3cro Raggadragga's Declare Blockers Step
Phase: Ai(1)-N3cro Raggadragga's First Strike Damage Step
Phase: Ai(1)-N3cro Raggadragga's Combat Damage Step
Phase: Ai(1)-N3cro Raggadragga's End of Combat Step
Phase: Ai(1)-N3cro Raggadragga's Main phase, postcombat
Phase: Ai(1)-N3cro Raggadragga's End step
Phase: Ai(1)-N3cro Raggadragga's Cleanup step
Turn: Turn 18 (Ai(2)-Kilo Helm Final)
Phase: Ai(2)-Kilo Helm Final's Untap step
Phase: Ai(2)-Kilo Helm Final's Upkeep step
Phase: Ai(2)-Kilo Helm Final's Draw step
Phase: Ai(2)-Kilo Helm Final's Main phase, precombat
Land: Ai(2)-Kilo Helm Final played Plains (157)
Phase: Ai(2)-Kilo Helm Final's Beginning of Combat Step
Phase: Ai(2)-Kilo Helm Final's Declare Attackers Step
Phase: Ai(2)-Kilo Helm Final's Declare Blockers Step
Phase: Ai(2)-Kilo Helm Final's First Strike Damage Step
Phase: Ai(2)-Kilo Helm Final's Combat Damage Step
Phase: Ai(2)-Kilo Helm Final's End of Combat Step
Phase: Ai(2)-Kilo Helm Final's Main phase, postcombat
Life: Life: Ai(2)-Kilo Helm Final 40 > 38
Mana: Plains (157) - {T}: Add {W}.
Mana: Radiant Summit (121) - {T}: Add {R}.
Mana: Rugged Prairie (141) - {T}: Add {C}.
Add To Stack: Ai(2)-Kilo Helm Final cast Phyrexian Metamorph
Replacement Effect: You may have Enduring Vitality enter as a copy of any artifact or creature on the battlefield, except it's an artifact in addition to its other types.
Resolve Stack: Phyrexian Metamorph - Creature 0 / 0
Life: Life: Ai(2)-Kilo Helm Final 38 > 37
Mana: Spire of Industry (111) - {T}, Pay 1 life: Add one mana of any color. Activate only if you control an artifact.
Mana: The Mycosynth Gardens (162) - {T}: Add {C}.
Add To Stack: Ai(2)-Kilo Helm Final cast Emry, Lurker of the Loch
Resolve Stack: Emry, Lurker of the Loch - Creature 1 / 2
Add To Stack: Ai(2)-Kilo Helm Final triggered Emry, Lurker of the Loch
Zone Change: Ai(2)-Kilo Helm Final milled An Offer You Can't Refuse (193), Kappa Cannoneer (199), Uthros, Titanic Godcore (139) and Skycloud Expanse (183).
Resolve Stack: When Emry, Lurker of the Loch enters, mill four cards. [Zone Changer: Emry, Lurker of the Loch (148)]
Phase: Ai(2)-Kilo Helm Final's End step
Phase: Ai(2)-Kilo Helm Final's Cleanup step
Turn: Turn 19 (Ai(3)-Dnide Wildsear)
Phase: Ai(3)-Dnide Wildsear's Untap step
Phase: Ai(3)-Dnide Wildsear's Upkeep step
Phase: Ai(3)-Dnide Wildsear's Draw step
Phase: Ai(3)-Dnide Wildsear's Main phase, precombat
Mana: Mountain (280) - {T}: Add {R}.
Mana: Rockfall Vale (223) - {T}: Add {R} or {G}.
Mana: Forest (250) - {T}: Add {G}.
Add To Stack: Ai(3)-Dnide Wildsear cast Archetype of Aggression
Resolve Stack: Archetype of Aggression - Creature 3 / 2
Phase: Ai(3)-Dnide Wildsear's Beginning of Combat Step
Phase: Ai(3)-Dnide Wildsear's Declare Attackers Step
Phase: Ai(3)-Dnide Wildsear's Declare Blockers Step
Phase: Ai(3)-Dnide Wildsear's First Strike Damage Step
Phase: Ai(3)-Dnide Wildsear's Combat Damage Step
Phase: Ai(3)-Dnide Wildsear's End of Combat Step
Phase: Ai(3)-Dnide Wildsear's Main phase, postcombat
Phase: Ai(3)-Dnide Wildsear's End step
Phase: Ai(3)-Dnide Wildsear's Cleanup step
Turn: Turn 20 (Ai(4)-NanMan Felix Five-Boots)
Phase: Ai(4)-NanMan Felix Five-Boots' Untap step
Phase: Ai(4)-NanMan Felix Five-Boots' Upkeep step
Phase: Ai(4)-NanMan Felix Five-Boots' Draw step
Phase: Ai(4)-NanMan Felix Five-Boots' Main phase, precombat
Land: Ai(4)-NanMan Felix Five-Boots played Underground River (371)
Mana: Temple of Malady (338) - {T}: Add {B} or {G}.
Mana: Swamp (391) - {T}: Add {B}.
Add To Stack: Ai(4)-NanMan Felix Five-Boots cast Rampant Growth
Resolve Stack: Rampant Growth (378) - Search your library for a basic land card, put that card onto the battlefield tapped, then shuffle.
Phase: Ai(4)-NanMan Felix Five-Boots' Beginning of Combat Step
Phase: Ai(4)-NanMan Felix Five-Boots' Declare Attackers Step
Phase: Ai(4)-NanMan Felix Five-Boots' Declare Blockers Step
Phase: Ai(4)-NanMan Felix Five-Boots' First Strike Damage Step
Phase: Ai(4)-NanMan Felix Five-Boots' Combat Damage Step
Phase: Ai(4)-NanMan Felix Five-Boots' End of Combat Step
Phase: Ai(4)-NanMan Felix Five-Boots' Main phase, postcombat
Damage: Underground River (371) deals 1 non-combat damage to Ai(4)-NanMan Felix Five-Boots.
Life: Life: Ai(4)-NanMan Felix Five-Boots 39 > 38
Mana: Underground River (371) - {T}: Add {U} or {B}. Underground River deals 1 damage to you. 
Mana: Twilight Mire (366) - {T}: Add {C}.
Add To Stack: Ai(4)-NanMan Felix Five-Boots cast Looter il-Kor
Resolve Stack: Looter il-Kor - Creature 1 / 1
Phase: Ai(4)-NanMan Felix Five-Boots' End step
Phase: Ai(4)-NanMan Felix Five-Boots' Cleanup step
Turn: Turn 21 (Ai(1)-N3cro Raggadragga)
Phase: Ai(1)-N3cro Raggadragga's Untap step
Phase: Ai(1)-N3cro Raggadragga's Upkeep step
Phase: Ai(1)-N3cro Raggadragga's Draw step
Phase: Ai(1)-N3cro Raggadragga's Main phase, precombat
Mana: Stomping Ground (6) - {T}: Add {R}.
Mana: Forest (59) - {T}: Add {G}.
Mana: Forest (58) - {T}: Add {G}.
Mana: Armored Scrapgorger (14) - {T}: Add one mana of any color.
Mana: Paradise Druid (36) - {T}: Add one mana of any color.
Add To Stack: Ai(1)-N3cro Raggadragga cast Xenagos, God of Revels
Add To Stack: Ai(1)-N3cro Raggadragga triggered Armored Scrapgorger targeting [Kappa Cannoneer (199)]
Resolve Stack: When Armored Scrapgorger becomes tapped, exile target card from a graveyard and put an oil counter on Armored Scrapgorger. (Targeting: [[Kappa Cannoneer (199)]]) [Tapped: Armored Scrapgorger (14)]
Resolve Stack: Xenagos, God of Revels - Creature 6 / 5
Phase: Ai(1)-N3cro Raggadragga's Beginning of Combat Step
Add To Stack: Ai(1)-N3cro Raggadragga triggered Xenagos, God of Revels targeting [Raggadragga, Goreguts Boss (100)]
Resolve Stack: At the beginning of combat on your turn, another target creature you control gains haste and gets +X/+X until end of turn, where X is that creature's power. (Targeting: [[Raggadragga, Goreguts Boss (100)]]) [Phase: Ai(1)-N3cro Raggadragga]
Phase: Ai(1)-N3cro Raggadragga's Declare Attackers Step
Combat: Ai(1)-N3cro Raggadragga assigned Raggadragga, Goreguts Boss (100) to attack Ai(3)-Dnide Wildsear.
Phase: Ai(1)-N3cro Raggadragga's Declare Blockers Step
Combat: Ai(3)-Dnide Wildsear didn't block Raggadragga, Goreguts Boss (100).
Phase: Ai(1)-N3cro Raggadragga's First Strike Damage Step
Phase: Ai(1)-N3cro Raggadragga's Combat Damage Step
Damage: Raggadragga, Goreguts Boss (100) deals 8 combat damage to Ai(3)-Dnide Wildsear.
Life: Life: Ai(3)-Dnide Wildsear 40 > 32
Phase: Ai(1)-N3cro Raggadragga's End of Combat Step
Phase: Ai(1)-N3cro Raggadragga's Main phase, postcombat
Phase: Ai(1)-N3cro Raggadragga's End step
Phase: Ai(1)-N3cro Raggadragga's Cleanup step
Turn: Turn 22 (Ai(2)-Kilo Helm Final)
Phase: Ai(2)-Kilo Helm Final's Untap step
Phase: Ai(2)-Kilo Helm Final's Upkeep step
Phase: Ai(2)-Kilo Helm Final's Draw step
Phase: Ai(2)-Kilo Helm Final's Main phase, precombat
Mana: Enduring Vitality (125) - {T}: Add one mana of any color.
Mana: Radiant Summit (121) - {T}: Add {R}.
Mana: Plains (157) - {T}: Add {W}.
Add To Stack: Ai(2)-Kilo Helm Final cast Kilo, Apogee Mind
Resolve Stack: Kilo, Apogee Mind - Creature 3 / 3
Mana: Kilo, Apogee Mind (201) - {T}: Add one mana of any color.
Mana: Rugged Prairie (141) - {T}: Add {C}.
Mana: The Mycosynth Gardens (162) - {T}: Add {C}.
Mana: Emry, Lurker of the Loch (148) - {T}: Add one mana of any color.
Mana: Spire of Industry (111) - {T}: Add {C}.
Add To Stack: Ai(2)-Kilo Helm Final cast Illustrious Wanderglyph
Add To Stack: Ai(2)-Kilo Helm Final triggered Kilo, Apogee Mind
Damage: Ai(1)-N3cro Raggadragga receives 1 poison counter from Ai(2)-Kilo Helm Final
Damage: Ai(3)-Dnide Wildsear receives 1 poison counter from Ai(2)-Kilo Helm Final
Resolve Stack: Whenever Kilo becomes tapped, proliferate. (Choose any number of permanents and/or players, then give each another counter of each kind already there.) [Tapped: Kilo, Apogee Mind (201)]
Resolve Stack: Illustrious Wanderglyph - Creature 2 / 2
Phase: Ai(2)-Kilo Helm Final's Beginning of Combat Step
Phase: Ai(2)-Kilo Helm Final's Declare Attackers Step
Phase: Ai(2)-Kilo Helm Final's Declare Blockers Step
Phase: Ai(2)-Kilo Helm Final's First Strike Damage Step
Phase: Ai(2)-Kilo Helm Final's Combat Damage Step
Phase: Ai(2)-Kilo Helm Final's End of Combat Step
Phase: Ai(2)-Kilo Helm Final's Main phase, postcombat
Replacement Effect: Razortide Bridge enters tapped.
Land: Ai(2)-Kilo Helm Final played Razortide Bridge (122)
Phase: Ai(2)-Kilo Helm Final's End step
Phase: Ai(2)-Kilo Helm Final's Cleanup step
Turn: Turn 23 (Ai(3)-Dnide Wildsear)
Phase: Ai(3)-Dnide Wildsear's Untap step
Phase: Ai(3)-Dnide Wildsear's Upkeep step
Add To Stack: Ai(2)-Kilo Helm Final triggered Illustrious Wanderglyph
Resolve Stack: At the beginning of each upkeep, create a 1/1 colorless Gnome artifact creature token. [Phase: Ai(3)-Dnide Wildsear]
Phase: Ai(3)-Dnide Wildsear's Draw step
Phase: Ai(3)-Dnide Wildsear's Main phase, precombat
Phase: Ai(3)-Dnide Wildsear's Beginning of Combat Step
Phase: Ai(3)-Dnide Wildsear's Declare Attackers Step
Phase: Ai(3)-Dnide Wildsear's Declare Blockers Step
Phase: Ai(3)-Dnide Wildsear's First Strike Damage Step
Phase: Ai(3)-Dnide Wildsear's Combat Damage Step
Phase: Ai(3)-Dnide Wildsear's End of Combat Step
Phase: Ai(3)-Dnide Wildsear's Main phase, postcombat
Mana: Mountain (280) - {T}: Add {R}.
Mana: Forest (250) - {T}: Add {G}.
Mana: Rockfall Vale (223) - {T}: Add {R} or {G}.
Mana: Archetype of Aggression (214) - {T}: Add one mana of any color.
Mana: Enduring Vitality (244) - {T}: Add one mana of any color.
Add To Stack: Ai(3)-Dnide Wildsear cast Wildsear, Scouring Maw
Resolve Stack: Wildsear, Scouring Maw - Creature 6 / 6
Phase: Ai(3)-Dnide Wildsear's End step
Phase: Ai(3)-Dnide Wildsear's Cleanup step
Turn: Turn 24 (Ai(4)-NanMan Felix Five-Boots)
Phase: Ai(4)-NanMan Felix Five-Boots' Untap step
Phase: Ai(4)-NanMan Felix Five-Boots' Upkeep step
Add To Stack: Ai(2)-Kilo Helm Final triggered Illustrious Wanderglyph
Resolve Stack: At the beginning of each upkeep, create a 1/1 colorless Gnome artifact creature token. [Phase: Ai(4)-NanMan Felix Five-Boots]
Phase: Ai(4)-NanMan Felix Five-Boots' Draw step
Phase: Ai(4)-NanMan Felix Five-Boots' Main phase, precombat
Mana: Island (361) - {T}: Add {U}.
Mana: Swamp (391) - {T}: Add {B}.
Mana: Temple of Malady (338) - {T}: Add {B} or {G}.
Add To Stack: Ai(4)-NanMan Felix Five-Boots cast Fireshrieker
Resolve Stack: Fireshrieker
Mana: Twilight Mire (366) - {T}: Add {C}.
Mana: Rogue's Passage (328) - {T}: Add {C}.
Add To Stack: Ai(4)-NanMan Felix Five-Boots activated Fireshrieker targeting [Looter il-Kor (345)]
Resolve Stack: Fireshrieker (357) -  Attach to Looter il-Kor (345)
Phase: Ai(4)-NanMan Felix Five-Boots' Beginning of Combat Step
Phase: Ai(4)-NanMan Felix Five-Boots' Declare Attackers Step
Combat: Ai(4)-NanMan Felix Five-Boots assigned Looter il-Kor (345) to attack Ai(2)-Kilo Helm Final.
Phase: Ai(4)-NanMan Felix Five-Boots' Declare Blockers Step
Combat: Ai(2)-Kilo Helm Final didn't block Looter il-Kor (345).
Phase: Ai(4)-NanMan Felix Five-Boots' First Strike Damage Step
Damage: Looter il-Kor (345) deals 1 combat damage to Ai(2)-Kilo Helm Final.
Life: Life: Ai(2)-Kilo Helm Final 37 > 36
Add To Stack: Ai(4)-NanMan Felix Five-Boots triggered Looter il-Kor
Discard: Ai(4)-NanMan Felix Five-Boots discards Arcane Signet (396).
Resolve Stack: Whenever Looter il-Kor deals damage to an opponent, draw a card, then discard a card. [Damage Source: Looter il-Kor (345), Damaged: Ai(2)-Kilo Helm Final, Amount: 1]
Phase: Ai(4)-NanMan Felix Five-Boots' Combat Damage Step
Damage: Looter il-Kor (345) deals 1 combat damage to Ai(2)-Kilo Helm Final.
Life: Life: Ai(2)-Kilo Helm Final 36 > 35
Add To Stack: Ai(4)-NanMan Felix Five-Boots triggered Looter il-Kor
Discard: Ai(4)-NanMan Felix Five-Boots discards Winged Boots (370).
Resolve Stack: Whenever Looter il-Kor deals damage to an opponent, draw a card, then discard a card. [Damage Source: Looter il-Kor (345), Damaged: Ai(2)-Kilo Helm Final, Amount: 1]
Phase: Ai(4)-NanMan Felix Five-Boots' End of Combat Step
Phase: Ai(4)-NanMan Felix Five-Boots' Main phase, postcombat
Phase: Ai(4)-NanMan Felix Five-Boots' End step
Phase: Ai(4)-NanMan Felix Five-Boots' Cleanup step
Turn: Turn 25 (Ai(1)-N3cro Raggadragga)
Phase: Ai(1)-N3cro Raggadragga's Untap step
Phase: Ai(1)-N3cro Raggadragga's Upkeep step
Add To Stack: Ai(2)-Kilo Helm Final triggered Illustrious Wanderglyph
Resolve Stack: At the beginning of each upkeep, create a 1/1 colorless Gnome artifact creature token. [Phase: Ai(1)-N3cro Raggadragga]
Phase: Ai(1)-N3cro Raggadragga's Draw step
Phase: Ai(1)-N3cro Raggadragga's Main phase, precombat
Land: Ai(1)-N3cro Raggadragga played Forest (57)
Mana: Forest (59) - {T}: Add {G}.
Mana: Forest (58) - {T}: Add {G}.
Mana: Forest (57) - {T}: Add {G}.
Mana: Stomping Ground (6) - {T}: Add {G}.
Add To Stack: Ai(1)-N3cro Raggadragga cast Bear Umbra targeting [Paradise Druid (36)]
Resolve Stack: Bear Umbra (87) -  Attach to Paradise Druid (36)
Mana: Armored Scrapgorger (14) - {T}: Add one mana of any color.
Add To Stack: Ai(1)-N3cro Raggadragga cast Elvish Mystic
Add To Stack: Ai(1)-N3cro Raggadragga triggered Armored Scrapgorger targeting [Winged Boots (370)]
Resolve Stack: When Armored Scrapgorger becomes tapped, exile target card from a graveyard and put an oil counter on Armored Scrapgorger. (Targeting: [[Winged Boots (370)]]) [Tapped: Armored Scrapgorger (14)]
Resolve Stack: Elvish Mystic - Creature 1 / 1
Mana: Paradise Druid (36) - {T}: Add one mana of any color.
Add To Stack: Ai(1)-N3cro Raggadragga cast Birds of Paradise
Resolve Stack: Birds of Paradise - Creature 0 / 1
Phase: Ai(1)-N3cro Raggadragga's Beginning of Combat Step
Add To Stack: Ai(1)-N3cro Raggadragga triggered Xenagos, God of Revels targeting [Raggadragga, Goreguts Boss (100)]
Resolve Stack: At the beginning of combat on your turn, another target creature you control gains haste and gets +X/+X until end of turn, where X is that creature's power. (Targeting: [[Raggadragga, Goreguts Boss (100)]]) [Phase: Ai(1)-N3cro Raggadragga]
Phase: Ai(1)-N3cro Raggadragga's Declare Attackers Step
Combat: Ai(1)-N3cro Raggadragga assigned Raggadragga, Goreguts Boss (100) and Xenagos, God of Revels (35) to attack Ai(2)-Kilo Helm Final.
Phase: Ai(1)-N3cro Raggadragga's Declare Blockers Step
Combat: Ai(2)-Kilo Helm Final didn't block Raggadragga, Goreguts Boss (100).
Ai(2)-Kilo Helm Final didn't block Xenagos, God of Revels (35).
Phase: Ai(1)-N3cro Raggadragga's First Strike Damage Step
Phase: Ai(1)-N3cro Raggadragga's Combat Damage Step
Damage: Raggadragga, Goreguts Boss (100) deals 8 combat damage to Ai(2)-Kilo Helm Final.
Damage: Xenagos, God of Revels (35) deals 6 combat damage to Ai(2)-Kilo Helm Final.
Life: Life: Ai(2)-Kilo Helm Final 35 > 21
Phase: Ai(1)-N3cro Raggadragga's End of Combat Step
Phase: Ai(1)-N3cro Raggadragga's Main phase, postcombat
Phase: Ai(1)-N3cro Raggadragga's End step
Phase: Ai(1)-N3cro Raggadragga's Cleanup step
Turn: Turn 26 (Ai(2)-Kilo Helm Final)
Phase: Ai(2)-Kilo Helm Final's Untap step
Phase: Ai(2)-Kilo Helm Final's Upkeep step
Add To Stack: Ai(2)-Kilo Helm Final triggered Illustrious Wanderglyph
Resolve Stack: At the beginning of each upkeep, create a 1/1 colorless Gnome artifact creature token. [Phase: Ai(2)-Kilo Helm Final]
Phase: Ai(2)-Kilo Helm Final's Draw step
Phase: Ai(2)-Kilo Helm Final's Main phase, precombat
Land: Ai(2)-Kilo Helm Final played Exotic Orchard (200)
Phase: Ai(2)-Kilo Helm Final's Beginning of Combat Step
Phase: Ai(2)-Kilo Helm Final's Declare Attackers Step
Combat: Ai(2)-Kilo Helm Final assigned Kilo, Apogee Mind (201) to attack Ai(1)-N3cro Raggadragga.
Add To Stack: Ai(2)-Kilo Helm Final triggered Kilo, Apogee Mind
Damage: Ai(1)-N3cro Raggadragga receives 1 poison counter from Ai(2)-Kilo Helm Final
Damage: Ai(3)-Dnide Wildsear receives 1 poison counter from Ai(2)-Kilo Helm Final
Resolve Stack: Whenever Kilo becomes tapped, proliferate. (Choose any number of permanents and/or players, then give each another counter of each kind already there.) [Tapped: Kilo, Apogee Mind (201)]
Phase: Ai(2)-Kilo Helm Final's Declare Blockers Step
Combat: Ai(1)-N3cro Raggadragga didn't block Kilo, Apogee Mind (201).
Phase: Ai(2)-Kilo Helm Final's First Strike Damage Step
Phase: Ai(2)-Kilo Helm Final's Combat Damage Step
Damage: Kilo, Apogee Mind (201) deals 5 combat damage to Ai(1)-N3cro Raggadragga.
Life: Life: Ai(1)-N3cro Raggadragga 40 > 35
Phase: Ai(2)-Kilo Helm Final's End of Combat Step
Phase: Ai(2)-Kilo Helm Final's Main phase, postcombat
Add To Stack: Ai(2)-Kilo Helm Final activated Emry, Lurker of the Loch targeting [Coretapper (129)]
Resolve Stack: Emry, Lurker of the Loch (148) - {T}: Choose target artifact card in your graveyard. You may cast that card this turn.
Mana: Exotic Orchard (200) - {T}: Add one mana of any color that a land an opponent controls could produce.
Mana: Plains (157) - {T}: Add {W}.
Add To Stack: Ai(2)-Kilo Helm Final cast Coretapper
Resolve Stack: Coretapper - Creature 1 / 1
Mana: Razortide Bridge (122) - {T}: Add {W} or {U}.
Mana: Gnome Token (423) - {T}: Add one mana of any color.
Mana: Radiant Summit (121) - {T}: Add {R}.
Mana: Rugged Prairie (141) - {T}: Add {C}.
Mana: Gnome Token (420) - {T}: Add one mana of any color.
Add To Stack: Ai(2)-Kilo Helm Final cast Inexorable Tide
Resolve Stack: Inexorable Tide
Mana: Gnome Token (417) - {T}: Add one mana of any color.
Mana: Illustrious Wanderglyph (130) - {T}: Add one mana of any color.
Mana: Enduring Vitality (125) - {T}: Add one mana of any color.
Mana: The Mycosynth Gardens (162) - {T}: Add {C}.
Add To Stack: Ai(2)-Kilo Helm Final cast Cayth, Famed Mechanist
Add To Stack: Ai(2)-Kilo Helm Final triggered Inexorable Tide
Damage: Ai(1)-N3cro Raggadragga receives 1 poison counter from Ai(2)-Kilo Helm Final
Damage: Ai(3)-Dnide Wildsear receives 1 poison counter from Ai(2)-Kilo Helm Final
Resolve Stack: Whenever you cast a spell, proliferate. [Card: Cayth, Famed Mechanist (114), Activator: Ai(2)-Kilo Helm Final, SpellAbility: Cayth, Famed Mechanist - Creature 3 / 3]
Resolve Stack: Cayth, Famed Mechanist - Creature 3 / 3
Add To Stack: Ai(2)-Kilo Helm Final triggered Cayth, Famed Mechanist
Resolve Stack: Fabricate 1 (When this creature enters, put a +1/+1 counter on it, or create a 1/1 colorless Servo artifact creature token.) [Zone Changer: Cayth, Famed Mechanist (114)]
Phase: Ai(2)-Kilo Helm Final's End step
Phase: Ai(2)-Kilo Helm Final's Cleanup step
Turn: Turn 27 (Ai(3)-Dnide Wildsear)
Phase: Ai(3)-Dnide Wildsear's Untap step
Phase: Ai(3)-Dnide Wildsear's Upkeep step
Add To Stack: Ai(2)-Kilo Helm Final triggered Illustrious Wanderglyph
Resolve Stack: At the beginning of each upkeep, create a 1/1 colorless Gnome artifact creature token. [Phase: Ai(3)-Dnide Wildsear]
Phase: Ai(3)-Dnide Wildsear's Draw step
Phase: Ai(3)-Dnide Wildsear's Main phase, precombat
Phase: Ai(3)-Dnide Wildsear's Beginning of Combat Step
Phase: Ai(3)-Dnide Wildsear's Declare Attackers Step
Phase: Ai(3)-Dnide Wildsear's Declare Blockers Step
Phase: Ai(3)-Dnide Wildsear's First Strike Damage Step
Phase: Ai(3)-Dnide Wildsear's Combat Damage Step
Phase: Ai(3)-Dnide Wildsear's End of Combat Step
Phase: Ai(3)-Dnide Wildsear's Main phase, postcombat
Mana: Mountain (280) - {T}: Add {R}.
Mana: Forest (250) - {T}: Add {G}.
Mana: Rockfall Vale (223) - {T}: Add {R} or {G}.
Mana: Archetype of Aggression (214) - {T}: Add one mana of any color.
Mana: Enduring Vitality (244) - {T}: Add one mana of any color.
Mana: Wildsear, Scouring Maw (302) - {T}: Add one mana of any color.
Add To Stack: Ai(3)-Dnide Wildsear cast Sunbird's Invocation
Add To Stack: Ai(3)-Dnide Wildsear triggered Sunbird's Invocation
Add To Stack: Ai(3)-Dnide Wildsear cast Wild Growth targeting [Rockfall Vale (223)]
Resolve Stack: Cascade - Sunbird's Invocation [Card: Sunbird's Invocation (237), Activator: Ai(3)-Dnide Wildsear, SpellAbility: Sunbird's Invocation]
Resolve Stack: Wild Growth (208) -  Attach to Rockfall Vale (223)
Resolve Stack: Sunbird's Invocation
Phase: Ai(3)-Dnide Wildsear's End step
Phase: Ai(3)-Dnide Wildsear's Cleanup step
Turn: Turn 28 (Ai(4)-NanMan Felix Five-Boots)
Phase: Ai(4)-NanMan Felix Five-Boots' Untap step
Phase: Ai(4)-NanMan Felix Five-Boots' Upkeep step
Add To Stack: Ai(2)-Kilo Helm Final triggered Illustrious Wanderglyph
Resolve Stack: At the beginning of each upkeep, create a 1/1 colorless Gnome artifact creature token. [Phase: Ai(4)-NanMan Felix Five-Boots]
Phase: Ai(4)-NanMan Felix Five-Boots' Draw step
Phase: Ai(4)-NanMan Felix Five-Boots' Main phase, precombat
Mana: Island (361) - {T}: Add {U}.
Mana: Swamp (391) - {T}: Add {B}.
Mana: Temple of Malady (338) - {T}: Add {B} or {G}.
Add To Stack: Ai(4)-NanMan Felix Five-Boots cast Sword of Hearth and Home
Resolve Stack: Sword of Hearth and Home
Damage: Underground River (371) deals 1 non-combat damage to Ai(4)-NanMan Felix Five-Boots.
Life: Life: Ai(4)-NanMan Felix Five-Boots 38 > 37
Mana: Underground River (371) - {T}: Add {U} or {B}. Underground River deals 1 damage to you. 
Mana: Twilight Mire (366) - {T}: Add {C}.
Add To Stack: Ai(4)-NanMan Felix Five-Boots cast Phyresis targeting [Looter il-Kor (345)]
Resolve Stack: Phyresis (334) -  Attach to Looter il-Kor (345)
Phase: Ai(4)-NanMan Felix Five-Boots' Beginning of Combat Step
Phase: Ai(4)-NanMan Felix Five-Boots' Declare Attackers Step
Combat: Ai(4)-NanMan Felix Five-Boots assigned Looter il-Kor (345) to attack Ai(2)-Kilo Helm Final.
Phase: Ai(4)-NanMan Felix Five-Boots' Declare Blockers Step
Combat: Ai(2)-Kilo Helm Final didn't block Looter il-Kor (345).
Phase: Ai(4)-NanMan Felix Five-Boots' First Strike Damage Step
Damage: Looter il-Kor (345) deals 1 combat damage to Ai(2)-Kilo Helm Final(as poison counters).
Damage: Ai(2)-Kilo Helm Final receives 1 poison counter from Ai(4)-NanMan Felix Five-Boots
Add To Stack: Ai(4)-NanMan Felix Five-Boots triggered Looter il-Kor
Discard: Ai(4)-NanMan Felix Five-Boots discards The Key to the Vault (308).
Resolve Stack: Whenever Looter il-Kor deals damage to an opponent, draw a card, then discard a card. [Damage Source: Looter il-Kor (345), Damaged: Ai(2)-Kilo Helm Final, Amount: 1]
Phase: Ai(4)-NanMan Felix Five-Boots' Combat Damage Step
Damage: Looter il-Kor (345) deals 1 combat damage to Ai(2)-Kilo Helm Final(as poison counters).
Damage: Ai(2)-Kilo Helm Final receives 1 poison counter from Ai(4)-NanMan Felix Five-Boots
Add To Stack: Ai(4)-NanMan Felix Five-Boots triggered Looter il-Kor
Discard: Ai(4)-NanMan Felix Five-Boots discards Sword of Sinew and Steel (355).
Resolve Stack: Whenever Looter il-Kor deals damage to an opponent, draw a card, then discard a card. [Damage Source: Looter il-Kor (345), Damaged: Ai(2)-Kilo Helm Final, Amount: 1]
Phase: Ai(4)-NanMan Felix Five-Boots' End of Combat Step
Phase: Ai(4)-NanMan Felix Five-Boots' Main phase, postcombat
Phase: Ai(4)-NanMan Felix Five-Boots' End step
Phase: Ai(4)-NanMan Felix Five-Boots' Cleanup step
Turn: Turn 29 (Ai(1)-N3cro Raggadragga)
Phase: Ai(1)-N3cro Raggadragga's Untap step
Phase: Ai(1)-N3cro Raggadragga's Upkeep step
Add To Stack: Ai(2)-Kilo Helm Final triggered Illustrious Wanderglyph
Resolve Stack: At the beginning of each upkeep, create a 1/1 colorless Gnome artifact creature token. [Phase: Ai(1)-N3cro Raggadragga]
Phase: Ai(1)-N3cro Raggadragga's Draw step
Phase: Ai(1)-N3cro Raggadragga's Main phase, precombat
Phase: Ai(1)-N3cro Raggadragga's Beginning of Combat Step
Add To Stack: Ai(1)-N3cro Raggadragga triggered Xenagos, God of Revels targeting [Paradise Druid (36)]
Resolve Stack: At the beginning of combat on your turn, another target creature you control gains haste and gets +X/+X until end of turn, where X is that creature's power. (Targeting: [[Paradise Druid (36)]]) [Phase: Ai(1)-N3cro Raggadragga]
Phase: Ai(1)-N3cro Raggadragga's Declare Attackers Step
Combat: Ai(1)-N3cro Raggadragga assigned Paradise Druid (36), Raggadragga, Goreguts Boss (100), Xenagos, God of Revels (35) and Armored Scrapgorger (14) to attack Ai(2)-Kilo Helm Final.
Add To Stack: Ai(1)-N3cro Raggadragga triggered Armored Scrapgorger targeting [Sword of Sinew and Steel (355)]
Add To Stack: Ai(1)-N3cro Raggadragga triggered Paradise Druid
Add To Stack: Ai(1)-N3cro Raggadragga triggered Raggadragga, Goreguts Boss
Add To Stack: Ai(1)-N3cro Raggadragga triggered Raggadragga, Goreguts Boss
Resolve Stack: Whenever a creature you control with a mana ability attacks, untap it. [Attacker: Armored Scrapgorger (14)]
Player Control: Ai(1)-N3cro Raggadragga has restored control over themself
Player Control: Ai(2)-Kilo Helm Final has restored control over themself
Player Control: Ai(3)-Dnide Wildsear has restored control over themself
Player Control: Ai(4)-NanMan Felix Five-Boots has restored control over themself
Game Outcome: Turn 15
Game Outcome: Ai(1)-N3cro Raggadragga has won because all opponents have lost
Game Outcome: Ai(2)-Kilo Helm Final has won because all opponents have lost
Game Outcome: Ai(3)-Dnide Wildsear has won because all opponents have lost
Game Outcome: Ai(4)-NanMan Felix Five-Boots has won because all opponents have lost
Match Result: Ai(1)-N3cro Raggadragga: 0 Ai(2)-Kilo Helm Final: 3 Ai(3)-Dnide Wildsear: 0 Ai(4)-NanMan Felix Five-Boots: 1 

Game Result: Game 4 ended in 240002 ms. Ai(2)-Kilo Helm Final has won!

