Error handling registered!
16:33:50 [INFO ] GuiBase: ##########################################
16:33:50 [INFO ] GuiBase: APP: Forge v.2.0.13-SNAPSHOT-06.22
16:33:50 [INFO ] GuiBase: Java: 17.0.20 (Homebrew)
16:33:50 [INFO ] GuiBase: OS: Mac OS X 15.7.5 aarch64
16:33:50 [INFO ] GuiBase: RAM: 4096 MB max, 12 CPUs
16:33:50 [INFO ] GuiBase: ##########################################
Language 'en-US' loaded successfully.
(ThreadUtil first call): Running with priority 5
Read cards: 33319 archived files in 0 ms (25 parts) using thread pool
Upcoming set Star Trek (TRK) dated in the future. All `upcoming` cards will be added to this set with unknown rarity.
The card A-Alrund's Epiphany was not assigned to any set. Adding it to UNKNOWN set... to fix see res/editions/ folder. 
The card A-Baba Lysaga, Night Witch was not assigned to any set. Adding it to UNKNOWN set... to fix see res/editions/ folder. 
The card A-Divide by Zero was not assigned to any set. Adding it to UNKNOWN set... to fix see res/editions/ folder. 
The card A-Esika's Chariot was not assigned to any set. Adding it to UNKNOWN set... to fix see res/editions/ folder. 
The card A-Faceless Haven was not assigned to any set. Adding it to UNKNOWN set... to fix see res/editions/ folder. 
The card A-Fires of Invention was not assigned to any set. Adding it to UNKNOWN set... to fix see res/editions/ folder. 
The card A-Goldspan Dragon was not assigned to any set. Adding it to UNKNOWN set... to fix see res/editions/ folder. 
The card A-Hullbreaker Horror was not assigned to any set. Adding it to UNKNOWN set... to fix see res/editions/ folder. 
The card A-Kumano Faces Kakkazan was not assigned to any set. Adding it to UNKNOWN set... to fix see res/editions/ folder. 
The card A-Luminarch Aspirant was not assigned to any set. Adding it to UNKNOWN set... to fix see res/editions/ folder. 
The card A-Monster Manual was not assigned to any set. Adding it to UNKNOWN set... to fix see res/editions/ folder. 
The card A-Omnath, Locus of Creation was not assigned to any set. Adding it to UNKNOWN set... to fix see res/editions/ folder. 
The card A-The Meathook Massacre was not assigned to any set. Adding it to UNKNOWN set... to fix see res/editions/ folder. 
The card A-Unholy Heat was not assigned to any set. Adding it to UNKNOWN set... to fix see res/editions/ folder. 
The card Blinding Radiance was not assigned to any set. Adding it to UNKNOWN set... to fix see res/editions/ folder. 
The card Goblin Bruiser was not assigned to any set. Adding it to UNKNOWN set... to fix see res/editions/ folder. 
The card Ogre Painbringer was not assigned to any set. Adding it to UNKNOWN set... to fix see res/editions/ folder. 
The card Titanic Pelagosaur was not assigned to any set. Adding it to UNKNOWN set... to fix see res/editions/ folder. 
The card Treetop Recluse was not assigned to any set. Adding it to UNKNOWN set... to fix see res/editions/ folder. 
Upcoming set Star Trek (TRK) dated in the future. All `upcoming` cards will be added to this set with unknown rarity.
Read cards: 821 files in 0 ms (8 parts) using thread pool
Simulation mode
An unsupported card was requested: "Empty the Laboratories" from "null". 

Forge could not find this card in the Database. Any chance you might have mistyped the card name?
An unsupported card was requested: "Empty the Laboratories" from "[N.A.]". 

Forge could not find this card in the Database. Any chance you might have mistyped the card name?
Ai(1)-Inspirit B3 v3 vs Ai(2)-Torbran Burn B3 vs Ai(3)-Wilhelt Zombies B3 vs Ai(4)-Wyleth Voltron B3 - four games of Commander
Warning: default (ie. inherited from base class) implementation of confirmAction is used by Wilhelt, the Rotcleaver for forge.ai.ability.PermanentCreatureAi. Consider declaring an overloaded method
Warning: default (ie. inherited from base class) implementation of confirmAction is used by Wilhelt, the Rotcleaver for forge.ai.ability.PermanentCreatureAi. Consider declaring an overloaded method
java.util.concurrent.ExecutionException: java.lang.NullPointerException: Cannot invoke "forge.game.card.CounterType.is(forge.game.card.CounterEnumType)" because "type" is null
	at java.base/java.util.concurrent.FutureTask.report(FutureTask.java:122)
	at java.base/java.util.concurrent.FutureTask.get(FutureTask.java:205)
	at forge.ai.AiController.chooseSpellAbilityToPlayFromList(AiController.java:1680)
	at forge.ai.AiController.getSpellAbilityToPlay(AiController.java:1569)
	at forge.ai.AiController.chooseSpellAbilityToPlay(AiController.java:1389)
	at forge.ai.PlayerControllerAi.chooseSpellAbilityToPlay(PlayerControllerAi.java:833)
	at forge.game.phase.PhaseHandler.mainLoopStep(PhaseHandler.java:1063)
	at forge.game.phase.PhaseHandler.mainGameLoop(PhaseHandler.java:1042)
	at forge.game.phase.PhaseHandler.startFirstTurn(PhaseHandler.java:1036)
	at forge.game.GameAction.startGame(GameAction.java:2373)
	at forge.game.Match.startGame(Match.java:92)
	at forge.game.Match.startGame(Match.java:77)
	at forge.view.SimulateMatch.lambda$simulateSingleMatch$0(SimulateMatch.java:182)
	at forge.view.TimeLimitedCodeBlock.lambda$runWithTimeout$0(TimeLimitedCodeBlock.java:18)
	at java.base/java.util.concurrent.FutureTask.run(FutureTask.java:264)
	at java.base/java.util.concurrent.ThreadPoolExecutor.runWorker(ThreadPoolExecutor.java:1136)
	at java.base/java.util.concurrent.ThreadPoolExecutor$Worker.run(ThreadPoolExecutor.java:635)
	at java.base/java.lang.Thread.run(Thread.java:840)
Caused by: java.lang.NullPointerException: Cannot invoke "forge.game.card.CounterType.is(forge.game.card.CounterEnumType)" because "type" is null
	at forge.ai.ComputerUtilCost.checkRemoveCounterCost(ComputerUtilCost.java:100)
	at forge.ai.SpellAbilityAi.willPayCosts(SpellAbilityAi.java:389)
	at forge.ai.SpellAbilityAi.canPlayWithoutRestrict(SpellAbilityAi.java:105)
	at forge.ai.SpellAbilityAi.canPlay(SpellAbilityAi.java:76)
	at forge.ai.SpellAbilityAi.canPlayWithSubs(SpellAbilityAi.java:55)
	at forge.ai.AiController.canPlaySa(AiController.java:911)
	at forge.ai.AiController.canPlayAndPayForFace(AiController.java:855)
	at forge.ai.AiController.canPlayAndPayFor(AiController.java:833)
	at forge.ai.AiController.lambda$chooseSpellAbilityToPlayFromList$9(AiController.java:1661)
	at java.base/java.util.concurrent.FutureTask.run(FutureTask.java:264)
	... 1 more
Mulligan: Ai(4)-Wyleth Voltron B3 has mulliganed down to 7 cards.
Mulligan: Ai(1)-Inspirit B3 v3 has mulliganed down to 7 cards.
Mulligan: Ai(2)-Torbran Burn B3 has kept a hand of 7 cards
Mulligan: Ai(3)-Wilhelt Zombies B3 has kept a hand of 7 cards
Mulligan: Ai(4)-Wyleth Voltron B3 has kept a hand of 7 cards
Mulligan: Ai(1)-Inspirit B3 v3 has kept a hand of 7 cards
Turn: Turn 1 (Ai(2)-Torbran Burn B3)
Phase: Ai(2)-Torbran Burn B3's Untap step
Phase: Ai(2)-Torbran Burn B3's Upkeep step
Phase: Ai(2)-Torbran Burn B3's Draw step
Phase: Ai(2)-Torbran Burn B3's Main phase, precombat
Land: Ai(2)-Torbran Burn B3 played Mountain (175)
Phase: Ai(2)-Torbran Burn B3's Beginning of Combat Step
Phase: Ai(2)-Torbran Burn B3's Declare Attackers Step
Phase: Ai(2)-Torbran Burn B3's Declare Blockers Step
Phase: Ai(2)-Torbran Burn B3's First Strike Damage Step
Phase: Ai(2)-Torbran Burn B3's Combat Damage Step
Phase: Ai(2)-Torbran Burn B3's End of Combat Step
Phase: Ai(2)-Torbran Burn B3's Main phase, postcombat
Phase: Ai(2)-Torbran Burn B3's End step
Phase: Ai(2)-Torbran Burn B3's Cleanup step
Turn: Turn 2 (Ai(3)-Wilhelt Zombies B3)
Phase: Ai(3)-Wilhelt Zombies B3's Untap step
Phase: Ai(3)-Wilhelt Zombies B3's Upkeep step
Phase: Ai(3)-Wilhelt Zombies B3's Draw step
Phase: Ai(3)-Wilhelt Zombies B3's Main phase, precombat
Land: Ai(3)-Wilhelt Zombies B3 played Island (243)
Phase: Ai(3)-Wilhelt Zombies B3's Beginning of Combat Step
Phase: Ai(3)-Wilhelt Zombies B3's Declare Attackers Step
Phase: Ai(3)-Wilhelt Zombies B3's Declare Blockers Step
Phase: Ai(3)-Wilhelt Zombies B3's First Strike Damage Step
Phase: Ai(3)-Wilhelt Zombies B3's Combat Damage Step
Phase: Ai(3)-Wilhelt Zombies B3's End of Combat Step
Phase: Ai(3)-Wilhelt Zombies B3's Main phase, postcombat
Phase: Ai(3)-Wilhelt Zombies B3's End step
Phase: Ai(3)-Wilhelt Zombies B3's Cleanup step
Turn: Turn 3 (Ai(4)-Wyleth Voltron B3)
Phase: Ai(4)-Wyleth Voltron B3's Untap step
Phase: Ai(4)-Wyleth Voltron B3's Upkeep step
Phase: Ai(4)-Wyleth Voltron B3's Draw step
Phase: Ai(4)-Wyleth Voltron B3's Main phase, precombat
Land: Ai(4)-Wyleth Voltron B3 played Mountain (378)
Phase: Ai(4)-Wyleth Voltron B3's Beginning of Combat Step
Phase: Ai(4)-Wyleth Voltron B3's Declare Attackers Step
Phase: Ai(4)-Wyleth Voltron B3's Declare Blockers Step
Phase: Ai(4)-Wyleth Voltron B3's First Strike Damage Step
Phase: Ai(4)-Wyleth Voltron B3's Combat Damage Step
Phase: Ai(4)-Wyleth Voltron B3's End of Combat Step
Phase: Ai(4)-Wyleth Voltron B3's Main phase, postcombat
Mana: Mountain (378) - {T}: Add {R}.
Add To Stack: Ai(4)-Wyleth Voltron B3 cast Colossus Hammer
Resolve Stack: Colossus Hammer
Phase: Ai(4)-Wyleth Voltron B3's End step
Phase: Ai(4)-Wyleth Voltron B3's Cleanup step
Turn: Turn 4 (Ai(1)-Inspirit B3 v3)
Phase: Ai(1)-Inspirit B3 v3's Untap step
Phase: Ai(1)-Inspirit B3 v3's Upkeep step
Phase: Ai(1)-Inspirit B3 v3's Draw step
Phase: Ai(1)-Inspirit B3 v3's Main phase, precombat
Land: Ai(1)-Inspirit B3 v3 played The Mycosynth Gardens (62)
Phase: Ai(1)-Inspirit B3 v3's Beginning of Combat Step
Phase: Ai(1)-Inspirit B3 v3's Declare Attackers Step
Phase: Ai(1)-Inspirit B3 v3's Declare Blockers Step
Phase: Ai(1)-Inspirit B3 v3's First Strike Damage Step
Phase: Ai(1)-Inspirit B3 v3's Combat Damage Step
Phase: Ai(1)-Inspirit B3 v3's End of Combat Step
Phase: Ai(1)-Inspirit B3 v3's Main phase, postcombat
Phase: Ai(1)-Inspirit B3 v3's End step
Phase: Ai(1)-Inspirit B3 v3's Cleanup step
Turn: Turn 5 (Ai(2)-Torbran Burn B3)
Phase: Ai(2)-Torbran Burn B3's Untap step
Phase: Ai(2)-Torbran Burn B3's Upkeep step
Phase: Ai(2)-Torbran Burn B3's Draw step
Phase: Ai(2)-Torbran Burn B3's Main phase, precombat
Land: Ai(2)-Torbran Burn B3 played Mountain (156)
Phase: Ai(2)-Torbran Burn B3's Beginning of Combat Step
Phase: Ai(2)-Torbran Burn B3's Declare Attackers Step
Phase: Ai(2)-Torbran Burn B3's Declare Blockers Step
Phase: Ai(2)-Torbran Burn B3's First Strike Damage Step
Phase: Ai(2)-Torbran Burn B3's Combat Damage Step
Phase: Ai(2)-Torbran Burn B3's End of Combat Step
Phase: Ai(2)-Torbran Burn B3's Main phase, postcombat
Phase: Ai(2)-Torbran Burn B3's End step
Phase: Ai(2)-Torbran Burn B3's Cleanup step
Turn: Turn 6 (Ai(3)-Wilhelt Zombies B3)
Phase: Ai(3)-Wilhelt Zombies B3's Untap step
Phase: Ai(3)-Wilhelt Zombies B3's Upkeep step
Phase: Ai(3)-Wilhelt Zombies B3's Draw step
Phase: Ai(3)-Wilhelt Zombies B3's Main phase, precombat
Land: Ai(3)-Wilhelt Zombies B3 played Swamp (289)
Phase: Ai(3)-Wilhelt Zombies B3's Beginning of Combat Step
Phase: Ai(3)-Wilhelt Zombies B3's Declare Attackers Step
Phase: Ai(3)-Wilhelt Zombies B3's Declare Blockers Step
Phase: Ai(3)-Wilhelt Zombies B3's First Strike Damage Step
Phase: Ai(3)-Wilhelt Zombies B3's Combat Damage Step
Phase: Ai(3)-Wilhelt Zombies B3's End of Combat Step
Phase: Ai(3)-Wilhelt Zombies B3's Main phase, postcombat
Mana: Island (243) - {T}: Add {U}.
Mana: Swamp (289) - {T}: Add {B}.
Add To Stack: Ai(3)-Wilhelt Zombies B3 cast Charcoal Diamond
Replacement Effect: Charcoal Diamond enters tapped.
Resolve Stack: Charcoal Diamond
Phase: Ai(3)-Wilhelt Zombies B3's End step
Phase: Ai(3)-Wilhelt Zombies B3's Cleanup step
Turn: Turn 7 (Ai(4)-Wyleth Voltron B3)
Phase: Ai(4)-Wyleth Voltron B3's Untap step
Phase: Ai(4)-Wyleth Voltron B3's Upkeep step
Phase: Ai(4)-Wyleth Voltron B3's Draw step
Phase: Ai(4)-Wyleth Voltron B3's Main phase, precombat
Land: Ai(4)-Wyleth Voltron B3 played Plains (357)
Phase: Ai(4)-Wyleth Voltron B3's Beginning of Combat Step
Phase: Ai(4)-Wyleth Voltron B3's Declare Attackers Step
Phase: Ai(4)-Wyleth Voltron B3's Declare Blockers Step
Phase: Ai(4)-Wyleth Voltron B3's First Strike Damage Step
Phase: Ai(4)-Wyleth Voltron B3's Combat Damage Step
Phase: Ai(4)-Wyleth Voltron B3's End of Combat Step
Phase: Ai(4)-Wyleth Voltron B3's Main phase, postcombat
Mana: Plains (357) - {T}: Add {W}.
Mana: Mountain (378) - {T}: Add {R}.
Add To Stack: Ai(4)-Wyleth Voltron B3 cast Stoneforge Mystic
Resolve Stack: Stoneforge Mystic - Creature 1 / 2
Add To Stack: Ai(4)-Wyleth Voltron B3 triggered Stoneforge Mystic
Resolve Stack: When Stoneforge Mystic enters, you may search your library for an Equipment card, reveal it, put it into your hand, then shuffle. [Zone Changer: Stoneforge Mystic (316)]
Phase: Ai(4)-Wyleth Voltron B3's End step
Phase: Ai(4)-Wyleth Voltron B3's Cleanup step
Turn: Turn 8 (Ai(1)-Inspirit B3 v3)
Phase: Ai(1)-Inspirit B3 v3's Untap step
Phase: Ai(1)-Inspirit B3 v3's Upkeep step
Phase: Ai(1)-Inspirit B3 v3's Draw step
Phase: Ai(1)-Inspirit B3 v3's Main phase, precombat
Land: Ai(1)-Inspirit B3 v3 played Inventors' Fair (2)
Phase: Ai(1)-Inspirit B3 v3's Beginning of Combat Step
Phase: Ai(1)-Inspirit B3 v3's Declare Attackers Step
Phase: Ai(1)-Inspirit B3 v3's Declare Blockers Step
Phase: Ai(1)-Inspirit B3 v3's First Strike Damage Step
Phase: Ai(1)-Inspirit B3 v3's Combat Damage Step
Phase: Ai(1)-Inspirit B3 v3's End of Combat Step
Phase: Ai(1)-Inspirit B3 v3's Main phase, postcombat
Mana: Inventors' Fair (2) - {T}: Add {C}.
Mana: The Mycosynth Gardens (62) - {T}: Add {C}.
Add To Stack: Ai(1)-Inspirit B3 v3 cast Moxite Refinery
Resolve Stack: Moxite Refinery
Phase: Ai(1)-Inspirit B3 v3's End step
Phase: Ai(1)-Inspirit B3 v3's Cleanup step
Turn: Turn 9 (Ai(2)-Torbran Burn B3)
Phase: Ai(2)-Torbran Burn B3's Untap step
Phase: Ai(2)-Torbran Burn B3's Upkeep step
Phase: Ai(2)-Torbran Burn B3's Draw step
Phase: Ai(2)-Torbran Burn B3's Main phase, precombat
Land: Ai(2)-Torbran Burn B3 played Mountain (155)
Phase: Ai(2)-Torbran Burn B3's Beginning of Combat Step
Phase: Ai(2)-Torbran Burn B3's Declare Attackers Step
Phase: Ai(2)-Torbran Burn B3's Declare Blockers Step
Phase: Ai(2)-Torbran Burn B3's First Strike Damage Step
Phase: Ai(2)-Torbran Burn B3's Combat Damage Step
Phase: Ai(2)-Torbran Burn B3's End of Combat Step
Phase: Ai(2)-Torbran Burn B3's Main phase, postcombat
Mana: Mountain (175) - {T}: Add {R}.
Mana: Mountain (156) - {T}: Add {R}.
Mana: Mountain (155) - {T}: Add {R}.
Add To Stack: Ai(2)-Torbran Burn B3 cast Repercussion
Resolve Stack: Repercussion
Phase: Ai(2)-Torbran Burn B3's End step
Phase: Ai(2)-Torbran Burn B3's Cleanup step
Turn: Turn 10 (Ai(3)-Wilhelt Zombies B3)
Phase: Ai(3)-Wilhelt Zombies B3's Untap step
Phase: Ai(3)-Wilhelt Zombies B3's Upkeep step
Phase: Ai(3)-Wilhelt Zombies B3's Draw step
Phase: Ai(3)-Wilhelt Zombies B3's Main phase, precombat
Land: Ai(3)-Wilhelt Zombies B3 played Swamp (279)
Phase: Ai(3)-Wilhelt Zombies B3's Beginning of Combat Step
Phase: Ai(3)-Wilhelt Zombies B3's Declare Attackers Step
Phase: Ai(3)-Wilhelt Zombies B3's Declare Blockers Step
Phase: Ai(3)-Wilhelt Zombies B3's First Strike Damage Step
Phase: Ai(3)-Wilhelt Zombies B3's Combat Damage Step
Phase: Ai(3)-Wilhelt Zombies B3's End of Combat Step
Phase: Ai(3)-Wilhelt Zombies B3's Main phase, postcombat
Mana: Island (243) - {T}: Add {U}.
Mana: Swamp (289) - {T}: Add {B}.
Mana: Charcoal Diamond (258) - {T}: Add {B}.
Mana: Swamp (279) - {T}: Add {B}.
Add To Stack: Ai(3)-Wilhelt Zombies B3 cast Wilhelt, the Rotcleaver
Resolve Stack: Wilhelt, the Rotcleaver - Creature 3 / 3
Phase: Ai(3)-Wilhelt Zombies B3's End step
Add To Stack: Ai(3)-Wilhelt Zombies B3 triggered Wilhelt, the Rotcleaver
Resolve Stack: At the beginning of your end step, you may sacrifice a Zombie. If you do, draw a card. [Phase: Ai(3)-Wilhelt Zombies B3]
Phase: Ai(3)-Wilhelt Zombies B3's Cleanup step
Turn: Turn 11 (Ai(4)-Wyleth Voltron B3)
Phase: Ai(4)-Wyleth Voltron B3's Untap step
Phase: Ai(4)-Wyleth Voltron B3's Upkeep step
Phase: Ai(4)-Wyleth Voltron B3's Draw step
Phase: Ai(4)-Wyleth Voltron B3's Main phase, precombat
Land: Ai(4)-Wyleth Voltron B3 played Mountain (385)
Phase: Ai(4)-Wyleth Voltron B3's Beginning of Combat Step
Phase: Ai(4)-Wyleth Voltron B3's Declare Attackers Step
Phase: Ai(4)-Wyleth Voltron B3's Declare Blockers Step
Phase: Ai(4)-Wyleth Voltron B3's First Strike Damage Step
Phase: Ai(4)-Wyleth Voltron B3's Combat Damage Step
Phase: Ai(4)-Wyleth Voltron B3's End of Combat Step
Mana: Plains (357) - {T}: Add {W}.
Mana: Mountain (378) - {T}: Add {R}.
Add To Stack: Ai(4)-Wyleth Voltron B3 activated Stoneforge Mystic
Resolve Stack: Stoneforge Mystic (316) - Ai(4)-Wyleth Voltron B3 puts an Equipment card from their hand onto the battlefield.
Add To Stack: Ai(4)-Wyleth Voltron B3 triggered Embercleave targeting [Stoneforge Mystic (316)]
Resolve Stack: When Embercleave enters, attach it to target creature you control. (Targeting: [[Stoneforge Mystic (316)]]) [Zone Changer: Embercleave (394)]
Phase: Ai(4)-Wyleth Voltron B3's Main phase, postcombat
Phase: Ai(4)-Wyleth Voltron B3's End step
Phase: Ai(4)-Wyleth Voltron B3's Cleanup step
Turn: Turn 12 (Ai(1)-Inspirit B3 v3)
Phase: Ai(1)-Inspirit B3 v3's Untap step
Phase: Ai(1)-Inspirit B3 v3's Upkeep step
Phase: Ai(1)-Inspirit B3 v3's Draw step
Phase: Ai(1)-Inspirit B3 v3's Main phase, precombat
Phase: Ai(1)-Inspirit B3 v3's Beginning of Combat Step
Phase: Ai(1)-Inspirit B3 v3's Declare Attackers Step
Phase: Ai(1)-Inspirit B3 v3's Declare Blockers Step
Phase: Ai(1)-Inspirit B3 v3's First Strike Damage Step
Phase: Ai(1)-Inspirit B3 v3's Combat Damage Step
Phase: Ai(1)-Inspirit B3 v3's End of Combat Step
Phase: Ai(1)-Inspirit B3 v3's Main phase, postcombat
Phase: Ai(1)-Inspirit B3 v3's End step
Phase: Ai(1)-Inspirit B3 v3's Cleanup step
Turn: Turn 13 (Ai(2)-Torbran Burn B3)
Phase: Ai(2)-Torbran Burn B3's Untap step
Phase: Ai(2)-Torbran Burn B3's Upkeep step
Mana: Mountain (175) - {T}: Add {R}.
Add To Stack: Ai(2)-Torbran Burn B3 cast Lightning Bolt targeting [Wilhelt, the Rotcleaver (301)]
Damage: Lightning Bolt (110) deals 3 damage to Wilhelt, the Rotcleaver (301).
Resolve Stack: Lightning Bolt (110) - Lightning Bolt (110) deals 3 damage to Wilhelt, the Rotcleaver (301).
Zone Change: Wilhelt, the Rotcleaver (301) was put into Graveyard from Battlefield.
Add To Stack: Ai(2)-Torbran Burn B3 triggered Repercussion
Damage: Repercussion (119) deals 3 non-combat damage to Ai(3)-Wilhelt Zombies B3.
Life: Life: Ai(3)-Wilhelt Zombies B3 40 > 37
Resolve Stack: Whenever a creature is dealt damage, Repercussion deals that much damage to that creature's controller. [Damaged: Wilhelt, the Rotcleaver (301), Amount: 3]
Phase: Ai(2)-Torbran Burn B3's Draw step
Phase: Ai(2)-Torbran Burn B3's Main phase, precombat
Land: Ai(2)-Torbran Burn B3 played Mountain (158)
Phase: Ai(2)-Torbran Burn B3's Beginning of Combat Step
Phase: Ai(2)-Torbran Burn B3's Declare Attackers Step
Phase: Ai(2)-Torbran Burn B3's Declare Blockers Step
Phase: Ai(2)-Torbran Burn B3's First Strike Damage Step
Phase: Ai(2)-Torbran Burn B3's Combat Damage Step
Phase: Ai(2)-Torbran Burn B3's End of Combat Step
Phase: Ai(2)-Torbran Burn B3's Main phase, postcombat
Mana: Mountain (156) - {T}: Add {R}.
Mana: Mountain (155) - {T}: Add {R}.
Add To Stack: Ai(2)-Torbran Burn B3 cast Firebrand Archer
Resolve Stack: Firebrand Archer - Creature 2 / 1
Phase: Ai(2)-Torbran Burn B3's End step
Phase: Ai(2)-Torbran Burn B3's Cleanup step
Turn: Turn 14 (Ai(3)-Wilhelt Zombies B3)
Phase: Ai(3)-Wilhelt Zombies B3's Untap step
Phase: Ai(3)-Wilhelt Zombies B3's Upkeep step
Phase: Ai(3)-Wilhelt Zombies B3's Draw step
Phase: Ai(3)-Wilhelt Zombies B3's Main phase, precombat
Land: Ai(3)-Wilhelt Zombies B3 played Swamp (276)
Phase: Ai(3)-Wilhelt Zombies B3's Beginning of Combat Step
Phase: Ai(3)-Wilhelt Zombies B3's Declare Attackers Step
Phase: Ai(3)-Wilhelt Zombies B3's Declare Blockers Step
Phase: Ai(3)-Wilhelt Zombies B3's First Strike Damage Step
Phase: Ai(3)-Wilhelt Zombies B3's Combat Damage Step
Phase: Ai(3)-Wilhelt Zombies B3's End of Combat Step
Phase: Ai(3)-Wilhelt Zombies B3's Main phase, postcombat
Mana: Island (243) - {T}: Add {U}.
Mana: Swamp (289) - {T}: Add {B}.
Add To Stack: Ai(3)-Wilhelt Zombies B3 cast Arcane Signet
Resolve Stack: Arcane Signet
Phase: Ai(3)-Wilhelt Zombies B3's End step
Phase: Ai(3)-Wilhelt Zombies B3's Cleanup step
Turn: Turn 15 (Ai(4)-Wyleth Voltron B3)
Phase: Ai(4)-Wyleth Voltron B3's Untap step
Phase: Ai(4)-Wyleth Voltron B3's Upkeep step
Phase: Ai(4)-Wyleth Voltron B3's Draw step
Phase: Ai(4)-Wyleth Voltron B3's Main phase, precombat
Land: Ai(4)-Wyleth Voltron B3 played Plains (359)
Phase: Ai(4)-Wyleth Voltron B3's Beginning of Combat Step
Phase: Ai(4)-Wyleth Voltron B3's Declare Attackers Step
Combat: Ai(4)-Wyleth Voltron B3 assigned Stoneforge Mystic (316) to attack Ai(2)-Torbran Burn B3.
Phase: Ai(4)-Wyleth Voltron B3's Declare Blockers Step
Combat: Ai(2)-Torbran Burn B3 didn't block Stoneforge Mystic (316).
Phase: Ai(4)-Wyleth Voltron B3's First Strike Damage Step
Damage: Stoneforge Mystic (316) deals 2 combat damage to Ai(2)-Torbran Burn B3.
Life: Life: Ai(2)-Torbran Burn B3 40 > 38
Phase: Ai(4)-Wyleth Voltron B3's Combat Damage Step
Damage: Stoneforge Mystic (316) deals 2 combat damage to Ai(2)-Torbran Burn B3.
Life: Life: Ai(2)-Torbran Burn B3 38 > 36
Phase: Ai(4)-Wyleth Voltron B3's End of Combat Step
Phase: Ai(4)-Wyleth Voltron B3's Main phase, postcombat
Mana: Plains (357) - {T}: Add {W}.
Mana: Mountain (378) - {T}: Add {R}.
Mana: Mountain (385) - {T}: Add {R}.
Add To Stack: Ai(4)-Wyleth Voltron B3 cast Wyleth, Soul of Steel
Resolve Stack: Wyleth, Soul of Steel - Creature 2 / 2
Phase: Ai(4)-Wyleth Voltron B3's End step
Phase: Ai(4)-Wyleth Voltron B3's Cleanup step
Turn: Turn 16 (Ai(1)-Inspirit B3 v3)
Phase: Ai(1)-Inspirit B3 v3's Untap step
Phase: Ai(1)-Inspirit B3 v3's Upkeep step
Phase: Ai(1)-Inspirit B3 v3's Draw step
Phase: Ai(1)-Inspirit B3 v3's Main phase, precombat
Phase: Ai(1)-Inspirit B3 v3's Beginning of Combat Step
Phase: Ai(1)-Inspirit B3 v3's Declare Attackers Step
Phase: Ai(1)-Inspirit B3 v3's Declare Blockers Step
Phase: Ai(1)-Inspirit B3 v3's First Strike Damage Step
Phase: Ai(1)-Inspirit B3 v3's Combat Damage Step
Phase: Ai(1)-Inspirit B3 v3's End of Combat Step
Phase: Ai(1)-Inspirit B3 v3's Main phase, postcombat
Phase: Ai(1)-Inspirit B3 v3's End step
Phase: Ai(1)-Inspirit B3 v3's Cleanup step
Discard: Ai(1)-Inspirit B3 v3 discards Thought Monitor (95).
Turn: Turn 17 (Ai(2)-Torbran Burn B3)
Phase: Ai(2)-Torbran Burn B3's Untap step
Phase: Ai(2)-Torbran Burn B3's Upkeep step
Phase: Ai(2)-Torbran Burn B3's Draw step
Phase: Ai(2)-Torbran Burn B3's Main phase, precombat
Land: Ai(2)-Torbran Burn B3 played Mountain (171)
Mana: Mountain (175) - {T}: Add {R}.
Mana: Mountain (156) - {T}: Add {R}.
Mana: Mountain (155) - {T}: Add {R}.
Mana: Mountain (158) - {T}: Add {R}.
Mana: Mountain (171) - {T}: Add {R}.
Add To Stack: Ai(2)-Torbran Burn B3 cast Dictate of the Twin Gods
Add To Stack: Ai(2)-Torbran Burn B3 triggered Firebrand Archer
Damage: Firebrand Archer (197) deals 1 non-combat damage to Ai(1)-Inspirit B3 v3.
Damage: Firebrand Archer (197) deals 1 non-combat damage to Ai(3)-Wilhelt Zombies B3.
Damage: Firebrand Archer (197) deals 1 non-combat damage to Ai(4)-Wyleth Voltron B3.
Life: Life: Ai(1)-Inspirit B3 v3 40 > 39
Life: Life: Ai(3)-Wilhelt Zombies B3 37 > 36
Life: Life: Ai(4)-Wyleth Voltron B3 40 > 39
Resolve Stack: Whenever you cast a noncreature spell, Firebrand Archer deals 1 damage to each opponent. [Card: Dictate of the Twin Gods (103), Activator: Ai(2)-Torbran Burn B3, SpellAbility: Dictate of the Twin Gods]
Resolve Stack: Dictate of the Twin Gods
Phase: Ai(2)-Torbran Burn B3's Beginning of Combat Step
Phase: Ai(2)-Torbran Burn B3's Declare Attackers Step
Phase: Ai(2)-Torbran Burn B3's Declare Blockers Step
Phase: Ai(2)-Torbran Burn B3's First Strike Damage Step
Phase: Ai(2)-Torbran Burn B3's Combat Damage Step
Phase: Ai(2)-Torbran Burn B3's End of Combat Step
Phase: Ai(2)-Torbran Burn B3's Main phase, postcombat
Phase: Ai(2)-Torbran Burn B3's End step
Phase: Ai(2)-Torbran Burn B3's Cleanup step
Turn: Turn 18 (Ai(3)-Wilhelt Zombies B3)
Phase: Ai(3)-Wilhelt Zombies B3's Untap step
Phase: Ai(3)-Wilhelt Zombies B3's Upkeep step
Phase: Ai(3)-Wilhelt Zombies B3's Draw step
Phase: Ai(3)-Wilhelt Zombies B3's Main phase, precombat
Replacement Effect: Drowned Catacomb enters tapped unless you control an Island or a Swamp.
Land: Ai(3)-Wilhelt Zombies B3 played Drowned Catacomb (266)
Phase: Ai(3)-Wilhelt Zombies B3's Beginning of Combat Step
Phase: Ai(3)-Wilhelt Zombies B3's Declare Attackers Step
Phase: Ai(3)-Wilhelt Zombies B3's Declare Blockers Step
Phase: Ai(3)-Wilhelt Zombies B3's First Strike Damage Step
Phase: Ai(3)-Wilhelt Zombies B3's Combat Damage Step
Phase: Ai(3)-Wilhelt Zombies B3's End of Combat Step
Phase: Ai(3)-Wilhelt Zombies B3's Main phase, postcombat
Mana: Island (243) - {T}: Add {U}.
Mana: Swamp (289) - {T}: Add {B}.
Mana: Charcoal Diamond (258) - {T}: Add {B}.
Mana: Swamp (279) - {T}: Add {B}.
Mana: Swamp (276) - {T}: Add {B}.
Mana: Arcane Signet (295) - {T}: Add one mana of any color in your commander's color identity.
Add To Stack: Ai(3)-Wilhelt Zombies B3 cast Wilhelt, the Rotcleaver
Resolve Stack: Wilhelt, the Rotcleaver - Creature 3 / 3
Phase: Ai(3)-Wilhelt Zombies B3's End step
Add To Stack: Ai(3)-Wilhelt Zombies B3 triggered Wilhelt, the Rotcleaver
Resolve Stack: At the beginning of your end step, you may sacrifice a Zombie. If you do, draw a card. [Phase: Ai(3)-Wilhelt Zombies B3]
Phase: Ai(3)-Wilhelt Zombies B3's Cleanup step
Turn: Turn 19 (Ai(4)-Wyleth Voltron B3)
Phase: Ai(4)-Wyleth Voltron B3's Untap step
Phase: Ai(4)-Wyleth Voltron B3's Upkeep step
Phase: Ai(4)-Wyleth Voltron B3's Draw step
Phase: Ai(4)-Wyleth Voltron B3's Main phase, precombat
Phase: Ai(4)-Wyleth Voltron B3's Beginning of Combat Step
Phase: Ai(4)-Wyleth Voltron B3's Declare Attackers Step
Combat: Ai(4)-Wyleth Voltron B3 assigned Wyleth, Soul of Steel (402) and Stoneforge Mystic (316) to attack Ai(2)-Torbran Burn B3.
Add To Stack: Ai(4)-Wyleth Voltron B3 triggered Wyleth, Soul of Steel
Resolve Stack: Whenever Wyleth, Soul of Steel attacks, draw a card for each Aura and Equipment attached to it. [Attacker: Wyleth, Soul of Steel (402)]
Phase: Ai(4)-Wyleth Voltron B3's Declare Blockers Step
Combat: Ai(2)-Torbran Burn B3 didn't block Wyleth, Soul of Steel (402).
Ai(2)-Torbran Burn B3 didn't block Stoneforge Mystic (316).
Phase: Ai(4)-Wyleth Voltron B3's First Strike Damage Step
Replacement Effect: If a source would deal damage to a permanent or player, it deals double that damage to that permanent or player instead.
Damage: Stoneforge Mystic (316) deals 4 combat damage to Ai(2)-Torbran Burn B3.
Life: Life: Ai(2)-Torbran Burn B3 36 > 32
Phase: Ai(4)-Wyleth Voltron B3's Combat Damage Step
Replacement Effect: If a source would deal damage to a permanent or player, it deals double that damage to that permanent or player instead.
Replacement Effect: If a source would deal damage to a permanent or player, it deals double that damage to that permanent or player instead.
Damage: Wyleth, Soul of Steel (402) deals 4 combat damage to Ai(2)-Torbran Burn B3.
Damage: Stoneforge Mystic (316) deals 4 combat damage to Ai(2)-Torbran Burn B3.
Life: Life: Ai(2)-Torbran Burn B3 32 > 24
Phase: Ai(4)-Wyleth Voltron B3's End of Combat Step
Phase: Ai(4)-Wyleth Voltron B3's Main phase, postcombat
Replacement Effect: Wind-Scarred Crag enters tapped.
Land: Ai(4)-Wyleth Voltron B3 played Wind-Scarred Crag (332)
Add To Stack: Ai(4)-Wyleth Voltron B3 triggered Wind-Scarred Crag
Life: Life: Ai(4)-Wyleth Voltron B3 39 > 40
Resolve Stack: When Wind-Scarred Crag enters, you gain 1 life. [Zone Changer: Wind-Scarred Crag (332)]
Mana: Plains (357) - {T}: Add {W}.
Mana: Mountain (378) - {T}: Add {R}.
Mana: Mountain (385) - {T}: Add {R}.
Add To Stack: Ai(4)-Wyleth Voltron B3 cast Ardenn, Intrepid Archaeologist
Resolve Stack: Ardenn, Intrepid Archaeologist - Creature 2 / 2
Phase: Ai(4)-Wyleth Voltron B3's End step
Phase: Ai(4)-Wyleth Voltron B3's Cleanup step
Turn: Turn 20 (Ai(1)-Inspirit B3 v3)
Phase: Ai(1)-Inspirit B3 v3's Untap step
Phase: Ai(1)-Inspirit B3 v3's Upkeep step
Phase: Ai(1)-Inspirit B3 v3's Draw step
Phase: Ai(1)-Inspirit B3 v3's Main phase, precombat
Land: Ai(1)-Inspirit B3 v3 played Exotic Orchard (99)
Phase: Ai(1)-Inspirit B3 v3's Beginning of Combat Step
Phase: Ai(1)-Inspirit B3 v3's Declare Attackers Step
Phase: Ai(1)-Inspirit B3 v3's Declare Blockers Step
Phase: Ai(1)-Inspirit B3 v3's First Strike Damage Step
Phase: Ai(1)-Inspirit B3 v3's Combat Damage Step
Phase: Ai(1)-Inspirit B3 v3's End of Combat Step
Phase: Ai(1)-Inspirit B3 v3's Main phase, postcombat
Mana: Exotic Orchard (99) - {T}: Add one mana of any color that a land an opponent controls could produce.
Mana: Inventors' Fair (2) - {T}: Add {C}.
Mana: The Mycosynth Gardens (62) - {T}: Add {C}.
Add To Stack: Ai(1)-Inspirit B3 v3 cast Solar Array
Resolve Stack: Solar Array
Phase: Ai(1)-Inspirit B3 v3's End step
Phase: Ai(1)-Inspirit B3 v3's Cleanup step
Turn: Turn 21 (Ai(2)-Torbran Burn B3)
Phase: Ai(2)-Torbran Burn B3's Untap step
Phase: Ai(2)-Torbran Burn B3's Upkeep step
Mana: Mountain (175) - {T}: Add {R}.
Add To Stack: Ai(2)-Torbran Burn B3 cast Shock targeting [Wilhelt, the Rotcleaver (301)]
Add To Stack: Ai(2)-Torbran Burn B3 triggered Firebrand Archer
Mana: Drowned Catacomb (266) - {T}: Add {U} or {B}.
Zone Change: Wilhelt, the Rotcleaver (301) was put into Graveyard from Battlefield.
Add To Stack: Ai(3)-Wilhelt Zombies B3 cast Village Rites
Resolve Stack: Village Rites (260) - Ai(3)-Wilhelt Zombies B3 draws two cards.
Replacement Effect: If a source would deal damage to a permanent or player, it deals double that damage to that permanent or player instead.
Replacement Effect: If a source would deal damage to a permanent or player, it deals double that damage to that permanent or player instead.
Replacement Effect: If a source would deal damage to a permanent or player, it deals double that damage to that permanent or player instead.
Damage: Firebrand Archer (197) deals 2 non-combat damage to Ai(1)-Inspirit B3 v3.
Damage: Firebrand Archer (197) deals 2 non-combat damage to Ai(3)-Wilhelt Zombies B3.
Damage: Firebrand Archer (197) deals 2 non-combat damage to Ai(4)-Wyleth Voltron B3.
Life: Life: Ai(1)-Inspirit B3 v3 39 > 37
Life: Life: Ai(3)-Wilhelt Zombies B3 36 > 34
Life: Life: Ai(4)-Wyleth Voltron B3 40 > 38
Resolve Stack: Whenever you cast a noncreature spell, Firebrand Archer deals 1 damage to each opponent. [Card: Shock (129), Activator: Ai(2)-Torbran Burn B3, SpellAbility: Shock deals 2 damage to any target.]
Mana: Solar Array (45) - {T}: Add one mana of any color. When you next cast an artifact spell this turn, that spell gains sunburst. (If it's a creature, it enters with a +1/+1 counter on it for each color of mana spent to cast it. Otherwise, it enters with that many charge counters on it.) 
Add To Stack: Ai(1)-Inspirit B3 v3 cast An Offer You Can't Refuse targeting [Shock deals 2 damage to any target.]
Zone Change: Send countered spell to Graveyard
Resolve Stack: An Offer You Can't Refuse (92) - Counter Shock (129). Its controller creates two Treasure tokens.
Phase: Ai(2)-Torbran Burn B3's Draw step
Phase: Ai(2)-Torbran Burn B3's Main phase, precombat
Land: Ai(2)-Torbran Burn B3 played Mountain (166)
Mana: Mountain (156) - {T}: Add {R}.
Mana: Mountain (155) - {T}: Add {R}.
Mana: Mountain (158) - {T}: Add {R}.
Mana: Mountain (171) - {T}: Add {R}.
Add To Stack: Ai(2)-Torbran Burn B3 cast Torbran, Thane of Red Fell
Resolve Stack: Torbran, Thane of Red Fell - Creature 2 / 4
Phase: Ai(2)-Torbran Burn B3's Beginning of Combat Step
Phase: Ai(2)-Torbran Burn B3's Declare Attackers Step
Phase: Ai(2)-Torbran Burn B3's Declare Blockers Step
Phase: Ai(2)-Torbran Burn B3's First Strike Damage Step
Phase: Ai(2)-Torbran Burn B3's Combat Damage Step
Phase: Ai(2)-Torbran Burn B3's End of Combat Step
Phase: Ai(2)-Torbran Burn B3's Main phase, postcombat
Phase: Ai(2)-Torbran Burn B3's End step
Phase: Ai(2)-Torbran Burn B3's Cleanup step
Turn: Turn 22 (Ai(3)-Wilhelt Zombies B3)
Phase: Ai(3)-Wilhelt Zombies B3's Untap step
Phase: Ai(3)-Wilhelt Zombies B3's Upkeep step
Phase: Ai(3)-Wilhelt Zombies B3's Draw step
Phase: Ai(3)-Wilhelt Zombies B3's Main phase, precombat
Land: Ai(3)-Wilhelt Zombies B3 played Swamp (292)
Mana: Swamp (289) - {T}: Add {B}.
Mana: Island (243) - {T}: Add {U}.
Mana: Charcoal Diamond (258) - {T}: Add {B}.
Add To Stack: Ai(3)-Wilhelt Zombies B3 cast Read the Bones
Resolve Stack: Ai(3)-Wilhelt Zombies B3 scried 2 card(s) to the top of the library
Life: Life: Ai(3)-Wilhelt Zombies B3 34 > 32
Resolve Stack: Read the Bones (212) - Ai(3)-Wilhelt Zombies B3 scries 2. Ai(3)-Wilhelt Zombies B3 draws two cards. Ai(3)-Wilhelt Zombies B3 loses 2 life.
Phase: Ai(3)-Wilhelt Zombies B3's Beginning of Combat Step
Phase: Ai(3)-Wilhelt Zombies B3's Declare Attackers Step
Phase: Ai(3)-Wilhelt Zombies B3's Declare Blockers Step
Phase: Ai(3)-Wilhelt Zombies B3's First Strike Damage Step
Phase: Ai(3)-Wilhelt Zombies B3's Combat Damage Step
Phase: Ai(3)-Wilhelt Zombies B3's End of Combat Step
Phase: Ai(3)-Wilhelt Zombies B3's Main phase, postcombat
Mana: Swamp (279) - {T}: Add {B}.
Mana: Swamp (276) - {T}: Add {B}.
Mana: Swamp (292) - {T}: Add {B}.
Add To Stack: Ai(3)-Wilhelt Zombies B3 cast Diregraf Colossus
Replacement Effect: Diregraf Colossus enters with a +1/+1 counter on it for each Zombie card in your graveyard.
Resolve Stack: Diregraf Colossus - Creature 2 / 2
Mana: Arcane Signet (295) - {T}: Add one mana of any color in your commander's color identity.
Mana: Drowned Catacomb (266) - {T}: Add {U} or {B}.
Add To Stack: Ai(3)-Wilhelt Zombies B3 cast Undead Augur
Add To Stack: Ai(3)-Wilhelt Zombies B3 triggered Diregraf Colossus
Resolve Stack: Whenever you cast a Zombie spell, create a tapped 2/2 black Zombie creature token. [Card: Undead Augur (210), Activator: Ai(3)-Wilhelt Zombies B3, SpellAbility: Undead Augur - Creature 2 / 2]
Resolve Stack: Undead Augur - Creature 2 / 2
Phase: Ai(3)-Wilhelt Zombies B3's End step
Phase: Ai(3)-Wilhelt Zombies B3's Cleanup step
Turn: Turn 23 (Ai(4)-Wyleth Voltron B3)
Phase: Ai(4)-Wyleth Voltron B3's Untap step
Phase: Ai(4)-Wyleth Voltron B3's Upkeep step
Phase: Ai(4)-Wyleth Voltron B3's Draw step
Mana: Plains (357) - {T}: Add {W}.
Mana: Mountain (378) - {T}: Add {R}.
Add To Stack: Ai(4)-Wyleth Voltron B3 cast Boros Charm
Resolve Stack: Boros Charm (374) -  Permanents you control gain indestructible until end of turn.
Phase: Ai(4)-Wyleth Voltron B3's Main phase, precombat
Land: Ai(4)-Wyleth Voltron B3 played Mountain (393)
Phase: Ai(4)-Wyleth Voltron B3's Beginning of Combat Step
Add To Stack: Ai(4)-Wyleth Voltron B3 triggered Ardenn, Intrepid Archaeologist targeting [Ai(4)-Wyleth Voltron B3]
Resolve Stack: At the beginning of combat on your turn, you may attach any number of Auras and Equipment you control to target permanent or player. (Targeting: [[Ai(4)-Wyleth Voltron B3]]) [Phase: Ai(4)-Wyleth Voltron B3]
Phase: Ai(4)-Wyleth Voltron B3's Declare Attackers Step
Combat: Ai(4)-Wyleth Voltron B3 assigned Wyleth, Soul of Steel (402), Stoneforge Mystic (316) and Ardenn, Intrepid Archaeologist (324) to attack Ai(3)-Wilhelt Zombies B3.
Add To Stack: Ai(4)-Wyleth Voltron B3 triggered Wyleth, Soul of Steel
Resolve Stack: Whenever Wyleth, Soul of Steel attacks, draw a card for each Aura and Equipment attached to it. [Attacker: Wyleth, Soul of Steel (402)]
Phase: Ai(4)-Wyleth Voltron B3's Declare Blockers Step
Combat: Ai(3)-Wilhelt Zombies B3 didn't block Wyleth, Soul of Steel (402).
Ai(3)-Wilhelt Zombies B3 didn't block Stoneforge Mystic (316).
Ai(3)-Wilhelt Zombies B3 didn't block Ardenn, Intrepid Archaeologist (324).
Phase: Ai(4)-Wyleth Voltron B3's First Strike Damage Step
Replacement Effect: If a source would deal damage to a permanent or player, it deals double that damage to that permanent or player instead.
Damage: Stoneforge Mystic (316) deals 4 combat damage to Ai(3)-Wilhelt Zombies B3.
Life: Life: Ai(3)-Wilhelt Zombies B3 32 > 28
Phase: Ai(4)-Wyleth Voltron B3's Combat Damage Step
Replacement Effect: If a source would deal damage to a permanent or player, it deals double that damage to that permanent or player instead.
Replacement Effect: If a source would deal damage to a permanent or player, it deals double that damage to that permanent or player instead.
Replacement Effect: If a source would deal damage to a permanent or player, it deals double that damage to that permanent or player instead.
Damage: Wyleth, Soul of Steel (402) deals 4 combat damage to Ai(3)-Wilhelt Zombies B3.
Damage: Stoneforge Mystic (316) deals 4 combat damage to Ai(3)-Wilhelt Zombies B3.
Damage: Ardenn, Intrepid Archaeologist (324) deals 4 combat damage to Ai(3)-Wilhelt Zombies B3.
Life: Life: Ai(3)-Wilhelt Zombies B3 28 > 16
Phase: Ai(4)-Wyleth Voltron B3's End of Combat Step
Phase: Ai(4)-Wyleth Voltron B3's Main phase, postcombat
Mana: Mountain (385) - {T}: Add {R}.
Mana: Plains (359) - {T}: Add {W}.
Mana: Mountain (393) - {T}: Add {R}.
Mana: Wind-Scarred Crag (332) - {T}: Add {R} or {W}.
Add To Stack: Ai(4)-Wyleth Voltron B3 cast Hammer of Nazahn
Resolve Stack: Hammer of Nazahn
Add To Stack: Ai(4)-Wyleth Voltron B3 triggered Hammer of Nazahn targeting [Ardenn, Intrepid Archaeologist (324)]
Resolve Stack: Whenever Hammer of Nazahn or another Equipment you control enters, you may attach that Equipment to target creature you control. (Targeting: [[Ardenn, Intrepid Archaeologist (324)]]) [Zone Changer: Hammer of Nazahn (308)]
Phase: Ai(4)-Wyleth Voltron B3's End step
Phase: Ai(4)-Wyleth Voltron B3's Cleanup step
Turn: Turn 24 (Ai(1)-Inspirit B3 v3)
Phase: Ai(1)-Inspirit B3 v3's Untap step
Phase: Ai(1)-Inspirit B3 v3's Upkeep step
Phase: Ai(1)-Inspirit B3 v3's Draw step
Phase: Ai(1)-Inspirit B3 v3's Main phase, precombat
Phase: Ai(1)-Inspirit B3 v3's Beginning of Combat Step
Phase: Ai(1)-Inspirit B3 v3's Declare Attackers Step
Phase: Ai(1)-Inspirit B3 v3's Declare Blockers Step
Phase: Ai(1)-Inspirit B3 v3's First Strike Damage Step
Phase: Ai(1)-Inspirit B3 v3's Combat Damage Step
Phase: Ai(1)-Inspirit B3 v3's End of Combat Step
Phase: Ai(1)-Inspirit B3 v3's Main phase, postcombat
Mana: Exotic Orchard (99) - {T}: Add one mana of any color that a land an opponent controls could produce.
Mana: Inventors' Fair (2) - {T}: Add {C}.
Mana: The Mycosynth Gardens (62) - {T}: Add {C}.
Mana: Solar Array (45) - {T}: Add one mana of any color. When you next cast an artifact spell this turn, that spell gains sunburst. (If it's a creature, it enters with a +1/+1 counter on it for each color of mana spent to cast it. Otherwise, it enters with that many charge counters on it.) 
Add To Stack: Ai(1)-Inspirit B3 v3 cast Phyrexian Metamorph
Add To Stack: Ai(1)-Inspirit B3 v3 triggered Solar Array (45)'s Effect
Resolve Stack: When you next cast an artifact spell this turn, that spell gains sunburst. (If it's a creature, it enters with a +1/+1 counter on it for each color of mana spent to cast it. Otherwise, it enters with that many charge counters on it.) [Card: Phyrexian Metamorph (27), Activator: Ai(1)-Inspirit B3 v3, SpellAbility: Phyrexian Metamorph - Creature 0 / 0]
Replacement Effect: You may have Embercleave enter as a copy of any artifact or creature on the battlefield, except it's an artifact in addition to its other types.
Replacement Effect: Sunburst (This enters with either a +1/+1 or charge counter on it for each color of mana spent to cast it based on whether it's a creature.)
Resolve Stack: Phyrexian Metamorph - Creature 0 / 0
Phase: Ai(1)-Inspirit B3 v3's End step
Phase: Ai(1)-Inspirit B3 v3's Cleanup step
Turn: Turn 25 (Ai(2)-Torbran Burn B3)
Phase: Ai(2)-Torbran Burn B3's Untap step
Phase: Ai(2)-Torbran Burn B3's Upkeep step
Phase: Ai(2)-Torbran Burn B3's Draw step
Phase: Ai(2)-Torbran Burn B3's Main phase, precombat
Mana: Mountain (175) - {T}: Add {R}.
Mana: Mountain (156) - {T}: Add {R}.
Mana: Mountain (155) - {T}: Add {R}.
Mana: Mountain (158) - {T}: Add {R}.
Add To Stack: Ai(2)-Torbran Burn B3 cast Furnace of Rath
Add To Stack: Ai(2)-Torbran Burn B3 triggered Firebrand Archer
Replacement Effect: If a red source you control would deal damage to an opponent or a permanent an opponent controls, it deals that much damage plus 2 instead.
Replacement Effect: If a source would deal damage to a permanent or player, it deals double that damage to that permanent or player instead.
Replacement Effect: If a red source you control would deal damage to an opponent or a permanent an opponent controls, it deals that much damage plus 2 instead.
Replacement Effect: If a source would deal damage to a permanent or player, it deals double that damage to that permanent or player instead.
Replacement Effect: If a red source you control would deal damage to an opponent or a permanent an opponent controls, it deals that much damage plus 2 instead.
Replacement Effect: If a source would deal damage to a permanent or player, it deals double that damage to that permanent or player instead.
Damage: Firebrand Archer (197) deals 6 non-combat damage to Ai(1)-Inspirit B3 v3.
Damage: Firebrand Archer (197) deals 6 non-combat damage to Ai(3)-Wilhelt Zombies B3.
Damage: Firebrand Archer (197) deals 6 non-combat damage to Ai(4)-Wyleth Voltron B3.
Life: Life: Ai(1)-Inspirit B3 v3 37 > 31
Life: Life: Ai(3)-Wilhelt Zombies B3 16 > 10
Life: Life: Ai(4)-Wyleth Voltron B3 38 > 32
Resolve Stack: Whenever you cast a noncreature spell, Firebrand Archer deals 1 damage to each opponent. [Card: Furnace of Rath (126), Activator: Ai(2)-Torbran Burn B3, SpellAbility: Furnace of Rath]
Resolve Stack: Furnace of Rath
Phase: Ai(2)-Torbran Burn B3's Beginning of Combat Step
Phase: Ai(2)-Torbran Burn B3's Declare Attackers Step
Phase: Ai(2)-Torbran Burn B3's Declare Blockers Step
Phase: Ai(2)-Torbran Burn B3's First Strike Damage Step
Phase: Ai(2)-Torbran Burn B3's Combat Damage Step
Phase: Ai(2)-Torbran Burn B3's End of Combat Step
Phase: Ai(2)-Torbran Burn B3's Main phase, postcombat
Phase: Ai(2)-Torbran Burn B3's End step
Phase: Ai(2)-Torbran Burn B3's Cleanup step
Turn: Turn 26 (Ai(3)-Wilhelt Zombies B3)
Phase: Ai(3)-Wilhelt Zombies B3's Untap step
Phase: Ai(3)-Wilhelt Zombies B3's Upkeep step
Phase: Ai(3)-Wilhelt Zombies B3's Draw step
Phase: Ai(3)-Wilhelt Zombies B3's Main phase, precombat
Land: Ai(3)-Wilhelt Zombies B3 played Swamp (273)
Mana: Island (243) - {T}: Add {U}.
Mana: Swamp (289) - {T}: Add {B}.
Mana: Charcoal Diamond (258) - {T}: Add {B}.
Mana: Swamp (279) - {T}: Add {B}.
Mana: Swamp (276) - {T}: Add {B}.
Mana: Swamp (292) - {T}: Add {B}.
Mana: Swamp (273) - {T}: Add {B}.
Mana: Arcane Signet (295) - {T}: Add one mana of any color in your commander's color identity.
Add To Stack: Ai(3)-Wilhelt Zombies B3 cast Wilhelt, the Rotcleaver
Add To Stack: Ai(3)-Wilhelt Zombies B3 triggered Diregraf Colossus
Resolve Stack: Whenever you cast a Zombie spell, create a tapped 2/2 black Zombie creature token. [Card: Wilhelt, the Rotcleaver (301), Activator: Ai(3)-Wilhelt Zombies B3, SpellAbility: Wilhelt, the Rotcleaver - Creature 3 / 3]
Resolve Stack: Wilhelt, the Rotcleaver - Creature 3 / 3
Phase: Ai(3)-Wilhelt Zombies B3's Beginning of Combat Step
Phase: Ai(3)-Wilhelt Zombies B3's Declare Attackers Step
Combat: Ai(3)-Wilhelt Zombies B3 assigned Diregraf Colossus (223) and Zombie Token (422) to attack Ai(4)-Wyleth Voltron B3.
Phase: Ai(3)-Wilhelt Zombies B3's Declare Blockers Step
Combat: Ai(4)-Wyleth Voltron B3 didn't block Diregraf Colossus (223).
Ai(4)-Wyleth Voltron B3 didn't block Zombie Token (422).
Phase: Ai(3)-Wilhelt Zombies B3's First Strike Damage Step
Phase: Ai(3)-Wilhelt Zombies B3's Combat Damage Step
Replacement Effect: If a source would deal damage to a permanent or player, it deals double that damage to that permanent or player instead.
Replacement Effect: If a source would deal damage to a permanent or player, it deals double that damage to that permanent or player instead.
Replacement Effect: If a source would deal damage to a permanent or player, it deals double that damage to that permanent or player instead.
Replacement Effect: If a source would deal damage to a permanent or player, it deals double that damage to that permanent or player instead.
Damage: Diregraf Colossus (223) deals 8 combat damage to Ai(4)-Wyleth Voltron B3.
Damage: Zombie Token (422) deals 8 combat damage to Ai(4)-Wyleth Voltron B3.
Life: Life: Ai(4)-Wyleth Voltron B3 32 > 16
Phase: Ai(3)-Wilhelt Zombies B3's End of Combat Step
Phase: Ai(3)-Wilhelt Zombies B3's Main phase, postcombat
Phase: Ai(3)-Wilhelt Zombies B3's End step
Add To Stack: Ai(3)-Wilhelt Zombies B3 triggered Wilhelt, the Rotcleaver
Resolve Stack: At the beginning of your end step, you may sacrifice a Zombie. If you do, draw a card. [Phase: Ai(3)-Wilhelt Zombies B3]
Phase: Ai(3)-Wilhelt Zombies B3's Cleanup step
Turn: Turn 27 (Ai(4)-Wyleth Voltron B3)
Phase: Ai(4)-Wyleth Voltron B3's Untap step
Phase: Ai(4)-Wyleth Voltron B3's Upkeep step
Phase: Ai(4)-Wyleth Voltron B3's Draw step
Phase: Ai(4)-Wyleth Voltron B3's Main phase, precombat
Land: Ai(4)-Wyleth Voltron B3 played Mountain (391)
Phase: Ai(4)-Wyleth Voltron B3's Beginning of Combat Step
Add To Stack: Ai(4)-Wyleth Voltron B3 triggered Ardenn, Intrepid Archaeologist targeting [Ai(4)-Wyleth Voltron B3]
Resolve Stack: At the beginning of combat on your turn, you may attach any number of Auras and Equipment you control to target permanent or player. (Targeting: [[Ai(4)-Wyleth Voltron B3]]) [Phase: Ai(4)-Wyleth Voltron B3]
Phase: Ai(4)-Wyleth Voltron B3's Declare Attackers Step
Phase: Ai(4)-Wyleth Voltron B3's Declare Blockers Step
Phase: Ai(4)-Wyleth Voltron B3's First Strike Damage Step
Phase: Ai(4)-Wyleth Voltron B3's Combat Damage Step
Phase: Ai(4)-Wyleth Voltron B3's End of Combat Step
Mana: Plains (357) - {T}: Add {W}.
Mana: Mountain (378) - {T}: Add {R}.
Add To Stack: Ai(4)-Wyleth Voltron B3 activated Stoneforge Mystic
Resolve Stack: Stoneforge Mystic (316) - Ai(4)-Wyleth Voltron B3 puts an Equipment card from their hand onto the battlefield.
Add To Stack: Ai(4)-Wyleth Voltron B3 triggered Hammer of Nazahn targeting [Wyleth, Soul of Steel (402)]
Add To Stack: Ai(4)-Wyleth Voltron B3 triggered Maul of the Skyclaves targeting [Wyleth, Soul of Steel (402)]
Resolve Stack: When Maul of the Skyclaves enters, attach it to target creature you control. (Targeting: [[Wyleth, Soul of Steel (402)]]) [Zone Changer: Maul of the Skyclaves (340)]
Resolve Stack: Whenever Hammer of Nazahn or another Equipment you control enters, you may attach that Equipment to target creature you control. (Targeting: [[Wyleth, Soul of Steel (402)]]) [Zone Changer: Maul of the Skyclaves (340)]
Phase: Ai(4)-Wyleth Voltron B3's Main phase, postcombat
Mana: Mountain (385) - {T}: Add {R}.
Add To Stack: Ai(4)-Wyleth Voltron B3 cast Shadowspear
Resolve Stack: Shadowspear
Add To Stack: Ai(4)-Wyleth Voltron B3 triggered Hammer of Nazahn targeting [Stoneforge Mystic (316)]
Resolve Stack: Whenever Hammer of Nazahn or another Equipment you control enters, you may attach that Equipment to target creature you control. (Targeting: [[Stoneforge Mystic (316)]]) [Zone Changer: Shadowspear (312)]
Phase: Ai(4)-Wyleth Voltron B3's End step
Phase: Ai(4)-Wyleth Voltron B3's Cleanup step
Turn: Turn 28 (Ai(1)-Inspirit B3 v3)
Phase: Ai(1)-Inspirit B3 v3's Untap step
Phase: Ai(1)-Inspirit B3 v3's Upkeep step
Add To Stack: Ai(1)-Inspirit B3 v3 triggered Inventors' Fair
Life: Life: Ai(1)-Inspirit B3 v3 31 > 32
Resolve Stack: At the beginning of your upkeep, if you control three or more artifacts, you gain 1 life. [Phase: Ai(1)-Inspirit B3 v3]
Phase: Ai(1)-Inspirit B3 v3's Draw step
Phase: Ai(1)-Inspirit B3 v3's Main phase, precombat
Phase: Ai(1)-Inspirit B3 v3's Beginning of Combat Step
Phase: Ai(1)-Inspirit B3 v3's Declare Attackers Step
Phase: Ai(1)-Inspirit B3 v3's Declare Blockers Step
Phase: Ai(1)-Inspirit B3 v3's First Strike Damage Step
Phase: Ai(1)-Inspirit B3 v3's Combat Damage Step
Phase: Ai(1)-Inspirit B3 v3's End of Combat Step
Phase: Ai(1)-Inspirit B3 v3's Main phase, postcombat
Mana: Exotic Orchard (99) - {T}: Add one mana of any color that a land an opponent controls could produce.
Mana: Inventors' Fair (2) - {T}: Add {C}.
Mana: The Mycosynth Gardens (62) - {T}: Add {C}.
Mana: Solar Array (45) - {T}: Add one mana of any color. When you next cast an artifact spell this turn, that spell gains sunburst. (If it's a creature, it enters with a +1/+1 counter on it for each color of mana spent to cast it. Otherwise, it enters with that many charge counters on it.) 
Add To Stack: Ai(1)-Inspirit B3 v3 cast Empowered Autogenerator
Add To Stack: Ai(1)-Inspirit B3 v3 triggered Solar Array (45)'s Effect
Resolve Stack: When you next cast an artifact spell this turn, that spell gains sunburst. (If it's a creature, it enters with a +1/+1 counter on it for each color of mana spent to cast it. Otherwise, it enters with that many charge counters on it.) [Card: Empowered Autogenerator (60), Activator: Ai(1)-Inspirit B3 v3, SpellAbility: Empowered Autogenerator]
Replacement Effect: Empowered Autogenerator enters tapped.
Replacement Effect: Sunburst (This enters with either a +1/+1 or charge counter on it for each color of mana spent to cast it based on whether it's a creature.)
Resolve Stack: Empowered Autogenerator
Phase: Ai(1)-Inspirit B3 v3's End step
Phase: Ai(1)-Inspirit B3 v3's Cleanup step
Turn: Turn 29 (Ai(2)-Torbran Burn B3)
Phase: Ai(2)-Torbran Burn B3's Untap step
Phase: Ai(2)-Torbran Burn B3's Upkeep step
Phase: Ai(2)-Torbran Burn B3's Draw step
Phase: Ai(2)-Torbran Burn B3's Main phase, precombat
Mana: Mountain (175) - {T}: Add {R}.
Mana: Mountain (156) - {T}: Add {R}.
Discard: Ai(2)-Torbran Burn B3 discards Faithless Looting (134).
Add To Stack: Ai(2)-Torbran Burn B3 cast Tormenting Voice
Add To Stack: Ai(2)-Torbran Burn B3 triggered Firebrand Archer
Replacement Effect: If a source would deal damage to a permanent or player, it deals double that damage to that permanent or player instead.
Replacement Effect: If a red source you control would deal damage to an opponent or a permanent an opponent controls, it deals that much damage plus 2 instead.
Replacement Effect: If a source would deal damage to a permanent or player, it deals double that damage to that permanent or player instead.
Replacement Effect: If a source would deal damage to a permanent or player, it deals double that damage to that permanent or player instead.
Replacement Effect: If a red source you control would deal damage to an opponent or a permanent an opponent controls, it deals that much damage plus 2 instead.
Replacement Effect: If a source would deal damage to a permanent or player, it deals double that damage to that permanent or player instead.
Replacement Effect: If a source would deal damage to a permanent or player, it deals double that damage to that permanent or player instead.
Replacement Effect: If a red source you control would deal damage to an opponent or a permanent an opponent controls, it deals that much damage plus 2 instead.
Replacement Effect: If a source would deal damage to a permanent or player, it deals double that damage to that permanent or player instead.
Damage: Firebrand Archer (197) deals 8 non-combat damage to Ai(1)-Inspirit B3 v3.
Damage: Firebrand Archer (197) deals 8 non-combat damage to Ai(3)-Wilhelt Zombies B3.
Damage: Firebrand Archer (197) deals 8 non-combat damage to Ai(4)-Wyleth Voltron B3.
Life: Life: Ai(1)-Inspirit B3 v3 32 > 24
Life: Life: Ai(3)-Wilhelt Zombies B3 10 > 2
Life: Life: Ai(4)-Wyleth Voltron B3 16 > 8
Resolve Stack: Whenever you cast a noncreature spell, Firebrand Archer deals 1 damage to each opponent. [Card: Tormenting Voice (131), Activator: Ai(2)-Torbran Burn B3, SpellAbility: As an additional cost to cast this spell, discard a card. Draw two cards.]
Resolve Stack: Tormenting Voice (131) - Ai(2)-Torbran Burn B3 draws two cards.
Mana: Mountain (155) - {T}: Add {R}.
Add To Stack: Ai(2)-Torbran Burn B3 cast Sol Ring
Add To Stack: Ai(2)-Torbran Burn B3 triggered Firebrand Archer
Replacement Effect: If a source would deal damage to a permanent or player, it deals double that damage to that permanent or player instead.
Replacement Effect: If a red source you control would deal damage to an opponent or a permanent an opponent controls, it deals that much damage plus 2 instead.
Replacement Effect: If a source would deal damage to a permanent or player, it deals double that damage to that permanent or player instead.
Replacement Effect: If a source would deal damage to a permanent or player, it deals double that damage to that permanent or player instead.
Replacement Effect: If a red source you control would deal damage to an opponent or a permanent an opponent controls, it deals that much damage plus 2 instead.
Replacement Effect: If a source would deal damage to a permanent or player, it deals double that damage to that permanent or player instead.
Replacement Effect: If a source would deal damage to a permanent or player, it deals double that damage to that permanent or player instead.
Replacement Effect: If a red source you control would deal damage to an opponent or a permanent an opponent controls, it deals that much damage plus 2 instead.
Replacement Effect: If a source would deal damage to a permanent or player, it deals double that damage to that permanent or player instead.
Damage: Firebrand Archer (197) deals 8 non-combat damage to Ai(1)-Inspirit B3 v3.
Damage: Firebrand Archer (197) deals 8 non-combat damage to Ai(3)-Wilhelt Zombies B3.
Damage: Firebrand Archer (197) deals 8 non-combat damage to Ai(4)-Wyleth Voltron B3.
Life: Life: Ai(1)-Inspirit B3 v3 24 > 16
Life: Life: Ai(3)-Wilhelt Zombies B3 2 > -6
Life: Life: Ai(4)-Wyleth Voltron B3 8 > 0
Resolve Stack: Whenever you cast a noncreature spell, Firebrand Archer deals 1 damage to each opponent. [Card: Sol Ring (113), Activator: Ai(2)-Torbran Burn B3, SpellAbility: Sol Ring]
Resolve Stack: Sol Ring
Phase: Ai(2)-Torbran Burn B3's Beginning of Combat Step
Phase: Ai(2)-Torbran Burn B3's Declare Attackers Step
Combat: Ai(2)-Torbran Burn B3 assigned Firebrand Archer (197) and Torbran, Thane of Red Fell (201) to attack Ai(1)-Inspirit B3 v3.
Phase: Ai(2)-Torbran Burn B3's Declare Blockers Step
Combat: Ai(1)-Inspirit B3 v3 didn't block Firebrand Archer (197).
Ai(1)-Inspirit B3 v3 didn't block Torbran, Thane of Red Fell (201).
Phase: Ai(2)-Torbran Burn B3's First Strike Damage Step
Phase: Ai(2)-Torbran Burn B3's Combat Damage Step
Replacement Effect: If a source would deal damage to a permanent or player, it deals double that damage to that permanent or player instead.
Replacement Effect: If a source would deal damage to a permanent or player, it deals double that damage to that permanent or player instead.
Replacement Effect: If a red source you control would deal damage to an opponent or a permanent an opponent controls, it deals that much damage plus 2 instead.
Replacement Effect: If a red source you control would deal damage to an opponent or a permanent an opponent controls, it deals that much damage plus 2 instead.
Replacement Effect: If a source would deal damage to a permanent or player, it deals double that damage to that permanent or player instead.
Replacement Effect: If a source would deal damage to a permanent or player, it deals double that damage to that permanent or player instead.
Damage: Firebrand Archer (197) deals 12 combat damage to Ai(1)-Inspirit B3 v3.
Damage: Torbran, Thane of Red Fell (201) deals 12 combat damage to Ai(1)-Inspirit B3 v3.
Life: Life: Ai(1)-Inspirit B3 v3 16 > -8
Player Control: Ai(1)-Inspirit B3 v3 has restored control over themself
Player Control: Ai(2)-Torbran Burn B3 has restored control over themself
Player Control: Ai(3)-Wilhelt Zombies B3 has restored control over themself
Player Control: Ai(4)-Wyleth Voltron B3 has restored control over themself
Game Outcome: Turn 15
Game Outcome: Ai(1)-Inspirit B3 v3 has lost because life total reached 0
Game Outcome: Ai(2)-Torbran Burn B3 has won because all opponents have lost
Game Outcome: Ai(3)-Wilhelt Zombies B3 has lost because life total reached 0
Game Outcome: Ai(4)-Wyleth Voltron B3 has lost because life total reached 0
Match Result: Ai(1)-Inspirit B3 v3: 0 Ai(2)-Torbran Burn B3: 1 Ai(3)-Wilhelt Zombies B3: 0 Ai(4)-Wyleth Voltron B3: 0 

Game Result: Game 1 ended in 14203 ms. Ai(2)-Torbran Burn B3 has won!

Mulligan: Ai(1)-Inspirit B3 v3 has kept a hand of 7 cards
Mulligan: Ai(2)-Torbran Burn B3 has kept a hand of 7 cards
Mulligan: Ai(3)-Wilhelt Zombies B3 has kept a hand of 7 cards
Mulligan: Ai(4)-Wyleth Voltron B3 has kept a hand of 7 cards
Turn: Turn 1 (Ai(1)-Inspirit B3 v3)
Phase: Ai(1)-Inspirit B3 v3's Untap step
Phase: Ai(1)-Inspirit B3 v3's Upkeep step
Phase: Ai(1)-Inspirit B3 v3's Draw step
Phase: Ai(1)-Inspirit B3 v3's Main phase, precombat
Land: Ai(1)-Inspirit B3 v3 played Command Tower (8)
Phase: Ai(1)-Inspirit B3 v3's Beginning of Combat Step
Phase: Ai(1)-Inspirit B3 v3's Declare Attackers Step
Phase: Ai(1)-Inspirit B3 v3's Declare Blockers Step
Phase: Ai(1)-Inspirit B3 v3's First Strike Damage Step
Phase: Ai(1)-Inspirit B3 v3's Combat Damage Step
Phase: Ai(1)-Inspirit B3 v3's End of Combat Step
Phase: Ai(1)-Inspirit B3 v3's Main phase, postcombat
Phase: Ai(1)-Inspirit B3 v3's End step
Phase: Ai(1)-Inspirit B3 v3's Cleanup step
Turn: Turn 2 (Ai(2)-Torbran Burn B3)
Phase: Ai(2)-Torbran Burn B3's Untap step
Phase: Ai(2)-Torbran Burn B3's Upkeep step
Phase: Ai(2)-Torbran Burn B3's Draw step
Phase: Ai(2)-Torbran Burn B3's Main phase, precombat
Land: Ai(2)-Torbran Burn B3 played Mountain (187)
Phase: Ai(2)-Torbran Burn B3's Beginning of Combat Step
Phase: Ai(2)-Torbran Burn B3's Declare Attackers Step
Phase: Ai(2)-Torbran Burn B3's Declare Blockers Step
Phase: Ai(2)-Torbran Burn B3's First Strike Damage Step
Phase: Ai(2)-Torbran Burn B3's Combat Damage Step
Phase: Ai(2)-Torbran Burn B3's End of Combat Step
Phase: Ai(2)-Torbran Burn B3's Main phase, postcombat
Phase: Ai(2)-Torbran Burn B3's End step
Phase: Ai(2)-Torbran Burn B3's Cleanup step
Turn: Turn 3 (Ai(3)-Wilhelt Zombies B3)
Phase: Ai(3)-Wilhelt Zombies B3's Untap step
Phase: Ai(3)-Wilhelt Zombies B3's Upkeep step
Phase: Ai(3)-Wilhelt Zombies B3's Draw step
Phase: Ai(3)-Wilhelt Zombies B3's Main phase, precombat
Land: Ai(3)-Wilhelt Zombies B3 played Swamp (292)
Phase: Ai(3)-Wilhelt Zombies B3's Beginning of Combat Step
Phase: Ai(3)-Wilhelt Zombies B3's Declare Attackers Step
Phase: Ai(3)-Wilhelt Zombies B3's Declare Blockers Step
Phase: Ai(3)-Wilhelt Zombies B3's First Strike Damage Step
Phase: Ai(3)-Wilhelt Zombies B3's Combat Damage Step
Phase: Ai(3)-Wilhelt Zombies B3's End of Combat Step
Phase: Ai(3)-Wilhelt Zombies B3's Main phase, postcombat
Mana: Swamp (292) - {T}: Add {B}.
Add To Stack: Ai(3)-Wilhelt Zombies B3 cast Shambling Ghast
Resolve Stack: Shambling Ghast - Creature 1 / 1
Phase: Ai(3)-Wilhelt Zombies B3's End step
Phase: Ai(3)-Wilhelt Zombies B3's Cleanup step
Turn: Turn 4 (Ai(4)-Wyleth Voltron B3)
Phase: Ai(4)-Wyleth Voltron B3's Untap step
Phase: Ai(4)-Wyleth Voltron B3's Upkeep step
Phase: Ai(4)-Wyleth Voltron B3's Draw step
Phase: Ai(4)-Wyleth Voltron B3's Main phase, precombat
Land: Ai(4)-Wyleth Voltron B3 played Slayers' Stronghold (372)
Phase: Ai(4)-Wyleth Voltron B3's Beginning of Combat Step
Phase: Ai(4)-Wyleth Voltron B3's Declare Attackers Step
Phase: Ai(4)-Wyleth Voltron B3's Declare Blockers Step
Phase: Ai(4)-Wyleth Voltron B3's First Strike Damage Step
Phase: Ai(4)-Wyleth Voltron B3's Combat Damage Step
Phase: Ai(4)-Wyleth Voltron B3's End of Combat Step
Phase: Ai(4)-Wyleth Voltron B3's Main phase, postcombat
Phase: Ai(4)-Wyleth Voltron B3's End step
Phase: Ai(4)-Wyleth Voltron B3's Cleanup step
Turn: Turn 5 (Ai(1)-Inspirit B3 v3)
Phase: Ai(1)-Inspirit B3 v3's Untap step
Phase: Ai(1)-Inspirit B3 v3's Upkeep step
Phase: Ai(1)-Inspirit B3 v3's Draw step
Phase: Ai(1)-Inspirit B3 v3's Main phase, precombat
Land: Ai(1)-Inspirit B3 v3 played The Mycosynth Gardens (62)
Phase: Ai(1)-Inspirit B3 v3's Beginning of Combat Step
Phase: Ai(1)-Inspirit B3 v3's Declare Attackers Step
Phase: Ai(1)-Inspirit B3 v3's Declare Blockers Step
Phase: Ai(1)-Inspirit B3 v3's First Strike Damage Step
Phase: Ai(1)-Inspirit B3 v3's Combat Damage Step
Phase: Ai(1)-Inspirit B3 v3's End of Combat Step
Phase: Ai(1)-Inspirit B3 v3's Main phase, postcombat
Mana: Command Tower (8) - {T}: Add one mana of any color in your commander's color identity.
Mana: The Mycosynth Gardens (62) - {T}: Add {C}.
Add To Stack: Ai(1)-Inspirit B3 v3 cast Coretapper
Resolve Stack: Coretapper - Creature 1 / 1
Phase: Ai(1)-Inspirit B3 v3's End step
Phase: Ai(1)-Inspirit B3 v3's Cleanup step
Turn: Turn 6 (Ai(2)-Torbran Burn B3)
Phase: Ai(2)-Torbran Burn B3's Untap step
Phase: Ai(2)-Torbran Burn B3's Upkeep step
Phase: Ai(2)-Torbran Burn B3's Draw step
Phase: Ai(2)-Torbran Burn B3's Main phase, precombat
Land: Ai(2)-Torbran Burn B3 played Shivan Gorge (138)
Mana: Mountain (187) - {T}: Add {R}.
Mana: Shivan Gorge (138) - {T}: Add {C}.
Add To Stack: Ai(2)-Torbran Burn B3 cast Abrade
Zone Change: Coretapper (31) was put into Graveyard from Battlefield.
Resolve Stack: Abrade (137) -  Destroy target artifact. (Targeting: Coretapper (31))
Phase: Ai(2)-Torbran Burn B3's Beginning of Combat Step
Phase: Ai(2)-Torbran Burn B3's Declare Attackers Step
Phase: Ai(2)-Torbran Burn B3's Declare Blockers Step
Phase: Ai(2)-Torbran Burn B3's First Strike Damage Step
Phase: Ai(2)-Torbran Burn B3's Combat Damage Step
Phase: Ai(2)-Torbran Burn B3's End of Combat Step
Phase: Ai(2)-Torbran Burn B3's Main phase, postcombat
Phase: Ai(2)-Torbran Burn B3's End step
Phase: Ai(2)-Torbran Burn B3's Cleanup step
Turn: Turn 7 (Ai(3)-Wilhelt Zombies B3)
Phase: Ai(3)-Wilhelt Zombies B3's Untap step
Phase: Ai(3)-Wilhelt Zombies B3's Upkeep step
Phase: Ai(3)-Wilhelt Zombies B3's Draw step
Phase: Ai(3)-Wilhelt Zombies B3's Main phase, precombat
Land: Ai(3)-Wilhelt Zombies B3 played Island (246)
Phase: Ai(3)-Wilhelt Zombies B3's Beginning of Combat Step
Phase: Ai(3)-Wilhelt Zombies B3's Declare Attackers Step
Combat: Ai(3)-Wilhelt Zombies B3 assigned Shambling Ghast (238) to attack Ai(4)-Wyleth Voltron B3.
Phase: Ai(3)-Wilhelt Zombies B3's Declare Blockers Step
Combat: Ai(4)-Wyleth Voltron B3 didn't block Shambling Ghast (238).
Phase: Ai(3)-Wilhelt Zombies B3's First Strike Damage Step
Phase: Ai(3)-Wilhelt Zombies B3's Combat Damage Step
Damage: Shambling Ghast (238) deals 1 combat damage to Ai(4)-Wyleth Voltron B3.
Life: Life: Ai(4)-Wyleth Voltron B3 40 > 39
Phase: Ai(3)-Wilhelt Zombies B3's End of Combat Step
Phase: Ai(3)-Wilhelt Zombies B3's Main phase, postcombat
Phase: Ai(3)-Wilhelt Zombies B3's End step
Phase: Ai(3)-Wilhelt Zombies B3's Cleanup step
Turn: Turn 8 (Ai(4)-Wyleth Voltron B3)
Phase: Ai(4)-Wyleth Voltron B3's Untap step
Phase: Ai(4)-Wyleth Voltron B3's Upkeep step
Phase: Ai(4)-Wyleth Voltron B3's Draw step
Phase: Ai(4)-Wyleth Voltron B3's Main phase, precombat
Land: Ai(4)-Wyleth Voltron B3 played Mountain (378)
Phase: Ai(4)-Wyleth Voltron B3's Beginning of Combat Step
Phase: Ai(4)-Wyleth Voltron B3's Declare Attackers Step
Phase: Ai(4)-Wyleth Voltron B3's Declare Blockers Step
Phase: Ai(4)-Wyleth Voltron B3's First Strike Damage Step
Phase: Ai(4)-Wyleth Voltron B3's Combat Damage Step
Phase: Ai(4)-Wyleth Voltron B3's End of Combat Step
Phase: Ai(4)-Wyleth Voltron B3's Main phase, postcombat
Mana: Mountain (378) - {T}: Add {R}.
Mana: Slayers' Stronghold (372) - {T}: Add {C}.
Add To Stack: Ai(4)-Wyleth Voltron B3 cast Fellwar Stone
Resolve Stack: Fellwar Stone
Mana: Fellwar Stone (331) - {T}: Add one mana of any color that a land an opponent controls could produce.
Add To Stack: Ai(4)-Wyleth Voltron B3 cast Kitesail Apprentice
Resolve Stack: Kitesail Apprentice - Creature 1 / 1
Phase: Ai(4)-Wyleth Voltron B3's End step
Phase: Ai(4)-Wyleth Voltron B3's Cleanup step
Turn: Turn 9 (Ai(1)-Inspirit B3 v3)
Phase: Ai(1)-Inspirit B3 v3's Untap step
Phase: Ai(1)-Inspirit B3 v3's Upkeep step
Phase: Ai(1)-Inspirit B3 v3's Draw step
Phase: Ai(1)-Inspirit B3 v3's Main phase, precombat
Land: Ai(1)-Inspirit B3 v3 played Island (66)
Phase: Ai(1)-Inspirit B3 v3's Beginning of Combat Step
Phase: Ai(1)-Inspirit B3 v3's Declare Attackers Step
Phase: Ai(1)-Inspirit B3 v3's Declare Blockers Step
Phase: Ai(1)-Inspirit B3 v3's First Strike Damage Step
Phase: Ai(1)-Inspirit B3 v3's Combat Damage Step
Phase: Ai(1)-Inspirit B3 v3's End of Combat Step
Phase: Ai(1)-Inspirit B3 v3's Main phase, postcombat
Phase: Ai(1)-Inspirit B3 v3's End step
Phase: Ai(1)-Inspirit B3 v3's Cleanup step
Turn: Turn 10 (Ai(2)-Torbran Burn B3)
Phase: Ai(2)-Torbran Burn B3's Untap step
Phase: Ai(2)-Torbran Burn B3's Upkeep step
Phase: Ai(2)-Torbran Burn B3's Draw step
Phase: Ai(2)-Torbran Burn B3's Main phase, precombat
Land: Ai(2)-Torbran Burn B3 played Barbarian Ring (117)
Mana: Mountain (187) - {T}: Add {R}.
Mana: Shivan Gorge (138) - {T}: Add {C}.
Damage: Barbarian Ring (117) deals 1 non-combat damage to Ai(2)-Torbran Burn B3.
Life: Life: Ai(2)-Torbran Burn B3 40 > 39
Mana: Barbarian Ring (117) - {T}: Add {R}. Barbarian Ring deals 1 damage to you. 
Add To Stack: Ai(2)-Torbran Burn B3 cast Wheel of Misfortune
Discard: Ai(1)-Inspirit B3 v3 discards Tekuthal, Inquiry Dominus (30).
Discard: Ai(1)-Inspirit B3 v3 discards Cayth, Famed Mechanist (15).
Discard: Ai(1)-Inspirit B3 v3 discards Thought Monitor (95).
Discard: Ai(1)-Inspirit B3 v3 discards The Seriema (53).
Discard: Ai(1)-Inspirit B3 v3 discards All Will Be One (90).
Discard: Ai(1)-Inspirit B3 v3 discards Mountain (88).
Discard: Ai(3)-Wilhelt Zombies B3 discards Island (247).
Discard: Ai(3)-Wilhelt Zombies B3 discards Sign in Blood (261).
Discard: Ai(3)-Wilhelt Zombies B3 discards Island (254).
Discard: Ai(3)-Wilhelt Zombies B3 discards Diregraf Captain (219).
Discard: Ai(3)-Wilhelt Zombies B3 discards Swamp (277).
Discard: Ai(3)-Wilhelt Zombies B3 discards Go for the Throat (256).
Discard: Ai(4)-Wyleth Voltron B3 discards Temple of Triumph (376).
Discard: Ai(4)-Wyleth Voltron B3 discards Wear // Tear (306).
Discard: Ai(4)-Wyleth Voltron B3 discards Mountain (380).
Discard: Ai(4)-Wyleth Voltron B3 discards Mountain (391).
Discard: Ai(4)-Wyleth Voltron B3 discards Wrath of God (398).
Damage: Wheel of Misfortune (111) deals 39 non-combat damage to Ai(3)-Wilhelt Zombies B3.
Life: Life: Ai(3)-Wilhelt Zombies B3 40 > 1
Resolve Stack: Wheel of Misfortune (111) - Each player secretly chooses a number 0 or greater, then all players reveal those numbers simultaneously and determine the highest and lowest numbers revealed this way. Wheel of Misfortune deals damage equal to the highest number to each player who chose that number. Each player who didn't choose the lowest number discards their hand, then draws seven cards.
Phase: Ai(2)-Torbran Burn B3's Beginning of Combat Step
Phase: Ai(2)-Torbran Burn B3's Declare Attackers Step
Phase: Ai(2)-Torbran Burn B3's Declare Blockers Step
Phase: Ai(2)-Torbran Burn B3's First Strike Damage Step
Phase: Ai(2)-Torbran Burn B3's Combat Damage Step
Phase: Ai(2)-Torbran Burn B3's End of Combat Step
Phase: Ai(2)-Torbran Burn B3's Main phase, postcombat
Phase: Ai(2)-Torbran Burn B3's End step
Phase: Ai(2)-Torbran Burn B3's Cleanup step
Turn: Turn 11 (Ai(3)-Wilhelt Zombies B3)
Phase: Ai(3)-Wilhelt Zombies B3's Untap step
Phase: Ai(3)-Wilhelt Zombies B3's Upkeep step
Phase: Ai(3)-Wilhelt Zombies B3's Draw step
Phase: Ai(3)-Wilhelt Zombies B3's Main phase, precombat
Land: Ai(3)-Wilhelt Zombies B3 played Swamp (278)
Mana: Swamp (292) - {T}: Add {B}.
Mana: Swamp (278) - {T}: Add {B}.
Mana: Island (246) - {T}: Add {U}.
Add To Stack: Ai(3)-Wilhelt Zombies B3 cast Hero's Downfall targeting [Kitesail Apprentice (397)]
Zone Change: Kitesail Apprentice (397) was put into Graveyard from Battlefield.
Resolve Stack: Hero's Downfall (269) - Destroy Kitesail Apprentice (397).
Phase: Ai(3)-Wilhelt Zombies B3's Beginning of Combat Step
Phase: Ai(3)-Wilhelt Zombies B3's Declare Attackers Step
Combat: Ai(3)-Wilhelt Zombies B3 assigned Shambling Ghast (238) to attack Ai(4)-Wyleth Voltron B3.
Phase: Ai(3)-Wilhelt Zombies B3's Declare Blockers Step
Combat: Ai(4)-Wyleth Voltron B3 didn't block Shambling Ghast (238).
Phase: Ai(3)-Wilhelt Zombies B3's First Strike Damage Step
Phase: Ai(3)-Wilhelt Zombies B3's Combat Damage Step
Damage: Shambling Ghast (238) deals 1 combat damage to Ai(4)-Wyleth Voltron B3.
Life: Life: Ai(4)-Wyleth Voltron B3 39 > 38
Phase: Ai(3)-Wilhelt Zombies B3's End of Combat Step
Phase: Ai(3)-Wilhelt Zombies B3's Main phase, postcombat
Phase: Ai(3)-Wilhelt Zombies B3's End step
Phase: Ai(3)-Wilhelt Zombies B3's Cleanup step
Turn: Turn 12 (Ai(4)-Wyleth Voltron B3)
Phase: Ai(4)-Wyleth Voltron B3's Untap step
Phase: Ai(4)-Wyleth Voltron B3's Upkeep step
Phase: Ai(4)-Wyleth Voltron B3's Draw step
Phase: Ai(4)-Wyleth Voltron B3's Main phase, precombat
Replacement Effect: Clifftop Retreat enters tapped unless you control a Mountain or a Plains.
Land: Ai(4)-Wyleth Voltron B3 played Clifftop Retreat (330)
Mana: Fellwar Stone (331) - {T}: Add one mana of any color that a land an opponent controls could produce.
Mana: Mountain (378) - {T}: Add {R}.
Mana: Clifftop Retreat (330) - {T}: Add {R} or {W}.
Add To Stack: Ai(4)-Wyleth Voltron B3 cast Wyleth, Soul of Steel
Resolve Stack: Wyleth, Soul of Steel - Creature 2 / 2
Phase: Ai(4)-Wyleth Voltron B3's Beginning of Combat Step
Phase: Ai(4)-Wyleth Voltron B3's Declare Attackers Step
Phase: Ai(4)-Wyleth Voltron B3's Declare Blockers Step
Phase: Ai(4)-Wyleth Voltron B3's First Strike Damage Step
Phase: Ai(4)-Wyleth Voltron B3's Combat Damage Step
Phase: Ai(4)-Wyleth Voltron B3's End of Combat Step
Phase: Ai(4)-Wyleth Voltron B3's Main phase, postcombat
Phase: Ai(4)-Wyleth Voltron B3's End step
Phase: Ai(4)-Wyleth Voltron B3's Cleanup step
Turn: Turn 13 (Ai(1)-Inspirit B3 v3)
Phase: Ai(1)-Inspirit B3 v3's Untap step
Phase: Ai(1)-Inspirit B3 v3's Upkeep step
Phase: Ai(1)-Inspirit B3 v3's Draw step
Phase: Ai(1)-Inspirit B3 v3's Main phase, precombat
Replacement Effect: This land enters tapped unless you control two or more basic lands.
Land: Ai(1)-Inspirit B3 v3 played Radiant Summit (23)
Phase: Ai(1)-Inspirit B3 v3's Beginning of Combat Step
Phase: Ai(1)-Inspirit B3 v3's Declare Attackers Step
Phase: Ai(1)-Inspirit B3 v3's Declare Blockers Step
Phase: Ai(1)-Inspirit B3 v3's First Strike Damage Step
Phase: Ai(1)-Inspirit B3 v3's Combat Damage Step
Phase: Ai(1)-Inspirit B3 v3's End of Combat Step
Phase: Ai(1)-Inspirit B3 v3's Main phase, postcombat
Mana: Island (66) - {T}: Add {U}.
Mana: Command Tower (8) - {T}: Add one mana of any color in your commander's color identity.
Add To Stack: Ai(1)-Inspirit B3 v3 cast Walking Ballista
Replacement Effect: Walking Ballista enters with X +1/+1 counters on it.
Resolve Stack: Walking Ballista - Creature 0 / 0 (X=1)
Add To Stack: Ai(1)-Inspirit B3 v3 activated Walking Ballista targeting [Ai(3)-Wilhelt Zombies B3]
Zone Change: Walking Ballista (38) was put into Graveyard from Battlefield.
Damage: Walking Ballista (38) deals 1 non-combat damage to Ai(3)-Wilhelt Zombies B3.
Life: Life: Ai(3)-Wilhelt Zombies B3 1 > 0
Resolve Stack: Walking Ballista (38) - Walking Ballista (38) deals 1 damage to Ai(3)-Wilhelt Zombies B3.
Phase: Ai(1)-Inspirit B3 v3's End step
Phase: Ai(1)-Inspirit B3 v3's Cleanup step
Turn: Turn 14 (Ai(2)-Torbran Burn B3)
Phase: Ai(2)-Torbran Burn B3's Untap step
Phase: Ai(2)-Torbran Burn B3's Upkeep step
Phase: Ai(2)-Torbran Burn B3's Draw step
Phase: Ai(2)-Torbran Burn B3's Main phase, precombat
Land: Ai(2)-Torbran Burn B3 played Mountain (186)
Phase: Ai(2)-Torbran Burn B3's Beginning of Combat Step
Phase: Ai(2)-Torbran Burn B3's Declare Attackers Step
Phase: Ai(2)-Torbran Burn B3's Declare Blockers Step
Phase: Ai(2)-Torbran Burn B3's First Strike Damage Step
Phase: Ai(2)-Torbran Burn B3's Combat Damage Step
Phase: Ai(2)-Torbran Burn B3's End of Combat Step
Phase: Ai(2)-Torbran Burn B3's Main phase, postcombat
Mana: Mountain (187) - {T}: Add {R}.
Mana: Mountain (186) - {T}: Add {R}.
Damage: Barbarian Ring (117) deals 1 non-combat damage to Ai(2)-Torbran Burn B3.
Life: Life: Ai(2)-Torbran Burn B3 39 > 38
Mana: Barbarian Ring (117) - {T}: Add {R}. Barbarian Ring deals 1 damage to you. 
Mana: Shivan Gorge (138) - {T}: Add {C}.
Add To Stack: Ai(2)-Torbran Burn B3 cast Torbran, Thane of Red Fell
Resolve Stack: Torbran, Thane of Red Fell - Creature 2 / 4
Phase: Ai(2)-Torbran Burn B3's End step
Phase: Ai(2)-Torbran Burn B3's Cleanup step
Turn: Turn 15 (Ai(4)-Wyleth Voltron B3)
Phase: Ai(4)-Wyleth Voltron B3's Untap step
Phase: Ai(4)-Wyleth Voltron B3's Upkeep step
Phase: Ai(4)-Wyleth Voltron B3's Draw step
Mana: Fellwar Stone (331) - {T}: Add one mana of any color that a land an opponent controls could produce.
Mana: Mountain (378) - {T}: Add {R}.
Add To Stack: Ai(4)-Wyleth Voltron B3 cast Boros Charm
Resolve Stack: Boros Charm (374) -  Permanents you control gain indestructible until end of turn.
Phase: Ai(4)-Wyleth Voltron B3's Main phase, precombat
Land: Ai(4)-Wyleth Voltron B3 played Mountain (382)
Mana: Mountain (382) - {T}: Add {R}.
Mana: Clifftop Retreat (330) - {T}: Add {R} or {W}.
Mana: Slayers' Stronghold (372) - {T}: Add {C}.
Add To Stack: Ai(4)-Wyleth Voltron B3 cast Fireshrieker
Resolve Stack: Fireshrieker
Phase: Ai(4)-Wyleth Voltron B3's Beginning of Combat Step
Phase: Ai(4)-Wyleth Voltron B3's Declare Attackers Step
Combat: Ai(4)-Wyleth Voltron B3 assigned Wyleth, Soul of Steel (402) to attack Ai(2)-Torbran Burn B3.
Add To Stack: Ai(4)-Wyleth Voltron B3 triggered Wyleth, Soul of Steel
Resolve Stack: Whenever Wyleth, Soul of Steel attacks, draw a card for each Aura and Equipment attached to it. [Attacker: Wyleth, Soul of Steel (402)]
Phase: Ai(4)-Wyleth Voltron B3's Declare Blockers Step
Combat: Ai(2)-Torbran Burn B3 assigned Torbran, Thane of Red Fell (201) to block Wyleth, Soul of Steel (402).
Phase: Ai(4)-Wyleth Voltron B3's First Strike Damage Step
Phase: Ai(4)-Wyleth Voltron B3's Combat Damage Step
Replacement Effect: If a red source you control would deal damage to an opponent or a permanent an opponent controls, it deals that much damage plus 2 instead.
Damage: Wyleth, Soul of Steel (402) deals 2 damage to Torbran, Thane of Red Fell (201).
Damage: Torbran, Thane of Red Fell (201) deals 4 damage to Wyleth, Soul of Steel (402).
Phase: Ai(4)-Wyleth Voltron B3's End of Combat Step
Phase: Ai(4)-Wyleth Voltron B3's Main phase, postcombat
Phase: Ai(4)-Wyleth Voltron B3's End step
Phase: Ai(4)-Wyleth Voltron B3's Cleanup step
Turn: Turn 16 (Ai(1)-Inspirit B3 v3)
Phase: Ai(1)-Inspirit B3 v3's Untap step
Phase: Ai(1)-Inspirit B3 v3's Upkeep step
Phase: Ai(1)-Inspirit B3 v3's Draw step
Phase: Ai(1)-Inspirit B3 v3's Main phase, precombat
Land: Ai(1)-Inspirit B3 v3 played Adarkar Wastes (97)
Phase: Ai(1)-Inspirit B3 v3's Beginning of Combat Step
Phase: Ai(1)-Inspirit B3 v3's Declare Attackers Step
Phase: Ai(1)-Inspirit B3 v3's Declare Blockers Step
Phase: Ai(1)-Inspirit B3 v3's First Strike Damage Step
Phase: Ai(1)-Inspirit B3 v3's Combat Damage Step
Phase: Ai(1)-Inspirit B3 v3's End of Combat Step
Phase: Ai(1)-Inspirit B3 v3's Main phase, postcombat
Mana: Island (66) - {T}: Add {U}.
Mana: Command Tower (8) - {T}: Add one mana of any color in your commander's color identity.
Mana: Radiant Summit (23) - {T}: Add {R}.
Mana: Adarkar Wastes (97) - {T}: Add {C}.
Mana: The Mycosynth Gardens (62) - {T}: Add {C}.
Add To Stack: Ai(1)-Inspirit B3 v3 cast Inexorable Tide
Resolve Stack: Inexorable Tide
Phase: Ai(1)-Inspirit B3 v3's End step
Phase: Ai(1)-Inspirit B3 v3's Cleanup step
Turn: Turn 17 (Ai(2)-Torbran Burn B3)
Phase: Ai(2)-Torbran Burn B3's Untap step
Phase: Ai(2)-Torbran Burn B3's Upkeep step
Phase: Ai(2)-Torbran Burn B3's Draw step
Phase: Ai(2)-Torbran Burn B3's Main phase, precombat
Land: Ai(2)-Torbran Burn B3 played Mountain (172)
Phase: Ai(2)-Torbran Burn B3's Beginning of Combat Step
Phase: Ai(2)-Torbran Burn B3's Declare Attackers Step
Combat: Ai(2)-Torbran Burn B3 assigned Torbran, Thane of Red Fell (201) to attack Ai(4)-Wyleth Voltron B3.
Phase: Ai(2)-Torbran Burn B3's Declare Blockers Step
Combat: Ai(4)-Wyleth Voltron B3 didn't block Torbran, Thane of Red Fell (201).
Phase: Ai(2)-Torbran Burn B3's First Strike Damage Step
Phase: Ai(2)-Torbran Burn B3's Combat Damage Step
Replacement Effect: If a red source you control would deal damage to an opponent or a permanent an opponent controls, it deals that much damage plus 2 instead.
Damage: Torbran, Thane of Red Fell (201) deals 4 combat damage to Ai(4)-Wyleth Voltron B3.
Life: Life: Ai(4)-Wyleth Voltron B3 38 > 34
Phase: Ai(2)-Torbran Burn B3's End of Combat Step
Phase: Ai(2)-Torbran Burn B3's Main phase, postcombat
Mana: Mountain (187) - {T}: Add {R}.
Mana: Mountain (186) - {T}: Add {R}.
Mana: Mountain (172) - {T}: Add {R}.
Add To Stack: Ai(2)-Torbran Burn B3 cast Repercussion
Resolve Stack: Repercussion
Damage: Barbarian Ring (117) deals 1 non-combat damage to Ai(2)-Torbran Burn B3.
Life: Life: Ai(2)-Torbran Burn B3 38 > 37
Mana: Barbarian Ring (117) - {T}: Add {R}. Barbarian Ring deals 1 damage to you. 
Mana: Shivan Gorge (138) - {T}: Add {C}.
Discard: Ai(2)-Torbran Burn B3 discards Mountain (150).
Discard: Ai(2)-Torbran Burn B3 discards Mountain (185).
Add To Stack: Ai(2)-Torbran Burn B3 cast Cathartic Reunion
Resolve Stack: Cathartic Reunion (109) - Ai(2)-Torbran Burn B3 draws three cards.
Phase: Ai(2)-Torbran Burn B3's End step
Phase: Ai(2)-Torbran Burn B3's Cleanup step
Turn: Turn 18 (Ai(4)-Wyleth Voltron B3)
Phase: Ai(4)-Wyleth Voltron B3's Untap step
Phase: Ai(4)-Wyleth Voltron B3's Upkeep step
Phase: Ai(4)-Wyleth Voltron B3's Draw step
Phase: Ai(4)-Wyleth Voltron B3's Main phase, precombat
Land: Ai(4)-Wyleth Voltron B3 played Mountain (379)
Mana: Fellwar Stone (331) - {T}: Add one mana of any color that a land an opponent controls could produce.
Mana: Clifftop Retreat (330) - {T}: Add {R} or {W}.
Add To Stack: Ai(4)-Wyleth Voltron B3 cast Puresteel Paladin
Resolve Stack: Puresteel Paladin - Creature 2 / 2
Mana: Mountain (378) - {T}: Add {R}.
Mana: Mountain (382) - {T}: Add {R}.
Add To Stack: Ai(4)-Wyleth Voltron B3 activated Fireshrieker targeting [Wyleth, Soul of Steel (402)]
Resolve Stack: Fireshrieker (349) -  Attach to Wyleth, Soul of Steel (402)
Mana: Mountain (379) - {T}: Add {R}.
Add To Stack: Ai(4)-Wyleth Voltron B3 cast Colossus Hammer
Resolve Stack: Colossus Hammer
Add To Stack: Ai(4)-Wyleth Voltron B3 triggered Puresteel Paladin
Resolve Stack: Whenever an Equipment you control enters, you may draw a card. [Zone Changer: Colossus Hammer (333)]
Add To Stack: Ai(4)-Wyleth Voltron B3 activated Colossus Hammer targeting [Wyleth, Soul of Steel (402)]
Resolve Stack: Colossus Hammer (333) -  Attach to Wyleth, Soul of Steel (402)
Phase: Ai(4)-Wyleth Voltron B3's Beginning of Combat Step
Phase: Ai(4)-Wyleth Voltron B3's Declare Attackers Step
Combat: Ai(4)-Wyleth Voltron B3 assigned Wyleth, Soul of Steel (402) to attack Ai(2)-Torbran Burn B3.
Add To Stack: Ai(4)-Wyleth Voltron B3 triggered Wyleth, Soul of Steel
Resolve Stack: Whenever Wyleth, Soul of Steel attacks, draw a card for each Aura and Equipment attached to it. [Attacker: Wyleth, Soul of Steel (402)]
Phase: Ai(4)-Wyleth Voltron B3's Declare Blockers Step
Combat: Ai(2)-Torbran Burn B3 didn't block Wyleth, Soul of Steel (402).
Phase: Ai(4)-Wyleth Voltron B3's First Strike Damage Step
Damage: Wyleth, Soul of Steel (402) deals 12 combat damage to Ai(2)-Torbran Burn B3.
Life: Life: Ai(2)-Torbran Burn B3 37 > 25
Phase: Ai(4)-Wyleth Voltron B3's Combat Damage Step
Damage: Wyleth, Soul of Steel (402) deals 12 combat damage to Ai(2)-Torbran Burn B3.
Life: Life: Ai(2)-Torbran Burn B3 25 > 13
Phase: Ai(4)-Wyleth Voltron B3's End of Combat Step
Phase: Ai(4)-Wyleth Voltron B3's Main phase, postcombat
Phase: Ai(4)-Wyleth Voltron B3's End step
Phase: Ai(4)-Wyleth Voltron B3's Cleanup step
Turn: Turn 19 (Ai(1)-Inspirit B3 v3)
Phase: Ai(1)-Inspirit B3 v3's Untap step
Phase: Ai(1)-Inspirit B3 v3's Upkeep step
Phase: Ai(1)-Inspirit B3 v3's Draw step
Phase: Ai(1)-Inspirit B3 v3's Main phase, precombat
Land: Ai(1)-Inspirit B3 v3 played Cascade Bluffs (25)
Mana: Island (66) - {T}: Add {U}.
Mana: Radiant Summit (23) - {T}: Add {R}.
Mana: Command Tower (8) - {T}: Add one mana of any color in your commander's color identity.
Mana: Adarkar Wastes (97) - {T}: Add {C}.
Mana: Cascade Bluffs (25) - {T}: Add {C}.
Mana: The Mycosynth Gardens (62) - {T}: Add {C}.
Add To Stack: Ai(1)-Inspirit B3 v3 cast Kappa Cannoneer
Add To Stack: Ai(1)-Inspirit B3 v3 triggered Inexorable Tide
Resolve Stack: Whenever you cast a spell, proliferate. [Card: Kappa Cannoneer (98), Activator: Ai(1)-Inspirit B3 v3, SpellAbility: Kappa Cannoneer - Creature 4 / 4]
Resolve Stack: Kappa Cannoneer - Creature 4 / 4
Add To Stack: Ai(1)-Inspirit B3 v3 triggered Kappa Cannoneer
Resolve Stack: Whenever an artifact you control enters, put a +1/+1 counter on Kappa Cannoneer and it can't be blocked this turn. [Zone Changer: Kappa Cannoneer (98)]
Phase: Ai(1)-Inspirit B3 v3's Beginning of Combat Step
Phase: Ai(1)-Inspirit B3 v3's Declare Attackers Step
Phase: Ai(1)-Inspirit B3 v3's Declare Blockers Step
Phase: Ai(1)-Inspirit B3 v3's First Strike Damage Step
Phase: Ai(1)-Inspirit B3 v3's Combat Damage Step
Phase: Ai(1)-Inspirit B3 v3's End of Combat Step
Phase: Ai(1)-Inspirit B3 v3's Main phase, postcombat
Phase: Ai(1)-Inspirit B3 v3's End step
Phase: Ai(1)-Inspirit B3 v3's Cleanup step
Turn: Turn 20 (Ai(4)-Wyleth Voltron B3)
Phase: Ai(4)-Wyleth Voltron B3's Untap step
Phase: Ai(4)-Wyleth Voltron B3's Upkeep step
Phase: Ai(4)-Wyleth Voltron B3's Draw step
Phase: Ai(4)-Wyleth Voltron B3's Main phase, precombat
Land: Ai(4)-Wyleth Voltron B3 played Plains (367)
Mana: Mountain (378) - {T}: Add {R}.
Mana: Fellwar Stone (331) - {T}: Add one mana of any color that a land an opponent controls could produce.
Mana: Mountain (382) - {T}: Add {R}.
Add To Stack: Ai(4)-Wyleth Voltron B3 cast Sword of Hearth and Home
Resolve Stack: Sword of Hearth and Home
Add To Stack: Ai(4)-Wyleth Voltron B3 triggered Puresteel Paladin
Resolve Stack: Whenever an Equipment you control enters, you may draw a card. [Zone Changer: Sword of Hearth and Home (395)]
Add To Stack: Ai(4)-Wyleth Voltron B3 activated Sword of Hearth and Home targeting [Wyleth, Soul of Steel (402)]
Resolve Stack: Sword of Hearth and Home (395) -  Attach to Wyleth, Soul of Steel (402)
Mana: Mountain (379) - {T}: Add {R}.
Mana: Plains (367) - {T}: Add {W}.
Add To Stack: Ai(4)-Wyleth Voltron B3 cast Mask of Memory
Resolve Stack: Mask of Memory
Add To Stack: Ai(4)-Wyleth Voltron B3 triggered Puresteel Paladin
Resolve Stack: Whenever an Equipment you control enters, you may draw a card. [Zone Changer: Mask of Memory (342)]
Add To Stack: Ai(4)-Wyleth Voltron B3 activated Mask of Memory targeting [Wyleth, Soul of Steel (402)]
Resolve Stack: Mask of Memory (342) -  Attach to Wyleth, Soul of Steel (402)
Phase: Ai(4)-Wyleth Voltron B3's Beginning of Combat Step
Phase: Ai(4)-Wyleth Voltron B3's Declare Attackers Step
Combat: Ai(4)-Wyleth Voltron B3 assigned Wyleth, Soul of Steel (402) to attack Ai(1)-Inspirit B3 v3.
Add To Stack: Ai(4)-Wyleth Voltron B3 triggered Wyleth, Soul of Steel
Resolve Stack: Whenever Wyleth, Soul of Steel attacks, draw a card for each Aura and Equipment attached to it. [Attacker: Wyleth, Soul of Steel (402)]
Phase: Ai(4)-Wyleth Voltron B3's Declare Blockers Step
Combat: Ai(1)-Inspirit B3 v3 assigned Kappa Cannoneer (98) to block Wyleth, Soul of Steel (402).
Phase: Ai(4)-Wyleth Voltron B3's First Strike Damage Step
Damage: Wyleth, Soul of Steel (402) deals 9 combat damage to Ai(1)-Inspirit B3 v3.
Damage: Wyleth, Soul of Steel (402) deals 5 damage to Kappa Cannoneer (98).
Life: Life: Ai(1)-Inspirit B3 v3 40 > 31
Zone Change: Kappa Cannoneer (98) was put into Graveyard from Battlefield.
Add To Stack: Ai(4)-Wyleth Voltron B3 triggered Sword of Hearth and Home targeting []
Add To Stack: Ai(4)-Wyleth Voltron B3 triggered Mask of Memory
Discard: Ai(4)-Wyleth Voltron B3 discards Plains (364).
Resolve Stack: Whenever equipped creature deals combat damage to a player, you may draw two cards. If you do, discard a card. [Damage Source: Wyleth, Soul of Steel (402), Damaged: Ai(1)-Inspirit B3 v3, Amount: 9]
Resolve Stack: Whenever equipped creature deals combat damage to a player, exile up to one target creature you own, then search your library for a basic land card. Put both cards onto the battlefield under your control, then shuffle. (Targeting: [[]]) [Damage Source: Wyleth, Soul of Steel (402), Damaged: Ai(1)-Inspirit B3 v3, Amount: 9]
Phase: Ai(4)-Wyleth Voltron B3's Combat Damage Step
Damage: Wyleth, Soul of Steel (402) deals 14 combat damage to Ai(1)-Inspirit B3 v3.
Life: Life: Ai(1)-Inspirit B3 v3 31 > 17
Player Control: Ai(1)-Inspirit B3 v3 has restored control over themself
Player Control: Ai(2)-Torbran Burn B3 has restored control over themself
Player Control: Ai(3)-Wilhelt Zombies B3 has restored control over themself
Player Control: Ai(4)-Wyleth Voltron B3 has restored control over themself
Game Outcome: Turn 10
Game Outcome: Ai(1)-Inspirit B3 v3 has lost due to accumulation of 21 damage from generals
Game Outcome: Ai(2)-Torbran Burn B3 has lost due to accumulation of 21 damage from generals
Game Outcome: Ai(3)-Wilhelt Zombies B3 has lost because life total reached 0
Game Outcome: Ai(4)-Wyleth Voltron B3 has won because all opponents have lost
Match Result: Ai(1)-Inspirit B3 v3: 0 Ai(2)-Torbran Burn B3: 1 Ai(3)-Wilhelt Zombies B3: 0 Ai(4)-Wyleth Voltron B3: 1 

Game Result: Game 2 ended in 5037 ms. Ai(4)-Wyleth Voltron B3 has won!

Warning: default (ie. inherited from base class) implementation of confirmAction is used by Torbran, Thane of Red Fell for forge.ai.ability.PermanentCreatureAi. Consider declaring an overloaded method
Warning: default (ie. inherited from base class) implementation of confirmAction is used by Torbran, Thane of Red Fell for forge.ai.ability.PermanentCreatureAi. Consider declaring an overloaded method
Warning: default (ie. inherited from base class) implementation of confirmAction is used by Wilhelt, the Rotcleaver for forge.ai.ability.PermanentCreatureAi. Consider declaring an overloaded method
Warning: default (ie. inherited from base class) implementation of confirmAction is used by Wyleth, Soul of Steel for forge.ai.ability.PermanentCreatureAi. Consider declaring an overloaded method
Mulligan: Ai(1)-Inspirit B3 v3 has mulliganed down to 7 cards.
Mulligan: Ai(3)-Wilhelt Zombies B3 has mulliganed down to 7 cards.
Mulligan: Ai(3)-Wilhelt Zombies B3 has mulliganed down to 6 cards.
Mulligan: Ai(3)-Wilhelt Zombies B3 has mulliganed down to 5 cards.
Mulligan: Ai(1)-Inspirit B3 v3 has kept a hand of 7 cards
Mulligan: Ai(2)-Torbran Burn B3 has kept a hand of 7 cards
Mulligan: Ai(3)-Wilhelt Zombies B3 has kept a hand of 5 cards
Mulligan: Ai(4)-Wyleth Voltron B3 has kept a hand of 7 cards
Turn: Turn 1 (Ai(1)-Inspirit B3 v3)
Phase: Ai(1)-Inspirit B3 v3's Untap step
Phase: Ai(1)-Inspirit B3 v3's Upkeep step
Phase: Ai(1)-Inspirit B3 v3's Draw step
Phase: Ai(1)-Inspirit B3 v3's Main phase, precombat
Replacement Effect: Sulfur Falls enters tapped unless you control an Island or a Mountain.
Land: Ai(1)-Inspirit B3 v3 played Sulfur Falls (21)
Phase: Ai(1)-Inspirit B3 v3's Beginning of Combat Step
Phase: Ai(1)-Inspirit B3 v3's Declare Attackers Step
Phase: Ai(1)-Inspirit B3 v3's Declare Blockers Step
Phase: Ai(1)-Inspirit B3 v3's First Strike Damage Step
Phase: Ai(1)-Inspirit B3 v3's Combat Damage Step
Phase: Ai(1)-Inspirit B3 v3's End of Combat Step
Phase: Ai(1)-Inspirit B3 v3's Main phase, postcombat
Phase: Ai(1)-Inspirit B3 v3's End step
Phase: Ai(1)-Inspirit B3 v3's Cleanup step
Turn: Turn 2 (Ai(2)-Torbran Burn B3)
Phase: Ai(2)-Torbran Burn B3's Untap step
Phase: Ai(2)-Torbran Burn B3's Upkeep step
Phase: Ai(2)-Torbran Burn B3's Draw step
Phase: Ai(2)-Torbran Burn B3's Main phase, precombat
Land: Ai(2)-Torbran Burn B3 played Ramunap Ruins (122)
Phase: Ai(2)-Torbran Burn B3's Beginning of Combat Step
Phase: Ai(2)-Torbran Burn B3's Declare Attackers Step
Phase: Ai(2)-Torbran Burn B3's Declare Blockers Step
Phase: Ai(2)-Torbran Burn B3's First Strike Damage Step
Phase: Ai(2)-Torbran Burn B3's Combat Damage Step
Phase: Ai(2)-Torbran Burn B3's End of Combat Step
Phase: Ai(2)-Torbran Burn B3's Main phase, postcombat
Phase: Ai(2)-Torbran Burn B3's End step
Phase: Ai(2)-Torbran Burn B3's Cleanup step
Turn: Turn 3 (Ai(3)-Wilhelt Zombies B3)
Phase: Ai(3)-Wilhelt Zombies B3's Untap step
Phase: Ai(3)-Wilhelt Zombies B3's Upkeep step
Phase: Ai(3)-Wilhelt Zombies B3's Draw step
Phase: Ai(3)-Wilhelt Zombies B3's Main phase, precombat
Replacement Effect: As Watery Grave enters, you may pay 2 life. If you don't, it enters tapped.
Land: Ai(3)-Wilhelt Zombies B3 played Watery Grave (207)
Phase: Ai(3)-Wilhelt Zombies B3's Beginning of Combat Step
Phase: Ai(3)-Wilhelt Zombies B3's Declare Attackers Step
Phase: Ai(3)-Wilhelt Zombies B3's Declare Blockers Step
Phase: Ai(3)-Wilhelt Zombies B3's First Strike Damage Step
Phase: Ai(3)-Wilhelt Zombies B3's Combat Damage Step
Phase: Ai(3)-Wilhelt Zombies B3's End of Combat Step
Phase: Ai(3)-Wilhelt Zombies B3's Main phase, postcombat
Phase: Ai(3)-Wilhelt Zombies B3's End step
Phase: Ai(3)-Wilhelt Zombies B3's Cleanup step
Turn: Turn 4 (Ai(4)-Wyleth Voltron B3)
Phase: Ai(4)-Wyleth Voltron B3's Untap step
Phase: Ai(4)-Wyleth Voltron B3's Upkeep step
Phase: Ai(4)-Wyleth Voltron B3's Draw step
Phase: Ai(4)-Wyleth Voltron B3's Main phase, precombat
Land: Ai(4)-Wyleth Voltron B3 played Plains (368)
Phase: Ai(4)-Wyleth Voltron B3's Beginning of Combat Step
Phase: Ai(4)-Wyleth Voltron B3's Declare Attackers Step
Phase: Ai(4)-Wyleth Voltron B3's Declare Blockers Step
Phase: Ai(4)-Wyleth Voltron B3's First Strike Damage Step
Phase: Ai(4)-Wyleth Voltron B3's Combat Damage Step
Phase: Ai(4)-Wyleth Voltron B3's End of Combat Step
Phase: Ai(4)-Wyleth Voltron B3's Main phase, postcombat
Mana: Plains (368) - {T}: Add {W}.
Add To Stack: Ai(4)-Wyleth Voltron B3 cast Bloodforged Battle-Axe
Resolve Stack: Bloodforged Battle-Axe
Phase: Ai(4)-Wyleth Voltron B3's End step
Phase: Ai(4)-Wyleth Voltron B3's Cleanup step
Turn: Turn 5 (Ai(1)-Inspirit B3 v3)
Phase: Ai(1)-Inspirit B3 v3's Untap step
Phase: Ai(1)-Inspirit B3 v3's Upkeep step
Phase: Ai(1)-Inspirit B3 v3's Draw step
Phase: Ai(1)-Inspirit B3 v3's Main phase, precombat
Land: Ai(1)-Inspirit B3 v3 played Skycloud Expanse (81)
Phase: Ai(1)-Inspirit B3 v3's Beginning of Combat Step
Phase: Ai(1)-Inspirit B3 v3's Declare Attackers Step
Phase: Ai(1)-Inspirit B3 v3's Declare Blockers Step
Phase: Ai(1)-Inspirit B3 v3's First Strike Damage Step
Phase: Ai(1)-Inspirit B3 v3's Combat Damage Step
Phase: Ai(1)-Inspirit B3 v3's End of Combat Step
Phase: Ai(1)-Inspirit B3 v3's Main phase, postcombat
Phase: Ai(1)-Inspirit B3 v3's End step
Phase: Ai(1)-Inspirit B3 v3's Cleanup step
Turn: Turn 6 (Ai(2)-Torbran Burn B3)
Phase: Ai(2)-Torbran Burn B3's Untap step
Phase: Ai(2)-Torbran Burn B3's Upkeep step
Phase: Ai(2)-Torbran Burn B3's Draw step
Phase: Ai(2)-Torbran Burn B3's Main phase, precombat
Land: Ai(2)-Torbran Burn B3 played Mountain (177)
Mana: Mountain (177) - {T}: Add {R}.
Add To Stack: Ai(2)-Torbran Burn B3 cast Vandalblast targeting [Bloodforged Battle-Axe (334)]
Zone Change: Bloodforged Battle-Axe (334) was put into Graveyard from Battlefield.
Resolve Stack: Vandalblast (143) - Destroy Bloodforged Battle-Axe (334).
Phase: Ai(2)-Torbran Burn B3's Beginning of Combat Step
Phase: Ai(2)-Torbran Burn B3's Declare Attackers Step
Phase: Ai(2)-Torbran Burn B3's Declare Blockers Step
Phase: Ai(2)-Torbran Burn B3's First Strike Damage Step
Phase: Ai(2)-Torbran Burn B3's Combat Damage Step
Phase: Ai(2)-Torbran Burn B3's End of Combat Step
Phase: Ai(2)-Torbran Burn B3's Main phase, postcombat
Phase: Ai(2)-Torbran Burn B3's End step
Phase: Ai(2)-Torbran Burn B3's Cleanup step
Turn: Turn 7 (Ai(3)-Wilhelt Zombies B3)
Phase: Ai(3)-Wilhelt Zombies B3's Untap step
Phase: Ai(3)-Wilhelt Zombies B3's Upkeep step
Phase: Ai(3)-Wilhelt Zombies B3's Draw step
Phase: Ai(3)-Wilhelt Zombies B3's Main phase, precombat
Land: Ai(3)-Wilhelt Zombies B3 played Unholy Grotto (218)
Phase: Ai(3)-Wilhelt Zombies B3's Beginning of Combat Step
Phase: Ai(3)-Wilhelt Zombies B3's Declare Attackers Step
Phase: Ai(3)-Wilhelt Zombies B3's Declare Blockers Step
Phase: Ai(3)-Wilhelt Zombies B3's First Strike Damage Step
Phase: Ai(3)-Wilhelt Zombies B3's Combat Damage Step
Phase: Ai(3)-Wilhelt Zombies B3's End of Combat Step
Phase: Ai(3)-Wilhelt Zombies B3's Main phase, postcombat
Phase: Ai(3)-Wilhelt Zombies B3's End step
Phase: Ai(3)-Wilhelt Zombies B3's Cleanup step
Turn: Turn 8 (Ai(4)-Wyleth Voltron B3)
Phase: Ai(4)-Wyleth Voltron B3's Untap step
Phase: Ai(4)-Wyleth Voltron B3's Upkeep step
Phase: Ai(4)-Wyleth Voltron B3's Draw step
Phase: Ai(4)-Wyleth Voltron B3's Main phase, precombat
Replacement Effect: Wind-Scarred Crag enters tapped.
Land: Ai(4)-Wyleth Voltron B3 played Wind-Scarred Crag (332)
Add To Stack: Ai(4)-Wyleth Voltron B3 triggered Wind-Scarred Crag
Life: Life: Ai(4)-Wyleth Voltron B3 40 > 41
Resolve Stack: When Wind-Scarred Crag enters, you gain 1 life. [Zone Changer: Wind-Scarred Crag (332)]
Phase: Ai(4)-Wyleth Voltron B3's Beginning of Combat Step
Phase: Ai(4)-Wyleth Voltron B3's Declare Attackers Step
Phase: Ai(4)-Wyleth Voltron B3's Declare Blockers Step
Phase: Ai(4)-Wyleth Voltron B3's First Strike Damage Step
Phase: Ai(4)-Wyleth Voltron B3's Combat Damage Step
Phase: Ai(4)-Wyleth Voltron B3's End of Combat Step
Phase: Ai(4)-Wyleth Voltron B3's Main phase, postcombat
Phase: Ai(4)-Wyleth Voltron B3's End step
Phase: Ai(4)-Wyleth Voltron B3's Cleanup step
Turn: Turn 9 (Ai(1)-Inspirit B3 v3)
Phase: Ai(1)-Inspirit B3 v3's Untap step
Phase: Ai(1)-Inspirit B3 v3's Upkeep step
Phase: Ai(1)-Inspirit B3 v3's Draw step
Phase: Ai(1)-Inspirit B3 v3's Main phase, precombat
Land: Ai(1)-Inspirit B3 v3 played Rugged Prairie (42)
Phase: Ai(1)-Inspirit B3 v3's Beginning of Combat Step
Phase: Ai(1)-Inspirit B3 v3's Declare Attackers Step
Phase: Ai(1)-Inspirit B3 v3's Declare Blockers Step
Phase: Ai(1)-Inspirit B3 v3's First Strike Damage Step
Phase: Ai(1)-Inspirit B3 v3's Combat Damage Step
Phase: Ai(1)-Inspirit B3 v3's End of Combat Step
Phase: Ai(1)-Inspirit B3 v3's Main phase, postcombat
Mana: Sulfur Falls (21) - {T}: Add {U} or {R}.
Mana: Rugged Prairie (42) - {T}: Add {C}.
Add To Stack: Ai(1)-Inspirit B3 v3 cast Moxite Refinery
Resolve Stack: Moxite Refinery
Phase: Ai(1)-Inspirit B3 v3's End step
Phase: Ai(1)-Inspirit B3 v3's Cleanup step
Turn: Turn 10 (Ai(2)-Torbran Burn B3)
Phase: Ai(2)-Torbran Burn B3's Untap step
Phase: Ai(2)-Torbran Burn B3's Upkeep step
Phase: Ai(2)-Torbran Burn B3's Draw step
Phase: Ai(2)-Torbran Burn B3's Main phase, precombat
Land: Ai(2)-Torbran Burn B3 played Mountain (167)
Phase: Ai(2)-Torbran Burn B3's Beginning of Combat Step
Phase: Ai(2)-Torbran Burn B3's Declare Attackers Step
Phase: Ai(2)-Torbran Burn B3's Declare Blockers Step
Phase: Ai(2)-Torbran Burn B3's First Strike Damage Step
Phase: Ai(2)-Torbran Burn B3's Combat Damage Step
Phase: Ai(2)-Torbran Burn B3's End of Combat Step
Phase: Ai(2)-Torbran Burn B3's Main phase, postcombat
Mana: Mountain (177) - {T}: Add {R}.
Mana: Mountain (167) - {T}: Add {R}.
Add To Stack: Ai(2)-Torbran Burn B3 cast Kessig Flamebreather
Resolve Stack: Kessig Flamebreather - Creature 1 / 3
Phase: Ai(2)-Torbran Burn B3's End step
Phase: Ai(2)-Torbran Burn B3's Cleanup step
Turn: Turn 11 (Ai(3)-Wilhelt Zombies B3)
Phase: Ai(3)-Wilhelt Zombies B3's Untap step
Phase: Ai(3)-Wilhelt Zombies B3's Upkeep step
Phase: Ai(3)-Wilhelt Zombies B3's Draw step
Phase: Ai(3)-Wilhelt Zombies B3's Main phase, precombat
Land: Ai(3)-Wilhelt Zombies B3 played Swamp (292)
Phase: Ai(3)-Wilhelt Zombies B3's Beginning of Combat Step
Phase: Ai(3)-Wilhelt Zombies B3's Declare Attackers Step
Phase: Ai(3)-Wilhelt Zombies B3's Declare Blockers Step
Phase: Ai(3)-Wilhelt Zombies B3's First Strike Damage Step
Phase: Ai(3)-Wilhelt Zombies B3's Combat Damage Step
Phase: Ai(3)-Wilhelt Zombies B3's End of Combat Step
Phase: Ai(3)-Wilhelt Zombies B3's Main phase, postcombat
Mana: Watery Grave (207) - {T}: Add {U}.
Mana: Swamp (292) - {T}: Add {B}.
Mana: Unholy Grotto (218) - {T}: Add {C}.
Add To Stack: Ai(3)-Wilhelt Zombies B3 cast Diregraf Captain
Resolve Stack: Diregraf Captain - Creature 2 / 2
Phase: Ai(3)-Wilhelt Zombies B3's End step
Phase: Ai(3)-Wilhelt Zombies B3's Cleanup step
Turn: Turn 12 (Ai(4)-Wyleth Voltron B3)
Phase: Ai(4)-Wyleth Voltron B3's Untap step
Phase: Ai(4)-Wyleth Voltron B3's Upkeep step
Phase: Ai(4)-Wyleth Voltron B3's Draw step
Phase: Ai(4)-Wyleth Voltron B3's Main phase, precombat
Land: Ai(4)-Wyleth Voltron B3 played Mountain (381)
Phase: Ai(4)-Wyleth Voltron B3's Beginning of Combat Step
Phase: Ai(4)-Wyleth Voltron B3's Declare Attackers Step
Phase: Ai(4)-Wyleth Voltron B3's Declare Blockers Step
Phase: Ai(4)-Wyleth Voltron B3's First Strike Damage Step
Phase: Ai(4)-Wyleth Voltron B3's Combat Damage Step
Phase: Ai(4)-Wyleth Voltron B3's End of Combat Step
Phase: Ai(4)-Wyleth Voltron B3's Main phase, postcombat
Mana: Plains (368) - {T}: Add {W}.
Mana: Mountain (381) - {T}: Add {R}.
Mana: Wind-Scarred Crag (332) - {T}: Add {R} or {W}.
Add To Stack: Ai(4)-Wyleth Voltron B3 cast Danitha Capashen, Paragon
Resolve Stack: Danitha Capashen, Paragon - Creature 2 / 2
Phase: Ai(4)-Wyleth Voltron B3's End step
Phase: Ai(4)-Wyleth Voltron B3's Cleanup step
Turn: Turn 13 (Ai(1)-Inspirit B3 v3)
Phase: Ai(1)-Inspirit B3 v3's Untap step
Phase: Ai(1)-Inspirit B3 v3's Upkeep step
Phase: Ai(1)-Inspirit B3 v3's Draw step
Phase: Ai(1)-Inspirit B3 v3's Main phase, precombat
Land: Ai(1)-Inspirit B3 v3 played Island (63)
Phase: Ai(1)-Inspirit B3 v3's Beginning of Combat Step
Phase: Ai(1)-Inspirit B3 v3's Declare Attackers Step
Phase: Ai(1)-Inspirit B3 v3's Declare Blockers Step
Phase: Ai(1)-Inspirit B3 v3's First Strike Damage Step
Phase: Ai(1)-Inspirit B3 v3's Combat Damage Step
Phase: Ai(1)-Inspirit B3 v3's End of Combat Step
Phase: Ai(1)-Inspirit B3 v3's Main phase, postcombat
Phase: Ai(1)-Inspirit B3 v3's End step
Phase: Ai(1)-Inspirit B3 v3's Cleanup step
Turn: Turn 14 (Ai(2)-Torbran Burn B3)
Phase: Ai(2)-Torbran Burn B3's Untap step
Phase: Ai(2)-Torbran Burn B3's Upkeep step
Phase: Ai(2)-Torbran Burn B3's Draw step
Phase: Ai(2)-Torbran Burn B3's Main phase, precombat
Land: Ai(2)-Torbran Burn B3 played Mountain (175)
Mana: Mountain (177) - {T}: Add {R}.
Mana: Mountain (167) - {T}: Add {R}.
Mana: Mountain (175) - {T}: Add {R}.
Mana: Ramunap Ruins (122) - {T}: Add {C}.
Add To Stack: Ai(2)-Torbran Burn B3 cast Torbran, Thane of Red Fell
Resolve Stack: Torbran, Thane of Red Fell - Creature 2 / 4
Phase: Ai(2)-Torbran Burn B3's Beginning of Combat Step
Phase: Ai(2)-Torbran Burn B3's Declare Attackers Step
Phase: Ai(2)-Torbran Burn B3's Declare Blockers Step
Phase: Ai(2)-Torbran Burn B3's First Strike Damage Step
Phase: Ai(2)-Torbran Burn B3's Combat Damage Step
Phase: Ai(2)-Torbran Burn B3's End of Combat Step
Phase: Ai(2)-Torbran Burn B3's Main phase, postcombat
Phase: Ai(2)-Torbran Burn B3's End step
Phase: Ai(2)-Torbran Burn B3's Cleanup step
Turn: Turn 15 (Ai(3)-Wilhelt Zombies B3)
Phase: Ai(3)-Wilhelt Zombies B3's Untap step
Phase: Ai(3)-Wilhelt Zombies B3's Upkeep step
Phase: Ai(3)-Wilhelt Zombies B3's Draw step
Phase: Ai(3)-Wilhelt Zombies B3's Main phase, precombat
Land: Ai(3)-Wilhelt Zombies B3 played Swamp (284)
Mana: Swamp (292) - {T}: Add {B}.
Mana: Swamp (284) - {T}: Add {B}.
Mana: Watery Grave (207) - {T}: Add {B}.
Add To Stack: Ai(3)-Wilhelt Zombies B3 cast Lord of the Accursed
Resolve Stack: Lord of the Accursed - Creature 2 / 3
Phase: Ai(3)-Wilhelt Zombies B3's Beginning of Combat Step
Phase: Ai(3)-Wilhelt Zombies B3's Declare Attackers Step
Combat: Ai(3)-Wilhelt Zombies B3 assigned Diregraf Captain (219) to attack Ai(2)-Torbran Burn B3.
Phase: Ai(3)-Wilhelt Zombies B3's Declare Blockers Step
Combat: Ai(2)-Torbran Burn B3 didn't block Diregraf Captain (219).
Phase: Ai(3)-Wilhelt Zombies B3's First Strike Damage Step
Phase: Ai(3)-Wilhelt Zombies B3's Combat Damage Step
Damage: Diregraf Captain (219) deals 3 combat damage to Ai(2)-Torbran Burn B3.
Life: Life: Ai(2)-Torbran Burn B3 40 > 37
Phase: Ai(3)-Wilhelt Zombies B3's End of Combat Step
Phase: Ai(3)-Wilhelt Zombies B3's Main phase, postcombat
Phase: Ai(3)-Wilhelt Zombies B3's End step
Phase: Ai(3)-Wilhelt Zombies B3's Cleanup step
Turn: Turn 16 (Ai(4)-Wyleth Voltron B3)
Phase: Ai(4)-Wyleth Voltron B3's Untap step
Phase: Ai(4)-Wyleth Voltron B3's Upkeep step
Phase: Ai(4)-Wyleth Voltron B3's Draw step
Phase: Ai(4)-Wyleth Voltron B3's Main phase, precombat
Land: Ai(4)-Wyleth Voltron B3 played Plains (363)
Mana: Mountain (381) - {T}: Add {R}.
Mana: Plains (368) - {T}: Add {W}.
Mana: Plains (363) - {T}: Add {W}.
Add To Stack: Ai(4)-Wyleth Voltron B3 cast Hammer of Nazahn
Resolve Stack: Hammer of Nazahn
Add To Stack: Ai(4)-Wyleth Voltron B3 triggered Hammer of Nazahn targeting [Danitha Capashen, Paragon (401)]
Resolve Stack: Whenever Hammer of Nazahn or another Equipment you control enters, you may attach that Equipment to target creature you control. (Targeting: [[Danitha Capashen, Paragon (401)]]) [Zone Changer: Hammer of Nazahn (308)]
Phase: Ai(4)-Wyleth Voltron B3's Beginning of Combat Step
Phase: Ai(4)-Wyleth Voltron B3's Declare Attackers Step
Combat: Ai(4)-Wyleth Voltron B3 assigned Danitha Capashen, Paragon (401) to attack Ai(3)-Wilhelt Zombies B3.
Phase: Ai(4)-Wyleth Voltron B3's Declare Blockers Step
Combat: Ai(3)-Wilhelt Zombies B3 didn't block Danitha Capashen, Paragon (401).
Phase: Ai(4)-Wyleth Voltron B3's First Strike Damage Step
Damage: Danitha Capashen, Paragon (401) deals 4 combat damage to Ai(3)-Wilhelt Zombies B3.
Life: Life: Ai(4)-Wyleth Voltron B3 41 > 45
Life: Life: Ai(3)-Wilhelt Zombies B3 40 > 36
Phase: Ai(4)-Wyleth Voltron B3's Combat Damage Step
Phase: Ai(4)-Wyleth Voltron B3's End of Combat Step
Phase: Ai(4)-Wyleth Voltron B3's Main phase, postcombat
Phase: Ai(4)-Wyleth Voltron B3's End step
Phase: Ai(4)-Wyleth Voltron B3's Cleanup step
Turn: Turn 17 (Ai(1)-Inspirit B3 v3)
Phase: Ai(1)-Inspirit B3 v3's Untap step
Phase: Ai(1)-Inspirit B3 v3's Upkeep step
Phase: Ai(1)-Inspirit B3 v3's Draw step
Phase: Ai(1)-Inspirit B3 v3's Main phase, precombat
Land: Ai(1)-Inspirit B3 v3 played Plains (55)
Phase: Ai(1)-Inspirit B3 v3's Beginning of Combat Step
Phase: Ai(1)-Inspirit B3 v3's Declare Attackers Step
Phase: Ai(1)-Inspirit B3 v3's Declare Blockers Step
Phase: Ai(1)-Inspirit B3 v3's First Strike Damage Step
Phase: Ai(1)-Inspirit B3 v3's Combat Damage Step
Phase: Ai(1)-Inspirit B3 v3's End of Combat Step
Phase: Ai(1)-Inspirit B3 v3's Main phase, postcombat
Mana: Plains (55) - {T}: Add {W}.
Mana: Sulfur Falls (21) - {T}: Add {U} or {R}.
Mana: Island (63) - {T}: Add {U}.
Add To Stack: Ai(1)-Inspirit B3 v3 cast Inspirit, Flagship Vessel
Resolve Stack: Inspirit, Flagship Vessel
Mana: Rugged Prairie (42) - {T}: Add {C}.
Add To Stack: Ai(1)-Inspirit B3 v3 cast Sol Ring
Resolve Stack: Sol Ring
Phase: Ai(1)-Inspirit B3 v3's End step
Phase: Ai(1)-Inspirit B3 v3's Cleanup step
Turn: Turn 18 (Ai(2)-Torbran Burn B3)
Phase: Ai(2)-Torbran Burn B3's Untap step
Phase: Ai(2)-Torbran Burn B3's Upkeep step
Phase: Ai(2)-Torbran Burn B3's Draw step
Phase: Ai(2)-Torbran Burn B3's Main phase, precombat
Land: Ai(2)-Torbran Burn B3 played Mountain (190)
Mana: Mountain (177) - {T}: Add {R}.
Mana: Mountain (167) - {T}: Add {R}.
Mana: Mountain (175) - {T}: Add {R}.
Mana: Mountain (190) - {T}: Add {R}.
Mana: Ramunap Ruins (122) - {T}: Add {C}.
Add To Stack: Ai(2)-Torbran Burn B3 cast Pyromancer's Goggles
Add To Stack: Ai(2)-Torbran Burn B3 triggered Kessig Flamebreather
Replacement Effect: If a red source you control would deal damage to an opponent or a permanent an opponent controls, it deals that much damage plus 2 instead.
Replacement Effect: If a red source you control would deal damage to an opponent or a permanent an opponent controls, it deals that much damage plus 2 instead.
Replacement Effect: If a red source you control would deal damage to an opponent or a permanent an opponent controls, it deals that much damage plus 2 instead.
Damage: Kessig Flamebreather (104) deals 3 non-combat damage to Ai(1)-Inspirit B3 v3.
Damage: Kessig Flamebreather (104) deals 3 non-combat damage to Ai(3)-Wilhelt Zombies B3.
Damage: Kessig Flamebreather (104) deals 3 non-combat damage to Ai(4)-Wyleth Voltron B3.
Life: Life: Ai(1)-Inspirit B3 v3 40 > 37
Life: Life: Ai(3)-Wilhelt Zombies B3 36 > 33
Life: Life: Ai(4)-Wyleth Voltron B3 45 > 42
Resolve Stack: Whenever you cast a noncreature spell, Kessig Flamebreather deals 1 damage to each opponent. [Card: Pyromancer's Goggles (147), Activator: Ai(2)-Torbran Burn B3, SpellAbility: Pyromancer's Goggles]
Resolve Stack: Pyromancer's Goggles
Phase: Ai(2)-Torbran Burn B3's Beginning of Combat Step
Phase: Ai(2)-Torbran Burn B3's Declare Attackers Step
Phase: Ai(2)-Torbran Burn B3's Declare Blockers Step
Phase: Ai(2)-Torbran Burn B3's First Strike Damage Step
Phase: Ai(2)-Torbran Burn B3's Combat Damage Step
Phase: Ai(2)-Torbran Burn B3's End of Combat Step
Phase: Ai(2)-Torbran Burn B3's Main phase, postcombat
Phase: Ai(2)-Torbran Burn B3's End step
Phase: Ai(2)-Torbran Burn B3's Cleanup step
Turn: Turn 19 (Ai(3)-Wilhelt Zombies B3)
Phase: Ai(3)-Wilhelt Zombies B3's Untap step
Phase: Ai(3)-Wilhelt Zombies B3's Upkeep step
Phase: Ai(3)-Wilhelt Zombies B3's Draw step
Phase: Ai(3)-Wilhelt Zombies B3's Main phase, precombat
Phase: Ai(3)-Wilhelt Zombies B3's Beginning of Combat Step
Phase: Ai(3)-Wilhelt Zombies B3's Declare Attackers Step
Combat: Ai(3)-Wilhelt Zombies B3 assigned Diregraf Captain (219) to attack Ai(2)-Torbran Burn B3.
Phase: Ai(3)-Wilhelt Zombies B3's Declare Blockers Step
Combat: Ai(2)-Torbran Burn B3 didn't block Diregraf Captain (219).
Phase: Ai(3)-Wilhelt Zombies B3's First Strike Damage Step
Phase: Ai(3)-Wilhelt Zombies B3's Combat Damage Step
Damage: Diregraf Captain (219) deals 3 combat damage to Ai(2)-Torbran Burn B3.
Life: Life: Ai(2)-Torbran Burn B3 37 > 34
Phase: Ai(3)-Wilhelt Zombies B3's End of Combat Step
Phase: Ai(3)-Wilhelt Zombies B3's Main phase, postcombat
Mana: Watery Grave (207) - {T}: Add {U}.
Mana: Swamp (292) - {T}: Add {B}.
Mana: Swamp (284) - {T}: Add {B}.
Mana: Unholy Grotto (218) - {T}: Add {C}.
Add To Stack: Ai(3)-Wilhelt Zombies B3 cast Gisa and Geralf
Resolve Stack: Gisa and Geralf - Creature 4 / 4
Add To Stack: Ai(3)-Wilhelt Zombies B3 triggered Gisa and Geralf
Zone Change: Ai(3)-Wilhelt Zombies B3 milled Island (251), Victimize (226), Army of the Damned (234) and Night's Whisper (206).
Resolve Stack: When Gisa and Geralf enters, mill four cards. [Zone Changer: Gisa and Geralf (228)]
Phase: Ai(3)-Wilhelt Zombies B3's End step
Phase: Ai(3)-Wilhelt Zombies B3's Cleanup step
Turn: Turn 20 (Ai(4)-Wyleth Voltron B3)
Phase: Ai(4)-Wyleth Voltron B3's Untap step
Phase: Ai(4)-Wyleth Voltron B3's Upkeep step
Phase: Ai(4)-Wyleth Voltron B3's Draw step
Phase: Ai(4)-Wyleth Voltron B3's Main phase, precombat
Mana: Mountain (381) - {T}: Add {R}.
Mana: Plains (368) - {T}: Add {W}.
Add To Stack: Ai(4)-Wyleth Voltron B3 cast Whispersilk Cloak
Resolve Stack: Whispersilk Cloak
Add To Stack: Ai(4)-Wyleth Voltron B3 triggered Hammer of Nazahn targeting [Danitha Capashen, Paragon (401)]
Resolve Stack: Whenever Hammer of Nazahn or another Equipment you control enters, you may attach that Equipment to target creature you control. (Targeting: [[Danitha Capashen, Paragon (401)]]) [Zone Changer: Whispersilk Cloak (325)]
Phase: Ai(4)-Wyleth Voltron B3's Beginning of Combat Step
Phase: Ai(4)-Wyleth Voltron B3's Declare Attackers Step
Combat: Ai(4)-Wyleth Voltron B3 assigned Danitha Capashen, Paragon (401) to attack Ai(3)-Wilhelt Zombies B3.
Phase: Ai(4)-Wyleth Voltron B3's Declare Blockers Step
Combat: Ai(3)-Wilhelt Zombies B3 didn't block Danitha Capashen, Paragon (401).
Phase: Ai(4)-Wyleth Voltron B3's First Strike Damage Step
Damage: Danitha Capashen, Paragon (401) deals 4 combat damage to Ai(3)-Wilhelt Zombies B3.
Life: Life: Ai(4)-Wyleth Voltron B3 42 > 46
Life: Life: Ai(3)-Wilhelt Zombies B3 33 > 29
Phase: Ai(4)-Wyleth Voltron B3's Combat Damage Step
Phase: Ai(4)-Wyleth Voltron B3's End of Combat Step
Phase: Ai(4)-Wyleth Voltron B3's Main phase, postcombat
Mana: Plains (363) - {T}: Add {W}.
Mana: Wind-Scarred Crag (332) - {T}: Add {R} or {W}.
Add To Stack: Ai(4)-Wyleth Voltron B3 cast Sram, Senior Edificer
Resolve Stack: Sram, Senior Edificer - Creature 2 / 2
Phase: Ai(4)-Wyleth Voltron B3's End step
Phase: Ai(4)-Wyleth Voltron B3's Cleanup step
Turn: Turn 21 (Ai(1)-Inspirit B3 v3)
Phase: Ai(1)-Inspirit B3 v3's Untap step
Phase: Ai(1)-Inspirit B3 v3's Upkeep step
Phase: Ai(1)-Inspirit B3 v3's Draw step
Phase: Ai(1)-Inspirit B3 v3's Main phase, precombat
Land: Ai(1)-Inspirit B3 v3 played Buried Ruin (11)
Phase: Ai(1)-Inspirit B3 v3's Beginning of Combat Step
Phase: Ai(1)-Inspirit B3 v3's Declare Attackers Step
Phase: Ai(1)-Inspirit B3 v3's Declare Blockers Step
Phase: Ai(1)-Inspirit B3 v3's First Strike Damage Step
Phase: Ai(1)-Inspirit B3 v3's Combat Damage Step
Phase: Ai(1)-Inspirit B3 v3's End of Combat Step
Phase: Ai(1)-Inspirit B3 v3's Main phase, postcombat
Phase: Ai(1)-Inspirit B3 v3's End step
Phase: Ai(1)-Inspirit B3 v3's Cleanup step
Turn: Turn 22 (Ai(2)-Torbran Burn B3)
Phase: Ai(2)-Torbran Burn B3's Untap step
Phase: Ai(2)-Torbran Burn B3's Upkeep step
Phase: Ai(2)-Torbran Burn B3's Draw step
Phase: Ai(2)-Torbran Burn B3's Main phase, precombat
Land: Ai(2)-Torbran Burn B3 played Mountain (159)
Mana: Mountain (177) - {T}: Add {R}.
Mana: Mountain (167) - {T}: Add {R}.
Add To Stack: Ai(2)-Torbran Burn B3 cast Blasphemous Act
Add To Stack: Ai(2)-Torbran Burn B3 triggered Kessig Flamebreather
Replacement Effect: If a red source you control would deal damage to an opponent or a permanent an opponent controls, it deals that much damage plus 2 instead.
Replacement Effect: If a red source you control would deal damage to an opponent or a permanent an opponent controls, it deals that much damage plus 2 instead.
Replacement Effect: If a red source you control would deal damage to an opponent or a permanent an opponent controls, it deals that much damage plus 2 instead.
Damage: Kessig Flamebreather (104) deals 3 non-combat damage to Ai(1)-Inspirit B3 v3.
Damage: Kessig Flamebreather (104) deals 3 non-combat damage to Ai(3)-Wilhelt Zombies B3.
Damage: Kessig Flamebreather (104) deals 3 non-combat damage to Ai(4)-Wyleth Voltron B3.
Life: Life: Ai(1)-Inspirit B3 v3 37 > 34
Life: Life: Ai(3)-Wilhelt Zombies B3 29 > 26
Life: Life: Ai(4)-Wyleth Voltron B3 46 > 43
Resolve Stack: Whenever you cast a noncreature spell, Kessig Flamebreather deals 1 damage to each opponent. [Card: Blasphemous Act (115), Activator: Ai(2)-Torbran Burn B3, SpellAbility: Blasphemous Act deals 13 damage to each creature.]
Replacement Effect: If a red source you control would deal damage to an opponent or a permanent an opponent controls, it deals that much damage plus 2 instead.
Replacement Effect: If a red source you control would deal damage to an opponent or a permanent an opponent controls, it deals that much damage plus 2 instead.
Replacement Effect: If a red source you control would deal damage to an opponent or a permanent an opponent controls, it deals that much damage plus 2 instead.
Replacement Effect: If a red source you control would deal damage to an opponent or a permanent an opponent controls, it deals that much damage plus 2 instead.
Replacement Effect: If a red source you control would deal damage to an opponent or a permanent an opponent controls, it deals that much damage plus 2 instead.
Damage: Blasphemous Act (115) deals 13 damage to Kessig Flamebreather (104).
Damage: Blasphemous Act (115) deals 13 damage to Torbran, Thane of Red Fell (201).
Damage: Blasphemous Act (115) deals 15 damage to Diregraf Captain (219).
Damage: Blasphemous Act (115) deals 15 damage to Lord of the Accursed (259).
Damage: Blasphemous Act (115) deals 15 damage to Gisa and Geralf (228).
Damage: Blasphemous Act (115) deals 15 damage to Danitha Capashen, Paragon (401).
Damage: Blasphemous Act (115) deals 15 damage to Sram, Senior Edificer (370).
Resolve Stack: Blasphemous Act (115) - Deals 13 damage to each creature.
Zone Change: Kessig Flamebreather (104) was put into Graveyard from Battlefield.
Zone Change: Torbran, Thane of Red Fell (201) was put into Graveyard from Battlefield.
Zone Change: Diregraf Captain (219) was put into Graveyard from Battlefield.
Zone Change: Lord of the Accursed (259) was put into Graveyard from Battlefield.
Zone Change: Gisa and Geralf (228) was put into Graveyard from Battlefield.
Zone Change: Sram, Senior Edificer (370) was put into Graveyard from Battlefield.
Add To Stack: Ai(3)-Wilhelt Zombies B3 triggered Diregraf Captain targeting [Ai(4)-Wyleth Voltron B3]
Life: Life: Ai(4)-Wyleth Voltron B3 43 > 42
Resolve Stack: Whenever another Zombie you control dies, target opponent loses 1 life. (Targeting: [[Ai(4)-Wyleth Voltron B3]]) [Zone Changer: Lord of the Accursed (259)]
Phase: Ai(2)-Torbran Burn B3's Beginning of Combat Step
Phase: Ai(2)-Torbran Burn B3's Declare Attackers Step
Phase: Ai(2)-Torbran Burn B3's Declare Blockers Step
Phase: Ai(2)-Torbran Burn B3's First Strike Damage Step
Phase: Ai(2)-Torbran Burn B3's Combat Damage Step
Phase: Ai(2)-Torbran Burn B3's End of Combat Step
Phase: Ai(2)-Torbran Burn B3's Main phase, postcombat
Mana: Mountain (175) - {T}: Add {R}.
Mana: Mountain (190) - {T}: Add {R}.
Add To Stack: Ai(2)-Torbran Burn B3 cast Firebrand Archer
Resolve Stack: Firebrand Archer - Creature 2 / 1
Mana: Pyromancer's Goggles (147) - {T}: Add {R}. When that mana is spent to cast a red instant or sorcery spell, copy that spell and you may choose new targets for the copy.
Mana: Mountain (159) - {T}: Add {R}.
Add To Stack: Ai(2)-Torbran Burn B3 cast Electrostatic Field
Resolve Stack: Electrostatic Field - Creature 0 / 4
Phase: Ai(2)-Torbran Burn B3's End step
Phase: Ai(2)-Torbran Burn B3's Cleanup step
Turn: Turn 23 (Ai(3)-Wilhelt Zombies B3)
Phase: Ai(3)-Wilhelt Zombies B3's Untap step
Phase: Ai(3)-Wilhelt Zombies B3's Upkeep step
Phase: Ai(3)-Wilhelt Zombies B3's Draw step
Phase: Ai(3)-Wilhelt Zombies B3's Main phase, precombat
Replacement Effect: Sunken Hollow enters tapped unless you control two or more basic lands.
Land: Ai(3)-Wilhelt Zombies B3 played Sunken Hollow (220)
Phase: Ai(3)-Wilhelt Zombies B3's Beginning of Combat Step
Phase: Ai(3)-Wilhelt Zombies B3's Declare Attackers Step
Phase: Ai(3)-Wilhelt Zombies B3's Declare Blockers Step
Phase: Ai(3)-Wilhelt Zombies B3's First Strike Damage Step
Phase: Ai(3)-Wilhelt Zombies B3's Combat Damage Step
Phase: Ai(3)-Wilhelt Zombies B3's End of Combat Step
Phase: Ai(3)-Wilhelt Zombies B3's Main phase, postcombat
Mana: Watery Grave (207) - {T}: Add {U}.
Mana: Swamp (292) - {T}: Add {B}.
Mana: Swamp (284) - {T}: Add {B}.
Mana: Sunken Hollow (220) - {T}: Add {B}.
Add To Stack: Ai(3)-Wilhelt Zombies B3 cast Wilhelt, the Rotcleaver
Resolve Stack: Wilhelt, the Rotcleaver - Creature 3 / 3
Phase: Ai(3)-Wilhelt Zombies B3's End step
Add To Stack: Ai(3)-Wilhelt Zombies B3 triggered Wilhelt, the Rotcleaver
Resolve Stack: At the beginning of your end step, you may sacrifice a Zombie. If you do, draw a card. [Phase: Ai(3)-Wilhelt Zombies B3]
Phase: Ai(3)-Wilhelt Zombies B3's Cleanup step
Turn: Turn 24 (Ai(4)-Wyleth Voltron B3)
Phase: Ai(4)-Wyleth Voltron B3's Untap step
Phase: Ai(4)-Wyleth Voltron B3's Upkeep step
Phase: Ai(4)-Wyleth Voltron B3's Draw step
Phase: Ai(4)-Wyleth Voltron B3's Main phase, precombat
Land: Ai(4)-Wyleth Voltron B3 played Plains (354)
Phase: Ai(4)-Wyleth Voltron B3's Beginning of Combat Step
Phase: Ai(4)-Wyleth Voltron B3's Declare Attackers Step
Combat: Ai(4)-Wyleth Voltron B3 assigned Danitha Capashen, Paragon (401) to attack Ai(2)-Torbran Burn B3.
Phase: Ai(4)-Wyleth Voltron B3's Declare Blockers Step
Combat: Ai(2)-Torbran Burn B3 didn't block Danitha Capashen, Paragon (401).
Phase: Ai(4)-Wyleth Voltron B3's First Strike Damage Step
Damage: Danitha Capashen, Paragon (401) deals 4 combat damage to Ai(2)-Torbran Burn B3.
Life: Life: Ai(4)-Wyleth Voltron B3 42 > 46
Life: Life: Ai(2)-Torbran Burn B3 34 > 30
Phase: Ai(4)-Wyleth Voltron B3's Combat Damage Step
Phase: Ai(4)-Wyleth Voltron B3's End of Combat Step
Phase: Ai(4)-Wyleth Voltron B3's Main phase, postcombat
Mana: Mountain (381) - {T}: Add {R}.
Mana: Plains (368) - {T}: Add {W}.
Mana: Plains (363) - {T}: Add {W}.
Add To Stack: Ai(4)-Wyleth Voltron B3 cast Wyleth, Soul of Steel
Resolve Stack: Wyleth, Soul of Steel - Creature 2 / 2
Phase: Ai(4)-Wyleth Voltron B3's End step
Phase: Ai(4)-Wyleth Voltron B3's Cleanup step
Turn: Turn 25 (Ai(1)-Inspirit B3 v3)
Phase: Ai(1)-Inspirit B3 v3's Untap step
Phase: Ai(1)-Inspirit B3 v3's Upkeep step
Phase: Ai(1)-Inspirit B3 v3's Draw step
Phase: Ai(1)-Inspirit B3 v3's Main phase, precombat
Replacement Effect: This land enters tapped.
Land: Ai(1)-Inspirit B3 v3 played Uthros, Titanic Godcore (40)
Phase: Ai(1)-Inspirit B3 v3's Beginning of Combat Step
Phase: Ai(1)-Inspirit B3 v3's Declare Attackers Step
Phase: Ai(1)-Inspirit B3 v3's Declare Blockers Step
Phase: Ai(1)-Inspirit B3 v3's First Strike Damage Step
Phase: Ai(1)-Inspirit B3 v3's Combat Damage Step
Phase: Ai(1)-Inspirit B3 v3's End of Combat Step
Phase: Ai(1)-Inspirit B3 v3's Main phase, postcombat
Phase: Ai(1)-Inspirit B3 v3's End step
Phase: Ai(1)-Inspirit B3 v3's Cleanup step
Turn: Turn 26 (Ai(2)-Torbran Burn B3)
Phase: Ai(2)-Torbran Burn B3's Untap step
Phase: Ai(2)-Torbran Burn B3's Upkeep step
Phase: Ai(2)-Torbran Burn B3's Draw step
Phase: Ai(2)-Torbran Burn B3's Main phase, precombat
Land: Ai(2)-Torbran Burn B3 played Mountain (171)
Mana: Mountain (177) - {T}: Add {R}.
Mana: Mountain (167) - {T}: Add {R}.
Mana: Mountain (175) - {T}: Add {R}.
Mana: Mountain (190) - {T}: Add {R}.
Mana: Pyromancer's Goggles (147) - {T}: Add {R}. When that mana is spent to cast a red instant or sorcery spell, copy that spell and you may choose new targets for the copy.
Mana: Mountain (159) - {T}: Add {R}.
Add To Stack: Ai(2)-Torbran Burn B3 cast Torbran, Thane of Red Fell
Resolve Stack: Torbran, Thane of Red Fell - Creature 2 / 4
Phase: Ai(2)-Torbran Burn B3's Beginning of Combat Step
Phase: Ai(2)-Torbran Burn B3's Declare Attackers Step
Phase: Ai(2)-Torbran Burn B3's Declare Blockers Step
Phase: Ai(2)-Torbran Burn B3's First Strike Damage Step
Phase: Ai(2)-Torbran Burn B3's Combat Damage Step
Phase: Ai(2)-Torbran Burn B3's End of Combat Step
Phase: Ai(2)-Torbran Burn B3's Main phase, postcombat
Phase: Ai(2)-Torbran Burn B3's End step
Phase: Ai(2)-Torbran Burn B3's Cleanup step
Turn: Turn 27 (Ai(3)-Wilhelt Zombies B3)
Phase: Ai(3)-Wilhelt Zombies B3's Untap step
Phase: Ai(3)-Wilhelt Zombies B3's Upkeep step
Phase: Ai(3)-Wilhelt Zombies B3's Draw step
Phase: Ai(3)-Wilhelt Zombies B3's Main phase, precombat
Land: Ai(3)-Wilhelt Zombies B3 played Island (253)
Phase: Ai(3)-Wilhelt Zombies B3's Beginning of Combat Step
Phase: Ai(3)-Wilhelt Zombies B3's Declare Attackers Step
Phase: Ai(3)-Wilhelt Zombies B3's Declare Blockers Step
Phase: Ai(3)-Wilhelt Zombies B3's First Strike Damage Step
Phase: Ai(3)-Wilhelt Zombies B3's Combat Damage Step
Phase: Ai(3)-Wilhelt Zombies B3's End of Combat Step
Phase: Ai(3)-Wilhelt Zombies B3's Main phase, postcombat
Mana: Island (253) - {T}: Add {U}.
Mana: Swamp (292) - {T}: Add {B}.
Mana: Swamp (284) - {T}: Add {B}.
Mana: Watery Grave (207) - {T}: Add {B}.
Mana: Sunken Hollow (220) - {T}: Add {B}.
Mana: Unholy Grotto (218) - {T}: Add {C}.
Add To Stack: Ai(3)-Wilhelt Zombies B3 cast Rooftop Storm
Resolve Stack: Rooftop Storm
Phase: Ai(3)-Wilhelt Zombies B3's End step
Add To Stack: Ai(3)-Wilhelt Zombies B3 triggered Wilhelt, the Rotcleaver
Resolve Stack: At the beginning of your end step, you may sacrifice a Zombie. If you do, draw a card. [Phase: Ai(3)-Wilhelt Zombies B3]
Phase: Ai(3)-Wilhelt Zombies B3's Cleanup step
Turn: Turn 28 (Ai(4)-Wyleth Voltron B3)
Phase: Ai(4)-Wyleth Voltron B3's Untap step
Phase: Ai(4)-Wyleth Voltron B3's Upkeep step
Phase: Ai(4)-Wyleth Voltron B3's Draw step
Phase: Ai(4)-Wyleth Voltron B3's Main phase, precombat
Phase: Ai(4)-Wyleth Voltron B3's Beginning of Combat Step
Phase: Ai(4)-Wyleth Voltron B3's Declare Attackers Step
Combat: Ai(4)-Wyleth Voltron B3 assigned Danitha Capashen, Paragon (401) to attack Ai(2)-Torbran Burn B3.
Phase: Ai(4)-Wyleth Voltron B3's Declare Blockers Step
Combat: Ai(2)-Torbran Burn B3 didn't block Danitha Capashen, Paragon (401).
Phase: Ai(4)-Wyleth Voltron B3's First Strike Damage Step
Damage: Danitha Capashen, Paragon (401) deals 4 combat damage to Ai(2)-Torbran Burn B3.
Life: Life: Ai(4)-Wyleth Voltron B3 46 > 50
Life: Life: Ai(2)-Torbran Burn B3 30 > 26
Phase: Ai(4)-Wyleth Voltron B3's Combat Damage Step
Phase: Ai(4)-Wyleth Voltron B3's End of Combat Step
Phase: Ai(4)-Wyleth Voltron B3's Main phase, postcombat
Mana: Plains (368) - {T}: Add {W}.
Mana: Mountain (381) - {T}: Add {R}.
Mana: Plains (363) - {T}: Add {W}.
Add To Stack: Ai(4)-Wyleth Voltron B3 cast Ardenn, Intrepid Archaeologist
Resolve Stack: Ardenn, Intrepid Archaeologist - Creature 2 / 2
Mana: Plains (354) - {T}: Add {W}.
Mana: Wind-Scarred Crag (332) - {T}: Add {R} or {W}.
Add To Stack: Ai(4)-Wyleth Voltron B3 cast Stoneforge Mystic
Resolve Stack: Stoneforge Mystic - Creature 1 / 2
Add To Stack: Ai(4)-Wyleth Voltron B3 triggered Stoneforge Mystic
Resolve Stack: When Stoneforge Mystic enters, you may search your library for an Equipment card, reveal it, put it into your hand, then shuffle. [Zone Changer: Stoneforge Mystic (316)]
Phase: Ai(4)-Wyleth Voltron B3's End step
Phase: Ai(4)-Wyleth Voltron B3's Cleanup step
Turn: Turn 29 (Ai(1)-Inspirit B3 v3)
Phase: Ai(1)-Inspirit B3 v3's Untap step
Phase: Ai(1)-Inspirit B3 v3's Upkeep step
Phase: Ai(1)-Inspirit B3 v3's Draw step
Phase: Ai(1)-Inspirit B3 v3's Main phase, precombat
Phase: Ai(1)-Inspirit B3 v3's Beginning of Combat Step
Phase: Ai(1)-Inspirit B3 v3's Declare Attackers Step
Phase: Ai(1)-Inspirit B3 v3's Declare Blockers Step
Phase: Ai(1)-Inspirit B3 v3's First Strike Damage Step
Phase: Ai(1)-Inspirit B3 v3's Combat Damage Step
Phase: Ai(1)-Inspirit B3 v3's End of Combat Step
Phase: Ai(1)-Inspirit B3 v3's Main phase, postcombat
Replacement Effect: Razortide Bridge enters tapped.
Land: Ai(1)-Inspirit B3 v3 played Razortide Bridge (24)
Phase: Ai(1)-Inspirit B3 v3's End step
Phase: Ai(1)-Inspirit B3 v3's Cleanup step
Turn: Turn 30 (Ai(2)-Torbran Burn B3)
Phase: Ai(2)-Torbran Burn B3's Untap step
Phase: Ai(2)-Torbran Burn B3's Upkeep step
Phase: Ai(2)-Torbran Burn B3's Draw step
Phase: Ai(2)-Torbran Burn B3's Main phase, precombat
Mana: Mountain (177) - {T}: Add {R}.
Mana: Mountain (167) - {T}: Add {R}.
Mana: Mountain (175) - {T}: Add {R}.
Add To Stack: Ai(2)-Torbran Burn B3 cast Repercussion
Add To Stack: Ai(2)-Torbran Burn B3 triggered Firebrand Archer
Replacement Effect: If a red source you control would deal damage to an opponent or a permanent an opponent controls, it deals that much damage plus 2 instead.
Replacement Effect: If a red source you control would deal damage to an opponent or a permanent an opponent controls, it deals that much damage plus 2 instead.
Replacement Effect: If a red source you control would deal damage to an opponent or a permanent an opponent controls, it deals that much damage plus 2 instead.
Damage: Firebrand Archer (197) deals 3 non-combat damage to Ai(1)-Inspirit B3 v3.
Damage: Firebrand Archer (197) deals 3 non-combat damage to Ai(3)-Wilhelt Zombies B3.
Damage: Firebrand Archer (197) deals 3 non-combat damage to Ai(4)-Wyleth Voltron B3.
Life: Life: Ai(1)-Inspirit B3 v3 34 > 31
Life: Life: Ai(3)-Wilhelt Zombies B3 26 > 23
Life: Life: Ai(4)-Wyleth Voltron B3 50 > 47
Resolve Stack: Whenever you cast a noncreature spell, Firebrand Archer deals 1 damage to each opponent. [Card: Repercussion (119), Activator: Ai(2)-Torbran Burn B3, SpellAbility: Repercussion]
Resolve Stack: Repercussion
Phase: Ai(2)-Torbran Burn B3's Beginning of Combat Step
Phase: Ai(2)-Torbran Burn B3's Declare Attackers Step
Phase: Ai(2)-Torbran Burn B3's Declare Blockers Step
Phase: Ai(2)-Torbran Burn B3's First Strike Damage Step
Phase: Ai(2)-Torbran Burn B3's Combat Damage Step
Phase: Ai(2)-Torbran Burn B3's End of Combat Step
Phase: Ai(2)-Torbran Burn B3's Main phase, postcombat
Phase: Ai(2)-Torbran Burn B3's End step
Phase: Ai(2)-Torbran Burn B3's Cleanup step
Turn: Turn 31 (Ai(3)-Wilhelt Zombies B3)
Phase: Ai(3)-Wilhelt Zombies B3's Untap step
Phase: Ai(3)-Wilhelt Zombies B3's Upkeep step
Phase: Ai(3)-Wilhelt Zombies B3's Draw step
Phase: Ai(3)-Wilhelt Zombies B3's Main phase, precombat
Land: Ai(3)-Wilhelt Zombies B3 played Island (252)
Phase: Ai(3)-Wilhelt Zombies B3's Beginning of Combat Step
Phase: Ai(3)-Wilhelt Zombies B3's Declare Attackers Step
Phase: Ai(3)-Wilhelt Zombies B3's Declare Blockers Step
Phase: Ai(3)-Wilhelt Zombies B3's First Strike Damage Step
Phase: Ai(3)-Wilhelt Zombies B3's Combat Damage Step
Phase: Ai(3)-Wilhelt Zombies B3's End of Combat Step
Phase: Ai(3)-Wilhelt Zombies B3's Main phase, postcombat
Mana: Swamp (292) - {T}: Add {B}.
Mana: Swamp (284) - {T}: Add {B}.
Add To Stack: Ai(3)-Wilhelt Zombies B3 cast Sign in Blood targeting [Ai(3)-Wilhelt Zombies B3]
Life: Life: Ai(3)-Wilhelt Zombies B3 23 > 21
Resolve Stack: Sign in Blood (261) - Ai(3)-Wilhelt Zombies B3 draws two cards. Ai(3)-Wilhelt Zombies B3 loses 2 life.
Add To Stack: Ai(3)-Wilhelt Zombies B3 cast Butcher Ghoul
Resolve Stack: Butcher Ghoul - Creature 1 / 1
Phase: Ai(3)-Wilhelt Zombies B3's End step
Add To Stack: Ai(3)-Wilhelt Zombies B3 triggered Wilhelt, the Rotcleaver
Resolve Stack: At the beginning of your end step, you may sacrifice a Zombie. If you do, draw a card. [Phase: Ai(3)-Wilhelt Zombies B3]
Phase: Ai(3)-Wilhelt Zombies B3's Cleanup step
Turn: Turn 32 (Ai(4)-Wyleth Voltron B3)
Phase: Ai(4)-Wyleth Voltron B3's Untap step
Phase: Ai(4)-Wyleth Voltron B3's Upkeep step
Phase: Ai(4)-Wyleth Voltron B3's Draw step
Phase: Ai(4)-Wyleth Voltron B3's Main phase, precombat
Land: Ai(4)-Wyleth Voltron B3 played Plains (365)
Phase: Ai(4)-Wyleth Voltron B3's Beginning of Combat Step
Add To Stack: Ai(4)-Wyleth Voltron B3 triggered Ardenn, Intrepid Archaeologist targeting [Ai(4)-Wyleth Voltron B3]
Resolve Stack: At the beginning of combat on your turn, you may attach any number of Auras and Equipment you control to target permanent or player. (Targeting: [[Ai(4)-Wyleth Voltron B3]]) [Phase: Ai(4)-Wyleth Voltron B3]
Phase: Ai(4)-Wyleth Voltron B3's Declare Attackers Step
Combat: Ai(4)-Wyleth Voltron B3 assigned Danitha Capashen, Paragon (401) to attack Ai(2)-Torbran Burn B3.
Phase: Ai(4)-Wyleth Voltron B3's Declare Blockers Step
Combat: Ai(2)-Torbran Burn B3 didn't block Danitha Capashen, Paragon (401).
Mana: Plains (368) - {T}: Add {W}.
Mana: Mountain (381) - {T}: Add {R}.
Add To Stack: Ai(4)-Wyleth Voltron B3 activated Stoneforge Mystic
Resolve Stack: Stoneforge Mystic (316) - Ai(4)-Wyleth Voltron B3 puts an Equipment card from their hand onto the battlefield.
Add To Stack: Ai(4)-Wyleth Voltron B3 triggered Embercleave targeting [Stoneforge Mystic (316)]
Add To Stack: Ai(4)-Wyleth Voltron B3 triggered Hammer of Nazahn targeting [Stoneforge Mystic (316)]
Resolve Stack: Whenever Hammer of Nazahn or another Equipment you control enters, you may attach that Equipment to target creature you control. (Targeting: [[Stoneforge Mystic (316)]]) [Zone Changer: Embercleave (394)]
Resolve Stack: When Embercleave enters, attach it to target creature you control. (Targeting: [[Stoneforge Mystic (316)]]) [Zone Changer: Embercleave (394)]
Phase: Ai(4)-Wyleth Voltron B3's First Strike Damage Step
Damage: Danitha Capashen, Paragon (401) deals 4 combat damage to Ai(2)-Torbran Burn B3.
Life: Life: Ai(4)-Wyleth Voltron B3 47 > 51
Life: Life: Ai(2)-Torbran Burn B3 26 > 22
Phase: Ai(4)-Wyleth Voltron B3's Combat Damage Step
Phase: Ai(4)-Wyleth Voltron B3's End of Combat Step
Phase: Ai(4)-Wyleth Voltron B3's Main phase, postcombat
Phase: Ai(4)-Wyleth Voltron B3's End step
Phase: Ai(4)-Wyleth Voltron B3's Cleanup step
Turn: Turn 33 (Ai(1)-Inspirit B3 v3)
Phase: Ai(1)-Inspirit B3 v3's Untap step
Phase: Ai(1)-Inspirit B3 v3's Upkeep step
Phase: Ai(1)-Inspirit B3 v3's Draw step
Phase: Ai(1)-Inspirit B3 v3's Main phase, precombat
Phase: Ai(1)-Inspirit B3 v3's Beginning of Combat Step
Phase: Ai(1)-Inspirit B3 v3's Declare Attackers Step
Phase: Ai(1)-Inspirit B3 v3's Declare Blockers Step
Phase: Ai(1)-Inspirit B3 v3's First Strike Damage Step
Phase: Ai(1)-Inspirit B3 v3's Combat Damage Step
Phase: Ai(1)-Inspirit B3 v3's End of Combat Step
Phase: Ai(1)-Inspirit B3 v3's Main phase, postcombat
Mana: Island (63) - {T}: Add {U}.
Mana: Sol Ring (10) - {T}: Add {C}{C}.
Add To Stack: Ai(1)-Inspirit B3 v3 cast Flux Channeler
Resolve Stack: Flux Channeler - Creature 2 / 2
Phase: Ai(1)-Inspirit B3 v3's End step
Phase: Ai(1)-Inspirit B3 v3's Cleanup step
Turn: Turn 34 (Ai(2)-Torbran Burn B3)
Phase: Ai(2)-Torbran Burn B3's Untap step
Phase: Ai(2)-Torbran Burn B3's Upkeep step
Phase: Ai(2)-Torbran Burn B3's Draw step
Phase: Ai(2)-Torbran Burn B3's Main phase, precombat
Land: Ai(2)-Torbran Burn B3 played Mountain (158)
Phase: Ai(2)-Torbran Burn B3's Beginning of Combat Step
Phase: Ai(2)-Torbran Burn B3's Declare Attackers Step
Phase: Ai(2)-Torbran Burn B3's Declare Blockers Step
Phase: Ai(2)-Torbran Burn B3's First Strike Damage Step
Phase: Ai(2)-Torbran Burn B3's Combat Damage Step
Phase: Ai(2)-Torbran Burn B3's End of Combat Step
Phase: Ai(2)-Torbran Burn B3's Main phase, postcombat
Phase: Ai(2)-Torbran Burn B3's End step
Mana: Watery Grave (207) - {T}: Add {B}.
Add To Stack: Ai(3)-Wilhelt Zombies B3 activated Unholy Grotto targeting [Diregraf Captain (219)]
Resolve Stack: Unholy Grotto (218) - Put Diregraf Captain (219) from the graveyard on top of its owner's library.
Phase: Ai(2)-Torbran Burn B3's Cleanup step
Turn: Turn 35 (Ai(3)-Wilhelt Zombies B3)
Phase: Ai(3)-Wilhelt Zombies B3's Untap step
Phase: Ai(3)-Wilhelt Zombies B3's Upkeep step
Phase: Ai(3)-Wilhelt Zombies B3's Draw step
Phase: Ai(3)-Wilhelt Zombies B3's Main phase, precombat
Land: Ai(3)-Wilhelt Zombies B3 played Swamp (283)
Add To Stack: Ai(3)-Wilhelt Zombies B3 cast Diregraf Captain
Resolve Stack: Diregraf Captain - Creature 2 / 2
Phase: Ai(3)-Wilhelt Zombies B3's Beginning of Combat Step
Phase: Ai(3)-Wilhelt Zombies B3's Declare Attackers Step
Phase: Ai(3)-Wilhelt Zombies B3's Declare Blockers Step
Phase: Ai(3)-Wilhelt Zombies B3's First Strike Damage Step
Phase: Ai(3)-Wilhelt Zombies B3's Combat Damage Step
Phase: Ai(3)-Wilhelt Zombies B3's End of Combat Step
Phase: Ai(3)-Wilhelt Zombies B3's Main phase, postcombat
Phase: Ai(3)-Wilhelt Zombies B3's End step
Add To Stack: Ai(3)-Wilhelt Zombies B3 triggered Wilhelt, the Rotcleaver
Resolve Stack: At the beginning of your end step, you may sacrifice a Zombie. If you do, draw a card. [Phase: Ai(3)-Wilhelt Zombies B3]
Phase: Ai(3)-Wilhelt Zombies B3's Cleanup step
Turn: Turn 36 (Ai(4)-Wyleth Voltron B3)
Phase: Ai(4)-Wyleth Voltron B3's Untap step
Phase: Ai(4)-Wyleth Voltron B3's Upkeep step
Phase: Ai(4)-Wyleth Voltron B3's Draw step
Phase: Ai(4)-Wyleth Voltron B3's Main phase, precombat
Phase: Ai(4)-Wyleth Voltron B3's Beginning of Combat Step
Add To Stack: Ai(4)-Wyleth Voltron B3 triggered Ardenn, Intrepid Archaeologist targeting [Ai(4)-Wyleth Voltron B3]
Resolve Stack: At the beginning of combat on your turn, you may attach any number of Auras and Equipment you control to target permanent or player. (Targeting: [[Ai(4)-Wyleth Voltron B3]]) [Phase: Ai(4)-Wyleth Voltron B3]
Phase: Ai(4)-Wyleth Voltron B3's Declare Attackers Step
Combat: Ai(4)-Wyleth Voltron B3 assigned Stoneforge Mystic (316) and Danitha Capashen, Paragon (401) to attack Ai(3)-Wilhelt Zombies B3.
Phase: Ai(4)-Wyleth Voltron B3's Declare Blockers Step
Combat: Ai(3)-Wilhelt Zombies B3 didn't block Stoneforge Mystic (316).
Ai(3)-Wilhelt Zombies B3 didn't block Danitha Capashen, Paragon (401).
Phase: Ai(4)-Wyleth Voltron B3's First Strike Damage Step
Damage: Stoneforge Mystic (316) deals 2 combat damage to Ai(3)-Wilhelt Zombies B3.
Damage: Danitha Capashen, Paragon (401) deals 4 combat damage to Ai(3)-Wilhelt Zombies B3.
Life: Life: Ai(4)-Wyleth Voltron B3 51 > 55
Life: Life: Ai(3)-Wilhelt Zombies B3 21 > 15
Phase: Ai(4)-Wyleth Voltron B3's Combat Damage Step
Damage: Stoneforge Mystic (316) deals 2 combat damage to Ai(3)-Wilhelt Zombies B3.
Life: Life: Ai(3)-Wilhelt Zombies B3 15 > 13
Phase: Ai(4)-Wyleth Voltron B3's End of Combat Step
Phase: Ai(4)-Wyleth Voltron B3's Main phase, postcombat
Mana: Mountain (381) - {T}: Add {R}.
Mana: Plains (368) - {T}: Add {W}.
Add To Stack: Ai(4)-Wyleth Voltron B3 cast Arcane Signet
Resolve Stack: Arcane Signet
Phase: Ai(4)-Wyleth Voltron B3's End step
Phase: Ai(4)-Wyleth Voltron B3's Cleanup step
Turn: Turn 37 (Ai(1)-Inspirit B3 v3)
Phase: Ai(1)-Inspirit B3 v3's Untap step
Phase: Ai(1)-Inspirit B3 v3's Upkeep step
Phase: Ai(1)-Inspirit B3 v3's Draw step
Phase: Ai(1)-Inspirit B3 v3's Main phase, precombat
Phase: Ai(1)-Inspirit B3 v3's Beginning of Combat Step
Phase: Ai(1)-Inspirit B3 v3's Declare Attackers Step
Phase: Ai(1)-Inspirit B3 v3's Declare Blockers Step
Phase: Ai(1)-Inspirit B3 v3's First Strike Damage Step
Phase: Ai(1)-Inspirit B3 v3's Combat Damage Step
Phase: Ai(1)-Inspirit B3 v3's End of Combat Step
Phase: Ai(1)-Inspirit B3 v3's Main phase, postcombat
Mana: Sol Ring (10) - {T}: Add {C}{C}.
Add To Stack: Ai(1)-Inspirit B3 v3 cast Coretapper
Resolve Stack: Coretapper - Creature 1 / 1
Phase: Ai(1)-Inspirit B3 v3's End step
Phase: Ai(1)-Inspirit B3 v3's Cleanup step
Turn: Turn 38 (Ai(2)-Torbran Burn B3)
Phase: Ai(2)-Torbran Burn B3's Untap step
Phase: Ai(2)-Torbran Burn B3's Upkeep step
Phase: Ai(2)-Torbran Burn B3's Draw step
Phase: Ai(2)-Torbran Burn B3's Main phase, precombat
Land: Ai(2)-Torbran Burn B3 played Mountain (191)
Phase: Ai(2)-Torbran Burn B3's Beginning of Combat Step
Phase: Ai(2)-Torbran Burn B3's Declare Attackers Step
Phase: Ai(2)-Torbran Burn B3's Declare Blockers Step
Phase: Ai(2)-Torbran Burn B3's First Strike Damage Step
Phase: Ai(2)-Torbran Burn B3's Combat Damage Step
Phase: Ai(2)-Torbran Burn B3's End of Combat Step
Phase: Ai(2)-Torbran Burn B3's Main phase, postcombat
Phase: Ai(2)-Torbran Burn B3's End step
Mana: Swamp (292) - {T}: Add {B}.
Add To Stack: Ai(3)-Wilhelt Zombies B3 activated Unholy Grotto targeting [Lord of the Accursed (259)]
Resolve Stack: Unholy Grotto (218) - Put Lord of the Accursed (259) from the graveyard on top of its owner's library.
Phase: Ai(2)-Torbran Burn B3's Cleanup step
Turn: Turn 39 (Ai(3)-Wilhelt Zombies B3)
Phase: Ai(3)-Wilhelt Zombies B3's Untap step
Phase: Ai(3)-Wilhelt Zombies B3's Upkeep step
Phase: Ai(3)-Wilhelt Zombies B3's Draw step
Phase: Ai(3)-Wilhelt Zombies B3's Main phase, precombat
Add To Stack: Ai(3)-Wilhelt Zombies B3 cast Lord of the Accursed
Resolve Stack: Lord of the Accursed - Creature 2 / 3
Phase: Ai(3)-Wilhelt Zombies B3's Beginning of Combat Step
Phase: Ai(3)-Wilhelt Zombies B3's Declare Attackers Step
Phase: Ai(3)-Wilhelt Zombies B3's Declare Blockers Step
Phase: Ai(3)-Wilhelt Zombies B3's First Strike Damage Step
Phase: Ai(3)-Wilhelt Zombies B3's Combat Damage Step
Phase: Ai(3)-Wilhelt Zombies B3's End of Combat Step
Phase: Ai(3)-Wilhelt Zombies B3's Main phase, postcombat
Phase: Ai(3)-Wilhelt Zombies B3's End step
Add To Stack: Ai(3)-Wilhelt Zombies B3 triggered Wilhelt, the Rotcleaver
Resolve Stack: At the beginning of your end step, you may sacrifice a Zombie. If you do, draw a card. [Phase: Ai(3)-Wilhelt Zombies B3]
Phase: Ai(3)-Wilhelt Zombies B3's Cleanup step
Turn: Turn 40 (Ai(4)-Wyleth Voltron B3)
Phase: Ai(4)-Wyleth Voltron B3's Untap step
Phase: Ai(4)-Wyleth Voltron B3's Upkeep step
Phase: Ai(4)-Wyleth Voltron B3's Draw step
Phase: Ai(4)-Wyleth Voltron B3's Main phase, precombat
Land: Ai(4)-Wyleth Voltron B3 played Mountain (384)
Phase: Ai(4)-Wyleth Voltron B3's Beginning of Combat Step
Add To Stack: Ai(4)-Wyleth Voltron B3 triggered Ardenn, Intrepid Archaeologist targeting [Ai(4)-Wyleth Voltron B3]
Resolve Stack: At the beginning of combat on your turn, you may attach any number of Auras and Equipment you control to target permanent or player. (Targeting: [[Ai(4)-Wyleth Voltron B3]]) [Phase: Ai(4)-Wyleth Voltron B3]
Phase: Ai(4)-Wyleth Voltron B3's Declare Attackers Step
Combat: Ai(4)-Wyleth Voltron B3 assigned Danitha Capashen, Paragon (401) to attack Ai(3)-Wilhelt Zombies B3.
Phase: Ai(4)-Wyleth Voltron B3's Declare Blockers Step
Combat: Ai(3)-Wilhelt Zombies B3 didn't block Danitha Capashen, Paragon (401).
Phase: Ai(4)-Wyleth Voltron B3's First Strike Damage Step
Damage: Danitha Capashen, Paragon (401) deals 4 combat damage to Ai(3)-Wilhelt Zombies B3.
Life: Life: Ai(4)-Wyleth Voltron B3 55 > 59
Life: Life: Ai(3)-Wilhelt Zombies B3 13 > 9
Phase: Ai(4)-Wyleth Voltron B3's Combat Damage Step
Phase: Ai(4)-Wyleth Voltron B3's End of Combat Step
Phase: Ai(4)-Wyleth Voltron B3's Main phase, postcombat
Phase: Ai(4)-Wyleth Voltron B3's End step
Phase: Ai(4)-Wyleth Voltron B3's Cleanup step
Turn: Turn 41 (Ai(1)-Inspirit B3 v3)
Phase: Ai(1)-Inspirit B3 v3's Untap step
Phase: Ai(1)-Inspirit B3 v3's Upkeep step
Phase: Ai(1)-Inspirit B3 v3's Draw step
Phase: Ai(1)-Inspirit B3 v3's Main phase, precombat
Land: Ai(1)-Inspirit B3 v3 played Shivan Reef (36)
Phase: Ai(1)-Inspirit B3 v3's Beginning of Combat Step
Phase: Ai(1)-Inspirit B3 v3's Declare Attackers Step
Phase: Ai(1)-Inspirit B3 v3's Declare Blockers Step
Phase: Ai(1)-Inspirit B3 v3's First Strike Damage Step
Phase: Ai(1)-Inspirit B3 v3's Combat Damage Step
Phase: Ai(1)-Inspirit B3 v3's End of Combat Step
Phase: Ai(1)-Inspirit B3 v3's Main phase, postcombat
Mana: Sulfur Falls (21) - {T}: Add {U} or {R}.
Damage: Shivan Reef (36) deals 1 non-combat damage to Ai(1)-Inspirit B3 v3.
Life: Life: Ai(1)-Inspirit B3 v3 31 > 30
Mana: Shivan Reef (36) - {T}: Add {U} or {R}. Shivan Reef deals 1 damage to you. 
Mana: Sol Ring (10) - {T}: Add {C}{C}.
Mana: Island (63) - {T}: Add {U}.
Add To Stack: Ai(1)-Inspirit B3 v3 cast All Will Be One
Add To Stack: Ai(1)-Inspirit B3 v3 triggered Flux Channeler
Resolve Stack: Whenever you cast a noncreature spell, proliferate. (Choose any number of permanents and/or players, then give each another counter of each kind already there.) [Card: All Will Be One (90), Activator: Ai(1)-Inspirit B3 v3, SpellAbility: All Will Be One]
Resolve Stack: All Will Be One
Phase: Ai(1)-Inspirit B3 v3's End step
Phase: Ai(1)-Inspirit B3 v3's Cleanup step
Turn: Turn 42 (Ai(2)-Torbran Burn B3)
Phase: Ai(2)-Torbran Burn B3's Untap step
Phase: Ai(2)-Torbran Burn B3's Upkeep step
Phase: Ai(2)-Torbran Burn B3's Draw step
Phase: Ai(2)-Torbran Burn B3's Main phase, precombat
Mana: Mountain (177) - {T}: Add {R}.
Mana: Mountain (167) - {T}: Add {R}.
Mana: Mountain (175) - {T}: Add {R}.
Mana: Mountain (190) - {T}: Add {R}.
Add To Stack: Ai(2)-Torbran Burn B3 cast Chain Reaction
Add To Stack: Ai(2)-Torbran Burn B3 triggered Firebrand Archer
Add To Stack: Ai(2)-Torbran Burn B3 triggered Electrostatic Field
Replacement Effect: If a red source you control would deal damage to an opponent or a permanent an opponent controls, it deals that much damage plus 2 instead.
Replacement Effect: If a red source you control would deal damage to an opponent or a permanent an opponent controls, it deals that much damage plus 2 instead.
Replacement Effect: If a red source you control would deal damage to an opponent or a permanent an opponent controls, it deals that much damage plus 2 instead.
Damage: Electrostatic Field (106) deals 3 non-combat damage to Ai(1)-Inspirit B3 v3.
Damage: Electrostatic Field (106) deals 3 non-combat damage to Ai(3)-Wilhelt Zombies B3.
Damage: Electrostatic Field (106) deals 3 non-combat damage to Ai(4)-Wyleth Voltron B3.
Life: Life: Ai(1)-Inspirit B3 v3 30 > 27
Life: Life: Ai(3)-Wilhelt Zombies B3 9 > 6
Life: Life: Ai(4)-Wyleth Voltron B3 59 > 56
Resolve Stack: Whenever you cast an instant or sorcery spell, Electrostatic Field deals 1 damage to each opponent. [Card: Chain Reaction (120), Activator: Ai(2)-Torbran Burn B3, SpellAbility: Chain Reaction deals X damage to each creature, where X is the number of creatures on the battlefield.]
Replacement Effect: If a red source you control would deal damage to an opponent or a permanent an opponent controls, it deals that much damage plus 2 instead.
Replacement Effect: If a red source you control would deal damage to an opponent or a permanent an opponent controls, it deals that much damage plus 2 instead.
Replacement Effect: If a red source you control would deal damage to an opponent or a permanent an opponent controls, it deals that much damage plus 2 instead.
Damage: Firebrand Archer (197) deals 3 non-combat damage to Ai(1)-Inspirit B3 v3.
Damage: Firebrand Archer (197) deals 3 non-combat damage to Ai(3)-Wilhelt Zombies B3.
Damage: Firebrand Archer (197) deals 3 non-combat damage to Ai(4)-Wyleth Voltron B3.
Life: Life: Ai(1)-Inspirit B3 v3 27 > 24
Life: Life: Ai(3)-Wilhelt Zombies B3 6 > 3
Life: Life: Ai(4)-Wyleth Voltron B3 56 > 53
Resolve Stack: Whenever you cast a noncreature spell, Firebrand Archer deals 1 damage to each opponent. [Card: Chain Reaction (120), Activator: Ai(2)-Torbran Burn B3, SpellAbility: Chain Reaction deals X damage to each creature, where X is the number of creatures on the battlefield.]
Replacement Effect: If a red source you control would deal damage to an opponent or a permanent an opponent controls, it deals that much damage plus 2 instead.
Replacement Effect: If a red source you control would deal damage to an opponent or a permanent an opponent controls, it deals that much damage plus 2 instead.
Replacement Effect: If a red source you control would deal damage to an opponent or a permanent an opponent controls, it deals that much damage plus 2 instead.
Replacement Effect: If a red source you control would deal damage to an opponent or a permanent an opponent controls, it deals that much damage plus 2 instead.
Replacement Effect: If a red source you control would deal damage to an opponent or a permanent an opponent controls, it deals that much damage plus 2 instead.
Replacement Effect: If a red source you control would deal damage to an opponent or a permanent an opponent controls, it deals that much damage plus 2 instead.
Replacement Effect: If a red source you control would deal damage to an opponent or a permanent an opponent controls, it deals that much damage plus 2 instead.
Replacement Effect: If a red source you control would deal damage to an opponent or a permanent an opponent controls, it deals that much damage plus 2 instead.
Replacement Effect: If a red source you control would deal damage to an opponent or a permanent an opponent controls, it deals that much damage plus 2 instead.
Replacement Effect: If a red source you control would deal damage to an opponent or a permanent an opponent controls, it deals that much damage plus 2 instead.
Damage: Chain Reaction (120) deals 15 damage to Flux Channeler (34).
Damage: Chain Reaction (120) deals 15 damage to Coretapper (31).
Damage: Chain Reaction (120) deals 13 damage to Firebrand Archer (197).
Damage: Chain Reaction (120) deals 13 damage to Electrostatic Field (106).
Damage: Chain Reaction (120) deals 13 damage to Torbran, Thane of Red Fell (201).
Damage: Chain Reaction (120) deals 15 damage to Wilhelt, the Rotcleaver (301).
Damage: Chain Reaction (120) deals 15 damage to Butcher Ghoul (268).
Damage: Chain Reaction (120) deals 15 damage to Diregraf Captain (219).
Damage: Chain Reaction (120) deals 15 damage to Lord of the Accursed (259).
Damage: Chain Reaction (120) deals 15 damage to Danitha Capashen, Paragon (401).
Damage: Chain Reaction (120) deals 15 damage to Wyleth, Soul of Steel (402).
Damage: Chain Reaction (120) deals 15 damage to Ardenn, Intrepid Archaeologist (324).
Damage: Chain Reaction (120) deals 15 damage to Stoneforge Mystic (316).
Resolve Stack: Chain Reaction (120) - Deals 13 damage to each creature.
Zone Change: Firebrand Archer (197) was put into Graveyard from Battlefield.
Zone Change: Electrostatic Field (106) was put into Graveyard from Battlefield.
Zone Change: Torbran, Thane of Red Fell (201) was put into Graveyard from Battlefield.
Zone Change: Wilhelt, the Rotcleaver (301) was put into Graveyard from Battlefield.
Zone Change: Butcher Ghoul (268) was put into Graveyard from Battlefield.
Zone Change: Diregraf Captain (219) was put into Graveyard from Battlefield.
Zone Change: Lord of the Accursed (259) was put into Graveyard from Battlefield.
Zone Change: Wyleth, Soul of Steel (402) was put into Graveyard from Battlefield.
Zone Change: Ardenn, Intrepid Archaeologist (324) was put into Graveyard from Battlefield.
Zone Change: Stoneforge Mystic (316) was put into Graveyard from Battlefield.
Zone Change: Flux Channeler (34) was put into Graveyard from Battlefield.
Zone Change: Coretapper (31) was put into Graveyard from Battlefield.
Add To Stack: Ai(2)-Torbran Burn B3 triggered Repercussion
Add To Stack: Ai(2)-Torbran Burn B3 triggered Repercussion
Add To Stack: Ai(2)-Torbran Burn B3 triggered Repercussion
Add To Stack: Ai(2)-Torbran Burn B3 triggered Repercussion
Add To Stack: Ai(2)-Torbran Burn B3 triggered Repercussion
Add To Stack: Ai(2)-Torbran Burn B3 triggered Repercussion
Add To Stack: Ai(2)-Torbran Burn B3 triggered Repercussion
Add To Stack: Ai(2)-Torbran Burn B3 triggered Repercussion
Add To Stack: Ai(2)-Torbran Burn B3 triggered Repercussion
Add To Stack: Ai(2)-Torbran Burn B3 triggered Repercussion
Add To Stack: Ai(2)-Torbran Burn B3 triggered Repercussion
Add To Stack: Ai(2)-Torbran Burn B3 triggered Repercussion
Add To Stack: Ai(2)-Torbran Burn B3 triggered Repercussion
Add To Stack: Ai(3)-Wilhelt Zombies B3 triggered Diregraf Captain targeting [Ai(4)-Wyleth Voltron B3]
Add To Stack: Ai(3)-Wilhelt Zombies B3 triggered Diregraf Captain targeting [Ai(4)-Wyleth Voltron B3]
Add To Stack: Ai(3)-Wilhelt Zombies B3 triggered Butcher Ghoul
Add To Stack: Ai(3)-Wilhelt Zombies B3 triggered Diregraf Captain targeting [Ai(4)-Wyleth Voltron B3]
Add To Stack: Ai(3)-Wilhelt Zombies B3 triggered Wilhelt, the Rotcleaver
Add To Stack: Ai(3)-Wilhelt Zombies B3 triggered Wilhelt, the Rotcleaver
Add To Stack: Ai(3)-Wilhelt Zombies B3 triggered Wilhelt, the Rotcleaver
Mana: Pyromancer's Goggles (147) - {T}: Add {R}. When that mana is spent to cast a red instant or sorcery spell, copy that spell and you may choose new targets for the copy.
Mana: Mountain (159) - {T}: Add {R}.
Add To Stack: Ai(2)-Torbran Burn B3 cast Incinerate targeting [Ai(3)-Wilhelt Zombies B3]
Add To Stack: Ai(2)-Torbran Burn B3 triggered Pyromancer's Goggles
Resolve Stack: When that mana is spent to cast a red instant or sorcery spell, copy that spell and you may choose new targets for the copy. ([Incinerate deals 3 damage to any target. A creature dealt damage this way can't be regenerated this turn.  ]) [Card: Incinerate (141), Activator: Ai(2)-Torbran Burn B3, SpellAbility: Incinerate deals 3 damage to any target. A creature dealt damage this way can't be regenerated this turn.  ]
Add To Stack: Ai(2)-Torbran Burn B3 cast Incinerate targeting [Ai(3)-Wilhelt Zombies B3]
Damage: Incinerate (442) deals 3 non-combat damage to Ai(3)-Wilhelt Zombies B3.
Life: Life: Ai(3)-Wilhelt Zombies B3 3 > 0
Resolve Stack: Incinerate (442) - Incinerate (442) deals 3 damage to Ai(3)-Wilhelt Zombies B3.  
Resolve Stack: Incinerate ability fizzles.
Damage: Repercussion (119) deals 15 non-combat damage to Ai(4)-Wyleth Voltron B3.
Life: Life: Ai(4)-Wyleth Voltron B3 53 > 38
Resolve Stack: Whenever a creature is dealt damage, Repercussion deals that much damage to that creature's controller. [Damaged: Stoneforge Mystic (316), Amount: 15]
Damage: Repercussion (119) deals 15 non-combat damage to Ai(4)-Wyleth Voltron B3.
Life: Life: Ai(4)-Wyleth Voltron B3 38 > 23
Resolve Stack: Whenever a creature is dealt damage, Repercussion deals that much damage to that creature's controller. [Damaged: Ardenn, Intrepid Archaeologist (324), Amount: 15]
Damage: Repercussion (119) deals 15 non-combat damage to Ai(4)-Wyleth Voltron B3.
Life: Life: Ai(4)-Wyleth Voltron B3 23 > 8
Resolve Stack: Whenever a creature is dealt damage, Repercussion deals that much damage to that creature's controller. [Damaged: Wyleth, Soul of Steel (402), Amount: 15]
Damage: Repercussion (119) deals 15 non-combat damage to Ai(4)-Wyleth Voltron B3.
Life: Life: Ai(4)-Wyleth Voltron B3 8 > -7
Resolve Stack: Whenever a creature is dealt damage, Repercussion deals that much damage to that creature's controller. [Damaged: Danitha Capashen, Paragon (401), Amount: 15]
Resolve Stack: Whenever a creature is dealt damage, Repercussion deals that much damage to that creature's controller. [Damaged: Lord of the Accursed (259), Amount: 15]
Resolve Stack: Whenever a creature is dealt damage, Repercussion deals that much damage to that creature's controller. [Damaged: Diregraf Captain (219), Amount: 15]
Resolve Stack: Whenever a creature is dealt damage, Repercussion deals that much damage to that creature's controller. [Damaged: Butcher Ghoul (268), Amount: 15]
Resolve Stack: Whenever a creature is dealt damage, Repercussion deals that much damage to that creature's controller. [Damaged: Wilhelt, the Rotcleaver (301), Amount: 15]
Damage: Repercussion (119) deals 13 non-combat damage to Ai(2)-Torbran Burn B3.
Life: Life: Ai(2)-Torbran Burn B3 22 > 9
Resolve Stack: Whenever a creature is dealt damage, Repercussion deals that much damage to that creature's controller. [Damaged: Torbran, Thane of Red Fell (201), Amount: 13]
Damage: Repercussion (119) deals 13 non-combat damage to Ai(2)-Torbran Burn B3.
Life: Life: Ai(2)-Torbran Burn B3 9 > -4
Resolve Stack: Whenever a creature is dealt damage, Repercussion deals that much damage to that creature's controller. [Damaged: Electrostatic Field (106), Amount: 13]
Player Control: Ai(1)-Inspirit B3 v3 has restored control over themself
Player Control: Ai(2)-Torbran Burn B3 has restored control over themself
Player Control: Ai(3)-Wilhelt Zombies B3 has restored control over themself
Player Control: Ai(4)-Wyleth Voltron B3 has restored control over themself
Game Outcome: Turn 21
Game Outcome: Ai(1)-Inspirit B3 v3 has won because all opponents have lost
Game Outcome: Ai(2)-Torbran Burn B3 has lost because life total reached 0
Game Outcome: Ai(3)-Wilhelt Zombies B3 has lost because life total reached 0
Game Outcome: Ai(4)-Wyleth Voltron B3 has lost because life total reached 0
Match Result: Ai(1)-Inspirit B3 v3: 1 Ai(2)-Torbran Burn B3: 1 Ai(3)-Wilhelt Zombies B3: 0 Ai(4)-Wyleth Voltron B3: 1 

Game Result: Game 3 ended in 20131 ms. Ai(1)-Inspirit B3 v3 has won!

Warning: default (ie. inherited from base class) implementation of confirmAction is used by Torbran, Thane of Red Fell for forge.ai.ability.PermanentCreatureAi. Consider declaring an overloaded method
Warning: default (ie. inherited from base class) implementation of confirmAction is used by Wilhelt, the Rotcleaver for forge.ai.ability.PermanentCreatureAi. Consider declaring an overloaded method
Warning: default (ie. inherited from base class) implementation of confirmAction is used by Wyleth, Soul of Steel for forge.ai.ability.PermanentCreatureAi. Consider declaring an overloaded method
Mulligan: Ai(2)-Torbran Burn B3 has mulliganed down to 7 cards.
Mulligan: Ai(2)-Torbran Burn B3 has kept a hand of 7 cards
Mulligan: Ai(3)-Wilhelt Zombies B3 has kept a hand of 7 cards
Mulligan: Ai(4)-Wyleth Voltron B3 has kept a hand of 7 cards
Mulligan: Ai(1)-Inspirit B3 v3 has kept a hand of 7 cards
Turn: Turn 1 (Ai(2)-Torbran Burn B3)
Phase: Ai(2)-Torbran Burn B3's Untap step
Phase: Ai(2)-Torbran Burn B3's Upkeep step
Phase: Ai(2)-Torbran Burn B3's Draw step
Phase: Ai(2)-Torbran Burn B3's Main phase, precombat
Land: Ai(2)-Torbran Burn B3 played Mountain (164)
Phase: Ai(2)-Torbran Burn B3's Beginning of Combat Step
Phase: Ai(2)-Torbran Burn B3's Declare Attackers Step
Phase: Ai(2)-Torbran Burn B3's Declare Blockers Step
Phase: Ai(2)-Torbran Burn B3's First Strike Damage Step
Phase: Ai(2)-Torbran Burn B3's Combat Damage Step
Phase: Ai(2)-Torbran Burn B3's End of Combat Step
Phase: Ai(2)-Torbran Burn B3's Main phase, postcombat
Phase: Ai(2)-Torbran Burn B3's End step
Phase: Ai(2)-Torbran Burn B3's Cleanup step
Turn: Turn 2 (Ai(3)-Wilhelt Zombies B3)
Phase: Ai(3)-Wilhelt Zombies B3's Untap step
Phase: Ai(3)-Wilhelt Zombies B3's Upkeep step
Phase: Ai(3)-Wilhelt Zombies B3's Draw step
Phase: Ai(3)-Wilhelt Zombies B3's Main phase, precombat
Replacement Effect: As Watery Grave enters, you may pay 2 life. If you don't, it enters tapped.
Land: Ai(3)-Wilhelt Zombies B3 played Watery Grave (207)
Phase: Ai(3)-Wilhelt Zombies B3's Beginning of Combat Step
Phase: Ai(3)-Wilhelt Zombies B3's Declare Attackers Step
Phase: Ai(3)-Wilhelt Zombies B3's Declare Blockers Step
Phase: Ai(3)-Wilhelt Zombies B3's First Strike Damage Step
Phase: Ai(3)-Wilhelt Zombies B3's Combat Damage Step
Phase: Ai(3)-Wilhelt Zombies B3's End of Combat Step
Phase: Ai(3)-Wilhelt Zombies B3's Main phase, postcombat
Phase: Ai(3)-Wilhelt Zombies B3's End step
Phase: Ai(3)-Wilhelt Zombies B3's Cleanup step
Turn: Turn 3 (Ai(4)-Wyleth Voltron B3)
Phase: Ai(4)-Wyleth Voltron B3's Untap step
Phase: Ai(4)-Wyleth Voltron B3's Upkeep step
Phase: Ai(4)-Wyleth Voltron B3's Draw step
Phase: Ai(4)-Wyleth Voltron B3's Main phase, precombat
Land: Ai(4)-Wyleth Voltron B3 played Plains (368)
Phase: Ai(4)-Wyleth Voltron B3's Beginning of Combat Step
Phase: Ai(4)-Wyleth Voltron B3's Declare Attackers Step
Phase: Ai(4)-Wyleth Voltron B3's Declare Blockers Step
Phase: Ai(4)-Wyleth Voltron B3's First Strike Damage Step
Phase: Ai(4)-Wyleth Voltron B3's Combat Damage Step
Phase: Ai(4)-Wyleth Voltron B3's End of Combat Step
Phase: Ai(4)-Wyleth Voltron B3's Main phase, postcombat
Mana: Plains (368) - {T}: Add {W}.
Add To Stack: Ai(4)-Wyleth Voltron B3 cast Kor Duelist
Resolve Stack: Kor Duelist - Creature 1 / 1
Phase: Ai(4)-Wyleth Voltron B3's End step
Phase: Ai(4)-Wyleth Voltron B3's Cleanup step
Turn: Turn 4 (Ai(1)-Inspirit B3 v3)
Phase: Ai(1)-Inspirit B3 v3's Untap step
Phase: Ai(1)-Inspirit B3 v3's Upkeep step
Phase: Ai(1)-Inspirit B3 v3's Draw step
Phase: Ai(1)-Inspirit B3 v3's Main phase, precombat
Replacement Effect: This land enters tapped.
Land: Ai(1)-Inspirit B3 v3 played Glittering Massif (47)
Phase: Ai(1)-Inspirit B3 v3's Beginning of Combat Step
Phase: Ai(1)-Inspirit B3 v3's Declare Attackers Step
Phase: Ai(1)-Inspirit B3 v3's Declare Blockers Step
Phase: Ai(1)-Inspirit B3 v3's First Strike Damage Step
Phase: Ai(1)-Inspirit B3 v3's Combat Damage Step
Phase: Ai(1)-Inspirit B3 v3's End of Combat Step
Phase: Ai(1)-Inspirit B3 v3's Main phase, postcombat
Phase: Ai(1)-Inspirit B3 v3's End step
Phase: Ai(1)-Inspirit B3 v3's Cleanup step
Turn: Turn 5 (Ai(2)-Torbran Burn B3)
Phase: Ai(2)-Torbran Burn B3's Untap step
Phase: Ai(2)-Torbran Burn B3's Upkeep step
Phase: Ai(2)-Torbran Burn B3's Draw step
Phase: Ai(2)-Torbran Burn B3's Main phase, precombat
Land: Ai(2)-Torbran Burn B3 played Mountain (178)
Phase: Ai(2)-Torbran Burn B3's Beginning of Combat Step
Phase: Ai(2)-Torbran Burn B3's Declare Attackers Step
Phase: Ai(2)-Torbran Burn B3's Declare Blockers Step
Phase: Ai(2)-Torbran Burn B3's First Strike Damage Step
Phase: Ai(2)-Torbran Burn B3's Combat Damage Step
Phase: Ai(2)-Torbran Burn B3's End of Combat Step
Phase: Ai(2)-Torbran Burn B3's Main phase, postcombat
Mana: Mountain (164) - {T}: Add {R}.
Mana: Mountain (178) - {T}: Add {R}.
Add To Stack: Ai(2)-Torbran Burn B3 cast Firebrand Archer
Resolve Stack: Firebrand Archer - Creature 2 / 1
Phase: Ai(2)-Torbran Burn B3's End step
Phase: Ai(2)-Torbran Burn B3's Cleanup step
Turn: Turn 6 (Ai(3)-Wilhelt Zombies B3)
Phase: Ai(3)-Wilhelt Zombies B3's Untap step
Phase: Ai(3)-Wilhelt Zombies B3's Upkeep step
Phase: Ai(3)-Wilhelt Zombies B3's Draw step
Phase: Ai(3)-Wilhelt Zombies B3's Main phase, precombat
Land: Ai(3)-Wilhelt Zombies B3 played Swamp (282)
Phase: Ai(3)-Wilhelt Zombies B3's Beginning of Combat Step
Phase: Ai(3)-Wilhelt Zombies B3's Declare Attackers Step
Phase: Ai(3)-Wilhelt Zombies B3's Declare Blockers Step
Phase: Ai(3)-Wilhelt Zombies B3's First Strike Damage Step
Phase: Ai(3)-Wilhelt Zombies B3's Combat Damage Step
Phase: Ai(3)-Wilhelt Zombies B3's End of Combat Step
Phase: Ai(3)-Wilhelt Zombies B3's Main phase, postcombat
Mana: Swamp (282) - {T}: Add {B}.
Mana: Watery Grave (207) - {T}: Add {B}.
Add To Stack: Ai(3)-Wilhelt Zombies B3 cast Arcane Signet
Resolve Stack: Arcane Signet
Phase: Ai(3)-Wilhelt Zombies B3's End step
Phase: Ai(3)-Wilhelt Zombies B3's Cleanup step
Turn: Turn 7 (Ai(4)-Wyleth Voltron B3)
Phase: Ai(4)-Wyleth Voltron B3's Untap step
Phase: Ai(4)-Wyleth Voltron B3's Upkeep step
Phase: Ai(4)-Wyleth Voltron B3's Draw step
Phase: Ai(4)-Wyleth Voltron B3's Main phase, precombat
Mana: Plains (368) - {T}: Add {W}.
Add To Stack: Ai(4)-Wyleth Voltron B3 cast Bloodforged Battle-Axe
Resolve Stack: Bloodforged Battle-Axe
Phase: Ai(4)-Wyleth Voltron B3's Beginning of Combat Step
Phase: Ai(4)-Wyleth Voltron B3's Declare Attackers Step
Phase: Ai(4)-Wyleth Voltron B3's Declare Blockers Step
Phase: Ai(4)-Wyleth Voltron B3's First Strike Damage Step
Phase: Ai(4)-Wyleth Voltron B3's Combat Damage Step
Phase: Ai(4)-Wyleth Voltron B3's End of Combat Step
Phase: Ai(4)-Wyleth Voltron B3's Main phase, postcombat
Replacement Effect: Wind-Scarred Crag enters tapped.
Land: Ai(4)-Wyleth Voltron B3 played Wind-Scarred Crag (332)
Add To Stack: Ai(4)-Wyleth Voltron B3 triggered Wind-Scarred Crag
Life: Life: Ai(4)-Wyleth Voltron B3 40 > 41
Resolve Stack: When Wind-Scarred Crag enters, you gain 1 life. [Zone Changer: Wind-Scarred Crag (332)]
Phase: Ai(4)-Wyleth Voltron B3's End step
Phase: Ai(4)-Wyleth Voltron B3's Cleanup step
Turn: Turn 8 (Ai(1)-Inspirit B3 v3)
Phase: Ai(1)-Inspirit B3 v3's Untap step
Phase: Ai(1)-Inspirit B3 v3's Upkeep step
Phase: Ai(1)-Inspirit B3 v3's Draw step
Phase: Ai(1)-Inspirit B3 v3's Main phase, precombat
Land: Ai(1)-Inspirit B3 v3 played Adarkar Wastes (97)
Phase: Ai(1)-Inspirit B3 v3's Beginning of Combat Step
Phase: Ai(1)-Inspirit B3 v3's Declare Attackers Step
Phase: Ai(1)-Inspirit B3 v3's Declare Blockers Step
Phase: Ai(1)-Inspirit B3 v3's First Strike Damage Step
Phase: Ai(1)-Inspirit B3 v3's Combat Damage Step
Phase: Ai(1)-Inspirit B3 v3's End of Combat Step
Phase: Ai(1)-Inspirit B3 v3's Main phase, postcombat
Mana: Glittering Massif (47) - {T}: Add {R}.
Mana: Adarkar Wastes (97) - {T}: Add {C}.
Add To Stack: Ai(1)-Inspirit B3 v3 cast Steel Overseer
Resolve Stack: Steel Overseer - Creature 1 / 1
Phase: Ai(1)-Inspirit B3 v3's End step
Phase: Ai(1)-Inspirit B3 v3's Cleanup step
Turn: Turn 9 (Ai(2)-Torbran Burn B3)
Phase: Ai(2)-Torbran Burn B3's Untap step
Phase: Ai(2)-Torbran Burn B3's Upkeep step
Phase: Ai(2)-Torbran Burn B3's Draw step
Phase: Ai(2)-Torbran Burn B3's Main phase, precombat
Land: Ai(2)-Torbran Burn B3 played Shivan Gorge (138)
Mana: Mountain (164) - {T}: Add {R}.
Mana: Mountain (178) - {T}: Add {R}.
Mana: Shivan Gorge (138) - {T}: Add {C}.
Add To Stack: Ai(2)-Torbran Burn B3 cast Light Up the Stage
Add To Stack: Ai(2)-Torbran Burn B3 triggered Firebrand Archer
Damage: Firebrand Archer (197) deals 1 non-combat damage to Ai(1)-Inspirit B3 v3.
Damage: Firebrand Archer (197) deals 1 non-combat damage to Ai(3)-Wilhelt Zombies B3.
Damage: Firebrand Archer (197) deals 1 non-combat damage to Ai(4)-Wyleth Voltron B3.
Life: Life: Ai(1)-Inspirit B3 v3 40 > 39
Life: Life: Ai(3)-Wilhelt Zombies B3 40 > 39
Life: Life: Ai(4)-Wyleth Voltron B3 41 > 40
Resolve Stack: Whenever you cast a noncreature spell, Firebrand Archer deals 1 damage to each opponent. [Card: Light Up the Stage (198), Activator: Ai(2)-Torbran Burn B3, SpellAbility: Exile the top two cards of your library. Until the end of your next turn, you may play those cards.  ]
Resolve Stack: Light Up the Stage (198) - Ai(2)-Torbran Burn B3 exiles the top two cards of their library.  
Phase: Ai(2)-Torbran Burn B3's Beginning of Combat Step
Phase: Ai(2)-Torbran Burn B3's Declare Attackers Step
Phase: Ai(2)-Torbran Burn B3's Declare Blockers Step
Phase: Ai(2)-Torbran Burn B3's First Strike Damage Step
Phase: Ai(2)-Torbran Burn B3's Combat Damage Step
Phase: Ai(2)-Torbran Burn B3's End of Combat Step
Phase: Ai(2)-Torbran Burn B3's Main phase, postcombat
Phase: Ai(2)-Torbran Burn B3's End step
Phase: Ai(2)-Torbran Burn B3's Cleanup step
Turn: Turn 10 (Ai(3)-Wilhelt Zombies B3)
Phase: Ai(3)-Wilhelt Zombies B3's Untap step
Phase: Ai(3)-Wilhelt Zombies B3's Upkeep step
Phase: Ai(3)-Wilhelt Zombies B3's Draw step
Phase: Ai(3)-Wilhelt Zombies B3's Main phase, precombat
Phase: Ai(3)-Wilhelt Zombies B3's Beginning of Combat Step
Phase: Ai(3)-Wilhelt Zombies B3's Declare Attackers Step
Phase: Ai(3)-Wilhelt Zombies B3's Declare Blockers Step
Phase: Ai(3)-Wilhelt Zombies B3's First Strike Damage Step
Phase: Ai(3)-Wilhelt Zombies B3's Combat Damage Step
Phase: Ai(3)-Wilhelt Zombies B3's End of Combat Step
Phase: Ai(3)-Wilhelt Zombies B3's Main phase, postcombat
Replacement Effect: Temple of Deceit enters tapped.
Land: Ai(3)-Wilhelt Zombies B3 played Temple of Deceit (213)
Add To Stack: Ai(3)-Wilhelt Zombies B3 triggered Temple of Deceit
Resolve Stack: Ai(3)-Wilhelt Zombies B3 scried 1 card(s) to the top of the library
Resolve Stack: When Temple of Deceit enters, scry 1. [Zone Changer: Temple of Deceit (213)]
Mana: Swamp (282) - {T}: Add {B}.
Mana: Arcane Signet (295) - {T}: Add one mana of any color in your commander's color identity.
Add To Stack: Ai(3)-Wilhelt Zombies B3 cast Charcoal Diamond
Replacement Effect: Charcoal Diamond enters tapped.
Resolve Stack: Charcoal Diamond
Phase: Ai(3)-Wilhelt Zombies B3's End step
Phase: Ai(3)-Wilhelt Zombies B3's Cleanup step
Turn: Turn 11 (Ai(4)-Wyleth Voltron B3)
Phase: Ai(4)-Wyleth Voltron B3's Untap step
Phase: Ai(4)-Wyleth Voltron B3's Upkeep step
Phase: Ai(4)-Wyleth Voltron B3's Draw step
Phase: Ai(4)-Wyleth Voltron B3's Main phase, precombat
Land: Ai(4)-Wyleth Voltron B3 played Mountain (389)
Mana: Mountain (389) - {T}: Add {R}.
Mana: Plains (368) - {T}: Add {W}.
Add To Stack: Ai(4)-Wyleth Voltron B3 activated Bloodforged Battle-Axe targeting [Kor Duelist (369)]
Resolve Stack: Bloodforged Battle-Axe (334) -  Attach to Kor Duelist (369)
Phase: Ai(4)-Wyleth Voltron B3's Beginning of Combat Step
Phase: Ai(4)-Wyleth Voltron B3's Declare Attackers Step
Combat: Ai(4)-Wyleth Voltron B3 assigned Kor Duelist (369) to attack Ai(3)-Wilhelt Zombies B3.
Phase: Ai(4)-Wyleth Voltron B3's Declare Blockers Step
Combat: Ai(3)-Wilhelt Zombies B3 didn't block Kor Duelist (369).
Phase: Ai(4)-Wyleth Voltron B3's First Strike Damage Step
Damage: Kor Duelist (369) deals 3 combat damage to Ai(3)-Wilhelt Zombies B3.
Life: Life: Ai(3)-Wilhelt Zombies B3 39 > 36
Add To Stack: Ai(4)-Wyleth Voltron B3 triggered Bloodforged Battle-Axe
Resolve Stack: Whenever equipped creature deals combat damage to a player, create a token that's a copy of Bloodforged Battle-Axe. [Damage Source: Kor Duelist (369), Damaged: Ai(3)-Wilhelt Zombies B3, Amount: 3]
Phase: Ai(4)-Wyleth Voltron B3's Combat Damage Step
Damage: Kor Duelist (369) deals 3 combat damage to Ai(3)-Wilhelt Zombies B3.
Life: Life: Ai(3)-Wilhelt Zombies B3 36 > 33
Add To Stack: Ai(4)-Wyleth Voltron B3 triggered Bloodforged Battle-Axe
Resolve Stack: Whenever equipped creature deals combat damage to a player, create a token that's a copy of Bloodforged Battle-Axe. [Damage Source: Kor Duelist (369), Damaged: Ai(3)-Wilhelt Zombies B3, Amount: 3]
Phase: Ai(4)-Wyleth Voltron B3's End of Combat Step
Phase: Ai(4)-Wyleth Voltron B3's Main phase, postcombat
Phase: Ai(4)-Wyleth Voltron B3's End step
Phase: Ai(4)-Wyleth Voltron B3's Cleanup step
Turn: Turn 12 (Ai(1)-Inspirit B3 v3)
Phase: Ai(1)-Inspirit B3 v3's Untap step
Phase: Ai(1)-Inspirit B3 v3's Upkeep step
Phase: Ai(1)-Inspirit B3 v3's Draw step
Mana: Glittering Massif (47) - {T}: Add {W}.
Add To Stack: Ai(1)-Inspirit B3 v3 cast Swords to Plowshares targeting [Kor Duelist (369)]
Zone Change: Kor Duelist (369) was put into Exile from Battlefield.
Life: Life: Ai(4)-Wyleth Voltron B3 40 > 43
Resolve Stack: Swords to Plowshares (48) - Exile Kor Duelist (369). Ai(4)-Wyleth Voltron B3 gains life equal to its power.
Phase: Ai(1)-Inspirit B3 v3's Main phase, precombat
Land: Ai(1)-Inspirit B3 v3 played Academy Ruins (54)
Phase: Ai(1)-Inspirit B3 v3's Beginning of Combat Step
Phase: Ai(1)-Inspirit B3 v3's Declare Attackers Step
Combat: Ai(1)-Inspirit B3 v3 assigned Steel Overseer (3) to attack Ai(4)-Wyleth Voltron B3.
Phase: Ai(1)-Inspirit B3 v3's Declare Blockers Step
Combat: Ai(4)-Wyleth Voltron B3 didn't block Steel Overseer (3).
Phase: Ai(1)-Inspirit B3 v3's First Strike Damage Step
Phase: Ai(1)-Inspirit B3 v3's Combat Damage Step
Damage: Steel Overseer (3) deals 1 combat damage to Ai(4)-Wyleth Voltron B3.
Life: Life: Ai(4)-Wyleth Voltron B3 43 > 42
Phase: Ai(1)-Inspirit B3 v3's End of Combat Step
Phase: Ai(1)-Inspirit B3 v3's Main phase, postcombat
Phase: Ai(1)-Inspirit B3 v3's End step
Phase: Ai(1)-Inspirit B3 v3's Cleanup step
Turn: Turn 13 (Ai(2)-Torbran Burn B3)
Phase: Ai(2)-Torbran Burn B3's Untap step
Phase: Ai(2)-Torbran Burn B3's Upkeep step
Phase: Ai(2)-Torbran Burn B3's Draw step
Phase: Ai(2)-Torbran Burn B3's Main phase, precombat
Land: Ai(2)-Torbran Burn B3 played Mountain (171)
Mana: Mountain (164) - {T}: Add {R}.
Mana: Mountain (178) - {T}: Add {R}.
Mana: Mountain (171) - {T}: Add {R}.
Mana: Shivan Gorge (138) - {T}: Add {C}.
Add To Stack: Ai(2)-Torbran Burn B3 cast Torbran, Thane of Red Fell
Resolve Stack: Torbran, Thane of Red Fell - Creature 2 / 4
Phase: Ai(2)-Torbran Burn B3's Beginning of Combat Step
Phase: Ai(2)-Torbran Burn B3's Declare Attackers Step
Combat: Ai(2)-Torbran Burn B3 assigned Firebrand Archer (197) to attack Ai(4)-Wyleth Voltron B3.
Phase: Ai(2)-Torbran Burn B3's Declare Blockers Step
Combat: Ai(4)-Wyleth Voltron B3 didn't block Firebrand Archer (197).
Phase: Ai(2)-Torbran Burn B3's First Strike Damage Step
Phase: Ai(2)-Torbran Burn B3's Combat Damage Step
Replacement Effect: If a red source you control would deal damage to an opponent or a permanent an opponent controls, it deals that much damage plus 2 instead.
Damage: Firebrand Archer (197) deals 4 combat damage to Ai(4)-Wyleth Voltron B3.
Life: Life: Ai(4)-Wyleth Voltron B3 42 > 38
Phase: Ai(2)-Torbran Burn B3's End of Combat Step
Phase: Ai(2)-Torbran Burn B3's Main phase, postcombat
Phase: Ai(2)-Torbran Burn B3's End step
Phase: Ai(2)-Torbran Burn B3's Cleanup step
Turn: Turn 14 (Ai(3)-Wilhelt Zombies B3)
Phase: Ai(3)-Wilhelt Zombies B3's Untap step
Phase: Ai(3)-Wilhelt Zombies B3's Upkeep step
Mana: Swamp (282) - {T}: Add {B}.
Mana: Charcoal Diamond (258) - {T}: Add {B}.
Mana: Arcane Signet (295) - {T}: Add one mana of any color in your commander's color identity.
Add To Stack: Ai(3)-Wilhelt Zombies B3 cast Hero's Downfall targeting [Torbran, Thane of Red Fell (201)]
Zone Change: Torbran, Thane of Red Fell (201) was put into Graveyard from Battlefield.
Resolve Stack: Hero's Downfall (269) - Destroy Torbran, Thane of Red Fell (201).
Phase: Ai(3)-Wilhelt Zombies B3's Draw step
Phase: Ai(3)-Wilhelt Zombies B3's Main phase, precombat
Land: Ai(3)-Wilhelt Zombies B3 played Command Tower (214)
Phase: Ai(3)-Wilhelt Zombies B3's Beginning of Combat Step
Phase: Ai(3)-Wilhelt Zombies B3's Declare Attackers Step
Phase: Ai(3)-Wilhelt Zombies B3's Declare Blockers Step
Phase: Ai(3)-Wilhelt Zombies B3's First Strike Damage Step
Phase: Ai(3)-Wilhelt Zombies B3's Combat Damage Step
Phase: Ai(3)-Wilhelt Zombies B3's End of Combat Step
Phase: Ai(3)-Wilhelt Zombies B3's Main phase, postcombat
Phase: Ai(3)-Wilhelt Zombies B3's End step
Phase: Ai(3)-Wilhelt Zombies B3's Cleanup step
Turn: Turn 15 (Ai(4)-Wyleth Voltron B3)
Phase: Ai(4)-Wyleth Voltron B3's Untap step
Phase: Ai(4)-Wyleth Voltron B3's Upkeep step
Phase: Ai(4)-Wyleth Voltron B3's Draw step
Phase: Ai(4)-Wyleth Voltron B3's Main phase, precombat
Land: Ai(4)-Wyleth Voltron B3 played Mountain (379)
Phase: Ai(4)-Wyleth Voltron B3's Beginning of Combat Step
Phase: Ai(4)-Wyleth Voltron B3's Declare Attackers Step
Phase: Ai(4)-Wyleth Voltron B3's Declare Blockers Step
Phase: Ai(4)-Wyleth Voltron B3's First Strike Damage Step
Phase: Ai(4)-Wyleth Voltron B3's Combat Damage Step
Phase: Ai(4)-Wyleth Voltron B3's End of Combat Step
Phase: Ai(4)-Wyleth Voltron B3's Main phase, postcombat
Mana: Plains (368) - {T}: Add {W}.
Mana: Mountain (389) - {T}: Add {R}.
Mana: Mountain (379) - {T}: Add {R}.
Add To Stack: Ai(4)-Wyleth Voltron B3 cast Wyleth, Soul of Steel
Resolve Stack: Wyleth, Soul of Steel - Creature 2 / 2
Phase: Ai(4)-Wyleth Voltron B3's End step
Phase: Ai(4)-Wyleth Voltron B3's Cleanup step
Turn: Turn 16 (Ai(1)-Inspirit B3 v3)
Phase: Ai(1)-Inspirit B3 v3's Untap step
Phase: Ai(1)-Inspirit B3 v3's Upkeep step
Phase: Ai(1)-Inspirit B3 v3's Draw step
Phase: Ai(1)-Inspirit B3 v3's Main phase, precombat
Replacement Effect: Sulfur Falls enters tapped unless you control an Island or a Mountain.
Land: Ai(1)-Inspirit B3 v3 played Sulfur Falls (21)
Phase: Ai(1)-Inspirit B3 v3's Beginning of Combat Step
Phase: Ai(1)-Inspirit B3 v3's Declare Attackers Step
Phase: Ai(1)-Inspirit B3 v3's Declare Blockers Step
Phase: Ai(1)-Inspirit B3 v3's First Strike Damage Step
Phase: Ai(1)-Inspirit B3 v3's Combat Damage Step
Phase: Ai(1)-Inspirit B3 v3's End of Combat Step
Phase: Ai(1)-Inspirit B3 v3's Main phase, postcombat
Mana: Sulfur Falls (21) - {T}: Add {U} or {R}.
Mana: Glittering Massif (47) - {T}: Add {R}.
Mana: Academy Ruins (54) - {T}: Add {C}.
Add To Stack: Ai(1)-Inspirit B3 v3 cast Flux Channeler
Resolve Stack: Flux Channeler - Creature 2 / 2
Phase: Ai(1)-Inspirit B3 v3's End step
Add To Stack: Ai(1)-Inspirit B3 v3 activated Steel Overseer
Resolve Stack: Steel Overseer (3) - Put a +1/+1 counter on each valid permanent.
Phase: Ai(1)-Inspirit B3 v3's Cleanup step
Turn: Turn 17 (Ai(2)-Torbran Burn B3)
Phase: Ai(2)-Torbran Burn B3's Untap step
Phase: Ai(2)-Torbran Burn B3's Upkeep step
Phase: Ai(2)-Torbran Burn B3's Draw step
Phase: Ai(2)-Torbran Burn B3's Main phase, precombat
Mana: Mountain (164) - {T}: Add {R}.
Add To Stack: Ai(2)-Torbran Burn B3 cast Vandalblast targeting [Steel Overseer (3)]
Add To Stack: Ai(2)-Torbran Burn B3 triggered Firebrand Archer
Damage: Firebrand Archer (197) deals 1 non-combat damage to Ai(1)-Inspirit B3 v3.
Damage: Firebrand Archer (197) deals 1 non-combat damage to Ai(3)-Wilhelt Zombies B3.
Damage: Firebrand Archer (197) deals 1 non-combat damage to Ai(4)-Wyleth Voltron B3.
Life: Life: Ai(1)-Inspirit B3 v3 39 > 38
Life: Life: Ai(3)-Wilhelt Zombies B3 33 > 32
Life: Life: Ai(4)-Wyleth Voltron B3 38 > 37
Resolve Stack: Whenever you cast a noncreature spell, Firebrand Archer deals 1 damage to each opponent. [Card: Vandalblast (143), Activator: Ai(2)-Torbran Burn B3, SpellAbility: Destroy target artifact you don't control.]
Zone Change: Steel Overseer (3) was put into Graveyard from Battlefield.
Resolve Stack: Vandalblast (143) - Destroy Steel Overseer (3).
Phase: Ai(2)-Torbran Burn B3's Beginning of Combat Step
Phase: Ai(2)-Torbran Burn B3's Declare Attackers Step
Phase: Ai(2)-Torbran Burn B3's Declare Blockers Step
Phase: Ai(2)-Torbran Burn B3's First Strike Damage Step
Phase: Ai(2)-Torbran Burn B3's Combat Damage Step
Phase: Ai(2)-Torbran Burn B3's End of Combat Step
Phase: Ai(2)-Torbran Burn B3's Main phase, postcombat
Mana: Mountain (178) - {T}: Add {R}.
Mana: Mountain (171) - {T}: Add {R}.
Add To Stack: Ai(2)-Torbran Burn B3 cast Cemetery Gatekeeper
Resolve Stack: Cemetery Gatekeeper - Creature 2 / 1
Add To Stack: Ai(2)-Torbran Burn B3 triggered Cemetery Gatekeeper
Resolve Stack: When Cemetery Gatekeeper enters, exile a card from a graveyard. [Zone Changer: Cemetery Gatekeeper (195)]
Phase: Ai(2)-Torbran Burn B3's End step
Phase: Ai(2)-Torbran Burn B3's Cleanup step
Turn: Turn 18 (Ai(3)-Wilhelt Zombies B3)
Phase: Ai(3)-Wilhelt Zombies B3's Untap step
Phase: Ai(3)-Wilhelt Zombies B3's Upkeep step
Phase: Ai(3)-Wilhelt Zombies B3's Draw step
Phase: Ai(3)-Wilhelt Zombies B3's Main phase, precombat
Mana: Swamp (282) - {T}: Add {B}.
Mana: Charcoal Diamond (258) - {T}: Add {B}.
Mana: Arcane Signet (295) - {T}: Add one mana of any color in your commander's color identity.
Mana: Temple of Deceit (213) - {T}: Add {U} or {B}.
Add To Stack: Ai(3)-Wilhelt Zombies B3 cast Damnation
Add To Stack: Ai(4)-Wyleth Voltron B3 cast Flawless Maneuver
Resolve Stack: Flawless Maneuver (307) - Creatures you control gain indestructible until end of turn.
Zone Change: Flux Channeler (34) was put into Graveyard from Battlefield.
Zone Change: Firebrand Archer (197) was put into Graveyard from Battlefield.
Zone Change: Cemetery Gatekeeper (195) was put into Graveyard from Battlefield.
Resolve Stack: Damnation (222) - Destroy all creatures. They can't be regenerated.
Land: Ai(3)-Wilhelt Zombies B3 played Island (243)
Phase: Ai(3)-Wilhelt Zombies B3's Beginning of Combat Step
Phase: Ai(3)-Wilhelt Zombies B3's Declare Attackers Step
Phase: Ai(3)-Wilhelt Zombies B3's Declare Blockers Step
Phase: Ai(3)-Wilhelt Zombies B3's First Strike Damage Step
Phase: Ai(3)-Wilhelt Zombies B3's Combat Damage Step
Phase: Ai(3)-Wilhelt Zombies B3's End of Combat Step
Phase: Ai(3)-Wilhelt Zombies B3's Main phase, postcombat
Phase: Ai(3)-Wilhelt Zombies B3's End step
Phase: Ai(3)-Wilhelt Zombies B3's Cleanup step
Turn: Turn 19 (Ai(4)-Wyleth Voltron B3)
Phase: Ai(4)-Wyleth Voltron B3's Untap step
Phase: Ai(4)-Wyleth Voltron B3's Upkeep step
Phase: Ai(4)-Wyleth Voltron B3's Draw step
Phase: Ai(4)-Wyleth Voltron B3's Main phase, precombat
Land: Ai(4)-Wyleth Voltron B3 played Plains (360)
Mana: Plains (368) - {T}: Add {W}.
Mana: Plains (360) - {T}: Add {W}.
Add To Stack: Ai(4)-Wyleth Voltron B3 activated Bloodforged Battle-Axe targeting [Wyleth, Soul of Steel (402)]
Resolve Stack: Bloodforged Battle-Axe (334) -  Attach to Wyleth, Soul of Steel (402)
Mana: Mountain (389) - {T}: Add {R}.
Mana: Mountain (379) - {T}: Add {R}.
Add To Stack: Ai(4)-Wyleth Voltron B3 activated Bloodforged Battle-Axe targeting [Wyleth, Soul of Steel (402)]
Resolve Stack: Bloodforged Battle-Axe (406) -  Attach to Wyleth, Soul of Steel (402)
Phase: Ai(4)-Wyleth Voltron B3's Beginning of Combat Step
Phase: Ai(4)-Wyleth Voltron B3's Declare Attackers Step
Combat: Ai(4)-Wyleth Voltron B3 assigned Wyleth, Soul of Steel (402) to attack Ai(3)-Wilhelt Zombies B3.
Add To Stack: Ai(4)-Wyleth Voltron B3 triggered Wyleth, Soul of Steel
Resolve Stack: Whenever Wyleth, Soul of Steel attacks, draw a card for each Aura and Equipment attached to it. [Attacker: Wyleth, Soul of Steel (402)]
Phase: Ai(4)-Wyleth Voltron B3's Declare Blockers Step
Combat: Ai(3)-Wilhelt Zombies B3 didn't block Wyleth, Soul of Steel (402).
Phase: Ai(4)-Wyleth Voltron B3's First Strike Damage Step
Phase: Ai(4)-Wyleth Voltron B3's Combat Damage Step
Damage: Wyleth, Soul of Steel (402) deals 6 combat damage to Ai(3)-Wilhelt Zombies B3.
Life: Life: Ai(3)-Wilhelt Zombies B3 32 > 26
Add To Stack: Ai(4)-Wyleth Voltron B3 triggered Bloodforged Battle-Axe
Add To Stack: Ai(4)-Wyleth Voltron B3 triggered Bloodforged Battle-Axe
Resolve Stack: Whenever equipped creature deals combat damage to a player, create a token that's a copy of Bloodforged Battle-Axe. [Damage Source: Wyleth, Soul of Steel (402), Damaged: Ai(3)-Wilhelt Zombies B3, Amount: 6]
Resolve Stack: Whenever equipped creature deals combat damage to a player, create a token that's a copy of Bloodforged Battle-Axe. [Damage Source: Wyleth, Soul of Steel (402), Damaged: Ai(3)-Wilhelt Zombies B3, Amount: 6]
Phase: Ai(4)-Wyleth Voltron B3's End of Combat Step
Phase: Ai(4)-Wyleth Voltron B3's Main phase, postcombat
Mana: Wind-Scarred Crag (332) - {T}: Add {R} or {W}.
Add To Stack: Ai(4)-Wyleth Voltron B3 cast Shadowspear
Resolve Stack: Shadowspear
Phase: Ai(4)-Wyleth Voltron B3's End step
Phase: Ai(4)-Wyleth Voltron B3's Cleanup step
Turn: Turn 20 (Ai(1)-Inspirit B3 v3)
Phase: Ai(1)-Inspirit B3 v3's Untap step
Phase: Ai(1)-Inspirit B3 v3's Upkeep step
Phase: Ai(1)-Inspirit B3 v3's Draw step
Phase: Ai(1)-Inspirit B3 v3's Main phase, precombat
Land: Ai(1)-Inspirit B3 v3 played Mountain (86)
Phase: Ai(1)-Inspirit B3 v3's Beginning of Combat Step
Phase: Ai(1)-Inspirit B3 v3's Declare Attackers Step
Phase: Ai(1)-Inspirit B3 v3's Declare Blockers Step
Phase: Ai(1)-Inspirit B3 v3's First Strike Damage Step
Phase: Ai(1)-Inspirit B3 v3's Combat Damage Step
Phase: Ai(1)-Inspirit B3 v3's End of Combat Step
Phase: Ai(1)-Inspirit B3 v3's Main phase, postcombat
Mana: Sulfur Falls (21) - {T}: Add {U} or {R}.
Mana: Glittering Massif (47) - {T}: Add {W}.
Mana: Mountain (86) - {T}: Add {R}.
Add To Stack: Ai(1)-Inspirit B3 v3 cast Inspirit, Flagship Vessel
Resolve Stack: Inspirit, Flagship Vessel
Phase: Ai(1)-Inspirit B3 v3's End step
Phase: Ai(1)-Inspirit B3 v3's Cleanup step
Turn: Turn 21 (Ai(2)-Torbran Burn B3)
Phase: Ai(2)-Torbran Burn B3's Untap step
Phase: Ai(2)-Torbran Burn B3's Upkeep step
Phase: Ai(2)-Torbran Burn B3's Draw step
Phase: Ai(2)-Torbran Burn B3's Main phase, precombat
Land: Ai(2)-Torbran Burn B3 played Mountain (163)
Phase: Ai(2)-Torbran Burn B3's Beginning of Combat Step
Phase: Ai(2)-Torbran Burn B3's Declare Attackers Step
Phase: Ai(2)-Torbran Burn B3's Declare Blockers Step
Phase: Ai(2)-Torbran Burn B3's First Strike Damage Step
Phase: Ai(2)-Torbran Burn B3's Combat Damage Step
Phase: Ai(2)-Torbran Burn B3's End of Combat Step
Phase: Ai(2)-Torbran Burn B3's Main phase, postcombat
Mana: Mountain (164) - {T}: Add {R}.
Mana: Mountain (178) - {T}: Add {R}.
Mana: Mountain (171) - {T}: Add {R}.
Add To Stack: Ai(2)-Torbran Burn B3 cast Guttersnipe
Resolve Stack: Guttersnipe - Creature 2 / 2
Phase: Ai(2)-Torbran Burn B3's End step
Phase: Ai(2)-Torbran Burn B3's Cleanup step
Turn: Turn 22 (Ai(3)-Wilhelt Zombies B3)
Phase: Ai(3)-Wilhelt Zombies B3's Untap step
Phase: Ai(3)-Wilhelt Zombies B3's Upkeep step
Phase: Ai(3)-Wilhelt Zombies B3's Draw step
Phase: Ai(3)-Wilhelt Zombies B3's Main phase, precombat
Phase: Ai(3)-Wilhelt Zombies B3's Beginning of Combat Step
Phase: Ai(3)-Wilhelt Zombies B3's Declare Attackers Step
Phase: Ai(3)-Wilhelt Zombies B3's Declare Blockers Step
Phase: Ai(3)-Wilhelt Zombies B3's First Strike Damage Step
Phase: Ai(3)-Wilhelt Zombies B3's Combat Damage Step
Phase: Ai(3)-Wilhelt Zombies B3's End of Combat Step
Phase: Ai(3)-Wilhelt Zombies B3's Main phase, postcombat
Land: Ai(3)-Wilhelt Zombies B3 played Island (242)
Mana: Island (243) - {T}: Add {U}.
Mana: Swamp (282) - {T}: Add {B}.
Mana: Island (242) - {T}: Add {U}.
Mana: Charcoal Diamond (258) - {T}: Add {B}.
Add To Stack: Ai(3)-Wilhelt Zombies B3 cast Wilhelt, the Rotcleaver
Resolve Stack: Wilhelt, the Rotcleaver - Creature 3 / 3
Mana: Arcane Signet (295) - {T}: Add one mana of any color in your commander's color identity.
Mana: Temple of Deceit (213) - {T}: Add {U} or {B}.
Mana: Command Tower (214) - {T}: Add one mana of any color in your commander's color identity.
Mana: Watery Grave (207) - {T}: Add {B}.
Add To Stack: Ai(3)-Wilhelt Zombies B3 cast Endless Ranks of the Dead
Mana: Mountain (163) - {T}: Add {R}.
Mana: Shivan Gorge (138) - {T}: Add {C}.
Add To Stack: Ai(2)-Torbran Burn B3 cast Incinerate targeting [Wilhelt, the Rotcleaver (301)]
Add To Stack: Ai(2)-Torbran Burn B3 triggered Guttersnipe
Damage: Guttersnipe (193) deals 2 non-combat damage to Ai(1)-Inspirit B3 v3.
Damage: Guttersnipe (193) deals 2 non-combat damage to Ai(3)-Wilhelt Zombies B3.
Damage: Guttersnipe (193) deals 2 non-combat damage to Ai(4)-Wyleth Voltron B3.
Life: Life: Ai(1)-Inspirit B3 v3 38 > 36
Life: Life: Ai(3)-Wilhelt Zombies B3 26 > 24
Life: Life: Ai(4)-Wyleth Voltron B3 37 > 35
Resolve Stack: Whenever you cast an instant or sorcery spell, Guttersnipe deals 2 damage to each opponent. [Card: Incinerate (141), Activator: Ai(2)-Torbran Burn B3, SpellAbility: Incinerate deals 3 damage to any target. A creature dealt damage this way can't be regenerated this turn.  ]
Damage: Incinerate (141) deals 3 damage to Wilhelt, the Rotcleaver (301).
Resolve Stack: Incinerate (141) - Incinerate (141) deals 3 damage to Wilhelt, the Rotcleaver (301).  
Zone Change: Wilhelt, the Rotcleaver (301) was put into Graveyard from Battlefield.
Resolve Stack: Endless Ranks of the Dead
Phase: Ai(3)-Wilhelt Zombies B3's End step
Phase: Ai(3)-Wilhelt Zombies B3's Cleanup step
Turn: Turn 23 (Ai(4)-Wyleth Voltron B3)
Phase: Ai(4)-Wyleth Voltron B3's Untap step
Phase: Ai(4)-Wyleth Voltron B3's Upkeep step
Phase: Ai(4)-Wyleth Voltron B3's Draw step
Mana: Plains (368) - {T}: Add {W}.
Add To Stack: Ai(4)-Wyleth Voltron B3 cast Swords to Plowshares targeting [Guttersnipe (193)]
Zone Change: Guttersnipe (193) was put into Exile from Battlefield.
Life: Life: Ai(2)-Torbran Burn B3 40 > 42
Resolve Stack: Swords to Plowshares (347) - Exile Guttersnipe (193). Ai(2)-Torbran Burn B3 gains life equal to its power.
Phase: Ai(4)-Wyleth Voltron B3's Main phase, precombat
Land: Ai(4)-Wyleth Voltron B3 played Mountain (381)
Mana: Plains (360) - {T}: Add {W}.
Mana: Mountain (389) - {T}: Add {R}.
Add To Stack: Ai(4)-Wyleth Voltron B3 activated Bloodforged Battle-Axe targeting [Wyleth, Soul of Steel (402)]
Resolve Stack: Bloodforged Battle-Axe (408) -  Attach to Wyleth, Soul of Steel (402)
Mana: Mountain (379) - {T}: Add {R}.
Mana: Mountain (381) - {T}: Add {R}.
Add To Stack: Ai(4)-Wyleth Voltron B3 activated Bloodforged Battle-Axe targeting [Wyleth, Soul of Steel (402)]
Resolve Stack: Bloodforged Battle-Axe (410) -  Attach to Wyleth, Soul of Steel (402)
Phase: Ai(4)-Wyleth Voltron B3's Beginning of Combat Step
Phase: Ai(4)-Wyleth Voltron B3's Declare Attackers Step
Combat: Ai(4)-Wyleth Voltron B3 assigned Wyleth, Soul of Steel (402) to attack Ai(3)-Wilhelt Zombies B3.
Add To Stack: Ai(4)-Wyleth Voltron B3 triggered Wyleth, Soul of Steel
Resolve Stack: Whenever Wyleth, Soul of Steel attacks, draw a card for each Aura and Equipment attached to it. [Attacker: Wyleth, Soul of Steel (402)]
Phase: Ai(4)-Wyleth Voltron B3's Declare Blockers Step
Combat: Ai(3)-Wilhelt Zombies B3 didn't block Wyleth, Soul of Steel (402).
Phase: Ai(4)-Wyleth Voltron B3's First Strike Damage Step
Phase: Ai(4)-Wyleth Voltron B3's Combat Damage Step
Damage: Wyleth, Soul of Steel (402) deals 10 combat damage to Ai(3)-Wilhelt Zombies B3.
Life: Life: Ai(3)-Wilhelt Zombies B3 24 > 14
Add To Stack: Ai(4)-Wyleth Voltron B3 triggered Bloodforged Battle-Axe
Add To Stack: Ai(4)-Wyleth Voltron B3 triggered Bloodforged Battle-Axe
Add To Stack: Ai(4)-Wyleth Voltron B3 triggered Bloodforged Battle-Axe
Add To Stack: Ai(4)-Wyleth Voltron B3 triggered Bloodforged Battle-Axe
Resolve Stack: Whenever equipped creature deals combat damage to a player, create a token that's a copy of Bloodforged Battle-Axe. [Damage Source: Wyleth, Soul of Steel (402), Damaged: Ai(3)-Wilhelt Zombies B3, Amount: 10]
Resolve Stack: Whenever equipped creature deals combat damage to a player, create a token that's a copy of Bloodforged Battle-Axe. [Damage Source: Wyleth, Soul of Steel (402), Damaged: Ai(3)-Wilhelt Zombies B3, Amount: 10]
Resolve Stack: Whenever equipped creature deals combat damage to a player, create a token that's a copy of Bloodforged Battle-Axe. [Damage Source: Wyleth, Soul of Steel (402), Damaged: Ai(3)-Wilhelt Zombies B3, Amount: 10]
Resolve Stack: Whenever equipped creature deals combat damage to a player, create a token that's a copy of Bloodforged Battle-Axe. [Damage Source: Wyleth, Soul of Steel (402), Damaged: Ai(3)-Wilhelt Zombies B3, Amount: 10]
Phase: Ai(4)-Wyleth Voltron B3's End of Combat Step
Phase: Ai(4)-Wyleth Voltron B3's Main phase, postcombat
Phase: Ai(4)-Wyleth Voltron B3's End step
Phase: Ai(4)-Wyleth Voltron B3's Cleanup step
Discard: Ai(4)-Wyleth Voltron B3 discards Plains (366).
Turn: Turn 24 (Ai(1)-Inspirit B3 v3)
Phase: Ai(1)-Inspirit B3 v3's Untap step
Phase: Ai(1)-Inspirit B3 v3's Upkeep step
Phase: Ai(1)-Inspirit B3 v3's Draw step
Phase: Ai(1)-Inspirit B3 v3's Main phase, precombat
Land: Ai(1)-Inspirit B3 v3 played Great Furnace (96)
Phase: Ai(1)-Inspirit B3 v3's Beginning of Combat Step
Phase: Ai(1)-Inspirit B3 v3's Declare Attackers Step
Phase: Ai(1)-Inspirit B3 v3's Declare Blockers Step
Phase: Ai(1)-Inspirit B3 v3's First Strike Damage Step
Phase: Ai(1)-Inspirit B3 v3's Combat Damage Step
Phase: Ai(1)-Inspirit B3 v3's End of Combat Step
Phase: Ai(1)-Inspirit B3 v3's Main phase, postcombat
Phase: Ai(1)-Inspirit B3 v3's End step
Phase: Ai(1)-Inspirit B3 v3's Cleanup step
Turn: Turn 25 (Ai(2)-Torbran Burn B3)
Phase: Ai(2)-Torbran Burn B3's Untap step
Phase: Ai(2)-Torbran Burn B3's Upkeep step
Phase: Ai(2)-Torbran Burn B3's Draw step
Phase: Ai(2)-Torbran Burn B3's Main phase, precombat
Phase: Ai(2)-Torbran Burn B3's Beginning of Combat Step
Phase: Ai(2)-Torbran Burn B3's Declare Attackers Step
Phase: Ai(2)-Torbran Burn B3's Declare Blockers Step
Phase: Ai(2)-Torbran Burn B3's First Strike Damage Step
Phase: Ai(2)-Torbran Burn B3's Combat Damage Step
Phase: Ai(2)-Torbran Burn B3's End of Combat Step
Phase: Ai(2)-Torbran Burn B3's Main phase, postcombat
Mana: Mountain (164) - {T}: Add {R}.
Mana: Mountain (178) - {T}: Add {R}.
Add To Stack: Ai(2)-Torbran Burn B3 cast Arcane Signet
Resolve Stack: Arcane Signet
Phase: Ai(2)-Torbran Burn B3's End step
Phase: Ai(2)-Torbran Burn B3's Cleanup step
Turn: Turn 26 (Ai(3)-Wilhelt Zombies B3)
Phase: Ai(3)-Wilhelt Zombies B3's Untap step
Phase: Ai(3)-Wilhelt Zombies B3's Upkeep step
Add To Stack: Ai(3)-Wilhelt Zombies B3 triggered Endless Ranks of the Dead
Resolve Stack: At the beginning of your upkeep, create X 2/2 black Zombie creature tokens, where X is half the number of Zombies you control, rounded down. [Phase: Ai(3)-Wilhelt Zombies B3]
Phase: Ai(3)-Wilhelt Zombies B3's Draw step
Phase: Ai(3)-Wilhelt Zombies B3's Main phase, precombat
Phase: Ai(3)-Wilhelt Zombies B3's Beginning of Combat Step
Phase: Ai(3)-Wilhelt Zombies B3's Declare Attackers Step
Phase: Ai(3)-Wilhelt Zombies B3's Declare Blockers Step
Phase: Ai(3)-Wilhelt Zombies B3's First Strike Damage Step
Phase: Ai(3)-Wilhelt Zombies B3's Combat Damage Step
Phase: Ai(3)-Wilhelt Zombies B3's End of Combat Step
Phase: Ai(3)-Wilhelt Zombies B3's Main phase, postcombat
Replacement Effect: Sunken Hollow enters tapped unless you control two or more basic lands.
Land: Ai(3)-Wilhelt Zombies B3 played Sunken Hollow (220)
Mana: Island (243) - {T}: Add {U}.
Mana: Swamp (282) - {T}: Add {B}.
Mana: Charcoal Diamond (258) - {T}: Add {B}.
Mana: Island (242) - {T}: Add {U}.
Mana: Arcane Signet (295) - {T}: Add one mana of any color in your commander's color identity.
Mana: Temple of Deceit (213) - {T}: Add {U} or {B}.
Add To Stack: Ai(3)-Wilhelt Zombies B3 cast Wilhelt, the Rotcleaver
Resolve Stack: Wilhelt, the Rotcleaver - Creature 3 / 3
Phase: Ai(3)-Wilhelt Zombies B3's End step
Add To Stack: Ai(3)-Wilhelt Zombies B3 triggered Wilhelt, the Rotcleaver
Resolve Stack: At the beginning of your end step, you may sacrifice a Zombie. If you do, draw a card. [Phase: Ai(3)-Wilhelt Zombies B3]
Phase: Ai(3)-Wilhelt Zombies B3's Cleanup step
Turn: Turn 27 (Ai(4)-Wyleth Voltron B3)
Phase: Ai(4)-Wyleth Voltron B3's Untap step
Phase: Ai(4)-Wyleth Voltron B3's Upkeep step
Mana: Plains (368) - {T}: Add {W}.
Mana: Plains (360) - {T}: Add {W}.
Mana: Mountain (389) - {T}: Add {R}.
Mana: Mountain (379) - {T}: Add {R}.
Add To Stack: Ai(4)-Wyleth Voltron B3 cast Akroma's Will
Resolve Stack: Akroma's Will (314) -  Creatures you control gain flying, vigilance, and double strike until end of turn. Creatures you control gain lifelink, indestructible, and protection from each color until end of turn.
Phase: Ai(4)-Wyleth Voltron B3's Draw step
Phase: Ai(4)-Wyleth Voltron B3's Main phase, precombat
Land: Ai(4)-Wyleth Voltron B3 played Inventors' Fair (304)
Mana: Mountain (381) - {T}: Add {R}.
Mana: Wind-Scarred Crag (332) - {T}: Add {R} or {W}.
Add To Stack: Ai(4)-Wyleth Voltron B3 activated Bloodforged Battle-Axe targeting [Wyleth, Soul of Steel (402)]
Resolve Stack: Bloodforged Battle-Axe (412) -  Attach to Wyleth, Soul of Steel (402)
Phase: Ai(4)-Wyleth Voltron B3's Beginning of Combat Step
Phase: Ai(4)-Wyleth Voltron B3's Declare Attackers Step
Combat: Ai(4)-Wyleth Voltron B3 assigned Wyleth, Soul of Steel (402) to attack Ai(3)-Wilhelt Zombies B3.
Add To Stack: Ai(4)-Wyleth Voltron B3 triggered Wyleth, Soul of Steel
Resolve Stack: Whenever Wyleth, Soul of Steel attacks, draw a card for each Aura and Equipment attached to it. [Attacker: Wyleth, Soul of Steel (402)]
Phase: Ai(4)-Wyleth Voltron B3's Declare Blockers Step
Combat: Ai(3)-Wilhelt Zombies B3 didn't block Wyleth, Soul of Steel (402).
Phase: Ai(4)-Wyleth Voltron B3's First Strike Damage Step
Damage: Wyleth, Soul of Steel (402) deals 12 combat damage to Ai(3)-Wilhelt Zombies B3.
Life: Life: Ai(4)-Wyleth Voltron B3 35 > 47
Life: Life: Ai(3)-Wilhelt Zombies B3 14 > 2
Add To Stack: Ai(4)-Wyleth Voltron B3 triggered Bloodforged Battle-Axe
Add To Stack: Ai(4)-Wyleth Voltron B3 triggered Bloodforged Battle-Axe
Add To Stack: Ai(4)-Wyleth Voltron B3 triggered Bloodforged Battle-Axe
Add To Stack: Ai(4)-Wyleth Voltron B3 triggered Bloodforged Battle-Axe
Add To Stack: Ai(4)-Wyleth Voltron B3 triggered Bloodforged Battle-Axe
Resolve Stack: Whenever equipped creature deals combat damage to a player, create a token that's a copy of Bloodforged Battle-Axe. [Damage Source: Wyleth, Soul of Steel (402), Damaged: Ai(3)-Wilhelt Zombies B3, Amount: 12]
Resolve Stack: Whenever equipped creature deals combat damage to a player, create a token that's a copy of Bloodforged Battle-Axe. [Damage Source: Wyleth, Soul of Steel (402), Damaged: Ai(3)-Wilhelt Zombies B3, Amount: 12]
Resolve Stack: Whenever equipped creature deals combat damage to a player, create a token that's a copy of Bloodforged Battle-Axe. [Damage Source: Wyleth, Soul of Steel (402), Damaged: Ai(3)-Wilhelt Zombies B3, Amount: 12]
Resolve Stack: Whenever equipped creature deals combat damage to a player, create a token that's a copy of Bloodforged Battle-Axe. [Damage Source: Wyleth, Soul of Steel (402), Damaged: Ai(3)-Wilhelt Zombies B3, Amount: 12]
Resolve Stack: Whenever equipped creature deals combat damage to a player, create a token that's a copy of Bloodforged Battle-Axe. [Damage Source: Wyleth, Soul of Steel (402), Damaged: Ai(3)-Wilhelt Zombies B3, Amount: 12]
Phase: Ai(4)-Wyleth Voltron B3's Combat Damage Step
Phase: Ai(4)-Wyleth Voltron B3's End of Combat Step
Phase: Ai(4)-Wyleth Voltron B3's Main phase, postcombat
Phase: Ai(4)-Wyleth Voltron B3's End step
Phase: Ai(4)-Wyleth Voltron B3's Cleanup step
Discard: Ai(4)-Wyleth Voltron B3 discards Plains (357).
Discard: Ai(4)-Wyleth Voltron B3 discards Mountain (385).
Discard: Ai(4)-Wyleth Voltron B3 discards Plains (358).
Discard: Ai(4)-Wyleth Voltron B3 discards Mind Stone (309).
Turn: Turn 28 (Ai(1)-Inspirit B3 v3)
Phase: Ai(1)-Inspirit B3 v3's Untap step
Phase: Ai(1)-Inspirit B3 v3's Upkeep step
Phase: Ai(1)-Inspirit B3 v3's Draw step
Phase: Ai(1)-Inspirit B3 v3's Main phase, precombat
Replacement Effect: This land enters tapped.
Land: Ai(1)-Inspirit B3 v3 played Adagia, Windswept Bastion (59)
Phase: Ai(1)-Inspirit B3 v3's Beginning of Combat Step
Phase: Ai(1)-Inspirit B3 v3's Declare Attackers Step
Phase: Ai(1)-Inspirit B3 v3's Declare Blockers Step
Phase: Ai(1)-Inspirit B3 v3's First Strike Damage Step
Phase: Ai(1)-Inspirit B3 v3's Combat Damage Step
Phase: Ai(1)-Inspirit B3 v3's End of Combat Step
Phase: Ai(1)-Inspirit B3 v3's Main phase, postcombat
Mana: Glittering Massif (47) - {T}: Add {W}.
Mana: Mountain (86) - {T}: Add {R}.
Mana: Great Furnace (96) - {T}: Add {R}.
Add To Stack: Ai(1)-Inspirit B3 v3 cast Resourceful Defense
Resolve Stack: Resourceful Defense
Phase: Ai(1)-Inspirit B3 v3's End step
Mana: Mountain (171) - {T}: Add {R}.
Mana: Mountain (163) - {T}: Add {R}.
Mana: Arcane Signet (199) - {T}: Add one mana of any color in your commander's color identity.
Add To Stack: Ai(2)-Torbran Burn B3 activated Shivan Gorge
Damage: Shivan Gorge (138) deals 1 non-combat damage to Ai(1)-Inspirit B3 v3.
Damage: Shivan Gorge (138) deals 1 non-combat damage to Ai(4)-Wyleth Voltron B3.
Life: Life: Ai(1)-Inspirit B3 v3 36 > 35
Life: Life: Ai(4)-Wyleth Voltron B3 47 > 46
Resolve Stack: Shivan Gorge (138) - Shivan Gorge (138) deals 1 damage to Ai(1)-Inspirit B3 v3 and Ai(4)-Wyleth Voltron B3.
Phase: Ai(1)-Inspirit B3 v3's Cleanup step
Turn: Turn 29 (Ai(2)-Torbran Burn B3)
Phase: Ai(2)-Torbran Burn B3's Untap step
Phase: Ai(2)-Torbran Burn B3's Upkeep step
Phase: Ai(2)-Torbran Burn B3's Draw step
Phase: Ai(2)-Torbran Burn B3's Main phase, precombat
Land: Ai(2)-Torbran Burn B3 played Mountain (174)
Phase: Ai(2)-Torbran Burn B3's Beginning of Combat Step
Phase: Ai(2)-Torbran Burn B3's Declare Attackers Step
Phase: Ai(2)-Torbran Burn B3's Declare Blockers Step
Phase: Ai(2)-Torbran Burn B3's First Strike Damage Step
Phase: Ai(2)-Torbran Burn B3's Combat Damage Step
Phase: Ai(2)-Torbran Burn B3's End of Combat Step
Phase: Ai(2)-Torbran Burn B3's Main phase, postcombat
Mana: Mountain (164) - {T}: Add {R}.
Mana: Mountain (178) - {T}: Add {R}.
Mana: Mountain (171) - {T}: Add {R}.
Mana: Mountain (163) - {T}: Add {R}.
Mana: Arcane Signet (199) - {T}: Add one mana of any color in your commander's color identity.
Mana: Mountain (174) - {T}: Add {R}.
Add To Stack: Ai(2)-Torbran Burn B3 cast Torbran, Thane of Red Fell
Resolve Stack: Torbran, Thane of Red Fell - Creature 2 / 4
Phase: Ai(2)-Torbran Burn B3's End step
Phase: Ai(2)-Torbran Burn B3's Cleanup step
Turn: Turn 30 (Ai(4)-Wyleth Voltron B3)
Phase: Ai(4)-Wyleth Voltron B3's Untap step
Phase: Ai(4)-Wyleth Voltron B3's Upkeep step
Add To Stack: Ai(4)-Wyleth Voltron B3 triggered Inventors' Fair
Life: Life: Ai(4)-Wyleth Voltron B3 46 > 47
Resolve Stack: At the beginning of your upkeep, if you control three or more artifacts, you gain 1 life. [Phase: Ai(4)-Wyleth Voltron B3]
Phase: Ai(4)-Wyleth Voltron B3's Draw step
Phase: Ai(4)-Wyleth Voltron B3's Main phase, precombat
Mana: Mountain (389) - {T}: Add {R}.
Mana: Mountain (379) - {T}: Add {R}.
Mana: Mountain (381) - {T}: Add {R}.
Add To Stack: Ai(4)-Wyleth Voltron B3 cast Chaos Warp targeting [Torbran, Thane of Red Fell (201)]
Replacement Effect: If a commander would be put into its owner's hand or library from anywhere, its owner may put it into the command zone instead.
Resolve Stack: Chaos Warp (335) - Shuffle Torbran, Thane of Red Fell (201) into its owner's library. Ai(4)-Wyleth Voltron B3 reveals the top card of Ai(2)-Torbran Burn B3's library.
Mana: Plains (368) - {T}: Add {W}.
Mana: Plains (360) - {T}: Add {W}.
Add To Stack: Ai(4)-Wyleth Voltron B3 activated Shadowspear targeting [Wyleth, Soul of Steel (402)]
Resolve Stack: Shadowspear (312) -  Attach to Wyleth, Soul of Steel (402)
Mana: Wind-Scarred Crag (332) - {T}: Add {R} or {W}.
Mana: Inventors' Fair (304) - {T}: Add {C}.
Add To Stack: Ai(4)-Wyleth Voltron B3 activated Bloodforged Battle-Axe targeting [Wyleth, Soul of Steel (402)]
Resolve Stack: Bloodforged Battle-Axe (415) -  Attach to Wyleth, Soul of Steel (402)
Phase: Ai(4)-Wyleth Voltron B3's Beginning of Combat Step
Phase: Ai(4)-Wyleth Voltron B3's Declare Attackers Step
Combat: Ai(4)-Wyleth Voltron B3 assigned Wyleth, Soul of Steel (402) to attack Ai(1)-Inspirit B3 v3.
Add To Stack: Ai(4)-Wyleth Voltron B3 triggered Wyleth, Soul of Steel
Resolve Stack: Whenever Wyleth, Soul of Steel attacks, draw a card for each Aura and Equipment attached to it. [Attacker: Wyleth, Soul of Steel (402)]
Phase: Ai(4)-Wyleth Voltron B3's Declare Blockers Step
Combat: Ai(1)-Inspirit B3 v3 didn't block Wyleth, Soul of Steel (402).
Phase: Ai(4)-Wyleth Voltron B3's First Strike Damage Step
Phase: Ai(4)-Wyleth Voltron B3's Combat Damage Step
Damage: Wyleth, Soul of Steel (402) deals 15 combat damage to Ai(1)-Inspirit B3 v3.
Life: Life: Ai(4)-Wyleth Voltron B3 47 > 62
Life: Life: Ai(1)-Inspirit B3 v3 35 > 20
Add To Stack: Ai(4)-Wyleth Voltron B3 triggered Bloodforged Battle-Axe
Add To Stack: Ai(4)-Wyleth Voltron B3 triggered Bloodforged Battle-Axe
Add To Stack: Ai(4)-Wyleth Voltron B3 triggered Bloodforged Battle-Axe
Add To Stack: Ai(4)-Wyleth Voltron B3 triggered Bloodforged Battle-Axe
Add To Stack: Ai(4)-Wyleth Voltron B3 triggered Bloodforged Battle-Axe
Add To Stack: Ai(4)-Wyleth Voltron B3 triggered Bloodforged Battle-Axe
Resolve Stack: Whenever equipped creature deals combat damage to a player, create a token that's a copy of Bloodforged Battle-Axe. [Damage Source: Wyleth, Soul of Steel (402), Damaged: Ai(1)-Inspirit B3 v3, Amount: 15]
Resolve Stack: Whenever equipped creature deals combat damage to a player, create a token that's a copy of Bloodforged Battle-Axe. [Damage Source: Wyleth, Soul of Steel (402), Damaged: Ai(1)-Inspirit B3 v3, Amount: 15]
Resolve Stack: Whenever equipped creature deals combat damage to a player, create a token that's a copy of Bloodforged Battle-Axe. [Damage Source: Wyleth, Soul of Steel (402), Damaged: Ai(1)-Inspirit B3 v3, Amount: 15]
Resolve Stack: Whenever equipped creature deals combat damage to a player, create a token that's a copy of Bloodforged Battle-Axe. [Damage Source: Wyleth, Soul of Steel (402), Damaged: Ai(1)-Inspirit B3 v3, Amount: 15]
Resolve Stack: Whenever equipped creature deals combat damage to a player, create a token that's a copy of Bloodforged Battle-Axe. [Damage Source: Wyleth, Soul of Steel (402), Damaged: Ai(1)-Inspirit B3 v3, Amount: 15]
Resolve Stack: Whenever equipped creature deals combat damage to a player, create a token that's a copy of Bloodforged Battle-Axe. [Damage Source: Wyleth, Soul of Steel (402), Damaged: Ai(1)-Inspirit B3 v3, Amount: 15]
Phase: Ai(4)-Wyleth Voltron B3's End of Combat Step
Phase: Ai(4)-Wyleth Voltron B3's Main phase, postcombat
Land: Ai(4)-Wyleth Voltron B3 played Battlefield Forge (321)
Damage: Battlefield Forge (321) deals 1 non-combat damage to Ai(4)-Wyleth Voltron B3.
Life: Life: Ai(4)-Wyleth Voltron B3 62 > 61
Mana: Battlefield Forge (321) - {T}: Add {R} or {W}. Battlefield Forge deals 1 damage to you. 
Add To Stack: Ai(4)-Wyleth Voltron B3 cast Kitesail Apprentice
Resolve Stack: Kitesail Apprentice - Creature 1 / 1
Phase: Ai(4)-Wyleth Voltron B3's End step
Phase: Ai(4)-Wyleth Voltron B3's Cleanup step
Discard: Ai(4)-Wyleth Voltron B3 discards Mountain (388).
Discard: Ai(4)-Wyleth Voltron B3 discards Clifftop Retreat (330).
Discard: Ai(4)-Wyleth Voltron B3 discards Sol Ring (317).
Discard: Ai(4)-Wyleth Voltron B3 discards Mask of Memory (342).
Discard: Ai(4)-Wyleth Voltron B3 discards Loxodon Warhammer (400).
Turn: Turn 31 (Ai(1)-Inspirit B3 v3)
Phase: Ai(1)-Inspirit B3 v3's Untap step
Phase: Ai(1)-Inspirit B3 v3's Upkeep step
Phase: Ai(1)-Inspirit B3 v3's Draw step
Phase: Ai(1)-Inspirit B3 v3's Main phase, precombat
Land: Ai(1)-Inspirit B3 v3 played Command Tower (8)
Phase: Ai(1)-Inspirit B3 v3's Beginning of Combat Step
Phase: Ai(1)-Inspirit B3 v3's Declare Attackers Step
Phase: Ai(1)-Inspirit B3 v3's Declare Blockers Step
Phase: Ai(1)-Inspirit B3 v3's First Strike Damage Step
Phase: Ai(1)-Inspirit B3 v3's Combat Damage Step
Phase: Ai(1)-Inspirit B3 v3's End of Combat Step
Phase: Ai(1)-Inspirit B3 v3's Main phase, postcombat
Phase: Ai(1)-Inspirit B3 v3's End step
Phase: Ai(1)-Inspirit B3 v3's Cleanup step
Turn: Turn 32 (Ai(2)-Torbran Burn B3)
Phase: Ai(2)-Torbran Burn B3's Untap step
Phase: Ai(2)-Torbran Burn B3's Upkeep step
Phase: Ai(2)-Torbran Burn B3's Draw step
Phase: Ai(2)-Torbran Burn B3's Main phase, precombat
Land: Ai(2)-Torbran Burn B3 played Mountain (154)
Phase: Ai(2)-Torbran Burn B3's Beginning of Combat Step
Phase: Ai(2)-Torbran Burn B3's Declare Attackers Step
Phase: Ai(2)-Torbran Burn B3's Declare Blockers Step
Phase: Ai(2)-Torbran Burn B3's First Strike Damage Step
Phase: Ai(2)-Torbran Burn B3's Combat Damage Step
Phase: Ai(2)-Torbran Burn B3's End of Combat Step
Phase: Ai(2)-Torbran Burn B3's Main phase, postcombat
Mana: Mountain (164) - {T}: Add {R}.
Mana: Mountain (178) - {T}: Add {R}.
Mana: Mountain (171) - {T}: Add {R}.
Mana: Mountain (163) - {T}: Add {R}.
Mana: Arcane Signet (199) - {T}: Add one mana of any color in your commander's color identity.
Mana: Mountain (174) - {T}: Add {R}.
Mana: Mountain (158) - {T}: Add {R}.
Mana: Mountain (154) - {T}: Add {R}.
Add To Stack: Ai(2)-Torbran Burn B3 cast City on Fire
Resolve Stack: City on Fire
Phase: Ai(2)-Torbran Burn B3's End step
Phase: Ai(2)-Torbran Burn B3's Cleanup step
Turn: Turn 33 (Ai(4)-Wyleth Voltron B3)
Phase: Ai(4)-Wyleth Voltron B3's Untap step
Phase: Ai(4)-Wyleth Voltron B3's Upkeep step
Add To Stack: Ai(4)-Wyleth Voltron B3 triggered Inventors' Fair
Life: Life: Ai(4)-Wyleth Voltron B3 61 > 62
Resolve Stack: At the beginning of your upkeep, if you control three or more artifacts, you gain 1 life. [Phase: Ai(4)-Wyleth Voltron B3]
Phase: Ai(4)-Wyleth Voltron B3's Draw step
Phase: Ai(4)-Wyleth Voltron B3's Main phase, precombat
Mana: Mountain (389) - {T}: Add {R}.
Mana: Mountain (379) - {T}: Add {R}.
Add To Stack: Ai(4)-Wyleth Voltron B3 activated Bloodforged Battle-Axe targeting [Wyleth, Soul of Steel (402)]
Resolve Stack: Bloodforged Battle-Axe (417) -  Attach to Wyleth, Soul of Steel (402)
Mana: Mountain (381) - {T}: Add {R}.
Mana: Plains (368) - {T}: Add {W}.
Add To Stack: Ai(4)-Wyleth Voltron B3 activated Bloodforged Battle-Axe targeting [Wyleth, Soul of Steel (402)]
Resolve Stack: Bloodforged Battle-Axe (419) -  Attach to Wyleth, Soul of Steel (402)
Mana: Plains (360) - {T}: Add {W}.
Mana: Wind-Scarred Crag (332) - {T}: Add {R} or {W}.
Add To Stack: Ai(4)-Wyleth Voltron B3 activated Bloodforged Battle-Axe targeting [Wyleth, Soul of Steel (402)]
Resolve Stack: Bloodforged Battle-Axe (421) -  Attach to Wyleth, Soul of Steel (402)
Mana: Inventors' Fair (304) - {T}: Add {C}.
Mana: Battlefield Forge (321) - {T}: Add {C}.
Add To Stack: Ai(4)-Wyleth Voltron B3 activated Bloodforged Battle-Axe targeting [Wyleth, Soul of Steel (402)]
Resolve Stack: Bloodforged Battle-Axe (425) -  Attach to Wyleth, Soul of Steel (402)
Phase: Ai(4)-Wyleth Voltron B3's Beginning of Combat Step
Phase: Ai(4)-Wyleth Voltron B3's Declare Attackers Step
Combat: Ai(4)-Wyleth Voltron B3 assigned Wyleth, Soul of Steel (402) and Kitesail Apprentice (397) to attack Ai(2)-Torbran Burn B3.
Add To Stack: Ai(4)-Wyleth Voltron B3 triggered Wyleth, Soul of Steel
Resolve Stack: Whenever Wyleth, Soul of Steel attacks, draw a card for each Aura and Equipment attached to it. [Attacker: Wyleth, Soul of Steel (402)]
Phase: Ai(4)-Wyleth Voltron B3's Declare Blockers Step
Combat: Ai(2)-Torbran Burn B3 didn't block Wyleth, Soul of Steel (402).
Ai(2)-Torbran Burn B3 didn't block Kitesail Apprentice (397).
Phase: Ai(4)-Wyleth Voltron B3's First Strike Damage Step
Phase: Ai(4)-Wyleth Voltron B3's Combat Damage Step
Damage: Wyleth, Soul of Steel (402) deals 23 combat damage to Ai(2)-Torbran Burn B3.
Life: Life: Ai(4)-Wyleth Voltron B3 62 > 85
Damage: Kitesail Apprentice (397) deals 1 combat damage to Ai(2)-Torbran Burn B3.
Life: Life: Ai(2)-Torbran Burn B3 42 > 18
Add To Stack: Ai(4)-Wyleth Voltron B3 triggered Bloodforged Battle-Axe
Add To Stack: Ai(4)-Wyleth Voltron B3 triggered Bloodforged Battle-Axe
Add To Stack: Ai(4)-Wyleth Voltron B3 triggered Bloodforged Battle-Axe
Add To Stack: Ai(4)-Wyleth Voltron B3 triggered Bloodforged Battle-Axe
Add To Stack: Ai(4)-Wyleth Voltron B3 triggered Bloodforged Battle-Axe
Add To Stack: Ai(4)-Wyleth Voltron B3 triggered Bloodforged Battle-Axe
Add To Stack: Ai(4)-Wyleth Voltron B3 triggered Bloodforged Battle-Axe
Add To Stack: Ai(4)-Wyleth Voltron B3 triggered Bloodforged Battle-Axe
Add To Stack: Ai(4)-Wyleth Voltron B3 triggered Bloodforged Battle-Axe
Add To Stack: Ai(4)-Wyleth Voltron B3 triggered Bloodforged Battle-Axe
Resolve Stack: Whenever equipped creature deals combat damage to a player, create a token that's a copy of Bloodforged Battle-Axe. [Damage Source: Wyleth, Soul of Steel (402), Damaged: Ai(2)-Torbran Burn B3, Amount: 23]
Resolve Stack: Whenever equipped creature deals combat damage to a player, create a token that's a copy of Bloodforged Battle-Axe. [Damage Source: Wyleth, Soul of Steel (402), Damaged: Ai(2)-Torbran Burn B3, Amount: 23]
Resolve Stack: Whenever equipped creature deals combat damage to a player, create a token that's a copy of Bloodforged Battle-Axe. [Damage Source: Wyleth, Soul of Steel (402), Damaged: Ai(2)-Torbran Burn B3, Amount: 23]
Resolve Stack: Whenever equipped creature deals combat damage to a player, create a token that's a copy of Bloodforged Battle-Axe. [Damage Source: Wyleth, Soul of Steel (402), Damaged: Ai(2)-Torbran Burn B3, Amount: 23]
Resolve Stack: Whenever equipped creature deals combat damage to a player, create a token that's a copy of Bloodforged Battle-Axe. [Damage Source: Wyleth, Soul of Steel (402), Damaged: Ai(2)-Torbran Burn B3, Amount: 23]
Resolve Stack: Whenever equipped creature deals combat damage to a player, create a token that's a copy of Bloodforged Battle-Axe. [Damage Source: Wyleth, Soul of Steel (402), Damaged: Ai(2)-Torbran Burn B3, Amount: 23]
Resolve Stack: Whenever equipped creature deals combat damage to a player, create a token that's a copy of Bloodforged Battle-Axe. [Damage Source: Wyleth, Soul of Steel (402), Damaged: Ai(2)-Torbran Burn B3, Amount: 23]
Resolve Stack: Whenever equipped creature deals combat damage to a player, create a token that's a copy of Bloodforged Battle-Axe. [Damage Source: Wyleth, Soul of Steel (402), Damaged: Ai(2)-Torbran Burn B3, Amount: 23]
Resolve Stack: Whenever equipped creature deals combat damage to a player, create a token that's a copy of Bloodforged Battle-Axe. [Damage Source: Wyleth, Soul of Steel (402), Damaged: Ai(2)-Torbran Burn B3, Amount: 23]
Resolve Stack: Whenever equipped creature deals combat damage to a player, create a token that's a copy of Bloodforged Battle-Axe. [Damage Source: Wyleth, Soul of Steel (402), Damaged: Ai(2)-Torbran Burn B3, Amount: 23]
Phase: Ai(4)-Wyleth Voltron B3's End of Combat Step
Phase: Ai(4)-Wyleth Voltron B3's Main phase, postcombat
Land: Ai(4)-Wyleth Voltron B3 played Rogue's Passage (322)
Mana: Rogue's Passage (322) - {T}: Add {C}.
Add To Stack: Ai(4)-Wyleth Voltron B3 cast Colossus Hammer
Resolve Stack: Colossus Hammer
Phase: Ai(4)-Wyleth Voltron B3's End step
Phase: Ai(4)-Wyleth Voltron B3's Cleanup step
Discard: Ai(4)-Wyleth Voltron B3 discards Mountain (390).
Discard: Ai(4)-Wyleth Voltron B3 discards Plains (354).
Discard: Ai(4)-Wyleth Voltron B3 discards Faithless Looting (343).
Discard: Ai(4)-Wyleth Voltron B3 discards Arcane Signet (399).
Discard: Ai(4)-Wyleth Voltron B3 discards Lightning Greaves (396).
Discard: Ai(4)-Wyleth Voltron B3 discards Champion's Helm (377).
Discard: Ai(4)-Wyleth Voltron B3 discards Hammer of Nazahn (308).
Discard: Ai(4)-Wyleth Voltron B3 discards Auriok Steelshaper (319).
Discard: Ai(4)-Wyleth Voltron B3 discards Stoneforge Mystic (316).
Discard: Ai(4)-Wyleth Voltron B3 discards Leonin Shikari (375).
Turn: Turn 34 (Ai(1)-Inspirit B3 v3)
Phase: Ai(1)-Inspirit B3 v3's Untap step
Phase: Ai(1)-Inspirit B3 v3's Upkeep step
Phase: Ai(1)-Inspirit B3 v3's Draw step
Phase: Ai(1)-Inspirit B3 v3's Main phase, precombat
Mana: Glittering Massif (47) - {T}: Add {W}.
Mana: Command Tower (8) - {T}: Add one mana of any color in your commander's color identity.
Mana: Mountain (86) - {T}: Add {R}.
Mana: Great Furnace (96) - {T}: Add {R}.
Mana: Sulfur Falls (21) - {T}: Add {U} or {R}.
Add To Stack: Ai(1)-Inspirit B3 v3 cast Fumigate
Zone Change: Wyleth, Soul of Steel (402) was put into Graveyard from Battlefield.
Zone Change: Kitesail Apprentice (397) was put into Graveyard from Battlefield.
Life: Life: Ai(1)-Inspirit B3 v3 20 > 22
Resolve Stack: Fumigate (44) - Destroy all creatures. You gain 1 life for each creature destroyed this way. Ai(1)-Inspirit B3 v3 gains 0 life. 
Phase: Ai(1)-Inspirit B3 v3's Beginning of Combat Step
Phase: Ai(1)-Inspirit B3 v3's Declare Attackers Step
Phase: Ai(1)-Inspirit B3 v3's Declare Blockers Step
Phase: Ai(1)-Inspirit B3 v3's First Strike Damage Step
Phase: Ai(1)-Inspirit B3 v3's Combat Damage Step
Phase: Ai(1)-Inspirit B3 v3's End of Combat Step
Phase: Ai(1)-Inspirit B3 v3's Main phase, postcombat
Replacement Effect: Silverbluff Bridge enters tapped.
Land: Ai(1)-Inspirit B3 v3 played Silverbluff Bridge (28)
Phase: Ai(1)-Inspirit B3 v3's End step
Phase: Ai(1)-Inspirit B3 v3's Cleanup step
Turn: Turn 35 (Ai(4)-Wyleth Voltron B3)
Phase: Ai(4)-Wyleth Voltron B3's Untap step
Phase: Ai(4)-Wyleth Voltron B3's Upkeep step
Add To Stack: Ai(4)-Wyleth Voltron B3 triggered Inventors' Fair
Life: Life: Ai(4)-Wyleth Voltron B3 85 > 86
Resolve Stack: At the beginning of your upkeep, if you control three or more artifacts, you gain 1 life. [Phase: Ai(4)-Wyleth Voltron B3]
Phase: Ai(4)-Wyleth Voltron B3's Draw step
Phase: Ai(4)-Wyleth Voltron B3's Main phase, precombat
Land: Ai(4)-Wyleth Voltron B3 played Plains (363)
Phase: Ai(4)-Wyleth Voltron B3's Beginning of Combat Step
Phase: Ai(4)-Wyleth Voltron B3's Declare Attackers Step
Phase: Ai(4)-Wyleth Voltron B3's Declare Blockers Step
Phase: Ai(4)-Wyleth Voltron B3's First Strike Damage Step
Phase: Ai(4)-Wyleth Voltron B3's Combat Damage Step
Phase: Ai(4)-Wyleth Voltron B3's End of Combat Step
Phase: Ai(4)-Wyleth Voltron B3's Main phase, postcombat
Mana: Plains (368) - {T}: Add {W}.
Mana: Plains (360) - {T}: Add {W}.
Mana: Mountain (389) - {T}: Add {R}.
Mana: Mountain (379) - {T}: Add {R}.
Mana: Mountain (381) - {T}: Add {R}.
Add To Stack: Ai(4)-Wyleth Voltron B3 cast Stonehewer Giant
Resolve Stack: Stonehewer Giant - Creature 4 / 4
Mana: Plains (363) - {T}: Add {W}.
Mana: Wind-Scarred Crag (332) - {T}: Add {R} or {W}.
Mana: Inventors' Fair (304) - {T}: Add {C}.
Add To Stack: Ai(4)-Wyleth Voltron B3 cast Danitha Capashen, Paragon
Resolve Stack: Danitha Capashen, Paragon - Creature 2 / 2
Damage: Battlefield Forge (321) deals 1 non-combat damage to Ai(4)-Wyleth Voltron B3.
Life: Life: Ai(4)-Wyleth Voltron B3 86 > 85
Mana: Battlefield Forge (321) - {T}: Add {R} or {W}. Battlefield Forge deals 1 damage to you. 
Mana: Rogue's Passage (322) - {T}: Add {C}.
Add To Stack: Ai(4)-Wyleth Voltron B3 cast Sunspear Shikari
Resolve Stack: Sunspear Shikari - Creature 2 / 2
Phase: Ai(4)-Wyleth Voltron B3's End step
Phase: Ai(4)-Wyleth Voltron B3's Cleanup step
Turn: Turn 36 (Ai(1)-Inspirit B3 v3)
Phase: Ai(1)-Inspirit B3 v3's Untap step
Phase: Ai(1)-Inspirit B3 v3's Upkeep step
Phase: Ai(1)-Inspirit B3 v3's Draw step
Phase: Ai(1)-Inspirit B3 v3's Main phase, precombat
Phase: Ai(1)-Inspirit B3 v3's Beginning of Combat Step
Phase: Ai(1)-Inspirit B3 v3's Declare Attackers Step
Phase: Ai(1)-Inspirit B3 v3's Declare Blockers Step
Phase: Ai(1)-Inspirit B3 v3's First Strike Damage Step
Phase: Ai(1)-Inspirit B3 v3's Combat Damage Step
Phase: Ai(1)-Inspirit B3 v3's End of Combat Step
Phase: Ai(1)-Inspirit B3 v3's Main phase, postcombat
Mana: Sulfur Falls (21) - {T}: Add {U} or {R}.
Add To Stack: Ai(1)-Inspirit B3 v3 cast Emry, Lurker of the Loch
Resolve Stack: Emry, Lurker of the Loch - Creature 1 / 2
Add To Stack: Ai(1)-Inspirit B3 v3 triggered Emry, Lurker of the Loch
Zone Change: Ai(1)-Inspirit B3 v3 milled Battlefield Forge (16), Mountain (88), Tekuthal, Inquiry Dominus (30) and Ancient Den (89).
Resolve Stack: When Emry, Lurker of the Loch enters, mill four cards. [Zone Changer: Emry, Lurker of the Loch (49)]
Phase: Ai(1)-Inspirit B3 v3's End step
Phase: Ai(1)-Inspirit B3 v3's Cleanup step
Turn: Turn 37 (Ai(4)-Wyleth Voltron B3)
Phase: Ai(4)-Wyleth Voltron B3's Untap step
Phase: Ai(4)-Wyleth Voltron B3's Upkeep step
Add To Stack: Ai(4)-Wyleth Voltron B3 triggered Inventors' Fair
Life: Life: Ai(4)-Wyleth Voltron B3 85 > 86
Resolve Stack: At the beginning of your upkeep, if you control three or more artifacts, you gain 1 life. [Phase: Ai(4)-Wyleth Voltron B3]
Phase: Ai(4)-Wyleth Voltron B3's Draw step
Phase: Ai(4)-Wyleth Voltron B3's Main phase, precombat
Land: Ai(4)-Wyleth Voltron B3 played Mountain (378)
Mana: Mountain (389) - {T}: Add {R}.
Mana: Mountain (379) - {T}: Add {R}.
Mana: Mountain (381) - {T}: Add {R}.
Mana: Mountain (378) - {T}: Add {R}.
Mana: Plains (368) - {T}: Add {W}.
Mana: Plains (360) - {T}: Add {W}.
Mana: Plains (363) - {T}: Add {W}.
Mana: Wind-Scarred Crag (332) - {T}: Add {R} or {W}.
Add To Stack: Ai(4)-Wyleth Voltron B3 activated Colossus Hammer targeting [Sunspear Shikari (345)]
Resolve Stack: Colossus Hammer (333) -  Attach to Sunspear Shikari (345)
Mana: Inventors' Fair (304) - {T}: Add {C}.
Mana: Rogue's Passage (322) - {T}: Add {C}.
Add To Stack: Ai(4)-Wyleth Voltron B3 activated Bloodforged Battle-Axe targeting [Sunspear Shikari (345)]
Resolve Stack: Bloodforged Battle-Axe (334) -  Attach to Sunspear Shikari (345)
Phase: Ai(4)-Wyleth Voltron B3's Beginning of Combat Step
Phase: Ai(4)-Wyleth Voltron B3's Declare Attackers Step
Combat: Ai(4)-Wyleth Voltron B3 assigned Sunspear Shikari (345), Stonehewer Giant (323) and Danitha Capashen, Paragon (401) to attack Ai(1)-Inspirit B3 v3.
Phase: Ai(4)-Wyleth Voltron B3's Declare Blockers Step
Combat: Ai(1)-Inspirit B3 v3 assigned Emry, Lurker of the Loch (49) to block Sunspear Shikari (345).
Ai(1)-Inspirit B3 v3 didn't block Stonehewer Giant (323).
Ai(1)-Inspirit B3 v3 didn't block Danitha Capashen, Paragon (401).
Phase: Ai(4)-Wyleth Voltron B3's First Strike Damage Step
Damage: Sunspear Shikari (345) deals 14 damage to Emry, Lurker of the Loch (49).
Life: Life: Ai(4)-Wyleth Voltron B3 86 > 100
Damage: Danitha Capashen, Paragon (401) deals 2 combat damage to Ai(1)-Inspirit B3 v3.
Life: Life: Ai(4)-Wyleth Voltron B3 100 > 102
Life: Life: Ai(1)-Inspirit B3 v3 22 > 20
Zone Change: Emry, Lurker of the Loch (49) was put into Graveyard from Battlefield.
Phase: Ai(4)-Wyleth Voltron B3's Combat Damage Step
Damage: Stonehewer Giant (323) deals 4 combat damage to Ai(1)-Inspirit B3 v3.
Life: Life: Ai(1)-Inspirit B3 v3 20 > 16
Phase: Ai(4)-Wyleth Voltron B3's End of Combat Step
Phase: Ai(4)-Wyleth Voltron B3's Main phase, postcombat
Phase: Ai(4)-Wyleth Voltron B3's End step
Mana: Silverbluff Bridge (28) - {T}: Add {U} or {R}.
Mana: Mountain (86) - {T}: Add {R}.
Add To Stack: Ai(1)-Inspirit B3 v3 activated Academy Ruins targeting [Ancient Den (89)]
Resolve Stack: Academy Ruins (54) - Put Ancient Den (89) from the graveyard on top of its owner's library.
Phase: Ai(4)-Wyleth Voltron B3's Cleanup step
Turn: Turn 38 (Ai(1)-Inspirit B3 v3)
Phase: Ai(1)-Inspirit B3 v3's Untap step
Phase: Ai(1)-Inspirit B3 v3's Upkeep step
Phase: Ai(1)-Inspirit B3 v3's Draw step
Phase: Ai(1)-Inspirit B3 v3's Main phase, precombat
Land: Ai(1)-Inspirit B3 v3 played Ancient Den (89)
Phase: Ai(1)-Inspirit B3 v3's Beginning of Combat Step
Phase: Ai(1)-Inspirit B3 v3's Declare Attackers Step
Phase: Ai(1)-Inspirit B3 v3's Declare Blockers Step
Phase: Ai(1)-Inspirit B3 v3's First Strike Damage Step
Phase: Ai(1)-Inspirit B3 v3's Combat Damage Step
Phase: Ai(1)-Inspirit B3 v3's End of Combat Step
Phase: Ai(1)-Inspirit B3 v3's Main phase, postcombat
Phase: Ai(1)-Inspirit B3 v3's End step
Phase: Ai(1)-Inspirit B3 v3's Cleanup step
Turn: Turn 39 (Ai(4)-Wyleth Voltron B3)
Phase: Ai(4)-Wyleth Voltron B3's Untap step
Phase: Ai(4)-Wyleth Voltron B3's Upkeep step
Add To Stack: Ai(4)-Wyleth Voltron B3 triggered Inventors' Fair
Life: Life: Ai(4)-Wyleth Voltron B3 102 > 103
Resolve Stack: At the beginning of your upkeep, if you control three or more artifacts, you gain 1 life. [Phase: Ai(4)-Wyleth Voltron B3]
Phase: Ai(4)-Wyleth Voltron B3's Draw step
Phase: Ai(4)-Wyleth Voltron B3's Main phase, precombat
Land: Ai(4)-Wyleth Voltron B3 played Mountain (382)
Mana: Mountain (389) - {T}: Add {R}.
Mana: Mountain (379) - {T}: Add {R}.
Add To Stack: Ai(4)-Wyleth Voltron B3 activated Bloodforged Battle-Axe targeting [Sunspear Shikari (345)]
Resolve Stack: Bloodforged Battle-Axe (406) -  Attach to Sunspear Shikari (345)
Mana: Mountain (381) - {T}: Add {R}.
Mana: Mountain (378) - {T}: Add {R}.
Add To Stack: Ai(4)-Wyleth Voltron B3 activated Bloodforged Battle-Axe targeting [Sunspear Shikari (345)]
Resolve Stack: Bloodforged Battle-Axe (408) -  Attach to Sunspear Shikari (345)
Mana: Mountain (382) - {T}: Add {R}.
Mana: Plains (368) - {T}: Add {W}.
Add To Stack: Ai(4)-Wyleth Voltron B3 activated Bloodforged Battle-Axe targeting [Sunspear Shikari (345)]
Resolve Stack: Bloodforged Battle-Axe (410) -  Attach to Sunspear Shikari (345)
Mana: Plains (360) - {T}: Add {W}.
Mana: Plains (363) - {T}: Add {W}.
Add To Stack: Ai(4)-Wyleth Voltron B3 activated Bloodforged Battle-Axe targeting [Sunspear Shikari (345)]
Resolve Stack: Bloodforged Battle-Axe (412) -  Attach to Sunspear Shikari (345)
Mana: Wind-Scarred Crag (332) - {T}: Add {R} or {W}.
Mana: Inventors' Fair (304) - {T}: Add {C}.
Add To Stack: Ai(4)-Wyleth Voltron B3 activated Shadowspear targeting [Sunspear Shikari (345)]
Resolve Stack: Shadowspear (312) -  Attach to Sunspear Shikari (345)
Mana: Rogue's Passage (322) - {T}: Add {C}.
Mana: Battlefield Forge (321) - {T}: Add {C}.
Add To Stack: Ai(4)-Wyleth Voltron B3 activated Bloodforged Battle-Axe targeting [Sunspear Shikari (345)]
Resolve Stack: Bloodforged Battle-Axe (415) -  Attach to Sunspear Shikari (345)
Phase: Ai(4)-Wyleth Voltron B3's Beginning of Combat Step
Phase: Ai(4)-Wyleth Voltron B3's Declare Attackers Step
Combat: Ai(4)-Wyleth Voltron B3 assigned Sunspear Shikari (345), Stonehewer Giant (323) and Danitha Capashen, Paragon (401) to attack Ai(1)-Inspirit B3 v3.
Phase: Ai(4)-Wyleth Voltron B3's Declare Blockers Step
Combat: Ai(1)-Inspirit B3 v3 didn't block Sunspear Shikari (345).
Ai(1)-Inspirit B3 v3 didn't block Stonehewer Giant (323).
Ai(1)-Inspirit B3 v3 didn't block Danitha Capashen, Paragon (401).
Phase: Ai(4)-Wyleth Voltron B3's First Strike Damage Step
Damage: Sunspear Shikari (345) deals 25 combat damage to Ai(1)-Inspirit B3 v3.
Life: Life: Ai(4)-Wyleth Voltron B3 103 > 128
Damage: Danitha Capashen, Paragon (401) deals 2 combat damage to Ai(1)-Inspirit B3 v3.
Life: Life: Ai(4)-Wyleth Voltron B3 128 > 130
Life: Life: Ai(1)-Inspirit B3 v3 16 > -11
Player Control: Ai(1)-Inspirit B3 v3 has restored control over themself
Player Control: Ai(2)-Torbran Burn B3 has restored control over themself
Player Control: Ai(3)-Wilhelt Zombies B3 has restored control over themself
Player Control: Ai(4)-Wyleth Voltron B3 has restored control over themself
Game Outcome: Turn 20
Game Outcome: Ai(1)-Inspirit B3 v3 has lost because life total reached 0
Game Outcome: Ai(2)-Torbran Burn B3 has lost due to accumulation of 21 damage from generals
Game Outcome: Ai(3)-Wilhelt Zombies B3 has lost due to accumulation of 21 damage from generals
Game Outcome: Ai(4)-Wyleth Voltron B3 has won because all opponents have lost
Match Result: Ai(1)-Inspirit B3 v3: 1 Ai(2)-Torbran Burn B3: 1 Ai(3)-Wilhelt Zombies B3: 0 Ai(4)-Wyleth Voltron B3: 2 

Game Result: Game 4 ended in 36561 ms. Ai(4)-Wyleth Voltron B3 has won!

