Error handling registered!
22:00:33 [INFO ] GuiBase: ##########################################
22:00:33 [INFO ] GuiBase: APP: Forge v.2.0.13-SNAPSHOT-06.22
22:00:33 [INFO ] GuiBase: Java: 17.0.20 (Homebrew)
22:00:33 [INFO ] GuiBase: OS: Mac OS X 15.7.5 aarch64
22:00:33 [INFO ] GuiBase: RAM: 4096 MB max, 12 CPUs
22:00:33 [INFO ] GuiBase: ##########################################
Language 'en-US' loaded successfully.
(ThreadUtil first call): Running with priority 5
Read cards: 33319 archived files in 0 ms (25 parts) using thread pool
Read cards: 821 files in 0 ms (8 parts) using thread pool
Simulation mode
Ai(1)-Krenko Goblins vs Ai(2)-Drana Vampires vs Ai(3)-Selvala Ramp vs Ai(4)-Talrand Control - five games of Commander
Stopping slow match as draw
Mulligan: Ai(3)-Selvala Ramp has mulliganed down to 7 cards.
Mulligan: Ai(3)-Selvala Ramp has mulliganed down to 6 cards.
Mulligan: Ai(4)-Talrand Control has kept a hand of 7 cards
Mulligan: Ai(1)-Krenko Goblins has kept a hand of 7 cards
Mulligan: Ai(2)-Drana Vampires has kept a hand of 7 cards
Mulligan: Ai(3)-Selvala Ramp has kept a hand of 6 cards
Turn: Turn 1 (Ai(4)-Talrand Control)
Phase: Ai(4)-Talrand Control's Untap step
Phase: Ai(4)-Talrand Control's Upkeep step
Phase: Ai(4)-Talrand Control's Draw step
Phase: Ai(4)-Talrand Control's Main phase, precombat
Land: Ai(4)-Talrand Control played Island (342)
Phase: Ai(4)-Talrand Control's Beginning of Combat Step
Phase: Ai(4)-Talrand Control's Declare Attackers Step
Phase: Ai(4)-Talrand Control's Declare Blockers Step
Phase: Ai(4)-Talrand Control's First Strike Damage Step
Phase: Ai(4)-Talrand Control's Combat Damage Step
Phase: Ai(4)-Talrand Control's End of Combat Step
Phase: Ai(4)-Talrand Control's Main phase, postcombat
Phase: Ai(4)-Talrand Control's End step
Phase: Ai(4)-Talrand Control's Cleanup step
Turn: Turn 2 (Ai(1)-Krenko Goblins)
Phase: Ai(1)-Krenko Goblins' Untap step
Phase: Ai(1)-Krenko Goblins' Upkeep step
Phase: Ai(1)-Krenko Goblins' Draw step
Phase: Ai(1)-Krenko Goblins' Main phase, precombat
Land: Ai(1)-Krenko Goblins played Mountain (56)
Mana: Mountain (56) - {T}: Add {R}.
Add To Stack: Ai(1)-Krenko Goblins cast Raging Goblin
Resolve Stack: Raging Goblin - Creature 1 / 1
Phase: Ai(1)-Krenko Goblins' Beginning of Combat Step
Phase: Ai(1)-Krenko Goblins' Declare Attackers Step
Combat: Ai(1)-Krenko Goblins assigned Raging Goblin (49) to attack Ai(4)-Talrand Control.
Phase: Ai(1)-Krenko Goblins' Declare Blockers Step
Combat: Ai(4)-Talrand Control didn't block Raging Goblin (49).
Phase: Ai(1)-Krenko Goblins' First Strike Damage Step
Phase: Ai(1)-Krenko Goblins' Combat Damage Step
Damage: Raging Goblin (49) deals 1 combat damage to Ai(4)-Talrand Control.
Life: Life: Ai(4)-Talrand Control 40 > 39
Phase: Ai(1)-Krenko Goblins' End of Combat Step
Phase: Ai(1)-Krenko Goblins' Main phase, postcombat
Phase: Ai(1)-Krenko Goblins' End step
Phase: Ai(1)-Krenko Goblins' Cleanup step
Turn: Turn 3 (Ai(2)-Drana Vampires)
Phase: Ai(2)-Drana Vampires' Untap step
Phase: Ai(2)-Drana Vampires' Upkeep step
Phase: Ai(2)-Drana Vampires' Draw step
Phase: Ai(2)-Drana Vampires' Main phase, precombat
Land: Ai(2)-Drana Vampires played Swamp (181)
Mana: Swamp (181) - {T}: Add {B}.
Add To Stack: Ai(2)-Drana Vampires cast Tragic Slip targeting [Raging Goblin (49)]
Resolve Stack: Tragic Slip (134) - Raging Goblin (49) gets -1/-1  until end of turn.
Zone Change: Raging Goblin (49) was put into Graveyard from Battlefield.
Phase: Ai(2)-Drana Vampires' Beginning of Combat Step
Phase: Ai(2)-Drana Vampires' Declare Attackers Step
Phase: Ai(2)-Drana Vampires' Declare Blockers Step
Phase: Ai(2)-Drana Vampires' First Strike Damage Step
Phase: Ai(2)-Drana Vampires' Combat Damage Step
Phase: Ai(2)-Drana Vampires' End of Combat Step
Phase: Ai(2)-Drana Vampires' Main phase, postcombat
Phase: Ai(2)-Drana Vampires' End step
Phase: Ai(2)-Drana Vampires' Cleanup step
Turn: Turn 4 (Ai(3)-Selvala Ramp)
Phase: Ai(3)-Selvala Ramp's Untap step
Phase: Ai(3)-Selvala Ramp's Upkeep step
Phase: Ai(3)-Selvala Ramp's Draw step
Phase: Ai(3)-Selvala Ramp's Main phase, precombat
Land: Ai(3)-Selvala Ramp played Forest (272)
Phase: Ai(3)-Selvala Ramp's Beginning of Combat Step
Phase: Ai(3)-Selvala Ramp's Declare Attackers Step
Phase: Ai(3)-Selvala Ramp's Declare Blockers Step
Phase: Ai(3)-Selvala Ramp's First Strike Damage Step
Phase: Ai(3)-Selvala Ramp's Combat Damage Step
Phase: Ai(3)-Selvala Ramp's End of Combat Step
Phase: Ai(3)-Selvala Ramp's Main phase, postcombat
Phase: Ai(3)-Selvala Ramp's End step
Phase: Ai(3)-Selvala Ramp's Cleanup step
Turn: Turn 5 (Ai(4)-Talrand Control)
Phase: Ai(4)-Talrand Control's Untap step
Phase: Ai(4)-Talrand Control's Upkeep step
Phase: Ai(4)-Talrand Control's Draw step
Phase: Ai(4)-Talrand Control's Main phase, precombat
Land: Ai(4)-Talrand Control played Island (369)
Phase: Ai(4)-Talrand Control's Beginning of Combat Step
Phase: Ai(4)-Talrand Control's Declare Attackers Step
Phase: Ai(4)-Talrand Control's Declare Blockers Step
Phase: Ai(4)-Talrand Control's First Strike Damage Step
Phase: Ai(4)-Talrand Control's Combat Damage Step
Phase: Ai(4)-Talrand Control's End of Combat Step
Phase: Ai(4)-Talrand Control's Main phase, postcombat
Mana: Island (342) - {T}: Add {U}.
Mana: Island (369) - {T}: Add {U}.
Add To Stack: Ai(4)-Talrand Control cast Arcane Signet
Resolve Stack: Arcane Signet
Phase: Ai(4)-Talrand Control's End step
Phase: Ai(4)-Talrand Control's Cleanup step
Turn: Turn 6 (Ai(1)-Krenko Goblins)
Phase: Ai(1)-Krenko Goblins' Untap step
Phase: Ai(1)-Krenko Goblins' Upkeep step
Phase: Ai(1)-Krenko Goblins' Draw step
Phase: Ai(1)-Krenko Goblins' Main phase, precombat
Land: Ai(1)-Krenko Goblins played Mountain (82)
Phase: Ai(1)-Krenko Goblins' Beginning of Combat Step
Phase: Ai(1)-Krenko Goblins' Declare Attackers Step
Phase: Ai(1)-Krenko Goblins' Declare Blockers Step
Phase: Ai(1)-Krenko Goblins' First Strike Damage Step
Phase: Ai(1)-Krenko Goblins' Combat Damage Step
Phase: Ai(1)-Krenko Goblins' End of Combat Step
Phase: Ai(1)-Krenko Goblins' Main phase, postcombat
Mana: Mountain (56) - {T}: Add {R}.
Add To Stack: Ai(1)-Krenko Goblins cast Goblin Balloon Brigade
Resolve Stack: Goblin Balloon Brigade - Creature 1 / 1
Phase: Ai(1)-Krenko Goblins' End step
Phase: Ai(1)-Krenko Goblins' Cleanup step
Turn: Turn 7 (Ai(2)-Drana Vampires)
Phase: Ai(2)-Drana Vampires' Untap step
Phase: Ai(2)-Drana Vampires' Upkeep step
Phase: Ai(2)-Drana Vampires' Draw step
Phase: Ai(2)-Drana Vampires' Main phase, precombat
Land: Ai(2)-Drana Vampires played Swamp (167)
Phase: Ai(2)-Drana Vampires' Beginning of Combat Step
Phase: Ai(2)-Drana Vampires' Declare Attackers Step
Phase: Ai(2)-Drana Vampires' Declare Blockers Step
Phase: Ai(2)-Drana Vampires' First Strike Damage Step
Phase: Ai(2)-Drana Vampires' Combat Damage Step
Phase: Ai(2)-Drana Vampires' End of Combat Step
Phase: Ai(2)-Drana Vampires' Main phase, postcombat
Phase: Ai(2)-Drana Vampires' End step
Phase: Ai(2)-Drana Vampires' Cleanup step
Turn: Turn 8 (Ai(3)-Selvala Ramp)
Phase: Ai(3)-Selvala Ramp's Untap step
Phase: Ai(3)-Selvala Ramp's Upkeep step
Phase: Ai(3)-Selvala Ramp's Draw step
Phase: Ai(3)-Selvala Ramp's Main phase, precombat
Land: Ai(3)-Selvala Ramp played Forest (278)
Mana: Forest (272) - {T}: Add {G}.
Mana: Forest (278) - {T}: Add {G}.
Add To Stack: Ai(3)-Selvala Ramp cast Rampant Growth
Resolve Stack: Rampant Growth (294) - Search your library for a basic land card, put that card onto the battlefield tapped, then shuffle.
Phase: Ai(3)-Selvala Ramp's Beginning of Combat Step
Phase: Ai(3)-Selvala Ramp's Declare Attackers Step
Phase: Ai(3)-Selvala Ramp's Declare Blockers Step
Phase: Ai(3)-Selvala Ramp's First Strike Damage Step
Phase: Ai(3)-Selvala Ramp's Combat Damage Step
Phase: Ai(3)-Selvala Ramp's End of Combat Step
Phase: Ai(3)-Selvala Ramp's Main phase, postcombat
Phase: Ai(3)-Selvala Ramp's End step
Phase: Ai(3)-Selvala Ramp's Cleanup step
Turn: Turn 9 (Ai(4)-Talrand Control)
Phase: Ai(4)-Talrand Control's Untap step
Phase: Ai(4)-Talrand Control's Upkeep step
Phase: Ai(4)-Talrand Control's Draw step
Phase: Ai(4)-Talrand Control's Main phase, precombat
Land: Ai(4)-Talrand Control played Island (357)
Phase: Ai(4)-Talrand Control's Beginning of Combat Step
Phase: Ai(4)-Talrand Control's Declare Attackers Step
Phase: Ai(4)-Talrand Control's Declare Blockers Step
Phase: Ai(4)-Talrand Control's First Strike Damage Step
Phase: Ai(4)-Talrand Control's Combat Damage Step
Phase: Ai(4)-Talrand Control's End of Combat Step
Phase: Ai(4)-Talrand Control's Main phase, postcombat
Mana: Island (342) - {T}: Add {U}.
Mana: Island (369) - {T}: Add {U}.
Mana: Arcane Signet (400) - {T}: Add one mana of any color in your commander's color identity.
Add To Stack: Ai(4)-Talrand Control cast Mulldrifter
Resolve Stack: Mulldrifter (Evoked)
Add To Stack: Ai(4)-Talrand Control triggered Mulldrifter
Add To Stack: Ai(4)-Talrand Control triggered Mulldrifter
Resolve Stack: When Mulldrifter enters, draw two cards. [Zone Changer: Mulldrifter (334)]
Zone Change: Mulldrifter (334) was put into Graveyard from Battlefield.
Resolve Stack: Evoke (You may cast this spell for its evoke cost. If you do, it's sacrificed when it enters.) [Zone Changer: Mulldrifter (334)]
Phase: Ai(4)-Talrand Control's End step
Phase: Ai(4)-Talrand Control's Cleanup step
Turn: Turn 10 (Ai(1)-Krenko Goblins)
Phase: Ai(1)-Krenko Goblins' Untap step
Phase: Ai(1)-Krenko Goblins' Upkeep step
Phase: Ai(1)-Krenko Goblins' Draw step
Phase: Ai(1)-Krenko Goblins' Main phase, precombat
Land: Ai(1)-Krenko Goblins played Mountain (58)
Mana: Mountain (56) - {T}: Add {R}.
Mana: Mountain (82) - {T}: Add {R}.
Mana: Mountain (58) - {T}: Add {R}.
Add To Stack: Ai(1)-Krenko Goblins cast Goblin War Drums
Resolve Stack: Goblin War Drums
Phase: Ai(1)-Krenko Goblins' Beginning of Combat Step
Phase: Ai(1)-Krenko Goblins' Declare Attackers Step
Combat: Ai(1)-Krenko Goblins assigned Goblin Balloon Brigade (41) to attack Ai(4)-Talrand Control.
Phase: Ai(1)-Krenko Goblins' Declare Blockers Step
Combat: Ai(4)-Talrand Control didn't block Goblin Balloon Brigade (41).
Phase: Ai(1)-Krenko Goblins' First Strike Damage Step
Phase: Ai(1)-Krenko Goblins' Combat Damage Step
Damage: Goblin Balloon Brigade (41) deals 1 combat damage to Ai(4)-Talrand Control.
Life: Life: Ai(4)-Talrand Control 39 > 38
Phase: Ai(1)-Krenko Goblins' End of Combat Step
Phase: Ai(1)-Krenko Goblins' Main phase, postcombat
Phase: Ai(1)-Krenko Goblins' End step
Phase: Ai(1)-Krenko Goblins' Cleanup step
Turn: Turn 11 (Ai(2)-Drana Vampires)
Phase: Ai(2)-Drana Vampires' Untap step
Phase: Ai(2)-Drana Vampires' Upkeep step
Phase: Ai(2)-Drana Vampires' Draw step
Phase: Ai(2)-Drana Vampires' Main phase, precombat
Land: Ai(2)-Drana Vampires played Swamp (174)
Mana: Swamp (181) - {T}: Add {B}.
Mana: Swamp (167) - {T}: Add {B}.
Mana: Swamp (174) - {T}: Add {B}.
Add To Stack: Ai(2)-Drana Vampires cast Underworld Connections targeting [Swamp (181)]
Resolve Stack: Underworld Connections (148) -  Attach to Swamp (181)
Phase: Ai(2)-Drana Vampires' Beginning of Combat Step
Phase: Ai(2)-Drana Vampires' Declare Attackers Step
Phase: Ai(2)-Drana Vampires' Declare Blockers Step
Phase: Ai(2)-Drana Vampires' First Strike Damage Step
Phase: Ai(2)-Drana Vampires' Combat Damage Step
Phase: Ai(2)-Drana Vampires' End of Combat Step
Phase: Ai(2)-Drana Vampires' Main phase, postcombat
Phase: Ai(2)-Drana Vampires' End step
Phase: Ai(2)-Drana Vampires' Cleanup step
Turn: Turn 12 (Ai(3)-Selvala Ramp)
Phase: Ai(3)-Selvala Ramp's Untap step
Phase: Ai(3)-Selvala Ramp's Upkeep step
Phase: Ai(3)-Selvala Ramp's Draw step
Phase: Ai(3)-Selvala Ramp's Main phase, precombat
Land: Ai(3)-Selvala Ramp played Forest (250)
Phase: Ai(3)-Selvala Ramp's Beginning of Combat Step
Phase: Ai(3)-Selvala Ramp's Declare Attackers Step
Phase: Ai(3)-Selvala Ramp's Declare Blockers Step
Phase: Ai(3)-Selvala Ramp's First Strike Damage Step
Phase: Ai(3)-Selvala Ramp's Combat Damage Step
Phase: Ai(3)-Selvala Ramp's End of Combat Step
Phase: Ai(3)-Selvala Ramp's Main phase, postcombat
Mana: Forest (272) - {T}: Add {G}.
Mana: Forest (278) - {T}: Add {G}.
Mana: Forest (264) - {T}: Add {G}.
Add To Stack: Ai(3)-Selvala Ramp cast Selvala, Heart of the Wilds
Resolve Stack: Selvala, Heart of the Wilds - Creature 2 / 3
Phase: Ai(3)-Selvala Ramp's End step
Phase: Ai(3)-Selvala Ramp's Cleanup step
Turn: Turn 13 (Ai(4)-Talrand Control)
Phase: Ai(4)-Talrand Control's Untap step
Phase: Ai(4)-Talrand Control's Upkeep step
Phase: Ai(4)-Talrand Control's Draw step
Phase: Ai(4)-Talrand Control's Main phase, precombat
Land: Ai(4)-Talrand Control played Island (345)
Phase: Ai(4)-Talrand Control's Beginning of Combat Step
Phase: Ai(4)-Talrand Control's Declare Attackers Step
Phase: Ai(4)-Talrand Control's Declare Blockers Step
Phase: Ai(4)-Talrand Control's First Strike Damage Step
Phase: Ai(4)-Talrand Control's Combat Damage Step
Phase: Ai(4)-Talrand Control's End of Combat Step
Phase: Ai(4)-Talrand Control's Main phase, postcombat
Mana: Island (342) - {T}: Add {U}.
Mana: Island (369) - {T}: Add {U}.
Mana: Arcane Signet (400) - {T}: Add one mana of any color in your commander's color identity.
Mana: Island (357) - {T}: Add {U}.
Add To Stack: Ai(4)-Talrand Control cast Talrand, Sky Summoner
Resolve Stack: Talrand, Sky Summoner - Creature 2 / 2
Add To Stack: Ai(3)-Selvala Ramp triggered Selvala, Heart of the Wilds
Resolve Stack: Whenever another creature enters, its controller may draw a card if its power is greater than each other creature's power. [Zone Changer: Talrand, Sky Summoner (403)]
Phase: Ai(4)-Talrand Control's End step
Phase: Ai(4)-Talrand Control's Cleanup step
Turn: Turn 14 (Ai(1)-Krenko Goblins)
Phase: Ai(1)-Krenko Goblins' Untap step
Phase: Ai(1)-Krenko Goblins' Upkeep step
Phase: Ai(1)-Krenko Goblins' Draw step
Phase: Ai(1)-Krenko Goblins' Main phase, precombat
Land: Ai(1)-Krenko Goblins played Mountain (60)
Phase: Ai(1)-Krenko Goblins' Beginning of Combat Step
Mana: Mountain (56) - {T}: Add {R}.
Add To Stack: Ai(1)-Krenko Goblins activated Goblin Balloon Brigade
Resolve Stack: Goblin Balloon Brigade (41) - Goblin Balloon Brigade (41) gains flying until end of turn.
Phase: Ai(1)-Krenko Goblins' Declare Attackers Step
Combat: Ai(1)-Krenko Goblins assigned Goblin Balloon Brigade (41) to attack Ai(4)-Talrand Control.
Phase: Ai(1)-Krenko Goblins' Declare Blockers Step
Combat: Ai(4)-Talrand Control didn't block Goblin Balloon Brigade (41).
Phase: Ai(1)-Krenko Goblins' First Strike Damage Step
Phase: Ai(1)-Krenko Goblins' Combat Damage Step
Damage: Goblin Balloon Brigade (41) deals 1 combat damage to Ai(4)-Talrand Control.
Life: Life: Ai(4)-Talrand Control 38 > 37
Phase: Ai(1)-Krenko Goblins' End of Combat Step
Phase: Ai(1)-Krenko Goblins' Main phase, postcombat
Mana: Mountain (82) - {T}: Add {R}.
Mana: Mountain (58) - {T}: Add {R}.
Add To Stack: Ai(1)-Krenko Goblins cast Fire Diamond
Replacement Effect: Fire Diamond enters tapped.
Resolve Stack: Fire Diamond
Phase: Ai(1)-Krenko Goblins' End step
Phase: Ai(1)-Krenko Goblins' Cleanup step
Turn: Turn 15 (Ai(2)-Drana Vampires)
Phase: Ai(2)-Drana Vampires' Untap step
Phase: Ai(2)-Drana Vampires' Upkeep step
Phase: Ai(2)-Drana Vampires' Draw step
Phase: Ai(2)-Drana Vampires' Main phase, precombat
Land: Ai(2)-Drana Vampires played Swamp (190)
Phase: Ai(2)-Drana Vampires' Beginning of Combat Step
Phase: Ai(2)-Drana Vampires' Declare Attackers Step
Phase: Ai(2)-Drana Vampires' Declare Blockers Step
Phase: Ai(2)-Drana Vampires' First Strike Damage Step
Phase: Ai(2)-Drana Vampires' Combat Damage Step
Phase: Ai(2)-Drana Vampires' End of Combat Step
Phase: Ai(2)-Drana Vampires' Main phase, postcombat
Life: Life: Ai(2)-Drana Vampires 40 > 39
Add To Stack: Ai(2)-Drana Vampires activated Swamp
Resolve Stack: Swamp (181) - Ai(2)-Drana Vampires draws a card.
Mana: Swamp (167) - {T}: Add {B}.
Mana: Swamp (174) - {T}: Add {B}.
Mana: Swamp (190) - {T}: Add {B}.
Add To Stack: Ai(2)-Drana Vampires cast Drana, Liberator of Malakir
Resolve Stack: Drana, Liberator of Malakir - Creature 2 / 3
Add To Stack: Ai(3)-Selvala Ramp triggered Selvala, Heart of the Wilds
Resolve Stack: Whenever another creature enters, its controller may draw a card if its power is greater than each other creature's power. [Zone Changer: Drana, Liberator of Malakir (201)]
Phase: Ai(2)-Drana Vampires' End step
Phase: Ai(2)-Drana Vampires' Cleanup step
Turn: Turn 16 (Ai(3)-Selvala Ramp)
Phase: Ai(3)-Selvala Ramp's Untap step
Phase: Ai(3)-Selvala Ramp's Upkeep step
Phase: Ai(3)-Selvala Ramp's Draw step
Phase: Ai(3)-Selvala Ramp's Main phase, precombat
Land: Ai(3)-Selvala Ramp played Forest (271)
Mana: Forest (272) - {T}: Add {G}.
Mana: Forest (278) - {T}: Add {G}.
Mana: Forest (264) - {T}: Add {G}.
Add To Stack: Ai(3)-Selvala Ramp cast Reclamation Sage
Resolve Stack: Reclamation Sage - Creature 2 / 1
Add To Stack: Ai(3)-Selvala Ramp triggered Reclamation Sage targeting [Underworld Connections (148)]
Add To Stack: Ai(3)-Selvala Ramp triggered Selvala, Heart of the Wilds
Resolve Stack: Whenever another creature enters, its controller may draw a card if its power is greater than each other creature's power. [Zone Changer: Reclamation Sage (225)]
Zone Change: Underworld Connections (148) was put into Graveyard from Battlefield.
Resolve Stack: When Reclamation Sage enters, you may destroy target artifact or enchantment. (Targeting: [[Underworld Connections (148)]]) [Zone Changer: Reclamation Sage (225)]
Phase: Ai(3)-Selvala Ramp's Beginning of Combat Step
Phase: Ai(3)-Selvala Ramp's Declare Attackers Step
Combat: Ai(3)-Selvala Ramp assigned Selvala, Heart of the Wilds (302) to attack Ai(1)-Krenko Goblins.
Phase: Ai(3)-Selvala Ramp's Declare Blockers Step
Combat: Ai(1)-Krenko Goblins didn't block Selvala, Heart of the Wilds (302).
Phase: Ai(3)-Selvala Ramp's First Strike Damage Step
Phase: Ai(3)-Selvala Ramp's Combat Damage Step
Damage: Selvala, Heart of the Wilds (302) deals 2 combat damage to Ai(1)-Krenko Goblins.
Life: Life: Ai(1)-Krenko Goblins 40 > 38
Phase: Ai(3)-Selvala Ramp's End of Combat Step
Phase: Ai(3)-Selvala Ramp's Main phase, postcombat
Phase: Ai(3)-Selvala Ramp's End step
Phase: Ai(3)-Selvala Ramp's Cleanup step
Turn: Turn 17 (Ai(4)-Talrand Control)
Phase: Ai(4)-Talrand Control's Untap step
Phase: Ai(4)-Talrand Control's Upkeep step
Phase: Ai(4)-Talrand Control's Draw step
Phase: Ai(4)-Talrand Control's Main phase, precombat
Land: Ai(4)-Talrand Control played Island (376)
Phase: Ai(4)-Talrand Control's Beginning of Combat Step
Phase: Ai(4)-Talrand Control's Declare Attackers Step
Phase: Ai(4)-Talrand Control's Declare Blockers Step
Phase: Ai(4)-Talrand Control's First Strike Damage Step
Phase: Ai(4)-Talrand Control's Combat Damage Step
Phase: Ai(4)-Talrand Control's End of Combat Step
Phase: Ai(4)-Talrand Control's Main phase, postcombat
Mana: Island (342) - {T}: Add {U}.
Mana: Island (369) - {T}: Add {U}.
Mana: Arcane Signet (400) - {T}: Add one mana of any color in your commander's color identity.
Mana: Island (357) - {T}: Add {U}.
Add To Stack: Ai(4)-Talrand Control cast Dissipation Field
Resolve Stack: Dissipation Field
Phase: Ai(4)-Talrand Control's End step
Phase: Ai(4)-Talrand Control's Cleanup step
Turn: Turn 18 (Ai(1)-Krenko Goblins)
Phase: Ai(1)-Krenko Goblins' Untap step
Phase: Ai(1)-Krenko Goblins' Upkeep step
Phase: Ai(1)-Krenko Goblins' Draw step
Phase: Ai(1)-Krenko Goblins' Main phase, precombat
Land: Ai(1)-Krenko Goblins played Mountain (79)
Mana: Mountain (56) - {T}: Add {R}.
Mana: Mountain (82) - {T}: Add {R}.
Mana: Mountain (58) - {T}: Add {R}.
Add To Stack: Ai(1)-Krenko Goblins cast Goblin Warchief
Resolve Stack: Goblin Warchief - Creature 2 / 2
Add To Stack: Ai(3)-Selvala Ramp triggered Selvala, Heart of the Wilds
Resolve Stack: Whenever another creature enters, its controller may draw a card if its power is greater than each other creature's power. [Zone Changer: Goblin Warchief (21)]
Mana: Mountain (60) - {T}: Add {R}.
Mana: Fire Diamond (23) - {T}: Add {R}.
Mana: Mountain (79) - {T}: Add {R}.
Add To Stack: Ai(1)-Krenko Goblins cast Krenko, Mob Boss
Resolve Stack: Krenko, Mob Boss - Creature 3 / 3
Add To Stack: Ai(3)-Selvala Ramp triggered Selvala, Heart of the Wilds
Resolve Stack: Whenever another creature enters, its controller may draw a card if its power is greater than each other creature's power. [Zone Changer: Krenko, Mob Boss (100)]
Phase: Ai(1)-Krenko Goblins' Beginning of Combat Step
Phase: Ai(1)-Krenko Goblins' Declare Attackers Step
Combat: Ai(1)-Krenko Goblins assigned Krenko, Mob Boss (100), Goblin Warchief (21) and Goblin Balloon Brigade (41) to attack Ai(4)-Talrand Control.
Phase: Ai(1)-Krenko Goblins' Declare Blockers Step
Combat: Ai(4)-Talrand Control didn't block Krenko, Mob Boss (100).
Ai(4)-Talrand Control didn't block Goblin Warchief (21).
Ai(4)-Talrand Control didn't block Goblin Balloon Brigade (41).
Phase: Ai(1)-Krenko Goblins' First Strike Damage Step
Phase: Ai(1)-Krenko Goblins' Combat Damage Step
Damage: Krenko, Mob Boss (100) deals 3 combat damage to Ai(4)-Talrand Control.
Damage: Goblin Warchief (21) deals 2 combat damage to Ai(4)-Talrand Control.
Damage: Goblin Balloon Brigade (41) deals 1 combat damage to Ai(4)-Talrand Control.
Life: Life: Ai(4)-Talrand Control 37 > 31
Add To Stack: Ai(4)-Talrand Control triggered Dissipation Field
Add To Stack: Ai(4)-Talrand Control triggered Dissipation Field
Add To Stack: Ai(4)-Talrand Control triggered Dissipation Field
Resolve Stack: Whenever a permanent deals damage to you, return it to its owner's hand. [Damage Source: Goblin Balloon Brigade (41), Damaged: Ai(4)-Talrand Control, Amount: 1]
Resolve Stack: Whenever a permanent deals damage to you, return it to its owner's hand. [Damage Source: Goblin Warchief (21), Damaged: Ai(4)-Talrand Control, Amount: 2]
Resolve Stack: Whenever a permanent deals damage to you, return it to its owner's hand. [Damage Source: Krenko, Mob Boss (100), Damaged: Ai(4)-Talrand Control, Amount: 3]
Phase: Ai(1)-Krenko Goblins' End of Combat Step
Phase: Ai(1)-Krenko Goblins' Main phase, postcombat
Phase: Ai(1)-Krenko Goblins' End step
Phase: Ai(1)-Krenko Goblins' Cleanup step
Turn: Turn 19 (Ai(2)-Drana Vampires)
Phase: Ai(2)-Drana Vampires' Untap step
Phase: Ai(2)-Drana Vampires' Upkeep step
Phase: Ai(2)-Drana Vampires' Draw step
Phase: Ai(2)-Drana Vampires' Main phase, precombat
Land: Ai(2)-Drana Vampires played Swamp (155)
Phase: Ai(2)-Drana Vampires' Beginning of Combat Step
Phase: Ai(2)-Drana Vampires' Declare Attackers Step
Combat: Ai(2)-Drana Vampires assigned Drana, Liberator of Malakir (201) to attack Ai(4)-Talrand Control.
Phase: Ai(2)-Drana Vampires' Declare Blockers Step
Combat: Ai(4)-Talrand Control didn't block Drana, Liberator of Malakir (201).
Phase: Ai(2)-Drana Vampires' First Strike Damage Step
Damage: Drana, Liberator of Malakir (201) deals 2 combat damage to Ai(4)-Talrand Control.
Life: Life: Ai(4)-Talrand Control 31 > 29
Add To Stack: Ai(2)-Drana Vampires triggered Drana, Liberator of Malakir
Add To Stack: Ai(4)-Talrand Control triggered Dissipation Field
Resolve Stack: Whenever a permanent deals damage to you, return it to its owner's hand. [Damage Source: Drana, Liberator of Malakir (201), Damaged: Ai(4)-Talrand Control, Amount: 2]
Resolve Stack: Whenever Drana, Liberator of Malakir deals combat damage to a player, put a +1/+1 counter on each attacking creature you control. [Damage Source: Drana, Liberator of Malakir (201), Damaged: Ai(4)-Talrand Control, Amount: 2]
Phase: Ai(2)-Drana Vampires' Combat Damage Step
Phase: Ai(2)-Drana Vampires' End of Combat Step
Phase: Ai(2)-Drana Vampires' Main phase, postcombat
Mana: Swamp (181) - {T}: Add {B}.
Mana: Swamp (167) - {T}: Add {B}.
Mana: Swamp (174) - {T}: Add {B}.
Add To Stack: Ai(2)-Drana Vampires cast Drana, Liberator of Malakir
Resolve Stack: Drana, Liberator of Malakir - Creature 2 / 3
Add To Stack: Ai(3)-Selvala Ramp triggered Selvala, Heart of the Wilds
Resolve Stack: Whenever another creature enters, its controller may draw a card if its power is greater than each other creature's power. [Zone Changer: Drana, Liberator of Malakir (201)]
Mana: Swamp (190) - {T}: Add {B}.
Mana: Swamp (155) - {T}: Add {B}.
Add To Stack: Ai(2)-Drana Vampires cast Night's Whisper
Life: Life: Ai(2)-Drana Vampires 39 > 37
Resolve Stack: Night's Whisper (103) - Ai(2)-Drana Vampires draws two cards. Ai(2)-Drana Vampires loses 2 life.
Phase: Ai(2)-Drana Vampires' End step
Phase: Ai(2)-Drana Vampires' Cleanup step
Turn: Turn 20 (Ai(3)-Selvala Ramp)
Phase: Ai(3)-Selvala Ramp's Untap step
Phase: Ai(3)-Selvala Ramp's Upkeep step
Phase: Ai(3)-Selvala Ramp's Draw step
Phase: Ai(3)-Selvala Ramp's Main phase, precombat
Mana: Forest (272) - {T}: Add {G}.
Mana: Forest (278) - {T}: Add {G}.
Mana: Forest (264) - {T}: Add {G}.
Mana: Forest (250) - {T}: Add {G}.
Mana: Forest (271) - {T}: Add {G}.
Add To Stack: Ai(3)-Selvala Ramp cast Overwhelming Stampede
Resolve Stack: Overwhelming Stampede (222) - Until end of turn, creatures you control gain trample and get +X/+X, where X is the greatest power among creatures you control.
Phase: Ai(3)-Selvala Ramp's Beginning of Combat Step
Phase: Ai(3)-Selvala Ramp's Declare Attackers Step
Combat: Ai(3)-Selvala Ramp assigned Selvala, Heart of the Wilds (302) and Reclamation Sage (225) to attack Ai(4)-Talrand Control.
Phase: Ai(3)-Selvala Ramp's Declare Blockers Step
Combat: Ai(4)-Talrand Control didn't block Selvala, Heart of the Wilds (302).
Ai(4)-Talrand Control didn't block Reclamation Sage (225).
Phase: Ai(3)-Selvala Ramp's First Strike Damage Step
Phase: Ai(3)-Selvala Ramp's Combat Damage Step
Damage: Selvala, Heart of the Wilds (302) deals 4 combat damage to Ai(4)-Talrand Control.
Damage: Reclamation Sage (225) deals 4 combat damage to Ai(4)-Talrand Control.
Life: Life: Ai(4)-Talrand Control 29 > 21
Add To Stack: Ai(4)-Talrand Control triggered Dissipation Field
Add To Stack: Ai(4)-Talrand Control triggered Dissipation Field
Resolve Stack: Whenever a permanent deals damage to you, return it to its owner's hand. [Damage Source: Reclamation Sage (225), Damaged: Ai(4)-Talrand Control, Amount: 4]
Resolve Stack: Whenever a permanent deals damage to you, return it to its owner's hand. [Damage Source: Selvala, Heart of the Wilds (302), Damaged: Ai(4)-Talrand Control, Amount: 4]
Phase: Ai(3)-Selvala Ramp's End of Combat Step
Phase: Ai(3)-Selvala Ramp's Main phase, postcombat
Phase: Ai(3)-Selvala Ramp's End step
Mana: Island (345) - {T}: Add {U}.
Mana: Island (376) - {T}: Add {U}.
Add To Stack: Ai(4)-Talrand Control cast Anticipate
Add To Stack: Ai(4)-Talrand Control triggered Talrand, Sky Summoner
Resolve Stack: Whenever you cast an instant or sorcery spell, create a 2/2 blue Drake creature token with flying. [Card: Anticipate (313), Activator: Ai(4)-Talrand Control, SpellAbility: Look at the top three cards of your library. Put one of them into your hand and the rest on the bottom of your library in any order.]
Resolve Stack: Anticipate (313) - Ai(4)-Talrand Control looks at the top three cards of their library. They put one of them into their hand and put the rest on the bottom of their library in any order.
Phase: Ai(3)-Selvala Ramp's Cleanup step
Turn: Turn 21 (Ai(4)-Talrand Control)
Phase: Ai(4)-Talrand Control's Untap step
Phase: Ai(4)-Talrand Control's Upkeep step
Mana: Island (342) - {T}: Add {U}.
Add To Stack: Ai(4)-Talrand Control cast Unsummon targeting [Drana, Liberator of Malakir (201)]
Add To Stack: Ai(4)-Talrand Control triggered Talrand, Sky Summoner
Resolve Stack: Whenever you cast an instant or sorcery spell, create a 2/2 blue Drake creature token with flying. [Card: Unsummon (392), Activator: Ai(4)-Talrand Control, SpellAbility: Return target creature to its owner's hand.]
Resolve Stack: Unsummon (392) - Return Drana, Liberator of Malakir (201) to its owner's hand.
Phase: Ai(4)-Talrand Control's Draw step
Phase: Ai(4)-Talrand Control's Main phase, precombat
Land: Ai(4)-Talrand Control played Island (350)
Phase: Ai(4)-Talrand Control's Beginning of Combat Step
Phase: Ai(4)-Talrand Control's Declare Attackers Step
Combat: Ai(4)-Talrand Control assigned Talrand, Sky Summoner (403) and Drake Token (665) to attack Ai(1)-Krenko Goblins.
Phase: Ai(4)-Talrand Control's Declare Blockers Step
Combat: Ai(1)-Krenko Goblins didn't block Talrand, Sky Summoner (403).
Ai(1)-Krenko Goblins didn't block Drake Token (665).
Phase: Ai(4)-Talrand Control's First Strike Damage Step
Phase: Ai(4)-Talrand Control's Combat Damage Step
Damage: Talrand, Sky Summoner (403) deals 2 combat damage to Ai(1)-Krenko Goblins.
Damage: Drake Token (665) deals 2 combat damage to Ai(1)-Krenko Goblins.
Life: Life: Ai(1)-Krenko Goblins 38 > 34
Phase: Ai(4)-Talrand Control's End of Combat Step
Phase: Ai(4)-Talrand Control's Main phase, postcombat
Mana: Island (369) - {T}: Add {U}.
Mana: Arcane Signet (400) - {T}: Add one mana of any color in your commander's color identity.
Mana: Island (357) - {T}: Add {U}.
Mana: Island (345) - {T}: Add {U}.
Add To Stack: Ai(4)-Talrand Control cast Archaeomancer
Resolve Stack: Archaeomancer - Creature 1 / 2
Add To Stack: Ai(4)-Talrand Control triggered Archaeomancer targeting [Anticipate (313)]
Resolve Stack: When Archaeomancer enters, return target instant or sorcery card from your graveyard to your hand. (Targeting: [[Anticipate (313)]]) [Zone Changer: Archaeomancer (312)]
Phase: Ai(4)-Talrand Control's End step
Phase: Ai(4)-Talrand Control's Cleanup step
Turn: Turn 22 (Ai(1)-Krenko Goblins)
Phase: Ai(1)-Krenko Goblins' Untap step
Phase: Ai(1)-Krenko Goblins' Upkeep step
Phase: Ai(1)-Krenko Goblins' Draw step
Phase: Ai(1)-Krenko Goblins' Main phase, precombat
Land: Ai(1)-Krenko Goblins played Mountain (67)
Phase: Ai(1)-Krenko Goblins' Beginning of Combat Step
Phase: Ai(1)-Krenko Goblins' Declare Attackers Step
Phase: Ai(1)-Krenko Goblins' Declare Blockers Step
Phase: Ai(1)-Krenko Goblins' First Strike Damage Step
Phase: Ai(1)-Krenko Goblins' Combat Damage Step
Phase: Ai(1)-Krenko Goblins' End of Combat Step
Phase: Ai(1)-Krenko Goblins' Main phase, postcombat
Mana: Mountain (56) - {T}: Add {R}.
Mana: Mountain (82) - {T}: Add {R}.
Mana: Mountain (58) - {T}: Add {R}.
Mana: Mountain (60) - {T}: Add {R}.
Add To Stack: Ai(1)-Krenko Goblins cast Krenko, Mob Boss
Resolve Stack: Krenko, Mob Boss - Creature 3 / 3
Mana: Fire Diamond (23) - {T}: Add {R}.
Mana: Mountain (79) - {T}: Add {R}.
Mana: Mountain (67) - {T}: Add {R}.
Add To Stack: Ai(1)-Krenko Goblins cast Goblin Warchief
Resolve Stack: Goblin Warchief - Creature 2 / 2
Phase: Ai(1)-Krenko Goblins' End step
Phase: Ai(1)-Krenko Goblins' Cleanup step
Turn: Turn 23 (Ai(2)-Drana Vampires)
Phase: Ai(2)-Drana Vampires' Untap step
Phase: Ai(2)-Drana Vampires' Upkeep step
Phase: Ai(2)-Drana Vampires' Draw step
Phase: Ai(2)-Drana Vampires' Main phase, precombat
Land: Ai(2)-Drana Vampires played Swamp (164)
Phase: Ai(2)-Drana Vampires' Beginning of Combat Step
Phase: Ai(2)-Drana Vampires' Declare Attackers Step
Add To Stack: Ai(1)-Krenko Goblins activated Krenko, Mob Boss
Resolve Stack: Krenko, Mob Boss (100) - Ai(1)-Krenko Goblins creates four 1/1 red Goblin creature tokens.
Phase: Ai(2)-Drana Vampires' Declare Blockers Step
Phase: Ai(2)-Drana Vampires' First Strike Damage Step
Phase: Ai(2)-Drana Vampires' Combat Damage Step
Phase: Ai(2)-Drana Vampires' End of Combat Step
Phase: Ai(2)-Drana Vampires' Main phase, postcombat
Mana: Swamp (181) - {T}: Add {B}.
Mana: Swamp (167) - {T}: Add {B}.
Mana: Swamp (174) - {T}: Add {B}.
Mana: Swamp (190) - {T}: Add {B}.
Mana: Swamp (155) - {T}: Add {B}.
Mana: Swamp (164) - {T}: Add {B}.
Add To Stack: Ai(2)-Drana Vampires cast Corrupt targeting [Ai(4)-Talrand Control]
Damage: Corrupt (128) deals 6 non-combat damage to Ai(4)-Talrand Control.
Life: Life: Ai(4)-Talrand Control 21 > 15
Life: Life: Ai(2)-Drana Vampires 37 > 43
Resolve Stack: Corrupt (128) - Corrupt (128) deals 6 damage to Ai(4)-Talrand Control. You gain life equal to the damage dealt this way.
Phase: Ai(2)-Drana Vampires' End step
Phase: Ai(2)-Drana Vampires' Cleanup step
Turn: Turn 24 (Ai(3)-Selvala Ramp)
Phase: Ai(3)-Selvala Ramp's Untap step
Phase: Ai(3)-Selvala Ramp's Upkeep step
Phase: Ai(3)-Selvala Ramp's Draw step
Phase: Ai(3)-Selvala Ramp's Main phase, precombat
Land: Ai(3)-Selvala Ramp played Forest (273)
Phase: Ai(3)-Selvala Ramp's Beginning of Combat Step
Phase: Ai(3)-Selvala Ramp's Declare Attackers Step
Phase: Ai(3)-Selvala Ramp's Declare Blockers Step
Phase: Ai(3)-Selvala Ramp's First Strike Damage Step
Phase: Ai(3)-Selvala Ramp's Combat Damage Step
Phase: Ai(3)-Selvala Ramp's End of Combat Step
Phase: Ai(3)-Selvala Ramp's Main phase, postcombat
Mana: Forest (272) - {T}: Add {G}.
Mana: Forest (278) - {T}: Add {G}.
Mana: Forest (264) - {T}: Add {G}.
Add To Stack: Ai(3)-Selvala Ramp cast Selvala, Heart of the Wilds
Resolve Stack: Selvala, Heart of the Wilds - Creature 2 / 3
Mana: Forest (250) - {T}: Add {G}.
Mana: Forest (271) - {T}: Add {G}.
Mana: Forest (273) - {T}: Add {G}.
Add To Stack: Ai(3)-Selvala Ramp cast Reclamation Sage
Resolve Stack: Reclamation Sage - Creature 2 / 1
Add To Stack: Ai(3)-Selvala Ramp triggered Reclamation Sage targeting [Dissipation Field (397)]
Add To Stack: Ai(3)-Selvala Ramp triggered Selvala, Heart of the Wilds
Resolve Stack: Whenever another creature enters, its controller may draw a card if its power is greater than each other creature's power. [Zone Changer: Reclamation Sage (225)]
Zone Change: Dissipation Field (397) was put into Graveyard from Battlefield.
Resolve Stack: When Reclamation Sage enters, you may destroy target artifact or enchantment. (Targeting: [[Dissipation Field (397)]]) [Zone Changer: Reclamation Sage (225)]
Phase: Ai(3)-Selvala Ramp's End step
Mana: Island (376) - {T}: Add {U}.
Mana: Island (350) - {T}: Add {U}.
Add To Stack: Ai(4)-Talrand Control cast Anticipate
Add To Stack: Ai(4)-Talrand Control triggered Talrand, Sky Summoner
Resolve Stack: Whenever you cast an instant or sorcery spell, create a 2/2 blue Drake creature token with flying. [Card: Anticipate (313), Activator: Ai(4)-Talrand Control, SpellAbility: Look at the top three cards of your library. Put one of them into your hand and the rest on the bottom of your library in any order.]
Add To Stack: Ai(3)-Selvala Ramp triggered Selvala, Heart of the Wilds
Resolve Stack: Whenever another creature enters, its controller may draw a card if its power is greater than each other creature's power. [Zone Changer: Drake Token (759)]
Resolve Stack: Anticipate (313) - Ai(4)-Talrand Control looks at the top three cards of their library. They put one of them into their hand and put the rest on the bottom of their library in any order.
Phase: Ai(3)-Selvala Ramp's Cleanup step
Turn: Turn 25 (Ai(4)-Talrand Control)
Phase: Ai(4)-Talrand Control's Untap step
Phase: Ai(4)-Talrand Control's Upkeep step
Phase: Ai(4)-Talrand Control's Draw step
Phase: Ai(4)-Talrand Control's Main phase, precombat
Land: Ai(4)-Talrand Control played Island (371)
Phase: Ai(4)-Talrand Control's Beginning of Combat Step
Phase: Ai(4)-Talrand Control's Declare Attackers Step
Combat: Ai(4)-Talrand Control assigned Drake Token (665) and Drake Token (672) to attack Ai(1)-Krenko Goblins.
Phase: Ai(4)-Talrand Control's Declare Blockers Step
Combat: Ai(1)-Krenko Goblins didn't block Drake Token (665).
Ai(1)-Krenko Goblins didn't block Drake Token (672).
Phase: Ai(4)-Talrand Control's First Strike Damage Step
Phase: Ai(4)-Talrand Control's Combat Damage Step
Damage: Drake Token (665) deals 2 combat damage to Ai(1)-Krenko Goblins.
Damage: Drake Token (672) deals 2 combat damage to Ai(1)-Krenko Goblins.
Life: Life: Ai(1)-Krenko Goblins 34 > 30
Phase: Ai(4)-Talrand Control's End of Combat Step
Phase: Ai(4)-Talrand Control's Main phase, postcombat
Mana: Island (342) - {T}: Add {U}.
Mana: Island (369) - {T}: Add {U}.
Mana: Arcane Signet (400) - {T}: Add one mana of any color in your commander's color identity.
Add To Stack: Ai(4)-Talrand Control cast Sea Gate Oracle
Resolve Stack: Sea Gate Oracle - Creature 1 / 3
Add To Stack: Ai(4)-Talrand Control triggered Sea Gate Oracle
Add To Stack: Ai(3)-Selvala Ramp triggered Selvala, Heart of the Wilds
Resolve Stack: Whenever another creature enters, its controller may draw a card if its power is greater than each other creature's power. [Zone Changer: Sea Gate Oracle (337)]
Resolve Stack: When Sea Gate Oracle enters, look at the top two cards of your library. Put one of them into your hand and the other on the bottom of your library. [Zone Changer: Sea Gate Oracle (337)]
Mana: Island (357) - {T}: Add {U}.
Mana: Island (345) - {T}: Add {U}.
Mana: Island (376) - {T}: Add {U}.
Mana: Island (350) - {T}: Add {U}.
Mana: Island (371) - {T}: Add {U}.
Add To Stack: Ai(4)-Talrand Control cast Jace's Ingenuity
Add To Stack: Ai(4)-Talrand Control triggered Talrand, Sky Summoner
Resolve Stack: Whenever you cast an instant or sorcery spell, create a 2/2 blue Drake creature token with flying. [Card: Jace's Ingenuity (305), Activator: Ai(4)-Talrand Control, SpellAbility: Draw three cards.]
Add To Stack: Ai(3)-Selvala Ramp triggered Selvala, Heart of the Wilds
Resolve Stack: Whenever another creature enters, its controller may draw a card if its power is greater than each other creature's power. [Zone Changer: Drake Token (784)]
Resolve Stack: Jace's Ingenuity (305) - Ai(4)-Talrand Control draws three cards.
Phase: Ai(4)-Talrand Control's End step
Phase: Ai(4)-Talrand Control's Cleanup step
Turn: Turn 26 (Ai(1)-Krenko Goblins)
Phase: Ai(1)-Krenko Goblins' Untap step
Phase: Ai(1)-Krenko Goblins' Upkeep step
Phase: Ai(1)-Krenko Goblins' Draw step
Phase: Ai(1)-Krenko Goblins' Main phase, precombat
Land: Ai(1)-Krenko Goblins played Mountain (89)
Mana: Mountain (56) - {T}: Add {R}.
Add To Stack: Ai(1)-Krenko Goblins cast Goblin Balloon Brigade
Resolve Stack: Goblin Balloon Brigade - Creature 1 / 1
Add To Stack: Ai(3)-Selvala Ramp triggered Selvala, Heart of the Wilds
Resolve Stack: Whenever another creature enters, its controller may draw a card if its power is greater than each other creature's power. [Zone Changer: Goblin Balloon Brigade (41)]
Mana: Mountain (82) - {T}: Add {R}.
Add To Stack: Ai(1)-Krenko Goblins cast Mogg War Marshal
Resolve Stack: Mogg War Marshal - Creature 1 / 1
Add To Stack: Ai(1)-Krenko Goblins triggered Mogg War Marshal
Add To Stack: Ai(3)-Selvala Ramp triggered Selvala, Heart of the Wilds
Resolve Stack: Whenever another creature enters, its controller may draw a card if its power is greater than each other creature's power. [Zone Changer: Mogg War Marshal (95)]
Resolve Stack: When Mogg War Marshal enters or dies, create a 1/1 red Goblin creature token. [Zone Changer: Mogg War Marshal (95)]
Add To Stack: Ai(3)-Selvala Ramp triggered Selvala, Heart of the Wilds
Resolve Stack: Whenever another creature enters, its controller may draw a card if its power is greater than each other creature's power. [Zone Changer: Goblin Token (814)]
Phase: Ai(1)-Krenko Goblins' Beginning of Combat Step
Phase: Ai(1)-Krenko Goblins' Declare Attackers Step
Combat: Ai(1)-Krenko Goblins assigned Krenko, Mob Boss (100) to attack Ai(4)-Talrand Control.
Phase: Ai(1)-Krenko Goblins' Declare Blockers Step
Combat: Ai(4)-Talrand Control assigned Archaeomancer (312) and Talrand, Sky Summoner (403) to block Krenko, Mob Boss (100).
Phase: Ai(1)-Krenko Goblins' First Strike Damage Step
Phase: Ai(1)-Krenko Goblins' Combat Damage Step
Damage: Krenko, Mob Boss (100) deals 2 damage to Talrand, Sky Summoner (403).
Damage: Krenko, Mob Boss (100) deals 1 damage to Archaeomancer (312).
Damage: Archaeomancer (312) deals 1 damage to Krenko, Mob Boss (100).
Damage: Talrand, Sky Summoner (403) deals 2 damage to Krenko, Mob Boss (100).
Zone Change: Krenko, Mob Boss (100) was put into Graveyard from Battlefield.
Zone Change: Talrand, Sky Summoner (403) was put into Graveyard from Battlefield.
Phase: Ai(1)-Krenko Goblins' End of Combat Step
Phase: Ai(1)-Krenko Goblins' Main phase, postcombat
Mana: Mountain (58) - {T}: Add {R}.
Mana: Mountain (60) - {T}: Add {R}.
Mana: Fire Diamond (23) - {T}: Add {R}.
Mana: Mountain (79) - {T}: Add {R}.
Mana: Mountain (67) - {T}: Add {R}.
Add To Stack: Ai(1)-Krenko Goblins cast Krenko, Mob Boss
Resolve Stack: Krenko, Mob Boss - Creature 3 / 3
Add To Stack: Ai(3)-Selvala Ramp triggered Selvala, Heart of the Wilds
Resolve Stack: Whenever another creature enters, its controller may draw a card if its power is greater than each other creature's power. [Zone Changer: Krenko, Mob Boss (100)]
Phase: Ai(1)-Krenko Goblins' End step
Phase: Ai(1)-Krenko Goblins' Cleanup step
Turn: Turn 27 (Ai(2)-Drana Vampires)
Phase: Ai(2)-Drana Vampires' Untap step
Phase: Ai(2)-Drana Vampires' Upkeep step
Phase: Ai(2)-Drana Vampires' Draw step
Phase: Ai(2)-Drana Vampires' Main phase, precombat
Land: Ai(2)-Drana Vampires played Swamp (176)
Phase: Ai(2)-Drana Vampires' Beginning of Combat Step
Mana: Mountain (89) - {T}: Add {R}.
Add To Stack: Ai(1)-Krenko Goblins activated Goblin Balloon Brigade
Resolve Stack: Goblin Balloon Brigade (41) - Goblin Balloon Brigade (41) gains flying until end of turn.
Phase: Ai(2)-Drana Vampires' Declare Attackers Step
Add To Stack: Ai(1)-Krenko Goblins activated Krenko, Mob Boss
Resolve Stack: Krenko, Mob Boss (100) - Ai(1)-Krenko Goblins creates fourteen 1/1 red Goblin creature tokens.
Add To Stack: Ai(3)-Selvala Ramp triggered Selvala, Heart of the Wilds
Add To Stack: Ai(3)-Selvala Ramp triggered Selvala, Heart of the Wilds
Add To Stack: Ai(3)-Selvala Ramp triggered Selvala, Heart of the Wilds
Add To Stack: Ai(3)-Selvala Ramp triggered Selvala, Heart of the Wilds
Add To Stack: Ai(3)-Selvala Ramp triggered Selvala, Heart of the Wilds
Add To Stack: Ai(3)-Selvala Ramp triggered Selvala, Heart of the Wilds
Add To Stack: Ai(3)-Selvala Ramp triggered Selvala, Heart of the Wilds
Resolve Stack: Whenever another creature enters, its controller may draw a card if its power is greater than each other creature's power. [Zone Changer: Goblin Token (879)]
Resolve Stack: Whenever another creature enters, its controller may draw a card if its power is greater than each other creature's power. [Zone Changer: Goblin Token (878)]
Resolve Stack: Whenever another creature enters, its controller may draw a card if its power is greater than each other creature's power. [Zone Changer: Goblin Token (877)]
Resolve Stack: Whenever another creature enters, its controller may draw a card if its power is greater than each other creature's power. [Zone Changer: Goblin Token (876)]
Resolve Stack: Whenever another creature enters, its controller may draw a card if its power is greater than each other creature's power. [Zone Changer: Goblin Token (875)]
Resolve Stack: Whenever another creature enters, its controller may draw a card if its power is greater than each other creature's power. [Zone Changer: Goblin Token (874)]
Resolve Stack: Whenever another creature enters, its controller may draw a card if its power is greater than each other creature's power. [Zone Changer: Goblin Token (873)]
Phase: Ai(2)-Drana Vampires' Declare Blockers Step
Phase: Ai(2)-Drana Vampires' First Strike Damage Step
Phase: Ai(2)-Drana Vampires' Combat Damage Step
Phase: Ai(2)-Drana Vampires' End of Combat Step
Phase: Ai(2)-Drana Vampires' Main phase, postcombat
Mana: Swamp (181) - {T}: Add {B}.
Mana: Swamp (167) - {T}: Add {B}.
Mana: Swamp (174) - {T}: Add {B}.
Add To Stack: Ai(2)-Drana Vampires cast Drana, Liberator of Malakir
Resolve Stack: Drana, Liberator of Malakir - Creature 2 / 3
Add To Stack: Ai(3)-Selvala Ramp triggered Selvala, Heart of the Wilds
Resolve Stack: Whenever another creature enters, its controller may draw a card if its power is greater than each other creature's power. [Zone Changer: Drana, Liberator of Malakir (201)]
Mana: Swamp (190) - {T}: Add {B}.
Mana: Swamp (155) - {T}: Add {B}.
Mana: Swamp (164) - {T}: Add {B}.
Mana: Swamp (176) - {T}: Add {B}.
Add To Stack: Ai(2)-Drana Vampires cast Solemn Simulacrum
Resolve Stack: Solemn Simulacrum - Creature 2 / 2
Add To Stack: Ai(2)-Drana Vampires triggered Solemn Simulacrum
Add To Stack: Ai(3)-Selvala Ramp triggered Selvala, Heart of the Wilds
Resolve Stack: Whenever another creature enters, its controller may draw a card if its power is greater than each other creature's power. [Zone Changer: Solemn Simulacrum (125)]
Resolve Stack: When Solemn Simulacrum enters, you may search your library for a basic land card, put that card onto the battlefield tapped, then shuffle. [Zone Changer: Solemn Simulacrum (125)]
Phase: Ai(2)-Drana Vampires' End step
Phase: Ai(2)-Drana Vampires' Cleanup step
Turn: Turn 28 (Ai(3)-Selvala Ramp)
Phase: Ai(3)-Selvala Ramp's Untap step
Phase: Ai(3)-Selvala Ramp's Upkeep step
Phase: Ai(3)-Selvala Ramp's Draw step
Phase: Ai(3)-Selvala Ramp's Main phase, precombat
Phase: Ai(3)-Selvala Ramp's Beginning of Combat Step
Phase: Ai(3)-Selvala Ramp's Declare Attackers Step
Phase: Ai(3)-Selvala Ramp's Declare Blockers Step
Phase: Ai(3)-Selvala Ramp's First Strike Damage Step
Phase: Ai(3)-Selvala Ramp's Combat Damage Step
Phase: Ai(3)-Selvala Ramp's End of Combat Step
Phase: Ai(3)-Selvala Ramp's Main phase, postcombat
Mana: Forest (272) - {T}: Add {G}.
Mana: Forest (278) - {T}: Add {G}.
Mana: Forest (264) - {T}: Add {G}.
Add To Stack: Ai(3)-Selvala Ramp cast Wood Elves
Resolve Stack: Wood Elves - Creature 1 / 1
Add To Stack: Ai(3)-Selvala Ramp triggered Wood Elves
Add To Stack: Ai(3)-Selvala Ramp triggered Selvala, Heart of the Wilds
Resolve Stack: Whenever another creature enters, its controller may draw a card if its power is greater than each other creature's power. [Zone Changer: Wood Elves (217)]
Resolve Stack: When Wood Elves enters, search your library for a Forest card, put that card onto the battlefield, then shuffle. [Zone Changer: Wood Elves (217)]
Mana: Forest (250) - {T}: Add {G}.
Mana: Forest (271) - {T}: Add {G}.
Mana: Forest (273) - {T}: Add {G}.
Add To Stack: Ai(3)-Selvala Ramp cast Farhaven Elf
Resolve Stack: Farhaven Elf - Creature 1 / 1
Add To Stack: Ai(3)-Selvala Ramp triggered Farhaven Elf
Add To Stack: Ai(3)-Selvala Ramp triggered Selvala, Heart of the Wilds
Resolve Stack: Whenever another creature enters, its controller may draw a card if its power is greater than each other creature's power. [Zone Changer: Farhaven Elf (229)]
Resolve Stack: When Farhaven Elf enters, you may search your library for a basic land card, put it onto the battlefield tapped, then shuffle. [Zone Changer: Farhaven Elf (229)]
Phase: Ai(3)-Selvala Ramp's End step
Phase: Ai(3)-Selvala Ramp's Cleanup step
Turn: Turn 29 (Ai(4)-Talrand Control)
Phase: Ai(4)-Talrand Control's Untap step
Phase: Ai(4)-Talrand Control's Upkeep step
Phase: Ai(4)-Talrand Control's Draw step
Phase: Ai(4)-Talrand Control's Main phase, precombat
Land: Ai(4)-Talrand Control played Island (349)
Phase: Ai(4)-Talrand Control's Beginning of Combat Step
Phase: Ai(4)-Talrand Control's Declare Attackers Step
Phase: Ai(4)-Talrand Control's Declare Blockers Step
Phase: Ai(4)-Talrand Control's First Strike Damage Step
Phase: Ai(4)-Talrand Control's Combat Damage Step
Phase: Ai(4)-Talrand Control's End of Combat Step
Phase: Ai(4)-Talrand Control's Main phase, postcombat
Mana: Island (342) - {T}: Add {U}.
Mana: Island (369) - {T}: Add {U}.
Mana: Arcane Signet (400) - {T}: Add one mana of any color in your commander's color identity.
Mana: Island (357) - {T}: Add {U}.
Mana: Island (345) - {T}: Add {U}.
Mana: Island (376) - {T}: Add {U}.
Add To Stack: Ai(4)-Talrand Control cast Talrand, Sky Summoner
Resolve Stack: Talrand, Sky Summoner - Creature 2 / 2
Add To Stack: Ai(3)-Selvala Ramp triggered Selvala, Heart of the Wilds
Resolve Stack: Whenever another creature enters, its controller may draw a card if its power is greater than each other creature's power. [Zone Changer: Talrand, Sky Summoner (403)]
Mana: Island (350) - {T}: Add {U}.
Add To Stack: Ai(4)-Talrand Control cast Serum Visions
Add To Stack: Ai(4)-Talrand Control triggered Talrand, Sky Summoner
Resolve Stack: Whenever you cast an instant or sorcery spell, create a 2/2 blue Drake creature token with flying. [Card: Serum Visions (383), Activator: Ai(4)-Talrand Control, SpellAbility: Draw a card. Scry 2. ]
Add To Stack: Ai(3)-Selvala Ramp triggered Selvala, Heart of the Wilds
Resolve Stack: Whenever another creature enters, its controller may draw a card if its power is greater than each other creature's power. [Zone Changer: Drake Token (958)]
Resolve Stack: Ai(4)-Talrand Control scried 1 card(s) to the top of the library and 1 card(s) to the bottom of the library
Resolve Stack: Serum Visions (383) - Ai(4)-Talrand Control draws a card. Ai(4)-Talrand Control scries 2.
Phase: Ai(4)-Talrand Control's End step
Phase: Ai(4)-Talrand Control's Cleanup step
Turn: Turn 30 (Ai(1)-Krenko Goblins)
Phase: Ai(1)-Krenko Goblins' Untap step
Phase: Ai(1)-Krenko Goblins' Upkeep step
Add To Stack: Ai(1)-Krenko Goblins triggered Mogg War Marshal
Mana: Mountain (56) - {T}: Add {R}.
Mana: Mountain (82) - {T}: Add {R}.
Resolve Stack: At the beginning of your upkeep, if this permanent came under your control since the beginning of your last upkeep, sacrifice it unless you pay its echo cost. [Phase: Ai(1)-Krenko Goblins]
Phase: Ai(1)-Krenko Goblins' Draw step
Phase: Ai(1)-Krenko Goblins' Main phase, precombat
Mana: Mountain (58) - {T}: Add {R}.
Mana: Mountain (60) - {T}: Add {R}.
Mana: Fire Diamond (23) - {T}: Add {R}.
Mana: Mountain (79) - {T}: Add {R}.
Add To Stack: Ai(1)-Krenko Goblins cast Siege-Gang Commander
Resolve Stack: Siege-Gang Commander - Creature 2 / 2
Add To Stack: Ai(1)-Krenko Goblins triggered Siege-Gang Commander
Add To Stack: Ai(3)-Selvala Ramp triggered Selvala, Heart of the Wilds
Mana: Mountain (67) - {T}: Add {R}.
Mana: Mountain (89) - {T}: Add {R}.
Zone Change: Goblin Token (723) was put into Graveyard from Battlefield.
Add To Stack: Ai(1)-Krenko Goblins activated Siege-Gang Commander targeting [Drake Token (665)]
Damage: Siege-Gang Commander (10) deals 2 damage to Drake Token (665).
Resolve Stack: Siege-Gang Commander (10) - Siege-Gang Commander (10) deals 2 damage to Drake Token (665).
Zone Change: Drake Token (665) was put into Graveyard from Battlefield.
Resolve Stack: Whenever another creature enters, its controller may draw a card if its power is greater than each other creature's power. [Zone Changer: Siege-Gang Commander (10)]
Resolve Stack: When Siege-Gang Commander enters, create three 1/1 red Goblin creature tokens. [Zone Changer: Siege-Gang Commander (10)]
Add To Stack: Ai(3)-Selvala Ramp triggered Selvala, Heart of the Wilds
Add To Stack: Ai(3)-Selvala Ramp triggered Selvala, Heart of the Wilds
Add To Stack: Ai(3)-Selvala Ramp triggered Selvala, Heart of the Wilds
Resolve Stack: Whenever another creature enters, its controller may draw a card if its power is greater than each other creature's power. [Zone Changer: Goblin Token (989)]
Resolve Stack: Whenever another creature enters, its controller may draw a card if its power is greater than each other creature's power. [Zone Changer: Goblin Token (988)]
Resolve Stack: Whenever another creature enters, its controller may draw a card if its power is greater than each other creature's power. [Zone Changer: Goblin Token (987)]
Phase: Ai(1)-Krenko Goblins' Beginning of Combat Step
Phase: Ai(1)-Krenko Goblins' Declare Attackers Step
Combat: Ai(1)-Krenko Goblins assigned Krenko, Mob Boss (100) to attack Ai(4)-Talrand Control.
Phase: Ai(1)-Krenko Goblins' Declare Blockers Step
Combat: Ai(4)-Talrand Control assigned Archaeomancer (312) and Talrand, Sky Summoner (403) to block Krenko, Mob Boss (100).
Phase: Ai(1)-Krenko Goblins' First Strike Damage Step
Phase: Ai(1)-Krenko Goblins' Combat Damage Step
Damage: Krenko, Mob Boss (100) deals 2 damage to Talrand, Sky Summoner (403).
Damage: Krenko, Mob Boss (100) deals 1 damage to Archaeomancer (312).
Damage: Archaeomancer (312) deals 1 damage to Krenko, Mob Boss (100).
Damage: Talrand, Sky Summoner (403) deals 2 damage to Krenko, Mob Boss (100).
Zone Change: Krenko, Mob Boss (100) was put into Graveyard from Battlefield.
Zone Change: Talrand, Sky Summoner (403) was put into Graveyard from Battlefield.
Phase: Ai(1)-Krenko Goblins' End of Combat Step
Phase: Ai(1)-Krenko Goblins' Main phase, postcombat
Phase: Ai(1)-Krenko Goblins' End step
Phase: Ai(1)-Krenko Goblins' Cleanup step
Turn: Turn 31 (Ai(2)-Drana Vampires)
Phase: Ai(2)-Drana Vampires' Untap step
Phase: Ai(2)-Drana Vampires' Upkeep step
Phase: Ai(2)-Drana Vampires' Draw step
Phase: Ai(2)-Drana Vampires' Main phase, precombat
Phase: Ai(2)-Drana Vampires' Beginning of Combat Step
Phase: Ai(2)-Drana Vampires' Declare Attackers Step
Combat: Ai(2)-Drana Vampires assigned Drana, Liberator of Malakir (201) to attack Ai(1)-Krenko Goblins.
Phase: Ai(2)-Drana Vampires' Declare Blockers Step
Combat: Ai(1)-Krenko Goblins didn't block Drana, Liberator of Malakir (201).
Phase: Ai(2)-Drana Vampires' First Strike Damage Step
Damage: Drana, Liberator of Malakir (201) deals 2 combat damage to Ai(1)-Krenko Goblins.
Life: Life: Ai(1)-Krenko Goblins 30 > 28
Add To Stack: Ai(2)-Drana Vampires triggered Drana, Liberator of Malakir
Resolve Stack: Whenever Drana, Liberator of Malakir deals combat damage to a player, put a +1/+1 counter on each attacking creature you control. [Damage Source: Drana, Liberator of Malakir (201), Damaged: Ai(1)-Krenko Goblins, Amount: 2]
Phase: Ai(2)-Drana Vampires' Combat Damage Step
Phase: Ai(2)-Drana Vampires' End of Combat Step
Phase: Ai(2)-Drana Vampires' Main phase, postcombat
Land: Ai(2)-Drana Vampires played Swamp (182)
Mana: Swamp (181) - {T}: Add {B}.
Mana: Swamp (167) - {T}: Add {B}.
Add To Stack: Ai(2)-Drana Vampires cast Charcoal Diamond
Replacement Effect: Charcoal Diamond enters tapped.
Resolve Stack: Charcoal Diamond
Mana: Swamp (174) - {T}: Add {B}.
Add To Stack: Ai(2)-Drana Vampires cast Indulgent Aristocrat
Resolve Stack: Indulgent Aristocrat - Creature 1 / 1
Add To Stack: Ai(3)-Selvala Ramp triggered Selvala, Heart of the Wilds
Resolve Stack: Whenever another creature enters, its controller may draw a card if its power is greater than each other creature's power. [Zone Changer: Indulgent Aristocrat (152)]
Phase: Ai(2)-Drana Vampires' End step
Phase: Ai(2)-Drana Vampires' Cleanup step
Turn: Turn 32 (Ai(3)-Selvala Ramp)
Phase: Ai(3)-Selvala Ramp's Untap step
Phase: Ai(3)-Selvala Ramp's Upkeep step
Phase: Ai(3)-Selvala Ramp's Draw step
Phase: Ai(3)-Selvala Ramp's Main phase, precombat
Land: Ai(3)-Selvala Ramp played Forest (257)
Mana: Forest (272) - {T}: Add {G}.
Mana: Forest (278) - {T}: Add {G}.
Mana: Forest (264) - {T}: Add {G}.
Mana: Forest (250) - {T}: Add {G}.
Mana: Forest (271) - {T}: Add {G}.
Mana: Forest (273) - {T}: Add {G}.
Mana: Forest (263) - {T}: Add {G}.
Mana: Forest (248) - {T}: Add {G}.
Add To Stack: Ai(3)-Selvala Ramp cast Craterhoof Behemoth
Resolve Stack: Craterhoof Behemoth - Creature 5 / 5
Add To Stack: Ai(3)-Selvala Ramp triggered Selvala, Heart of the Wilds
Add To Stack: Ai(3)-Selvala Ramp triggered Craterhoof Behemoth
Mana: Island (371) - {T}: Add {U}.
Add To Stack: Ai(4)-Talrand Control cast Rapid Hybridization targeting [Craterhoof Behemoth (216)]
Zone Change: Craterhoof Behemoth (216) was put into Graveyard from Battlefield.
Resolve Stack: Rapid Hybridization (329) - Destroy Craterhoof Behemoth (216). It can't be regenerated. 
Add To Stack: Ai(3)-Selvala Ramp triggered Selvala, Heart of the Wilds
Resolve Stack: Whenever another creature enters, its controller may draw a card if its power is greater than each other creature's power. [Zone Changer: Frog Lizard Token (1059)]
Resolve Stack: When Craterhoof Behemoth enters, creatures you control gain trample and get +X/+X until end of turn, where X is the number of creatures you control. [Zone Changer: Craterhoof Behemoth (216)]
Resolve Stack: Whenever another creature enters, its controller may draw a card if its power is greater than each other creature's power. [Zone Changer: Craterhoof Behemoth (216)]
Phase: Ai(3)-Selvala Ramp's Beginning of Combat Step
Phase: Ai(3)-Selvala Ramp's Declare Attackers Step
Combat: Ai(3)-Selvala Ramp assigned Selvala, Heart of the Wilds (302), Reclamation Sage (225), Wood Elves (217) and Farhaven Elf (229) to attack Ai(1)-Krenko Goblins.
Phase: Ai(3)-Selvala Ramp's Declare Blockers Step
Combat: Ai(1)-Krenko Goblins assigned Goblin Token (724) to block Selvala, Heart of the Wilds (302).
Ai(1)-Krenko Goblins assigned Goblin Token (814) to block Reclamation Sage (225).
Ai(1)-Krenko Goblins didn't block Wood Elves (217).
Ai(1)-Krenko Goblins didn't block Farhaven Elf (229).
Phase: Ai(3)-Selvala Ramp's First Strike Damage Step
Phase: Ai(3)-Selvala Ramp's Combat Damage Step
Damage: Selvala, Heart of the Wilds (302) deals 6 combat damage to Ai(1)-Krenko Goblins.
Damage: Selvala, Heart of the Wilds (302) deals 1 damage to Goblin Token (724).
Damage: Reclamation Sage (225) deals 6 combat damage to Ai(1)-Krenko Goblins.
Damage: Reclamation Sage (225) deals 1 damage to Goblin Token (814).
Damage: Wood Elves (217) deals 6 combat damage to Ai(1)-Krenko Goblins.
Damage: Farhaven Elf (229) deals 6 combat damage to Ai(1)-Krenko Goblins.
Damage: Goblin Token (724) deals 1 damage to Selvala, Heart of the Wilds (302).
Damage: Goblin Token (814) deals 1 damage to Reclamation Sage (225).
Life: Life: Ai(1)-Krenko Goblins 28 > 4
Zone Change: Goblin Token (724) was put into Graveyard from Battlefield.
Zone Change: Goblin Token (814) was put into Graveyard from Battlefield.
Phase: Ai(3)-Selvala Ramp's End of Combat Step
Phase: Ai(3)-Selvala Ramp's Main phase, postcombat
Phase: Ai(3)-Selvala Ramp's End step
Phase: Ai(3)-Selvala Ramp's Cleanup step
Turn: Turn 33 (Ai(4)-Talrand Control)
Phase: Ai(4)-Talrand Control's Untap step
Phase: Ai(4)-Talrand Control's Upkeep step
Phase: Ai(4)-Talrand Control's Draw step
Phase: Ai(4)-Talrand Control's Main phase, precombat
Land: Ai(4)-Talrand Control played Island (347)
Phase: Ai(4)-Talrand Control's Beginning of Combat Step
Player Control: Ai(1)-Krenko Goblins has restored control over themself
Player Control: Ai(2)-Drana Vampires has restored control over themself
Player Control: Ai(3)-Selvala Ramp has restored control over themself
Player Control: Ai(4)-Talrand Control has restored control over themself
Game Outcome: Turn 17
Game Outcome: Ai(1)-Krenko Goblins has won because all opponents have lost
Game Outcome: Ai(2)-Drana Vampires has won because all opponents have lost
Game Outcome: Ai(3)-Selvala Ramp has won because all opponents have lost
Game Outcome: Ai(4)-Talrand Control has won because all opponents have lost
Match Result: Ai(1)-Krenko Goblins: 0 Ai(2)-Drana Vampires: 0 Ai(3)-Selvala Ramp: 0 Ai(4)-Talrand Control: 1 

Game Result: Game 1 ended in 120037 ms. Ai(4)-Talrand Control has won!

Mountain Did not have activator set in SpellAbilityRestriction.canPlay()
Mountain Did not have activator set in SpellAbilityRestriction.canPlay()
Moving spell to Library
Mulligan: Ai(1)-Krenko Goblins has kept a hand of 7 cards
Mulligan: Ai(2)-Drana Vampires has kept a hand of 7 cards
Mulligan: Ai(3)-Selvala Ramp has kept a hand of 7 cards
Mulligan: Ai(4)-Talrand Control has kept a hand of 7 cards
Turn: Turn 1 (Ai(1)-Krenko Goblins)
Phase: Ai(1)-Krenko Goblins' Untap step
Phase: Ai(1)-Krenko Goblins' Upkeep step
Phase: Ai(1)-Krenko Goblins' Draw step
Phase: Ai(1)-Krenko Goblins' Main phase, precombat
Land: Ai(1)-Krenko Goblins played Mountain (82)
Mana: Mountain (82) - {T}: Add {R}.
Add To Stack: Ai(1)-Krenko Goblins cast Raging Goblin
Resolve Stack: Raging Goblin - Creature 1 / 1
Phase: Ai(1)-Krenko Goblins' Beginning of Combat Step
Phase: Ai(1)-Krenko Goblins' Declare Attackers Step
Combat: Ai(1)-Krenko Goblins assigned Raging Goblin (49) to attack Ai(3)-Selvala Ramp.
Phase: Ai(1)-Krenko Goblins' Declare Blockers Step
Combat: Ai(3)-Selvala Ramp didn't block Raging Goblin (49).
Phase: Ai(1)-Krenko Goblins' First Strike Damage Step
Phase: Ai(1)-Krenko Goblins' Combat Damage Step
Damage: Raging Goblin (49) deals 1 combat damage to Ai(3)-Selvala Ramp.
Life: Life: Ai(3)-Selvala Ramp 40 > 39
Phase: Ai(1)-Krenko Goblins' End of Combat Step
Phase: Ai(1)-Krenko Goblins' Main phase, postcombat
Phase: Ai(1)-Krenko Goblins' End step
Phase: Ai(1)-Krenko Goblins' Cleanup step
Turn: Turn 2 (Ai(2)-Drana Vampires)
Phase: Ai(2)-Drana Vampires' Untap step
Phase: Ai(2)-Drana Vampires' Upkeep step
Phase: Ai(2)-Drana Vampires' Draw step
Phase: Ai(2)-Drana Vampires' Main phase, precombat
Land: Ai(2)-Drana Vampires played Swamp (171)
Phase: Ai(2)-Drana Vampires' Beginning of Combat Step
Phase: Ai(2)-Drana Vampires' Declare Attackers Step
Phase: Ai(2)-Drana Vampires' Declare Blockers Step
Phase: Ai(2)-Drana Vampires' First Strike Damage Step
Phase: Ai(2)-Drana Vampires' Combat Damage Step
Phase: Ai(2)-Drana Vampires' End of Combat Step
Phase: Ai(2)-Drana Vampires' Main phase, postcombat
Mana: Swamp (171) - {T}: Add {B}.
Add To Stack: Ai(2)-Drana Vampires cast Indulgent Aristocrat
Resolve Stack: Indulgent Aristocrat - Creature 1 / 1
Phase: Ai(2)-Drana Vampires' End step
Phase: Ai(2)-Drana Vampires' Cleanup step
Turn: Turn 3 (Ai(3)-Selvala Ramp)
Phase: Ai(3)-Selvala Ramp's Untap step
Phase: Ai(3)-Selvala Ramp's Upkeep step
Phase: Ai(3)-Selvala Ramp's Draw step
Phase: Ai(3)-Selvala Ramp's Main phase, precombat
Land: Ai(3)-Selvala Ramp played Forest (280)
Phase: Ai(3)-Selvala Ramp's Beginning of Combat Step
Phase: Ai(3)-Selvala Ramp's Declare Attackers Step
Phase: Ai(3)-Selvala Ramp's Declare Blockers Step
Phase: Ai(3)-Selvala Ramp's First Strike Damage Step
Phase: Ai(3)-Selvala Ramp's Combat Damage Step
Phase: Ai(3)-Selvala Ramp's End of Combat Step
Phase: Ai(3)-Selvala Ramp's Main phase, postcombat
Phase: Ai(3)-Selvala Ramp's End step
Phase: Ai(3)-Selvala Ramp's Cleanup step
Turn: Turn 4 (Ai(4)-Talrand Control)
Phase: Ai(4)-Talrand Control's Untap step
Phase: Ai(4)-Talrand Control's Upkeep step
Phase: Ai(4)-Talrand Control's Draw step
Phase: Ai(4)-Talrand Control's Main phase, precombat
Land: Ai(4)-Talrand Control played Island (360)
Phase: Ai(4)-Talrand Control's Beginning of Combat Step
Phase: Ai(4)-Talrand Control's Declare Attackers Step
Phase: Ai(4)-Talrand Control's Declare Blockers Step
Phase: Ai(4)-Talrand Control's First Strike Damage Step
Phase: Ai(4)-Talrand Control's Combat Damage Step
Phase: Ai(4)-Talrand Control's End of Combat Step
Phase: Ai(4)-Talrand Control's Main phase, postcombat
Mana: Island (360) - {T}: Add {U}.
Add To Stack: Ai(4)-Talrand Control cast Sol Ring
Resolve Stack: Sol Ring
Phase: Ai(4)-Talrand Control's End step
Phase: Ai(4)-Talrand Control's Cleanup step
Turn: Turn 5 (Ai(1)-Krenko Goblins)
Phase: Ai(1)-Krenko Goblins' Untap step
Phase: Ai(1)-Krenko Goblins' Upkeep step
Phase: Ai(1)-Krenko Goblins' Draw step
Phase: Ai(1)-Krenko Goblins' Main phase, precombat
Land: Ai(1)-Krenko Goblins played Mountain (92)
Phase: Ai(1)-Krenko Goblins' Beginning of Combat Step
Phase: Ai(1)-Krenko Goblins' Declare Attackers Step
Phase: Ai(1)-Krenko Goblins' Declare Blockers Step
Phase: Ai(1)-Krenko Goblins' First Strike Damage Step
Phase: Ai(1)-Krenko Goblins' Combat Damage Step
Phase: Ai(1)-Krenko Goblins' End of Combat Step
Phase: Ai(1)-Krenko Goblins' Main phase, postcombat
Mana: Mountain (82) - {T}: Add {R}.
Mana: Mountain (92) - {T}: Add {R}.
Add To Stack: Ai(1)-Krenko Goblins cast Fire Diamond
Replacement Effect: Fire Diamond enters tapped.
Resolve Stack: Fire Diamond
Phase: Ai(1)-Krenko Goblins' End step
Phase: Ai(1)-Krenko Goblins' Cleanup step
Turn: Turn 6 (Ai(2)-Drana Vampires)
Phase: Ai(2)-Drana Vampires' Untap step
Phase: Ai(2)-Drana Vampires' Upkeep step
Phase: Ai(2)-Drana Vampires' Draw step
Phase: Ai(2)-Drana Vampires' Main phase, precombat
Land: Ai(2)-Drana Vampires played Swamp (163)
Phase: Ai(2)-Drana Vampires' Beginning of Combat Step
Phase: Ai(2)-Drana Vampires' Declare Attackers Step
Phase: Ai(2)-Drana Vampires' Declare Blockers Step
Phase: Ai(2)-Drana Vampires' First Strike Damage Step
Phase: Ai(2)-Drana Vampires' Combat Damage Step
Phase: Ai(2)-Drana Vampires' End of Combat Step
Phase: Ai(2)-Drana Vampires' Main phase, postcombat
Phase: Ai(2)-Drana Vampires' End step
Phase: Ai(2)-Drana Vampires' Cleanup step
Turn: Turn 7 (Ai(3)-Selvala Ramp)
Phase: Ai(3)-Selvala Ramp's Untap step
Phase: Ai(3)-Selvala Ramp's Upkeep step
Phase: Ai(3)-Selvala Ramp's Draw step
Phase: Ai(3)-Selvala Ramp's Main phase, precombat
Land: Ai(3)-Selvala Ramp played Forest (255)
Phase: Ai(3)-Selvala Ramp's Beginning of Combat Step
Phase: Ai(3)-Selvala Ramp's Declare Attackers Step
Phase: Ai(3)-Selvala Ramp's Declare Blockers Step
Phase: Ai(3)-Selvala Ramp's First Strike Damage Step
Phase: Ai(3)-Selvala Ramp's Combat Damage Step
Phase: Ai(3)-Selvala Ramp's End of Combat Step
Phase: Ai(3)-Selvala Ramp's Main phase, postcombat
Phase: Ai(3)-Selvala Ramp's End step
Phase: Ai(3)-Selvala Ramp's Cleanup step
Turn: Turn 8 (Ai(4)-Talrand Control)
Phase: Ai(4)-Talrand Control's Untap step
Phase: Ai(4)-Talrand Control's Upkeep step
Phase: Ai(4)-Talrand Control's Draw step
Phase: Ai(4)-Talrand Control's Main phase, precombat
Land: Ai(4)-Talrand Control played Island (338)
Phase: Ai(4)-Talrand Control's Beginning of Combat Step
Phase: Ai(4)-Talrand Control's Declare Attackers Step
Phase: Ai(4)-Talrand Control's Declare Blockers Step
Phase: Ai(4)-Talrand Control's First Strike Damage Step
Phase: Ai(4)-Talrand Control's Combat Damage Step
Phase: Ai(4)-Talrand Control's End of Combat Step
Phase: Ai(4)-Talrand Control's Main phase, postcombat
Mana: Island (360) - {T}: Add {U}.
Mana: Island (338) - {T}: Add {U}.
Mana: Sol Ring (319) - {T}: Add {C}{C}.
Add To Stack: Ai(4)-Talrand Control cast Talrand, Sky Summoner
Resolve Stack: Talrand, Sky Summoner - Creature 2 / 2
Phase: Ai(4)-Talrand Control's End step
Phase: Ai(4)-Talrand Control's Cleanup step
Turn: Turn 9 (Ai(1)-Krenko Goblins)
Phase: Ai(1)-Krenko Goblins' Untap step
Phase: Ai(1)-Krenko Goblins' Upkeep step
Phase: Ai(1)-Krenko Goblins' Draw step
Phase: Ai(1)-Krenko Goblins' Main phase, precombat
Land: Ai(1)-Krenko Goblins played Mountain (89)
Phase: Ai(1)-Krenko Goblins' Beginning of Combat Step
Phase: Ai(1)-Krenko Goblins' Declare Attackers Step
Phase: Ai(1)-Krenko Goblins' Declare Blockers Step
Phase: Ai(1)-Krenko Goblins' First Strike Damage Step
Phase: Ai(1)-Krenko Goblins' Combat Damage Step
Phase: Ai(1)-Krenko Goblins' End of Combat Step
Phase: Ai(1)-Krenko Goblins' Main phase, postcombat
Mana: Mountain (82) - {T}: Add {R}.
Mana: Mountain (92) - {T}: Add {R}.
Mana: Fire Diamond (23) - {T}: Add {R}.
Mana: Mountain (89) - {T}: Add {R}.
Add To Stack: Ai(1)-Krenko Goblins cast Krenko, Mob Boss
Resolve Stack: Krenko, Mob Boss - Creature 3 / 3
Phase: Ai(1)-Krenko Goblins' End step
Phase: Ai(1)-Krenko Goblins' Cleanup step
Turn: Turn 10 (Ai(2)-Drana Vampires)
Phase: Ai(2)-Drana Vampires' Untap step
Phase: Ai(2)-Drana Vampires' Upkeep step
Phase: Ai(2)-Drana Vampires' Draw step
Phase: Ai(2)-Drana Vampires' Main phase, precombat
Land: Ai(2)-Drana Vampires played Swamp (176)
Phase: Ai(2)-Drana Vampires' Beginning of Combat Step
Phase: Ai(2)-Drana Vampires' Declare Attackers Step
Phase: Ai(2)-Drana Vampires' Declare Blockers Step
Phase: Ai(2)-Drana Vampires' First Strike Damage Step
Phase: Ai(2)-Drana Vampires' Combat Damage Step
Phase: Ai(2)-Drana Vampires' End of Combat Step
Phase: Ai(2)-Drana Vampires' Main phase, postcombat
Mana: Swamp (171) - {T}: Add {B}.
Mana: Swamp (163) - {T}: Add {B}.
Mana: Swamp (176) - {T}: Add {B}.
Add To Stack: Ai(2)-Drana Vampires cast Drana, Liberator of Malakir
Resolve Stack: Drana, Liberator of Malakir - Creature 2 / 3
Phase: Ai(2)-Drana Vampires' End step
Phase: Ai(2)-Drana Vampires' Cleanup step
Turn: Turn 11 (Ai(3)-Selvala Ramp)
Phase: Ai(3)-Selvala Ramp's Untap step
Phase: Ai(3)-Selvala Ramp's Upkeep step
Phase: Ai(3)-Selvala Ramp's Draw step
Phase: Ai(3)-Selvala Ramp's Main phase, precombat
Land: Ai(3)-Selvala Ramp played Forest (247)
Phase: Ai(3)-Selvala Ramp's Beginning of Combat Step
Phase: Ai(3)-Selvala Ramp's Declare Attackers Step
Phase: Ai(3)-Selvala Ramp's Declare Blockers Step
Phase: Ai(3)-Selvala Ramp's First Strike Damage Step
Phase: Ai(3)-Selvala Ramp's Combat Damage Step
Phase: Ai(3)-Selvala Ramp's End of Combat Step
Phase: Ai(3)-Selvala Ramp's Main phase, postcombat
Mana: Forest (280) - {T}: Add {G}.
Mana: Forest (255) - {T}: Add {G}.
Mana: Forest (247) - {T}: Add {G}.
Add To Stack: Ai(3)-Selvala Ramp cast Selvala, Heart of the Wilds
Resolve Stack: Selvala, Heart of the Wilds - Creature 2 / 3
Phase: Ai(3)-Selvala Ramp's End step
Phase: Ai(3)-Selvala Ramp's Cleanup step
Turn: Turn 12 (Ai(4)-Talrand Control)
Phase: Ai(4)-Talrand Control's Untap step
Phase: Ai(4)-Talrand Control's Upkeep step
Phase: Ai(4)-Talrand Control's Draw step
Phase: Ai(4)-Talrand Control's Main phase, precombat
Land: Ai(4)-Talrand Control played Island (349)
Phase: Ai(4)-Talrand Control's Beginning of Combat Step
Phase: Ai(4)-Talrand Control's Declare Attackers Step
Phase: Ai(4)-Talrand Control's Declare Blockers Step
Phase: Ai(4)-Talrand Control's First Strike Damage Step
Phase: Ai(4)-Talrand Control's Combat Damage Step
Phase: Ai(4)-Talrand Control's End of Combat Step
Phase: Ai(4)-Talrand Control's Main phase, postcombat
Mana: Island (360) - {T}: Add {U}.
Mana: Island (338) - {T}: Add {U}.
Mana: Sol Ring (319) - {T}: Add {C}{C}.
Add To Stack: Ai(4)-Talrand Control cast Dissipation Field
Resolve Stack: Dissipation Field
Phase: Ai(4)-Talrand Control's End step
Phase: Ai(4)-Talrand Control's Cleanup step
Turn: Turn 13 (Ai(1)-Krenko Goblins)
Phase: Ai(1)-Krenko Goblins' Untap step
Phase: Ai(1)-Krenko Goblins' Upkeep step
Mana: Mountain (82) - {T}: Add {R}.
Mana: Mountain (92) - {T}: Add {R}.
Add To Stack: Ai(1)-Krenko Goblins cast Lightning Strike targeting [Selvala, Heart of the Wilds (302)]
Damage: Lightning Strike (94) deals 3 damage to Selvala, Heart of the Wilds (302).
Resolve Stack: Lightning Strike (94) - Lightning Strike (94) deals 3 damage to Selvala, Heart of the Wilds (302).
Zone Change: Selvala, Heart of the Wilds (302) was put into Graveyard from Battlefield.
Phase: Ai(1)-Krenko Goblins' Draw step
Phase: Ai(1)-Krenko Goblins' Main phase, precombat
Phase: Ai(1)-Krenko Goblins' Beginning of Combat Step
Phase: Ai(1)-Krenko Goblins' Declare Attackers Step
Combat: Ai(1)-Krenko Goblins assigned Krenko, Mob Boss (100) to attack Ai(4)-Talrand Control.
Phase: Ai(1)-Krenko Goblins' Declare Blockers Step
Combat: Ai(4)-Talrand Control didn't block Krenko, Mob Boss (100).
Phase: Ai(1)-Krenko Goblins' First Strike Damage Step
Phase: Ai(1)-Krenko Goblins' Combat Damage Step
Damage: Krenko, Mob Boss (100) deals 3 combat damage to Ai(4)-Talrand Control.
Life: Life: Ai(4)-Talrand Control 40 > 37
Add To Stack: Ai(4)-Talrand Control triggered Dissipation Field
Resolve Stack: Whenever a permanent deals damage to you, return it to its owner's hand. [Damage Source: Krenko, Mob Boss (100), Damaged: Ai(4)-Talrand Control, Amount: 3]
Phase: Ai(1)-Krenko Goblins' End of Combat Step
Phase: Ai(1)-Krenko Goblins' Main phase, postcombat
Land: Ai(1)-Krenko Goblins played Mountain (75)
Phase: Ai(1)-Krenko Goblins' End step
Phase: Ai(1)-Krenko Goblins' Cleanup step
Turn: Turn 14 (Ai(2)-Drana Vampires)
Phase: Ai(2)-Drana Vampires' Untap step
Phase: Ai(2)-Drana Vampires' Upkeep step
Phase: Ai(2)-Drana Vampires' Draw step
Phase: Ai(2)-Drana Vampires' Main phase, precombat
Land: Ai(2)-Drana Vampires played Swamp (186)
Mana: Swamp (171) - {T}: Add {B}.
Mana: Swamp (163) - {T}: Add {B}.
Add To Stack: Ai(2)-Drana Vampires cast Urge to Feed targeting [Talrand, Sky Summoner (403)]
Resolve Stack: Urge to Feed (149) - Talrand, Sky Summoner (403) gets -3/-3  until end of turn. Tap Urge to Feed (149). Ai(2)-Drana Vampires puts a +1/+1 counter on . 
Zone Change: Talrand, Sky Summoner (403) was put into Graveyard from Battlefield.
Phase: Ai(2)-Drana Vampires' Beginning of Combat Step
Phase: Ai(2)-Drana Vampires' Declare Attackers Step
Phase: Ai(2)-Drana Vampires' Declare Blockers Step
Phase: Ai(2)-Drana Vampires' First Strike Damage Step
Phase: Ai(2)-Drana Vampires' Combat Damage Step
Phase: Ai(2)-Drana Vampires' End of Combat Step
Phase: Ai(2)-Drana Vampires' Main phase, postcombat
Mana: Swamp (176) - {T}: Add {B}.
Mana: Swamp (186) - {T}: Add {B}.
Add To Stack: Ai(2)-Drana Vampires cast Blood Artist
Resolve Stack: Blood Artist - Creature 0 / 1
Phase: Ai(2)-Drana Vampires' End step
Phase: Ai(2)-Drana Vampires' Cleanup step
Turn: Turn 15 (Ai(3)-Selvala Ramp)
Phase: Ai(3)-Selvala Ramp's Untap step
Phase: Ai(3)-Selvala Ramp's Upkeep step
Phase: Ai(3)-Selvala Ramp's Draw step
Phase: Ai(3)-Selvala Ramp's Main phase, precombat
Land: Ai(3)-Selvala Ramp played Forest (279)
Phase: Ai(3)-Selvala Ramp's Beginning of Combat Step
Phase: Ai(3)-Selvala Ramp's Declare Attackers Step
Phase: Ai(3)-Selvala Ramp's Declare Blockers Step
Phase: Ai(3)-Selvala Ramp's First Strike Damage Step
Phase: Ai(3)-Selvala Ramp's Combat Damage Step
Phase: Ai(3)-Selvala Ramp's End of Combat Step
Phase: Ai(3)-Selvala Ramp's Main phase, postcombat
Mana: Forest (280) - {T}: Add {G}.
Mana: Forest (255) - {T}: Add {G}.
Mana: Forest (247) - {T}: Add {G}.
Add To Stack: Ai(3)-Selvala Ramp cast Reclamation Sage
Resolve Stack: Reclamation Sage - Creature 2 / 1
Add To Stack: Ai(3)-Selvala Ramp triggered Reclamation Sage targeting [Dissipation Field (397)]
Zone Change: Dissipation Field (397) was put into Graveyard from Battlefield.
Resolve Stack: When Reclamation Sage enters, you may destroy target artifact or enchantment. (Targeting: [[Dissipation Field (397)]]) [Zone Changer: Reclamation Sage (225)]
Phase: Ai(3)-Selvala Ramp's End step
Phase: Ai(3)-Selvala Ramp's Cleanup step
Turn: Turn 16 (Ai(4)-Talrand Control)
Phase: Ai(4)-Talrand Control's Untap step
Phase: Ai(4)-Talrand Control's Upkeep step
Phase: Ai(4)-Talrand Control's Draw step
Phase: Ai(4)-Talrand Control's Main phase, precombat
Land: Ai(4)-Talrand Control played Island (345)
Phase: Ai(4)-Talrand Control's Beginning of Combat Step
Phase: Ai(4)-Talrand Control's Declare Attackers Step
Phase: Ai(4)-Talrand Control's Declare Blockers Step
Phase: Ai(4)-Talrand Control's First Strike Damage Step
Phase: Ai(4)-Talrand Control's Combat Damage Step
Phase: Ai(4)-Talrand Control's End of Combat Step
Phase: Ai(4)-Talrand Control's Main phase, postcombat
Mana: Island (360) - {T}: Add {U}.
Mana: Island (338) - {T}: Add {U}.
Mana: Sol Ring (319) - {T}: Add {C}{C}.
Mana: Island (349) - {T}: Add {U}.
Mana: Island (345) - {T}: Add {U}.
Add To Stack: Ai(4)-Talrand Control cast Talrand, Sky Summoner
Resolve Stack: Talrand, Sky Summoner - Creature 2 / 2
Phase: Ai(4)-Talrand Control's End step
Phase: Ai(4)-Talrand Control's Cleanup step
Turn: Turn 17 (Ai(1)-Krenko Goblins)
Phase: Ai(1)-Krenko Goblins' Untap step
Phase: Ai(1)-Krenko Goblins' Upkeep step
Phase: Ai(1)-Krenko Goblins' Draw step
Phase: Ai(1)-Krenko Goblins' Main phase, precombat
Land: Ai(1)-Krenko Goblins played Mountain (68)
Phase: Ai(1)-Krenko Goblins' Beginning of Combat Step
Phase: Ai(1)-Krenko Goblins' Declare Attackers Step
Combat: Ai(1)-Krenko Goblins assigned Raging Goblin (49) to attack Ai(2)-Drana Vampires.
Phase: Ai(1)-Krenko Goblins' Declare Blockers Step
Combat: Ai(2)-Drana Vampires didn't block Raging Goblin (49).
Phase: Ai(1)-Krenko Goblins' First Strike Damage Step
Phase: Ai(1)-Krenko Goblins' Combat Damage Step
Damage: Raging Goblin (49) deals 1 combat damage to Ai(2)-Drana Vampires.
Life: Life: Ai(2)-Drana Vampires 40 > 39
Phase: Ai(1)-Krenko Goblins' End of Combat Step
Phase: Ai(1)-Krenko Goblins' Main phase, postcombat
Mana: Mountain (82) - {T}: Add {R}.
Mana: Mountain (92) - {T}: Add {R}.
Mana: Fire Diamond (23) - {T}: Add {R}.
Mana: Mountain (89) - {T}: Add {R}.
Mana: Mountain (75) - {T}: Add {R}.
Mana: Mountain (68) - {T}: Add {R}.
Add To Stack: Ai(1)-Krenko Goblins cast Inferno Titan
Resolve Stack: Inferno Titan - Creature 6 / 6
Add To Stack: Ai(1)-Krenko Goblins triggered Inferno Titan targeting [Talrand, Sky Summoner (403), Ai(4)-Talrand Control]
Damage: Inferno Titan (48) deals 2 damage to Talrand, Sky Summoner (403).
Damage: Inferno Titan (48) deals 1 non-combat damage to Ai(4)-Talrand Control.
Life: Life: Ai(4)-Talrand Control 37 > 36
Resolve Stack: Whenever Inferno Titan enters or attacks, it deals 3 damage divided as you choose among one, two, or three targets. (Targeting: [[Talrand, Sky Summoner (403), Ai(4)-Talrand Control]]) [Zone Changer: Inferno Titan (48)]
Zone Change: Talrand, Sky Summoner (403) was put into Graveyard from Battlefield.
Add To Stack: Ai(2)-Drana Vampires triggered Blood Artist targeting [Ai(3)-Selvala Ramp]
Life: Life: Ai(3)-Selvala Ramp 39 > 38
Life: Life: Ai(2)-Drana Vampires 39 > 40
Resolve Stack: Whenever Blood Artist or another creature dies, target player loses 1 life and you gain 1 life. (Targeting: [[Ai(3)-Selvala Ramp]]) [Zone Changer: Talrand, Sky Summoner (403)]
Phase: Ai(1)-Krenko Goblins' End step
Phase: Ai(1)-Krenko Goblins' Cleanup step
Turn: Turn 18 (Ai(2)-Drana Vampires)
Phase: Ai(2)-Drana Vampires' Untap step
Phase: Ai(2)-Drana Vampires' Upkeep step
Phase: Ai(2)-Drana Vampires' Draw step
Phase: Ai(2)-Drana Vampires' Main phase, precombat
Land: Ai(2)-Drana Vampires played Swamp (170)
Phase: Ai(2)-Drana Vampires' Beginning of Combat Step
Phase: Ai(2)-Drana Vampires' Declare Attackers Step
Combat: Ai(2)-Drana Vampires assigned Drana, Liberator of Malakir (201) to attack Ai(1)-Krenko Goblins.
Phase: Ai(2)-Drana Vampires' Declare Blockers Step
Combat: Ai(1)-Krenko Goblins didn't block Drana, Liberator of Malakir (201).
Phase: Ai(2)-Drana Vampires' First Strike Damage Step
Damage: Drana, Liberator of Malakir (201) deals 3 combat damage to Ai(1)-Krenko Goblins.
Life: Life: Ai(1)-Krenko Goblins 40 > 37
Add To Stack: Ai(2)-Drana Vampires triggered Drana, Liberator of Malakir
Resolve Stack: Whenever Drana, Liberator of Malakir deals combat damage to a player, put a +1/+1 counter on each attacking creature you control. [Damage Source: Drana, Liberator of Malakir (201), Damaged: Ai(1)-Krenko Goblins, Amount: 3]
Phase: Ai(2)-Drana Vampires' Combat Damage Step
Phase: Ai(2)-Drana Vampires' End of Combat Step
Phase: Ai(2)-Drana Vampires' Main phase, postcombat
Mana: Swamp (171) - {T}: Add {B}.
Mana: Swamp (163) - {T}: Add {B}.
Mana: Swamp (176) - {T}: Add {B}.
Add To Stack: Ai(2)-Drana Vampires cast Barony Vampire
Resolve Stack: Barony Vampire - Creature 3 / 2
Phase: Ai(2)-Drana Vampires' End step
Phase: Ai(2)-Drana Vampires' Cleanup step
Turn: Turn 19 (Ai(3)-Selvala Ramp)
Phase: Ai(3)-Selvala Ramp's Untap step
Phase: Ai(3)-Selvala Ramp's Upkeep step
Phase: Ai(3)-Selvala Ramp's Draw step
Phase: Ai(3)-Selvala Ramp's Main phase, precombat
Land: Ai(3)-Selvala Ramp played Forest (281)
Phase: Ai(3)-Selvala Ramp's Beginning of Combat Step
Phase: Ai(3)-Selvala Ramp's Declare Attackers Step
Phase: Ai(3)-Selvala Ramp's Declare Blockers Step
Phase: Ai(3)-Selvala Ramp's First Strike Damage Step
Phase: Ai(3)-Selvala Ramp's Combat Damage Step
Phase: Ai(3)-Selvala Ramp's End of Combat Step
Phase: Ai(3)-Selvala Ramp's Main phase, postcombat
Mana: Forest (280) - {T}: Add {G}.
Mana: Forest (255) - {T}: Add {G}.
Mana: Forest (247) - {T}: Add {G}.
Mana: Forest (279) - {T}: Add {G}.
Mana: Forest (281) - {T}: Add {G}.
Add To Stack: Ai(3)-Selvala Ramp cast Selvala, Heart of the Wilds
Resolve Stack: Selvala, Heart of the Wilds - Creature 2 / 3
Phase: Ai(3)-Selvala Ramp's End step
Phase: Ai(3)-Selvala Ramp's Cleanup step
Turn: Turn 20 (Ai(4)-Talrand Control)
Phase: Ai(4)-Talrand Control's Untap step
Phase: Ai(4)-Talrand Control's Upkeep step
Phase: Ai(4)-Talrand Control's Draw step
Phase: Ai(4)-Talrand Control's Main phase, precombat
Land: Ai(4)-Talrand Control played Island (353)
Phase: Ai(4)-Talrand Control's Beginning of Combat Step
Phase: Ai(4)-Talrand Control's Declare Attackers Step
Phase: Ai(4)-Talrand Control's Declare Blockers Step
Phase: Ai(4)-Talrand Control's First Strike Damage Step
Phase: Ai(4)-Talrand Control's Combat Damage Step
Phase: Ai(4)-Talrand Control's End of Combat Step
Phase: Ai(4)-Talrand Control's Main phase, postcombat
Mana: Island (360) - {T}: Add {U}.
Mana: Island (338) - {T}: Add {U}.
Mana: Island (349) - {T}: Add {U}.
Mana: Sol Ring (319) - {T}: Add {C}{C}.
Mana: Island (345) - {T}: Add {U}.
Mana: Island (353) - {T}: Add {U}.
Add To Stack: Ai(4)-Talrand Control cast Blue Sun's Zenith targeting [Ai(4)-Talrand Control]
Resolve Stack: Blue Sun's Zenith (332) - Ai(4)-Talrand Control draws four cards. Shuffle  into its owner's library. (X=4)
Phase: Ai(4)-Talrand Control's End step
Phase: Ai(4)-Talrand Control's Cleanup step
Discard: Ai(4)-Talrand Control discards Island (367).
Turn: Turn 21 (Ai(1)-Krenko Goblins)
Phase: Ai(1)-Krenko Goblins' Untap step
Phase: Ai(1)-Krenko Goblins' Upkeep step
Phase: Ai(1)-Krenko Goblins' Draw step
Phase: Ai(1)-Krenko Goblins' Main phase, precombat
Land: Ai(1)-Krenko Goblins played Mountain (70)
Phase: Ai(1)-Krenko Goblins' Beginning of Combat Step
Phase: Ai(1)-Krenko Goblins' Declare Attackers Step
Combat: Ai(1)-Krenko Goblins assigned Inferno Titan (48) to attack Ai(2)-Drana Vampires.
Add To Stack: Ai(1)-Krenko Goblins triggered Inferno Titan targeting [Ai(4)-Talrand Control]
Damage: Inferno Titan (48) deals 3 non-combat damage to Ai(4)-Talrand Control.
Life: Life: Ai(4)-Talrand Control 36 > 33
Resolve Stack: Whenever Inferno Titan enters or attacks, it deals 3 damage divided as you choose among one, two, or three targets. (Targeting: [[Ai(4)-Talrand Control]]) [Attacker: Inferno Titan (48)]
Phase: Ai(1)-Krenko Goblins' Declare Blockers Step
Combat: Ai(2)-Drana Vampires didn't block Inferno Titan (48).
Mana: Mountain (82) - {T}: Add {R}.
Add To Stack: Ai(1)-Krenko Goblins activated Inferno Titan
Resolve Stack: Inferno Titan (48) - Inferno Titan (48) gets +1/+0  until end of turn.
Mana: Mountain (92) - {T}: Add {R}.
Add To Stack: Ai(1)-Krenko Goblins activated Inferno Titan
Resolve Stack: Inferno Titan (48) - Inferno Titan (48) gets +1/+0  until end of turn.
Mana: Fire Diamond (23) - {T}: Add {R}.
Add To Stack: Ai(1)-Krenko Goblins activated Inferno Titan
Resolve Stack: Inferno Titan (48) - Inferno Titan (48) gets +1/+0  until end of turn.
Mana: Mountain (89) - {T}: Add {R}.
Add To Stack: Ai(1)-Krenko Goblins activated Inferno Titan
Resolve Stack: Inferno Titan (48) - Inferno Titan (48) gets +1/+0  until end of turn.
Mana: Mountain (75) - {T}: Add {R}.
Add To Stack: Ai(1)-Krenko Goblins activated Inferno Titan
Resolve Stack: Inferno Titan (48) - Inferno Titan (48) gets +1/+0  until end of turn.
Mana: Mountain (68) - {T}: Add {R}.
Add To Stack: Ai(1)-Krenko Goblins activated Inferno Titan
Resolve Stack: Inferno Titan (48) - Inferno Titan (48) gets +1/+0  until end of turn.
Mana: Mountain (70) - {T}: Add {R}.
Add To Stack: Ai(1)-Krenko Goblins activated Inferno Titan
Resolve Stack: Inferno Titan (48) - Inferno Titan (48) gets +1/+0  until end of turn.
Phase: Ai(1)-Krenko Goblins' First Strike Damage Step
Phase: Ai(1)-Krenko Goblins' Combat Damage Step
Damage: Inferno Titan (48) deals 13 combat damage to Ai(2)-Drana Vampires.
Life: Life: Ai(2)-Drana Vampires 40 > 27
Phase: Ai(1)-Krenko Goblins' End of Combat Step
Phase: Ai(1)-Krenko Goblins' Main phase, postcombat
Phase: Ai(1)-Krenko Goblins' End step
Phase: Ai(1)-Krenko Goblins' Cleanup step
Turn: Turn 22 (Ai(2)-Drana Vampires)
Phase: Ai(2)-Drana Vampires' Untap step
Phase: Ai(2)-Drana Vampires' Upkeep step
Phase: Ai(2)-Drana Vampires' Draw step
Phase: Ai(2)-Drana Vampires' Main phase, precombat
Land: Ai(2)-Drana Vampires played Swamp (183)
Mana: Swamp (171) - {T}: Add {B}.
Mana: Swamp (163) - {T}: Add {B}.
Mana: Swamp (176) - {T}: Add {B}.
Add To Stack: Ai(2)-Drana Vampires cast Underworld Connections targeting [Swamp (171)]
Resolve Stack: Underworld Connections (148) -  Attach to Swamp (171)
Phase: Ai(2)-Drana Vampires' Beginning of Combat Step
Phase: Ai(2)-Drana Vampires' Declare Attackers Step
Combat: Ai(2)-Drana Vampires assigned Drana, Liberator of Malakir (201), Barony Vampire (111) and Indulgent Aristocrat (152) to attack Ai(1)-Krenko Goblins.
Phase: Ai(2)-Drana Vampires' Declare Blockers Step
Combat: Ai(1)-Krenko Goblins didn't block Drana, Liberator of Malakir (201).
Ai(1)-Krenko Goblins didn't block Barony Vampire (111).
Ai(1)-Krenko Goblins didn't block Indulgent Aristocrat (152).
Phase: Ai(2)-Drana Vampires' First Strike Damage Step
Damage: Drana, Liberator of Malakir (201) deals 4 combat damage to Ai(1)-Krenko Goblins.
Life: Life: Ai(1)-Krenko Goblins 37 > 33
Add To Stack: Ai(2)-Drana Vampires triggered Drana, Liberator of Malakir
Resolve Stack: Whenever Drana, Liberator of Malakir deals combat damage to a player, put a +1/+1 counter on each attacking creature you control. [Damage Source: Drana, Liberator of Malakir (201), Damaged: Ai(1)-Krenko Goblins, Amount: 4]
Phase: Ai(2)-Drana Vampires' Combat Damage Step
Damage: Barony Vampire (111) deals 4 combat damage to Ai(1)-Krenko Goblins.
Damage: Indulgent Aristocrat (152) deals 3 combat damage to Ai(1)-Krenko Goblins.
Life: Life: Ai(2)-Drana Vampires 27 > 30
Life: Life: Ai(1)-Krenko Goblins 33 > 26
Phase: Ai(2)-Drana Vampires' End of Combat Step
Phase: Ai(2)-Drana Vampires' Main phase, postcombat
Phase: Ai(2)-Drana Vampires' End step
Phase: Ai(2)-Drana Vampires' Cleanup step
Turn: Turn 23 (Ai(3)-Selvala Ramp)
Phase: Ai(3)-Selvala Ramp's Untap step
Phase: Ai(3)-Selvala Ramp's Upkeep step
Phase: Ai(3)-Selvala Ramp's Draw step
Phase: Ai(3)-Selvala Ramp's Main phase, precombat
Land: Ai(3)-Selvala Ramp played Forest (274)
Phase: Ai(3)-Selvala Ramp's Beginning of Combat Step
Phase: Ai(3)-Selvala Ramp's Declare Attackers Step
Combat: Ai(3)-Selvala Ramp assigned Reclamation Sage (225) and Selvala, Heart of the Wilds (302) to attack Ai(2)-Drana Vampires.
Phase: Ai(3)-Selvala Ramp's Declare Blockers Step
Combat: Ai(2)-Drana Vampires didn't block Reclamation Sage (225).
Ai(2)-Drana Vampires didn't block Selvala, Heart of the Wilds (302).
Phase: Ai(3)-Selvala Ramp's First Strike Damage Step
Phase: Ai(3)-Selvala Ramp's Combat Damage Step
Damage: Reclamation Sage (225) deals 2 combat damage to Ai(2)-Drana Vampires.
Damage: Selvala, Heart of the Wilds (302) deals 2 combat damage to Ai(2)-Drana Vampires.
Life: Life: Ai(2)-Drana Vampires 30 > 26
Phase: Ai(3)-Selvala Ramp's End of Combat Step
Phase: Ai(3)-Selvala Ramp's Main phase, postcombat
Mana: Forest (280) - {T}: Add {G}.
Mana: Forest (255) - {T}: Add {G}.
Mana: Forest (247) - {T}: Add {G}.
Mana: Forest (279) - {T}: Add {G}.
Mana: Forest (281) - {T}: Add {G}.
Mana: Forest (274) - {T}: Add {G}.
Add To Stack: Ai(3)-Selvala Ramp cast Hydra Broodmaster
Resolve Stack: Hydra Broodmaster - Creature 7 / 7
Add To Stack: Ai(3)-Selvala Ramp triggered Selvala, Heart of the Wilds
Resolve Stack: Whenever another creature enters, its controller may draw a card if its power is greater than each other creature's power. [Zone Changer: Hydra Broodmaster (299)]
Phase: Ai(3)-Selvala Ramp's End step
Phase: Ai(3)-Selvala Ramp's Cleanup step
Turn: Turn 24 (Ai(4)-Talrand Control)
Phase: Ai(4)-Talrand Control's Untap step
Phase: Ai(4)-Talrand Control's Upkeep step
Phase: Ai(4)-Talrand Control's Draw step
Phase: Ai(4)-Talrand Control's Main phase, precombat
Land: Ai(4)-Talrand Control played Island (364)
Mana: Island (360) - {T}: Add {U}.
Add To Stack: Ai(4)-Talrand Control cast Preordain
Resolve Stack: Ai(4)-Talrand Control scried 2 card(s) to the top of the library
Resolve Stack: Preordain (323) - Ai(4)-Talrand Control scries 2. Ai(4)-Talrand Control draws a card.
Phase: Ai(4)-Talrand Control's Beginning of Combat Step
Phase: Ai(4)-Talrand Control's Declare Attackers Step
Phase: Ai(4)-Talrand Control's Declare Blockers Step
Phase: Ai(4)-Talrand Control's First Strike Damage Step
Phase: Ai(4)-Talrand Control's Combat Damage Step
Phase: Ai(4)-Talrand Control's End of Combat Step
Phase: Ai(4)-Talrand Control's Main phase, postcombat
Mana: Island (338) - {T}: Add {U}.
Mana: Sol Ring (319) - {T}: Add {C}{C}.
Mana: Island (349) - {T}: Add {U}.
Mana: Island (345) - {T}: Add {U}.
Add To Stack: Ai(4)-Talrand Control cast Mulldrifter
Resolve Stack: Mulldrifter - Creature 2 / 2
Add To Stack: Ai(4)-Talrand Control triggered Mulldrifter
Add To Stack: Ai(3)-Selvala Ramp triggered Selvala, Heart of the Wilds
Resolve Stack: Whenever another creature enters, its controller may draw a card if its power is greater than each other creature's power. [Zone Changer: Mulldrifter (334)]
Resolve Stack: When Mulldrifter enters, draw two cards. [Zone Changer: Mulldrifter (334)]
Mana: Island (353) - {T}: Add {U}.
Mana: Island (364) - {T}: Add {U}.
Add To Stack: Ai(4)-Talrand Control cast Thought Vessel
Resolve Stack: Thought Vessel
Phase: Ai(4)-Talrand Control's End step
Phase: Ai(4)-Talrand Control's Cleanup step
Turn: Turn 25 (Ai(1)-Krenko Goblins)
Phase: Ai(1)-Krenko Goblins' Untap step
Phase: Ai(1)-Krenko Goblins' Upkeep step
Phase: Ai(1)-Krenko Goblins' Draw step
Mana: Mountain (82) - {T}: Add {R}.
Add To Stack: Ai(1)-Krenko Goblins cast Lightning Bolt targeting [Indulgent Aristocrat (152)]
Damage: Lightning Bolt (8) deals 3 damage to Indulgent Aristocrat (152).
Resolve Stack: Lightning Bolt (8) - Lightning Bolt (8) deals 3 damage to Indulgent Aristocrat (152).
Zone Change: Indulgent Aristocrat (152) was put into Graveyard from Battlefield.
Add To Stack: Ai(2)-Drana Vampires triggered Blood Artist targeting [Ai(3)-Selvala Ramp]
Life: Life: Ai(3)-Selvala Ramp 38 > 37
Life: Life: Ai(2)-Drana Vampires 26 > 27
Resolve Stack: Whenever Blood Artist or another creature dies, target player loses 1 life and you gain 1 life. (Targeting: [[Ai(3)-Selvala Ramp]]) [Zone Changer: Indulgent Aristocrat (152)]
Phase: Ai(1)-Krenko Goblins' Main phase, precombat
Phase: Ai(1)-Krenko Goblins' Beginning of Combat Step
Phase: Ai(1)-Krenko Goblins' Declare Attackers Step
Phase: Ai(1)-Krenko Goblins' Declare Blockers Step
Phase: Ai(1)-Krenko Goblins' First Strike Damage Step
Phase: Ai(1)-Krenko Goblins' Combat Damage Step
Phase: Ai(1)-Krenko Goblins' End of Combat Step
Phase: Ai(1)-Krenko Goblins' Main phase, postcombat
Mana: Mountain (92) - {T}: Add {R}.
Mana: Fire Diamond (23) - {T}: Add {R}.
Mana: Mountain (89) - {T}: Add {R}.
Mana: Mountain (75) - {T}: Add {R}.
Mana: Mountain (68) - {T}: Add {R}.
Mana: Mountain (70) - {T}: Add {R}.
Add To Stack: Ai(1)-Krenko Goblins cast Caged Sun
Replacement Effect: As Caged Sun enters, choose a color.
Resolve Stack: Caged Sun
Phase: Ai(1)-Krenko Goblins' End step
Phase: Ai(1)-Krenko Goblins' Cleanup step
Turn: Turn 26 (Ai(2)-Drana Vampires)
Phase: Ai(2)-Drana Vampires' Untap step
Phase: Ai(2)-Drana Vampires' Upkeep step
Phase: Ai(2)-Drana Vampires' Draw step
Phase: Ai(2)-Drana Vampires' Main phase, precombat
Phase: Ai(2)-Drana Vampires' Beginning of Combat Step
Phase: Ai(2)-Drana Vampires' Declare Attackers Step
Combat: Ai(2)-Drana Vampires assigned Drana, Liberator of Malakir (201) to attack Ai(1)-Krenko Goblins.
Phase: Ai(2)-Drana Vampires' Declare Blockers Step
Combat: Ai(1)-Krenko Goblins didn't block Drana, Liberator of Malakir (201).
Phase: Ai(2)-Drana Vampires' First Strike Damage Step
Damage: Drana, Liberator of Malakir (201) deals 5 combat damage to Ai(1)-Krenko Goblins.
Life: Life: Ai(1)-Krenko Goblins 26 > 21
Add To Stack: Ai(2)-Drana Vampires triggered Drana, Liberator of Malakir
Resolve Stack: Whenever Drana, Liberator of Malakir deals combat damage to a player, put a +1/+1 counter on each attacking creature you control. [Damage Source: Drana, Liberator of Malakir (201), Damaged: Ai(1)-Krenko Goblins, Amount: 5]
Phase: Ai(2)-Drana Vampires' Combat Damage Step
Phase: Ai(2)-Drana Vampires' End of Combat Step
Phase: Ai(2)-Drana Vampires' Main phase, postcombat
Land: Ai(2)-Drana Vampires played Swamp (165)
Life: Life: Ai(2)-Drana Vampires 27 > 26
Add To Stack: Ai(2)-Drana Vampires activated Swamp
Resolve Stack: Swamp (171) - Ai(2)-Drana Vampires draws a card.
Phase: Ai(2)-Drana Vampires' End step
Phase: Ai(2)-Drana Vampires' Cleanup step
Turn: Turn 27 (Ai(3)-Selvala Ramp)
Phase: Ai(3)-Selvala Ramp's Untap step
Phase: Ai(3)-Selvala Ramp's Upkeep step
Phase: Ai(3)-Selvala Ramp's Draw step
Phase: Ai(3)-Selvala Ramp's Main phase, precombat
Land: Ai(3)-Selvala Ramp played Forest (258)
Phase: Ai(3)-Selvala Ramp's Beginning of Combat Step
Phase: Ai(3)-Selvala Ramp's Declare Attackers Step
Combat: Ai(3)-Selvala Ramp assigned Hydra Broodmaster (299) to attack Ai(2)-Drana Vampires.
Phase: Ai(3)-Selvala Ramp's Declare Blockers Step
Combat: Ai(2)-Drana Vampires didn't block Hydra Broodmaster (299).
Phase: Ai(3)-Selvala Ramp's First Strike Damage Step
Phase: Ai(3)-Selvala Ramp's Combat Damage Step
Damage: Hydra Broodmaster (299) deals 7 combat damage to Ai(2)-Drana Vampires.
Life: Life: Ai(2)-Drana Vampires 26 > 19
Phase: Ai(3)-Selvala Ramp's End of Combat Step
Phase: Ai(3)-Selvala Ramp's Main phase, postcombat
Mana: Forest (280) - {T}: Add {G}.
Mana: Forest (255) - {T}: Add {G}.
Mana: Forest (247) - {T}: Add {G}.
Mana: Forest (279) - {T}: Add {G}.
Mana: Forest (281) - {T}: Add {G}.
Mana: Forest (274) - {T}: Add {G}.
Mana: Forest (258) - {T}: Add {G}.
Add To Stack: Ai(3)-Selvala Ramp cast Elderscale Wurm
Resolve Stack: Elderscale Wurm - Creature 7 / 7
Add To Stack: Ai(3)-Selvala Ramp triggered Selvala, Heart of the Wilds
Resolve Stack: Whenever another creature enters, its controller may draw a card if its power is greater than each other creature's power. [Zone Changer: Elderscale Wurm (221)]
Phase: Ai(3)-Selvala Ramp's End step
Phase: Ai(3)-Selvala Ramp's Cleanup step
Turn: Turn 28 (Ai(4)-Talrand Control)
Phase: Ai(4)-Talrand Control's Untap step
Phase: Ai(4)-Talrand Control's Upkeep step
Mana: Island (360) - {T}: Add {U}.
Mana: Sol Ring (319) - {T}: Add {C}{C}.
Add To Stack: Ai(4)-Talrand Control cast Cyclonic Rift targeting [Elderscale Wurm (221)]
Resolve Stack: Cyclonic Rift (310) - Return Elderscale Wurm (221) to its owner's hand.
Phase: Ai(4)-Talrand Control's Draw step
Phase: Ai(4)-Talrand Control's Main phase, precombat
Phase: Ai(4)-Talrand Control's Beginning of Combat Step
Phase: Ai(4)-Talrand Control's Declare Attackers Step
Combat: Ai(4)-Talrand Control assigned Mulldrifter (334) to attack Ai(2)-Drana Vampires.
Phase: Ai(4)-Talrand Control's Declare Blockers Step
Combat: Ai(2)-Drana Vampires didn't block Mulldrifter (334).
Phase: Ai(4)-Talrand Control's First Strike Damage Step
Phase: Ai(4)-Talrand Control's Combat Damage Step
Damage: Mulldrifter (334) deals 2 combat damage to Ai(2)-Drana Vampires.
Life: Life: Ai(2)-Drana Vampires 19 > 17
Phase: Ai(4)-Talrand Control's End of Combat Step
Phase: Ai(4)-Talrand Control's Main phase, postcombat
Mana: Island (338) - {T}: Add {U}.
Mana: Thought Vessel (327) - {T}: Add {C}.
Mana: Island (349) - {T}: Add {U}.
Mana: Island (345) - {T}: Add {U}.
Mana: Island (353) - {T}: Add {U}.
Add To Stack: Ai(4)-Talrand Control cast Stroke of Genius targeting [Ai(4)-Talrand Control]
Resolve Stack: Stroke of Genius (391) - Ai(4)-Talrand Control draws two cards. (X=2)
Phase: Ai(4)-Talrand Control's End step
Phase: Ai(4)-Talrand Control's Cleanup step
Turn: Turn 29 (Ai(1)-Krenko Goblins)
Phase: Ai(1)-Krenko Goblins' Untap step
Phase: Ai(1)-Krenko Goblins' Upkeep step
Phase: Ai(1)-Krenko Goblins' Draw step
Phase: Ai(1)-Krenko Goblins' Main phase, precombat
Land: Ai(1)-Krenko Goblins played Mountain (76)
Phase: Ai(1)-Krenko Goblins' Beginning of Combat Step
Phase: Ai(1)-Krenko Goblins' Declare Attackers Step
Combat: Ai(1)-Krenko Goblins assigned Inferno Titan (48) to attack Ai(3)-Selvala Ramp.
Add To Stack: Ai(1)-Krenko Goblins triggered Inferno Titan targeting [Barony Vampire (111)]
Damage: Inferno Titan (48) deals 3 damage to Barony Vampire (111).
Resolve Stack: Whenever Inferno Titan enters or attacks, it deals 3 damage divided as you choose among one, two, or three targets. (Targeting: [[Barony Vampire (111)]]) [Attacker: Inferno Titan (48)]
Zone Change: Barony Vampire (111) was put into Graveyard from Battlefield.
Add To Stack: Ai(2)-Drana Vampires triggered Blood Artist targeting [Ai(3)-Selvala Ramp]
Life: Life: Ai(3)-Selvala Ramp 37 > 36
Life: Life: Ai(2)-Drana Vampires 17 > 18
Resolve Stack: Whenever Blood Artist or another creature dies, target player loses 1 life and you gain 1 life. (Targeting: [[Ai(3)-Selvala Ramp]]) [Zone Changer: Barony Vampire (111)]
Phase: Ai(1)-Krenko Goblins' Declare Blockers Step
Combat: Ai(3)-Selvala Ramp didn't block Inferno Titan (48).
Mana: Mountain (82) - {T}: Add {R}.
Add To Stack: Ai(1)-Krenko Goblins activated Inferno Titan
Resolve Stack: Inferno Titan (48) - Inferno Titan (48) gets +1/+0  until end of turn.
Add To Stack: Ai(1)-Krenko Goblins activated Inferno Titan
Resolve Stack: Inferno Titan (48) - Inferno Titan (48) gets +1/+0  until end of turn.
Mana: Mountain (92) - {T}: Add {R}.
Add To Stack: Ai(1)-Krenko Goblins activated Inferno Titan
Resolve Stack: Inferno Titan (48) - Inferno Titan (48) gets +1/+0  until end of turn.
Add To Stack: Ai(1)-Krenko Goblins activated Inferno Titan
Resolve Stack: Inferno Titan (48) - Inferno Titan (48) gets +1/+0  until end of turn.
Mana: Fire Diamond (23) - {T}: Add {R}.
Add To Stack: Ai(1)-Krenko Goblins activated Inferno Titan
Resolve Stack: Inferno Titan (48) - Inferno Titan (48) gets +1/+0  until end of turn.
Mana: Mountain (89) - {T}: Add {R}.
Add To Stack: Ai(1)-Krenko Goblins activated Inferno Titan
Resolve Stack: Inferno Titan (48) - Inferno Titan (48) gets +1/+0  until end of turn.
Add To Stack: Ai(1)-Krenko Goblins activated Inferno Titan
Resolve Stack: Inferno Titan (48) - Inferno Titan (48) gets +1/+0  until end of turn.
Mana: Mountain (75) - {T}: Add {R}.
Add To Stack: Ai(1)-Krenko Goblins activated Inferno Titan
Resolve Stack: Inferno Titan (48) - Inferno Titan (48) gets +1/+0  until end of turn.
Add To Stack: Ai(1)-Krenko Goblins activated Inferno Titan
Resolve Stack: Inferno Titan (48) - Inferno Titan (48) gets +1/+0  until end of turn.
Mana: Mountain (68) - {T}: Add {R}.
Add To Stack: Ai(1)-Krenko Goblins activated Inferno Titan
Resolve Stack: Inferno Titan (48) - Inferno Titan (48) gets +1/+0  until end of turn.
Add To Stack: Ai(1)-Krenko Goblins activated Inferno Titan
Resolve Stack: Inferno Titan (48) - Inferno Titan (48) gets +1/+0  until end of turn.
Phase: Ai(1)-Krenko Goblins' First Strike Damage Step
Phase: Ai(1)-Krenko Goblins' Combat Damage Step
Damage: Inferno Titan (48) deals 18 combat damage to Ai(3)-Selvala Ramp.
Life: Life: Ai(3)-Selvala Ramp 36 > 18
Phase: Ai(1)-Krenko Goblins' End of Combat Step
Phase: Ai(1)-Krenko Goblins' Main phase, postcombat
Mana: Mountain (70) - {T}: Add {R}.
Add To Stack: Ai(1)-Krenko Goblins cast Mind Stone
Resolve Stack: Mind Stone
Phase: Ai(1)-Krenko Goblins' End step
Phase: Ai(1)-Krenko Goblins' Cleanup step
Turn: Turn 30 (Ai(2)-Drana Vampires)
Phase: Ai(2)-Drana Vampires' Untap step
Phase: Ai(2)-Drana Vampires' Upkeep step
Phase: Ai(2)-Drana Vampires' Draw step
Phase: Ai(2)-Drana Vampires' Main phase, precombat
Land: Ai(2)-Drana Vampires played Swamp (169)
Mana: Swamp (163) - {T}: Add {B}.
Mana: Swamp (176) - {T}: Add {B}.
Mana: Swamp (186) - {T}: Add {B}.
Mana: Swamp (170) - {T}: Add {B}.
Add To Stack: Ai(2)-Drana Vampires cast Erebos, God of the Dead
Resolve Stack: Erebos, God of the Dead - Creature 5 / 7
Add To Stack: Ai(3)-Selvala Ramp triggered Selvala, Heart of the Wilds
Mana: Swamp (183) - {T}: Add {B}.
Mana: Swamp (165) - {T}: Add {B}.
Life: Life: Ai(2)-Drana Vampires 18 > 16
Add To Stack: Ai(2)-Drana Vampires activated Erebos, God of the Dead
Resolve Stack: Erebos, God of the Dead (142) - Ai(2)-Drana Vampires draws a card.
Mana: Swamp (169) - {T}: Add {B}.
Mana: Swamp (171) - {T}: Add {B}.
Life: Life: Ai(2)-Drana Vampires 16 > 14
Add To Stack: Ai(2)-Drana Vampires activated Erebos, God of the Dead
Resolve Stack: Erebos, God of the Dead (142) - Ai(2)-Drana Vampires draws a card.
Resolve Stack: Whenever another creature enters, its controller may draw a card if its power is greater than each other creature's power. [Zone Changer: Erebos, God of the Dead (142)]
Phase: Ai(2)-Drana Vampires' Beginning of Combat Step
Phase: Ai(2)-Drana Vampires' Declare Attackers Step
Combat: Ai(2)-Drana Vampires assigned Drana, Liberator of Malakir (201) to attack Ai(1)-Krenko Goblins.
Phase: Ai(2)-Drana Vampires' Declare Blockers Step
Combat: Ai(1)-Krenko Goblins didn't block Drana, Liberator of Malakir (201).
Phase: Ai(2)-Drana Vampires' First Strike Damage Step
Damage: Drana, Liberator of Malakir (201) deals 6 combat damage to Ai(1)-Krenko Goblins.
Life: Life: Ai(1)-Krenko Goblins 21 > 15
Add To Stack: Ai(2)-Drana Vampires triggered Drana, Liberator of Malakir
Resolve Stack: Whenever Drana, Liberator of Malakir deals combat damage to a player, put a +1/+1 counter on each attacking creature you control. [Damage Source: Drana, Liberator of Malakir (201), Damaged: Ai(1)-Krenko Goblins, Amount: 6]
Phase: Ai(2)-Drana Vampires' Combat Damage Step
Phase: Ai(2)-Drana Vampires' End of Combat Step
Phase: Ai(2)-Drana Vampires' Main phase, postcombat
Phase: Ai(2)-Drana Vampires' End step
Phase: Ai(2)-Drana Vampires' Cleanup step
Turn: Turn 31 (Ai(3)-Selvala Ramp)
Phase: Ai(3)-Selvala Ramp's Untap step
Phase: Ai(3)-Selvala Ramp's Upkeep step
Phase: Ai(3)-Selvala Ramp's Draw step
Phase: Ai(3)-Selvala Ramp's Main phase, precombat
Phase: Ai(3)-Selvala Ramp's Beginning of Combat Step
Phase: Ai(3)-Selvala Ramp's Declare Attackers Step
Phase: Ai(3)-Selvala Ramp's Declare Blockers Step
Phase: Ai(3)-Selvala Ramp's First Strike Damage Step
Phase: Ai(3)-Selvala Ramp's Combat Damage Step
Phase: Ai(3)-Selvala Ramp's End of Combat Step
Phase: Ai(3)-Selvala Ramp's Main phase, postcombat
Mana: Forest (280) - {T}: Add {G}.
Mana: Forest (255) - {T}: Add {G}.
Mana: Forest (247) - {T}: Add {G}.
Mana: Forest (279) - {T}: Add {G}.
Mana: Forest (281) - {T}: Add {G}.
Mana: Forest (274) - {T}: Add {G}.
Mana: Forest (258) - {T}: Add {G}.
Add To Stack: Ai(3)-Selvala Ramp cast Elderscale Wurm
Resolve Stack: Elderscale Wurm - Creature 7 / 7
Add To Stack: Ai(3)-Selvala Ramp triggered Selvala, Heart of the Wilds
Resolve Stack: Whenever another creature enters, its controller may draw a card if its power is greater than each other creature's power. [Zone Changer: Elderscale Wurm (221)]
Phase: Ai(3)-Selvala Ramp's End step
Phase: Ai(3)-Selvala Ramp's Cleanup step
Turn: Turn 32 (Ai(4)-Talrand Control)
Phase: Ai(4)-Talrand Control's Untap step
Phase: Ai(4)-Talrand Control's Upkeep step
Phase: Ai(4)-Talrand Control's Draw step
Phase: Ai(4)-Talrand Control's Main phase, precombat
Land: Ai(4)-Talrand Control played Island (366)
Phase: Ai(4)-Talrand Control's Beginning of Combat Step
Phase: Ai(4)-Talrand Control's Declare Attackers Step
Combat: Ai(4)-Talrand Control assigned Mulldrifter (334) to attack Ai(3)-Selvala Ramp.
Phase: Ai(4)-Talrand Control's Declare Blockers Step
Combat: Ai(3)-Selvala Ramp didn't block Mulldrifter (334).
Phase: Ai(4)-Talrand Control's First Strike Damage Step
Phase: Ai(4)-Talrand Control's Combat Damage Step
Damage: Mulldrifter (334) deals 2 combat damage to Ai(3)-Selvala Ramp.
Life: Life: Ai(3)-Selvala Ramp 18 > 16
Phase: Ai(4)-Talrand Control's End of Combat Step
Phase: Ai(4)-Talrand Control's Main phase, postcombat
Mana: Island (360) - {T}: Add {U}.
Mana: Sol Ring (319) - {T}: Add {C}{C}.
Mana: Thought Vessel (327) - {T}: Add {C}.
Add To Stack: Ai(4)-Talrand Control cast Murmuring Mystic
Resolve Stack: Murmuring Mystic - Creature 1 / 5
Add To Stack: Ai(3)-Selvala Ramp triggered Selvala, Heart of the Wilds
Resolve Stack: Whenever another creature enters, its controller may draw a card if its power is greater than each other creature's power. [Zone Changer: Murmuring Mystic (335)]
Phase: Ai(4)-Talrand Control's End step
Phase: Ai(4)-Talrand Control's Cleanup step
Turn: Turn 33 (Ai(1)-Krenko Goblins)
Phase: Ai(1)-Krenko Goblins' Untap step
Phase: Ai(1)-Krenko Goblins' Upkeep step
Mana: Island (338) - {T}: Add {U}.
Mana: Island (349) - {T}: Add {U}.
Mana: Island (345) - {T}: Add {U}.
Mana: Island (353) - {T}: Add {U}.
Mana: Island (364) - {T}: Add {U}.
Add To Stack: Ai(4)-Talrand Control cast Jace's Ingenuity
Add To Stack: Ai(4)-Talrand Control triggered Murmuring Mystic
Resolve Stack: Whenever you cast an instant or sorcery spell, create a 1/1 blue Bird Illusion creature token with flying. [Card: Jace's Ingenuity (305), Activator: Ai(4)-Talrand Control, SpellAbility: Draw three cards.]
Add To Stack: Ai(3)-Selvala Ramp triggered Selvala, Heart of the Wilds
Mana: Island (366) - {T}: Add {U}.
Add To Stack: Ai(4)-Talrand Control cast Opt
Add To Stack: Ai(4)-Talrand Control triggered Murmuring Mystic
Resolve Stack: Whenever you cast an instant or sorcery spell, create a 1/1 blue Bird Illusion creature token with flying. [Card: Opt (318), Activator: Ai(4)-Talrand Control, SpellAbility: Scry 1. Draw a card.]
Add To Stack: Ai(3)-Selvala Ramp triggered Selvala, Heart of the Wilds
Resolve Stack: Whenever another creature enters, its controller may draw a card if its power is greater than each other creature's power. [Zone Changer: Bird Illusion Token (436)]
Resolve Stack: Ai(4)-Talrand Control scried 1 card(s) to the top of the library
Resolve Stack: Opt (318) - Ai(4)-Talrand Control scries 1. Ai(4)-Talrand Control draws a card.
Resolve Stack: Whenever another creature enters, its controller may draw a card if its power is greater than each other creature's power. [Zone Changer: Bird Illusion Token (433)]
Resolve Stack: Jace's Ingenuity (305) - Ai(4)-Talrand Control draws three cards.
Phase: Ai(1)-Krenko Goblins' Draw step
Phase: Ai(1)-Krenko Goblins' Main phase, precombat
Mana: Mountain (82) - {T}: Add {R}.
Mana: Mountain (92) - {T}: Add {R}.
Mana: Fire Diamond (23) - {T}: Add {R}.
Add To Stack: Ai(1)-Krenko Goblins cast Vandalblast
Zone Change: Sol Ring (319) was put into Graveyard from Battlefield.
Zone Change: Thought Vessel (327) was put into Graveyard from Battlefield.
Resolve Stack: Vandalblast (47) - Destroy each artifact you don't control.
Phase: Ai(1)-Krenko Goblins' Beginning of Combat Step
Phase: Ai(1)-Krenko Goblins' Declare Attackers Step
Phase: Ai(1)-Krenko Goblins' Declare Blockers Step
Phase: Ai(1)-Krenko Goblins' First Strike Damage Step
Phase: Ai(1)-Krenko Goblins' Combat Damage Step
Phase: Ai(1)-Krenko Goblins' End of Combat Step
Phase: Ai(1)-Krenko Goblins' Main phase, postcombat
Mana: Mountain (89) - {T}: Add {R}.
Mana: Mountain (75) - {T}: Add {R}.
Add To Stack: Ai(1)-Krenko Goblins cast Krenko, Mob Boss
Resolve Stack: Krenko, Mob Boss - Creature 3 / 3
Add To Stack: Ai(3)-Selvala Ramp triggered Selvala, Heart of the Wilds
Resolve Stack: Whenever another creature enters, its controller may draw a card if its power is greater than each other creature's power. [Zone Changer: Krenko, Mob Boss (100)]
Mana: Mountain (68) - {T}: Add {R}.
Mana: Mountain (70) - {T}: Add {R}.
Add To Stack: Ai(1)-Krenko Goblins cast Beetleback Chief
Resolve Stack: Beetleback Chief - Creature 2 / 2
Add To Stack: Ai(1)-Krenko Goblins triggered Beetleback Chief
Add To Stack: Ai(3)-Selvala Ramp triggered Selvala, Heart of the Wilds
Mana: Mountain (76) - {T}: Add {R}.
Zone Change: Mind Stone (5) was put into Graveyard from Battlefield.
Add To Stack: Ai(1)-Krenko Goblins activated Mind Stone
Resolve Stack: Mind Stone (5) - Ai(1)-Krenko Goblins draws a card.
Resolve Stack: Whenever another creature enters, its controller may draw a card if its power is greater than each other creature's power. [Zone Changer: Beetleback Chief (6)]
Resolve Stack: When Beetleback Chief enters, create two 1/1 red Goblin creature tokens. [Zone Changer: Beetleback Chief (6)]
Add To Stack: Ai(3)-Selvala Ramp triggered Selvala, Heart of the Wilds
Add To Stack: Ai(3)-Selvala Ramp triggered Selvala, Heart of the Wilds
Resolve Stack: Whenever another creature enters, its controller may draw a card if its power is greater than each other creature's power. [Zone Changer: Goblin Token (441)]
Resolve Stack: Whenever another creature enters, its controller may draw a card if its power is greater than each other creature's power. [Zone Changer: Goblin Token (440)]
Land: Ai(1)-Krenko Goblins played Mountain (69)
Phase: Ai(1)-Krenko Goblins' End step
Phase: Ai(1)-Krenko Goblins' Cleanup step
Turn: Turn 34 (Ai(2)-Drana Vampires)
Phase: Ai(2)-Drana Vampires' Untap step
Phase: Ai(2)-Drana Vampires' Upkeep step
Mana: Swamp (163) - {T}: Add {B}.
Mana: Swamp (176) - {T}: Add {B}.
Life: Life: Ai(2)-Drana Vampires 14 > 12
Add To Stack: Ai(2)-Drana Vampires activated Erebos, God of the Dead
Resolve Stack: Erebos, God of the Dead (142) - Ai(2)-Drana Vampires draws a card.
Mana: Swamp (186) - {T}: Add {B}.
Mana: Swamp (170) - {T}: Add {B}.
Life: Life: Ai(2)-Drana Vampires 12 > 10
Add To Stack: Ai(2)-Drana Vampires activated Erebos, God of the Dead
Resolve Stack: Erebos, God of the Dead (142) - Ai(2)-Drana Vampires draws a card.
Mana: Swamp (183) - {T}: Add {B}.
Mana: Swamp (165) - {T}: Add {B}.
Life: Life: Ai(2)-Drana Vampires 10 > 8
Add To Stack: Ai(2)-Drana Vampires activated Erebos, God of the Dead
Resolve Stack: Erebos, God of the Dead (142) - Ai(2)-Drana Vampires draws a card.
Phase: Ai(2)-Drana Vampires' Draw step
Phase: Ai(2)-Drana Vampires' Main phase, precombat
Land: Ai(2)-Drana Vampires played Swamp (178)
Phase: Ai(2)-Drana Vampires' Beginning of Combat Step
Phase: Ai(2)-Drana Vampires' Declare Attackers Step
Phase: Ai(2)-Drana Vampires' Declare Blockers Step
Phase: Ai(2)-Drana Vampires' First Strike Damage Step
Phase: Ai(2)-Drana Vampires' Combat Damage Step
Phase: Ai(2)-Drana Vampires' End of Combat Step
Phase: Ai(2)-Drana Vampires' Main phase, postcombat
Phase: Ai(2)-Drana Vampires' End step
Phase: Ai(2)-Drana Vampires' Cleanup step
Turn: Turn 35 (Ai(3)-Selvala Ramp)
Phase: Ai(3)-Selvala Ramp's Untap step
Phase: Ai(3)-Selvala Ramp's Upkeep step
Mana: Swamp (169) - {T}: Add {B}.
Mana: Swamp (178) - {T}: Add {B}.
Life: Life: Ai(2)-Drana Vampires 8 > 6
Add To Stack: Ai(2)-Drana Vampires activated Erebos, God of the Dead
Resolve Stack: Erebos, God of the Dead (142) - Ai(2)-Drana Vampires draws a card.
Phase: Ai(3)-Selvala Ramp's Draw step
Phase: Ai(3)-Selvala Ramp's Main phase, precombat
Land: Ai(3)-Selvala Ramp played Forest (252)
Phase: Ai(3)-Selvala Ramp's Beginning of Combat Step
Phase: Ai(3)-Selvala Ramp's Declare Attackers Step
Phase: Ai(3)-Selvala Ramp's Declare Blockers Step
Phase: Ai(3)-Selvala Ramp's First Strike Damage Step
Phase: Ai(3)-Selvala Ramp's Combat Damage Step
Phase: Ai(3)-Selvala Ramp's End of Combat Step
Phase: Ai(3)-Selvala Ramp's Main phase, postcombat
Mana: Forest (280) - {T}: Add {G}.
Mana: Forest (255) - {T}: Add {G}.
Mana: Forest (247) - {T}: Add {G}.
Mana: Forest (279) - {T}: Add {G}.
Mana: Forest (281) - {T}: Add {G}.
Mana: Forest (274) - {T}: Add {G}.
Add To Stack: Ai(3)-Selvala Ramp cast Grave Sifter
Resolve Stack: Grave Sifter - Creature 5 / 7
Add To Stack: Ai(3)-Selvala Ramp triggered Grave Sifter
Add To Stack: Ai(3)-Selvala Ramp triggered Selvala, Heart of the Wilds
Resolve Stack: Whenever another creature enters, its controller may draw a card if its power is greater than each other creature's power. [Zone Changer: Grave Sifter (238)]
Resolve Stack: When Grave Sifter enters, each player chooses a creature type and returns any number of cards of that type from their graveyard to their hand. [Zone Changer: Grave Sifter (238)]
Mana: Forest (258) - {T}: Add {G}.
Mana: Forest (252) - {T}: Add {G}.
Add To Stack: Ai(3)-Selvala Ramp cast Arcane Signet
Resolve Stack: Arcane Signet
Phase: Ai(3)-Selvala Ramp's End step
Phase: Ai(3)-Selvala Ramp's Cleanup step
Turn: Turn 36 (Ai(4)-Talrand Control)
Phase: Ai(4)-Talrand Control's Untap step
Phase: Ai(4)-Talrand Control's Upkeep step
Phase: Ai(4)-Talrand Control's Draw step
Phase: Ai(4)-Talrand Control's Main phase, precombat
Land: Ai(4)-Talrand Control played Island (365)
Phase: Ai(4)-Talrand Control's Beginning of Combat Step
Phase: Ai(4)-Talrand Control's Declare Attackers Step
Combat: Ai(4)-Talrand Control assigned Mulldrifter (334), Bird Illusion Token (433) and Bird Illusion Token (436) to attack Ai(3)-Selvala Ramp.
Phase: Ai(4)-Talrand Control's Declare Blockers Step
Combat: Ai(3)-Selvala Ramp didn't block Mulldrifter (334).
Ai(3)-Selvala Ramp didn't block Bird Illusion Token (433).
Ai(3)-Selvala Ramp didn't block Bird Illusion Token (436).
Phase: Ai(4)-Talrand Control's First Strike Damage Step
Phase: Ai(4)-Talrand Control's Combat Damage Step
Damage: Mulldrifter (334) deals 2 combat damage to Ai(3)-Selvala Ramp.
Damage: Bird Illusion Token (433) deals 1 combat damage to Ai(3)-Selvala Ramp.
Damage: Bird Illusion Token (436) deals 1 combat damage to Ai(3)-Selvala Ramp.
Life: Life: Ai(3)-Selvala Ramp 16 > 12
Phase: Ai(4)-Talrand Control's End of Combat Step
Phase: Ai(4)-Talrand Control's Main phase, postcombat
Mana: Island (360) - {T}: Add {U}.
Mana: Island (338) - {T}: Add {U}.
Mana: Island (349) - {T}: Add {U}.
Mana: Island (345) - {T}: Add {U}.
Mana: Island (353) - {T}: Add {U}.
Mana: Island (364) - {T}: Add {U}.
Mana: Island (366) - {T}: Add {U}.
Mana: Island (365) - {T}: Add {U}.
Add To Stack: Ai(4)-Talrand Control cast Talrand, Sky Summoner
Resolve Stack: Talrand, Sky Summoner - Creature 2 / 2
Add To Stack: Ai(3)-Selvala Ramp triggered Selvala, Heart of the Wilds
Resolve Stack: Whenever another creature enters, its controller may draw a card if its power is greater than each other creature's power. [Zone Changer: Talrand, Sky Summoner (403)]
Phase: Ai(4)-Talrand Control's End step
Phase: Ai(4)-Talrand Control's Cleanup step
Discard: Ai(4)-Talrand Control discards Island (351).
Discard: Ai(4)-Talrand Control discards Island (347).
Turn: Turn 37 (Ai(1)-Krenko Goblins)
Phase: Ai(1)-Krenko Goblins' Untap step
Phase: Ai(1)-Krenko Goblins' Upkeep step
Phase: Ai(1)-Krenko Goblins' Draw step
Phase: Ai(1)-Krenko Goblins' Main phase, precombat
Mana: Mountain (82) - {T}: Add {R}.
Add To Stack: Ai(1)-Krenko Goblins cast Goblin Bushwhacker
Resolve Stack: Goblin Bushwhacker - Creature 1 / 1
Add To Stack: Ai(1)-Krenko Goblins triggered Goblin Bushwhacker
Add To Stack: Ai(3)-Selvala Ramp triggered Selvala, Heart of the Wilds
Resolve Stack: Whenever another creature enters, its controller may draw a card if its power is greater than each other creature's power. [Zone Changer: Goblin Bushwhacker (17)]
Resolve Stack: When Goblin Bushwhacker enters, if it was kicked, creatures you control get +1/+0 and gain haste until end of turn. [Zone Changer: Goblin Bushwhacker (17)]
Phase: Ai(1)-Krenko Goblins' Beginning of Combat Step
Phase: Ai(1)-Krenko Goblins' Declare Attackers Step
Combat: Ai(1)-Krenko Goblins assigned Inferno Titan (48), Krenko, Mob Boss (100), Beetleback Chief (6), Raging Goblin (49), Goblin Token (440), Goblin Token (441) and Goblin Bushwhacker (17) to attack Ai(2)-Drana Vampires.
Add To Stack: Ai(1)-Krenko Goblins triggered Inferno Titan targeting [Ai(2)-Drana Vampires]
Damage: Inferno Titan (48) deals 3 non-combat damage to Ai(2)-Drana Vampires.
Life: Life: Ai(2)-Drana Vampires 6 > 3
Resolve Stack: Whenever Inferno Titan enters or attacks, it deals 3 damage divided as you choose among one, two, or three targets. (Targeting: [[Ai(2)-Drana Vampires]]) [Attacker: Inferno Titan (48)]
Phase: Ai(1)-Krenko Goblins' Declare Blockers Step
Combat: Ai(2)-Drana Vampires assigned Blood Artist (131) to block Inferno Titan (48).
Ai(2)-Drana Vampires assigned Erebos, God of the Dead (142) to block Krenko, Mob Boss (100).
Ai(2)-Drana Vampires assigned Drana, Liberator of Malakir (201) to block Beetleback Chief (6).
Ai(2)-Drana Vampires didn't block Raging Goblin (49).
Ai(2)-Drana Vampires didn't block Goblin Token (440).
Ai(2)-Drana Vampires didn't block Goblin Token (441).
Ai(2)-Drana Vampires didn't block Goblin Bushwhacker (17).
Phase: Ai(1)-Krenko Goblins' First Strike Damage Step
Damage: Drana, Liberator of Malakir (201) deals 7 damage to Beetleback Chief (6).
Zone Change: Beetleback Chief (6) was put into Graveyard from Battlefield.
Add To Stack: Ai(2)-Drana Vampires triggered Blood Artist targeting [Ai(3)-Selvala Ramp]
Life: Life: Ai(3)-Selvala Ramp 12 > 11
Life: Life: Ai(2)-Drana Vampires 3 > 4
Resolve Stack: Whenever Blood Artist or another creature dies, target player loses 1 life and you gain 1 life. (Targeting: [[Ai(3)-Selvala Ramp]]) [Zone Changer: Beetleback Chief (6)]
Phase: Ai(1)-Krenko Goblins' Combat Damage Step
Damage: Inferno Titan (48) deals 8 damage to Blood Artist (131).
Damage: Krenko, Mob Boss (100) deals 5 damage to Erebos, God of the Dead (142).
Damage: Raging Goblin (49) deals 3 combat damage to Ai(2)-Drana Vampires.
Damage: Goblin Token (440) deals 3 combat damage to Ai(2)-Drana Vampires.
Damage: Goblin Token (441) deals 3 combat damage to Ai(2)-Drana Vampires.
Damage: Goblin Bushwhacker (17) deals 3 combat damage to Ai(2)-Drana Vampires.
Damage: Erebos, God of the Dead (142) deals 5 damage to Krenko, Mob Boss (100).
Life: Life: Ai(2)-Drana Vampires 4 > -8
Zone Change: Krenko, Mob Boss (100) was put into Graveyard from Battlefield.
Phase: Ai(1)-Krenko Goblins' End of Combat Step
Phase: Ai(1)-Krenko Goblins' Main phase, postcombat
Mana: Mountain (92) - {T}: Add {R}.
Mana: Fire Diamond (23) - {T}: Add {R}.
Mana: Mountain (89) - {T}: Add {R}.
Mana: Mountain (75) - {T}: Add {R}.
Add To Stack: Ai(1)-Krenko Goblins cast Krenko, Mob Boss
Resolve Stack: Krenko, Mob Boss - Creature 3 / 3
Add To Stack: Ai(3)-Selvala Ramp triggered Selvala, Heart of the Wilds
Resolve Stack: Whenever another creature enters, its controller may draw a card if its power is greater than each other creature's power. [Zone Changer: Krenko, Mob Boss (100)]
Phase: Ai(1)-Krenko Goblins' End step
Phase: Ai(1)-Krenko Goblins' Cleanup step
Turn: Turn 38 (Ai(3)-Selvala Ramp)
Phase: Ai(3)-Selvala Ramp's Untap step
Phase: Ai(3)-Selvala Ramp's Upkeep step
Phase: Ai(3)-Selvala Ramp's Draw step
Phase: Ai(3)-Selvala Ramp's Main phase, precombat
Land: Ai(3)-Selvala Ramp played Forest (270)
Phase: Ai(3)-Selvala Ramp's Beginning of Combat Step
Phase: Ai(3)-Selvala Ramp's Declare Attackers Step
Combat: Ai(3)-Selvala Ramp assigned Hydra Broodmaster (299), Elderscale Wurm (221), Grave Sifter (238), Reclamation Sage (225) and Selvala, Heart of the Wilds (302) to attack Ai(1)-Krenko Goblins.
Phase: Ai(3)-Selvala Ramp's Declare Blockers Step
Combat: Ai(1)-Krenko Goblins assigned Krenko, Mob Boss (100) to block Hydra Broodmaster (299).
Ai(1)-Krenko Goblins didn't block Elderscale Wurm (221).
Ai(1)-Krenko Goblins didn't block Grave Sifter (238).
Ai(1)-Krenko Goblins didn't block Reclamation Sage (225).
Ai(1)-Krenko Goblins didn't block Selvala, Heart of the Wilds (302).
Phase: Ai(3)-Selvala Ramp's First Strike Damage Step
Phase: Ai(3)-Selvala Ramp's Combat Damage Step
Damage: Hydra Broodmaster (299) deals 7 damage to Krenko, Mob Boss (100).
Damage: Elderscale Wurm (221) deals 7 combat damage to Ai(1)-Krenko Goblins.
Damage: Grave Sifter (238) deals 5 combat damage to Ai(1)-Krenko Goblins.
Damage: Reclamation Sage (225) deals 2 combat damage to Ai(1)-Krenko Goblins.
Damage: Selvala, Heart of the Wilds (302) deals 2 combat damage to Ai(1)-Krenko Goblins.
Damage: Krenko, Mob Boss (100) deals 4 damage to Hydra Broodmaster (299).
Life: Life: Ai(1)-Krenko Goblins 15 > -1
Phase: Ai(3)-Selvala Ramp's End of Combat Step
Phase: Ai(3)-Selvala Ramp's Main phase, postcombat
Mana: Forest (280) - {T}: Add {G}.
Mana: Forest (255) - {T}: Add {G}.
Mana: Forest (247) - {T}: Add {G}.
Mana: Forest (279) - {T}: Add {G}.
Mana: Forest (281) - {T}: Add {G}.
Mana: Forest (274) - {T}: Add {G}.
Mana: Forest (258) - {T}: Add {G}.
Add To Stack: Ai(3)-Selvala Ramp cast Avenger of Zendikar
Resolve Stack: Avenger of Zendikar - Creature 5 / 5
Add To Stack: Ai(3)-Selvala Ramp triggered Selvala, Heart of the Wilds
Add To Stack: Ai(3)-Selvala Ramp triggered Avenger of Zendikar
Resolve Stack: When Avenger of Zendikar enters, create a 0/1 green Plant creature token for each land you control. [Zone Changer: Avenger of Zendikar (232)]
Add To Stack: Ai(3)-Selvala Ramp triggered Selvala, Heart of the Wilds
Add To Stack: Ai(3)-Selvala Ramp triggered Selvala, Heart of the Wilds
Add To Stack: Ai(3)-Selvala Ramp triggered Selvala, Heart of the Wilds
Add To Stack: Ai(3)-Selvala Ramp triggered Selvala, Heart of the Wilds
Add To Stack: Ai(3)-Selvala Ramp triggered Selvala, Heart of the Wilds
Add To Stack: Ai(3)-Selvala Ramp triggered Selvala, Heart of the Wilds
Add To Stack: Ai(3)-Selvala Ramp triggered Selvala, Heart of the Wilds
Add To Stack: Ai(3)-Selvala Ramp triggered Selvala, Heart of the Wilds
Add To Stack: Ai(3)-Selvala Ramp triggered Selvala, Heart of the Wilds
Resolve Stack: Whenever another creature enters, its controller may draw a card if its power is greater than each other creature's power. [Zone Changer: Plant Token (461)]
Resolve Stack: Whenever another creature enters, its controller may draw a card if its power is greater than each other creature's power. [Zone Changer: Plant Token (460)]
Resolve Stack: Whenever another creature enters, its controller may draw a card if its power is greater than each other creature's power. [Zone Changer: Plant Token (459)]
Resolve Stack: Whenever another creature enters, its controller may draw a card if its power is greater than each other creature's power. [Zone Changer: Plant Token (458)]
Resolve Stack: Whenever another creature enters, its controller may draw a card if its power is greater than each other creature's power. [Zone Changer: Plant Token (457)]
Resolve Stack: Whenever another creature enters, its controller may draw a card if its power is greater than each other creature's power. [Zone Changer: Plant Token (456)]
Resolve Stack: Whenever another creature enters, its controller may draw a card if its power is greater than each other creature's power. [Zone Changer: Plant Token (455)]
Resolve Stack: Whenever another creature enters, its controller may draw a card if its power is greater than each other creature's power. [Zone Changer: Plant Token (454)]
Resolve Stack: Whenever another creature enters, its controller may draw a card if its power is greater than each other creature's power. [Zone Changer: Plant Token (453)]
Resolve Stack: Whenever another creature enters, its controller may draw a card if its power is greater than each other creature's power. [Zone Changer: Avenger of Zendikar (232)]
Mana: Forest (252) - {T}: Add {G}.
Mana: Arcane Signet (301) - {T}: Add one mana of any color in your commander's color identity.
Mana: Forest (270) - {T}: Add {G}.
Add To Stack: Ai(3)-Selvala Ramp cast Colossal Majesty
Resolve Stack: Colossal Majesty
Phase: Ai(3)-Selvala Ramp's End step
Phase: Ai(3)-Selvala Ramp's Cleanup step
Turn: Turn 39 (Ai(4)-Talrand Control)
Phase: Ai(4)-Talrand Control's Untap step
Phase: Ai(4)-Talrand Control's Upkeep step
Phase: Ai(4)-Talrand Control's Draw step
Mana: Island (360) - {T}: Add {U}.
Mana: Island (338) - {T}: Add {U}.
Mana: Island (349) - {T}: Add {U}.
Mana: Island (345) - {T}: Add {U}.
Mana: Island (353) - {T}: Add {U}.
Add To Stack: Ai(4)-Talrand Control cast Evacuation
Add To Stack: Ai(4)-Talrand Control triggered Talrand, Sky Summoner
Add To Stack: Ai(4)-Talrand Control triggered Murmuring Mystic
Resolve Stack: Whenever you cast an instant or sorcery spell, create a 1/1 blue Bird Illusion creature token with flying. [Card: Evacuation (331), Activator: Ai(4)-Talrand Control, SpellAbility: Return all creatures to their owners' hands.]
Add To Stack: Ai(3)-Selvala Ramp triggered Selvala, Heart of the Wilds
Resolve Stack: Whenever another creature enters, its controller may draw a card if its power is greater than each other creature's power. [Zone Changer: Bird Illusion Token (465)]
Resolve Stack: Whenever you cast an instant or sorcery spell, create a 2/2 blue Drake creature token with flying. [Card: Evacuation (331), Activator: Ai(4)-Talrand Control, SpellAbility: Return all creatures to their owners' hands.]
Add To Stack: Ai(3)-Selvala Ramp triggered Selvala, Heart of the Wilds
Resolve Stack: Whenever another creature enters, its controller may draw a card if its power is greater than each other creature's power. [Zone Changer: Drake Token (467)]
Resolve Stack: Evacuation (331) - Return all creatures to their owners' hands.
Phase: Ai(4)-Talrand Control's Main phase, precombat
Phase: Ai(4)-Talrand Control's Beginning of Combat Step
Phase: Ai(4)-Talrand Control's Declare Attackers Step
Phase: Ai(4)-Talrand Control's Declare Blockers Step
Phase: Ai(4)-Talrand Control's First Strike Damage Step
Phase: Ai(4)-Talrand Control's Combat Damage Step
Phase: Ai(4)-Talrand Control's End of Combat Step
Phase: Ai(4)-Talrand Control's Main phase, postcombat
Phase: Ai(4)-Talrand Control's End step
Phase: Ai(4)-Talrand Control's Cleanup step
Discard: Ai(4)-Talrand Control discards Talrand, Sky Summoner (403).
Discard: Ai(4)-Talrand Control discards Murmuring Mystic (335).
Discard: Ai(4)-Talrand Control discards Mulldrifter (334).
Phase: RepeatAi(4)-Talrand Control's Cleanup step
Turn: Turn 40 (Ai(3)-Selvala Ramp)
Phase: Ai(3)-Selvala Ramp's Untap step
Phase: Ai(3)-Selvala Ramp's Upkeep step
Phase: Ai(3)-Selvala Ramp's Draw step
Phase: Ai(3)-Selvala Ramp's Main phase, precombat
Land: Ai(3)-Selvala Ramp played Forest (276)
Phase: Ai(3)-Selvala Ramp's Beginning of Combat Step
Phase: Ai(3)-Selvala Ramp's Declare Attackers Step
Phase: Ai(3)-Selvala Ramp's Declare Blockers Step
Phase: Ai(3)-Selvala Ramp's First Strike Damage Step
Phase: Ai(3)-Selvala Ramp's Combat Damage Step
Phase: Ai(3)-Selvala Ramp's End of Combat Step
Phase: Ai(3)-Selvala Ramp's Main phase, postcombat
Mana: Forest (280) - {T}: Add {G}.
Mana: Forest (255) - {T}: Add {G}.
Mana: Forest (247) - {T}: Add {G}.
Mana: Forest (279) - {T}: Add {G}.
Mana: Forest (281) - {T}: Add {G}.
Mana: Forest (274) - {T}: Add {G}.
Mana: Forest (258) - {T}: Add {G}.
Add To Stack: Ai(3)-Selvala Ramp cast Elderscale Wurm
Mana: Island (364) - {T}: Add {U}.
Mana: Island (366) - {T}: Add {U}.
Mana: Island (365) - {T}: Add {U}.
Add To Stack: Ai(4)-Talrand Control cast Dissipate targeting [Elderscale Wurm - Creature 7 / 7]
Zone Change: Send countered spell to Exile
Resolve Stack: Dissipate (324) - Counter Elderscale Wurm (221).
Mana: Forest (252) - {T}: Add {G}.
Mana: Arcane Signet (301) - {T}: Add one mana of any color in your commander's color identity.
Mana: Forest (270) - {T}: Add {G}.
Add To Stack: Ai(3)-Selvala Ramp cast Selvala, Heart of the Wilds
Resolve Stack: Selvala, Heart of the Wilds - Creature 2 / 3
Phase: Ai(3)-Selvala Ramp's End step
Phase: Ai(3)-Selvala Ramp's Cleanup step
Turn: Turn 41 (Ai(4)-Talrand Control)
Phase: Ai(4)-Talrand Control's Untap step
Phase: Ai(4)-Talrand Control's Upkeep step
Phase: Ai(4)-Talrand Control's Draw step
Phase: Ai(4)-Talrand Control's Main phase, precombat
Land: Ai(4)-Talrand Control played Island (339)
Phase: Ai(4)-Talrand Control's Beginning of Combat Step
Phase: Ai(4)-Talrand Control's Declare Attackers Step
Phase: Ai(4)-Talrand Control's Declare Blockers Step
Phase: Ai(4)-Talrand Control's First Strike Damage Step
Phase: Ai(4)-Talrand Control's Combat Damage Step
Phase: Ai(4)-Talrand Control's End of Combat Step
Phase: Ai(4)-Talrand Control's Main phase, postcombat
Mana: Island (360) - {T}: Add {U}.
Mana: Island (338) - {T}: Add {U}.
Mana: Island (349) - {T}: Add {U}.
Add To Stack: Ai(4)-Talrand Control cast Divination
Resolve Stack: Divination (315) - Ai(4)-Talrand Control draws two cards.
Mana: Island (345) - {T}: Add {U}.
Mana: Island (353) - {T}: Add {U}.
Add To Stack: Ai(4)-Talrand Control cast Phantasmal Image
Replacement Effect: You may have Selvala, Heart of the Wilds enter as a copy of any creature on the battlefield, except it's an Illusion in addition to its other types and it has "When this creature becomes the target of a spell or ability, sacrifice it."
Resolve Stack: Phantasmal Image - Creature 0 / 0
Add To Stack: Ai(3)-Selvala Ramp triggered Selvala, Heart of the Wilds
Resolve Stack: Whenever another creature enters, its controller may draw a card if its power is greater than each other creature's power. [Zone Changer: Selvala, Heart of the Wilds (384)]
Mana: Island (364) - {T}: Add {U}.
Add To Stack: Ai(4)-Talrand Control cast Serum Visions
Resolve Stack: Ai(4)-Talrand Control scried 2 card(s) to the top of the library
Resolve Stack: Serum Visions (383) - Ai(4)-Talrand Control draws a card. Ai(4)-Talrand Control scries 2.
Phase: Ai(4)-Talrand Control's End step
Phase: Ai(4)-Talrand Control's Cleanup step
Turn: Turn 42 (Ai(3)-Selvala Ramp)
Phase: Ai(3)-Selvala Ramp's Untap step
Phase: Ai(3)-Selvala Ramp's Upkeep step
Phase: Ai(3)-Selvala Ramp's Draw step
Phase: Ai(3)-Selvala Ramp's Main phase, precombat
Mana: Forest (280) - {T}: Add {G}.
Mana: Forest (255) - {T}: Add {G}.
Mana: Forest (247) - {T}: Add {G}.
Add To Stack: Ai(3)-Selvala Ramp cast Reclamation Sage
Mana: Island (366) - {T}: Add {U}.
Mana: Island (365) - {T}: Add {U}.
Mana: Island (339) - {T}: Add {U}.
Add To Stack: Ai(4)-Talrand Control cast Cancel targeting [Reclamation Sage - Creature 2 / 1]
Zone Change: Send countered spell to Graveyard
Resolve Stack: Cancel (326) - Counter Reclamation Sage (225).
Phase: Ai(3)-Selvala Ramp's Beginning of Combat Step
Phase: Ai(3)-Selvala Ramp's Declare Attackers Step
Phase: Ai(3)-Selvala Ramp's Declare Blockers Step
Phase: Ai(3)-Selvala Ramp's First Strike Damage Step
Phase: Ai(3)-Selvala Ramp's Combat Damage Step
Phase: Ai(3)-Selvala Ramp's End of Combat Step
Phase: Ai(3)-Selvala Ramp's Main phase, postcombat
Mana: Forest (279) - {T}: Add {G}.
Mana: Forest (281) - {T}: Add {G}.
Mana: Forest (274) - {T}: Add {G}.
Mana: Forest (258) - {T}: Add {G}.
Mana: Forest (252) - {T}: Add {G}.
Mana: Arcane Signet (301) - {T}: Add one mana of any color in your commander's color identity.
Add To Stack: Ai(3)-Selvala Ramp cast Hydra Broodmaster
Resolve Stack: Hydra Broodmaster - Creature 7 / 7
Add To Stack: Ai(3)-Selvala Ramp triggered Selvala, Heart of the Wilds
Add To Stack: Ai(4)-Talrand Control triggered Selvala, Heart of the Wilds
Resolve Stack: Whenever another creature enters, its controller may draw a card if its power is greater than each other creature's power. [Zone Changer: Hydra Broodmaster (299)]
Resolve Stack: Whenever another creature enters, its controller may draw a card if its power is greater than each other creature's power. [Zone Changer: Hydra Broodmaster (299)]
Land: Ai(3)-Selvala Ramp played Forest (249)
Mana: Forest (270) - {T}: Add {G}.
Mana: Forest (276) - {T}: Add {G}.
Mana: Forest (249) - {T}: Add {G}.
Add To Stack: Ai(3)-Selvala Ramp cast Cultivate
Resolve Stack: Cultivate (219) - Search your library for up to two basic land cards, reveal those cards, put one onto the battlefield tapped and the other into your hand, then shuffle.   
Phase: Ai(3)-Selvala Ramp's End step
Phase: Ai(3)-Selvala Ramp's Cleanup step
Turn: Turn 43 (Ai(4)-Talrand Control)
Phase: Ai(4)-Talrand Control's Untap step
Phase: Ai(4)-Talrand Control's Upkeep step
Phase: Ai(4)-Talrand Control's Draw step
Mana: Island (360) - {T}: Add {U}.
Add To Stack: Ai(4)-Talrand Control cast Pongify targeting [Hydra Broodmaster (299)]
Zone Change: Hydra Broodmaster (299) was put into Graveyard from Battlefield.
Resolve Stack: Pongify (401) - Destroy Hydra Broodmaster (299). It can't be regenerated. 
Add To Stack: Ai(4)-Talrand Control triggered Selvala, Heart of the Wilds
Add To Stack: Ai(3)-Selvala Ramp triggered Selvala, Heart of the Wilds
Resolve Stack: Whenever another creature enters, its controller may draw a card if its power is greater than each other creature's power. [Zone Changer: Ape Token (474)]
Resolve Stack: Whenever another creature enters, its controller may draw a card if its power is greater than each other creature's power. [Zone Changer: Ape Token (474)]
Phase: Ai(4)-Talrand Control's Main phase, precombat
Land: Ai(4)-Talrand Control played Island (346)
Phase: Ai(4)-Talrand Control's Beginning of Combat Step
Phase: Ai(4)-Talrand Control's Declare Attackers Step
Phase: Ai(4)-Talrand Control's Declare Blockers Step
Phase: Ai(4)-Talrand Control's First Strike Damage Step
Phase: Ai(4)-Talrand Control's Combat Damage Step
Phase: Ai(4)-Talrand Control's End of Combat Step
Phase: Ai(4)-Talrand Control's Main phase, postcombat
Mana: Island (338) - {T}: Add {U}.
Mana: Island (349) - {T}: Add {U}.
Mana: Island (345) - {T}: Add {U}.
Mana: Island (353) - {T}: Add {U}.
Mana: Island (364) - {T}: Add {U}.
Mana: Island (366) - {T}: Add {U}.
Mana: Island (365) - {T}: Add {U}.
Add To Stack: Ai(4)-Talrand Control cast Sphinx of Uthuun
Resolve Stack: Sphinx of Uthuun - Creature 5 / 6
Add To Stack: Ai(4)-Talrand Control triggered Sphinx of Uthuun
Add To Stack: Ai(4)-Talrand Control triggered Selvala, Heart of the Wilds
Add To Stack: Ai(3)-Selvala Ramp triggered Selvala, Heart of the Wilds
Mana: Island (339) - {T}: Add {U}.
Add To Stack: Ai(4)-Talrand Control cast Brainstorm
Resolve Stack: Brainstorm (393) - Ai(4)-Talrand Control draws three cards, then puts two cards from their hand on top of their library in any order.
Resolve Stack: Whenever another creature enters, its controller may draw a card if its power is greater than each other creature's power. [Zone Changer: Sphinx of Uthuun (394)]
Resolve Stack: Whenever another creature enters, its controller may draw a card if its power is greater than each other creature's power. [Zone Changer: Sphinx of Uthuun (394)]
Resolve Stack: When Sphinx of Uthuun enters, reveal the top five cards of your library. An opponent separates those cards into two piles. Put one pile into your hand and the other into your graveyard. [Zone Changer: Sphinx of Uthuun (394)]
Phase: Ai(4)-Talrand Control's End step
Phase: Ai(4)-Talrand Control's Cleanup step
Turn: Turn 44 (Ai(3)-Selvala Ramp)
Phase: Ai(3)-Selvala Ramp's Untap step
Phase: Ai(3)-Selvala Ramp's Upkeep step
Phase: Ai(3)-Selvala Ramp's Draw step
Phase: Ai(3)-Selvala Ramp's Main phase, precombat
Land: Ai(3)-Selvala Ramp played Forest (268)
Phase: Ai(3)-Selvala Ramp's Beginning of Combat Step
Phase: Ai(3)-Selvala Ramp's Declare Attackers Step
Phase: Ai(3)-Selvala Ramp's Declare Blockers Step
Phase: Ai(3)-Selvala Ramp's First Strike Damage Step
Phase: Ai(3)-Selvala Ramp's Combat Damage Step
Phase: Ai(3)-Selvala Ramp's End of Combat Step
Phase: Ai(3)-Selvala Ramp's Main phase, postcombat
Mana: Forest (280) - {T}: Add {G}.
Mana: Forest (255) - {T}: Add {G}.
Mana: Forest (247) - {T}: Add {G}.
Mana: Forest (279) - {T}: Add {G}.
Mana: Forest (281) - {T}: Add {G}.
Mana: Forest (274) - {T}: Add {G}.
Add To Stack: Ai(3)-Selvala Ramp cast Grave Sifter
Resolve Stack: Grave Sifter - Creature 5 / 7
Add To Stack: Ai(3)-Selvala Ramp triggered Grave Sifter
Add To Stack: Ai(3)-Selvala Ramp triggered Selvala, Heart of the Wilds
Add To Stack: Ai(4)-Talrand Control triggered Selvala, Heart of the Wilds
Resolve Stack: Whenever another creature enters, its controller may draw a card if its power is greater than each other creature's power. [Zone Changer: Grave Sifter (238)]
Resolve Stack: Whenever another creature enters, its controller may draw a card if its power is greater than each other creature's power. [Zone Changer: Grave Sifter (238)]
Resolve Stack: When Grave Sifter enters, each player chooses a creature type and returns any number of cards of that type from their graveyard to their hand. [Zone Changer: Grave Sifter (238)]
Mana: Forest (258) - {T}: Add {G}.
Mana: Forest (252) - {T}: Add {G}.
Mana: Arcane Signet (301) - {T}: Add one mana of any color in your commander's color identity.
Mana: Forest (270) - {T}: Add {G}.
Mana: Forest (276) - {T}: Add {G}.
Mana: Forest (249) - {T}: Add {G}.
Add To Stack: Ai(3)-Selvala Ramp cast Hydra Broodmaster
Resolve Stack: Hydra Broodmaster - Creature 7 / 7
Add To Stack: Ai(3)-Selvala Ramp triggered Selvala, Heart of the Wilds
Add To Stack: Ai(4)-Talrand Control triggered Selvala, Heart of the Wilds
Resolve Stack: Whenever another creature enters, its controller may draw a card if its power is greater than each other creature's power. [Zone Changer: Hydra Broodmaster (299)]
Resolve Stack: Whenever another creature enters, its controller may draw a card if its power is greater than each other creature's power. [Zone Changer: Hydra Broodmaster (299)]
Mana: Forest (245) - {T}: Add {G}.
Mana: Forest (268) - {T}: Add {G}.
Add To Stack: Ai(3)-Selvala Ramp cast Priest of Titania
Resolve Stack: Priest of Titania - Creature 1 / 1
Add To Stack: Ai(3)-Selvala Ramp triggered Selvala, Heart of the Wilds
Add To Stack: Ai(4)-Talrand Control triggered Selvala, Heart of the Wilds
Resolve Stack: Whenever another creature enters, its controller may draw a card if its power is greater than each other creature's power. [Zone Changer: Priest of Titania (224)]
Resolve Stack: Whenever another creature enters, its controller may draw a card if its power is greater than each other creature's power. [Zone Changer: Priest of Titania (224)]
Phase: Ai(3)-Selvala Ramp's End step
Phase: Ai(3)-Selvala Ramp's Cleanup step
Discard: Ai(3)-Selvala Ramp discards Forest (260).
Turn: Turn 45 (Ai(4)-Talrand Control)
Phase: Ai(4)-Talrand Control's Untap step
Phase: Ai(4)-Talrand Control's Upkeep step
Phase: Ai(4)-Talrand Control's Draw step
Phase: Ai(4)-Talrand Control's Main phase, precombat
Land: Ai(4)-Talrand Control played Island (343)
Phase: Ai(4)-Talrand Control's Beginning of Combat Step
Phase: Ai(4)-Talrand Control's Declare Attackers Step
Combat: Ai(4)-Talrand Control assigned Sphinx of Uthuun (394) to attack Ai(3)-Selvala Ramp.
Phase: Ai(4)-Talrand Control's Declare Blockers Step
Combat: Ai(3)-Selvala Ramp didn't block Sphinx of Uthuun (394).
Phase: Ai(4)-Talrand Control's First Strike Damage Step
Phase: Ai(4)-Talrand Control's Combat Damage Step
Damage: Sphinx of Uthuun (394) deals 5 combat damage to Ai(3)-Selvala Ramp.
Life: Life: Ai(3)-Selvala Ramp 11 > 6
Phase: Ai(4)-Talrand Control's End of Combat Step
Phase: Ai(4)-Talrand Control's Main phase, postcombat
Mana: Island (360) - {T}: Add {U}.
Mana: Island (338) - {T}: Add {U}.
Mana: Island (349) - {T}: Add {U}.
Mana: Island (345) - {T}: Add {U}.
Add To Stack: Ai(4)-Talrand Control cast Murmuring Mystic
Resolve Stack: Murmuring Mystic - Creature 1 / 5
Add To Stack: Ai(4)-Talrand Control triggered Selvala, Heart of the Wilds
Add To Stack: Ai(3)-Selvala Ramp triggered Selvala, Heart of the Wilds
Resolve Stack: Whenever another creature enters, its controller may draw a card if its power is greater than each other creature's power. [Zone Changer: Murmuring Mystic (335)]
Resolve Stack: Whenever another creature enters, its controller may draw a card if its power is greater than each other creature's power. [Zone Changer: Murmuring Mystic (335)]
Mana: Island (353) - {T}: Add {U}.
Mana: Island (364) - {T}: Add {U}.
Add To Stack: Ai(4)-Talrand Control cast Augur of Bolas
Resolve Stack: Augur of Bolas - Creature 1 / 3
Add To Stack: Ai(4)-Talrand Control triggered Augur of Bolas
Add To Stack: Ai(4)-Talrand Control triggered Selvala, Heart of the Wilds
Add To Stack: Ai(3)-Selvala Ramp triggered Selvala, Heart of the Wilds
Resolve Stack: Whenever another creature enters, its controller may draw a card if its power is greater than each other creature's power. [Zone Changer: Augur of Bolas (385)]
Resolve Stack: Whenever another creature enters, its controller may draw a card if its power is greater than each other creature's power. [Zone Changer: Augur of Bolas (385)]
Resolve Stack: When Augur of Bolas enters, look at the top three cards from your library. You may reveal an instant or sorcery card from among them and put it into your hand. Put the rest on the bottom of your library in any order. [Zone Changer: Augur of Bolas (385)]
Mana: Island (366) - {T}: Add {U}.
Mana: Island (365) - {T}: Add {U}.
Add To Stack: Ai(4)-Talrand Control cast Mind Stone
Resolve Stack: Mind Stone
Phase: Ai(4)-Talrand Control's End step
Mana: Island (339) - {T}: Add {U}.
Add To Stack: Ai(4)-Talrand Control cast Unsummon targeting [Hydra Broodmaster (299)]
Add To Stack: Ai(4)-Talrand Control triggered Murmuring Mystic
Resolve Stack: Whenever you cast an instant or sorcery spell, create a 1/1 blue Bird Illusion creature token with flying. [Card: Unsummon (392), Activator: Ai(4)-Talrand Control, SpellAbility: Return target creature to its owner's hand.]
Add To Stack: Ai(4)-Talrand Control triggered Selvala, Heart of the Wilds
Add To Stack: Ai(3)-Selvala Ramp triggered Selvala, Heart of the Wilds
Resolve Stack: Whenever another creature enters, its controller may draw a card if its power is greater than each other creature's power. [Zone Changer: Bird Illusion Token (479)]
Resolve Stack: Whenever another creature enters, its controller may draw a card if its power is greater than each other creature's power. [Zone Changer: Bird Illusion Token (479)]
Resolve Stack: Unsummon (392) - Return Hydra Broodmaster (299) to its owner's hand.
Phase: Ai(4)-Talrand Control's Cleanup step
Turn: Turn 46 (Ai(3)-Selvala Ramp)
Phase: Ai(3)-Selvala Ramp's Untap step
Phase: Ai(3)-Selvala Ramp's Upkeep step
Add To Stack: Ai(3)-Selvala Ramp triggered Colossal Majesty
Resolve Stack: At the beginning of your upkeep, if you control a creature with power 4 or greater, draw a card. [Phase: Ai(3)-Selvala Ramp]
Phase: Ai(3)-Selvala Ramp's Draw step
Phase: Ai(3)-Selvala Ramp's Main phase, precombat
Land: Ai(3)-Selvala Ramp played Forest (264)
Phase: Ai(3)-Selvala Ramp's Beginning of Combat Step
Phase: Ai(3)-Selvala Ramp's Declare Attackers Step
Phase: Ai(3)-Selvala Ramp's Declare Blockers Step
Phase: Ai(3)-Selvala Ramp's First Strike Damage Step
Phase: Ai(3)-Selvala Ramp's Combat Damage Step
Phase: Ai(3)-Selvala Ramp's End of Combat Step
Phase: Ai(3)-Selvala Ramp's Main phase, postcombat
Mana: Forest (280) - {T}: Add {G}.
Mana: Forest (255) - {T}: Add {G}.
Mana: Forest (247) - {T}: Add {G}.
Mana: Forest (279) - {T}: Add {G}.
Mana: Forest (281) - {T}: Add {G}.
Mana: Forest (274) - {T}: Add {G}.
Add To Stack: Ai(3)-Selvala Ramp cast Hydra Broodmaster
Mana: Island (346) - {T}: Add {U}.
Mana: Island (343) - {T}: Add {U}.
Add To Stack: Ai(4)-Talrand Control cast Arcane Denial targeting [Hydra Broodmaster - Creature 7 / 7]
Add To Stack: Ai(4)-Talrand Control triggered Murmuring Mystic
Resolve Stack: Whenever you cast an instant or sorcery spell, create a 1/1 blue Bird Illusion creature token with flying. [Card: Arcane Denial (382), Activator: Ai(4)-Talrand Control, SpellAbility: Counter target spell. Its controller may draw up to two cards at the beginning of the next turn's upkeep. You draw a card at the beginning of the next turn's upkeep.   ]
Add To Stack: Ai(3)-Selvala Ramp triggered Selvala, Heart of the Wilds
Add To Stack: Ai(4)-Talrand Control triggered Selvala, Heart of the Wilds
Resolve Stack: Whenever another creature enters, its controller may draw a card if its power is greater than each other creature's power. [Zone Changer: Bird Illusion Token (482)]
Resolve Stack: Whenever another creature enters, its controller may draw a card if its power is greater than each other creature's power. [Zone Changer: Bird Illusion Token (482)]
Zone Change: Send countered spell to Graveyard
Resolve Stack: Arcane Denial (382) - Counter Hydra Broodmaster (299). Draw a card. Draw up to two cards. 
Mana: Forest (258) - {T}: Add {G}.
Mana: Forest (252) - {T}: Add {G}.
Mana: Arcane Signet (301) - {T}: Add one mana of any color in your commander's color identity.
Mana: Forest (270) - {T}: Add {G}.
Mana: Forest (276) - {T}: Add {G}.
Mana: Forest (249) - {T}: Add {G}.
Mana: Forest (245) - {T}: Add {G}.
Add To Stack: Ai(3)-Selvala Ramp cast Avenger of Zendikar
Resolve Stack: Avenger of Zendikar - Creature 5 / 5
Add To Stack: Ai(3)-Selvala Ramp triggered Selvala, Heart of the Wilds
Add To Stack: Ai(3)-Selvala Ramp triggered Avenger of Zendikar
Add To Stack: Ai(4)-Talrand Control triggered Selvala, Heart of the Wilds
Resolve Stack: Whenever another creature enters, its controller may draw a card if its power is greater than each other creature's power. [Zone Changer: Avenger of Zendikar (232)]
Resolve Stack: When Avenger of Zendikar enters, create a 0/1 green Plant creature token for each land you control. [Zone Changer: Avenger of Zendikar (232)]
Add To Stack: Ai(3)-Selvala Ramp triggered Selvala, Heart of the Wilds
Add To Stack: Ai(3)-Selvala Ramp triggered Selvala, Heart of the Wilds
Add To Stack: Ai(3)-Selvala Ramp triggered Selvala, Heart of the Wilds
Add To Stack: Ai(3)-Selvala Ramp triggered Selvala, Heart of the Wilds
Add To Stack: Ai(3)-Selvala Ramp triggered Selvala, Heart of the Wilds
Add To Stack: Ai(3)-Selvala Ramp triggered Selvala, Heart of the Wilds
Add To Stack: Ai(3)-Selvala Ramp triggered Selvala, Heart of the Wilds
Add To Stack: Ai(3)-Selvala Ramp triggered Selvala, Heart of the Wilds
Add To Stack: Ai(3)-Selvala Ramp triggered Selvala, Heart of the Wilds
Add To Stack: Ai(3)-Selvala Ramp triggered Selvala, Heart of the Wilds
Add To Stack: Ai(3)-Selvala Ramp triggered Selvala, Heart of the Wilds
Add To Stack: Ai(3)-Selvala Ramp triggered Selvala, Heart of the Wilds
Add To Stack: Ai(3)-Selvala Ramp triggered Selvala, Heart of the Wilds
Add To Stack: Ai(3)-Selvala Ramp triggered Selvala, Heart of the Wilds
Add To Stack: Ai(4)-Talrand Control triggered Selvala, Heart of the Wilds
Add To Stack: Ai(4)-Talrand Control triggered Selvala, Heart of the Wilds
Add To Stack: Ai(4)-Talrand Control triggered Selvala, Heart of the Wilds
Add To Stack: Ai(4)-Talrand Control triggered Selvala, Heart of the Wilds
Add To Stack: Ai(4)-Talrand Control triggered Selvala, Heart of the Wilds
Add To Stack: Ai(4)-Talrand Control triggered Selvala, Heart of the Wilds
Add To Stack: Ai(4)-Talrand Control triggered Selvala, Heart of the Wilds
Add To Stack: Ai(4)-Talrand Control triggered Selvala, Heart of the Wilds
Add To Stack: Ai(4)-Talrand Control triggered Selvala, Heart of the Wilds
Add To Stack: Ai(4)-Talrand Control triggered Selvala, Heart of the Wilds
Add To Stack: Ai(4)-Talrand Control triggered Selvala, Heart of the Wilds
Add To Stack: Ai(4)-Talrand Control triggered Selvala, Heart of the Wilds
Add To Stack: Ai(4)-Talrand Control triggered Selvala, Heart of the Wilds
Add To Stack: Ai(4)-Talrand Control triggered Selvala, Heart of the Wilds
Resolve Stack: Whenever another creature enters, its controller may draw a card if its power is greater than each other creature's power. [Zone Changer: Plant Token (499)]
Resolve Stack: Whenever another creature enters, its controller may draw a card if its power is greater than each other creature's power. [Zone Changer: Plant Token (498)]
Resolve Stack: Whenever another creature enters, its controller may draw a card if its power is greater than each other creature's power. [Zone Changer: Plant Token (497)]
Resolve Stack: Whenever another creature enters, its controller may draw a card if its power is greater than each other creature's power. [Zone Changer: Plant Token (496)]
Resolve Stack: Whenever another creature enters, its controller may draw a card if its power is greater than each other creature's power. [Zone Changer: Plant Token (495)]
Resolve Stack: Whenever another creature enters, its controller may draw a card if its power is greater than each other creature's power. [Zone Changer: Plant Token (494)]
Resolve Stack: Whenever another creature enters, its controller may draw a card if its power is greater than each other creature's power. [Zone Changer: Plant Token (493)]
Resolve Stack: Whenever another creature enters, its controller may draw a card if its power is greater than each other creature's power. [Zone Changer: Plant Token (492)]
Resolve Stack: Whenever another creature enters, its controller may draw a card if its power is greater than each other creature's power. [Zone Changer: Plant Token (491)]
Resolve Stack: Whenever another creature enters, its controller may draw a card if its power is greater than each other creature's power. [Zone Changer: Plant Token (490)]
Resolve Stack: Whenever another creature enters, its controller may draw a card if its power is greater than each other creature's power. [Zone Changer: Plant Token (489)]
Resolve Stack: Whenever another creature enters, its controller may draw a card if its power is greater than each other creature's power. [Zone Changer: Plant Token (488)]
Resolve Stack: Whenever another creature enters, its controller may draw a card if its power is greater than each other creature's power. [Zone Changer: Plant Token (487)]
Resolve Stack: Whenever another creature enters, its controller may draw a card if its power is greater than each other creature's power. [Zone Changer: Plant Token (486)]
Resolve Stack: Whenever another creature enters, its controller may draw a card if its power is greater than each other creature's power. [Zone Changer: Plant Token (499)]
Resolve Stack: Whenever another creature enters, its controller may draw a card if its power is greater than each other creature's power. [Zone Changer: Plant Token (498)]
Resolve Stack: Whenever another creature enters, its controller may draw a card if its power is greater than each other creature's power. [Zone Changer: Plant Token (497)]
Resolve Stack: Whenever another creature enters, its controller may draw a card if its power is greater than each other creature's power. [Zone Changer: Plant Token (496)]
Resolve Stack: Whenever another creature enters, its controller may draw a card if its power is greater than each other creature's power. [Zone Changer: Plant Token (495)]
Resolve Stack: Whenever another creature enters, its controller may draw a card if its power is greater than each other creature's power. [Zone Changer: Plant Token (494)]
Resolve Stack: Whenever another creature enters, its controller may draw a card if its power is greater than each other creature's power. [Zone Changer: Plant Token (493)]
Resolve Stack: Whenever another creature enters, its controller may draw a card if its power is greater than each other creature's power. [Zone Changer: Plant Token (492)]
Resolve Stack: Whenever another creature enters, its controller may draw a card if its power is greater than each other creature's power. [Zone Changer: Plant Token (491)]
Resolve Stack: Whenever another creature enters, its controller may draw a card if its power is greater than each other creature's power. [Zone Changer: Plant Token (490)]
Resolve Stack: Whenever another creature enters, its controller may draw a card if its power is greater than each other creature's power. [Zone Changer: Plant Token (489)]
Resolve Stack: Whenever another creature enters, its controller may draw a card if its power is greater than each other creature's power. [Zone Changer: Plant Token (488)]
Resolve Stack: Whenever another creature enters, its controller may draw a card if its power is greater than each other creature's power. [Zone Changer: Plant Token (487)]
Resolve Stack: Whenever another creature enters, its controller may draw a card if its power is greater than each other creature's power. [Zone Changer: Plant Token (486)]
Resolve Stack: Whenever another creature enters, its controller may draw a card if its power is greater than each other creature's power. [Zone Changer: Avenger of Zendikar (232)]
Mana: Forest (268) - {T}: Add {G}.
Mana: Forest (264) - {T}: Add {G}.
Mana: Priest of Titania (224) - {T}: Add {G} for each Elf on the battlefield.
Add To Stack: Ai(3)-Selvala Ramp cast Garruk Wildspeaker
Replacement Effect: Garruk Wildspeaker enters with three loyalty counters on it.
Resolve Stack: Garruk Wildspeaker
Add To Stack: Ai(3)-Selvala Ramp activated Garruk Wildspeaker
Resolve Stack: Garruk Wildspeaker (203) - Ai(3)-Selvala Ramp creates a 3/3 green Beast creature token.
Add To Stack: Ai(3)-Selvala Ramp triggered Selvala, Heart of the Wilds
Add To Stack: Ai(4)-Talrand Control triggered Selvala, Heart of the Wilds
Resolve Stack: Whenever another creature enters, its controller may draw a card if its power is greater than each other creature's power. [Zone Changer: Beast Token (503)]
Resolve Stack: Whenever another creature enters, its controller may draw a card if its power is greater than each other creature's power. [Zone Changer: Beast Token (503)]
Add To Stack: Ai(3)-Selvala Ramp cast Sol Ring
Resolve Stack: Sol Ring
Phase: Ai(3)-Selvala Ramp's End step
Phase: Ai(3)-Selvala Ramp's Cleanup step
Turn: Turn 47 (Ai(4)-Talrand Control)
Phase: Ai(4)-Talrand Control's Untap step
Phase: Ai(4)-Talrand Control's Upkeep step
Add To Stack: Ai(4)-Talrand Control triggered Arcane Denial
Add To Stack: Ai(4)-Talrand Control triggered Arcane Denial
Resolve Stack: Draw up to two cards. ([Ai(3)-Selvala Ramp]) [Phase: Ai(4)-Talrand Control]
Resolve Stack: Draw a card. [Phase: Ai(4)-Talrand Control]
Phase: Ai(4)-Talrand Control's Draw step
Phase: Ai(4)-Talrand Control's Main phase, precombat
Land: Ai(4)-Talrand Control played Island (381)
Phase: Ai(4)-Talrand Control's Beginning of Combat Step
Phase: Ai(4)-Talrand Control's Declare Attackers Step
Combat: Ai(4)-Talrand Control assigned Sphinx of Uthuun (394), Selvala, Heart of the Wilds (384), Murmuring Mystic (335), Augur of Bolas (385), Bird Illusion Token (479) and Bird Illusion Token (482) to attack Ai(3)-Selvala Ramp.
Phase: Ai(4)-Talrand Control's Declare Blockers Step
Combat: Ai(3)-Selvala Ramp didn't block Sphinx of Uthuun (394).
Ai(3)-Selvala Ramp assigned Plant Token (486), Selvala, Heart of the Wilds (302) and Ape Token (474) to block Selvala, Heart of the Wilds (384).
Ai(3)-Selvala Ramp assigned Plant Token (487) and Grave Sifter (238) to block Murmuring Mystic (335).
Ai(3)-Selvala Ramp assigned Plant Token (488) and Avenger of Zendikar (232) to block Augur of Bolas (385).
Ai(3)-Selvala Ramp didn't block Bird Illusion Token (479).
Ai(3)-Selvala Ramp didn't block Bird Illusion Token (482).
Phase: Ai(4)-Talrand Control's First Strike Damage Step
Phase: Ai(4)-Talrand Control's Combat Damage Step
Damage: Sphinx of Uthuun (394) deals 5 combat damage to Ai(3)-Selvala Ramp.
Damage: Selvala, Heart of the Wilds (384) deals 1 damage to Plant Token (486).
Damage: Selvala, Heart of the Wilds (384) deals 1 damage to Selvala, Heart of the Wilds (302).
Damage: Murmuring Mystic (335) deals 1 damage to Plant Token (487).
Damage: Augur of Bolas (385) deals 1 damage to Plant Token (488).
Damage: Bird Illusion Token (479) deals 1 combat damage to Ai(3)-Selvala Ramp.
Damage: Bird Illusion Token (482) deals 1 combat damage to Ai(3)-Selvala Ramp.
Damage: Selvala, Heart of the Wilds (302) deals 2 damage to Selvala, Heart of the Wilds (384).
Damage: Ape Token (474) deals 3 damage to Selvala, Heart of the Wilds (384).
Damage: Grave Sifter (238) deals 5 damage to Murmuring Mystic (335).
Damage: Avenger of Zendikar (232) deals 5 damage to Augur of Bolas (385).
Life: Life: Ai(3)-Selvala Ramp 6 > -1
Player Control: Ai(1)-Krenko Goblins has restored control over themself
Player Control: Ai(2)-Drana Vampires has restored control over themself
Player Control: Ai(3)-Selvala Ramp has restored control over themself
Player Control: Ai(4)-Talrand Control has restored control over themself
Game Outcome: Turn 24
Game Outcome: Ai(1)-Krenko Goblins has lost because life total reached 0
Game Outcome: Ai(2)-Drana Vampires has lost because life total reached 0
Game Outcome: Ai(3)-Selvala Ramp has lost because life total reached 0
Game Outcome: Ai(4)-Talrand Control has won because all opponents have lost
Match Result: Ai(1)-Krenko Goblins: 0 Ai(2)-Drana Vampires: 0 Ai(3)-Selvala Ramp: 0 Ai(4)-Talrand Control: 2 

Game Result: Game 2 ended in 44244 ms. Ai(4)-Talrand Control has won!

Moving spell to Library
Mulligan: Ai(1)-Krenko Goblins has kept a hand of 7 cards
Mulligan: Ai(2)-Drana Vampires has kept a hand of 7 cards
Mulligan: Ai(3)-Selvala Ramp has kept a hand of 7 cards
Mulligan: Ai(4)-Talrand Control has kept a hand of 7 cards
Turn: Turn 1 (Ai(1)-Krenko Goblins)
Phase: Ai(1)-Krenko Goblins' Untap step
Phase: Ai(1)-Krenko Goblins' Upkeep step
Phase: Ai(1)-Krenko Goblins' Draw step
Phase: Ai(1)-Krenko Goblins' Main phase, precombat
Land: Ai(1)-Krenko Goblins played Mountain (53)
Phase: Ai(1)-Krenko Goblins' Beginning of Combat Step
Phase: Ai(1)-Krenko Goblins' Declare Attackers Step
Phase: Ai(1)-Krenko Goblins' Declare Blockers Step
Phase: Ai(1)-Krenko Goblins' First Strike Damage Step
Phase: Ai(1)-Krenko Goblins' Combat Damage Step
Phase: Ai(1)-Krenko Goblins' End of Combat Step
Phase: Ai(1)-Krenko Goblins' Main phase, postcombat
Mana: Mountain (53) - {T}: Add {R}.
Add To Stack: Ai(1)-Krenko Goblins cast Goblin Bushwhacker
Resolve Stack: Goblin Bushwhacker - Creature 1 / 1
Phase: Ai(1)-Krenko Goblins' End step
Phase: Ai(1)-Krenko Goblins' Cleanup step
Turn: Turn 2 (Ai(2)-Drana Vampires)
Phase: Ai(2)-Drana Vampires' Untap step
Phase: Ai(2)-Drana Vampires' Upkeep step
Phase: Ai(2)-Drana Vampires' Draw step
Phase: Ai(2)-Drana Vampires' Main phase, precombat
Land: Ai(2)-Drana Vampires played Swamp (167)
Phase: Ai(2)-Drana Vampires' Beginning of Combat Step
Phase: Ai(2)-Drana Vampires' Declare Attackers Step
Phase: Ai(2)-Drana Vampires' Declare Blockers Step
Phase: Ai(2)-Drana Vampires' First Strike Damage Step
Phase: Ai(2)-Drana Vampires' Combat Damage Step
Phase: Ai(2)-Drana Vampires' End of Combat Step
Phase: Ai(2)-Drana Vampires' Main phase, postcombat
Phase: Ai(2)-Drana Vampires' End step
Phase: Ai(2)-Drana Vampires' Cleanup step
Turn: Turn 3 (Ai(3)-Selvala Ramp)
Phase: Ai(3)-Selvala Ramp's Untap step
Phase: Ai(3)-Selvala Ramp's Upkeep step
Phase: Ai(3)-Selvala Ramp's Draw step
Phase: Ai(3)-Selvala Ramp's Main phase, precombat
Land: Ai(3)-Selvala Ramp played Forest (258)
Phase: Ai(3)-Selvala Ramp's Beginning of Combat Step
Phase: Ai(3)-Selvala Ramp's Declare Attackers Step
Phase: Ai(3)-Selvala Ramp's Declare Blockers Step
Phase: Ai(3)-Selvala Ramp's First Strike Damage Step
Phase: Ai(3)-Selvala Ramp's Combat Damage Step
Phase: Ai(3)-Selvala Ramp's End of Combat Step
Phase: Ai(3)-Selvala Ramp's Main phase, postcombat
Phase: Ai(3)-Selvala Ramp's End step
Phase: Ai(3)-Selvala Ramp's Cleanup step
Turn: Turn 4 (Ai(4)-Talrand Control)
Phase: Ai(4)-Talrand Control's Untap step
Phase: Ai(4)-Talrand Control's Upkeep step
Phase: Ai(4)-Talrand Control's Draw step
Phase: Ai(4)-Talrand Control's Main phase, precombat
Land: Ai(4)-Talrand Control played Island (376)
Mana: Island (376) - {T}: Add {U}.
Add To Stack: Ai(4)-Talrand Control cast Ponder
Resolve Stack: Ponder (316) - Look at the top 3 cards of Ai(4)-Talrand Control's library. Then put them back in any order.You may have that player shuffle their library. Ai(4)-Talrand Control draws a card.
Phase: Ai(4)-Talrand Control's Beginning of Combat Step
Phase: Ai(4)-Talrand Control's Declare Attackers Step
Phase: Ai(4)-Talrand Control's Declare Blockers Step
Phase: Ai(4)-Talrand Control's First Strike Damage Step
Phase: Ai(4)-Talrand Control's Combat Damage Step
Phase: Ai(4)-Talrand Control's End of Combat Step
Phase: Ai(4)-Talrand Control's Main phase, postcombat
Phase: Ai(4)-Talrand Control's End step
Phase: Ai(4)-Talrand Control's Cleanup step
Turn: Turn 5 (Ai(1)-Krenko Goblins)
Phase: Ai(1)-Krenko Goblins' Untap step
Phase: Ai(1)-Krenko Goblins' Upkeep step
Phase: Ai(1)-Krenko Goblins' Draw step
Phase: Ai(1)-Krenko Goblins' Main phase, precombat
Land: Ai(1)-Krenko Goblins played Mountain (59)
Phase: Ai(1)-Krenko Goblins' Beginning of Combat Step
Phase: Ai(1)-Krenko Goblins' Declare Attackers Step
Combat: Ai(1)-Krenko Goblins assigned Goblin Bushwhacker (17) to attack Ai(4)-Talrand Control.
Phase: Ai(1)-Krenko Goblins' Declare Blockers Step
Combat: Ai(4)-Talrand Control didn't block Goblin Bushwhacker (17).
Phase: Ai(1)-Krenko Goblins' First Strike Damage Step
Phase: Ai(1)-Krenko Goblins' Combat Damage Step
Damage: Goblin Bushwhacker (17) deals 1 combat damage to Ai(4)-Talrand Control.
Life: Life: Ai(4)-Talrand Control 40 > 39
Phase: Ai(1)-Krenko Goblins' End of Combat Step
Phase: Ai(1)-Krenko Goblins' Main phase, postcombat
Mana: Mountain (53) - {T}: Add {R}.
Mana: Mountain (59) - {T}: Add {R}.
Add To Stack: Ai(1)-Krenko Goblins cast Goblin Piledriver
Resolve Stack: Goblin Piledriver - Creature 1 / 2
Phase: Ai(1)-Krenko Goblins' End step
Phase: Ai(1)-Krenko Goblins' Cleanup step
Turn: Turn 6 (Ai(2)-Drana Vampires)
Phase: Ai(2)-Drana Vampires' Untap step
Phase: Ai(2)-Drana Vampires' Upkeep step
Phase: Ai(2)-Drana Vampires' Draw step
Phase: Ai(2)-Drana Vampires' Main phase, precombat
Land: Ai(2)-Drana Vampires played Swamp (181)
Mana: Swamp (167) - {T}: Add {B}.
Mana: Swamp (181) - {T}: Add {B}.
Add To Stack: Ai(2)-Drana Vampires cast Victim of Night targeting [Goblin Piledriver (25)]
Zone Change: Goblin Piledriver (25) was put into Graveyard from Battlefield.
Resolve Stack: Victim of Night (117) - Destroy Goblin Piledriver (25).
Phase: Ai(2)-Drana Vampires' Beginning of Combat Step
Phase: Ai(2)-Drana Vampires' Declare Attackers Step
Phase: Ai(2)-Drana Vampires' Declare Blockers Step
Phase: Ai(2)-Drana Vampires' First Strike Damage Step
Phase: Ai(2)-Drana Vampires' Combat Damage Step
Phase: Ai(2)-Drana Vampires' End of Combat Step
Phase: Ai(2)-Drana Vampires' Main phase, postcombat
Phase: Ai(2)-Drana Vampires' End step
Phase: Ai(2)-Drana Vampires' Cleanup step
Turn: Turn 7 (Ai(3)-Selvala Ramp)
Phase: Ai(3)-Selvala Ramp's Untap step
Phase: Ai(3)-Selvala Ramp's Upkeep step
Phase: Ai(3)-Selvala Ramp's Draw step
Phase: Ai(3)-Selvala Ramp's Main phase, precombat
Land: Ai(3)-Selvala Ramp played Forest (267)
Phase: Ai(3)-Selvala Ramp's Beginning of Combat Step
Phase: Ai(3)-Selvala Ramp's Declare Attackers Step
Phase: Ai(3)-Selvala Ramp's Declare Blockers Step
Phase: Ai(3)-Selvala Ramp's First Strike Damage Step
Phase: Ai(3)-Selvala Ramp's Combat Damage Step
Phase: Ai(3)-Selvala Ramp's End of Combat Step
Phase: Ai(3)-Selvala Ramp's Main phase, postcombat
Phase: Ai(3)-Selvala Ramp's End step
Phase: Ai(3)-Selvala Ramp's Cleanup step
Turn: Turn 8 (Ai(4)-Talrand Control)
Phase: Ai(4)-Talrand Control's Untap step
Phase: Ai(4)-Talrand Control's Upkeep step
Phase: Ai(4)-Talrand Control's Draw step
Phase: Ai(4)-Talrand Control's Main phase, precombat
Land: Ai(4)-Talrand Control played Island (354)
Phase: Ai(4)-Talrand Control's Beginning of Combat Step
Phase: Ai(4)-Talrand Control's Declare Attackers Step
Phase: Ai(4)-Talrand Control's Declare Blockers Step
Phase: Ai(4)-Talrand Control's First Strike Damage Step
Phase: Ai(4)-Talrand Control's Combat Damage Step
Phase: Ai(4)-Talrand Control's End of Combat Step
Phase: Ai(4)-Talrand Control's Main phase, postcombat
Phase: Ai(4)-Talrand Control's End step
Phase: Ai(4)-Talrand Control's Cleanup step
Turn: Turn 9 (Ai(1)-Krenko Goblins)
Phase: Ai(1)-Krenko Goblins' Untap step
Phase: Ai(1)-Krenko Goblins' Upkeep step
Phase: Ai(1)-Krenko Goblins' Draw step
Phase: Ai(1)-Krenko Goblins' Main phase, precombat
Land: Ai(1)-Krenko Goblins played Mountain (92)
Mana: Mountain (53) - {T}: Add {R}.
Mana: Mountain (59) - {T}: Add {R}.
Mana: Mountain (92) - {T}: Add {R}.
Add To Stack: Ai(1)-Krenko Goblins cast Goblin Rabblemaster
Resolve Stack: Goblin Rabblemaster - Creature 2 / 2
Phase: Ai(1)-Krenko Goblins' Beginning of Combat Step
Add To Stack: Ai(1)-Krenko Goblins triggered Goblin Rabblemaster
Resolve Stack: At the beginning of combat on your turn, create a 1/1 red Goblin creature token with haste. [Phase: Ai(1)-Krenko Goblins]
Phase: Ai(1)-Krenko Goblins' Declare Attackers Step
Combat: Ai(1)-Krenko Goblins assigned Goblin Bushwhacker (17) and Goblin Token (409) to attack Ai(4)-Talrand Control.
Phase: Ai(1)-Krenko Goblins' Declare Blockers Step
Combat: Ai(4)-Talrand Control didn't block Goblin Bushwhacker (17).
Ai(4)-Talrand Control didn't block Goblin Token (409).
Phase: Ai(1)-Krenko Goblins' First Strike Damage Step
Phase: Ai(1)-Krenko Goblins' Combat Damage Step
Damage: Goblin Bushwhacker (17) deals 1 combat damage to Ai(4)-Talrand Control.
Damage: Goblin Token (409) deals 1 combat damage to Ai(4)-Talrand Control.
Life: Life: Ai(4)-Talrand Control 39 > 37
Phase: Ai(1)-Krenko Goblins' End of Combat Step
Phase: Ai(1)-Krenko Goblins' Main phase, postcombat
Phase: Ai(1)-Krenko Goblins' End step
Mana: Island (376) - {T}: Add {U}.
Add To Stack: Ai(4)-Talrand Control cast Unsummon targeting [Goblin Rabblemaster (1)]
Resolve Stack: Unsummon (392) - Return Goblin Rabblemaster (1) to its owner's hand.
Phase: Ai(1)-Krenko Goblins' Cleanup step
Turn: Turn 10 (Ai(2)-Drana Vampires)
Phase: Ai(2)-Drana Vampires' Untap step
Phase: Ai(2)-Drana Vampires' Upkeep step
Phase: Ai(2)-Drana Vampires' Draw step
Phase: Ai(2)-Drana Vampires' Main phase, precombat
Land: Ai(2)-Drana Vampires played Swamp (174)
Phase: Ai(2)-Drana Vampires' Beginning of Combat Step
Phase: Ai(2)-Drana Vampires' Declare Attackers Step
Phase: Ai(2)-Drana Vampires' Declare Blockers Step
Phase: Ai(2)-Drana Vampires' First Strike Damage Step
Phase: Ai(2)-Drana Vampires' Combat Damage Step
Phase: Ai(2)-Drana Vampires' End of Combat Step
Phase: Ai(2)-Drana Vampires' Main phase, postcombat
Mana: Swamp (167) - {T}: Add {B}.
Mana: Swamp (181) - {T}: Add {B}.
Mana: Swamp (174) - {T}: Add {B}.
Add To Stack: Ai(2)-Drana Vampires cast Drana, Liberator of Malakir
Resolve Stack: Drana, Liberator of Malakir - Creature 2 / 3
Phase: Ai(2)-Drana Vampires' End step
Phase: Ai(2)-Drana Vampires' Cleanup step
Turn: Turn 11 (Ai(3)-Selvala Ramp)
Phase: Ai(3)-Selvala Ramp's Untap step
Phase: Ai(3)-Selvala Ramp's Upkeep step
Phase: Ai(3)-Selvala Ramp's Draw step
Phase: Ai(3)-Selvala Ramp's Main phase, precombat
Land: Ai(3)-Selvala Ramp played Forest (262)
Phase: Ai(3)-Selvala Ramp's Beginning of Combat Step
Phase: Ai(3)-Selvala Ramp's Declare Attackers Step
Phase: Ai(3)-Selvala Ramp's Declare Blockers Step
Phase: Ai(3)-Selvala Ramp's First Strike Damage Step
Phase: Ai(3)-Selvala Ramp's Combat Damage Step
Phase: Ai(3)-Selvala Ramp's End of Combat Step
Phase: Ai(3)-Selvala Ramp's Main phase, postcombat
Mana: Forest (258) - {T}: Add {G}.
Mana: Forest (267) - {T}: Add {G}.
Mana: Forest (262) - {T}: Add {G}.
Add To Stack: Ai(3)-Selvala Ramp cast Selvala, Heart of the Wilds
Resolve Stack: Selvala, Heart of the Wilds - Creature 2 / 3
Phase: Ai(3)-Selvala Ramp's End step
Phase: Ai(3)-Selvala Ramp's Cleanup step
Turn: Turn 12 (Ai(4)-Talrand Control)
Phase: Ai(4)-Talrand Control's Untap step
Phase: Ai(4)-Talrand Control's Upkeep step
Phase: Ai(4)-Talrand Control's Draw step
Phase: Ai(4)-Talrand Control's Main phase, precombat
Land: Ai(4)-Talrand Control played Island (342)
Phase: Ai(4)-Talrand Control's Beginning of Combat Step
Phase: Ai(4)-Talrand Control's Declare Attackers Step
Phase: Ai(4)-Talrand Control's Declare Blockers Step
Phase: Ai(4)-Talrand Control's First Strike Damage Step
Phase: Ai(4)-Talrand Control's Combat Damage Step
Phase: Ai(4)-Talrand Control's End of Combat Step
Phase: Ai(4)-Talrand Control's Main phase, postcombat
Mana: Island (376) - {T}: Add {U}.
Mana: Island (354) - {T}: Add {U}.
Mana: Island (342) - {T}: Add {U}.
Add To Stack: Ai(4)-Talrand Control cast Mulldrifter
Resolve Stack: Mulldrifter (Evoked)
Add To Stack: Ai(4)-Talrand Control triggered Mulldrifter
Add To Stack: Ai(4)-Talrand Control triggered Mulldrifter
Add To Stack: Ai(3)-Selvala Ramp triggered Selvala, Heart of the Wilds
Resolve Stack: Whenever another creature enters, its controller may draw a card if its power is greater than each other creature's power. [Zone Changer: Mulldrifter (334)]
Resolve Stack: When Mulldrifter enters, draw two cards. [Zone Changer: Mulldrifter (334)]
Zone Change: Mulldrifter (334) was put into Graveyard from Battlefield.
Resolve Stack: Evoke (You may cast this spell for its evoke cost. If you do, it's sacrificed when it enters.) [Zone Changer: Mulldrifter (334)]
Phase: Ai(4)-Talrand Control's End step
Phase: Ai(4)-Talrand Control's Cleanup step
Turn: Turn 13 (Ai(1)-Krenko Goblins)
Phase: Ai(1)-Krenko Goblins' Untap step
Phase: Ai(1)-Krenko Goblins' Upkeep step
Phase: Ai(1)-Krenko Goblins' Draw step
Mana: Mountain (53) - {T}: Add {R}.
Mana: Mountain (59) - {T}: Add {R}.
Mana: Mountain (92) - {T}: Add {R}.
Add To Stack: Ai(1)-Krenko Goblins cast Chaos Warp targeting [Drana, Liberator of Malakir (201)]
Replacement Effect: If a commander would be put into its owner's hand or library from anywhere, its owner may put it into the command zone instead.
Resolve Stack: Chaos Warp (28) - Shuffle Drana, Liberator of Malakir (201) into its owner's library. Ai(1)-Krenko Goblins reveals the top card of Ai(2)-Drana Vampires' library.
Phase: Ai(1)-Krenko Goblins' Main phase, precombat
Land: Ai(1)-Krenko Goblins played Mountain (73)
Phase: Ai(1)-Krenko Goblins' Beginning of Combat Step
Phase: Ai(1)-Krenko Goblins' Declare Attackers Step
Phase: Ai(1)-Krenko Goblins' Declare Blockers Step
Phase: Ai(1)-Krenko Goblins' First Strike Damage Step
Phase: Ai(1)-Krenko Goblins' Combat Damage Step
Phase: Ai(1)-Krenko Goblins' End of Combat Step
Phase: Ai(1)-Krenko Goblins' Main phase, postcombat
Phase: Ai(1)-Krenko Goblins' End step
Phase: Ai(1)-Krenko Goblins' Cleanup step
Turn: Turn 14 (Ai(2)-Drana Vampires)
Phase: Ai(2)-Drana Vampires' Untap step
Phase: Ai(2)-Drana Vampires' Upkeep step
Phase: Ai(2)-Drana Vampires' Draw step
Phase: Ai(2)-Drana Vampires' Main phase, precombat
Land: Ai(2)-Drana Vampires played Swamp (183)
Phase: Ai(2)-Drana Vampires' Beginning of Combat Step
Phase: Ai(2)-Drana Vampires' Declare Attackers Step
Phase: Ai(2)-Drana Vampires' Declare Blockers Step
Phase: Ai(2)-Drana Vampires' First Strike Damage Step
Phase: Ai(2)-Drana Vampires' Combat Damage Step
Phase: Ai(2)-Drana Vampires' End of Combat Step
Phase: Ai(2)-Drana Vampires' Main phase, postcombat
Mana: Swamp (167) - {T}: Add {B}.
Mana: Swamp (181) - {T}: Add {B}.
Mana: Swamp (174) - {T}: Add {B}.
Mana: Swamp (154) - {T}: Add {B}.
Mana: Swamp (183) - {T}: Add {B}.
Add To Stack: Ai(2)-Drana Vampires cast Drana, Liberator of Malakir
Resolve Stack: Drana, Liberator of Malakir - Creature 2 / 3
Add To Stack: Ai(3)-Selvala Ramp triggered Selvala, Heart of the Wilds
Resolve Stack: Whenever another creature enters, its controller may draw a card if its power is greater than each other creature's power. [Zone Changer: Drana, Liberator of Malakir (201)]
Phase: Ai(2)-Drana Vampires' End step
Phase: Ai(2)-Drana Vampires' Cleanup step
Turn: Turn 15 (Ai(3)-Selvala Ramp)
Phase: Ai(3)-Selvala Ramp's Untap step
Phase: Ai(3)-Selvala Ramp's Upkeep step
Phase: Ai(3)-Selvala Ramp's Draw step
Phase: Ai(3)-Selvala Ramp's Main phase, precombat
Land: Ai(3)-Selvala Ramp played Forest (242)
Phase: Ai(3)-Selvala Ramp's Beginning of Combat Step
Phase: Ai(3)-Selvala Ramp's Declare Attackers Step
Phase: Ai(3)-Selvala Ramp's Declare Blockers Step
Phase: Ai(3)-Selvala Ramp's First Strike Damage Step
Phase: Ai(3)-Selvala Ramp's Combat Damage Step
Phase: Ai(3)-Selvala Ramp's End of Combat Step
Phase: Ai(3)-Selvala Ramp's Main phase, postcombat
Mana: Forest (258) - {T}: Add {G}.
Mana: Forest (267) - {T}: Add {G}.
Mana: Forest (262) - {T}: Add {G}.
Mana: Forest (242) - {T}: Add {G}.
Add To Stack: Ai(3)-Selvala Ramp cast Karametra's Acolyte
Resolve Stack: Karametra's Acolyte - Creature 1 / 4
Add To Stack: Ai(3)-Selvala Ramp triggered Selvala, Heart of the Wilds
Resolve Stack: Whenever another creature enters, its controller may draw a card if its power is greater than each other creature's power. [Zone Changer: Karametra's Acolyte (285)]
Phase: Ai(3)-Selvala Ramp's End step
Phase: Ai(3)-Selvala Ramp's Cleanup step
Turn: Turn 16 (Ai(4)-Talrand Control)
Phase: Ai(4)-Talrand Control's Untap step
Phase: Ai(4)-Talrand Control's Upkeep step
Phase: Ai(4)-Talrand Control's Draw step
Phase: Ai(4)-Talrand Control's Main phase, precombat
Land: Ai(4)-Talrand Control played Island (374)
Phase: Ai(4)-Talrand Control's Beginning of Combat Step
Phase: Ai(4)-Talrand Control's Declare Attackers Step
Phase: Ai(4)-Talrand Control's Declare Blockers Step
Phase: Ai(4)-Talrand Control's First Strike Damage Step
Phase: Ai(4)-Talrand Control's Combat Damage Step
Phase: Ai(4)-Talrand Control's End of Combat Step
Phase: Ai(4)-Talrand Control's Main phase, postcombat
Mana: Island (376) - {T}: Add {U}.
Mana: Island (354) - {T}: Add {U}.
Mana: Island (342) - {T}: Add {U}.
Mana: Island (374) - {T}: Add {U}.
Add To Stack: Ai(4)-Talrand Control cast Talrand, Sky Summoner
Resolve Stack: Talrand, Sky Summoner - Creature 2 / 2
Add To Stack: Ai(3)-Selvala Ramp triggered Selvala, Heart of the Wilds
Mana: Mountain (73) - {T}: Add {R}.
Add To Stack: Ai(1)-Krenko Goblins cast Lightning Bolt targeting [Talrand, Sky Summoner (403)]
Damage: Lightning Bolt (8) deals 3 damage to Talrand, Sky Summoner (403).
Resolve Stack: Lightning Bolt (8) - Lightning Bolt (8) deals 3 damage to Talrand, Sky Summoner (403).
Zone Change: Talrand, Sky Summoner (403) was put into Graveyard from Battlefield.
Resolve Stack: Whenever another creature enters, its controller may draw a card if its power is greater than each other creature's power. [Zone Changer: Talrand, Sky Summoner (403)]
Phase: Ai(4)-Talrand Control's End step
Phase: Ai(4)-Talrand Control's Cleanup step
Turn: Turn 17 (Ai(1)-Krenko Goblins)
Phase: Ai(1)-Krenko Goblins' Untap step
Phase: Ai(1)-Krenko Goblins' Upkeep step
Phase: Ai(1)-Krenko Goblins' Draw step
Phase: Ai(1)-Krenko Goblins' Main phase, precombat
Land: Ai(1)-Krenko Goblins played Mountain (93)
Mana: Mountain (53) - {T}: Add {R}.
Mana: Mountain (59) - {T}: Add {R}.
Mana: Mountain (92) - {T}: Add {R}.
Add To Stack: Ai(1)-Krenko Goblins cast Goblin Chieftain
Resolve Stack: Goblin Chieftain - Creature 2 / 2
Add To Stack: Ai(3)-Selvala Ramp triggered Selvala, Heart of the Wilds
Resolve Stack: Whenever another creature enters, its controller may draw a card if its power is greater than each other creature's power. [Zone Changer: Goblin Chieftain (45)]
Phase: Ai(1)-Krenko Goblins' Beginning of Combat Step
Phase: Ai(1)-Krenko Goblins' Declare Attackers Step
Phase: Ai(1)-Krenko Goblins' Declare Blockers Step
Phase: Ai(1)-Krenko Goblins' First Strike Damage Step
Phase: Ai(1)-Krenko Goblins' Combat Damage Step
Phase: Ai(1)-Krenko Goblins' End of Combat Step
Phase: Ai(1)-Krenko Goblins' Main phase, postcombat
Phase: Ai(1)-Krenko Goblins' End step
Phase: Ai(1)-Krenko Goblins' Cleanup step
Turn: Turn 18 (Ai(2)-Drana Vampires)
Phase: Ai(2)-Drana Vampires' Untap step
Phase: Ai(2)-Drana Vampires' Upkeep step
Phase: Ai(2)-Drana Vampires' Draw step
Phase: Ai(2)-Drana Vampires' Main phase, precombat
Land: Ai(2)-Drana Vampires played Swamp (177)
Mana: Swamp (167) - {T}: Add {B}.
Mana: Swamp (181) - {T}: Add {B}.
Mana: Swamp (174) - {T}: Add {B}.
Add To Stack: Ai(2)-Drana Vampires cast Read the Bones
Resolve Stack: Ai(2)-Drana Vampires scried 1 card(s) to the top of the library and 1 card(s) to the bottom of the library
Life: Life: Ai(2)-Drana Vampires 40 > 38
Resolve Stack: Read the Bones (108) - Ai(2)-Drana Vampires scries 2. Ai(2)-Drana Vampires draws two cards. Ai(2)-Drana Vampires loses 2 life.
Phase: Ai(2)-Drana Vampires' Beginning of Combat Step
Phase: Ai(2)-Drana Vampires' Declare Attackers Step
Combat: Ai(2)-Drana Vampires assigned Drana, Liberator of Malakir (201) to attack Ai(1)-Krenko Goblins.
Phase: Ai(2)-Drana Vampires' Declare Blockers Step
Combat: Ai(1)-Krenko Goblins didn't block Drana, Liberator of Malakir (201).
Phase: Ai(2)-Drana Vampires' First Strike Damage Step
Damage: Drana, Liberator of Malakir (201) deals 2 combat damage to Ai(1)-Krenko Goblins.
Life: Life: Ai(1)-Krenko Goblins 40 > 38
Add To Stack: Ai(2)-Drana Vampires triggered Drana, Liberator of Malakir
Resolve Stack: Whenever Drana, Liberator of Malakir deals combat damage to a player, put a +1/+1 counter on each attacking creature you control. [Damage Source: Drana, Liberator of Malakir (201), Damaged: Ai(1)-Krenko Goblins, Amount: 2]
Phase: Ai(2)-Drana Vampires' Combat Damage Step
Phase: Ai(2)-Drana Vampires' End of Combat Step
Phase: Ai(2)-Drana Vampires' Main phase, postcombat
Mana: Swamp (154) - {T}: Add {B}.
Mana: Swamp (183) - {T}: Add {B}.
Add To Stack: Ai(2)-Drana Vampires cast Zulaport Cutthroat
Resolve Stack: Zulaport Cutthroat - Creature 1 / 1
Add To Stack: Ai(3)-Selvala Ramp triggered Selvala, Heart of the Wilds
Resolve Stack: Whenever another creature enters, its controller may draw a card if its power is greater than each other creature's power. [Zone Changer: Zulaport Cutthroat (122)]
Mana: Swamp (177) - {T}: Add {B}.
Add To Stack: Ai(2)-Drana Vampires cast Sol Ring
Resolve Stack: Sol Ring
Phase: Ai(2)-Drana Vampires' End step
Phase: Ai(2)-Drana Vampires' Cleanup step
Turn: Turn 19 (Ai(3)-Selvala Ramp)
Phase: Ai(3)-Selvala Ramp's Untap step
Phase: Ai(3)-Selvala Ramp's Upkeep step
Phase: Ai(3)-Selvala Ramp's Draw step
Phase: Ai(3)-Selvala Ramp's Main phase, precombat
Land: Ai(3)-Selvala Ramp played Forest (247)
Phase: Ai(3)-Selvala Ramp's Beginning of Combat Step
Phase: Ai(3)-Selvala Ramp's Declare Attackers Step
Combat: Ai(3)-Selvala Ramp assigned Selvala, Heart of the Wilds (302) and Karametra's Acolyte (285) to attack Ai(2)-Drana Vampires.
Phase: Ai(3)-Selvala Ramp's Declare Blockers Step
Combat: Ai(2)-Drana Vampires didn't block Selvala, Heart of the Wilds (302).
Ai(2)-Drana Vampires didn't block Karametra's Acolyte (285).
Phase: Ai(3)-Selvala Ramp's First Strike Damage Step
Phase: Ai(3)-Selvala Ramp's Combat Damage Step
Damage: Selvala, Heart of the Wilds (302) deals 2 combat damage to Ai(2)-Drana Vampires.
Damage: Karametra's Acolyte (285) deals 1 combat damage to Ai(2)-Drana Vampires.
Life: Life: Ai(2)-Drana Vampires 38 > 35
Phase: Ai(3)-Selvala Ramp's End of Combat Step
Phase: Ai(3)-Selvala Ramp's Main phase, postcombat
Mana: Forest (258) - {T}: Add {G}.
Mana: Forest (267) - {T}: Add {G}.
Mana: Forest (262) - {T}: Add {G}.
Add To Stack: Ai(3)-Selvala Ramp cast Nissa's Pilgrimage
Resolve Stack: Nissa's Pilgrimage (239) - Search your library for up to two basic Forest cards, reveal those cards, and put one onto the battlefield tapped and the rest into your hand. Then shuffle. Spell mastery — If there are two or more instant and/or sorcery cards in your graveyard, search your library for up to three basic Forest cards instead of two.   
Phase: Ai(3)-Selvala Ramp's End step
Phase: Ai(3)-Selvala Ramp's Cleanup step
Turn: Turn 20 (Ai(4)-Talrand Control)
Phase: Ai(4)-Talrand Control's Untap step
Phase: Ai(4)-Talrand Control's Upkeep step
Phase: Ai(4)-Talrand Control's Draw step
Phase: Ai(4)-Talrand Control's Main phase, precombat
Land: Ai(4)-Talrand Control played Island (372)
Phase: Ai(4)-Talrand Control's Beginning of Combat Step
Phase: Ai(4)-Talrand Control's Declare Attackers Step
Phase: Ai(4)-Talrand Control's Declare Blockers Step
Phase: Ai(4)-Talrand Control's First Strike Damage Step
Phase: Ai(4)-Talrand Control's Combat Damage Step
Phase: Ai(4)-Talrand Control's End of Combat Step
Phase: Ai(4)-Talrand Control's Main phase, postcombat
Mana: Island (376) - {T}: Add {U}.
Mana: Island (354) - {T}: Add {U}.
Mana: Island (342) - {T}: Add {U}.
Mana: Island (374) - {T}: Add {U}.
Add To Stack: Ai(4)-Talrand Control cast Talrand's Invocation
Resolve Stack: Talrand's Invocation (330) - Ai(4)-Talrand Control creates two 2/2 blue Drake creature tokens with flying.
Add To Stack: Ai(3)-Selvala Ramp triggered Selvala, Heart of the Wilds
Add To Stack: Ai(3)-Selvala Ramp triggered Selvala, Heart of the Wilds
Resolve Stack: Whenever another creature enters, its controller may draw a card if its power is greater than each other creature's power. [Zone Changer: Drake Token (430)]
Resolve Stack: Whenever another creature enters, its controller may draw a card if its power is greater than each other creature's power. [Zone Changer: Drake Token (429)]
Phase: Ai(4)-Talrand Control's End step
Phase: Ai(4)-Talrand Control's Cleanup step
Turn: Turn 21 (Ai(1)-Krenko Goblins)
Phase: Ai(1)-Krenko Goblins' Untap step
Phase: Ai(1)-Krenko Goblins' Upkeep step
Phase: Ai(1)-Krenko Goblins' Draw step
Phase: Ai(1)-Krenko Goblins' Main phase, precombat
Land: Ai(1)-Krenko Goblins played Mountain (55)
Mana: Mountain (53) - {T}: Add {R}.
Mana: Mountain (59) - {T}: Add {R}.
Mana: Mountain (92) - {T}: Add {R}.
Mana: Mountain (73) - {T}: Add {R}.
Add To Stack: Ai(1)-Krenko Goblins cast Krenko, Mob Boss
Resolve Stack: Krenko, Mob Boss - Creature 3 / 3
Add To Stack: Ai(3)-Selvala Ramp triggered Selvala, Heart of the Wilds
Resolve Stack: Whenever another creature enters, its controller may draw a card if its power is greater than each other creature's power. [Zone Changer: Krenko, Mob Boss (100)]
Phase: Ai(1)-Krenko Goblins' Beginning of Combat Step
Phase: Ai(1)-Krenko Goblins' Declare Attackers Step
Combat: Ai(1)-Krenko Goblins assigned Krenko, Mob Boss (100), Goblin Bushwhacker (17), Goblin Token (409) and Goblin Chieftain (45) to attack Ai(2)-Drana Vampires.
Phase: Ai(1)-Krenko Goblins' Declare Blockers Step
Combat: Ai(2)-Drana Vampires didn't block Krenko, Mob Boss (100).
Ai(2)-Drana Vampires didn't block Goblin Bushwhacker (17).
Ai(2)-Drana Vampires didn't block Goblin Token (409).
Ai(2)-Drana Vampires didn't block Goblin Chieftain (45).
Phase: Ai(1)-Krenko Goblins' First Strike Damage Step
Phase: Ai(1)-Krenko Goblins' Combat Damage Step
Damage: Krenko, Mob Boss (100) deals 4 combat damage to Ai(2)-Drana Vampires.
Damage: Goblin Bushwhacker (17) deals 2 combat damage to Ai(2)-Drana Vampires.
Damage: Goblin Token (409) deals 2 combat damage to Ai(2)-Drana Vampires.
Damage: Goblin Chieftain (45) deals 2 combat damage to Ai(2)-Drana Vampires.
Life: Life: Ai(2)-Drana Vampires 35 > 25
Phase: Ai(1)-Krenko Goblins' End of Combat Step
Phase: Ai(1)-Krenko Goblins' Main phase, postcombat
Phase: Ai(1)-Krenko Goblins' End step
Phase: Ai(1)-Krenko Goblins' Cleanup step
Turn: Turn 22 (Ai(2)-Drana Vampires)
Phase: Ai(2)-Drana Vampires' Untap step
Phase: Ai(2)-Drana Vampires' Upkeep step
Phase: Ai(2)-Drana Vampires' Draw step
Phase: Ai(2)-Drana Vampires' Main phase, precombat
Land: Ai(2)-Drana Vampires played Swamp (160)
Phase: Ai(2)-Drana Vampires' Beginning of Combat Step
Phase: Ai(2)-Drana Vampires' Declare Attackers Step
Combat: Ai(2)-Drana Vampires assigned Drana, Liberator of Malakir (201) and Zulaport Cutthroat (122) to attack Ai(1)-Krenko Goblins.
Phase: Ai(2)-Drana Vampires' Declare Blockers Step
Combat: Ai(1)-Krenko Goblins didn't block Drana, Liberator of Malakir (201).
Ai(1)-Krenko Goblins didn't block Zulaport Cutthroat (122).
Phase: Ai(2)-Drana Vampires' First Strike Damage Step
Damage: Drana, Liberator of Malakir (201) deals 3 combat damage to Ai(1)-Krenko Goblins.
Life: Life: Ai(1)-Krenko Goblins 38 > 35
Add To Stack: Ai(2)-Drana Vampires triggered Drana, Liberator of Malakir
Resolve Stack: Whenever Drana, Liberator of Malakir deals combat damage to a player, put a +1/+1 counter on each attacking creature you control. [Damage Source: Drana, Liberator of Malakir (201), Damaged: Ai(1)-Krenko Goblins, Amount: 3]
Phase: Ai(2)-Drana Vampires' Combat Damage Step
Damage: Zulaport Cutthroat (122) deals 2 combat damage to Ai(1)-Krenko Goblins.
Life: Life: Ai(1)-Krenko Goblins 35 > 33
Phase: Ai(2)-Drana Vampires' End of Combat Step
Phase: Ai(2)-Drana Vampires' Main phase, postcombat
Mana: Swamp (167) - {T}: Add {B}.
Mana: Swamp (181) - {T}: Add {B}.
Mana: Sol Ring (110) - {T}: Add {C}{C}.
Mana: Swamp (174) - {T}: Add {B}.
Add To Stack: Ai(2)-Drana Vampires cast Gray Merchant of Asphodel
Resolve Stack: Gray Merchant of Asphodel - Creature 2 / 4
Add To Stack: Ai(2)-Drana Vampires triggered Gray Merchant of Asphodel
Add To Stack: Ai(3)-Selvala Ramp triggered Selvala, Heart of the Wilds
Resolve Stack: Whenever another creature enters, its controller may draw a card if its power is greater than each other creature's power. [Zone Changer: Gray Merchant of Asphodel (113)]
Life: Life: Ai(3)-Selvala Ramp 40 > 35
Life: Life: Ai(4)-Talrand Control 37 > 32
Life: Life: Ai(1)-Krenko Goblins 33 > 28
Life: Life: Ai(2)-Drana Vampires 25 > 40
Resolve Stack: When Gray Merchant of Asphodel enters, each opponent loses X life, where X is your devotion to black. You gain life equal to the life lost this way. [Zone Changer: Gray Merchant of Asphodel (113)]
Mana: Swamp (154) - {T}: Add {B}.
Mana: Swamp (183) - {T}: Add {B}.
Add To Stack: Ai(2)-Drana Vampires cast Night's Whisper
Life: Life: Ai(2)-Drana Vampires 40 > 38
Resolve Stack: Night's Whisper (103) - Ai(2)-Drana Vampires draws two cards. Ai(2)-Drana Vampires loses 2 life.
Phase: Ai(2)-Drana Vampires' End step
Phase: Ai(2)-Drana Vampires' Cleanup step
Turn: Turn 23 (Ai(3)-Selvala Ramp)
Phase: Ai(3)-Selvala Ramp's Untap step
Phase: Ai(3)-Selvala Ramp's Upkeep step
Phase: Ai(3)-Selvala Ramp's Draw step
Phase: Ai(3)-Selvala Ramp's Main phase, precombat
Land: Ai(3)-Selvala Ramp played Forest (280)
Phase: Ai(3)-Selvala Ramp's Beginning of Combat Step
Phase: Ai(3)-Selvala Ramp's Declare Attackers Step
Phase: Ai(3)-Selvala Ramp's Declare Blockers Step
Phase: Ai(3)-Selvala Ramp's First Strike Damage Step
Phase: Ai(3)-Selvala Ramp's Combat Damage Step
Phase: Ai(3)-Selvala Ramp's End of Combat Step
Phase: Ai(3)-Selvala Ramp's Main phase, postcombat
Mana: Forest (258) - {T}: Add {G}.
Mana: Forest (267) - {T}: Add {G}.
Mana: Forest (262) - {T}: Add {G}.
Mana: Forest (242) - {T}: Add {G}.
Mana: Forest (247) - {T}: Add {G}.
Mana: Forest (252) - {T}: Add {G}.
Add To Stack: Ai(3)-Selvala Ramp cast Soul of the Harvest
Resolve Stack: Soul of the Harvest - Creature 6 / 6
Add To Stack: Ai(3)-Selvala Ramp triggered Selvala, Heart of the Wilds
Resolve Stack: Whenever another creature enters, its controller may draw a card if its power is greater than each other creature's power. [Zone Changer: Soul of the Harvest (215)]
Phase: Ai(3)-Selvala Ramp's End step
Phase: Ai(3)-Selvala Ramp's Cleanup step
Turn: Turn 24 (Ai(4)-Talrand Control)
Phase: Ai(4)-Talrand Control's Untap step
Phase: Ai(4)-Talrand Control's Upkeep step
Mana: Island (376) - {T}: Add {U}.
Mana: Island (354) - {T}: Add {U}.
Add To Stack: Ai(4)-Talrand Control cast Boomerang targeting [Soul of the Harvest (215)]
Resolve Stack: Boomerang (317) - Return Soul of the Harvest (215) to its owner's hand.
Phase: Ai(4)-Talrand Control's Draw step
Phase: Ai(4)-Talrand Control's Main phase, precombat
Land: Ai(4)-Talrand Control played Island (338)
Phase: Ai(4)-Talrand Control's Beginning of Combat Step
Phase: Ai(4)-Talrand Control's Declare Attackers Step
Combat: Ai(4)-Talrand Control assigned Drake Token (429) and Drake Token (430) to attack Ai(2)-Drana Vampires.
Phase: Ai(4)-Talrand Control's Declare Blockers Step
Combat: Ai(2)-Drana Vampires didn't block Drake Token (429).
Ai(2)-Drana Vampires didn't block Drake Token (430).
Phase: Ai(4)-Talrand Control's First Strike Damage Step
Phase: Ai(4)-Talrand Control's Combat Damage Step
Damage: Drake Token (429) deals 2 combat damage to Ai(2)-Drana Vampires.
Damage: Drake Token (430) deals 2 combat damage to Ai(2)-Drana Vampires.
Life: Life: Ai(2)-Drana Vampires 38 > 34
Phase: Ai(4)-Talrand Control's End of Combat Step
Phase: Ai(4)-Talrand Control's Main phase, postcombat
Mana: Island (342) - {T}: Add {U}.
Mana: Island (374) - {T}: Add {U}.
Mana: Island (372) - {T}: Add {U}.
Mana: Island (338) - {T}: Add {U}.
Add To Stack: Ai(4)-Talrand Control cast Concentrate
Resolve Stack: Concentrate (308) - Ai(4)-Talrand Control draws three cards.
Phase: Ai(4)-Talrand Control's End step
Phase: Ai(4)-Talrand Control's Cleanup step
Turn: Turn 25 (Ai(1)-Krenko Goblins)
Phase: Ai(1)-Krenko Goblins' Untap step
Phase: Ai(1)-Krenko Goblins' Upkeep step
Phase: Ai(1)-Krenko Goblins' Draw step
Phase: Ai(1)-Krenko Goblins' Main phase, precombat
Mana: Mountain (53) - {T}: Add {R}.
Mana: Mountain (59) - {T}: Add {R}.
Mana: Mountain (92) - {T}: Add {R}.
Mana: Mountain (73) - {T}: Add {R}.
Add To Stack: Ai(1)-Krenko Goblins cast Beetleback Chief
Resolve Stack: Beetleback Chief - Creature 2 / 2
Add To Stack: Ai(1)-Krenko Goblins triggered Beetleback Chief
Add To Stack: Ai(3)-Selvala Ramp triggered Selvala, Heart of the Wilds
Resolve Stack: Whenever another creature enters, its controller may draw a card if its power is greater than each other creature's power. [Zone Changer: Beetleback Chief (6)]
Resolve Stack: When Beetleback Chief enters, create two 1/1 red Goblin creature tokens. [Zone Changer: Beetleback Chief (6)]
Add To Stack: Ai(3)-Selvala Ramp triggered Selvala, Heart of the Wilds
Add To Stack: Ai(3)-Selvala Ramp triggered Selvala, Heart of the Wilds
Resolve Stack: Whenever another creature enters, its controller may draw a card if its power is greater than each other creature's power. [Zone Changer: Goblin Token (445)]
Resolve Stack: Whenever another creature enters, its controller may draw a card if its power is greater than each other creature's power. [Zone Changer: Goblin Token (444)]
Mana: Mountain (93) - {T}: Add {R}.
Mana: Mountain (55) - {T}: Add {R}.
Add To Stack: Ai(1)-Krenko Goblins cast Mogg War Marshal
Resolve Stack: Mogg War Marshal - Creature 1 / 1
Add To Stack: Ai(1)-Krenko Goblins triggered Mogg War Marshal
Add To Stack: Ai(3)-Selvala Ramp triggered Selvala, Heart of the Wilds
Resolve Stack: Whenever another creature enters, its controller may draw a card if its power is greater than each other creature's power. [Zone Changer: Mogg War Marshal (95)]
Resolve Stack: When Mogg War Marshal enters or dies, create a 1/1 red Goblin creature token. [Zone Changer: Mogg War Marshal (95)]
Add To Stack: Ai(3)-Selvala Ramp triggered Selvala, Heart of the Wilds
Resolve Stack: Whenever another creature enters, its controller may draw a card if its power is greater than each other creature's power. [Zone Changer: Goblin Token (453)]
Phase: Ai(1)-Krenko Goblins' Beginning of Combat Step
Phase: Ai(1)-Krenko Goblins' Declare Attackers Step
Combat: Ai(1)-Krenko Goblins assigned Krenko, Mob Boss (100) to attack Ai(2)-Drana Vampires.
Phase: Ai(1)-Krenko Goblins' Declare Blockers Step
Combat: Ai(2)-Drana Vampires didn't block Krenko, Mob Boss (100).
Phase: Ai(1)-Krenko Goblins' First Strike Damage Step
Phase: Ai(1)-Krenko Goblins' Combat Damage Step
Damage: Krenko, Mob Boss (100) deals 4 combat damage to Ai(2)-Drana Vampires.
Life: Life: Ai(2)-Drana Vampires 34 > 30
Phase: Ai(1)-Krenko Goblins' End of Combat Step
Phase: Ai(1)-Krenko Goblins' Main phase, postcombat
Phase: Ai(1)-Krenko Goblins' End step
Phase: Ai(1)-Krenko Goblins' Cleanup step
Turn: Turn 26 (Ai(2)-Drana Vampires)
Phase: Ai(2)-Drana Vampires' Untap step
Phase: Ai(2)-Drana Vampires' Upkeep step
Phase: Ai(2)-Drana Vampires' Draw step
Phase: Ai(2)-Drana Vampires' Main phase, precombat
Land: Ai(2)-Drana Vampires played Swamp (155)
Mana: Swamp (167) - {T}: Add {B}.
Mana: Swamp (181) - {T}: Add {B}.
Mana: Sol Ring (110) - {T}: Add {C}{C}.
Add To Stack: Ai(2)-Drana Vampires cast Underworld Connections targeting [Swamp (167)]
Resolve Stack: Underworld Connections (148) -  Attach to Swamp (167)
Phase: Ai(2)-Drana Vampires' Beginning of Combat Step
Phase: Ai(2)-Drana Vampires' Declare Attackers Step
Combat: Ai(2)-Drana Vampires assigned Drana, Liberator of Malakir (201) to attack Ai(1)-Krenko Goblins.
Phase: Ai(2)-Drana Vampires' Declare Blockers Step
Combat: Ai(1)-Krenko Goblins didn't block Drana, Liberator of Malakir (201).
Phase: Ai(2)-Drana Vampires' First Strike Damage Step
Damage: Drana, Liberator of Malakir (201) deals 4 combat damage to Ai(1)-Krenko Goblins.
Life: Life: Ai(1)-Krenko Goblins 28 > 24
Add To Stack: Ai(2)-Drana Vampires triggered Drana, Liberator of Malakir
Resolve Stack: Whenever Drana, Liberator of Malakir deals combat damage to a player, put a +1/+1 counter on each attacking creature you control. [Damage Source: Drana, Liberator of Malakir (201), Damaged: Ai(1)-Krenko Goblins, Amount: 4]
Phase: Ai(2)-Drana Vampires' Combat Damage Step
Phase: Ai(2)-Drana Vampires' End of Combat Step
Phase: Ai(2)-Drana Vampires' Main phase, postcombat
Phase: Ai(2)-Drana Vampires' End step
Phase: Ai(2)-Drana Vampires' Cleanup step
Turn: Turn 27 (Ai(3)-Selvala Ramp)
Phase: Ai(3)-Selvala Ramp's Untap step
Phase: Ai(3)-Selvala Ramp's Upkeep step
Phase: Ai(3)-Selvala Ramp's Draw step
Phase: Ai(3)-Selvala Ramp's Main phase, precombat
Land: Ai(3)-Selvala Ramp played Forest (254)
Phase: Ai(3)-Selvala Ramp's Beginning of Combat Step
Phase: Ai(3)-Selvala Ramp's Declare Attackers Step
Phase: Ai(3)-Selvala Ramp's Declare Blockers Step
Phase: Ai(3)-Selvala Ramp's First Strike Damage Step
Phase: Ai(3)-Selvala Ramp's Combat Damage Step
Phase: Ai(3)-Selvala Ramp's End of Combat Step
Phase: Ai(3)-Selvala Ramp's Main phase, postcombat
Mana: Forest (258) - {T}: Add {G}.
Mana: Forest (267) - {T}: Add {G}.
Mana: Forest (262) - {T}: Add {G}.
Mana: Forest (242) - {T}: Add {G}.
Mana: Forest (247) - {T}: Add {G}.
Mana: Forest (252) - {T}: Add {G}.
Add To Stack: Ai(3)-Selvala Ramp cast Soul of the Harvest
Resolve Stack: Soul of the Harvest - Creature 6 / 6
Add To Stack: Ai(3)-Selvala Ramp triggered Selvala, Heart of the Wilds
Resolve Stack: Whenever another creature enters, its controller may draw a card if its power is greater than each other creature's power. [Zone Changer: Soul of the Harvest (215)]
Mana: Forest (280) - {T}: Add {G}.
Mana: Forest (254) - {T}: Add {G}.
Mana: Karametra's Acolyte (285) - {T}: Add an amount of {G} equal to your devotion to green. (Each {G} in the mana costs of permanents you control counts towards your devotion to green.)
Add To Stack: Ai(3)-Selvala Ramp cast Avenger of Zendikar
Resolve Stack: Avenger of Zendikar - Creature 5 / 5
Add To Stack: Ai(3)-Selvala Ramp triggered Selvala, Heart of the Wilds
Add To Stack: Ai(3)-Selvala Ramp triggered Soul of the Harvest
Add To Stack: Ai(3)-Selvala Ramp triggered Avenger of Zendikar
Resolve Stack: When Avenger of Zendikar enters, create a 0/1 green Plant creature token for each land you control. [Zone Changer: Avenger of Zendikar (232)]
Add To Stack: Ai(3)-Selvala Ramp triggered Selvala, Heart of the Wilds
Add To Stack: Ai(3)-Selvala Ramp triggered Selvala, Heart of the Wilds
Add To Stack: Ai(3)-Selvala Ramp triggered Selvala, Heart of the Wilds
Add To Stack: Ai(3)-Selvala Ramp triggered Selvala, Heart of the Wilds
Add To Stack: Ai(3)-Selvala Ramp triggered Selvala, Heart of the Wilds
Add To Stack: Ai(3)-Selvala Ramp triggered Selvala, Heart of the Wilds
Add To Stack: Ai(3)-Selvala Ramp triggered Selvala, Heart of the Wilds
Add To Stack: Ai(3)-Selvala Ramp triggered Selvala, Heart of the Wilds
Resolve Stack: Whenever another creature enters, its controller may draw a card if its power is greater than each other creature's power. [Zone Changer: Plant Token (467)]
Resolve Stack: Whenever another creature enters, its controller may draw a card if its power is greater than each other creature's power. [Zone Changer: Plant Token (466)]
Resolve Stack: Whenever another creature enters, its controller may draw a card if its power is greater than each other creature's power. [Zone Changer: Plant Token (465)]
Resolve Stack: Whenever another creature enters, its controller may draw a card if its power is greater than each other creature's power. [Zone Changer: Plant Token (464)]
Resolve Stack: Whenever another creature enters, its controller may draw a card if its power is greater than each other creature's power. [Zone Changer: Plant Token (463)]
Resolve Stack: Whenever another creature enters, its controller may draw a card if its power is greater than each other creature's power. [Zone Changer: Plant Token (462)]
Resolve Stack: Whenever another creature enters, its controller may draw a card if its power is greater than each other creature's power. [Zone Changer: Plant Token (461)]
Resolve Stack: Whenever another creature enters, its controller may draw a card if its power is greater than each other creature's power. [Zone Changer: Plant Token (460)]
Resolve Stack: Whenever another nontoken creature you control enters, you may draw a card. [Zone Changer: Avenger of Zendikar (232)]
Resolve Stack: Whenever another creature enters, its controller may draw a card if its power is greater than each other creature's power. [Zone Changer: Avenger of Zendikar (232)]
Phase: Ai(3)-Selvala Ramp's End step
Phase: Ai(3)-Selvala Ramp's Cleanup step
Turn: Turn 28 (Ai(4)-Talrand Control)
Phase: Ai(4)-Talrand Control's Untap step
Phase: Ai(4)-Talrand Control's Upkeep step
Phase: Ai(4)-Talrand Control's Draw step
Phase: Ai(4)-Talrand Control's Main phase, precombat
Land: Ai(4)-Talrand Control played Island (339)
Phase: Ai(4)-Talrand Control's Beginning of Combat Step
Phase: Ai(4)-Talrand Control's Declare Attackers Step
Combat: Ai(4)-Talrand Control assigned Drake Token (429) and Drake Token (430) to attack Ai(1)-Krenko Goblins.
Phase: Ai(4)-Talrand Control's Declare Blockers Step
Combat: Ai(1)-Krenko Goblins didn't block Drake Token (429).
Ai(1)-Krenko Goblins didn't block Drake Token (430).
Phase: Ai(4)-Talrand Control's First Strike Damage Step
Phase: Ai(4)-Talrand Control's Combat Damage Step
Damage: Drake Token (429) deals 2 combat damage to Ai(1)-Krenko Goblins.
Damage: Drake Token (430) deals 2 combat damage to Ai(1)-Krenko Goblins.
Life: Life: Ai(1)-Krenko Goblins 24 > 20
Phase: Ai(4)-Talrand Control's End of Combat Step
Phase: Ai(4)-Talrand Control's Main phase, postcombat
Mana: Island (376) - {T}: Add {U}.
Mana: Island (354) - {T}: Add {U}.
Mana: Island (342) - {T}: Add {U}.
Mana: Island (374) - {T}: Add {U}.
Mana: Island (372) - {T}: Add {U}.
Mana: Island (338) - {T}: Add {U}.
Add To Stack: Ai(4)-Talrand Control cast Talrand, Sky Summoner
Resolve Stack: Talrand, Sky Summoner - Creature 2 / 2
Add To Stack: Ai(3)-Selvala Ramp triggered Selvala, Heart of the Wilds
Resolve Stack: Whenever another creature enters, its controller may draw a card if its power is greater than each other creature's power. [Zone Changer: Talrand, Sky Summoner (403)]
Phase: Ai(4)-Talrand Control's End step
Phase: Ai(4)-Talrand Control's Cleanup step
Turn: Turn 29 (Ai(1)-Krenko Goblins)
Phase: Ai(1)-Krenko Goblins' Untap step
Phase: Ai(1)-Krenko Goblins' Upkeep step
Add To Stack: Ai(1)-Krenko Goblins triggered Mogg War Marshal
Mana: Mountain (53) - {T}: Add {R}.
Mana: Mountain (59) - {T}: Add {R}.
Resolve Stack: At the beginning of your upkeep, if this permanent came under your control since the beginning of your last upkeep, sacrifice it unless you pay its echo cost. [Phase: Ai(1)-Krenko Goblins]
Phase: Ai(1)-Krenko Goblins' Draw step
Phase: Ai(1)-Krenko Goblins' Main phase, precombat
Mana: Mountain (92) - {T}: Add {R}.
Mana: Mountain (73) - {T}: Add {R}.
Mana: Mountain (93) - {T}: Add {R}.
Add To Stack: Ai(1)-Krenko Goblins cast Goblin Rabblemaster
Resolve Stack: Goblin Rabblemaster - Creature 2 / 2
Add To Stack: Ai(3)-Selvala Ramp triggered Selvala, Heart of the Wilds
Resolve Stack: Whenever another creature enters, its controller may draw a card if its power is greater than each other creature's power. [Zone Changer: Goblin Rabblemaster (1)]
Phase: Ai(1)-Krenko Goblins' Beginning of Combat Step
Add To Stack: Ai(1)-Krenko Goblins triggered Goblin Rabblemaster
Resolve Stack: At the beginning of combat on your turn, create a 1/1 red Goblin creature token with haste. [Phase: Ai(1)-Krenko Goblins]
Add To Stack: Ai(3)-Selvala Ramp triggered Selvala, Heart of the Wilds
Resolve Stack: Whenever another creature enters, its controller may draw a card if its power is greater than each other creature's power. [Zone Changer: Goblin Token (475)]
Phase: Ai(1)-Krenko Goblins' Declare Attackers Step
Combat: Ai(1)-Krenko Goblins assigned Krenko, Mob Boss (100), Beetleback Chief (6), Goblin Bushwhacker (17), Goblin Token (409), Goblin Token (445), Goblin Token (444), Goblin Chieftain (45), Mogg War Marshal (95), Goblin Token (453), Goblin Token (475) and Goblin Rabblemaster (1) to attack Ai(3)-Selvala Ramp.
Add To Stack: Ai(1)-Krenko Goblins triggered Goblin Rabblemaster
Resolve Stack: Whenever Goblin Rabblemaster attacks, it gets +1/+0 until end of turn for each other attacking Goblin. [Attacker: Goblin Rabblemaster (1)]
Phase: Ai(1)-Krenko Goblins' Declare Blockers Step
Combat: Ai(3)-Selvala Ramp assigned Soul of the Harvest (215) to block Krenko, Mob Boss (100).
Ai(3)-Selvala Ramp didn't block Beetleback Chief (6).
Ai(3)-Selvala Ramp assigned Selvala, Heart of the Wilds (302) to block Goblin Bushwhacker (17).
Ai(3)-Selvala Ramp didn't block Goblin Token (409).
Ai(3)-Selvala Ramp didn't block Goblin Token (445).
Ai(3)-Selvala Ramp didn't block Goblin Token (444).
Ai(3)-Selvala Ramp didn't block Goblin Chieftain (45).
Ai(3)-Selvala Ramp didn't block Mogg War Marshal (95).
Ai(3)-Selvala Ramp didn't block Goblin Token (453).
Ai(3)-Selvala Ramp didn't block Goblin Token (475).
Ai(3)-Selvala Ramp assigned Avenger of Zendikar (232) to block Goblin Rabblemaster (1).
Phase: Ai(1)-Krenko Goblins' First Strike Damage Step
Phase: Ai(1)-Krenko Goblins' Combat Damage Step
Damage: Krenko, Mob Boss (100) deals 4 damage to Soul of the Harvest (215).
Damage: Beetleback Chief (6) deals 3 combat damage to Ai(3)-Selvala Ramp.
Damage: Goblin Bushwhacker (17) deals 2 damage to Selvala, Heart of the Wilds (302).
Damage: Goblin Token (409) deals 2 combat damage to Ai(3)-Selvala Ramp.
Damage: Goblin Token (445) deals 2 combat damage to Ai(3)-Selvala Ramp.
Damage: Goblin Token (444) deals 2 combat damage to Ai(3)-Selvala Ramp.
Damage: Goblin Chieftain (45) deals 2 combat damage to Ai(3)-Selvala Ramp.
Damage: Mogg War Marshal (95) deals 2 combat damage to Ai(3)-Selvala Ramp.
Damage: Goblin Token (453) deals 2 combat damage to Ai(3)-Selvala Ramp.
Damage: Goblin Token (475) deals 2 combat damage to Ai(3)-Selvala Ramp.
Damage: Goblin Rabblemaster (1) deals 13 damage to Avenger of Zendikar (232).
Damage: Avenger of Zendikar (232) deals 5 damage to Goblin Rabblemaster (1).
Damage: Soul of the Harvest (215) deals 6 damage to Krenko, Mob Boss (100).
Damage: Selvala, Heart of the Wilds (302) deals 2 damage to Goblin Bushwhacker (17).
Life: Life: Ai(3)-Selvala Ramp 35 > 18
Zone Change: Goblin Bushwhacker (17) was put into Graveyard from Battlefield.
Zone Change: Krenko, Mob Boss (100) was put into Graveyard from Battlefield.
Zone Change: Goblin Rabblemaster (1) was put into Graveyard from Battlefield.
Zone Change: Avenger of Zendikar (232) was put into Graveyard from Battlefield.
Phase: Ai(1)-Krenko Goblins' End of Combat Step
Phase: Ai(1)-Krenko Goblins' Main phase, postcombat
Phase: Ai(1)-Krenko Goblins' End step
Phase: Ai(1)-Krenko Goblins' Cleanup step
Turn: Turn 30 (Ai(2)-Drana Vampires)
Phase: Ai(2)-Drana Vampires' Untap step
Phase: Ai(2)-Drana Vampires' Upkeep step
Phase: Ai(2)-Drana Vampires' Draw step
Phase: Ai(2)-Drana Vampires' Main phase, precombat
Land: Ai(2)-Drana Vampires played Swamp (197)
Phase: Ai(2)-Drana Vampires' Beginning of Combat Step
Phase: Ai(2)-Drana Vampires' Declare Attackers Step
Combat: Ai(2)-Drana Vampires assigned Drana, Liberator of Malakir (201) to attack Ai(3)-Selvala Ramp.
Phase: Ai(2)-Drana Vampires' Declare Blockers Step
Combat: Ai(3)-Selvala Ramp didn't block Drana, Liberator of Malakir (201).
Phase: Ai(2)-Drana Vampires' First Strike Damage Step
Damage: Drana, Liberator of Malakir (201) deals 5 combat damage to Ai(3)-Selvala Ramp.
Life: Life: Ai(3)-Selvala Ramp 18 > 13
Add To Stack: Ai(2)-Drana Vampires triggered Drana, Liberator of Malakir
Resolve Stack: Whenever Drana, Liberator of Malakir deals combat damage to a player, put a +1/+1 counter on each attacking creature you control. [Damage Source: Drana, Liberator of Malakir (201), Damaged: Ai(3)-Selvala Ramp, Amount: 5]
Phase: Ai(2)-Drana Vampires' Combat Damage Step
Phase: Ai(2)-Drana Vampires' End of Combat Step
Phase: Ai(2)-Drana Vampires' Main phase, postcombat
Life: Life: Ai(2)-Drana Vampires 30 > 29
Add To Stack: Ai(2)-Drana Vampires activated Swamp
Resolve Stack: Swamp (167) - Ai(2)-Drana Vampires draws a card.
Mana: Swamp (181) - {T}: Add {B}.
Mana: Swamp (174) - {T}: Add {B}.
Mana: Swamp (154) - {T}: Add {B}.
Mana: Sol Ring (110) - {T}: Add {C}{C}.
Mana: Swamp (183) - {T}: Add {B}.
Mana: Swamp (177) - {T}: Add {B}.
Add To Stack: Ai(2)-Drana Vampires cast Baneful Omen
Resolve Stack: Baneful Omen
Mana: Swamp (160) - {T}: Add {B}.
Mana: Swamp (155) - {T}: Add {B}.
Add To Stack: Ai(2)-Drana Vampires cast Blood Seeker
Resolve Stack: Blood Seeker - Creature 1 / 1
Add To Stack: Ai(3)-Selvala Ramp triggered Selvala, Heart of the Wilds
Resolve Stack: Whenever another creature enters, its controller may draw a card if its power is greater than each other creature's power. [Zone Changer: Blood Seeker (104)]
Phase: Ai(2)-Drana Vampires' End step
Add To Stack: Ai(2)-Drana Vampires triggered Baneful Omen
Resolve Stack: At the beginning of your end step, you may reveal the top card of your library. If you do, each opponent loses life equal to that card's mana value. [Phase: Ai(2)-Drana Vampires]
Phase: Ai(2)-Drana Vampires' Cleanup step
Turn: Turn 31 (Ai(3)-Selvala Ramp)
Phase: Ai(3)-Selvala Ramp's Untap step
Phase: Ai(3)-Selvala Ramp's Upkeep step
Phase: Ai(3)-Selvala Ramp's Draw step
Phase: Ai(3)-Selvala Ramp's Main phase, precombat
Land: Ai(3)-Selvala Ramp played Forest (244)
Phase: Ai(3)-Selvala Ramp's Beginning of Combat Step
Phase: Ai(3)-Selvala Ramp's Declare Attackers Step
Combat: Ai(3)-Selvala Ramp assigned Soul of the Harvest (215) to attack Ai(2)-Drana Vampires.
Phase: Ai(3)-Selvala Ramp's Declare Blockers Step
Combat: Ai(2)-Drana Vampires didn't block Soul of the Harvest (215).
Phase: Ai(3)-Selvala Ramp's First Strike Damage Step
Phase: Ai(3)-Selvala Ramp's Combat Damage Step
Damage: Soul of the Harvest (215) deals 6 combat damage to Ai(2)-Drana Vampires.
Life: Life: Ai(2)-Drana Vampires 29 > 23
Phase: Ai(3)-Selvala Ramp's End of Combat Step
Phase: Ai(3)-Selvala Ramp's Main phase, postcombat
Mana: Forest (258) - {T}: Add {G}.
Mana: Forest (267) - {T}: Add {G}.
Mana: Forest (262) - {T}: Add {G}.
Mana: Forest (242) - {T}: Add {G}.
Mana: Forest (247) - {T}: Add {G}.
Mana: Forest (252) - {T}: Add {G}.
Mana: Forest (280) - {T}: Add {G}.
Add To Stack: Ai(3)-Selvala Ramp cast Regal Force
Resolve Stack: Regal Force - Creature 5 / 5
Add To Stack: Ai(3)-Selvala Ramp triggered Selvala, Heart of the Wilds
Add To Stack: Ai(3)-Selvala Ramp triggered Regal Force
Add To Stack: Ai(3)-Selvala Ramp triggered Soul of the Harvest
Add To Stack: Ai(2)-Drana Vampires triggered Blood Seeker
Life: Life: Ai(3)-Selvala Ramp 13 > 12
Resolve Stack: Whenever a creature an opponent controls enters, you may have that player lose 1 life. [Zone Changer: Regal Force (218)]
Resolve Stack: Whenever another nontoken creature you control enters, you may draw a card. [Zone Changer: Regal Force (218)]
Resolve Stack: When Regal Force enters, draw a card for each green creature you control. [Zone Changer: Regal Force (218)]
Resolve Stack: Whenever another creature enters, its controller may draw a card if its power is greater than each other creature's power. [Zone Changer: Regal Force (218)]
Mana: Forest (254) - {T}: Add {G}.
Mana: Forest (244) - {T}: Add {G}.
Mana: Karametra's Acolyte (285) - {T}: Add an amount of {G} equal to your devotion to green. (Each {G} in the mana costs of permanents you control counts towards your devotion to green.)
Add To Stack: Ai(3)-Selvala Ramp cast Zendikar Resurgent
Resolve Stack: Zendikar Resurgent
Add To Stack: Ai(3)-Selvala Ramp cast Llanowar Tribe
Add To Stack: Ai(3)-Selvala Ramp triggered Zendikar Resurgent
Resolve Stack: Whenever you cast a creature spell, draw a card. [Card: Llanowar Tribe (227), Activator: Ai(3)-Selvala Ramp, SpellAbility: Llanowar Tribe - Creature 3 / 3]
Resolve Stack: Llanowar Tribe - Creature 3 / 3
Add To Stack: Ai(3)-Selvala Ramp triggered Selvala, Heart of the Wilds
Add To Stack: Ai(3)-Selvala Ramp triggered Soul of the Harvest
Add To Stack: Ai(2)-Drana Vampires triggered Blood Seeker
Life: Life: Ai(3)-Selvala Ramp 12 > 11
Resolve Stack: Whenever a creature an opponent controls enters, you may have that player lose 1 life. [Zone Changer: Llanowar Tribe (227)]
Resolve Stack: Whenever another nontoken creature you control enters, you may draw a card. [Zone Changer: Llanowar Tribe (227)]
Resolve Stack: Whenever another creature enters, its controller may draw a card if its power is greater than each other creature's power. [Zone Changer: Llanowar Tribe (227)]
Phase: Ai(3)-Selvala Ramp's End step
Phase: Ai(3)-Selvala Ramp's Cleanup step
Discard: Ai(3)-Selvala Ramp discards Forest (271).
Discard: Ai(3)-Selvala Ramp discards Forest (277).
Discard: Ai(3)-Selvala Ramp discards Forest (274).
Discard: Ai(3)-Selvala Ramp discards Forest (243).
Discard: Ai(3)-Selvala Ramp discards Forest (249).
Discard: Ai(3)-Selvala Ramp discards Forest (268).
Discard: Ai(3)-Selvala Ramp discards Forest (275).
Discard: Ai(3)-Selvala Ramp discards Forest (241).
Discard: Ai(3)-Selvala Ramp discards Forest (257).
Discard: Ai(3)-Selvala Ramp discards Fyndhorn Elves (220).
Discard: Ai(3)-Selvala Ramp discards Reclamation Sage (225).
Turn: Turn 32 (Ai(4)-Talrand Control)
Phase: Ai(4)-Talrand Control's Untap step
Phase: Ai(4)-Talrand Control's Upkeep step
Phase: Ai(4)-Talrand Control's Draw step
Phase: Ai(4)-Talrand Control's Main phase, precombat
Land: Ai(4)-Talrand Control played Island (368)
Phase: Ai(4)-Talrand Control's Beginning of Combat Step
Phase: Ai(4)-Talrand Control's Declare Attackers Step
Combat: Ai(4)-Talrand Control assigned Drake Token (429) and Drake Token (430) to attack Ai(3)-Selvala Ramp.
Phase: Ai(4)-Talrand Control's Declare Blockers Step
Combat: Ai(3)-Selvala Ramp didn't block Drake Token (429).
Ai(3)-Selvala Ramp didn't block Drake Token (430).
Phase: Ai(4)-Talrand Control's First Strike Damage Step
Phase: Ai(4)-Talrand Control's Combat Damage Step
Damage: Drake Token (429) deals 2 combat damage to Ai(3)-Selvala Ramp.
Damage: Drake Token (430) deals 2 combat damage to Ai(3)-Selvala Ramp.
Life: Life: Ai(3)-Selvala Ramp 11 > 7
Phase: Ai(4)-Talrand Control's End of Combat Step
Phase: Ai(4)-Talrand Control's Main phase, postcombat
Mana: Island (376) - {T}: Add {U}.
Mana: Island (354) - {T}: Add {U}.
Mana: Island (342) - {T}: Add {U}.
Mana: Island (374) - {T}: Add {U}.
Mana: Island (372) - {T}: Add {U}.
Add To Stack: Ai(4)-Talrand Control cast Blue Sun's Zenith targeting [Ai(4)-Talrand Control]
Add To Stack: Ai(4)-Talrand Control triggered Talrand, Sky Summoner
Resolve Stack: Whenever you cast an instant or sorcery spell, create a 2/2 blue Drake creature token with flying. [Card: Blue Sun's Zenith (332), Activator: Ai(4)-Talrand Control, SpellAbility: Target player draws X cards. Shuffle Blue Sun's Zenith into its owner's library. ]
Add To Stack: Ai(2)-Drana Vampires triggered Blood Seeker
Add To Stack: Ai(3)-Selvala Ramp triggered Selvala, Heart of the Wilds
Resolve Stack: Whenever another creature enters, its controller may draw a card if its power is greater than each other creature's power. [Zone Changer: Drake Token (482)]
Life: Life: Ai(4)-Talrand Control 32 > 31
Resolve Stack: Whenever a creature an opponent controls enters, you may have that player lose 1 life. [Zone Changer: Drake Token (482)]
Resolve Stack: Blue Sun's Zenith (332) - Ai(4)-Talrand Control draws two cards. Shuffle  into its owner's library. (X=2)
Mana: Island (338) - {T}: Add {U}.
Mana: Island (339) - {T}: Add {U}.
Add To Stack: Ai(4)-Talrand Control cast Mind Stone
Resolve Stack: Mind Stone
Mana: Island (368) - {T}: Add {U}.
Mana: Mind Stone (311) - {T}: Add {C}.
Add To Stack: Ai(4)-Talrand Control cast Arcane Signet
Resolve Stack: Arcane Signet
Phase: Ai(4)-Talrand Control's End step
Phase: Ai(4)-Talrand Control's Cleanup step
Turn: Turn 33 (Ai(1)-Krenko Goblins)
Phase: Ai(1)-Krenko Goblins' Untap step
Phase: Ai(1)-Krenko Goblins' Upkeep step
Phase: Ai(1)-Krenko Goblins' Draw step
Phase: Ai(1)-Krenko Goblins' Main phase, precombat
Land: Ai(1)-Krenko Goblins played Mountain (86)
Mana: Mountain (53) - {T}: Add {R}.
Mana: Mountain (59) - {T}: Add {R}.
Mana: Mountain (92) - {T}: Add {R}.
Mana: Mountain (73) - {T}: Add {R}.
Mana: Mountain (93) - {T}: Add {R}.
Mana: Mountain (55) - {T}: Add {R}.
Add To Stack: Ai(1)-Krenko Goblins cast Krenko, Mob Boss
Resolve Stack: Krenko, Mob Boss - Creature 3 / 3
Add To Stack: Ai(2)-Drana Vampires triggered Blood Seeker
Add To Stack: Ai(3)-Selvala Ramp triggered Selvala, Heart of the Wilds
Resolve Stack: Whenever another creature enters, its controller may draw a card if its power is greater than each other creature's power. [Zone Changer: Krenko, Mob Boss (100)]
Life: Life: Ai(1)-Krenko Goblins 20 > 19
Resolve Stack: Whenever a creature an opponent controls enters, you may have that player lose 1 life. [Zone Changer: Krenko, Mob Boss (100)]
Phase: Ai(1)-Krenko Goblins' Beginning of Combat Step
Phase: Ai(1)-Krenko Goblins' Declare Attackers Step
Combat: Ai(1)-Krenko Goblins assigned Krenko, Mob Boss (100), Beetleback Chief (6), Goblin Token (409), Goblin Chieftain (45), Goblin Token (444), Goblin Token (445), Mogg War Marshal (95), Goblin Token (453) and Goblin Token (475) to attack Ai(3)-Selvala Ramp.
Phase: Ai(1)-Krenko Goblins' Declare Blockers Step
Combat: Ai(3)-Selvala Ramp assigned Regal Force (218) to block Krenko, Mob Boss (100).
Ai(3)-Selvala Ramp assigned Plant Token (460) to block Beetleback Chief (6).
Ai(3)-Selvala Ramp assigned Selvala, Heart of the Wilds (302) to block Goblin Token (409).
Ai(3)-Selvala Ramp assigned Llanowar Tribe (227) to block Goblin Chieftain (45).
Ai(3)-Selvala Ramp assigned Plant Token (461) to block Goblin Token (444).
Ai(3)-Selvala Ramp assigned Plant Token (462) to block Goblin Token (445).
Ai(3)-Selvala Ramp assigned Plant Token (463) to block Mogg War Marshal (95).
Ai(3)-Selvala Ramp assigned Plant Token (464) to block Goblin Token (453).
Ai(3)-Selvala Ramp didn't block Goblin Token (475).
Phase: Ai(1)-Krenko Goblins' First Strike Damage Step
Phase: Ai(1)-Krenko Goblins' Combat Damage Step
Damage: Krenko, Mob Boss (100) deals 4 damage to Regal Force (218).
Damage: Beetleback Chief (6) deals 3 damage to Plant Token (460).
Damage: Goblin Token (409) deals 2 damage to Selvala, Heart of the Wilds (302).
Damage: Goblin Chieftain (45) deals 2 damage to Llanowar Tribe (227).
Damage: Goblin Token (444) deals 2 damage to Plant Token (461).
Damage: Goblin Token (445) deals 2 damage to Plant Token (462).
Damage: Mogg War Marshal (95) deals 2 damage to Plant Token (463).
Damage: Goblin Token (453) deals 2 damage to Plant Token (464).
Damage: Goblin Token (475) deals 2 combat damage to Ai(3)-Selvala Ramp.
Damage: Regal Force (218) deals 5 damage to Krenko, Mob Boss (100).
Damage: Selvala, Heart of the Wilds (302) deals 2 damage to Goblin Token (409).
Damage: Llanowar Tribe (227) deals 3 damage to Goblin Chieftain (45).
Life: Life: Ai(3)-Selvala Ramp 7 > 5
Zone Change: Goblin Token (409) was put into Graveyard from Battlefield.
Zone Change: Goblin Chieftain (45) was put into Graveyard from Battlefield.
Zone Change: Krenko, Mob Boss (100) was put into Graveyard from Battlefield.
Zone Change: Plant Token (460) was put into Graveyard from Battlefield.
Zone Change: Plant Token (461) was put into Graveyard from Battlefield.
Zone Change: Plant Token (462) was put into Graveyard from Battlefield.
Zone Change: Plant Token (463) was put into Graveyard from Battlefield.
Zone Change: Plant Token (464) was put into Graveyard from Battlefield.
Phase: Ai(1)-Krenko Goblins' End of Combat Step
Phase: Ai(1)-Krenko Goblins' Main phase, postcombat
Phase: Ai(1)-Krenko Goblins' End step
Phase: Ai(1)-Krenko Goblins' Cleanup step
Turn: Turn 34 (Ai(2)-Drana Vampires)
Phase: Ai(2)-Drana Vampires' Untap step
Phase: Ai(2)-Drana Vampires' Upkeep step
Phase: Ai(2)-Drana Vampires' Draw step
Phase: Ai(2)-Drana Vampires' Main phase, precombat
Mana: Swamp (181) - {T}: Add {B}.
Mana: Sol Ring (110) - {T}: Add {C}{C}.
Add To Stack: Ai(2)-Drana Vampires cast Feast of Blood targeting [Soul of the Harvest (215)]
Zone Change: Soul of the Harvest (215) was put into Graveyard from Battlefield.
Life: Life: Ai(2)-Drana Vampires 23 > 27
Resolve Stack: Feast of Blood (127) - Destroy Soul of the Harvest (215). Ai(2)-Drana Vampires gains 4 life.
Phase: Ai(2)-Drana Vampires' Beginning of Combat Step
Phase: Ai(2)-Drana Vampires' Declare Attackers Step
Combat: Ai(2)-Drana Vampires assigned Drana, Liberator of Malakir (201), Zulaport Cutthroat (122), Gray Merchant of Asphodel (113) and Blood Seeker (104) to attack Ai(3)-Selvala Ramp.
Phase: Ai(2)-Drana Vampires' Declare Blockers Step
Combat: Ai(3)-Selvala Ramp didn't block Drana, Liberator of Malakir (201).
Ai(3)-Selvala Ramp assigned Plant Token (465) and Selvala, Heart of the Wilds (302) to block Zulaport Cutthroat (122).
Ai(3)-Selvala Ramp assigned Plant Token (466) and Regal Force (218) to block Gray Merchant of Asphodel (113).
Ai(3)-Selvala Ramp assigned Plant Token (467) and Llanowar Tribe (227) to block Blood Seeker (104).
Phase: Ai(2)-Drana Vampires' First Strike Damage Step
Damage: Drana, Liberator of Malakir (201) deals 6 combat damage to Ai(3)-Selvala Ramp.
Life: Life: Ai(3)-Selvala Ramp 5 > -1
Add To Stack: Ai(2)-Drana Vampires triggered Drana, Liberator of Malakir
Resolve Stack: Whenever Drana, Liberator of Malakir deals combat damage to a player, put a +1/+1 counter on each attacking creature you control. [Damage Source: Drana, Liberator of Malakir (201), Damaged: Ai(3)-Selvala Ramp, Amount: 6]
Phase: Ai(2)-Drana Vampires' Combat Damage Step
Phase: Ai(2)-Drana Vampires' End of Combat Step
Phase: Ai(2)-Drana Vampires' Main phase, postcombat
Land: Ai(2)-Drana Vampires played Swamp (172)
Life: Life: Ai(2)-Drana Vampires 27 > 26
Add To Stack: Ai(2)-Drana Vampires activated Swamp
Resolve Stack: Swamp (167) - Ai(2)-Drana Vampires draws a card.
Phase: Ai(2)-Drana Vampires' End step
Add To Stack: Ai(2)-Drana Vampires triggered Baneful Omen
Resolve Stack: At the beginning of your end step, you may reveal the top card of your library. If you do, each opponent loses life equal to that card's mana value. [Phase: Ai(2)-Drana Vampires]
Phase: Ai(2)-Drana Vampires' Cleanup step
Turn: Turn 35 (Ai(4)-Talrand Control)
Phase: Ai(4)-Talrand Control's Untap step
Phase: Ai(4)-Talrand Control's Upkeep step
Phase: Ai(4)-Talrand Control's Draw step
Phase: Ai(4)-Talrand Control's Main phase, precombat
Land: Ai(4)-Talrand Control played Island (380)
Phase: Ai(4)-Talrand Control's Beginning of Combat Step
Phase: Ai(4)-Talrand Control's Declare Attackers Step
Combat: Ai(4)-Talrand Control assigned Drake Token (429), Drake Token (430), Talrand, Sky Summoner (403) and Drake Token (482) to attack Ai(2)-Drana Vampires.
Phase: Ai(4)-Talrand Control's Declare Blockers Step
Combat: Ai(2)-Drana Vampires didn't block Drake Token (429).
Ai(2)-Drana Vampires didn't block Drake Token (430).
Ai(2)-Drana Vampires didn't block Talrand, Sky Summoner (403).
Ai(2)-Drana Vampires didn't block Drake Token (482).
Phase: Ai(4)-Talrand Control's First Strike Damage Step
Phase: Ai(4)-Talrand Control's Combat Damage Step
Damage: Drake Token (429) deals 2 combat damage to Ai(2)-Drana Vampires.
Damage: Drake Token (430) deals 2 combat damage to Ai(2)-Drana Vampires.
Damage: Talrand, Sky Summoner (403) deals 2 combat damage to Ai(2)-Drana Vampires.
Damage: Drake Token (482) deals 2 combat damage to Ai(2)-Drana Vampires.
Life: Life: Ai(2)-Drana Vampires 26 > 18
Phase: Ai(4)-Talrand Control's End of Combat Step
Phase: Ai(4)-Talrand Control's Main phase, postcombat
Phase: Ai(4)-Talrand Control's End step
Phase: Ai(4)-Talrand Control's Cleanup step
Turn: Turn 36 (Ai(1)-Krenko Goblins)
Phase: Ai(1)-Krenko Goblins' Untap step
Phase: Ai(1)-Krenko Goblins' Upkeep step
Phase: Ai(1)-Krenko Goblins' Draw step
Phase: Ai(1)-Krenko Goblins' Main phase, precombat
Mana: Mountain (53) - {T}: Add {R}.
Mana: Mountain (59) - {T}: Add {R}.
Mana: Mountain (92) - {T}: Add {R}.
Add To Stack: Ai(1)-Krenko Goblins cast Goblin King
Mana: Island (376) - {T}: Add {U}.
Mana: Island (354) - {T}: Add {U}.
Mana: Island (342) - {T}: Add {U}.
Mana: Island (374) - {T}: Add {U}.
Add To Stack: Ai(4)-Talrand Control cast Rewind targeting [Goblin King - Creature 2 / 2]
Add To Stack: Ai(4)-Talrand Control triggered Talrand, Sky Summoner
Resolve Stack: Whenever you cast an instant or sorcery spell, create a 2/2 blue Drake creature token with flying. [Card: Rewind (398), Activator: Ai(4)-Talrand Control, SpellAbility: Counter target spell. Untap up to four lands. ]
Add To Stack: Ai(2)-Drana Vampires triggered Blood Seeker
Life: Life: Ai(4)-Talrand Control 31 > 30
Resolve Stack: Whenever a creature an opponent controls enters, you may have that player lose 1 life. [Zone Changer: Drake Token (489)]
Zone Change: Send countered spell to Graveyard
Resolve Stack: Rewind (398) - Counter Goblin King (33). Untap up to 4 Lands.
Phase: Ai(1)-Krenko Goblins' Beginning of Combat Step
Phase: Ai(1)-Krenko Goblins' Declare Attackers Step
Combat: Ai(1)-Krenko Goblins assigned Beetleback Chief (6), Goblin Token (444), Goblin Token (445), Mogg War Marshal (95), Goblin Token (453) and Goblin Token (475) to attack Ai(2)-Drana Vampires.
Phase: Ai(1)-Krenko Goblins' Declare Blockers Step
Combat: Ai(2)-Drana Vampires didn't block Beetleback Chief (6).
Ai(2)-Drana Vampires didn't block Goblin Token (444).
Ai(2)-Drana Vampires didn't block Goblin Token (445).
Ai(2)-Drana Vampires didn't block Mogg War Marshal (95).
Ai(2)-Drana Vampires didn't block Goblin Token (453).
Ai(2)-Drana Vampires didn't block Goblin Token (475).
Phase: Ai(1)-Krenko Goblins' First Strike Damage Step
Phase: Ai(1)-Krenko Goblins' Combat Damage Step
Damage: Beetleback Chief (6) deals 2 combat damage to Ai(2)-Drana Vampires.
Damage: Goblin Token (444) deals 1 combat damage to Ai(2)-Drana Vampires.
Damage: Goblin Token (445) deals 1 combat damage to Ai(2)-Drana Vampires.
Damage: Mogg War Marshal (95) deals 1 combat damage to Ai(2)-Drana Vampires.
Damage: Goblin Token (453) deals 1 combat damage to Ai(2)-Drana Vampires.
Damage: Goblin Token (475) deals 1 combat damage to Ai(2)-Drana Vampires.
Life: Life: Ai(2)-Drana Vampires 18 > 11
Phase: Ai(1)-Krenko Goblins' End of Combat Step
Phase: Ai(1)-Krenko Goblins' Main phase, postcombat
Mana: Mountain (73) - {T}: Add {R}.
Mana: Mountain (93) - {T}: Add {R}.
Mana: Mountain (55) - {T}: Add {R}.
Add To Stack: Ai(1)-Krenko Goblins cast Legion Warboss
Mana: Island (376) - {T}: Add {U}.
Mana: Island (354) - {T}: Add {U}.
Add To Stack: Ai(4)-Talrand Control cast Counterspell targeting [Legion Warboss - Creature 2 / 2]
Add To Stack: Ai(4)-Talrand Control triggered Talrand, Sky Summoner
Resolve Stack: Whenever you cast an instant or sorcery spell, create a 2/2 blue Drake creature token with flying. [Card: Counterspell (320), Activator: Ai(4)-Talrand Control, SpellAbility: Counter target spell.]
Add To Stack: Ai(2)-Drana Vampires triggered Blood Seeker
Life: Life: Ai(4)-Talrand Control 30 > 29
Resolve Stack: Whenever a creature an opponent controls enters, you may have that player lose 1 life. [Zone Changer: Drake Token (492)]
Zone Change: Send countered spell to Graveyard
Resolve Stack: Counterspell (320) - Counter Legion Warboss (15).
Phase: Ai(1)-Krenko Goblins' End step
Phase: Ai(1)-Krenko Goblins' Cleanup step
Turn: Turn 37 (Ai(2)-Drana Vampires)
Phase: Ai(2)-Drana Vampires' Untap step
Phase: Ai(2)-Drana Vampires' Upkeep step
Phase: Ai(2)-Drana Vampires' Draw step
Phase: Ai(2)-Drana Vampires' Main phase, precombat
Phase: Ai(2)-Drana Vampires' Beginning of Combat Step
Phase: Ai(2)-Drana Vampires' Declare Attackers Step
Phase: Ai(2)-Drana Vampires' Declare Blockers Step
Phase: Ai(2)-Drana Vampires' First Strike Damage Step
Phase: Ai(2)-Drana Vampires' Combat Damage Step
Phase: Ai(2)-Drana Vampires' End of Combat Step
Phase: Ai(2)-Drana Vampires' Main phase, postcombat
Land: Ai(2)-Drana Vampires played Swamp (179)
Life: Life: Ai(2)-Drana Vampires 11 > 10
Add To Stack: Ai(2)-Drana Vampires activated Swamp
Resolve Stack: Swamp (167) - Ai(2)-Drana Vampires draws a card.
Phase: Ai(2)-Drana Vampires' End step
Add To Stack: Ai(2)-Drana Vampires triggered Baneful Omen
Life: Life: Ai(4)-Talrand Control 29 > 27
Life: Life: Ai(1)-Krenko Goblins 19 > 17
Resolve Stack: At the beginning of your end step, you may reveal the top card of your library. If you do, each opponent loses life equal to that card's mana value. [Phase: Ai(2)-Drana Vampires]
Phase: Ai(2)-Drana Vampires' Cleanup step
Turn: Turn 38 (Ai(4)-Talrand Control)
Phase: Ai(4)-Talrand Control's Untap step
Phase: Ai(4)-Talrand Control's Upkeep step
Phase: Ai(4)-Talrand Control's Draw step
Phase: Ai(4)-Talrand Control's Main phase, precombat
Land: Ai(4)-Talrand Control played Island (361)
Phase: Ai(4)-Talrand Control's Beginning of Combat Step
Phase: Ai(4)-Talrand Control's Declare Attackers Step
Phase: Ai(4)-Talrand Control's Declare Blockers Step
Phase: Ai(4)-Talrand Control's First Strike Damage Step
Phase: Ai(4)-Talrand Control's Combat Damage Step
Phase: Ai(4)-Talrand Control's End of Combat Step
Phase: Ai(4)-Talrand Control's Main phase, postcombat
Phase: Ai(4)-Talrand Control's End step
Phase: Ai(4)-Talrand Control's Cleanup step
Turn: Turn 39 (Ai(1)-Krenko Goblins)
Phase: Ai(1)-Krenko Goblins' Untap step
Phase: Ai(1)-Krenko Goblins' Upkeep step
Phase: Ai(1)-Krenko Goblins' Draw step
Phase: Ai(1)-Krenko Goblins' Main phase, precombat
Phase: Ai(1)-Krenko Goblins' Beginning of Combat Step
Phase: Ai(1)-Krenko Goblins' Declare Attackers Step
Phase: Ai(1)-Krenko Goblins' Declare Blockers Step
Phase: Ai(1)-Krenko Goblins' First Strike Damage Step
Phase: Ai(1)-Krenko Goblins' Combat Damage Step
Phase: Ai(1)-Krenko Goblins' End of Combat Step
Phase: Ai(1)-Krenko Goblins' Main phase, postcombat
Land: Ai(1)-Krenko Goblins played Mountain (54)
Mana: Mountain (53) - {T}: Add {R}.
Mana: Mountain (59) - {T}: Add {R}.
Mana: Mountain (92) - {T}: Add {R}.
Mana: Mountain (73) - {T}: Add {R}.
Mana: Mountain (93) - {T}: Add {R}.
Mana: Mountain (55) - {T}: Add {R}.
Mana: Mountain (86) - {T}: Add {R}.
Mana: Mountain (54) - {T}: Add {R}.
Add To Stack: Ai(1)-Krenko Goblins cast Krenko, Mob Boss
Resolve Stack: Krenko, Mob Boss - Creature 3 / 3
Add To Stack: Ai(2)-Drana Vampires triggered Blood Seeker
Life: Life: Ai(1)-Krenko Goblins 17 > 16
Resolve Stack: Whenever a creature an opponent controls enters, you may have that player lose 1 life. [Zone Changer: Krenko, Mob Boss (100)]
Phase: Ai(1)-Krenko Goblins' End step
Phase: Ai(1)-Krenko Goblins' Cleanup step
Turn: Turn 40 (Ai(2)-Drana Vampires)
Phase: Ai(2)-Drana Vampires' Untap step
Phase: Ai(2)-Drana Vampires' Upkeep step
Phase: Ai(2)-Drana Vampires' Draw step
Phase: Ai(2)-Drana Vampires' Main phase, precombat
Phase: Ai(2)-Drana Vampires' Beginning of Combat Step
Phase: Ai(2)-Drana Vampires' Declare Attackers Step
Phase: Ai(2)-Drana Vampires' Declare Blockers Step
Phase: Ai(2)-Drana Vampires' First Strike Damage Step
Phase: Ai(2)-Drana Vampires' Combat Damage Step
Phase: Ai(2)-Drana Vampires' End of Combat Step
Phase: Ai(2)-Drana Vampires' Main phase, postcombat
Land: Ai(2)-Drana Vampires played Swamp (169)
Life: Life: Ai(2)-Drana Vampires 10 > 9
Add To Stack: Ai(2)-Drana Vampires activated Swamp
Resolve Stack: Swamp (167) - Ai(2)-Drana Vampires draws a card.
Mana: Swamp (181) - {T}: Add {B}.
Mana: Sol Ring (110) - {T}: Add {C}{C}.
Add To Stack: Ai(2)-Drana Vampires cast Blood Artist
Resolve Stack: Blood Artist - Creature 0 / 1
Phase: Ai(2)-Drana Vampires' End step
Add To Stack: Ai(2)-Drana Vampires triggered Baneful Omen
Resolve Stack: At the beginning of your end step, you may reveal the top card of your library. If you do, each opponent loses life equal to that card's mana value. [Phase: Ai(2)-Drana Vampires]
Phase: Ai(2)-Drana Vampires' Cleanup step
Turn: Turn 41 (Ai(4)-Talrand Control)
Phase: Ai(4)-Talrand Control's Untap step
Phase: Ai(4)-Talrand Control's Upkeep step
Phase: Ai(4)-Talrand Control's Draw step
Phase: Ai(4)-Talrand Control's Main phase, precombat
Land: Ai(4)-Talrand Control played Island (370)
Phase: Ai(4)-Talrand Control's Beginning of Combat Step
Phase: Ai(4)-Talrand Control's Declare Attackers Step
Phase: Ai(4)-Talrand Control's Declare Blockers Step
Phase: Ai(4)-Talrand Control's First Strike Damage Step
Phase: Ai(4)-Talrand Control's Combat Damage Step
Phase: Ai(4)-Talrand Control's End of Combat Step
Phase: Ai(4)-Talrand Control's Main phase, postcombat
Phase: Ai(4)-Talrand Control's End step
Phase: Ai(4)-Talrand Control's Cleanup step
Turn: Turn 42 (Ai(1)-Krenko Goblins)
Phase: Ai(1)-Krenko Goblins' Untap step
Phase: Ai(1)-Krenko Goblins' Upkeep step
Phase: Ai(1)-Krenko Goblins' Draw step
Phase: Ai(1)-Krenko Goblins' Main phase, precombat
Mana: Mountain (53) - {T}: Add {R}.
Mana: Mountain (59) - {T}: Add {R}.
Mana: Mountain (92) - {T}: Add {R}.
Add To Stack: Ai(1)-Krenko Goblins cast Goblin War Drums
Resolve Stack: Goblin War Drums
Phase: Ai(1)-Krenko Goblins' Beginning of Combat Step
Phase: Ai(1)-Krenko Goblins' Declare Attackers Step
Phase: Ai(1)-Krenko Goblins' Declare Blockers Step
Phase: Ai(1)-Krenko Goblins' First Strike Damage Step
Phase: Ai(1)-Krenko Goblins' Combat Damage Step
Phase: Ai(1)-Krenko Goblins' End of Combat Step
Phase: Ai(1)-Krenko Goblins' Main phase, postcombat
Mana: Mountain (73) - {T}: Add {R}.
Mana: Mountain (93) - {T}: Add {R}.
Add To Stack: Ai(1)-Krenko Goblins cast Ruby Medallion
Resolve Stack: Ruby Medallion
Phase: Ai(1)-Krenko Goblins' End step
Phase: Ai(1)-Krenko Goblins' Cleanup step
Turn: Turn 43 (Ai(2)-Drana Vampires)
Phase: Ai(2)-Drana Vampires' Untap step
Phase: Ai(2)-Drana Vampires' Upkeep step
Phase: Ai(2)-Drana Vampires' Draw step
Phase: Ai(2)-Drana Vampires' Main phase, precombat
Phase: Ai(2)-Drana Vampires' Beginning of Combat Step
Phase: Ai(2)-Drana Vampires' Declare Attackers Step
Phase: Ai(2)-Drana Vampires' Declare Blockers Step
Phase: Ai(2)-Drana Vampires' First Strike Damage Step
Phase: Ai(2)-Drana Vampires' Combat Damage Step
Phase: Ai(2)-Drana Vampires' End of Combat Step
Add To Stack: Ai(1)-Krenko Goblins activated Krenko, Mob Boss
Resolve Stack: Krenko, Mob Boss (100) - Ai(1)-Krenko Goblins creates fourteen 1/1 red Goblin creature tokens.
Add To Stack: Ai(2)-Drana Vampires triggered Blood Seeker
Add To Stack: Ai(2)-Drana Vampires triggered Blood Seeker
Add To Stack: Ai(2)-Drana Vampires triggered Blood Seeker
Add To Stack: Ai(2)-Drana Vampires triggered Blood Seeker
Add To Stack: Ai(2)-Drana Vampires triggered Blood Seeker
Add To Stack: Ai(2)-Drana Vampires triggered Blood Seeker
Add To Stack: Ai(2)-Drana Vampires triggered Blood Seeker
Life: Life: Ai(1)-Krenko Goblins 16 > 15
Resolve Stack: Whenever a creature an opponent controls enters, you may have that player lose 1 life. [Zone Changer: Goblin Token (518)]
Life: Life: Ai(1)-Krenko Goblins 15 > 14
Resolve Stack: Whenever a creature an opponent controls enters, you may have that player lose 1 life. [Zone Changer: Goblin Token (517)]
Life: Life: Ai(1)-Krenko Goblins 14 > 13
Resolve Stack: Whenever a creature an opponent controls enters, you may have that player lose 1 life. [Zone Changer: Goblin Token (516)]
Life: Life: Ai(1)-Krenko Goblins 13 > 12
Resolve Stack: Whenever a creature an opponent controls enters, you may have that player lose 1 life. [Zone Changer: Goblin Token (515)]
Life: Life: Ai(1)-Krenko Goblins 12 > 11
Resolve Stack: Whenever a creature an opponent controls enters, you may have that player lose 1 life. [Zone Changer: Goblin Token (514)]
Life: Life: Ai(1)-Krenko Goblins 11 > 10
Resolve Stack: Whenever a creature an opponent controls enters, you may have that player lose 1 life. [Zone Changer: Goblin Token (513)]
Life: Life: Ai(1)-Krenko Goblins 10 > 9
Resolve Stack: Whenever a creature an opponent controls enters, you may have that player lose 1 life. [Zone Changer: Goblin Token (512)]
Phase: Ai(2)-Drana Vampires' Main phase, postcombat
Land: Ai(2)-Drana Vampires played Swamp (159)
Life: Life: Ai(2)-Drana Vampires 9 > 8
Add To Stack: Ai(2)-Drana Vampires activated Swamp
Resolve Stack: Swamp (167) - Ai(2)-Drana Vampires draws a card.
Phase: Ai(2)-Drana Vampires' End step
Add To Stack: Ai(2)-Drana Vampires triggered Baneful Omen
Resolve Stack: At the beginning of your end step, you may reveal the top card of your library. If you do, each opponent loses life equal to that card's mana value. [Phase: Ai(2)-Drana Vampires]
Phase: Ai(2)-Drana Vampires' Cleanup step
Turn: Turn 44 (Ai(4)-Talrand Control)
Phase: Ai(4)-Talrand Control's Untap step
Phase: Ai(4)-Talrand Control's Upkeep step
Phase: Ai(4)-Talrand Control's Draw step
Phase: Ai(4)-Talrand Control's Main phase, precombat
Land: Ai(4)-Talrand Control played Island (355)
Phase: Ai(4)-Talrand Control's Beginning of Combat Step
Phase: Ai(4)-Talrand Control's Declare Attackers Step
Combat: Ai(4)-Talrand Control assigned Drake Token (429), Drake Token (430), Talrand, Sky Summoner (403), Drake Token (482), Drake Token (489) and Drake Token (492) to attack Ai(1)-Krenko Goblins.
Phase: Ai(4)-Talrand Control's Declare Blockers Step
Combat: Ai(1)-Krenko Goblins didn't block Drake Token (429).
Ai(1)-Krenko Goblins didn't block Drake Token (430).
Ai(1)-Krenko Goblins assigned Goblin Token (444) and Goblin Token (445) to block Talrand, Sky Summoner (403).
Ai(1)-Krenko Goblins didn't block Drake Token (482).
Ai(1)-Krenko Goblins didn't block Drake Token (489).
Ai(1)-Krenko Goblins didn't block Drake Token (492).
Phase: Ai(4)-Talrand Control's First Strike Damage Step
Phase: Ai(4)-Talrand Control's Combat Damage Step
Damage: Drake Token (429) deals 2 combat damage to Ai(1)-Krenko Goblins.
Damage: Drake Token (430) deals 2 combat damage to Ai(1)-Krenko Goblins.
Damage: Talrand, Sky Summoner (403) deals 1 damage to Goblin Token (444).
Damage: Talrand, Sky Summoner (403) deals 1 damage to Goblin Token (445).
Damage: Drake Token (482) deals 2 combat damage to Ai(1)-Krenko Goblins.
Damage: Drake Token (489) deals 2 combat damage to Ai(1)-Krenko Goblins.
Damage: Drake Token (492) deals 2 combat damage to Ai(1)-Krenko Goblins.
Damage: Goblin Token (444) deals 1 damage to Talrand, Sky Summoner (403).
Damage: Goblin Token (445) deals 1 damage to Talrand, Sky Summoner (403).
Life: Life: Ai(1)-Krenko Goblins 9 > -1
Zone Change: Talrand, Sky Summoner (403) was put into Graveyard from Battlefield.
Add To Stack: Ai(2)-Drana Vampires triggered Blood Artist targeting [Ai(4)-Talrand Control]
Life: Life: Ai(4)-Talrand Control 27 > 26
Life: Life: Ai(2)-Drana Vampires 8 > 9
Resolve Stack: Whenever Blood Artist or another creature dies, target player loses 1 life and you gain 1 life. (Targeting: [[Ai(4)-Talrand Control]]) [Zone Changer: Talrand, Sky Summoner (403)]
Phase: Ai(4)-Talrand Control's End of Combat Step
Phase: Ai(4)-Talrand Control's Main phase, postcombat
Mana: Island (376) - {T}: Add {U}.
Mana: Island (354) - {T}: Add {U}.
Mana: Island (342) - {T}: Add {U}.
Mana: Island (374) - {T}: Add {U}.
Mana: Island (372) - {T}: Add {U}.
Mana: Island (338) - {T}: Add {U}.
Mana: Island (339) - {T}: Add {U}.
Mana: Island (368) - {T}: Add {U}.
Add To Stack: Ai(4)-Talrand Control cast Talrand, Sky Summoner
Resolve Stack: Talrand, Sky Summoner - Creature 2 / 2
Add To Stack: Ai(2)-Drana Vampires triggered Blood Seeker
Life: Life: Ai(4)-Talrand Control 26 > 25
Resolve Stack: Whenever a creature an opponent controls enters, you may have that player lose 1 life. [Zone Changer: Talrand, Sky Summoner (403)]
Mana: Arcane Signet (400) - {T}: Add one mana of any color in your commander's color identity.
Mana: Island (380) - {T}: Add {U}.
Mana: Island (361) - {T}: Add {U}.
Mana: Island (370) - {T}: Add {U}.
Add To Stack: Ai(4)-Talrand Control cast Clone
Replacement Effect: You may have Drana, Liberator of Malakir enter as a copy of any creature on the battlefield.
Resolve Stack: Clone - Creature 0 / 0
Add To Stack: Ai(2)-Drana Vampires triggered Blood Seeker
Life: Life: Ai(4)-Talrand Control 25 > 24
Resolve Stack: Whenever a creature an opponent controls enters, you may have that player lose 1 life. [Zone Changer: Drana, Liberator of Malakir (336)]
Phase: Ai(4)-Talrand Control's End step
Phase: Ai(4)-Talrand Control's Cleanup step
Turn: Turn 45 (Ai(2)-Drana Vampires)
Phase: Ai(2)-Drana Vampires' Untap step
Phase: Ai(2)-Drana Vampires' Upkeep step
Phase: Ai(2)-Drana Vampires' Draw step
Phase: Ai(2)-Drana Vampires' Main phase, precombat
Phase: Ai(2)-Drana Vampires' Beginning of Combat Step
Phase: Ai(2)-Drana Vampires' Declare Attackers Step
Phase: Ai(2)-Drana Vampires' Declare Blockers Step
Phase: Ai(2)-Drana Vampires' First Strike Damage Step
Phase: Ai(2)-Drana Vampires' Combat Damage Step
Phase: Ai(2)-Drana Vampires' End of Combat Step
Phase: Ai(2)-Drana Vampires' Main phase, postcombat
Land: Ai(2)-Drana Vampires played Swamp (190)
Life: Life: Ai(2)-Drana Vampires 9 > 8
Add To Stack: Ai(2)-Drana Vampires activated Swamp
Resolve Stack: Swamp (167) - Ai(2)-Drana Vampires draws a card.
Mana: Swamp (181) - {T}: Add {B}.
Mana: Sol Ring (110) - {T}: Add {C}{C}.
Mana: Swamp (174) - {T}: Add {B}.
Mana: Swamp (154) - {T}: Add {B}.
Mana: Swamp (183) - {T}: Add {B}.
Add To Stack: Ai(2)-Drana Vampires cast Corrupt targeting [Ai(4)-Talrand Control]
Damage: Corrupt (128) deals 14 non-combat damage to Ai(4)-Talrand Control.
Life: Life: Ai(4)-Talrand Control 24 > 10
Life: Life: Ai(2)-Drana Vampires 8 > 22
Resolve Stack: Corrupt (128) - Corrupt (128) deals 14 damage to Ai(4)-Talrand Control. You gain life equal to the damage dealt this way.
Phase: Ai(2)-Drana Vampires' End step
Add To Stack: Ai(2)-Drana Vampires triggered Baneful Omen
Life: Life: Ai(4)-Talrand Control 10 > 6
Resolve Stack: At the beginning of your end step, you may reveal the top card of your library. If you do, each opponent loses life equal to that card's mana value. [Phase: Ai(2)-Drana Vampires]
Phase: Ai(2)-Drana Vampires' Cleanup step
Turn: Turn 46 (Ai(4)-Talrand Control)
Phase: Ai(4)-Talrand Control's Untap step
Phase: Ai(4)-Talrand Control's Upkeep step
Phase: Ai(4)-Talrand Control's Draw step
Phase: Ai(4)-Talrand Control's Main phase, precombat
Land: Ai(4)-Talrand Control played Island (348)
Phase: Ai(4)-Talrand Control's Beginning of Combat Step
Phase: Ai(4)-Talrand Control's Declare Attackers Step
Phase: Ai(4)-Talrand Control's Declare Blockers Step
Phase: Ai(4)-Talrand Control's First Strike Damage Step
Phase: Ai(4)-Talrand Control's Combat Damage Step
Phase: Ai(4)-Talrand Control's End of Combat Step
Phase: Ai(4)-Talrand Control's Main phase, postcombat
Phase: Ai(4)-Talrand Control's End step
Phase: Ai(4)-Talrand Control's Cleanup step
Turn: Turn 47 (Ai(2)-Drana Vampires)
Phase: Ai(2)-Drana Vampires' Untap step
Phase: Ai(2)-Drana Vampires' Upkeep step
Phase: Ai(2)-Drana Vampires' Draw step
Mana: Swamp (181) - {T}: Add {B}.
Mana: Sol Ring (110) - {T}: Add {C}{C}.
Mana: Swamp (174) - {T}: Add {B}.
Add To Stack: Ai(2)-Drana Vampires cast Tendrils of Corruption targeting [Drana, Liberator of Malakir (336)]
Damage: Tendrils of Corruption (145) deals 14 damage to Drana, Liberator of Malakir (336).
Life: Life: Ai(2)-Drana Vampires 22 > 36
Resolve Stack: Tendrils of Corruption (145) - Tendrils of Corruption (145) deals 14 damage to Drana, Liberator of Malakir (336). Ai(2)-Drana Vampires gains 14 life.
Zone Change: Drana, Liberator of Malakir (336) was put into Graveyard from Battlefield.
Add To Stack: Ai(2)-Drana Vampires triggered Blood Artist targeting [Ai(4)-Talrand Control]
Life: Life: Ai(4)-Talrand Control 6 > 5
Life: Life: Ai(2)-Drana Vampires 36 > 37
Resolve Stack: Whenever Blood Artist or another creature dies, target player loses 1 life and you gain 1 life. (Targeting: [[Ai(4)-Talrand Control]]) [Zone Changer: Drana, Liberator of Malakir (336)]
Phase: Ai(2)-Drana Vampires' Main phase, precombat
Phase: Ai(2)-Drana Vampires' Beginning of Combat Step
Phase: Ai(2)-Drana Vampires' Declare Attackers Step
Combat: Ai(2)-Drana Vampires assigned Drana, Liberator of Malakir (201), Zulaport Cutthroat (122), Gray Merchant of Asphodel (113) and Blood Seeker (104) to attack Ai(4)-Talrand Control.
Phase: Ai(2)-Drana Vampires' Declare Blockers Step
Combat: Ai(4)-Talrand Control assigned Drake Token (430) to block Drana, Liberator of Malakir (201).
Ai(4)-Talrand Control assigned Drake Token (489) and Drake Token (492) to block Zulaport Cutthroat (122).
Ai(4)-Talrand Control assigned Drake Token (482) to block Gray Merchant of Asphodel (113).
Ai(4)-Talrand Control assigned Drake Token (429) to block Blood Seeker (104).
Phase: Ai(2)-Drana Vampires' First Strike Damage Step
Damage: Drana, Liberator of Malakir (201) deals 7 damage to Drake Token (430).
Zone Change: Drake Token (430) was put into Graveyard from Battlefield.
Add To Stack: Ai(2)-Drana Vampires triggered Blood Artist targeting [Ai(4)-Talrand Control]
Life: Life: Ai(4)-Talrand Control 5 > 4
Life: Life: Ai(2)-Drana Vampires 37 > 38
Resolve Stack: Whenever Blood Artist or another creature dies, target player loses 1 life and you gain 1 life. (Targeting: [[Ai(4)-Talrand Control]]) [Zone Changer: Drake Token (430)]
Phase: Ai(2)-Drana Vampires' Combat Damage Step
Damage: Zulaport Cutthroat (122) deals 2 damage to Drake Token (489).
Damage: Zulaport Cutthroat (122) deals 1 damage to Drake Token (492).
Damage: Gray Merchant of Asphodel (113) deals 3 damage to Drake Token (482).
Damage: Blood Seeker (104) deals 2 damage to Drake Token (429).
Damage: Drake Token (429) deals 2 damage to Blood Seeker (104).
Damage: Drake Token (489) deals 2 damage to Zulaport Cutthroat (122).
Damage: Drake Token (492) deals 2 damage to Zulaport Cutthroat (122).
Damage: Drake Token (482) deals 2 damage to Gray Merchant of Asphodel (113).
Zone Change: Zulaport Cutthroat (122) was put into Graveyard from Battlefield.
Zone Change: Blood Seeker (104) was put into Graveyard from Battlefield.
Zone Change: Drake Token (429) was put into Graveyard from Battlefield.
Zone Change: Drake Token (482) was put into Graveyard from Battlefield.
Zone Change: Drake Token (489) was put into Graveyard from Battlefield.
Add To Stack: Ai(2)-Drana Vampires triggered Zulaport Cutthroat
Add To Stack: Ai(2)-Drana Vampires triggered Blood Artist targeting [Ai(4)-Talrand Control]
Add To Stack: Ai(2)-Drana Vampires triggered Zulaport Cutthroat
Add To Stack: Ai(2)-Drana Vampires triggered Blood Artist targeting [Ai(4)-Talrand Control]
Add To Stack: Ai(2)-Drana Vampires triggered Blood Artist targeting [Ai(4)-Talrand Control]
Add To Stack: Ai(2)-Drana Vampires triggered Blood Artist targeting [Ai(4)-Talrand Control]
Add To Stack: Ai(2)-Drana Vampires triggered Blood Artist targeting [Ai(4)-Talrand Control]
Life: Life: Ai(4)-Talrand Control 4 > 3
Life: Life: Ai(2)-Drana Vampires 38 > 39
Resolve Stack: Whenever Blood Artist or another creature dies, target player loses 1 life and you gain 1 life. (Targeting: [[Ai(4)-Talrand Control]]) [Zone Changer: Drake Token (489)]
Life: Life: Ai(4)-Talrand Control 3 > 2
Life: Life: Ai(2)-Drana Vampires 39 > 40
Resolve Stack: Whenever Blood Artist or another creature dies, target player loses 1 life and you gain 1 life. (Targeting: [[Ai(4)-Talrand Control]]) [Zone Changer: Drake Token (482)]
Life: Life: Ai(4)-Talrand Control 2 > 1
Life: Life: Ai(2)-Drana Vampires 40 > 41
Resolve Stack: Whenever Blood Artist or another creature dies, target player loses 1 life and you gain 1 life. (Targeting: [[Ai(4)-Talrand Control]]) [Zone Changer: Drake Token (429)]
Life: Life: Ai(4)-Talrand Control 1 > 0
Life: Life: Ai(2)-Drana Vampires 41 > 42
Resolve Stack: Whenever Blood Artist or another creature dies, target player loses 1 life and you gain 1 life. (Targeting: [[Ai(4)-Talrand Control]]) [Zone Changer: Blood Seeker (104)]
Player Control: Ai(1)-Krenko Goblins has restored control over themself
Player Control: Ai(2)-Drana Vampires has restored control over themself
Player Control: Ai(3)-Selvala Ramp has restored control over themself
Player Control: Ai(4)-Talrand Control has restored control over themself
Game Outcome: Turn 24
Game Outcome: Ai(1)-Krenko Goblins has lost because life total reached 0
Game Outcome: Ai(2)-Drana Vampires has won because all opponents have lost
Game Outcome: Ai(3)-Selvala Ramp has lost because life total reached 0
Game Outcome: Ai(4)-Talrand Control has lost because life total reached 0
Match Result: Ai(1)-Krenko Goblins: 0 Ai(2)-Drana Vampires: 1 Ai(3)-Selvala Ramp: 0 Ai(4)-Talrand Control: 2 

Game Result: Game 3 ended in 47229 ms. Ai(2)-Drana Vampires has won!

Stopping slow match as draw
Mulligan: Ai(1)-Krenko Goblins has kept a hand of 7 cards
Mulligan: Ai(2)-Drana Vampires has kept a hand of 7 cards
Mulligan: Ai(3)-Selvala Ramp has kept a hand of 7 cards
Mulligan: Ai(4)-Talrand Control has kept a hand of 7 cards
Turn: Turn 1 (Ai(1)-Krenko Goblins)
Phase: Ai(1)-Krenko Goblins' Untap step
Phase: Ai(1)-Krenko Goblins' Upkeep step
Phase: Ai(1)-Krenko Goblins' Draw step
Phase: Ai(1)-Krenko Goblins' Main phase, precombat
Land: Ai(1)-Krenko Goblins played Mountain (53)
Phase: Ai(1)-Krenko Goblins' Beginning of Combat Step
Phase: Ai(1)-Krenko Goblins' Declare Attackers Step
Phase: Ai(1)-Krenko Goblins' Declare Blockers Step
Phase: Ai(1)-Krenko Goblins' First Strike Damage Step
Phase: Ai(1)-Krenko Goblins' Combat Damage Step
Phase: Ai(1)-Krenko Goblins' End of Combat Step
Phase: Ai(1)-Krenko Goblins' Main phase, postcombat
Mana: Mountain (53) - {T}: Add {R}.
Add To Stack: Ai(1)-Krenko Goblins cast Skirk Prospector
Resolve Stack: Skirk Prospector - Creature 1 / 1
Phase: Ai(1)-Krenko Goblins' End step
Phase: Ai(1)-Krenko Goblins' Cleanup step
Turn: Turn 2 (Ai(2)-Drana Vampires)
Phase: Ai(2)-Drana Vampires' Untap step
Phase: Ai(2)-Drana Vampires' Upkeep step
Phase: Ai(2)-Drana Vampires' Draw step
Phase: Ai(2)-Drana Vampires' Main phase, precombat
Land: Ai(2)-Drana Vampires played Swamp (168)
Phase: Ai(2)-Drana Vampires' Beginning of Combat Step
Phase: Ai(2)-Drana Vampires' Declare Attackers Step
Phase: Ai(2)-Drana Vampires' Declare Blockers Step
Phase: Ai(2)-Drana Vampires' First Strike Damage Step
Phase: Ai(2)-Drana Vampires' Combat Damage Step
Phase: Ai(2)-Drana Vampires' End of Combat Step
Phase: Ai(2)-Drana Vampires' Main phase, postcombat
Phase: Ai(2)-Drana Vampires' End step
Phase: Ai(2)-Drana Vampires' Cleanup step
Turn: Turn 3 (Ai(3)-Selvala Ramp)
Phase: Ai(3)-Selvala Ramp's Untap step
Phase: Ai(3)-Selvala Ramp's Upkeep step
Phase: Ai(3)-Selvala Ramp's Draw step
Phase: Ai(3)-Selvala Ramp's Main phase, precombat
Land: Ai(3)-Selvala Ramp played Forest (276)
Phase: Ai(3)-Selvala Ramp's Beginning of Combat Step
Phase: Ai(3)-Selvala Ramp's Declare Attackers Step
Phase: Ai(3)-Selvala Ramp's Declare Blockers Step
Phase: Ai(3)-Selvala Ramp's First Strike Damage Step
Phase: Ai(3)-Selvala Ramp's Combat Damage Step
Phase: Ai(3)-Selvala Ramp's End of Combat Step
Phase: Ai(3)-Selvala Ramp's Main phase, postcombat
Mana: Forest (276) - {T}: Add {G}.
Add To Stack: Ai(3)-Selvala Ramp cast Sol Ring
Resolve Stack: Sol Ring
Mana: Sol Ring (208) - {T}: Add {C}{C}.
Add To Stack: Ai(3)-Selvala Ramp cast Arcane Signet
Resolve Stack: Arcane Signet
Phase: Ai(3)-Selvala Ramp's End step
Phase: Ai(3)-Selvala Ramp's Cleanup step
Turn: Turn 4 (Ai(4)-Talrand Control)
Phase: Ai(4)-Talrand Control's Untap step
Phase: Ai(4)-Talrand Control's Upkeep step
Phase: Ai(4)-Talrand Control's Draw step
Phase: Ai(4)-Talrand Control's Main phase, precombat
Land: Ai(4)-Talrand Control played Island (345)
Phase: Ai(4)-Talrand Control's Beginning of Combat Step
Phase: Ai(4)-Talrand Control's Declare Attackers Step
Phase: Ai(4)-Talrand Control's Declare Blockers Step
Phase: Ai(4)-Talrand Control's First Strike Damage Step
Phase: Ai(4)-Talrand Control's Combat Damage Step
Phase: Ai(4)-Talrand Control's End of Combat Step
Phase: Ai(4)-Talrand Control's Main phase, postcombat
Phase: Ai(4)-Talrand Control's End step
Phase: Ai(4)-Talrand Control's Cleanup step
Turn: Turn 5 (Ai(1)-Krenko Goblins)
Phase: Ai(1)-Krenko Goblins' Untap step
Phase: Ai(1)-Krenko Goblins' Upkeep step
Phase: Ai(1)-Krenko Goblins' Draw step
Phase: Ai(1)-Krenko Goblins' Main phase, precombat
Land: Ai(1)-Krenko Goblins played Mountain (86)
Mana: Mountain (53) - {T}: Add {R}.
Mana: Mountain (86) - {T}: Add {R}.
Zone Change: Skirk Prospector (44) was put into Graveyard from Battlefield.
Mana: Skirk Prospector (44) - Sacrifice a Goblin: Add {R}.
Add To Stack: Ai(1)-Krenko Goblins cast Fervor
Resolve Stack: Fervor
Phase: Ai(1)-Krenko Goblins' Beginning of Combat Step
Phase: Ai(1)-Krenko Goblins' Declare Attackers Step
Phase: Ai(1)-Krenko Goblins' Declare Blockers Step
Phase: Ai(1)-Krenko Goblins' First Strike Damage Step
Phase: Ai(1)-Krenko Goblins' Combat Damage Step
Phase: Ai(1)-Krenko Goblins' End of Combat Step
Phase: Ai(1)-Krenko Goblins' Main phase, postcombat
Phase: Ai(1)-Krenko Goblins' End step
Phase: Ai(1)-Krenko Goblins' Cleanup step
Turn: Turn 6 (Ai(2)-Drana Vampires)
Phase: Ai(2)-Drana Vampires' Untap step
Phase: Ai(2)-Drana Vampires' Upkeep step
Phase: Ai(2)-Drana Vampires' Draw step
Phase: Ai(2)-Drana Vampires' Main phase, precombat
Land: Ai(2)-Drana Vampires played Swamp (182)
Phase: Ai(2)-Drana Vampires' Beginning of Combat Step
Phase: Ai(2)-Drana Vampires' Declare Attackers Step
Phase: Ai(2)-Drana Vampires' Declare Blockers Step
Phase: Ai(2)-Drana Vampires' First Strike Damage Step
Phase: Ai(2)-Drana Vampires' Combat Damage Step
Phase: Ai(2)-Drana Vampires' End of Combat Step
Phase: Ai(2)-Drana Vampires' Main phase, postcombat
Phase: Ai(2)-Drana Vampires' End step
Phase: Ai(2)-Drana Vampires' Cleanup step
Turn: Turn 7 (Ai(3)-Selvala Ramp)
Phase: Ai(3)-Selvala Ramp's Untap step
Phase: Ai(3)-Selvala Ramp's Upkeep step
Phase: Ai(3)-Selvala Ramp's Draw step
Phase: Ai(3)-Selvala Ramp's Main phase, precombat
Phase: Ai(3)-Selvala Ramp's Beginning of Combat Step
Phase: Ai(3)-Selvala Ramp's Declare Attackers Step
Phase: Ai(3)-Selvala Ramp's Declare Blockers Step
Phase: Ai(3)-Selvala Ramp's First Strike Damage Step
Phase: Ai(3)-Selvala Ramp's Combat Damage Step
Phase: Ai(3)-Selvala Ramp's End of Combat Step
Phase: Ai(3)-Selvala Ramp's Main phase, postcombat
Land: Ai(3)-Selvala Ramp played Forest (251)
Mana: Forest (276) - {T}: Add {G}.
Mana: Arcane Signet (301) - {T}: Add one mana of any color in your commander's color identity.
Mana: Sol Ring (208) - {T}: Add {C}{C}.
Add To Stack: Ai(3)-Selvala Ramp cast Selvala, Heart of the Wilds
Resolve Stack: Selvala, Heart of the Wilds - Creature 2 / 3
Mana: Forest (251) - {T}: Add {G}.
Add To Stack: Ai(3)-Selvala Ramp cast Priest of Titania
Resolve Stack: Priest of Titania - Creature 1 / 1
Add To Stack: Ai(3)-Selvala Ramp triggered Selvala, Heart of the Wilds
Resolve Stack: Whenever another creature enters, its controller may draw a card if its power is greater than each other creature's power. [Zone Changer: Priest of Titania (224)]
Phase: Ai(3)-Selvala Ramp's End step
Phase: Ai(3)-Selvala Ramp's Cleanup step
Turn: Turn 8 (Ai(4)-Talrand Control)
Phase: Ai(4)-Talrand Control's Untap step
Phase: Ai(4)-Talrand Control's Upkeep step
Phase: Ai(4)-Talrand Control's Draw step
Phase: Ai(4)-Talrand Control's Main phase, precombat
Land: Ai(4)-Talrand Control played Island (381)
Phase: Ai(4)-Talrand Control's Beginning of Combat Step
Phase: Ai(4)-Talrand Control's Declare Attackers Step
Phase: Ai(4)-Talrand Control's Declare Blockers Step
Phase: Ai(4)-Talrand Control's First Strike Damage Step
Phase: Ai(4)-Talrand Control's Combat Damage Step
Phase: Ai(4)-Talrand Control's End of Combat Step
Phase: Ai(4)-Talrand Control's Main phase, postcombat
Mana: Island (345) - {T}: Add {U}.
Mana: Island (381) - {T}: Add {U}.
Add To Stack: Ai(4)-Talrand Control cast Arcane Signet
Resolve Stack: Arcane Signet
Phase: Ai(4)-Talrand Control's End step
Phase: Ai(4)-Talrand Control's Cleanup step
Turn: Turn 9 (Ai(1)-Krenko Goblins)
Phase: Ai(1)-Krenko Goblins' Untap step
Phase: Ai(1)-Krenko Goblins' Upkeep step
Phase: Ai(1)-Krenko Goblins' Draw step
Phase: Ai(1)-Krenko Goblins' Main phase, precombat
Land: Ai(1)-Krenko Goblins played Mountain (79)
Mana: Mountain (53) - {T}: Add {R}.
Mana: Mountain (86) - {T}: Add {R}.
Mana: Mountain (79) - {T}: Add {R}.
Add To Stack: Ai(1)-Krenko Goblins cast Hordeling Outburst
Resolve Stack: Hordeling Outburst (20) - Ai(1)-Krenko Goblins creates three 1/1 red Goblin creature tokens.
Add To Stack: Ai(3)-Selvala Ramp triggered Selvala, Heart of the Wilds
Add To Stack: Ai(3)-Selvala Ramp triggered Selvala, Heart of the Wilds
Add To Stack: Ai(3)-Selvala Ramp triggered Selvala, Heart of the Wilds
Resolve Stack: Whenever another creature enters, its controller may draw a card if its power is greater than each other creature's power. [Zone Changer: Goblin Token (539)]
Resolve Stack: Whenever another creature enters, its controller may draw a card if its power is greater than each other creature's power. [Zone Changer: Goblin Token (538)]
Resolve Stack: Whenever another creature enters, its controller may draw a card if its power is greater than each other creature's power. [Zone Changer: Goblin Token (537)]
Phase: Ai(1)-Krenko Goblins' Beginning of Combat Step
Phase: Ai(1)-Krenko Goblins' Declare Attackers Step
Phase: Ai(1)-Krenko Goblins' Declare Blockers Step
Phase: Ai(1)-Krenko Goblins' First Strike Damage Step
Phase: Ai(1)-Krenko Goblins' Combat Damage Step
Phase: Ai(1)-Krenko Goblins' End of Combat Step
Phase: Ai(1)-Krenko Goblins' Main phase, postcombat
Phase: Ai(1)-Krenko Goblins' End step
Phase: Ai(1)-Krenko Goblins' Cleanup step
Turn: Turn 10 (Ai(2)-Drana Vampires)
Phase: Ai(2)-Drana Vampires' Untap step
Phase: Ai(2)-Drana Vampires' Upkeep step
Phase: Ai(2)-Drana Vampires' Draw step
Phase: Ai(2)-Drana Vampires' Main phase, precombat
Land: Ai(2)-Drana Vampires played Swamp (183)
Mana: Swamp (168) - {T}: Add {B}.
Mana: Swamp (182) - {T}: Add {B}.
Mana: Swamp (183) - {T}: Add {B}.
Add To Stack: Ai(2)-Drana Vampires cast Murder targeting [Selvala, Heart of the Wilds (302)]
Zone Change: Selvala, Heart of the Wilds (302) was put into Graveyard from Battlefield.
Resolve Stack: Murder (126) - Destroy Selvala, Heart of the Wilds (302).
Phase: Ai(2)-Drana Vampires' Beginning of Combat Step
Phase: Ai(2)-Drana Vampires' Declare Attackers Step
Phase: Ai(2)-Drana Vampires' Declare Blockers Step
Phase: Ai(2)-Drana Vampires' First Strike Damage Step
Phase: Ai(2)-Drana Vampires' Combat Damage Step
Phase: Ai(2)-Drana Vampires' End of Combat Step
Phase: Ai(2)-Drana Vampires' Main phase, postcombat
Phase: Ai(2)-Drana Vampires' End step
Phase: Ai(2)-Drana Vampires' Cleanup step
Turn: Turn 11 (Ai(3)-Selvala Ramp)
Phase: Ai(3)-Selvala Ramp's Untap step
Phase: Ai(3)-Selvala Ramp's Upkeep step
Phase: Ai(3)-Selvala Ramp's Draw step
Phase: Ai(3)-Selvala Ramp's Main phase, precombat
Phase: Ai(3)-Selvala Ramp's Beginning of Combat Step
Phase: Ai(3)-Selvala Ramp's Declare Attackers Step
Phase: Ai(3)-Selvala Ramp's Declare Blockers Step
Phase: Ai(3)-Selvala Ramp's First Strike Damage Step
Phase: Ai(3)-Selvala Ramp's Combat Damage Step
Phase: Ai(3)-Selvala Ramp's End of Combat Step
Phase: Ai(3)-Selvala Ramp's Main phase, postcombat
Land: Ai(3)-Selvala Ramp played Forest (257)
Mana: Forest (276) - {T}: Add {G}.
Mana: Arcane Signet (301) - {T}: Add one mana of any color in your commander's color identity.
Mana: Sol Ring (208) - {T}: Add {C}{C}.
Mana: Forest (251) - {T}: Add {G}.
Add To Stack: Ai(3)-Selvala Ramp cast Selvala, Heart of the Wilds
Resolve Stack: Selvala, Heart of the Wilds - Creature 2 / 3
Mana: Forest (257) - {T}: Add {G}.
Mana: Priest of Titania (224) - {T}: Add {G} for each Elf on the battlefield.
Add To Stack: Ai(3)-Selvala Ramp cast Mind Stone
Resolve Stack: Mind Stone
Phase: Ai(3)-Selvala Ramp's End step
Phase: Ai(3)-Selvala Ramp's Cleanup step
Turn: Turn 12 (Ai(4)-Talrand Control)
Phase: Ai(4)-Talrand Control's Untap step
Phase: Ai(4)-Talrand Control's Upkeep step
Phase: Ai(4)-Talrand Control's Draw step
Phase: Ai(4)-Talrand Control's Main phase, precombat
Land: Ai(4)-Talrand Control played Island (378)
Phase: Ai(4)-Talrand Control's Beginning of Combat Step
Phase: Ai(4)-Talrand Control's Declare Attackers Step
Phase: Ai(4)-Talrand Control's Declare Blockers Step
Phase: Ai(4)-Talrand Control's First Strike Damage Step
Phase: Ai(4)-Talrand Control's Combat Damage Step
Phase: Ai(4)-Talrand Control's End of Combat Step
Phase: Ai(4)-Talrand Control's Main phase, postcombat
Mana: Island (345) - {T}: Add {U}.
Mana: Island (381) - {T}: Add {U}.
Mana: Arcane Signet (400) - {T}: Add one mana of any color in your commander's color identity.
Mana: Island (378) - {T}: Add {U}.
Add To Stack: Ai(4)-Talrand Control cast Talrand, Sky Summoner
Resolve Stack: Talrand, Sky Summoner - Creature 2 / 2
Add To Stack: Ai(3)-Selvala Ramp triggered Selvala, Heart of the Wilds
Resolve Stack: Whenever another creature enters, its controller may draw a card if its power is greater than each other creature's power. [Zone Changer: Talrand, Sky Summoner (403)]
Phase: Ai(4)-Talrand Control's End step
Phase: Ai(4)-Talrand Control's Cleanup step
Turn: Turn 13 (Ai(1)-Krenko Goblins)
Phase: Ai(1)-Krenko Goblins' Untap step
Phase: Ai(1)-Krenko Goblins' Upkeep step
Phase: Ai(1)-Krenko Goblins' Draw step
Phase: Ai(1)-Krenko Goblins' Main phase, precombat
Phase: Ai(1)-Krenko Goblins' Beginning of Combat Step
Phase: Ai(1)-Krenko Goblins' Declare Attackers Step
Phase: Ai(1)-Krenko Goblins' Declare Blockers Step
Phase: Ai(1)-Krenko Goblins' First Strike Damage Step
Phase: Ai(1)-Krenko Goblins' Combat Damage Step
Phase: Ai(1)-Krenko Goblins' End of Combat Step
Phase: Ai(1)-Krenko Goblins' Main phase, postcombat
Land: Ai(1)-Krenko Goblins played Mountain (59)
Mana: Mountain (53) - {T}: Add {R}.
Mana: Mountain (86) - {T}: Add {R}.
Mana: Mountain (79) - {T}: Add {R}.
Mana: Mountain (59) - {T}: Add {R}.
Add To Stack: Ai(1)-Krenko Goblins cast Krenko, Mob Boss
Resolve Stack: Krenko, Mob Boss - Creature 3 / 3
Add To Stack: Ai(3)-Selvala Ramp triggered Selvala, Heart of the Wilds
Resolve Stack: Whenever another creature enters, its controller may draw a card if its power is greater than each other creature's power. [Zone Changer: Krenko, Mob Boss (100)]
Phase: Ai(1)-Krenko Goblins' End step
Phase: Ai(1)-Krenko Goblins' Cleanup step
Turn: Turn 14 (Ai(2)-Drana Vampires)
Phase: Ai(2)-Drana Vampires' Untap step
Phase: Ai(2)-Drana Vampires' Upkeep step
Phase: Ai(2)-Drana Vampires' Draw step
Phase: Ai(2)-Drana Vampires' Main phase, precombat
Land: Ai(2)-Drana Vampires played Swamp (174)
Mana: Swamp (168) - {T}: Add {B}.
Mana: Swamp (182) - {T}: Add {B}.
Mana: Swamp (183) - {T}: Add {B}.
Mana: Swamp (174) - {T}: Add {B}.
Add To Stack: Ai(2)-Drana Vampires cast Tendrils of Corruption targeting [Selvala, Heart of the Wilds (302)]
Damage: Tendrils of Corruption (145) deals 4 damage to Selvala, Heart of the Wilds (302).
Life: Life: Ai(2)-Drana Vampires 40 > 44
Resolve Stack: Tendrils of Corruption (145) - Tendrils of Corruption (145) deals 4 damage to Selvala, Heart of the Wilds (302). Ai(2)-Drana Vampires gains 4 life.
Zone Change: Selvala, Heart of the Wilds (302) was put into Graveyard from Battlefield.
Phase: Ai(2)-Drana Vampires' Beginning of Combat Step
Phase: Ai(2)-Drana Vampires' Declare Attackers Step
Add To Stack: Ai(1)-Krenko Goblins activated Krenko, Mob Boss
Resolve Stack: Krenko, Mob Boss (100) - Ai(1)-Krenko Goblins creates eight 1/1 red Goblin creature tokens.
Phase: Ai(2)-Drana Vampires' Declare Blockers Step
Phase: Ai(2)-Drana Vampires' First Strike Damage Step
Phase: Ai(2)-Drana Vampires' Combat Damage Step
Phase: Ai(2)-Drana Vampires' End of Combat Step
Phase: Ai(2)-Drana Vampires' Main phase, postcombat
Phase: Ai(2)-Drana Vampires' End step
Phase: Ai(2)-Drana Vampires' Cleanup step
Turn: Turn 15 (Ai(3)-Selvala Ramp)
Phase: Ai(3)-Selvala Ramp's Untap step
Phase: Ai(3)-Selvala Ramp's Upkeep step
Phase: Ai(3)-Selvala Ramp's Draw step
Phase: Ai(3)-Selvala Ramp's Main phase, precombat
Land: Ai(3)-Selvala Ramp played Forest (280)
Phase: Ai(3)-Selvala Ramp's Beginning of Combat Step
Phase: Ai(3)-Selvala Ramp's Declare Attackers Step
Phase: Ai(3)-Selvala Ramp's Declare Blockers Step
Phase: Ai(3)-Selvala Ramp's First Strike Damage Step
Phase: Ai(3)-Selvala Ramp's Combat Damage Step
Phase: Ai(3)-Selvala Ramp's End of Combat Step
Phase: Ai(3)-Selvala Ramp's Main phase, postcombat
Mana: Forest (276) - {T}: Add {G}.
Mana: Arcane Signet (301) - {T}: Add one mana of any color in your commander's color identity.
Mana: Sol Ring (208) - {T}: Add {C}{C}.
Mana: Forest (251) - {T}: Add {G}.
Mana: Forest (257) - {T}: Add {G}.
Mana: Forest (280) - {T}: Add {G}.
Add To Stack: Ai(3)-Selvala Ramp cast Selvala, Heart of the Wilds
Resolve Stack: Selvala, Heart of the Wilds - Creature 2 / 3
Mana: Priest of Titania (224) - {T}: Add {G} for each Elf on the battlefield.
Mana: Mind Stone (207) - {T}: Add {C}.
Add To Stack: Ai(3)-Selvala Ramp cast Nissa's Pilgrimage
Resolve Stack: Nissa's Pilgrimage (239) - Search your library for up to two basic Forest cards, reveal those cards, and put one onto the battlefield tapped and the rest into your hand. Then shuffle. Spell mastery — If there are two or more instant and/or sorcery cards in your graveyard, search your library for up to three basic Forest cards instead of two.   
Phase: Ai(3)-Selvala Ramp's End step
Phase: Ai(3)-Selvala Ramp's Cleanup step
Turn: Turn 16 (Ai(4)-Talrand Control)
Phase: Ai(4)-Talrand Control's Untap step
Phase: Ai(4)-Talrand Control's Upkeep step
Phase: Ai(4)-Talrand Control's Draw step
Phase: Ai(4)-Talrand Control's Main phase, precombat
Land: Ai(4)-Talrand Control played Island (367)
Phase: Ai(4)-Talrand Control's Beginning of Combat Step
Phase: Ai(4)-Talrand Control's Declare Attackers Step
Phase: Ai(4)-Talrand Control's Declare Blockers Step
Phase: Ai(4)-Talrand Control's First Strike Damage Step
Phase: Ai(4)-Talrand Control's Combat Damage Step
Phase: Ai(4)-Talrand Control's End of Combat Step
Phase: Ai(4)-Talrand Control's Main phase, postcombat
Mana: Island (345) - {T}: Add {U}.
Mana: Island (381) - {T}: Add {U}.
Mana: Arcane Signet (400) - {T}: Add one mana of any color in your commander's color identity.
Add To Stack: Ai(4)-Talrand Control cast Propaganda
Resolve Stack: Propaganda
Mana: Island (378) - {T}: Add {U}.
Mana: Island (367) - {T}: Add {U}.
Add To Stack: Ai(4)-Talrand Control cast Omenspeaker
Resolve Stack: Omenspeaker - Creature 1 / 3
Add To Stack: Ai(4)-Talrand Control triggered Omenspeaker
Add To Stack: Ai(3)-Selvala Ramp triggered Selvala, Heart of the Wilds
Resolve Stack: Whenever another creature enters, its controller may draw a card if its power is greater than each other creature's power. [Zone Changer: Omenspeaker (304)]
Resolve Stack: Ai(4)-Talrand Control scried 2 card(s) to the top of the library
Resolve Stack: When Omenspeaker enters, scry 2. (To scry 2, look at the top two cards of your library, then put any number of them on the bottom of your library and the rest on top in any order.) [Zone Changer: Omenspeaker (304)]
Phase: Ai(4)-Talrand Control's End step
Phase: Ai(4)-Talrand Control's Cleanup step
Turn: Turn 17 (Ai(1)-Krenko Goblins)
Phase: Ai(1)-Krenko Goblins' Untap step
Phase: Ai(1)-Krenko Goblins' Upkeep step
Phase: Ai(1)-Krenko Goblins' Draw step
Phase: Ai(1)-Krenko Goblins' Main phase, precombat
Phase: Ai(1)-Krenko Goblins' Beginning of Combat Step
Phase: Ai(1)-Krenko Goblins' Declare Attackers Step
Combat: Ai(1)-Krenko Goblins assigned Krenko, Mob Boss (100) to attack Ai(3)-Selvala Ramp.
Phase: Ai(1)-Krenko Goblins' Declare Blockers Step
Combat: Ai(3)-Selvala Ramp didn't block Krenko, Mob Boss (100).
Phase: Ai(1)-Krenko Goblins' First Strike Damage Step
Phase: Ai(1)-Krenko Goblins' Combat Damage Step
Damage: Krenko, Mob Boss (100) deals 3 combat damage to Ai(3)-Selvala Ramp.
Life: Life: Ai(3)-Selvala Ramp 40 > 37
Phase: Ai(1)-Krenko Goblins' End of Combat Step
Phase: Ai(1)-Krenko Goblins' Main phase, postcombat
Land: Ai(1)-Krenko Goblins played Mountain (82)
Mana: Mountain (53) - {T}: Add {R}.
Mana: Mountain (86) - {T}: Add {R}.
Mana: Mountain (79) - {T}: Add {R}.
Mana: Mountain (59) - {T}: Add {R}.
Mana: Mountain (82) - {T}: Add {R}.
Add To Stack: Ai(1)-Krenko Goblins cast Vandalblast
Zone Change: Sol Ring (208) was put into Graveyard from Battlefield.
Zone Change: Arcane Signet (301) was put into Graveyard from Battlefield.
Zone Change: Mind Stone (207) was put into Graveyard from Battlefield.
Zone Change: Arcane Signet (400) was put into Graveyard from Battlefield.
Resolve Stack: Vandalblast (47) - Destroy each artifact you don't control.
Phase: Ai(1)-Krenko Goblins' End step
Phase: Ai(1)-Krenko Goblins' Cleanup step
Turn: Turn 18 (Ai(2)-Drana Vampires)
Phase: Ai(2)-Drana Vampires' Untap step
Phase: Ai(2)-Drana Vampires' Upkeep step
Phase: Ai(2)-Drana Vampires' Draw step
Phase: Ai(2)-Drana Vampires' Main phase, precombat
Land: Ai(2)-Drana Vampires played Swamp (191)
Mana: Swamp (168) - {T}: Add {B}.
Mana: Swamp (182) - {T}: Add {B}.
Mana: Swamp (183) - {T}: Add {B}.
Mana: Swamp (174) - {T}: Add {B}.
Add To Stack: Ai(2)-Drana Vampires cast Mutilate
Resolve Stack: Mutilate (137) - All creatures get -1/-1 until end of turn for each Swamp you control.
Zone Change: Priest of Titania (224) was put into Graveyard from Battlefield.
Zone Change: Selvala, Heart of the Wilds (302) was put into Graveyard from Battlefield.
Zone Change: Talrand, Sky Summoner (403) was put into Graveyard from Battlefield.
Zone Change: Omenspeaker (304) was put into Graveyard from Battlefield.
Zone Change: Goblin Token (537) was put into Graveyard from Battlefield.
Zone Change: Goblin Token (538) was put into Graveyard from Battlefield.
Zone Change: Goblin Token (539) was put into Graveyard from Battlefield.
Zone Change: Krenko, Mob Boss (100) was put into Graveyard from Battlefield.
Zone Change: Goblin Token (659) was put into Graveyard from Battlefield.
Zone Change: Goblin Token (660) was put into Graveyard from Battlefield.
Zone Change: Goblin Token (661) was put into Graveyard from Battlefield.
Zone Change: Goblin Token (662) was put into Graveyard from Battlefield.
Phase: Ai(2)-Drana Vampires' Beginning of Combat Step
Phase: Ai(2)-Drana Vampires' Declare Attackers Step
Phase: Ai(2)-Drana Vampires' Declare Blockers Step
Phase: Ai(2)-Drana Vampires' First Strike Damage Step
Phase: Ai(2)-Drana Vampires' Combat Damage Step
Phase: Ai(2)-Drana Vampires' End of Combat Step
Phase: Ai(2)-Drana Vampires' Main phase, postcombat
Phase: Ai(2)-Drana Vampires' End step
Phase: Ai(2)-Drana Vampires' Cleanup step
Turn: Turn 19 (Ai(3)-Selvala Ramp)
Phase: Ai(3)-Selvala Ramp's Untap step
Phase: Ai(3)-Selvala Ramp's Upkeep step
Phase: Ai(3)-Selvala Ramp's Draw step
Phase: Ai(3)-Selvala Ramp's Main phase, precombat
Land: Ai(3)-Selvala Ramp played Forest (252)
Phase: Ai(3)-Selvala Ramp's Beginning of Combat Step
Phase: Ai(3)-Selvala Ramp's Declare Attackers Step
Phase: Ai(3)-Selvala Ramp's Declare Blockers Step
Phase: Ai(3)-Selvala Ramp's First Strike Damage Step
Phase: Ai(3)-Selvala Ramp's Combat Damage Step
Phase: Ai(3)-Selvala Ramp's End of Combat Step
Phase: Ai(3)-Selvala Ramp's Main phase, postcombat
Phase: Ai(3)-Selvala Ramp's End step
Phase: Ai(3)-Selvala Ramp's Cleanup step
Turn: Turn 20 (Ai(4)-Talrand Control)
Phase: Ai(4)-Talrand Control's Untap step
Phase: Ai(4)-Talrand Control's Upkeep step
Phase: Ai(4)-Talrand Control's Draw step
Phase: Ai(4)-Talrand Control's Main phase, precombat
Land: Ai(4)-Talrand Control played Island (358)
Phase: Ai(4)-Talrand Control's Beginning of Combat Step
Phase: Ai(4)-Talrand Control's Declare Attackers Step
Phase: Ai(4)-Talrand Control's Declare Blockers Step
Phase: Ai(4)-Talrand Control's First Strike Damage Step
Phase: Ai(4)-Talrand Control's Combat Damage Step
Phase: Ai(4)-Talrand Control's End of Combat Step
Phase: Ai(4)-Talrand Control's Main phase, postcombat
Mana: Island (345) - {T}: Add {U}.
Mana: Island (381) - {T}: Add {U}.
Mana: Island (378) - {T}: Add {U}.
Mana: Island (367) - {T}: Add {U}.
Add To Stack: Ai(4)-Talrand Control cast Dissipation Field
Resolve Stack: Dissipation Field
Phase: Ai(4)-Talrand Control's End step
Phase: Ai(4)-Talrand Control's Cleanup step
Turn: Turn 21 (Ai(1)-Krenko Goblins)
Phase: Ai(1)-Krenko Goblins' Untap step
Phase: Ai(1)-Krenko Goblins' Upkeep step
Phase: Ai(1)-Krenko Goblins' Draw step
Phase: Ai(1)-Krenko Goblins' Main phase, precombat
Phase: Ai(1)-Krenko Goblins' Beginning of Combat Step
Phase: Ai(1)-Krenko Goblins' Declare Attackers Step
Phase: Ai(1)-Krenko Goblins' Declare Blockers Step
Phase: Ai(1)-Krenko Goblins' First Strike Damage Step
Phase: Ai(1)-Krenko Goblins' Combat Damage Step
Phase: Ai(1)-Krenko Goblins' End of Combat Step
Phase: Ai(1)-Krenko Goblins' Main phase, postcombat
Land: Ai(1)-Krenko Goblins played Mountain (56)
Mana: Mountain (53) - {T}: Add {R}.
Mana: Mountain (86) - {T}: Add {R}.
Mana: Mountain (79) - {T}: Add {R}.
Mana: Mountain (59) - {T}: Add {R}.
Mana: Mountain (82) - {T}: Add {R}.
Mana: Mountain (56) - {T}: Add {R}.
Add To Stack: Ai(1)-Krenko Goblins cast Krenko, Mob Boss
Resolve Stack: Krenko, Mob Boss - Creature 3 / 3
Phase: Ai(1)-Krenko Goblins' End step
Phase: Ai(1)-Krenko Goblins' Cleanup step
Turn: Turn 22 (Ai(2)-Drana Vampires)
Phase: Ai(2)-Drana Vampires' Untap step
Phase: Ai(2)-Drana Vampires' Upkeep step
Phase: Ai(2)-Drana Vampires' Draw step
Phase: Ai(2)-Drana Vampires' Main phase, precombat
Land: Ai(2)-Drana Vampires played Swamp (196)
Phase: Ai(2)-Drana Vampires' Beginning of Combat Step
Phase: Ai(2)-Drana Vampires' Declare Attackers Step
Phase: Ai(2)-Drana Vampires' Declare Blockers Step
Phase: Ai(2)-Drana Vampires' First Strike Damage Step
Phase: Ai(2)-Drana Vampires' Combat Damage Step
Phase: Ai(2)-Drana Vampires' End of Combat Step
Add To Stack: Ai(1)-Krenko Goblins activated Krenko, Mob Boss
Resolve Stack: Krenko, Mob Boss (100) - Ai(1)-Krenko Goblins creates two 1/1 red Goblin creature tokens.
Phase: Ai(2)-Drana Vampires' Main phase, postcombat
Mana: Swamp (168) - {T}: Add {B}.
Mana: Swamp (182) - {T}: Add {B}.
Mana: Swamp (183) - {T}: Add {B}.
Mana: Swamp (174) - {T}: Add {B}.
Mana: Swamp (191) - {T}: Add {B}.
Add To Stack: Ai(2)-Drana Vampires cast Sengir Vampire
Resolve Stack: Sengir Vampire - Creature 4 / 4
Mana: Island (358) - {T}: Add {U}.
Add To Stack: Ai(4)-Talrand Control cast Pongify targeting [Sengir Vampire (118)]
Zone Change: Sengir Vampire (118) was put into Graveyard from Battlefield.
Resolve Stack: Pongify (401) - Destroy Sengir Vampire (118). It can't be regenerated. 
Phase: Ai(2)-Drana Vampires' End step
Phase: Ai(2)-Drana Vampires' Cleanup step
Turn: Turn 23 (Ai(3)-Selvala Ramp)
Phase: Ai(3)-Selvala Ramp's Untap step
Phase: Ai(3)-Selvala Ramp's Upkeep step
Phase: Ai(3)-Selvala Ramp's Draw step
Phase: Ai(3)-Selvala Ramp's Main phase, precombat
Land: Ai(3)-Selvala Ramp played Forest (254)
Phase: Ai(3)-Selvala Ramp's Beginning of Combat Step
Phase: Ai(3)-Selvala Ramp's Declare Attackers Step
Phase: Ai(3)-Selvala Ramp's Declare Blockers Step
Phase: Ai(3)-Selvala Ramp's First Strike Damage Step
Phase: Ai(3)-Selvala Ramp's Combat Damage Step
Phase: Ai(3)-Selvala Ramp's End of Combat Step
Phase: Ai(3)-Selvala Ramp's Main phase, postcombat
Phase: Ai(3)-Selvala Ramp's End step
Phase: Ai(3)-Selvala Ramp's Cleanup step
Turn: Turn 24 (Ai(4)-Talrand Control)
Phase: Ai(4)-Talrand Control's Untap step
Phase: Ai(4)-Talrand Control's Upkeep step
Phase: Ai(4)-Talrand Control's Draw step
Phase: Ai(4)-Talrand Control's Main phase, precombat
Land: Ai(4)-Talrand Control played Island (356)
Phase: Ai(4)-Talrand Control's Beginning of Combat Step
Phase: Ai(4)-Talrand Control's Declare Attackers Step
Phase: Ai(4)-Talrand Control's Declare Blockers Step
Phase: Ai(4)-Talrand Control's First Strike Damage Step
Phase: Ai(4)-Talrand Control's Combat Damage Step
Phase: Ai(4)-Talrand Control's End of Combat Step
Phase: Ai(4)-Talrand Control's Main phase, postcombat
Mana: Island (345) - {T}: Add {U}.
Mana: Island (381) - {T}: Add {U}.
Mana: Island (378) - {T}: Add {U}.
Mana: Island (367) - {T}: Add {U}.
Mana: Island (358) - {T}: Add {U}.
Mana: Island (356) - {T}: Add {U}.
Add To Stack: Ai(4)-Talrand Control cast Talrand, Sky Summoner
Resolve Stack: Talrand, Sky Summoner - Creature 2 / 2
Phase: Ai(4)-Talrand Control's End step
Phase: Ai(4)-Talrand Control's Cleanup step
Turn: Turn 25 (Ai(1)-Krenko Goblins)
Phase: Ai(1)-Krenko Goblins' Untap step
Phase: Ai(1)-Krenko Goblins' Upkeep step
Phase: Ai(1)-Krenko Goblins' Draw step
Phase: Ai(1)-Krenko Goblins' Main phase, precombat
Mana: Mountain (53) - {T}: Add {R}.
Add To Stack: Ai(1)-Krenko Goblins cast Raging Goblin
Resolve Stack: Raging Goblin - Creature 1 / 1
Phase: Ai(1)-Krenko Goblins' Beginning of Combat Step
Phase: Ai(1)-Krenko Goblins' Declare Attackers Step
Mana: Mountain (86) - {T}: Add {R}.
Mana: Mountain (79) - {T}: Add {R}.
Combat: Ai(1)-Krenko Goblins assigned Krenko, Mob Boss (100) to attack Ai(4)-Talrand Control.
Phase: Ai(1)-Krenko Goblins' Declare Blockers Step
Combat: Ai(4)-Talrand Control didn't block Krenko, Mob Boss (100).
Phase: Ai(1)-Krenko Goblins' First Strike Damage Step
Phase: Ai(1)-Krenko Goblins' Combat Damage Step
Damage: Krenko, Mob Boss (100) deals 3 combat damage to Ai(4)-Talrand Control.
Life: Life: Ai(4)-Talrand Control 40 > 37
Add To Stack: Ai(4)-Talrand Control triggered Dissipation Field
Resolve Stack: Whenever a permanent deals damage to you, return it to its owner's hand. [Damage Source: Krenko, Mob Boss (100), Damaged: Ai(4)-Talrand Control, Amount: 3]
Phase: Ai(1)-Krenko Goblins' End of Combat Step
Phase: Ai(1)-Krenko Goblins' Main phase, postcombat
Land: Ai(1)-Krenko Goblins played Mountain (54)
Mana: Mountain (59) - {T}: Add {R}.
Mana: Mountain (82) - {T}: Add {R}.
Mana: Mountain (56) - {T}: Add {R}.
Mana: Mountain (54) - {T}: Add {R}.
Add To Stack: Ai(1)-Krenko Goblins cast Krenko, Mob Boss
Resolve Stack: Krenko, Mob Boss - Creature 3 / 3
Phase: Ai(1)-Krenko Goblins' End step
Phase: Ai(1)-Krenko Goblins' Cleanup step
Turn: Turn 26 (Ai(2)-Drana Vampires)
Phase: Ai(2)-Drana Vampires' Untap step
Phase: Ai(2)-Drana Vampires' Upkeep step
Phase: Ai(2)-Drana Vampires' Draw step
Phase: Ai(2)-Drana Vampires' Main phase, precombat
Land: Ai(2)-Drana Vampires played Swamp (172)
Mana: Swamp (168) - {T}: Add {B}.
Mana: Swamp (182) - {T}: Add {B}.
Add To Stack: Ai(2)-Drana Vampires cast Victim of Night targeting [Krenko, Mob Boss (100)]
Zone Change: Krenko, Mob Boss (100) was put into Graveyard from Battlefield.
Resolve Stack: Victim of Night (117) - Destroy Krenko, Mob Boss (100).
Phase: Ai(2)-Drana Vampires' Beginning of Combat Step
Phase: Ai(2)-Drana Vampires' Declare Attackers Step
Mana: Swamp (183) - {T}: Add {B}.
Mana: Swamp (174) - {T}: Add {B}.
Combat: Ai(2)-Drana Vampires assigned Ape Token (806) to attack Ai(4)-Talrand Control.
Phase: Ai(2)-Drana Vampires' Declare Blockers Step
Combat: Ai(4)-Talrand Control didn't block Ape Token (806).
Phase: Ai(2)-Drana Vampires' First Strike Damage Step
Phase: Ai(2)-Drana Vampires' Combat Damage Step
Damage: Ape Token (806) deals 3 combat damage to Ai(4)-Talrand Control.
Life: Life: Ai(4)-Talrand Control 37 > 34
Add To Stack: Ai(4)-Talrand Control triggered Dissipation Field
Resolve Stack: Whenever a permanent deals damage to you, return it to its owner's hand. [Damage Source: Ape Token (806), Damaged: Ai(4)-Talrand Control, Amount: 3]
Phase: Ai(2)-Drana Vampires' End of Combat Step
Phase: Ai(2)-Drana Vampires' Main phase, postcombat
Mana: Swamp (191) - {T}: Add {B}.
Mana: Swamp (196) - {T}: Add {B}.
Mana: Swamp (172) - {T}: Add {B}.
Add To Stack: Ai(2)-Drana Vampires cast Drana, Liberator of Malakir
Resolve Stack: Drana, Liberator of Malakir - Creature 2 / 3
Phase: Ai(2)-Drana Vampires' End step
Phase: Ai(2)-Drana Vampires' Cleanup step
Turn: Turn 27 (Ai(3)-Selvala Ramp)
Phase: Ai(3)-Selvala Ramp's Untap step
Phase: Ai(3)-Selvala Ramp's Upkeep step
Phase: Ai(3)-Selvala Ramp's Draw step
Phase: Ai(3)-Selvala Ramp's Main phase, precombat
Land: Ai(3)-Selvala Ramp played Forest (255)
Phase: Ai(3)-Selvala Ramp's Beginning of Combat Step
Phase: Ai(3)-Selvala Ramp's Declare Attackers Step
Phase: Ai(3)-Selvala Ramp's Declare Blockers Step
Phase: Ai(3)-Selvala Ramp's First Strike Damage Step
Phase: Ai(3)-Selvala Ramp's Combat Damage Step
Phase: Ai(3)-Selvala Ramp's End of Combat Step
Phase: Ai(3)-Selvala Ramp's Main phase, postcombat
Mana: Forest (276) - {T}: Add {G}.
Add To Stack: Ai(3)-Selvala Ramp cast Llanowar Elves
Resolve Stack: Llanowar Elves - Creature 1 / 1
Mana: Forest (251) - {T}: Add {G}.
Mana: Forest (257) - {T}: Add {G}.
Mana: Forest (280) - {T}: Add {G}.
Mana: Forest (283) - {T}: Add {G}.
Mana: Forest (252) - {T}: Add {G}.
Add To Stack: Ai(3)-Selvala Ramp cast Shamanic Revelation
Resolve Stack: Shamanic Revelation (298) - Ai(3)-Selvala Ramp draws a card. Ai(3)-Selvala Ramp gains 0 life.
Phase: Ai(3)-Selvala Ramp's End step
Phase: Ai(3)-Selvala Ramp's Cleanup step
Turn: Turn 28 (Ai(4)-Talrand Control)
Phase: Ai(4)-Talrand Control's Untap step
Phase: Ai(4)-Talrand Control's Upkeep step
Phase: Ai(4)-Talrand Control's Draw step
Phase: Ai(4)-Talrand Control's Main phase, precombat
Land: Ai(4)-Talrand Control played Island (371)
Phase: Ai(4)-Talrand Control's Beginning of Combat Step
Phase: Ai(4)-Talrand Control's Declare Attackers Step
Combat: Ai(4)-Talrand Control assigned Talrand, Sky Summoner (403) to attack Ai(1)-Krenko Goblins.
Phase: Ai(4)-Talrand Control's Declare Blockers Step
Combat: Ai(1)-Krenko Goblins didn't block Talrand, Sky Summoner (403).
Phase: Ai(4)-Talrand Control's First Strike Damage Step
Phase: Ai(4)-Talrand Control's Combat Damage Step
Damage: Talrand, Sky Summoner (403) deals 2 combat damage to Ai(1)-Krenko Goblins.
Life: Life: Ai(1)-Krenko Goblins 40 > 38
Phase: Ai(4)-Talrand Control's End of Combat Step
Phase: Ai(4)-Talrand Control's Main phase, postcombat
Mana: Island (345) - {T}: Add {U}.
Mana: Island (381) - {T}: Add {U}.
Mana: Island (378) - {T}: Add {U}.
Add To Stack: Ai(4)-Talrand Control cast Divination
Add To Stack: Ai(4)-Talrand Control triggered Talrand, Sky Summoner
Resolve Stack: Whenever you cast an instant or sorcery spell, create a 2/2 blue Drake creature token with flying. [Card: Divination (315), Activator: Ai(4)-Talrand Control, SpellAbility: Draw two cards.]
Resolve Stack: Divination (315) - Ai(4)-Talrand Control draws two cards.
Mana: Island (367) - {T}: Add {U}.
Mana: Island (358) - {T}: Add {U}.
Mana: Island (356) - {T}: Add {U}.
Mana: Island (371) - {T}: Add {U}.
Add To Stack: Ai(4)-Talrand Control cast Stroke of Genius targeting [Ai(4)-Talrand Control]
Add To Stack: Ai(4)-Talrand Control triggered Talrand, Sky Summoner
Resolve Stack: Whenever you cast an instant or sorcery spell, create a 2/2 blue Drake creature token with flying. [Card: Stroke of Genius (391), Activator: Ai(4)-Talrand Control, SpellAbility: Target player draws X cards.]
Resolve Stack: Stroke of Genius (391) - Ai(4)-Talrand Control draws a card. (X=1)
Phase: Ai(4)-Talrand Control's End step
Phase: Ai(4)-Talrand Control's Cleanup step
Turn: Turn 29 (Ai(1)-Krenko Goblins)
Phase: Ai(1)-Krenko Goblins' Untap step
Phase: Ai(1)-Krenko Goblins' Upkeep step
Phase: Ai(1)-Krenko Goblins' Draw step
Phase: Ai(1)-Krenko Goblins' Main phase, precombat
Mana: Mountain (53) - {T}: Add {R}.
Mana: Mountain (86) - {T}: Add {R}.
Mana: Mountain (79) - {T}: Add {R}.
Add To Stack: Ai(1)-Krenko Goblins cast Goblin Chieftain
Resolve Stack: Goblin Chieftain - Creature 2 / 2
Phase: Ai(1)-Krenko Goblins' Beginning of Combat Step
Phase: Ai(1)-Krenko Goblins' Declare Attackers Step
Mana: Mountain (59) - {T}: Add {R}.
Mana: Mountain (82) - {T}: Add {R}.
Combat: Ai(1)-Krenko Goblins assigned Goblin Token (799) to attack Ai(4)-Talrand Control.
Phase: Ai(1)-Krenko Goblins' Declare Blockers Step
Combat: Ai(4)-Talrand Control didn't block Goblin Token (799).
Phase: Ai(1)-Krenko Goblins' First Strike Damage Step
Phase: Ai(1)-Krenko Goblins' Combat Damage Step
Damage: Goblin Token (799) deals 2 combat damage to Ai(4)-Talrand Control.
Life: Life: Ai(4)-Talrand Control 34 > 32
Add To Stack: Ai(4)-Talrand Control triggered Dissipation Field
Resolve Stack: Whenever a permanent deals damage to you, return it to its owner's hand. [Damage Source: Goblin Token (799), Damaged: Ai(4)-Talrand Control, Amount: 2]
Phase: Ai(1)-Krenko Goblins' End of Combat Step
Phase: Ai(1)-Krenko Goblins' Main phase, postcombat
Land: Ai(1)-Krenko Goblins played Mountain (76)
Phase: Ai(1)-Krenko Goblins' End step
Phase: Ai(1)-Krenko Goblins' Cleanup step
Turn: Turn 30 (Ai(2)-Drana Vampires)
Phase: Ai(2)-Drana Vampires' Untap step
Phase: Ai(2)-Drana Vampires' Upkeep step
Phase: Ai(2)-Drana Vampires' Draw step
Phase: Ai(2)-Drana Vampires' Main phase, precombat
Mana: Swamp (168) - {T}: Add {B}.
Mana: Swamp (182) - {T}: Add {B}.
Mana: Swamp (183) - {T}: Add {B}.
Mana: Swamp (174) - {T}: Add {B}.
Add To Stack: Ai(2)-Drana Vampires cast Consume Spirit targeting [Drake Token (819)]
Damage: Consume Spirit (119) deals 2 damage to Drake Token (819).
Life: Life: Ai(2)-Drana Vampires 44 > 46
Resolve Stack: Consume Spirit (119) - Consume Spirit (119) deals 2 damage to Drake Token (819). Ai(2)-Drana Vampires gains 2 life. (X=2)
Zone Change: Drake Token (819) was put into Graveyard from Battlefield.
Phase: Ai(2)-Drana Vampires' Beginning of Combat Step
Phase: Ai(2)-Drana Vampires' Declare Attackers Step
Mana: Swamp (191) - {T}: Add {B}.
Mana: Swamp (196) - {T}: Add {B}.
Combat: Ai(2)-Drana Vampires assigned Drana, Liberator of Malakir (201) to attack Ai(4)-Talrand Control.
Phase: Ai(2)-Drana Vampires' Declare Blockers Step
Combat: Ai(4)-Talrand Control didn't block Drana, Liberator of Malakir (201).
Phase: Ai(2)-Drana Vampires' First Strike Damage Step
Damage: Drana, Liberator of Malakir (201) deals 2 combat damage to Ai(4)-Talrand Control.
Life: Life: Ai(4)-Talrand Control 32 > 30
Add To Stack: Ai(2)-Drana Vampires triggered Drana, Liberator of Malakir
Add To Stack: Ai(4)-Talrand Control triggered Dissipation Field
Resolve Stack: Whenever a permanent deals damage to you, return it to its owner's hand. [Damage Source: Drana, Liberator of Malakir (201), Damaged: Ai(4)-Talrand Control, Amount: 2]
Resolve Stack: Whenever Drana, Liberator of Malakir deals combat damage to a player, put a +1/+1 counter on each attacking creature you control. [Damage Source: Drana, Liberator of Malakir (201), Damaged: Ai(4)-Talrand Control, Amount: 2]
Phase: Ai(2)-Drana Vampires' Combat Damage Step
Phase: Ai(2)-Drana Vampires' End of Combat Step
Phase: Ai(2)-Drana Vampires' Main phase, postcombat
Land: Ai(2)-Drana Vampires played Swamp (188)
Mana: Swamp (172) - {T}: Add {B}.
Mana: Swamp (188) - {T}: Add {B}.
Add To Stack: Ai(2)-Drana Vampires cast Child of Night
Resolve Stack: Child of Night - Creature 2 / 1
Phase: Ai(2)-Drana Vampires' End step
Phase: Ai(2)-Drana Vampires' Cleanup step
Turn: Turn 31 (Ai(3)-Selvala Ramp)
Phase: Ai(3)-Selvala Ramp's Untap step
Phase: Ai(3)-Selvala Ramp's Upkeep step
Phase: Ai(3)-Selvala Ramp's Draw step
Phase: Ai(3)-Selvala Ramp's Main phase, precombat
Phase: Ai(3)-Selvala Ramp's Beginning of Combat Step
Phase: Ai(3)-Selvala Ramp's Declare Attackers Step
Phase: Ai(3)-Selvala Ramp's Declare Blockers Step
Phase: Ai(3)-Selvala Ramp's First Strike Damage Step
Phase: Ai(3)-Selvala Ramp's Combat Damage Step
Phase: Ai(3)-Selvala Ramp's End of Combat Step
Phase: Ai(3)-Selvala Ramp's Main phase, postcombat
Land: Ai(3)-Selvala Ramp played Forest (263)
Mana: Forest (276) - {T}: Add {G}.
Mana: Forest (251) - {T}: Add {G}.
Mana: Forest (257) - {T}: Add {G}.
Mana: Forest (280) - {T}: Add {G}.
Mana: Forest (283) - {T}: Add {G}.
Mana: Forest (252) - {T}: Add {G}.
Mana: Forest (254) - {T}: Add {G}.
Mana: Forest (255) - {T}: Add {G}.
Mana: Forest (263) - {T}: Add {G}.
Add To Stack: Ai(3)-Selvala Ramp cast Selvala, Heart of the Wilds
Resolve Stack: Selvala, Heart of the Wilds - Creature 2 / 3
Phase: Ai(3)-Selvala Ramp's End step
Phase: Ai(3)-Selvala Ramp's Cleanup step
Turn: Turn 32 (Ai(4)-Talrand Control)
Phase: Ai(4)-Talrand Control's Untap step
Phase: Ai(4)-Talrand Control's Upkeep step
Phase: Ai(4)-Talrand Control's Draw step
Phase: Ai(4)-Talrand Control's Main phase, precombat
Land: Ai(4)-Talrand Control played Island (355)
Phase: Ai(4)-Talrand Control's Beginning of Combat Step
Phase: Ai(4)-Talrand Control's Declare Attackers Step
Combat: Ai(4)-Talrand Control assigned Drake Token (822) to attack Ai(1)-Krenko Goblins.
Phase: Ai(4)-Talrand Control's Declare Blockers Step
Combat: Ai(1)-Krenko Goblins didn't block Drake Token (822).
Phase: Ai(4)-Talrand Control's First Strike Damage Step
Phase: Ai(4)-Talrand Control's Combat Damage Step
Damage: Drake Token (822) deals 2 combat damage to Ai(1)-Krenko Goblins.
Life: Life: Ai(1)-Krenko Goblins 38 > 36
Phase: Ai(4)-Talrand Control's End of Combat Step
Phase: Ai(4)-Talrand Control's Main phase, postcombat
Mana: Island (345) - {T}: Add {U}.
Mana: Island (381) - {T}: Add {U}.
Mana: Island (378) - {T}: Add {U}.
Mana: Island (367) - {T}: Add {U}.
Add To Stack: Ai(4)-Talrand Control cast Concentrate
Add To Stack: Ai(4)-Talrand Control triggered Talrand, Sky Summoner
Resolve Stack: Whenever you cast an instant or sorcery spell, create a 2/2 blue Drake creature token with flying. [Card: Concentrate (308), Activator: Ai(4)-Talrand Control, SpellAbility: Draw three cards.]
Add To Stack: Ai(3)-Selvala Ramp triggered Selvala, Heart of the Wilds
Resolve Stack: Whenever another creature enters, its controller may draw a card if its power is greater than each other creature's power. [Zone Changer: Drake Token (825)]
Resolve Stack: Concentrate (308) - Ai(4)-Talrand Control draws three cards.
Mana: Island (358) - {T}: Add {U}.
Mana: Island (356) - {T}: Add {U}.
Add To Stack: Ai(4)-Talrand Control cast Thought Vessel
Resolve Stack: Thought Vessel
Phase: Ai(4)-Talrand Control's End step
Phase: Ai(4)-Talrand Control's Cleanup step
Turn: Turn 33 (Ai(1)-Krenko Goblins)
Phase: Ai(1)-Krenko Goblins' Untap step
Phase: Ai(1)-Krenko Goblins' Upkeep step
Phase: Ai(1)-Krenko Goblins' Draw step
Phase: Ai(1)-Krenko Goblins' Main phase, precombat
Mana: Mountain (53) - {T}: Add {R}.
Mana: Mountain (86) - {T}: Add {R}.
Mana: Mountain (79) - {T}: Add {R}.
Mana: Mountain (59) - {T}: Add {R}.
Mana: Mountain (82) - {T}: Add {R}.
Mana: Mountain (56) - {T}: Add {R}.
Mana: Mountain (54) - {T}: Add {R}.
Mana: Mountain (76) - {T}: Add {R}.
Add To Stack: Ai(1)-Krenko Goblins cast Krenko, Mob Boss
Mana: Island (371) - {T}: Add {U}.
Mana: Island (355) - {T}: Add {U}.
Mana: Thought Vessel (327) - {T}: Add {C}.
Add To Stack: Ai(4)-Talrand Control cast Dissolve targeting [Krenko, Mob Boss - Creature 3 / 3]
Add To Stack: Ai(4)-Talrand Control triggered Talrand, Sky Summoner
Resolve Stack: Whenever you cast an instant or sorcery spell, create a 2/2 blue Drake creature token with flying. [Card: Dissolve (387), Activator: Ai(4)-Talrand Control, SpellAbility: Counter target spell. Scry 1. (Look at the top card of your library. You may put that card on the bottom of your library.) ]
Add To Stack: Ai(3)-Selvala Ramp triggered Selvala, Heart of the Wilds
Resolve Stack: Whenever another creature enters, its controller may draw a card if its power is greater than each other creature's power. [Zone Changer: Drake Token (828)]
Zone Change: Send countered spell to Graveyard
Resolve Stack: Ai(4)-Talrand Control scried 1 card(s) to the top of the library
Resolve Stack: Dissolve (387) - Counter Krenko, Mob Boss (100). Ai(4)-Talrand Control scries 1.
Land: Ai(1)-Krenko Goblins played Mountain (65)
Phase: Ai(1)-Krenko Goblins' Beginning of Combat Step
Phase: Ai(1)-Krenko Goblins' Declare Attackers Step
Phase: Ai(1)-Krenko Goblins' Declare Blockers Step
Phase: Ai(1)-Krenko Goblins' First Strike Damage Step
Phase: Ai(1)-Krenko Goblins' Combat Damage Step
Phase: Ai(1)-Krenko Goblins' End of Combat Step
Phase: Ai(1)-Krenko Goblins' Main phase, postcombat
Phase: Ai(1)-Krenko Goblins' End step
Phase: Ai(1)-Krenko Goblins' Cleanup step
Turn: Turn 34 (Ai(2)-Drana Vampires)
Phase: Ai(2)-Drana Vampires' Untap step
Phase: Ai(2)-Drana Vampires' Upkeep step
Phase: Ai(2)-Drana Vampires' Draw step
Phase: Ai(2)-Drana Vampires' Main phase, precombat
Phase: Ai(2)-Drana Vampires' Beginning of Combat Step
Phase: Ai(2)-Drana Vampires' Declare Attackers Step
Phase: Ai(2)-Drana Vampires' Declare Blockers Step
Phase: Ai(2)-Drana Vampires' First Strike Damage Step
Phase: Ai(2)-Drana Vampires' Combat Damage Step
Phase: Ai(2)-Drana Vampires' End of Combat Step
Phase: Ai(2)-Drana Vampires' Main phase, postcombat
Land: Ai(2)-Drana Vampires played Swamp (156)
Mana: Swamp (168) - {T}: Add {B}.
Mana: Swamp (182) - {T}: Add {B}.
Mana: Swamp (183) - {T}: Add {B}.
Add To Stack: Ai(2)-Drana Vampires cast Drana, Liberator of Malakir
Resolve Stack: Drana, Liberator of Malakir - Creature 2 / 3
Add To Stack: Ai(3)-Selvala Ramp triggered Selvala, Heart of the Wilds
Resolve Stack: Whenever another creature enters, its controller may draw a card if its power is greater than each other creature's power. [Zone Changer: Drana, Liberator of Malakir (201)]
Phase: Ai(2)-Drana Vampires' End step
Phase: Ai(2)-Drana Vampires' Cleanup step
Turn: Turn 35 (Ai(3)-Selvala Ramp)
Phase: Ai(3)-Selvala Ramp's Untap step
Phase: Ai(3)-Selvala Ramp's Upkeep step
Phase: Ai(3)-Selvala Ramp's Draw step
Phase: Ai(3)-Selvala Ramp's Main phase, precombat
Land: Ai(3)-Selvala Ramp played Forest (281)
Phase: Ai(3)-Selvala Ramp's Beginning of Combat Step
Phase: Ai(3)-Selvala Ramp's Declare Attackers Step
Phase: Ai(3)-Selvala Ramp's Declare Blockers Step
Phase: Ai(3)-Selvala Ramp's First Strike Damage Step
Phase: Ai(3)-Selvala Ramp's Combat Damage Step
Phase: Ai(3)-Selvala Ramp's End of Combat Step
Phase: Ai(3)-Selvala Ramp's Main phase, postcombat
Mana: Forest (276) - {T}: Add {G}.
Mana: Forest (251) - {T}: Add {G}.
Mana: Forest (257) - {T}: Add {G}.
Mana: Forest (280) - {T}: Add {G}.
Mana: Forest (283) - {T}: Add {G}.
Mana: Forest (252) - {T}: Add {G}.
Add To Stack: Ai(3)-Selvala Ramp cast Bane of Progress
Resolve Stack: Bane of Progress - Creature 2 / 2
Add To Stack: Ai(3)-Selvala Ramp triggered Bane of Progress
Add To Stack: Ai(3)-Selvala Ramp triggered Selvala, Heart of the Wilds
Resolve Stack: Whenever another creature enters, its controller may draw a card if its power is greater than each other creature's power. [Zone Changer: Bane of Progress (293)]
Zone Change: Propaganda (395) was put into Graveyard from Battlefield.
Zone Change: Dissipation Field (397) was put into Graveyard from Battlefield.
Zone Change: Thought Vessel (327) was put into Graveyard from Battlefield.
Zone Change: Fervor (26) was put into Graveyard from Battlefield.
Resolve Stack: When Bane of Progress enters, destroy all artifacts and enchantments. Put a +1/+1 counter on Bane of Progress for each permanent destroyed this way. [Zone Changer: Bane of Progress (293)]
Phase: Ai(3)-Selvala Ramp's End step
Phase: Ai(3)-Selvala Ramp's Cleanup step
Turn: Turn 36 (Ai(4)-Talrand Control)
Phase: Ai(4)-Talrand Control's Untap step
Phase: Ai(4)-Talrand Control's Upkeep step
Phase: Ai(4)-Talrand Control's Draw step
Phase: Ai(4)-Talrand Control's Main phase, precombat
Land: Ai(4)-Talrand Control played Island (343)
Phase: Ai(4)-Talrand Control's Beginning of Combat Step
Phase: Ai(4)-Talrand Control's Declare Attackers Step
Combat: Ai(4)-Talrand Control assigned Drake Token (822), Drake Token (825) and Drake Token (828) to attack Ai(3)-Selvala Ramp.
Phase: Ai(4)-Talrand Control's Declare Blockers Step
Combat: Ai(3)-Selvala Ramp didn't block Drake Token (822).
Ai(3)-Selvala Ramp didn't block Drake Token (825).
Ai(3)-Selvala Ramp didn't block Drake Token (828).
Phase: Ai(4)-Talrand Control's First Strike Damage Step
Phase: Ai(4)-Talrand Control's Combat Damage Step
Damage: Drake Token (822) deals 2 combat damage to Ai(3)-Selvala Ramp.
Damage: Drake Token (825) deals 2 combat damage to Ai(3)-Selvala Ramp.
Damage: Drake Token (828) deals 2 combat damage to Ai(3)-Selvala Ramp.
Life: Life: Ai(3)-Selvala Ramp 37 > 31
Phase: Ai(4)-Talrand Control's End of Combat Step
Phase: Ai(4)-Talrand Control's Main phase, postcombat
Mana: Island (345) - {T}: Add {U}.
Mana: Island (381) - {T}: Add {U}.
Mana: Island (378) - {T}: Add {U}.
Mana: Island (367) - {T}: Add {U}.
Mana: Island (358) - {T}: Add {U}.
Mana: Island (356) - {T}: Add {U}.
Mana: Island (371) - {T}: Add {U}.
Add To Stack: Ai(4)-Talrand Control cast Sphinx of Uthuun
Resolve Stack: Sphinx of Uthuun - Creature 5 / 6
Add To Stack: Ai(4)-Talrand Control triggered Sphinx of Uthuun
Add To Stack: Ai(3)-Selvala Ramp triggered Selvala, Heart of the Wilds
Resolve Stack: Whenever another creature enters, its controller may draw a card if its power is greater than each other creature's power. [Zone Changer: Sphinx of Uthuun (394)]
Resolve Stack: When Sphinx of Uthuun enters, reveal the top five cards of your library. An opponent separates those cards into two piles. Put one pile into your hand and the other into your graveyard. [Zone Changer: Sphinx of Uthuun (394)]
Phase: Ai(4)-Talrand Control's End step
Phase: Ai(4)-Talrand Control's Cleanup step
Turn: Turn 37 (Ai(1)-Krenko Goblins)
Phase: Ai(1)-Krenko Goblins' Untap step
Phase: Ai(1)-Krenko Goblins' Upkeep step
Phase: Ai(1)-Krenko Goblins' Draw step
Phase: Ai(1)-Krenko Goblins' Main phase, precombat
Mana: Mountain (53) - {T}: Add {R}.
Mana: Mountain (86) - {T}: Add {R}.
Mana: Mountain (79) - {T}: Add {R}.
Add To Stack: Ai(1)-Krenko Goblins cast Goblin Rabblemaster
Mana: Island (355) - {T}: Add {U}.
Mana: Island (343) - {T}: Add {U}.
Add To Stack: Ai(4)-Talrand Control cast Arcane Denial targeting [Goblin Rabblemaster - Creature 2 / 2]
Add To Stack: Ai(4)-Talrand Control triggered Talrand, Sky Summoner
Resolve Stack: Whenever you cast an instant or sorcery spell, create a 2/2 blue Drake creature token with flying. [Card: Arcane Denial (382), Activator: Ai(4)-Talrand Control, SpellAbility: Counter target spell. Its controller may draw up to two cards at the beginning of the next turn's upkeep. You draw a card at the beginning of the next turn's upkeep.   ]
Add To Stack: Ai(3)-Selvala Ramp triggered Selvala, Heart of the Wilds
Resolve Stack: Whenever another creature enters, its controller may draw a card if its power is greater than each other creature's power. [Zone Changer: Drake Token (831)]
Zone Change: Send countered spell to Graveyard
Resolve Stack: Arcane Denial (382) - Counter Goblin Rabblemaster (1). Draw a card. Draw up to two cards. 
Phase: Ai(1)-Krenko Goblins' Beginning of Combat Step
Phase: Ai(1)-Krenko Goblins' Declare Attackers Step
Phase: Ai(1)-Krenko Goblins' Declare Blockers Step
Phase: Ai(1)-Krenko Goblins' First Strike Damage Step
Phase: Ai(1)-Krenko Goblins' Combat Damage Step
Phase: Ai(1)-Krenko Goblins' End of Combat Step
Phase: Ai(1)-Krenko Goblins' Main phase, postcombat
Land: Ai(1)-Krenko Goblins played Mountain (87)
Phase: Ai(1)-Krenko Goblins' End step
Phase: Ai(1)-Krenko Goblins' Cleanup step
Turn: Turn 38 (Ai(2)-Drana Vampires)
Phase: Ai(2)-Drana Vampires' Untap step
Phase: Ai(2)-Drana Vampires' Upkeep step
Add To Stack: Ai(4)-Talrand Control triggered Arcane Denial
Add To Stack: Ai(4)-Talrand Control triggered Arcane Denial
Resolve Stack: Draw up to two cards. ([Ai(1)-Krenko Goblins]) [Phase: Ai(2)-Drana Vampires]
Resolve Stack: Draw a card. [Phase: Ai(2)-Drana Vampires]
Phase: Ai(2)-Drana Vampires' Draw step
Phase: Ai(2)-Drana Vampires' Main phase, precombat
Phase: Ai(2)-Drana Vampires' Beginning of Combat Step
Phase: Ai(2)-Drana Vampires' Declare Attackers Step
Phase: Ai(2)-Drana Vampires' Declare Blockers Step
Phase: Ai(2)-Drana Vampires' First Strike Damage Step
Phase: Ai(2)-Drana Vampires' Combat Damage Step
Phase: Ai(2)-Drana Vampires' End of Combat Step
Phase: Ai(2)-Drana Vampires' Main phase, postcombat
Land: Ai(2)-Drana Vampires played Swamp (180)
Phase: Ai(2)-Drana Vampires' End step
Phase: Ai(2)-Drana Vampires' Cleanup step
Turn: Turn 39 (Ai(3)-Selvala Ramp)
Phase: Ai(3)-Selvala Ramp's Untap step
Phase: Ai(3)-Selvala Ramp's Upkeep step
Phase: Ai(3)-Selvala Ramp's Draw step
Phase: Ai(3)-Selvala Ramp's Main phase, precombat
Land: Ai(3)-Selvala Ramp played Forest (242)
Phase: Ai(3)-Selvala Ramp's Beginning of Combat Step
Phase: Ai(3)-Selvala Ramp's Declare Attackers Step
Combat: Ai(3)-Selvala Ramp assigned Bane of Progress (293) to attack Ai(4)-Talrand Control.
Phase: Ai(3)-Selvala Ramp's Declare Blockers Step
Combat: Ai(4)-Talrand Control didn't block Bane of Progress (293).
Phase: Ai(3)-Selvala Ramp's First Strike Damage Step
Phase: Ai(3)-Selvala Ramp's Combat Damage Step
Damage: Bane of Progress (293) deals 6 combat damage to Ai(4)-Talrand Control.
Life: Life: Ai(4)-Talrand Control 30 > 24
Phase: Ai(3)-Selvala Ramp's End of Combat Step
Phase: Ai(3)-Selvala Ramp's Main phase, postcombat
Mana: Forest (276) - {T}: Add {G}.
Mana: Forest (251) - {T}: Add {G}.
Mana: Forest (257) - {T}: Add {G}.
Mana: Forest (280) - {T}: Add {G}.
Mana: Forest (283) - {T}: Add {G}.
Mana: Forest (252) - {T}: Add {G}.
Mana: Forest (254) - {T}: Add {G}.
Add To Stack: Ai(3)-Selvala Ramp cast Elderscale Wurm
Resolve Stack: Elderscale Wurm - Creature 7 / 7
Add To Stack: Ai(3)-Selvala Ramp triggered Selvala, Heart of the Wilds
Resolve Stack: Whenever another creature enters, its controller may draw a card if its power is greater than each other creature's power. [Zone Changer: Elderscale Wurm (221)]
Mana: Forest (255) - {T}: Add {G}.
Mana: Forest (263) - {T}: Add {G}.
Mana: Forest (281) - {T}: Add {G}.
Add To Stack: Ai(3)-Selvala Ramp cast Reclamation Sage
Resolve Stack: Reclamation Sage - Creature 2 / 1
Add To Stack: Ai(3)-Selvala Ramp triggered Selvala, Heart of the Wilds
Resolve Stack: Whenever another creature enters, its controller may draw a card if its power is greater than each other creature's power. [Zone Changer: Reclamation Sage (225)]
Phase: Ai(3)-Selvala Ramp's End step
Phase: Ai(3)-Selvala Ramp's Cleanup step
Turn: Turn 40 (Ai(4)-Talrand Control)
Phase: Ai(4)-Talrand Control's Untap step
Phase: Ai(4)-Talrand Control's Upkeep step
Phase: Ai(4)-Talrand Control's Draw step
Phase: Ai(4)-Talrand Control's Main phase, precombat
Land: Ai(4)-Talrand Control played Island (346)
Phase: Ai(4)-Talrand Control's Beginning of Combat Step
Phase: Ai(4)-Talrand Control's Declare Attackers Step
Combat: Ai(4)-Talrand Control assigned Sphinx of Uthuun (394), Drake Token (822), Drake Token (825), Drake Token (828) and Drake Token (831) to attack Ai(3)-Selvala Ramp.
Phase: Ai(4)-Talrand Control's Declare Blockers Step
Combat: Ai(3)-Selvala Ramp didn't block Sphinx of Uthuun (394).
Ai(3)-Selvala Ramp didn't block Drake Token (822).
Ai(3)-Selvala Ramp didn't block Drake Token (825).
Ai(3)-Selvala Ramp didn't block Drake Token (828).
Ai(3)-Selvala Ramp didn't block Drake Token (831).
Phase: Ai(4)-Talrand Control's First Strike Damage Step
Phase: Ai(4)-Talrand Control's Combat Damage Step
Damage: Sphinx of Uthuun (394) deals 5 combat damage to Ai(3)-Selvala Ramp.
Damage: Drake Token (822) deals 2 combat damage to Ai(3)-Selvala Ramp.
Damage: Drake Token (825) deals 2 combat damage to Ai(3)-Selvala Ramp.
Damage: Drake Token (828) deals 2 combat damage to Ai(3)-Selvala Ramp.
Damage: Drake Token (831) deals 2 combat damage to Ai(3)-Selvala Ramp.
Life: Life: Ai(3)-Selvala Ramp 31 > 18
Phase: Ai(4)-Talrand Control's End of Combat Step
Phase: Ai(4)-Talrand Control's Main phase, postcombat
Mana: Island (345) - {T}: Add {U}.
Mana: Island (381) - {T}: Add {U}.
Mana: Island (378) - {T}: Add {U}.
Mana: Island (367) - {T}: Add {U}.
Mana: Island (358) - {T}: Add {U}.
Mana: Island (356) - {T}: Add {U}.
Add To Stack: Ai(4)-Talrand Control cast Frost Titan
Resolve Stack: Frost Titan - Creature 6 / 6
Add To Stack: Ai(4)-Talrand Control triggered Frost Titan targeting [Elderscale Wurm (221)]
Add To Stack: Ai(3)-Selvala Ramp triggered Selvala, Heart of the Wilds
Resolve Stack: Whenever another creature enters, its controller may draw a card if its power is greater than each other creature's power. [Zone Changer: Frost Titan (325)]
Resolve Stack: Whenever Frost Titan enters or attacks, tap target permanent. It doesn't untap during its controller's next untap step. (Targeting: [[Elderscale Wurm (221)]]) [Zone Changer: Frost Titan (325)]
Mana: Island (371) - {T}: Add {U}.
Mana: Island (355) - {T}: Add {U}.
Mana: Island (343) - {T}: Add {U}.
Add To Stack: Ai(4)-Talrand Control cast Mulldrifter
Resolve Stack: Mulldrifter (Evoked)
Add To Stack: Ai(4)-Talrand Control triggered Mulldrifter
Add To Stack: Ai(4)-Talrand Control triggered Mulldrifter
Add To Stack: Ai(3)-Selvala Ramp triggered Selvala, Heart of the Wilds
Resolve Stack: Whenever another creature enters, its controller may draw a card if its power is greater than each other creature's power. [Zone Changer: Mulldrifter (334)]
Resolve Stack: When Mulldrifter enters, draw two cards. [Zone Changer: Mulldrifter (334)]
Zone Change: Mulldrifter (334) was put into Graveyard from Battlefield.
Resolve Stack: Evoke (You may cast this spell for its evoke cost. If you do, it's sacrificed when it enters.) [Zone Changer: Mulldrifter (334)]
Phase: Ai(4)-Talrand Control's End step
Phase: Ai(4)-Talrand Control's Cleanup step
Turn: Turn 41 (Ai(1)-Krenko Goblins)
Phase: Ai(1)-Krenko Goblins' Untap step
Phase: Ai(1)-Krenko Goblins' Upkeep step
Phase: Ai(1)-Krenko Goblins' Draw step
Phase: Ai(1)-Krenko Goblins' Main phase, precombat
Mana: Mountain (53) - {T}: Add {R}.
Mana: Mountain (86) - {T}: Add {R}.
Mana: Mountain (79) - {T}: Add {R}.
Mana: Mountain (59) - {T}: Add {R}.
Mana: Mountain (82) - {T}: Add {R}.
Mana: Mountain (56) - {T}: Add {R}.
Mana: Mountain (54) - {T}: Add {R}.
Mana: Mountain (76) - {T}: Add {R}.
Mana: Mountain (65) - {T}: Add {R}.
Mana: Mountain (87) - {T}: Add {R}.
Add To Stack: Ai(1)-Krenko Goblins cast Krenko, Mob Boss
Resolve Stack: Krenko, Mob Boss - Creature 3 / 3
Add To Stack: Ai(3)-Selvala Ramp triggered Selvala, Heart of the Wilds
Resolve Stack: Whenever another creature enters, its controller may draw a card if its power is greater than each other creature's power. [Zone Changer: Krenko, Mob Boss (100)]
Land: Ai(1)-Krenko Goblins played Mountain (70)
Phase: Ai(1)-Krenko Goblins' Beginning of Combat Step
Phase: Ai(1)-Krenko Goblins' Declare Attackers Step
Phase: Ai(1)-Krenko Goblins' Declare Blockers Step
Phase: Ai(1)-Krenko Goblins' First Strike Damage Step
Phase: Ai(1)-Krenko Goblins' Combat Damage Step
Phase: Ai(1)-Krenko Goblins' End of Combat Step
Phase: Ai(1)-Krenko Goblins' Main phase, postcombat
Mana: Mountain (70) - {T}: Add {R}.
Add To Stack: Ai(1)-Krenko Goblins cast Sol Ring
Resolve Stack: Sol Ring
Phase: Ai(1)-Krenko Goblins' End step
Phase: Ai(1)-Krenko Goblins' Cleanup step
Turn: Turn 42 (Ai(2)-Drana Vampires)
Phase: Ai(2)-Drana Vampires' Untap step
Phase: Ai(2)-Drana Vampires' Upkeep step
Phase: Ai(2)-Drana Vampires' Draw step
Phase: Ai(2)-Drana Vampires' Main phase, precombat
Mana: Swamp (168) - {T}: Add {B}.
Mana: Swamp (182) - {T}: Add {B}.
Add To Stack: Ai(2)-Drana Vampires cast Feast of Blood targeting [Sphinx of Uthuun (394)]
Zone Change: Sphinx of Uthuun (394) was put into Graveyard from Battlefield.
Life: Life: Ai(2)-Drana Vampires 46 > 50
Resolve Stack: Feast of Blood (127) - Destroy Sphinx of Uthuun (394). Ai(2)-Drana Vampires gains 4 life.
Phase: Ai(2)-Drana Vampires' Beginning of Combat Step
Phase: Ai(2)-Drana Vampires' Declare Attackers Step
Combat: Ai(2)-Drana Vampires assigned Drana, Liberator of Malakir (201) to attack Ai(4)-Talrand Control.
Phase: Ai(2)-Drana Vampires' Declare Blockers Step
Combat: Ai(4)-Talrand Control didn't block Drana, Liberator of Malakir (201).
Add To Stack: Ai(1)-Krenko Goblins activated Krenko, Mob Boss
Resolve Stack: Krenko, Mob Boss (100) - Ai(1)-Krenko Goblins creates six 1/1 red Goblin creature tokens.
Add To Stack: Ai(3)-Selvala Ramp triggered Selvala, Heart of the Wilds
Add To Stack: Ai(3)-Selvala Ramp triggered Selvala, Heart of the Wilds
Add To Stack: Ai(3)-Selvala Ramp triggered Selvala, Heart of the Wilds
Resolve Stack: Whenever another creature enters, its controller may draw a card if its power is greater than each other creature's power. [Zone Changer: Goblin Token (852)]
Resolve Stack: Whenever another creature enters, its controller may draw a card if its power is greater than each other creature's power. [Zone Changer: Goblin Token (851)]
Resolve Stack: Whenever another creature enters, its controller may draw a card if its power is greater than each other creature's power. [Zone Changer: Goblin Token (850)]
Phase: Ai(2)-Drana Vampires' First Strike Damage Step
Damage: Drana, Liberator of Malakir (201) deals 2 combat damage to Ai(4)-Talrand Control.
Life: Life: Ai(4)-Talrand Control 24 > 22
Add To Stack: Ai(2)-Drana Vampires triggered Drana, Liberator of Malakir
Resolve Stack: Whenever Drana, Liberator of Malakir deals combat damage to a player, put a +1/+1 counter on each attacking creature you control. [Damage Source: Drana, Liberator of Malakir (201), Damaged: Ai(4)-Talrand Control, Amount: 2]
Phase: Ai(2)-Drana Vampires' Combat Damage Step
Phase: Ai(2)-Drana Vampires' End of Combat Step
Phase: Ai(2)-Drana Vampires' Main phase, postcombat
Phase: Ai(2)-Drana Vampires' End step
Phase: Ai(2)-Drana Vampires' Cleanup step
Turn: Turn 43 (Ai(3)-Selvala Ramp)
Phase: Ai(3)-Selvala Ramp's Untap step
Phase: Ai(3)-Selvala Ramp's Upkeep step
Phase: Ai(3)-Selvala Ramp's Draw step
Phase: Ai(3)-Selvala Ramp's Main phase, precombat
Phase: Ai(3)-Selvala Ramp's Beginning of Combat Step
Phase: Ai(3)-Selvala Ramp's Declare Attackers Step
Phase: Ai(3)-Selvala Ramp's Declare Blockers Step
Phase: Ai(3)-Selvala Ramp's First Strike Damage Step
Phase: Ai(3)-Selvala Ramp's Combat Damage Step
Phase: Ai(3)-Selvala Ramp's End of Combat Step
Phase: Ai(3)-Selvala Ramp's Main phase, postcombat
Mana: Forest (276) - {T}: Add {G}.
Mana: Forest (251) - {T}: Add {G}.
Mana: Forest (257) - {T}: Add {G}.
Add To Stack: Ai(3)-Selvala Ramp cast Colossal Majesty
Resolve Stack: Colossal Majesty
Phase: Ai(3)-Selvala Ramp's End step
Phase: Ai(3)-Selvala Ramp's Cleanup step
Turn: Turn 44 (Ai(4)-Talrand Control)
Phase: Ai(4)-Talrand Control's Untap step
Phase: Ai(4)-Talrand Control's Upkeep step
Phase: Ai(4)-Talrand Control's Draw step
Phase: Ai(4)-Talrand Control's Main phase, precombat
Mana: Island (345) - {T}: Add {U}.
Add To Stack: Ai(4)-Talrand Control cast Preordain
Add To Stack: Ai(4)-Talrand Control triggered Talrand, Sky Summoner
Resolve Stack: Whenever you cast an instant or sorcery spell, create a 2/2 blue Drake creature token with flying. [Card: Preordain (323), Activator: Ai(4)-Talrand Control, SpellAbility: Scry 2, then draw a card. (To scry 2, look at the top two cards of your library, then put any number of them on the bottom of your library and the rest on top in any order.) ]
Add To Stack: Ai(3)-Selvala Ramp triggered Selvala, Heart of the Wilds
Resolve Stack: Whenever another creature enters, its controller may draw a card if its power is greater than each other creature's power. [Zone Changer: Drake Token (855)]
Resolve Stack: Ai(4)-Talrand Control scried 1 card(s) to the top of the library and 1 card(s) to the bottom of the library
Resolve Stack: Preordain (323) - Ai(4)-Talrand Control scries 2. Ai(4)-Talrand Control draws a card.
Land: Ai(4)-Talrand Control played Island (380)
Phase: Ai(4)-Talrand Control's Beginning of Combat Step
Phase: Ai(4)-Talrand Control's Declare Attackers Step
Combat: Ai(4)-Talrand Control assigned Drake Token (822), Drake Token (825), Drake Token (828) and Drake Token (831) to attack Ai(3)-Selvala Ramp.
Phase: Ai(4)-Talrand Control's Declare Blockers Step
Combat: Ai(3)-Selvala Ramp didn't block Drake Token (822).
Ai(3)-Selvala Ramp didn't block Drake Token (825).
Ai(3)-Selvala Ramp didn't block Drake Token (828).
Ai(3)-Selvala Ramp didn't block Drake Token (831).
Phase: Ai(4)-Talrand Control's First Strike Damage Step
Phase: Ai(4)-Talrand Control's Combat Damage Step
Damage: Drake Token (822) deals 2 combat damage to Ai(3)-Selvala Ramp.
Damage: Drake Token (825) deals 2 combat damage to Ai(3)-Selvala Ramp.
Damage: Drake Token (828) deals 2 combat damage to Ai(3)-Selvala Ramp.
Damage: Drake Token (831) deals 2 combat damage to Ai(3)-Selvala Ramp.
Life: Life: Ai(3)-Selvala Ramp 18 > 10
Phase: Ai(4)-Talrand Control's End of Combat Step
Phase: Ai(4)-Talrand Control's Main phase, postcombat
Mana: Island (381) - {T}: Add {U}.
Mana: Island (378) - {T}: Add {U}.
Mana: Island (367) - {T}: Add {U}.
Mana: Island (358) - {T}: Add {U}.
Mana: Island (356) - {T}: Add {U}.
Mana: Island (371) - {T}: Add {U}.
Add To Stack: Ai(4)-Talrand Control cast Mahamoti Djinn
Resolve Stack: Mahamoti Djinn - Creature 5 / 6
Add To Stack: Ai(3)-Selvala Ramp triggered Selvala, Heart of the Wilds
Resolve Stack: Whenever another creature enters, its controller may draw a card if its power is greater than each other creature's power. [Zone Changer: Mahamoti Djinn (402)]
Phase: Ai(4)-Talrand Control's End step
Phase: Ai(4)-Talrand Control's Cleanup step
Turn: Turn 45 (Ai(1)-Krenko Goblins)
Phase: Ai(1)-Krenko Goblins' Untap step
Phase: Ai(1)-Krenko Goblins' Upkeep step
Phase: Ai(1)-Krenko Goblins' Draw step
Phase: Ai(1)-Krenko Goblins' Main phase, precombat
Mana: Mountain (53) - {T}: Add {R}.
Mana: Mountain (86) - {T}: Add {R}.
Mana: Sol Ring (13) - {T}: Add {C}{C}.
Add To Stack: Ai(1)-Krenko Goblins cast Goblin Warchief
Mana: Island (355) - {T}: Add {U}.
Mana: Island (343) - {T}: Add {U}.
Mana: Island (346) - {T}: Add {U}.
Add To Stack: Ai(4)-Talrand Control cast Dissipate targeting [Goblin Warchief - Creature 2 / 2]
Add To Stack: Ai(4)-Talrand Control triggered Talrand, Sky Summoner
Resolve Stack: Whenever you cast an instant or sorcery spell, create a 2/2 blue Drake creature token with flying. [Card: Dissipate (324), Activator: Ai(4)-Talrand Control, SpellAbility: Counter target spell. If that spell is countered this way, exile it instead of putting it into its owner's graveyard.]
Add To Stack: Ai(3)-Selvala Ramp triggered Selvala, Heart of the Wilds
Resolve Stack: Whenever another creature enters, its controller may draw a card if its power is greater than each other creature's power. [Zone Changer: Drake Token (862)]
Zone Change: Send countered spell to Exile
Resolve Stack: Dissipate (324) - Counter Goblin Warchief (21).
Mana: Mountain (79) - {T}: Add {R}.
Mana: Mountain (59) - {T}: Add {R}.
Add To Stack: Ai(1)-Krenko Goblins cast Gempalm Incinerator
Resolve Stack: Gempalm Incinerator - Creature 2 / 1
Add To Stack: Ai(3)-Selvala Ramp triggered Selvala, Heart of the Wilds
Resolve Stack: Whenever another creature enters, its controller may draw a card if its power is greater than each other creature's power. [Zone Changer: Gempalm Incinerator (32)]
Phase: Ai(1)-Krenko Goblins' Beginning of Combat Step
Phase: Ai(1)-Krenko Goblins' Declare Attackers Step
Phase: Ai(1)-Krenko Goblins' Declare Blockers Step
Phase: Ai(1)-Krenko Goblins' First Strike Damage Step
Phase: Ai(1)-Krenko Goblins' Combat Damage Step
Phase: Ai(1)-Krenko Goblins' End of Combat Step
Phase: Ai(1)-Krenko Goblins' Main phase, postcombat
Phase: Ai(1)-Krenko Goblins' End step
Phase: Ai(1)-Krenko Goblins' Cleanup step
Turn: Turn 46 (Ai(2)-Drana Vampires)
Phase: Ai(2)-Drana Vampires' Untap step
Phase: Ai(2)-Drana Vampires' Upkeep step
Phase: Ai(2)-Drana Vampires' Draw step
Phase: Ai(2)-Drana Vampires' Main phase, precombat
Phase: Ai(2)-Drana Vampires' Beginning of Combat Step
Phase: Ai(2)-Drana Vampires' Declare Attackers Step
Add To Stack: Ai(1)-Krenko Goblins activated Krenko, Mob Boss
Resolve Stack: Krenko, Mob Boss (100) - Ai(1)-Krenko Goblins creates fourteen 1/1 red Goblin creature tokens.
Add To Stack: Ai(3)-Selvala Ramp triggered Selvala, Heart of the Wilds
Add To Stack: Ai(3)-Selvala Ramp triggered Selvala, Heart of the Wilds
Add To Stack: Ai(3)-Selvala Ramp triggered Selvala, Heart of the Wilds
Add To Stack: Ai(3)-Selvala Ramp triggered Selvala, Heart of the Wilds
Add To Stack: Ai(3)-Selvala Ramp triggered Selvala, Heart of the Wilds
Add To Stack: Ai(3)-Selvala Ramp triggered Selvala, Heart of the Wilds
Add To Stack: Ai(3)-Selvala Ramp triggered Selvala, Heart of the Wilds
Resolve Stack: Whenever another creature enters, its controller may draw a card if its power is greater than each other creature's power. [Zone Changer: Goblin Token (886)]
Resolve Stack: Whenever another creature enters, its controller may draw a card if its power is greater than each other creature's power. [Zone Changer: Goblin Token (885)]
Resolve Stack: Whenever another creature enters, its controller may draw a card if its power is greater than each other creature's power. [Zone Changer: Goblin Token (884)]
Resolve Stack: Whenever another creature enters, its controller may draw a card if its power is greater than each other creature's power. [Zone Changer: Goblin Token (883)]
Resolve Stack: Whenever another creature enters, its controller may draw a card if its power is greater than each other creature's power. [Zone Changer: Goblin Token (882)]
Resolve Stack: Whenever another creature enters, its controller may draw a card if its power is greater than each other creature's power. [Zone Changer: Goblin Token (881)]
Resolve Stack: Whenever another creature enters, its controller may draw a card if its power is greater than each other creature's power. [Zone Changer: Goblin Token (880)]
Phase: Ai(2)-Drana Vampires' Declare Blockers Step
Phase: Ai(2)-Drana Vampires' First Strike Damage Step
Phase: Ai(2)-Drana Vampires' Combat Damage Step
Phase: Ai(2)-Drana Vampires' End of Combat Step
Phase: Ai(2)-Drana Vampires' Main phase, postcombat
Mana: Swamp (168) - {T}: Add {B}.
Mana: Swamp (182) - {T}: Add {B}.
Mana: Swamp (183) - {T}: Add {B}.
Mana: Swamp (174) - {T}: Add {B}.
Mana: Swamp (191) - {T}: Add {B}.
Mana: Swamp (196) - {T}: Add {B}.
Add To Stack: Ai(2)-Drana Vampires cast Nirkana Revenant
Resolve Stack: Nirkana Revenant - Creature 4 / 4
Add To Stack: Ai(3)-Selvala Ramp triggered Selvala, Heart of the Wilds
Resolve Stack: Whenever another creature enters, its controller may draw a card if its power is greater than each other creature's power. [Zone Changer: Nirkana Revenant (135)]
Phase: Ai(2)-Drana Vampires' End step
Phase: Ai(2)-Drana Vampires' Cleanup step
Turn: Turn 47 (Ai(3)-Selvala Ramp)
Phase: Ai(3)-Selvala Ramp's Untap step
Phase: Ai(3)-Selvala Ramp's Upkeep step
Add To Stack: Ai(3)-Selvala Ramp triggered Colossal Majesty
Resolve Stack: At the beginning of your upkeep, if you control a creature with power 4 or greater, draw a card. [Phase: Ai(3)-Selvala Ramp]
Phase: Ai(3)-Selvala Ramp's Draw step
Phase: Ai(3)-Selvala Ramp's Main phase, precombat
Land: Ai(3)-Selvala Ramp played Forest (247)
Mana: Forest (276) - {T}: Add {G}.
Mana: Forest (251) - {T}: Add {G}.
Add To Stack: Ai(3)-Selvala Ramp cast Rampant Growth
Resolve Stack: Rampant Growth (294) - Search your library for a basic land card, put that card onto the battlefield tapped, then shuffle.
Phase: Ai(3)-Selvala Ramp's Beginning of Combat Step
Phase: Ai(3)-Selvala Ramp's Declare Attackers Step
Phase: Ai(3)-Selvala Ramp's Declare Blockers Step
Phase: Ai(3)-Selvala Ramp's First Strike Damage Step
Phase: Ai(3)-Selvala Ramp's Combat Damage Step
Phase: Ai(3)-Selvala Ramp's End of Combat Step
Phase: Ai(3)-Selvala Ramp's Main phase, postcombat
Phase: Ai(3)-Selvala Ramp's End step
Phase: Ai(3)-Selvala Ramp's Cleanup step
Turn: Turn 48 (Ai(4)-Talrand Control)
Phase: Ai(4)-Talrand Control's Untap step
Phase: Ai(4)-Talrand Control's Upkeep step
Phase: Ai(4)-Talrand Control's Draw step
Phase: Ai(4)-Talrand Control's Main phase, precombat
Phase: Ai(4)-Talrand Control's Beginning of Combat Step
Phase: Ai(4)-Talrand Control's Declare Attackers Step
Combat: Ai(4)-Talrand Control assigned Frost Titan (325), Mahamoti Djinn (402), Drake Token (822) and Drake Token (825) to attack Ai(1)-Krenko Goblins.
Add To Stack: Ai(4)-Talrand Control triggered Frost Titan targeting [Elderscale Wurm (221)]
Resolve Stack: Whenever Frost Titan enters or attacks, tap target permanent. It doesn't untap during its controller's next untap step. (Targeting: [[Elderscale Wurm (221)]]) [Attacker: Frost Titan (325)]
Phase: Ai(4)-Talrand Control's Declare Blockers Step
Combat: Ai(1)-Krenko Goblins didn't block Frost Titan (325).
Ai(1)-Krenko Goblins didn't block Mahamoti Djinn (402).
Ai(1)-Krenko Goblins didn't block Drake Token (822).
Ai(1)-Krenko Goblins didn't block Drake Token (825).
Phase: Ai(4)-Talrand Control's First Strike Damage Step
Phase: Ai(4)-Talrand Control's Combat Damage Step
Damage: Frost Titan (325) deals 6 combat damage to Ai(1)-Krenko Goblins.
Damage: Mahamoti Djinn (402) deals 5 combat damage to Ai(1)-Krenko Goblins.
Damage: Drake Token (822) deals 2 combat damage to Ai(1)-Krenko Goblins.
Damage: Drake Token (825) deals 2 combat damage to Ai(1)-Krenko Goblins.
Life: Life: Ai(1)-Krenko Goblins 36 > 21
Phase: Ai(4)-Talrand Control's End of Combat Step
Phase: Ai(4)-Talrand Control's Main phase, postcombat
Land: Ai(4)-Talrand Control played Island (360)
Mana: Island (345) - {T}: Add {U}.
Add To Stack: Ai(4)-Talrand Control cast Brainstorm
Add To Stack: Ai(4)-Talrand Control triggered Talrand, Sky Summoner
Resolve Stack: Whenever you cast an instant or sorcery spell, create a 2/2 blue Drake creature token with flying. [Card: Brainstorm (393), Activator: Ai(4)-Talrand Control, SpellAbility: Draw three cards, then put two cards from your hand on top of your library in any order. ]
Add To Stack: Ai(3)-Selvala Ramp triggered Selvala, Heart of the Wilds
Resolve Stack: Whenever another creature enters, its controller may draw a card if its power is greater than each other creature's power. [Zone Changer: Drake Token (889)]
Resolve Stack: Brainstorm (393) - Ai(4)-Talrand Control draws three cards, then puts two cards from their hand on top of their library in any order.
Mana: Island (381) - {T}: Add {U}.
Mana: Island (378) - {T}: Add {U}.
Mana: Island (367) - {T}: Add {U}.
Mana: Island (358) - {T}: Add {U}.
Add To Stack: Ai(4)-Talrand Control cast Talrand's Invocation
Add To Stack: Ai(4)-Talrand Control triggered Talrand, Sky Summoner
Resolve Stack: Whenever you cast an instant or sorcery spell, create a 2/2 blue Drake creature token with flying. [Card: Talrand's Invocation (330), Activator: Ai(4)-Talrand Control, SpellAbility: Create two 2/2 blue Drake creature tokens with flying.]
Add To Stack: Ai(3)-Selvala Ramp triggered Selvala, Heart of the Wilds
Resolve Stack: Whenever another creature enters, its controller may draw a card if its power is greater than each other creature's power. [Zone Changer: Drake Token (894)]
Resolve Stack: Talrand's Invocation (330) - Ai(4)-Talrand Control creates two 2/2 blue Drake creature tokens with flying.
Add To Stack: Ai(3)-Selvala Ramp triggered Selvala, Heart of the Wilds
Add To Stack: Ai(3)-Selvala Ramp triggered Selvala, Heart of the Wilds
Resolve Stack: Whenever another creature enters, its controller may draw a card if its power is greater than each other creature's power. [Zone Changer: Drake Token (897)]
Resolve Stack: Whenever another creature enters, its controller may draw a card if its power is greater than each other creature's power. [Zone Changer: Drake Token (896)]
Mana: Island (356) - {T}: Add {U}.
Mana: Island (371) - {T}: Add {U}.
Add To Stack: Ai(4)-Talrand Control cast Reality Shift targeting [Krenko, Mob Boss (100)]
Add To Stack: Ai(4)-Talrand Control triggered Talrand, Sky Summoner
Resolve Stack: Whenever you cast an instant or sorcery spell, create a 2/2 blue Drake creature token with flying. [Card: Reality Shift (388), Activator: Ai(4)-Talrand Control, SpellAbility: Exile target creature. Its controller manifests the top card of their library. (That player puts the top card of their library onto the battlefield face down as a 2/2 creature. If it's a creature card, it can be turned face up any time for its mana cost.) ]
Add To Stack: Ai(3)-Selvala Ramp triggered Selvala, Heart of the Wilds
Resolve Stack: Whenever another creature enters, its controller may draw a card if its power is greater than each other creature's power. [Zone Changer: Drake Token (900)]
Zone Change: Krenko, Mob Boss (100) was put into Exile from Battlefield.
Resolve Stack: Reality Shift (388) - Exile Krenko, Mob Boss (100). 
Add To Stack: Ai(3)-Selvala Ramp triggered Selvala, Heart of the Wilds
Resolve Stack: Whenever another creature enters, its controller may draw a card if its power is greater than each other creature's power. [Zone Changer: Face-down card (H1)]
Phase: Ai(4)-Talrand Control's End step
Phase: Ai(4)-Talrand Control's Cleanup step
Turn: Turn 49 (Ai(1)-Krenko Goblins)
Phase: Ai(1)-Krenko Goblins' Untap step
Phase: Ai(1)-Krenko Goblins' Upkeep step
Phase: Ai(1)-Krenko Goblins' Draw step
Phase: Ai(1)-Krenko Goblins' Main phase, precombat
Mana: Mountain (53) - {T}: Add {R}.
Mana: Mountain (86) - {T}: Add {R}.
Mana: Sol Ring (13) - {T}: Add {C}{C}.
Mana: Mountain (79) - {T}: Add {R}.
Mana: Mountain (59) - {T}: Add {R}.
Mana: Mountain (82) - {T}: Add {R}.
Mana: Mountain (56) - {T}: Add {R}.
Mana: Mountain (54) - {T}: Add {R}.
Mana: Mountain (76) - {T}: Add {R}.
Mana: Mountain (65) - {T}: Add {R}.
Mana: Mountain (87) - {T}: Add {R}.
Add To Stack: Ai(1)-Krenko Goblins cast Krenko, Mob Boss
Resolve Stack: Krenko, Mob Boss - Creature 3 / 3
Add To Stack: Ai(3)-Selvala Ramp triggered Selvala, Heart of the Wilds
Resolve Stack: Whenever another creature enters, its controller may draw a card if its power is greater than each other creature's power. [Zone Changer: Krenko, Mob Boss (100)]
Phase: Ai(1)-Krenko Goblins' Beginning of Combat Step
Phase: Ai(1)-Krenko Goblins' Declare Attackers Step
Phase: Ai(1)-Krenko Goblins' Declare Blockers Step
Phase: Ai(1)-Krenko Goblins' First Strike Damage Step
Phase: Ai(1)-Krenko Goblins' Combat Damage Step
Phase: Ai(1)-Krenko Goblins' End of Combat Step
Phase: Ai(1)-Krenko Goblins' Main phase, postcombat
Phase: Ai(1)-Krenko Goblins' End step
Phase: Ai(1)-Krenko Goblins' Cleanup step
Turn: Turn 50 (Ai(2)-Drana Vampires)
Phase: Ai(2)-Drana Vampires' Untap step
Phase: Ai(2)-Drana Vampires' Upkeep step
Phase: Ai(2)-Drana Vampires' Draw step
Phase: Ai(2)-Drana Vampires' Main phase, precombat
Phase: Ai(2)-Drana Vampires' Beginning of Combat Step
Phase: Ai(2)-Drana Vampires' Declare Attackers Step
Combat: Ai(2)-Drana Vampires assigned Nirkana Revenant (135) and Drana, Liberator of Malakir (201) to attack Ai(4)-Talrand Control.
Add To Stack: Ai(1)-Krenko Goblins activated Krenko, Mob Boss
Resolve Stack: Krenko, Mob Boss (100) - Ai(1)-Krenko Goblins creates twenty eight 1/1 red Goblin creature tokens.
Add To Stack: Ai(3)-Selvala Ramp triggered Selvala, Heart of the Wilds
Add To Stack: Ai(3)-Selvala Ramp triggered Selvala, Heart of the Wilds
Add To Stack: Ai(3)-Selvala Ramp triggered Selvala, Heart of the Wilds
Add To Stack: Ai(3)-Selvala Ramp triggered Selvala, Heart of the Wilds
Add To Stack: Ai(3)-Selvala Ramp triggered Selvala, Heart of the Wilds
Add To Stack: Ai(3)-Selvala Ramp triggered Selvala, Heart of the Wilds
Add To Stack: Ai(3)-Selvala Ramp triggered Selvala, Heart of the Wilds
Add To Stack: Ai(3)-Selvala Ramp triggered Selvala, Heart of the Wilds
Add To Stack: Ai(3)-Selvala Ramp triggered Selvala, Heart of the Wilds
Add To Stack: Ai(3)-Selvala Ramp triggered Selvala, Heart of the Wilds
Add To Stack: Ai(3)-Selvala Ramp triggered Selvala, Heart of the Wilds
Add To Stack: Ai(3)-Selvala Ramp triggered Selvala, Heart of the Wilds
Add To Stack: Ai(3)-Selvala Ramp triggered Selvala, Heart of the Wilds
Add To Stack: Ai(3)-Selvala Ramp triggered Selvala, Heart of the Wilds
Resolve Stack: Whenever another creature enters, its controller may draw a card if its power is greater than each other creature's power. [Zone Changer: Goblin Token (928)]
Resolve Stack: Whenever another creature enters, its controller may draw a card if its power is greater than each other creature's power. [Zone Changer: Goblin Token (927)]
Resolve Stack: Whenever another creature enters, its controller may draw a card if its power is greater than each other creature's power. [Zone Changer: Goblin Token (926)]
Resolve Stack: Whenever another creature enters, its controller may draw a card if its power is greater than each other creature's power. [Zone Changer: Goblin Token (925)]
Resolve Stack: Whenever another creature enters, its controller may draw a card if its power is greater than each other creature's power. [Zone Changer: Goblin Token (924)]
Resolve Stack: Whenever another creature enters, its controller may draw a card if its power is greater than each other creature's power. [Zone Changer: Goblin Token (923)]
Resolve Stack: Whenever another creature enters, its controller may draw a card if its power is greater than each other creature's power. [Zone Changer: Goblin Token (922)]
Resolve Stack: Whenever another creature enters, its controller may draw a card if its power is greater than each other creature's power. [Zone Changer: Goblin Token (921)]
Resolve Stack: Whenever another creature enters, its controller may draw a card if its power is greater than each other creature's power. [Zone Changer: Goblin Token (920)]
Resolve Stack: Whenever another creature enters, its controller may draw a card if its power is greater than each other creature's power. [Zone Changer: Goblin Token (919)]
Resolve Stack: Whenever another creature enters, its controller may draw a card if its power is greater than each other creature's power. [Zone Changer: Goblin Token (918)]
Resolve Stack: Whenever another creature enters, its controller may draw a card if its power is greater than each other creature's power. [Zone Changer: Goblin Token (917)]
Resolve Stack: Whenever another creature enters, its controller may draw a card if its power is greater than each other creature's power. [Zone Changer: Goblin Token (916)]
Resolve Stack: Whenever another creature enters, its controller may draw a card if its power is greater than each other creature's power. [Zone Changer: Goblin Token (915)]
Phase: Ai(2)-Drana Vampires' Declare Blockers Step
Combat: Ai(4)-Talrand Control didn't block Nirkana Revenant (135).
Ai(4)-Talrand Control didn't block Drana, Liberator of Malakir (201).
Phase: Ai(2)-Drana Vampires' First Strike Damage Step
Damage: Drana, Liberator of Malakir (201) deals 3 combat damage to Ai(4)-Talrand Control.
Life: Life: Ai(4)-Talrand Control 22 > 19
Add To Stack: Ai(2)-Drana Vampires triggered Drana, Liberator of Malakir
Resolve Stack: Whenever Drana, Liberator of Malakir deals combat damage to a player, put a +1/+1 counter on each attacking creature you control. [Damage Source: Drana, Liberator of Malakir (201), Damaged: Ai(4)-Talrand Control, Amount: 3]
Phase: Ai(2)-Drana Vampires' Combat Damage Step
Damage: Nirkana Revenant (135) deals 5 combat damage to Ai(4)-Talrand Control.
Life: Life: Ai(4)-Talrand Control 19 > 14
Phase: Ai(2)-Drana Vampires' End of Combat Step
Phase: Ai(2)-Drana Vampires' Main phase, postcombat
Phase: Ai(2)-Drana Vampires' End step
Phase: Ai(2)-Drana Vampires' Cleanup step
Turn: Turn 51 (Ai(3)-Selvala Ramp)
Phase: Ai(3)-Selvala Ramp's Untap step
Phase: Ai(3)-Selvala Ramp's Upkeep step
Add To Stack: Ai(3)-Selvala Ramp triggered Colossal Majesty
Resolve Stack: At the beginning of your upkeep, if you control a creature with power 4 or greater, draw a card. [Phase: Ai(3)-Selvala Ramp]
Phase: Ai(3)-Selvala Ramp's Draw step
Phase: Ai(3)-Selvala Ramp's Main phase, precombat
Land: Ai(3)-Selvala Ramp played Forest (269)
Phase: Ai(3)-Selvala Ramp's Beginning of Combat Step
Phase: Ai(3)-Selvala Ramp's Declare Attackers Step
Phase: Ai(3)-Selvala Ramp's Declare Blockers Step
Phase: Ai(3)-Selvala Ramp's First Strike Damage Step
Phase: Ai(3)-Selvala Ramp's Combat Damage Step
Phase: Ai(3)-Selvala Ramp's End of Combat Step
Phase: Ai(3)-Selvala Ramp's Main phase, postcombat
Phase: Ai(3)-Selvala Ramp's End step
Phase: Ai(3)-Selvala Ramp's Cleanup step
Turn: Turn 52 (Ai(4)-Talrand Control)
Phase: Ai(4)-Talrand Control's Untap step
Phase: Ai(4)-Talrand Control's Upkeep step
Phase: Ai(4)-Talrand Control's Draw step
Phase: Ai(4)-Talrand Control's Main phase, precombat
Phase: Ai(4)-Talrand Control's Beginning of Combat Step
Phase: Ai(4)-Talrand Control's Declare Attackers Step
Combat: Ai(4)-Talrand Control assigned Frost Titan (325), Mahamoti Djinn (402), Talrand, Sky Summoner (403), Drake Token (822), Drake Token (825), Drake Token (828), Drake Token (831), Drake Token (855), Drake Token (862), Drake Token (889), Drake Token (894), Drake Token (896), Drake Token (897) and Drake Token (900) to attack Ai(1)-Krenko Goblins.
Add To Stack: Ai(4)-Talrand Control triggered Frost Titan targeting [Bane of Progress (293)]
Resolve Stack: Whenever Frost Titan enters or attacks, tap target permanent. It doesn't untap during its controller's next untap step. (Targeting: [[Bane of Progress (293)]]) [Attacker: Frost Titan (325)]
Phase: Ai(4)-Talrand Control's Declare Blockers Step
Combat: Ai(1)-Krenko Goblins assigned Goblin Token (850) to block Frost Titan (325).
Ai(1)-Krenko Goblins didn't block Mahamoti Djinn (402).
Ai(1)-Krenko Goblins assigned Goblin Token (851) to block Talrand, Sky Summoner (403).
Ai(1)-Krenko Goblins didn't block Drake Token (822).
Ai(1)-Krenko Goblins didn't block Drake Token (825).
Ai(1)-Krenko Goblins didn't block Drake Token (828).
Ai(1)-Krenko Goblins didn't block Drake Token (831).
Ai(1)-Krenko Goblins didn't block Drake Token (855).
Ai(1)-Krenko Goblins didn't block Drake Token (862).
Ai(1)-Krenko Goblins didn't block Drake Token (889).
Ai(1)-Krenko Goblins didn't block Drake Token (894).
Ai(1)-Krenko Goblins didn't block Drake Token (896).
Ai(1)-Krenko Goblins didn't block Drake Token (897).
Ai(1)-Krenko Goblins didn't block Drake Token (900).
Phase: Ai(4)-Talrand Control's First Strike Damage Step
Phase: Ai(4)-Talrand Control's Combat Damage Step
Damage: Frost Titan (325) deals 6 damage to Goblin Token (850).
Damage: Mahamoti Djinn (402) deals 5 combat damage to Ai(1)-Krenko Goblins.
Damage: Talrand, Sky Summoner (403) deals 2 damage to Goblin Token (851).
Damage: Drake Token (822) deals 2 combat damage to Ai(1)-Krenko Goblins.
Damage: Drake Token (825) deals 2 combat damage to Ai(1)-Krenko Goblins.
Damage: Drake Token (828) deals 2 combat damage to Ai(1)-Krenko Goblins.
Damage: Drake Token (831) deals 2 combat damage to Ai(1)-Krenko Goblins.
Damage: Drake Token (855) deals 2 combat damage to Ai(1)-Krenko Goblins.
Damage: Drake Token (862) deals 2 combat damage to Ai(1)-Krenko Goblins.
Damage: Drake Token (889) deals 2 combat damage to Ai(1)-Krenko Goblins.
Damage: Drake Token (894) deals 2 combat damage to Ai(1)-Krenko Goblins.
Damage: Drake Token (896) deals 2 combat damage to Ai(1)-Krenko Goblins.
Damage: Drake Token (897) deals 2 combat damage to Ai(1)-Krenko Goblins.
Damage: Drake Token (900) deals 2 combat damage to Ai(1)-Krenko Goblins.
Damage: Goblin Token (850) deals 2 damage to Frost Titan (325).
Damage: Goblin Token (851) deals 2 damage to Talrand, Sky Summoner (403).
Life: Life: Ai(1)-Krenko Goblins 21 > -6
Zone Change: Talrand, Sky Summoner (403) was put into Graveyard from Battlefield.
Phase: Ai(4)-Talrand Control's End of Combat Step
Phase: Ai(4)-Talrand Control's Main phase, postcombat
Land: Ai(4)-Talrand Control played Island (350)
Mana: Island (345) - {T}: Add {U}.
Mana: Island (381) - {T}: Add {U}.
Mana: Island (378) - {T}: Add {U}.
Mana: Island (367) - {T}: Add {U}.
Mana: Island (358) - {T}: Add {U}.
Mana: Island (356) - {T}: Add {U}.
Mana: Island (371) - {T}: Add {U}.
Mana: Island (355) - {T}: Add {U}.
Add To Stack: Ai(4)-Talrand Control cast Talrand, Sky Summoner
Resolve Stack: Talrand, Sky Summoner - Creature 2 / 2
Add To Stack: Ai(3)-Selvala Ramp triggered Selvala, Heart of the Wilds
Resolve Stack: Whenever another creature enters, its controller may draw a card if its power is greater than each other creature's power. [Zone Changer: Talrand, Sky Summoner (403)]
Phase: Ai(4)-Talrand Control's End step
Phase: Ai(4)-Talrand Control's Cleanup step
Turn: Turn 53 (Ai(2)-Drana Vampires)
Phase: Ai(2)-Drana Vampires' Untap step
Phase: Ai(2)-Drana Vampires' Upkeep step
Phase: Ai(2)-Drana Vampires' Draw step
Phase: Ai(2)-Drana Vampires' Main phase, precombat
Land: Ai(2)-Drana Vampires played Swamp (159)
Phase: Ai(2)-Drana Vampires' Beginning of Combat Step
Phase: Ai(2)-Drana Vampires' Declare Attackers Step
Combat: Ai(2)-Drana Vampires assigned Nirkana Revenant (135) and Drana, Liberator of Malakir (201) to attack Ai(4)-Talrand Control.
Phase: Ai(2)-Drana Vampires' Declare Blockers Step
Combat: Ai(4)-Talrand Control didn't block Nirkana Revenant (135).
Ai(4)-Talrand Control didn't block Drana, Liberator of Malakir (201).
Phase: Ai(2)-Drana Vampires' First Strike Damage Step
Damage: Drana, Liberator of Malakir (201) deals 4 combat damage to Ai(4)-Talrand Control.
Life: Life: Ai(4)-Talrand Control 14 > 10
Add To Stack: Ai(2)-Drana Vampires triggered Drana, Liberator of Malakir
Resolve Stack: Whenever Drana, Liberator of Malakir deals combat damage to a player, put a +1/+1 counter on each attacking creature you control. [Damage Source: Drana, Liberator of Malakir (201), Damaged: Ai(4)-Talrand Control, Amount: 4]
Phase: Ai(2)-Drana Vampires' Combat Damage Step
Damage: Nirkana Revenant (135) deals 6 combat damage to Ai(4)-Talrand Control.
Life: Life: Ai(4)-Talrand Control 10 > 4
Phase: Ai(2)-Drana Vampires' End of Combat Step
Phase: Ai(2)-Drana Vampires' Main phase, postcombat
Phase: Ai(2)-Drana Vampires' End step
Phase: Ai(2)-Drana Vampires' Cleanup step
Turn: Turn 54 (Ai(3)-Selvala Ramp)
Phase: Ai(3)-Selvala Ramp's Untap step
Phase: Ai(3)-Selvala Ramp's Upkeep step
Add To Stack: Ai(3)-Selvala Ramp triggered Colossal Majesty
Resolve Stack: At the beginning of your upkeep, if you control a creature with power 4 or greater, draw a card. [Phase: Ai(3)-Selvala Ramp]
Phase: Ai(3)-Selvala Ramp's Draw step
Phase: Ai(3)-Selvala Ramp's Main phase, precombat
Land: Ai(3)-Selvala Ramp played Forest (264)
Phase: Ai(3)-Selvala Ramp's Beginning of Combat Step
Phase: Ai(3)-Selvala Ramp's Declare Attackers Step
Combat: Ai(3)-Selvala Ramp assigned Elderscale Wurm (221), Selvala, Heart of the Wilds (302), Reclamation Sage (225) and Llanowar Elves (286) to attack Ai(4)-Talrand Control.
Phase: Ai(3)-Selvala Ramp's Declare Blockers Step
Combat: Ai(4)-Talrand Control didn't block Elderscale Wurm (221).
Ai(4)-Talrand Control assigned Talrand, Sky Summoner (403) to block Selvala, Heart of the Wilds (302).
Ai(4)-Talrand Control didn't block Reclamation Sage (225).
Ai(4)-Talrand Control didn't block Llanowar Elves (286).
Phase: Ai(3)-Selvala Ramp's First Strike Damage Step
Phase: Ai(3)-Selvala Ramp's Combat Damage Step
Damage: Elderscale Wurm (221) deals 7 combat damage to Ai(4)-Talrand Control.
Damage: Selvala, Heart of the Wilds (302) deals 2 damage to Talrand, Sky Summoner (403).
Damage: Reclamation Sage (225) deals 2 combat damage to Ai(4)-Talrand Control.
Damage: Llanowar Elves (286) deals 1 combat damage to Ai(4)-Talrand Control.
Damage: Talrand, Sky Summoner (403) deals 2 damage to Selvala, Heart of the Wilds (302).
Life: Life: Ai(4)-Talrand Control 4 > -6
Phase: Ai(3)-Selvala Ramp's End of Combat Step
Phase: Ai(3)-Selvala Ramp's Main phase, postcombat
Mana: Forest (276) - {T}: Add {G}.
Mana: Forest (251) - {T}: Add {G}.
Mana: Forest (257) - {T}: Add {G}.
Add To Stack: Ai(3)-Selvala Ramp cast Kodama's Reach
Resolve Stack: Kodama's Reach (300) - Search your library for up to two basic land cards, reveal those cards, put one onto the battlefield tapped and the other into your hand, then shuffle.   
Phase: Ai(3)-Selvala Ramp's End step
Phase: Ai(3)-Selvala Ramp's Cleanup step
Turn: Turn 55 (Ai(2)-Drana Vampires)
Phase: Ai(2)-Drana Vampires' Untap step
Phase: Ai(2)-Drana Vampires' Upkeep step
Phase: Ai(2)-Drana Vampires' Draw step
Phase: Ai(2)-Drana Vampires' Main phase, precombat
Phase: Ai(2)-Drana Vampires' Beginning of Combat Step
Phase: Ai(2)-Drana Vampires' Declare Attackers Step
Combat: Ai(2)-Drana Vampires assigned Nirkana Revenant (135), Drana, Liberator of Malakir (201) and Child of Night (200) to attack Ai(3)-Selvala Ramp.
Phase: Ai(2)-Drana Vampires' Declare Blockers Step
Combat: Ai(3)-Selvala Ramp didn't block Nirkana Revenant (135).
Ai(3)-Selvala Ramp didn't block Drana, Liberator of Malakir (201).
Ai(3)-Selvala Ramp didn't block Child of Night (200).
Phase: Ai(2)-Drana Vampires' First Strike Damage Step
Damage: Drana, Liberator of Malakir (201) deals 5 combat damage to Ai(3)-Selvala Ramp.
Replacement Effect: As long as you have 7 or more life, damage that would reduce your life total to less than 7 reduces it to 7 instead.
Life: Life: Ai(3)-Selvala Ramp 10 > 7
Add To Stack: Ai(2)-Drana Vampires triggered Drana, Liberator of Malakir
Resolve Stack: Whenever Drana, Liberator of Malakir deals combat damage to a player, put a +1/+1 counter on each attacking creature you control. [Damage Source: Drana, Liberator of Malakir (201), Damaged: Ai(3)-Selvala Ramp, Amount: 5]
Phase: Ai(2)-Drana Vampires' Combat Damage Step
Damage: Nirkana Revenant (135) deals 7 combat damage to Ai(3)-Selvala Ramp.
Damage: Child of Night (200) deals 3 combat damage to Ai(3)-Selvala Ramp.
Life: Life: Ai(2)-Drana Vampires 50 > 53
Replacement Effect: As long as you have 7 or more life, damage that would reduce your life total to less than 7 reduces it to 7 instead.
Phase: Ai(2)-Drana Vampires' End of Combat Step
Phase: Ai(2)-Drana Vampires' Main phase, postcombat
Mana: Swamp (168) - {T}: Add {B}.
Mana: Swamp (182) - {T}: Add {B}.
Add To Stack: Ai(2)-Drana Vampires cast Barony Vampire
Resolve Stack: Barony Vampire - Creature 3 / 2
Add To Stack: Ai(3)-Selvala Ramp triggered Selvala, Heart of the Wilds
Resolve Stack: Whenever another creature enters, its controller may draw a card if its power is greater than each other creature's power. [Zone Changer: Barony Vampire (111)]
Phase: Ai(2)-Drana Vampires' End step
Phase: Ai(2)-Drana Vampires' Cleanup step
Turn: Turn 56 (Ai(3)-Selvala Ramp)
Phase: Ai(3)-Selvala Ramp's Untap step
Phase: Ai(3)-Selvala Ramp's Upkeep step
Add To Stack: Ai(3)-Selvala Ramp triggered Colossal Majesty
Resolve Stack: At the beginning of your upkeep, if you control a creature with power 4 or greater, draw a card. [Phase: Ai(3)-Selvala Ramp]
Phase: Ai(3)-Selvala Ramp's Draw step
Phase: Ai(3)-Selvala Ramp's Main phase, precombat
Land: Ai(3)-Selvala Ramp played Forest (266)
Phase: Ai(3)-Selvala Ramp's Beginning of Combat Step
Phase: Ai(3)-Selvala Ramp's Declare Attackers Step
Combat: Ai(3)-Selvala Ramp assigned Elderscale Wurm (221) and Bane of Progress (293) to attack Ai(2)-Drana Vampires.
Phase: Ai(3)-Selvala Ramp's Declare Blockers Step
Combat: Ai(2)-Drana Vampires didn't block Elderscale Wurm (221).
Ai(2)-Drana Vampires didn't block Bane of Progress (293).
Phase: Ai(3)-Selvala Ramp's First Strike Damage Step
Phase: Ai(3)-Selvala Ramp's Combat Damage Step
Damage: Elderscale Wurm (221) deals 7 combat damage to Ai(2)-Drana Vampires.
Damage: Bane of Progress (293) deals 6 combat damage to Ai(2)-Drana Vampires.
Life: Life: Ai(2)-Drana Vampires 53 > 40
Phase: Ai(3)-Selvala Ramp's End of Combat Step
Phase: Ai(3)-Selvala Ramp's Main phase, postcombat
Mana: Forest (276) - {T}: Add {G}.
Mana: Forest (251) - {T}: Add {G}.
Mana: Forest (257) - {T}: Add {G}.
Mana: Forest (280) - {T}: Add {G}.
Mana: Forest (283) - {T}: Add {G}.
Mana: Forest (252) - {T}: Add {G}.
Add To Stack: Ai(3)-Selvala Ramp cast Grave Sifter
Resolve Stack: Grave Sifter - Creature 5 / 7
Add To Stack: Ai(3)-Selvala Ramp triggered Grave Sifter
Add To Stack: Ai(3)-Selvala Ramp triggered Selvala, Heart of the Wilds
Resolve Stack: Whenever another creature enters, its controller may draw a card if its power is greater than each other creature's power. [Zone Changer: Grave Sifter (238)]
Resolve Stack: When Grave Sifter enters, each player chooses a creature type and returns any number of cards of that type from their graveyard to their hand. [Zone Changer: Grave Sifter (238)]
Mana: Forest (254) - {T}: Add {G}.
Mana: Forest (255) - {T}: Add {G}.
Add To Stack: Ai(3)-Selvala Ramp cast Priest of Titania
Resolve Stack: Priest of Titania - Creature 1 / 1
Add To Stack: Ai(3)-Selvala Ramp triggered Selvala, Heart of the Wilds
Resolve Stack: Whenever another creature enters, its controller may draw a card if its power is greater than each other creature's power. [Zone Changer: Priest of Titania (224)]
Phase: Ai(3)-Selvala Ramp's End step
Phase: Ai(3)-Selvala Ramp's Cleanup step
Turn: Turn 57 (Ai(2)-Drana Vampires)
Phase: Ai(2)-Drana Vampires' Untap step
Phase: Ai(2)-Drana Vampires' Upkeep step
Phase: Ai(2)-Drana Vampires' Draw step
Phase: Ai(2)-Drana Vampires' Main phase, precombat
Phase: Ai(2)-Drana Vampires' Beginning of Combat Step
Phase: Ai(2)-Drana Vampires' Declare Attackers Step
Phase: Ai(2)-Drana Vampires' Declare Blockers Step
Phase: Ai(2)-Drana Vampires' First Strike Damage Step
Phase: Ai(2)-Drana Vampires' Combat Damage Step
Phase: Ai(2)-Drana Vampires' End of Combat Step
Phase: Ai(2)-Drana Vampires' Main phase, postcombat
Mana: Swamp (168) - {T}: Add {B}.
Mana: Swamp (182) - {T}: Add {B}.
Mana: Swamp (183) - {T}: Add {B}.
Add To Stack: Ai(2)-Drana Vampires cast Sengir Vampire
Resolve Stack: Sengir Vampire - Creature 4 / 4
Add To Stack: Ai(3)-Selvala Ramp triggered Selvala, Heart of the Wilds
Resolve Stack: Whenever another creature enters, its controller may draw a card if its power is greater than each other creature's power. [Zone Changer: Sengir Vampire (118)]
Add To Stack: Ai(2)-Drana Vampires cast Indulgent Aristocrat
Resolve Stack: Indulgent Aristocrat - Creature 1 / 1
Add To Stack: Ai(3)-Selvala Ramp triggered Selvala, Heart of the Wilds
Resolve Stack: Whenever another creature enters, its controller may draw a card if its power is greater than each other creature's power. [Zone Changer: Indulgent Aristocrat (152)]
Phase: Ai(2)-Drana Vampires' End step
Phase: Ai(2)-Drana Vampires' Cleanup step
Turn: Turn 58 (Ai(3)-Selvala Ramp)
Phase: Ai(3)-Selvala Ramp's Untap step
Phase: Ai(3)-Selvala Ramp's Upkeep step
Add To Stack: Ai(3)-Selvala Ramp triggered Colossal Majesty
Resolve Stack: At the beginning of your upkeep, if you control a creature with power 4 or greater, draw a card. [Phase: Ai(3)-Selvala Ramp]
Phase: Ai(3)-Selvala Ramp's Draw step
Phase: Ai(3)-Selvala Ramp's Main phase, precombat
Land: Ai(3)-Selvala Ramp played Forest (273)
Mana: Forest (276) - {T}: Add {G}.
Mana: Forest (251) - {T}: Add {G}.
Mana: Forest (257) - {T}: Add {G}.
Mana: Forest (280) - {T}: Add {G}.
Add To Stack: Ai(3)-Selvala Ramp cast Nylea, God of the Hunt
Resolve Stack: Nylea, God of the Hunt - Creature 6 / 6
Add To Stack: Ai(3)-Selvala Ramp triggered Selvala, Heart of the Wilds
Resolve Stack: Whenever another creature enters, its controller may draw a card if its power is greater than each other creature's power. [Zone Changer: Nylea, God of the Hunt (287)]
Mana: Forest (283) - {T}: Add {G}.
Mana: Forest (252) - {T}: Add {G}.
Mana: Forest (254) - {T}: Add {G}.
Add To Stack: Ai(3)-Selvala Ramp cast Yavimaya Elder
Resolve Stack: Yavimaya Elder - Creature 2 / 1
Add To Stack: Ai(3)-Selvala Ramp triggered Selvala, Heart of the Wilds
Resolve Stack: Whenever another creature enters, its controller may draw a card if its power is greater than each other creature's power. [Zone Changer: Yavimaya Elder (230)]
Phase: Ai(3)-Selvala Ramp's Beginning of Combat Step
Phase: Ai(3)-Selvala Ramp's Declare Attackers Step
Phase: Ai(3)-Selvala Ramp's Declare Blockers Step
Phase: Ai(3)-Selvala Ramp's First Strike Damage Step
Phase: Ai(3)-Selvala Ramp's Combat Damage Step
Phase: Ai(3)-Selvala Ramp's End of Combat Step
Phase: Ai(3)-Selvala Ramp's Main phase, postcombat
Phase: Ai(3)-Selvala Ramp's End step
Phase: Ai(3)-Selvala Ramp's Cleanup step
Turn: Turn 59 (Ai(2)-Drana Vampires)
Phase: Ai(2)-Drana Vampires' Untap step
Phase: Ai(2)-Drana Vampires' Upkeep step
Phase: Ai(2)-Drana Vampires' Draw step
Phase: Ai(2)-Drana Vampires' Main phase, precombat
Phase: Ai(2)-Drana Vampires' Beginning of Combat Step
Phase: Ai(2)-Drana Vampires' Declare Attackers Step
Phase: Ai(2)-Drana Vampires' Declare Blockers Step
Phase: Ai(2)-Drana Vampires' First Strike Damage Step
Phase: Ai(2)-Drana Vampires' Combat Damage Step
Phase: Ai(2)-Drana Vampires' End of Combat Step
Phase: Ai(2)-Drana Vampires' Main phase, postcombat
Mana: Swamp (168) - {T}: Add {B}.
Add To Stack: Ai(2)-Drana Vampires cast Night's Whisper
Life: Life: Ai(2)-Drana Vampires 40 > 38
Resolve Stack: Night's Whisper (103) - Ai(2)-Drana Vampires draws two cards. Ai(2)-Drana Vampires loses 2 life.
Land: Ai(2)-Drana Vampires played Swamp (170)
Mana: Swamp (182) - {T}: Add {B}.
Mana: Swamp (183) - {T}: Add {B}.
Add To Stack: Ai(2)-Drana Vampires cast Bloodline Keeper
Resolve Stack: Bloodline Keeper - Creature 3 / 3
Add To Stack: Ai(3)-Selvala Ramp triggered Selvala, Heart of the Wilds
Mana: Swamp (174) - {T}: Add {B}.
Add To Stack: Ai(2)-Drana Vampires activated Bloodline Keeper
Resolve Stack: Lord of Lineage (129) - Transform Lord of Lineage (129).
Resolve Stack: Whenever another creature enters, its controller may draw a card if its power is greater than each other creature's power. [Zone Changer: Lord of Lineage (129)]
Phase: Ai(2)-Drana Vampires' End step
Phase: Ai(2)-Drana Vampires' Cleanup step
Turn: Turn 60 (Ai(3)-Selvala Ramp)
Phase: Ai(3)-Selvala Ramp's Untap step
Phase: Ai(3)-Selvala Ramp's Upkeep step
Add To Stack: Ai(3)-Selvala Ramp triggered Colossal Majesty
Resolve Stack: At the beginning of your upkeep, if you control a creature with power 4 or greater, draw a card. [Phase: Ai(3)-Selvala Ramp]
Phase: Ai(3)-Selvala Ramp's Draw step
Phase: Ai(3)-Selvala Ramp's Main phase, precombat
Land: Ai(3)-Selvala Ramp played Forest (277)
Mana: Forest (276) - {T}: Add {G}.
Mana: Forest (251) - {T}: Add {G}.
Mana: Forest (257) - {T}: Add {G}.
Mana: Forest (280) - {T}: Add {G}.
Mana: Forest (283) - {T}: Add {G}.
Add To Stack: Ai(3)-Selvala Ramp cast Kessig Cagebreakers
Resolve Stack: Kessig Cagebreakers - Creature 3 / 4
Add To Stack: Ai(3)-Selvala Ramp triggered Selvala, Heart of the Wilds
Resolve Stack: Whenever another creature enters, its controller may draw a card if its power is greater than each other creature's power. [Zone Changer: Kessig Cagebreakers (297)]
Phase: Ai(3)-Selvala Ramp's Beginning of Combat Step
Phase: Ai(3)-Selvala Ramp's Declare Attackers Step
Phase: Ai(3)-Selvala Ramp's Declare Blockers Step
Phase: Ai(3)-Selvala Ramp's First Strike Damage Step
Phase: Ai(3)-Selvala Ramp's Combat Damage Step
Phase: Ai(3)-Selvala Ramp's End of Combat Step
Phase: Ai(3)-Selvala Ramp's Main phase, postcombat
Mana: Forest (252) - {T}: Add {G}.
Mana: Forest (254) - {T}: Add {G}.
Mana: Forest (255) - {T}: Add {G}.
Add To Stack: Ai(3)-Selvala Ramp cast Cultivate
Resolve Stack: Cultivate (219) - Search your library for up to two basic land cards, reveal those cards, put one onto the battlefield tapped and the other into your hand, then shuffle.   
Phase: Ai(3)-Selvala Ramp's End step
Phase: Ai(3)-Selvala Ramp's Cleanup step
Turn: Turn 61 (Ai(2)-Drana Vampires)
Phase: Ai(2)-Drana Vampires' Untap step
Phase: Ai(2)-Drana Vampires' Upkeep step
Phase: Ai(2)-Drana Vampires' Draw step
Phase: Ai(2)-Drana Vampires' Main phase, precombat
Land: Ai(2)-Drana Vampires played Swamp (164)
Phase: Ai(2)-Drana Vampires' Beginning of Combat Step
Phase: Ai(2)-Drana Vampires' Declare Attackers Step
Phase: Ai(2)-Drana Vampires' Declare Blockers Step
Phase: Ai(2)-Drana Vampires' First Strike Damage Step
Phase: Ai(2)-Drana Vampires' Combat Damage Step
Phase: Ai(2)-Drana Vampires' End of Combat Step
Phase: Ai(2)-Drana Vampires' Main phase, postcombat
Phase: Ai(2)-Drana Vampires' End step
Phase: Ai(2)-Drana Vampires' Cleanup step
Turn: Turn 62 (Ai(3)-Selvala Ramp)
Phase: Ai(3)-Selvala Ramp's Untap step
Phase: Ai(3)-Selvala Ramp's Upkeep step
Add To Stack: Ai(3)-Selvala Ramp triggered Colossal Majesty
Resolve Stack: At the beginning of your upkeep, if you control a creature with power 4 or greater, draw a card. [Phase: Ai(3)-Selvala Ramp]
Phase: Ai(3)-Selvala Ramp's Draw step
Phase: Ai(3)-Selvala Ramp's Main phase, precombat
Land: Ai(3)-Selvala Ramp played Forest (268)
Mana: Forest (276) - {T}: Add {G}.
Mana: Forest (251) - {T}: Add {G}.
Mana: Forest (257) - {T}: Add {G}.
Mana: Forest (280) - {T}: Add {G}.
Add To Stack: Ai(3)-Selvala Ramp cast Garruk Wildspeaker
Replacement Effect: Garruk Wildspeaker enters with three loyalty counters on it.
Resolve Stack: Garruk Wildspeaker
Add To Stack: Ai(3)-Selvala Ramp activated Garruk Wildspeaker
Resolve Stack: Garruk Wildspeaker (203) - Ai(3)-Selvala Ramp creates a 3/3 green Beast creature token.
Add To Stack: Ai(3)-Selvala Ramp triggered Selvala, Heart of the Wilds
Resolve Stack: Whenever another creature enters, its controller may draw a card if its power is greater than each other creature's power. [Zone Changer: Beast Token (945)]
Mana: Forest (283) - {T}: Add {G}.
Mana: Forest (252) - {T}: Add {G}.
Add To Stack: Ai(3)-Selvala Ramp cast Sakura-Tribe Elder
Resolve Stack: Sakura-Tribe Elder - Creature 1 / 1
Add To Stack: Ai(3)-Selvala Ramp triggered Selvala, Heart of the Wilds
Resolve Stack: Whenever another creature enters, its controller may draw a card if its power is greater than each other creature's power. [Zone Changer: Sakura-Tribe Elder (291)]
Zone Change: Sakura-Tribe Elder (291) was put into Graveyard from Battlefield.
Add To Stack: Ai(3)-Selvala Ramp activated Sakura-Tribe Elder
Resolve Stack: Sakura-Tribe Elder (291) - Ai(3)-Selvala Ramp searches their library for a basic land card, puts it onto the battlefield tapped, then shuffles.
Phase: Ai(3)-Selvala Ramp's Beginning of Combat Step
Phase: Ai(3)-Selvala Ramp's Declare Attackers Step
Phase: Ai(3)-Selvala Ramp's Declare Blockers Step
Phase: Ai(3)-Selvala Ramp's First Strike Damage Step
Phase: Ai(3)-Selvala Ramp's Combat Damage Step
Phase: Ai(3)-Selvala Ramp's End of Combat Step
Add To Stack: Ai(2)-Drana Vampires activated Lord of Lineage
Resolve Stack: Lord of Lineage (129) - Ai(2)-Drana Vampires creates a 2/2 black Vampire creature token with flying.
Add To Stack: Ai(3)-Selvala Ramp triggered Selvala, Heart of the Wilds
Resolve Stack: Whenever another creature enters, its controller may draw a card if its power is greater than each other creature's power. [Zone Changer: Vampire Token (957)]
Phase: Ai(3)-Selvala Ramp's Main phase, postcombat
Phase: Ai(3)-Selvala Ramp's End step
Phase: Ai(3)-Selvala Ramp's Cleanup step
Turn: Turn 63 (Ai(2)-Drana Vampires)
Phase: Ai(2)-Drana Vampires' Untap step
Phase: Ai(2)-Drana Vampires' Upkeep step
Phase: Ai(2)-Drana Vampires' Draw step
Phase: Ai(2)-Drana Vampires' Main phase, precombat
Mana: Swamp (168) - {T}: Add {B}.
Mana: Swamp (182) - {T}: Add {B}.
Add To Stack: Ai(2)-Drana Vampires cast Quag Sickness targeting [Nylea, God of the Hunt (287)]
Resolve Stack: Quag Sickness (132) -  Attach to Nylea, God of the Hunt (287)
Zone Change: Nylea, God of the Hunt (287) was put into Graveyard from Battlefield.
Zone Change: Quag Sickness (132) was put into Graveyard from Battlefield.
Phase: Ai(2)-Drana Vampires' Beginning of Combat Step
Phase: Ai(2)-Drana Vampires' Declare Attackers Step
Combat: Ai(2)-Drana Vampires assigned Drana, Liberator of Malakir (201) to attack Garruk Wildspeaker (203).
Phase: Ai(2)-Drana Vampires' Declare Blockers Step
Combat: Ai(3)-Selvala Ramp didn't block Drana, Liberator of Malakir (201).
Phase: Ai(2)-Drana Vampires' First Strike Damage Step
Zone Change: Garruk Wildspeaker (203) was put into Graveyard from Battlefield.
Phase: Ai(2)-Drana Vampires' Combat Damage Step
Phase: Ai(2)-Drana Vampires' End of Combat Step
Phase: Ai(2)-Drana Vampires' Main phase, postcombat
Phase: Ai(2)-Drana Vampires' End step
Phase: Ai(2)-Drana Vampires' Cleanup step
Turn: Turn 64 (Ai(3)-Selvala Ramp)
Phase: Ai(3)-Selvala Ramp's Untap step
Phase: Ai(3)-Selvala Ramp's Upkeep step
Add To Stack: Ai(3)-Selvala Ramp triggered Colossal Majesty
Resolve Stack: At the beginning of your upkeep, if you control a creature with power 4 or greater, draw a card. [Phase: Ai(3)-Selvala Ramp]
Phase: Ai(3)-Selvala Ramp's Draw step
Phase: Ai(3)-Selvala Ramp's Main phase, precombat
Land: Ai(3)-Selvala Ramp played Forest (259)
Phase: Ai(3)-Selvala Ramp's Beginning of Combat Step
Phase: Ai(3)-Selvala Ramp's Declare Attackers Step
Add To Stack: Ai(2)-Drana Vampires activated Lord of Lineage
Resolve Stack: Lord of Lineage (129) - Ai(2)-Drana Vampires creates a 2/2 black Vampire creature token with flying.
Add To Stack: Ai(3)-Selvala Ramp triggered Selvala, Heart of the Wilds
Resolve Stack: Whenever another creature enters, its controller may draw a card if its power is greater than each other creature's power. [Zone Changer: Vampire Token (977)]
Phase: Ai(3)-Selvala Ramp's Declare Blockers Step
Phase: Ai(3)-Selvala Ramp's First Strike Damage Step
Phase: Ai(3)-Selvala Ramp's Combat Damage Step
Phase: Ai(3)-Selvala Ramp's End of Combat Step
Phase: Ai(3)-Selvala Ramp's Main phase, postcombat
Phase: Ai(3)-Selvala Ramp's End step
Phase: Ai(3)-Selvala Ramp's Cleanup step
Turn: Turn 65 (Ai(2)-Drana Vampires)
Phase: Ai(2)-Drana Vampires' Untap step
Phase: Ai(2)-Drana Vampires' Upkeep step
Phase: Ai(2)-Drana Vampires' Draw step
Phase: Ai(2)-Drana Vampires' Main phase, precombat
Land: Ai(2)-Drana Vampires played Swamp (193)
Phase: Ai(2)-Drana Vampires' Beginning of Combat Step
Phase: Ai(2)-Drana Vampires' Declare Attackers Step
Player Control: Ai(1)-Krenko Goblins has restored control over themself
Player Control: Ai(2)-Drana Vampires has restored control over themself
Player Control: Ai(3)-Selvala Ramp has restored control over themself
Player Control: Ai(4)-Talrand Control has restored control over themself
Game Outcome: Turn 33
Game Outcome: Ai(1)-Krenko Goblins has lost because life total reached 0
Game Outcome: Ai(2)-Drana Vampires has won because all opponents have lost
Game Outcome: Ai(3)-Selvala Ramp has won because all opponents have lost
Game Outcome: Ai(4)-Talrand Control has lost because life total reached 0
Match Result: Ai(1)-Krenko Goblins: 0 Ai(2)-Drana Vampires: 2 Ai(3)-Selvala Ramp: 0 Ai(4)-Talrand Control: 2 

Game Result: Game 4 ended in 120004 ms. Ai(2)-Drana Vampires has won!

Mulligan: Ai(1)-Krenko Goblins has kept a hand of 7 cards
Mulligan: Ai(2)-Drana Vampires has kept a hand of 7 cards
Mulligan: Ai(3)-Selvala Ramp has kept a hand of 7 cards
Mulligan: Ai(4)-Talrand Control has kept a hand of 7 cards
Turn: Turn 1 (Ai(1)-Krenko Goblins)
Phase: Ai(1)-Krenko Goblins' Untap step
Phase: Ai(1)-Krenko Goblins' Upkeep step
Phase: Ai(1)-Krenko Goblins' Draw step
Phase: Ai(1)-Krenko Goblins' Main phase, precombat
Land: Ai(1)-Krenko Goblins played Mountain (76)
Phase: Ai(1)-Krenko Goblins' Beginning of Combat Step
Phase: Ai(1)-Krenko Goblins' Declare Attackers Step
Phase: Ai(1)-Krenko Goblins' Declare Blockers Step
Phase: Ai(1)-Krenko Goblins' First Strike Damage Step
Phase: Ai(1)-Krenko Goblins' Combat Damage Step
Phase: Ai(1)-Krenko Goblins' End of Combat Step
Phase: Ai(1)-Krenko Goblins' Main phase, postcombat
Mana: Mountain (76) - {T}: Add {R}.
Add To Stack: Ai(1)-Krenko Goblins cast Goblin Bushwhacker
Resolve Stack: Goblin Bushwhacker - Creature 1 / 1
Phase: Ai(1)-Krenko Goblins' End step
Phase: Ai(1)-Krenko Goblins' Cleanup step
Turn: Turn 2 (Ai(2)-Drana Vampires)
Phase: Ai(2)-Drana Vampires' Untap step
Phase: Ai(2)-Drana Vampires' Upkeep step
Phase: Ai(2)-Drana Vampires' Draw step
Phase: Ai(2)-Drana Vampires' Main phase, precombat
Land: Ai(2)-Drana Vampires played Swamp (183)
Phase: Ai(2)-Drana Vampires' Beginning of Combat Step
Phase: Ai(2)-Drana Vampires' Declare Attackers Step
Phase: Ai(2)-Drana Vampires' Declare Blockers Step
Phase: Ai(2)-Drana Vampires' First Strike Damage Step
Phase: Ai(2)-Drana Vampires' Combat Damage Step
Phase: Ai(2)-Drana Vampires' End of Combat Step
Phase: Ai(2)-Drana Vampires' Main phase, postcombat
Phase: Ai(2)-Drana Vampires' End step
Phase: Ai(2)-Drana Vampires' Cleanup step
Turn: Turn 3 (Ai(3)-Selvala Ramp)
Phase: Ai(3)-Selvala Ramp's Untap step
Phase: Ai(3)-Selvala Ramp's Upkeep step
Phase: Ai(3)-Selvala Ramp's Draw step
Phase: Ai(3)-Selvala Ramp's Main phase, precombat
Land: Ai(3)-Selvala Ramp played Forest (249)
Phase: Ai(3)-Selvala Ramp's Beginning of Combat Step
Phase: Ai(3)-Selvala Ramp's Declare Attackers Step
Phase: Ai(3)-Selvala Ramp's Declare Blockers Step
Phase: Ai(3)-Selvala Ramp's First Strike Damage Step
Phase: Ai(3)-Selvala Ramp's Combat Damage Step
Phase: Ai(3)-Selvala Ramp's End of Combat Step
Phase: Ai(3)-Selvala Ramp's Main phase, postcombat
Phase: Ai(3)-Selvala Ramp's End step
Phase: Ai(3)-Selvala Ramp's Cleanup step
Turn: Turn 4 (Ai(4)-Talrand Control)
Phase: Ai(4)-Talrand Control's Untap step
Phase: Ai(4)-Talrand Control's Upkeep step
Phase: Ai(4)-Talrand Control's Draw step
Phase: Ai(4)-Talrand Control's Main phase, precombat
Land: Ai(4)-Talrand Control played Island (358)
Phase: Ai(4)-Talrand Control's Beginning of Combat Step
Phase: Ai(4)-Talrand Control's Declare Attackers Step
Phase: Ai(4)-Talrand Control's Declare Blockers Step
Phase: Ai(4)-Talrand Control's First Strike Damage Step
Phase: Ai(4)-Talrand Control's Combat Damage Step
Phase: Ai(4)-Talrand Control's End of Combat Step
Phase: Ai(4)-Talrand Control's Main phase, postcombat
Phase: Ai(4)-Talrand Control's End step
Phase: Ai(4)-Talrand Control's Cleanup step
Turn: Turn 5 (Ai(1)-Krenko Goblins)
Phase: Ai(1)-Krenko Goblins' Untap step
Phase: Ai(1)-Krenko Goblins' Upkeep step
Phase: Ai(1)-Krenko Goblins' Draw step
Phase: Ai(1)-Krenko Goblins' Main phase, precombat
Land: Ai(1)-Krenko Goblins played Mountain (89)
Phase: Ai(1)-Krenko Goblins' Beginning of Combat Step
Phase: Ai(1)-Krenko Goblins' Declare Attackers Step
Combat: Ai(1)-Krenko Goblins assigned Goblin Bushwhacker (17) to attack Ai(2)-Drana Vampires.
Phase: Ai(1)-Krenko Goblins' Declare Blockers Step
Combat: Ai(2)-Drana Vampires didn't block Goblin Bushwhacker (17).
Phase: Ai(1)-Krenko Goblins' First Strike Damage Step
Phase: Ai(1)-Krenko Goblins' Combat Damage Step
Damage: Goblin Bushwhacker (17) deals 1 combat damage to Ai(2)-Drana Vampires.
Life: Life: Ai(2)-Drana Vampires 40 > 39
Phase: Ai(1)-Krenko Goblins' End of Combat Step
Phase: Ai(1)-Krenko Goblins' Main phase, postcombat
Mana: Mountain (76) - {T}: Add {R}.
Mana: Mountain (89) - {T}: Add {R}.
Add To Stack: Ai(1)-Krenko Goblins cast Goblin Instigator
Resolve Stack: Goblin Instigator - Creature 1 / 1
Add To Stack: Ai(1)-Krenko Goblins triggered Goblin Instigator
Resolve Stack: When Goblin Instigator enters, create a 1/1 red Goblin creature token. [Zone Changer: Goblin Instigator (3)]
Phase: Ai(1)-Krenko Goblins' End step
Phase: Ai(1)-Krenko Goblins' Cleanup step
Turn: Turn 6 (Ai(2)-Drana Vampires)
Phase: Ai(2)-Drana Vampires' Untap step
Phase: Ai(2)-Drana Vampires' Upkeep step
Phase: Ai(2)-Drana Vampires' Draw step
Phase: Ai(2)-Drana Vampires' Main phase, precombat
Land: Ai(2)-Drana Vampires played Swamp (161)
Phase: Ai(2)-Drana Vampires' Beginning of Combat Step
Phase: Ai(2)-Drana Vampires' Declare Attackers Step
Phase: Ai(2)-Drana Vampires' Declare Blockers Step
Phase: Ai(2)-Drana Vampires' First Strike Damage Step
Phase: Ai(2)-Drana Vampires' Combat Damage Step
Phase: Ai(2)-Drana Vampires' End of Combat Step
Phase: Ai(2)-Drana Vampires' Main phase, postcombat
Mana: Swamp (183) - {T}: Add {B}.
Mana: Swamp (161) - {T}: Add {B}.
Add To Stack: Ai(2)-Drana Vampires cast Charcoal Diamond
Replacement Effect: Charcoal Diamond enters tapped.
Resolve Stack: Charcoal Diamond
Phase: Ai(2)-Drana Vampires' End step
Phase: Ai(2)-Drana Vampires' Cleanup step
Turn: Turn 7 (Ai(3)-Selvala Ramp)
Phase: Ai(3)-Selvala Ramp's Untap step
Phase: Ai(3)-Selvala Ramp's Upkeep step
Phase: Ai(3)-Selvala Ramp's Draw step
Phase: Ai(3)-Selvala Ramp's Main phase, precombat
Land: Ai(3)-Selvala Ramp played Forest (242)
Phase: Ai(3)-Selvala Ramp's Beginning of Combat Step
Phase: Ai(3)-Selvala Ramp's Declare Attackers Step
Phase: Ai(3)-Selvala Ramp's Declare Blockers Step
Phase: Ai(3)-Selvala Ramp's First Strike Damage Step
Phase: Ai(3)-Selvala Ramp's Combat Damage Step
Phase: Ai(3)-Selvala Ramp's End of Combat Step
Phase: Ai(3)-Selvala Ramp's Main phase, postcombat
Phase: Ai(3)-Selvala Ramp's End step
Phase: Ai(3)-Selvala Ramp's Cleanup step
Turn: Turn 8 (Ai(4)-Talrand Control)
Phase: Ai(4)-Talrand Control's Untap step
Phase: Ai(4)-Talrand Control's Upkeep step
Phase: Ai(4)-Talrand Control's Draw step
Phase: Ai(4)-Talrand Control's Main phase, precombat
Land: Ai(4)-Talrand Control played Island (368)
Phase: Ai(4)-Talrand Control's Beginning of Combat Step
Phase: Ai(4)-Talrand Control's Declare Attackers Step
Phase: Ai(4)-Talrand Control's Declare Blockers Step
Phase: Ai(4)-Talrand Control's First Strike Damage Step
Phase: Ai(4)-Talrand Control's Combat Damage Step
Phase: Ai(4)-Talrand Control's End of Combat Step
Phase: Ai(4)-Talrand Control's Main phase, postcombat
Phase: Ai(4)-Talrand Control's End step
Phase: Ai(4)-Talrand Control's Cleanup step
Turn: Turn 9 (Ai(1)-Krenko Goblins)
Phase: Ai(1)-Krenko Goblins' Untap step
Phase: Ai(1)-Krenko Goblins' Upkeep step
Phase: Ai(1)-Krenko Goblins' Draw step
Phase: Ai(1)-Krenko Goblins' Main phase, precombat
Land: Ai(1)-Krenko Goblins played Mountain (55)
Mana: Mountain (76) - {T}: Add {R}.
Mana: Mountain (89) - {T}: Add {R}.
Mana: Mountain (55) - {T}: Add {R}.
Add To Stack: Ai(1)-Krenko Goblins cast Goblin Rabblemaster
Mana: Island (358) - {T}: Add {U}.
Mana: Island (368) - {T}: Add {U}.
Add To Stack: Ai(4)-Talrand Control cast Counterspell targeting [Goblin Rabblemaster - Creature 2 / 2]
Zone Change: Send countered spell to Graveyard
Resolve Stack: Counterspell (320) - Counter Goblin Rabblemaster (1).
Phase: Ai(1)-Krenko Goblins' Beginning of Combat Step
Phase: Ai(1)-Krenko Goblins' Declare Attackers Step
Combat: Ai(1)-Krenko Goblins assigned Goblin Bushwhacker (17), Goblin Instigator (3) and Goblin Token (414) to attack Ai(2)-Drana Vampires.
Phase: Ai(1)-Krenko Goblins' Declare Blockers Step
Combat: Ai(2)-Drana Vampires didn't block Goblin Bushwhacker (17).
Ai(2)-Drana Vampires didn't block Goblin Instigator (3).
Ai(2)-Drana Vampires didn't block Goblin Token (414).
Phase: Ai(1)-Krenko Goblins' First Strike Damage Step
Phase: Ai(1)-Krenko Goblins' Combat Damage Step
Damage: Goblin Bushwhacker (17) deals 1 combat damage to Ai(2)-Drana Vampires.
Damage: Goblin Instigator (3) deals 1 combat damage to Ai(2)-Drana Vampires.
Damage: Goblin Token (414) deals 1 combat damage to Ai(2)-Drana Vampires.
Life: Life: Ai(2)-Drana Vampires 39 > 36
Phase: Ai(1)-Krenko Goblins' End of Combat Step
Phase: Ai(1)-Krenko Goblins' Main phase, postcombat
Phase: Ai(1)-Krenko Goblins' End step
Phase: Ai(1)-Krenko Goblins' Cleanup step
Turn: Turn 10 (Ai(2)-Drana Vampires)
Phase: Ai(2)-Drana Vampires' Untap step
Phase: Ai(2)-Drana Vampires' Upkeep step
Phase: Ai(2)-Drana Vampires' Draw step
Phase: Ai(2)-Drana Vampires' Main phase, precombat
Land: Ai(2)-Drana Vampires played Swamp (156)
Mana: Swamp (183) - {T}: Add {B}.
Mana: Swamp (161) - {T}: Add {B}.
Mana: Charcoal Diamond (140) - {T}: Add {B}.
Add To Stack: Ai(2)-Drana Vampires cast Quag Sickness targeting [Goblin Instigator (3)]
Resolve Stack: Quag Sickness (132) -  Attach to Goblin Instigator (3)
Zone Change: Goblin Instigator (3) was put into Graveyard from Battlefield.
Zone Change: Quag Sickness (132) was put into Graveyard from Battlefield.
Phase: Ai(2)-Drana Vampires' Beginning of Combat Step
Phase: Ai(2)-Drana Vampires' Declare Attackers Step
Phase: Ai(2)-Drana Vampires' Declare Blockers Step
Phase: Ai(2)-Drana Vampires' First Strike Damage Step
Phase: Ai(2)-Drana Vampires' Combat Damage Step
Phase: Ai(2)-Drana Vampires' End of Combat Step
Phase: Ai(2)-Drana Vampires' Main phase, postcombat
Phase: Ai(2)-Drana Vampires' End step
Phase: Ai(2)-Drana Vampires' Cleanup step
Turn: Turn 11 (Ai(3)-Selvala Ramp)
Phase: Ai(3)-Selvala Ramp's Untap step
Phase: Ai(3)-Selvala Ramp's Upkeep step
Phase: Ai(3)-Selvala Ramp's Draw step
Phase: Ai(3)-Selvala Ramp's Main phase, precombat
Land: Ai(3)-Selvala Ramp played Forest (246)
Phase: Ai(3)-Selvala Ramp's Beginning of Combat Step
Phase: Ai(3)-Selvala Ramp's Declare Attackers Step
Phase: Ai(3)-Selvala Ramp's Declare Blockers Step
Phase: Ai(3)-Selvala Ramp's First Strike Damage Step
Phase: Ai(3)-Selvala Ramp's Combat Damage Step
Phase: Ai(3)-Selvala Ramp's End of Combat Step
Phase: Ai(3)-Selvala Ramp's Main phase, postcombat
Mana: Forest (249) - {T}: Add {G}.
Mana: Forest (242) - {T}: Add {G}.
Mana: Forest (246) - {T}: Add {G}.
Add To Stack: Ai(3)-Selvala Ramp cast Selvala, Heart of the Wilds
Resolve Stack: Selvala, Heart of the Wilds - Creature 2 / 3
Phase: Ai(3)-Selvala Ramp's End step
Phase: Ai(3)-Selvala Ramp's Cleanup step
Turn: Turn 12 (Ai(4)-Talrand Control)
Phase: Ai(4)-Talrand Control's Untap step
Phase: Ai(4)-Talrand Control's Upkeep step
Phase: Ai(4)-Talrand Control's Draw step
Phase: Ai(4)-Talrand Control's Main phase, precombat
Land: Ai(4)-Talrand Control played Island (377)
Phase: Ai(4)-Talrand Control's Beginning of Combat Step
Phase: Ai(4)-Talrand Control's Declare Attackers Step
Phase: Ai(4)-Talrand Control's Declare Blockers Step
Phase: Ai(4)-Talrand Control's First Strike Damage Step
Phase: Ai(4)-Talrand Control's Combat Damage Step
Phase: Ai(4)-Talrand Control's End of Combat Step
Phase: Ai(4)-Talrand Control's Main phase, postcombat
Mana: Island (358) - {T}: Add {U}.
Mana: Island (368) - {T}: Add {U}.
Mana: Island (377) - {T}: Add {U}.
Add To Stack: Ai(4)-Talrand Control cast Sea Gate Oracle
Resolve Stack: Sea Gate Oracle - Creature 1 / 3
Add To Stack: Ai(4)-Talrand Control triggered Sea Gate Oracle
Add To Stack: Ai(3)-Selvala Ramp triggered Selvala, Heart of the Wilds
Resolve Stack: Whenever another creature enters, its controller may draw a card if its power is greater than each other creature's power. [Zone Changer: Sea Gate Oracle (337)]
Resolve Stack: When Sea Gate Oracle enters, look at the top two cards of your library. Put one of them into your hand and the other on the bottom of your library. [Zone Changer: Sea Gate Oracle (337)]
Phase: Ai(4)-Talrand Control's End step
Phase: Ai(4)-Talrand Control's Cleanup step
Turn: Turn 13 (Ai(1)-Krenko Goblins)
Phase: Ai(1)-Krenko Goblins' Untap step
Phase: Ai(1)-Krenko Goblins' Upkeep step
Phase: Ai(1)-Krenko Goblins' Draw step
Phase: Ai(1)-Krenko Goblins' Main phase, precombat
Land: Ai(1)-Krenko Goblins played Mountain (75)
Phase: Ai(1)-Krenko Goblins' Beginning of Combat Step
Phase: Ai(1)-Krenko Goblins' Declare Attackers Step
Phase: Ai(1)-Krenko Goblins' Declare Blockers Step
Phase: Ai(1)-Krenko Goblins' First Strike Damage Step
Phase: Ai(1)-Krenko Goblins' Combat Damage Step
Phase: Ai(1)-Krenko Goblins' End of Combat Step
Phase: Ai(1)-Krenko Goblins' Main phase, postcombat
Mana: Mountain (76) - {T}: Add {R}.
Mana: Mountain (89) - {T}: Add {R}.
Mana: Mountain (55) - {T}: Add {R}.
Mana: Mountain (75) - {T}: Add {R}.
Add To Stack: Ai(1)-Krenko Goblins cast Krenko, Mob Boss
Resolve Stack: Krenko, Mob Boss - Creature 3 / 3
Add To Stack: Ai(3)-Selvala Ramp triggered Selvala, Heart of the Wilds
Resolve Stack: Whenever another creature enters, its controller may draw a card if its power is greater than each other creature's power. [Zone Changer: Krenko, Mob Boss (100)]
Phase: Ai(1)-Krenko Goblins' End step
Phase: Ai(1)-Krenko Goblins' Cleanup step
Turn: Turn 14 (Ai(2)-Drana Vampires)
Phase: Ai(2)-Drana Vampires' Untap step
Phase: Ai(2)-Drana Vampires' Upkeep step
Phase: Ai(2)-Drana Vampires' Draw step
Phase: Ai(2)-Drana Vampires' Main phase, precombat
Land: Ai(2)-Drana Vampires played Swamp (195)
Mana: Swamp (183) - {T}: Add {B}.
Mana: Swamp (161) - {T}: Add {B}.
Mana: Charcoal Diamond (140) - {T}: Add {B}.
Add To Stack: Ai(2)-Drana Vampires cast Underworld Connections targeting [Swamp (183)]
Resolve Stack: Underworld Connections (148) -  Attach to Swamp (183)
Phase: Ai(2)-Drana Vampires' Beginning of Combat Step
Phase: Ai(2)-Drana Vampires' Declare Attackers Step
Phase: Ai(2)-Drana Vampires' Declare Blockers Step
Phase: Ai(2)-Drana Vampires' First Strike Damage Step
Phase: Ai(2)-Drana Vampires' Combat Damage Step
Phase: Ai(2)-Drana Vampires' End of Combat Step
Phase: Ai(2)-Drana Vampires' Main phase, postcombat
Phase: Ai(2)-Drana Vampires' End step
Phase: Ai(2)-Drana Vampires' Cleanup step
Turn: Turn 15 (Ai(3)-Selvala Ramp)
Phase: Ai(3)-Selvala Ramp's Untap step
Phase: Ai(3)-Selvala Ramp's Upkeep step
Phase: Ai(3)-Selvala Ramp's Draw step
Phase: Ai(3)-Selvala Ramp's Main phase, precombat
Land: Ai(3)-Selvala Ramp played Forest (258)
Mana: Forest (249) - {T}: Add {G}.
Mana: Forest (242) - {T}: Add {G}.
Mana: Forest (246) - {T}: Add {G}.
Mana: Forest (258) - {T}: Add {G}.
Add To Stack: Ai(3)-Selvala Ramp cast Nylea, God of the Hunt
Resolve Stack: Nylea, God of the Hunt - Creature 6 / 6
Phase: Ai(3)-Selvala Ramp's Beginning of Combat Step
Phase: Ai(3)-Selvala Ramp's Declare Attackers Step
Phase: Ai(3)-Selvala Ramp's Declare Blockers Step
Phase: Ai(3)-Selvala Ramp's First Strike Damage Step
Phase: Ai(3)-Selvala Ramp's Combat Damage Step
Phase: Ai(3)-Selvala Ramp's End of Combat Step
Phase: Ai(3)-Selvala Ramp's Main phase, postcombat
Phase: Ai(3)-Selvala Ramp's End step
Phase: Ai(3)-Selvala Ramp's Cleanup step
Turn: Turn 16 (Ai(4)-Talrand Control)
Phase: Ai(4)-Talrand Control's Untap step
Phase: Ai(4)-Talrand Control's Upkeep step
Mana: Island (358) - {T}: Add {U}.
Mana: Island (368) - {T}: Add {U}.
Add To Stack: Ai(4)-Talrand Control cast Reality Shift targeting [Krenko, Mob Boss (100)]
Zone Change: Krenko, Mob Boss (100) was put into Exile from Battlefield.
Resolve Stack: Reality Shift (388) - Exile Krenko, Mob Boss (100). 
Add To Stack: Ai(3)-Selvala Ramp triggered Selvala, Heart of the Wilds
Resolve Stack: Whenever another creature enters, its controller may draw a card if its power is greater than each other creature's power. [Zone Changer: Face-down card (H1)]
Phase: Ai(4)-Talrand Control's Draw step
Phase: Ai(4)-Talrand Control's Main phase, precombat
Land: Ai(4)-Talrand Control played Island (372)
Phase: Ai(4)-Talrand Control's Beginning of Combat Step
Phase: Ai(4)-Talrand Control's Declare Attackers Step
Phase: Ai(4)-Talrand Control's Declare Blockers Step
Phase: Ai(4)-Talrand Control's First Strike Damage Step
Phase: Ai(4)-Talrand Control's Combat Damage Step
Phase: Ai(4)-Talrand Control's End of Combat Step
Phase: Ai(4)-Talrand Control's Main phase, postcombat
Phase: Ai(4)-Talrand Control's End step
Phase: Ai(4)-Talrand Control's Cleanup step
Turn: Turn 17 (Ai(1)-Krenko Goblins)
Phase: Ai(1)-Krenko Goblins' Untap step
Phase: Ai(1)-Krenko Goblins' Upkeep step
Phase: Ai(1)-Krenko Goblins' Draw step
Phase: Ai(1)-Krenko Goblins' Main phase, precombat
Mana: Mountain (76) - {T}: Add {R}.
Mana: Mountain (89) - {T}: Add {R}.
Mana: Mountain (55) - {T}: Add {R}.
Add To Stack: Ai(1)-Krenko Goblins cast Goblin Warchief
Resolve Stack: Goblin Warchief - Creature 2 / 2
Add To Stack: Ai(3)-Selvala Ramp triggered Selvala, Heart of the Wilds
Resolve Stack: Whenever another creature enters, its controller may draw a card if its power is greater than each other creature's power. [Zone Changer: Goblin Warchief (21)]
Phase: Ai(1)-Krenko Goblins' Beginning of Combat Step
Phase: Ai(1)-Krenko Goblins' Declare Attackers Step
Phase: Ai(1)-Krenko Goblins' Declare Blockers Step
Phase: Ai(1)-Krenko Goblins' First Strike Damage Step
Phase: Ai(1)-Krenko Goblins' Combat Damage Step
Phase: Ai(1)-Krenko Goblins' End of Combat Step
Phase: Ai(1)-Krenko Goblins' Main phase, postcombat
Phase: Ai(1)-Krenko Goblins' End step
Phase: Ai(1)-Krenko Goblins' Cleanup step
Turn: Turn 18 (Ai(2)-Drana Vampires)
Phase: Ai(2)-Drana Vampires' Untap step
Phase: Ai(2)-Drana Vampires' Upkeep step
Phase: Ai(2)-Drana Vampires' Draw step
Phase: Ai(2)-Drana Vampires' Main phase, precombat
Land: Ai(2)-Drana Vampires played Swamp (167)
Phase: Ai(2)-Drana Vampires' Beginning of Combat Step
Phase: Ai(2)-Drana Vampires' Declare Attackers Step
Phase: Ai(2)-Drana Vampires' Declare Blockers Step
Phase: Ai(2)-Drana Vampires' First Strike Damage Step
Phase: Ai(2)-Drana Vampires' Combat Damage Step
Phase: Ai(2)-Drana Vampires' End of Combat Step
Phase: Ai(2)-Drana Vampires' Main phase, postcombat
Life: Life: Ai(2)-Drana Vampires 36 > 35
Add To Stack: Ai(2)-Drana Vampires activated Swamp
Resolve Stack: Swamp (183) - Ai(2)-Drana Vampires draws a card.
Mana: Swamp (161) - {T}: Add {B}.
Mana: Charcoal Diamond (140) - {T}: Add {B}.
Mana: Swamp (156) - {T}: Add {B}.
Mana: Swamp (195) - {T}: Add {B}.
Add To Stack: Ai(2)-Drana Vampires cast Erebos, God of the Dead
Mana: Island (377) - {T}: Add {U}.
Add To Stack: Ai(4)-Talrand Control cast Swan Song targeting [Erebos, God of the Dead - Creature 5 / 7]
Zone Change: Send countered spell to Graveyard
Resolve Stack: Swan Song (333) - Counter Erebos, God of the Dead (142). 
Add To Stack: Ai(3)-Selvala Ramp triggered Selvala, Heart of the Wilds
Resolve Stack: Whenever another creature enters, its controller may draw a card if its power is greater than each other creature's power. [Zone Changer: Bird Token (426)]
Phase: Ai(2)-Drana Vampires' End step
Phase: Ai(2)-Drana Vampires' Cleanup step
Turn: Turn 19 (Ai(3)-Selvala Ramp)
Phase: Ai(3)-Selvala Ramp's Untap step
Phase: Ai(3)-Selvala Ramp's Upkeep step
Phase: Ai(3)-Selvala Ramp's Draw step
Phase: Ai(3)-Selvala Ramp's Main phase, precombat
Land: Ai(3)-Selvala Ramp played Forest (272)
Mana: Forest (249) - {T}: Add {G}.
Mana: Forest (242) - {T}: Add {G}.
Mana: Forest (246) - {T}: Add {G}.
Add To Stack: Ai(3)-Selvala Ramp cast Elvish Archdruid
Resolve Stack: Elvish Archdruid - Creature 2 / 2
Add To Stack: Ai(3)-Selvala Ramp triggered Selvala, Heart of the Wilds
Resolve Stack: Whenever another creature enters, its controller may draw a card if its power is greater than each other creature's power. [Zone Changer: Elvish Archdruid (209)]
Phase: Ai(3)-Selvala Ramp's Beginning of Combat Step
Phase: Ai(3)-Selvala Ramp's Declare Attackers Step
Combat: Ai(3)-Selvala Ramp assigned Nylea, God of the Hunt (287) and Selvala, Heart of the Wilds (302) to attack Ai(1)-Krenko Goblins.
Phase: Ai(3)-Selvala Ramp's Declare Blockers Step
Combat: Ai(1)-Krenko Goblins didn't block Nylea, God of the Hunt (287).
Ai(1)-Krenko Goblins didn't block Selvala, Heart of the Wilds (302).
Phase: Ai(3)-Selvala Ramp's First Strike Damage Step
Phase: Ai(3)-Selvala Ramp's Combat Damage Step
Damage: Nylea, God of the Hunt (287) deals 6 combat damage to Ai(1)-Krenko Goblins.
Damage: Selvala, Heart of the Wilds (302) deals 3 combat damage to Ai(1)-Krenko Goblins.
Life: Life: Ai(1)-Krenko Goblins 40 > 31
Phase: Ai(3)-Selvala Ramp's End of Combat Step
Phase: Ai(3)-Selvala Ramp's Main phase, postcombat
Phase: Ai(3)-Selvala Ramp's End step
Phase: Ai(3)-Selvala Ramp's Cleanup step
Turn: Turn 20 (Ai(4)-Talrand Control)
Phase: Ai(4)-Talrand Control's Untap step
Phase: Ai(4)-Talrand Control's Upkeep step
Phase: Ai(4)-Talrand Control's Draw step
Phase: Ai(4)-Talrand Control's Main phase, precombat
Land: Ai(4)-Talrand Control played Island (369)
Phase: Ai(4)-Talrand Control's Beginning of Combat Step
Phase: Ai(4)-Talrand Control's Declare Attackers Step
Phase: Ai(4)-Talrand Control's Declare Blockers Step
Phase: Ai(4)-Talrand Control's First Strike Damage Step
Phase: Ai(4)-Talrand Control's Combat Damage Step
Phase: Ai(4)-Talrand Control's End of Combat Step
Phase: Ai(4)-Talrand Control's Main phase, postcombat
Mana: Island (358) - {T}: Add {U}.
Mana: Island (368) - {T}: Add {U}.
Mana: Island (377) - {T}: Add {U}.
Mana: Island (372) - {T}: Add {U}.
Add To Stack: Ai(4)-Talrand Control cast Talrand, Sky Summoner
Resolve Stack: Talrand, Sky Summoner - Creature 2 / 2
Add To Stack: Ai(3)-Selvala Ramp triggered Selvala, Heart of the Wilds
Resolve Stack: Whenever another creature enters, its controller may draw a card if its power is greater than each other creature's power. [Zone Changer: Talrand, Sky Summoner (403)]
Phase: Ai(4)-Talrand Control's End step
Phase: Ai(4)-Talrand Control's Cleanup step
Turn: Turn 21 (Ai(1)-Krenko Goblins)
Phase: Ai(1)-Krenko Goblins' Untap step
Phase: Ai(1)-Krenko Goblins' Upkeep step
Phase: Ai(1)-Krenko Goblins' Draw step
Phase: Ai(1)-Krenko Goblins' Main phase, precombat
Mana: Mountain (76) - {T}: Add {R}.
Mana: Mountain (89) - {T}: Add {R}.
Mana: Mountain (55) - {T}: Add {R}.
Mana: Mountain (75) - {T}: Add {R}.
Add To Stack: Ai(1)-Krenko Goblins cast Siege-Gang Commander
Resolve Stack: Siege-Gang Commander - Creature 2 / 2
Add To Stack: Ai(1)-Krenko Goblins triggered Siege-Gang Commander
Add To Stack: Ai(3)-Selvala Ramp triggered Selvala, Heart of the Wilds
Resolve Stack: Whenever another creature enters, its controller may draw a card if its power is greater than each other creature's power. [Zone Changer: Siege-Gang Commander (10)]
Resolve Stack: When Siege-Gang Commander enters, create three 1/1 red Goblin creature tokens. [Zone Changer: Siege-Gang Commander (10)]
Add To Stack: Ai(3)-Selvala Ramp triggered Selvala, Heart of the Wilds
Add To Stack: Ai(3)-Selvala Ramp triggered Selvala, Heart of the Wilds
Add To Stack: Ai(3)-Selvala Ramp triggered Selvala, Heart of the Wilds
Resolve Stack: Whenever another creature enters, its controller may draw a card if its power is greater than each other creature's power. [Zone Changer: Goblin Token (432)]
Resolve Stack: Whenever another creature enters, its controller may draw a card if its power is greater than each other creature's power. [Zone Changer: Goblin Token (431)]
Resolve Stack: Whenever another creature enters, its controller may draw a card if its power is greater than each other creature's power. [Zone Changer: Goblin Token (430)]
Phase: Ai(1)-Krenko Goblins' Beginning of Combat Step
Phase: Ai(1)-Krenko Goblins' Declare Attackers Step
Phase: Ai(1)-Krenko Goblins' Declare Blockers Step
Phase: Ai(1)-Krenko Goblins' First Strike Damage Step
Phase: Ai(1)-Krenko Goblins' Combat Damage Step
Phase: Ai(1)-Krenko Goblins' End of Combat Step
Phase: Ai(1)-Krenko Goblins' Main phase, postcombat
Phase: Ai(1)-Krenko Goblins' End step
Phase: Ai(1)-Krenko Goblins' Cleanup step
Turn: Turn 22 (Ai(2)-Drana Vampires)
Phase: Ai(2)-Drana Vampires' Untap step
Phase: Ai(2)-Drana Vampires' Upkeep step
Phase: Ai(2)-Drana Vampires' Draw step
Phase: Ai(2)-Drana Vampires' Main phase, precombat
Mana: Swamp (161) - {T}: Add {B}.
Mana: Charcoal Diamond (140) - {T}: Add {B}.
Mana: Swamp (156) - {T}: Add {B}.
Mana: Swamp (195) - {T}: Add {B}.
Add To Stack: Ai(2)-Drana Vampires cast Languish
Resolve Stack: Languish (124) - All creatures get -4/-4 until end of turn.
Zone Change: Bird Token (426) was put into Graveyard from Battlefield.
Zone Change: Selvala, Heart of the Wilds (302) was put into Graveyard from Battlefield.
Zone Change: Elvish Archdruid (209) was put into Graveyard from Battlefield.
Zone Change: Sea Gate Oracle (337) was put into Graveyard from Battlefield.
Zone Change: Talrand, Sky Summoner (403) was put into Graveyard from Battlefield.
Zone Change: Goblin Bushwhacker (17) was put into Graveyard from Battlefield.
Zone Change: Goblin Token (414) was put into Graveyard from Battlefield.
Zone Change: Face-down card (H1) was put into Graveyard from Battlefield.
Zone Change: Goblin Warchief (21) was put into Graveyard from Battlefield.
Zone Change: Siege-Gang Commander (10) was put into Graveyard from Battlefield.
Zone Change: Goblin Token (430) was put into Graveyard from Battlefield.
Zone Change: Goblin Token (431) was put into Graveyard from Battlefield.
Zone Change: Goblin Token (432) was put into Graveyard from Battlefield.
Phase: Ai(2)-Drana Vampires' Beginning of Combat Step
Phase: Ai(2)-Drana Vampires' Declare Attackers Step
Phase: Ai(2)-Drana Vampires' Declare Blockers Step
Phase: Ai(2)-Drana Vampires' First Strike Damage Step
Phase: Ai(2)-Drana Vampires' Combat Damage Step
Phase: Ai(2)-Drana Vampires' End of Combat Step
Phase: Ai(2)-Drana Vampires' Main phase, postcombat
Life: Life: Ai(2)-Drana Vampires 35 > 34
Add To Stack: Ai(2)-Drana Vampires activated Swamp
Resolve Stack: Swamp (183) - Ai(2)-Drana Vampires draws a card.
Phase: Ai(2)-Drana Vampires' End step
Phase: Ai(2)-Drana Vampires' Cleanup step
Turn: Turn 23 (Ai(3)-Selvala Ramp)
Phase: Ai(3)-Selvala Ramp's Untap step
Phase: Ai(3)-Selvala Ramp's Upkeep step
Phase: Ai(3)-Selvala Ramp's Draw step
Phase: Ai(3)-Selvala Ramp's Main phase, precombat
Land: Ai(3)-Selvala Ramp played Forest (254)
Mana: Forest (249) - {T}: Add {G}.
Mana: Forest (242) - {T}: Add {G}.
Mana: Forest (246) - {T}: Add {G}.
Mana: Forest (258) - {T}: Add {G}.
Mana: Forest (272) - {T}: Add {G}.
Add To Stack: Ai(3)-Selvala Ramp cast Selvala, Heart of the Wilds
Resolve Stack: Selvala, Heart of the Wilds - Creature 2 / 3
Phase: Ai(3)-Selvala Ramp's Beginning of Combat Step
Phase: Ai(3)-Selvala Ramp's Declare Attackers Step
Phase: Ai(3)-Selvala Ramp's Declare Blockers Step
Phase: Ai(3)-Selvala Ramp's First Strike Damage Step
Phase: Ai(3)-Selvala Ramp's Combat Damage Step
Phase: Ai(3)-Selvala Ramp's End of Combat Step
Phase: Ai(3)-Selvala Ramp's Main phase, postcombat
Phase: Ai(3)-Selvala Ramp's End step
Phase: Ai(3)-Selvala Ramp's Cleanup step
Turn: Turn 24 (Ai(4)-Talrand Control)
Phase: Ai(4)-Talrand Control's Untap step
Phase: Ai(4)-Talrand Control's Upkeep step
Phase: Ai(4)-Talrand Control's Draw step
Phase: Ai(4)-Talrand Control's Main phase, precombat
Land: Ai(4)-Talrand Control played Island (347)
Phase: Ai(4)-Talrand Control's Beginning of Combat Step
Phase: Ai(4)-Talrand Control's Declare Attackers Step
Phase: Ai(4)-Talrand Control's Declare Blockers Step
Phase: Ai(4)-Talrand Control's First Strike Damage Step
Phase: Ai(4)-Talrand Control's Combat Damage Step
Phase: Ai(4)-Talrand Control's End of Combat Step
Phase: Ai(4)-Talrand Control's Main phase, postcombat
Mana: Island (358) - {T}: Add {U}.
Mana: Island (368) - {T}: Add {U}.
Mana: Island (377) - {T}: Add {U}.
Mana: Island (372) - {T}: Add {U}.
Mana: Island (369) - {T}: Add {U}.
Mana: Island (347) - {T}: Add {U}.
Add To Stack: Ai(4)-Talrand Control cast Talrand, Sky Summoner
Resolve Stack: Talrand, Sky Summoner - Creature 2 / 2
Add To Stack: Ai(3)-Selvala Ramp triggered Selvala, Heart of the Wilds
Resolve Stack: Whenever another creature enters, its controller may draw a card if its power is greater than each other creature's power. [Zone Changer: Talrand, Sky Summoner (403)]
Phase: Ai(4)-Talrand Control's End step
Phase: Ai(4)-Talrand Control's Cleanup step
Turn: Turn 25 (Ai(1)-Krenko Goblins)
Phase: Ai(1)-Krenko Goblins' Untap step
Phase: Ai(1)-Krenko Goblins' Upkeep step
Phase: Ai(1)-Krenko Goblins' Draw step
Phase: Ai(1)-Krenko Goblins' Main phase, precombat
Land: Ai(1)-Krenko Goblins played Mountain (51)
Phase: Ai(1)-Krenko Goblins' Beginning of Combat Step
Phase: Ai(1)-Krenko Goblins' Declare Attackers Step
Phase: Ai(1)-Krenko Goblins' Declare Blockers Step
Phase: Ai(1)-Krenko Goblins' First Strike Damage Step
Phase: Ai(1)-Krenko Goblins' Combat Damage Step
Phase: Ai(1)-Krenko Goblins' End of Combat Step
Phase: Ai(1)-Krenko Goblins' Main phase, postcombat
Mana: Mountain (76) - {T}: Add {R}.
Mana: Mountain (89) - {T}: Add {R}.
Mana: Mountain (55) - {T}: Add {R}.
Mana: Mountain (75) - {T}: Add {R}.
Mana: Mountain (51) - {T}: Add {R}.
Add To Stack: Ai(1)-Krenko Goblins cast Coat of Arms
Resolve Stack: Coat of Arms
Phase: Ai(1)-Krenko Goblins' End step
Phase: Ai(1)-Krenko Goblins' Cleanup step
Turn: Turn 26 (Ai(2)-Drana Vampires)
Phase: Ai(2)-Drana Vampires' Untap step
Phase: Ai(2)-Drana Vampires' Upkeep step
Phase: Ai(2)-Drana Vampires' Draw step
Phase: Ai(2)-Drana Vampires' Main phase, precombat
Land: Ai(2)-Drana Vampires played Swamp (168)
Phase: Ai(2)-Drana Vampires' Beginning of Combat Step
Phase: Ai(2)-Drana Vampires' Declare Attackers Step
Phase: Ai(2)-Drana Vampires' Declare Blockers Step
Phase: Ai(2)-Drana Vampires' First Strike Damage Step
Phase: Ai(2)-Drana Vampires' Combat Damage Step
Phase: Ai(2)-Drana Vampires' End of Combat Step
Phase: Ai(2)-Drana Vampires' Main phase, postcombat
Life: Life: Ai(2)-Drana Vampires 34 > 33
Add To Stack: Ai(2)-Drana Vampires activated Swamp
Resolve Stack: Swamp (183) - Ai(2)-Drana Vampires draws a card.
Mana: Swamp (161) - {T}: Add {B}.
Mana: Charcoal Diamond (140) - {T}: Add {B}.
Mana: Swamp (156) - {T}: Add {B}.
Mana: Swamp (195) - {T}: Add {B}.
Mana: Swamp (167) - {T}: Add {B}.
Mana: Swamp (168) - {T}: Add {B}.
Add To Stack: Ai(2)-Drana Vampires cast Necropolis Regent
Resolve Stack: Necropolis Regent - Creature 6 / 5
Add To Stack: Ai(3)-Selvala Ramp triggered Selvala, Heart of the Wilds
Resolve Stack: Whenever another creature enters, its controller may draw a card if its power is greater than each other creature's power. [Zone Changer: Necropolis Regent (144)]
Phase: Ai(2)-Drana Vampires' End step
Phase: Ai(2)-Drana Vampires' Cleanup step
Turn: Turn 27 (Ai(3)-Selvala Ramp)
Phase: Ai(3)-Selvala Ramp's Untap step
Phase: Ai(3)-Selvala Ramp's Upkeep step
Phase: Ai(3)-Selvala Ramp's Draw step
Phase: Ai(3)-Selvala Ramp's Main phase, precombat
Mana: Forest (249) - {T}: Add {G}.
Mana: Forest (242) - {T}: Add {G}.
Mana: Forest (246) - {T}: Add {G}.
Add To Stack: Ai(3)-Selvala Ramp cast Yavimaya Elder
Resolve Stack: Yavimaya Elder - Creature 2 / 1
Add To Stack: Ai(3)-Selvala Ramp triggered Selvala, Heart of the Wilds
Resolve Stack: Whenever another creature enters, its controller may draw a card if its power is greater than each other creature's power. [Zone Changer: Yavimaya Elder (230)]
Phase: Ai(3)-Selvala Ramp's Beginning of Combat Step
Phase: Ai(3)-Selvala Ramp's Declare Attackers Step
Combat: Ai(3)-Selvala Ramp assigned Nylea, God of the Hunt (287) to attack Ai(2)-Drana Vampires.
Phase: Ai(3)-Selvala Ramp's Declare Blockers Step
Combat: Ai(2)-Drana Vampires didn't block Nylea, God of the Hunt (287).
Phase: Ai(3)-Selvala Ramp's First Strike Damage Step
Phase: Ai(3)-Selvala Ramp's Combat Damage Step
Damage: Nylea, God of the Hunt (287) deals 6 combat damage to Ai(2)-Drana Vampires.
Life: Life: Ai(2)-Drana Vampires 33 > 27
Phase: Ai(3)-Selvala Ramp's End of Combat Step
Phase: Ai(3)-Selvala Ramp's Main phase, postcombat
Mana: Forest (258) - {T}: Add {G}.
Mana: Forest (272) - {T}: Add {G}.
Mana: Forest (254) - {T}: Add {G}.
Add To Stack: Ai(3)-Selvala Ramp cast Cultivate
Resolve Stack: Cultivate (219) - Search your library for up to two basic land cards, reveal those cards, put one onto the battlefield tapped and the other into your hand, then shuffle.   
Land: Ai(3)-Selvala Ramp played Forest (267)
Phase: Ai(3)-Selvala Ramp's End step
Phase: Ai(3)-Selvala Ramp's Cleanup step
Turn: Turn 28 (Ai(4)-Talrand Control)
Phase: Ai(4)-Talrand Control's Untap step
Phase: Ai(4)-Talrand Control's Upkeep step
Phase: Ai(4)-Talrand Control's Draw step
Phase: Ai(4)-Talrand Control's Main phase, precombat
Land: Ai(4)-Talrand Control played Island (380)
Phase: Ai(4)-Talrand Control's Beginning of Combat Step
Phase: Ai(4)-Talrand Control's Declare Attackers Step
Phase: Ai(4)-Talrand Control's Declare Blockers Step
Phase: Ai(4)-Talrand Control's First Strike Damage Step
Phase: Ai(4)-Talrand Control's Combat Damage Step
Phase: Ai(4)-Talrand Control's End of Combat Step
Phase: Ai(4)-Talrand Control's Main phase, postcombat
Mana: Island (358) - {T}: Add {U}.
Mana: Island (368) - {T}: Add {U}.
Mana: Island (377) - {T}: Add {U}.
Mana: Island (372) - {T}: Add {U}.
Add To Stack: Ai(4)-Talrand Control cast Archaeomancer
Resolve Stack: Archaeomancer - Creature 1 / 2
Add To Stack: Ai(4)-Talrand Control triggered Archaeomancer targeting [Reality Shift (388)]
Add To Stack: Ai(3)-Selvala Ramp triggered Selvala, Heart of the Wilds
Resolve Stack: Whenever another creature enters, its controller may draw a card if its power is greater than each other creature's power. [Zone Changer: Archaeomancer (312)]
Resolve Stack: When Archaeomancer enters, return target instant or sorcery card from your graveyard to your hand. (Targeting: [[Reality Shift (388)]]) [Zone Changer: Archaeomancer (312)]
Mana: Island (369) - {T}: Add {U}.
Mana: Island (347) - {T}: Add {U}.
Mana: Island (380) - {T}: Add {U}.
Add To Stack: Ai(4)-Talrand Control cast Divination
Add To Stack: Ai(4)-Talrand Control triggered Talrand, Sky Summoner
Resolve Stack: Whenever you cast an instant or sorcery spell, create a 2/2 blue Drake creature token with flying. [Card: Divination (315), Activator: Ai(4)-Talrand Control, SpellAbility: Draw two cards.]
Add To Stack: Ai(3)-Selvala Ramp triggered Selvala, Heart of the Wilds
Resolve Stack: Whenever another creature enters, its controller may draw a card if its power is greater than each other creature's power. [Zone Changer: Drake Token (438)]
Resolve Stack: Divination (315) - Ai(4)-Talrand Control draws two cards.
Phase: Ai(4)-Talrand Control's End step
Phase: Ai(4)-Talrand Control's Cleanup step
Turn: Turn 29 (Ai(1)-Krenko Goblins)
Phase: Ai(1)-Krenko Goblins' Untap step
Phase: Ai(1)-Krenko Goblins' Upkeep step
Phase: Ai(1)-Krenko Goblins' Draw step
Phase: Ai(1)-Krenko Goblins' Main phase, precombat
Phase: Ai(1)-Krenko Goblins' Beginning of Combat Step
Phase: Ai(1)-Krenko Goblins' Declare Attackers Step
Phase: Ai(1)-Krenko Goblins' Declare Blockers Step
Phase: Ai(1)-Krenko Goblins' First Strike Damage Step
Phase: Ai(1)-Krenko Goblins' Combat Damage Step
Phase: Ai(1)-Krenko Goblins' End of Combat Step
Phase: Ai(1)-Krenko Goblins' Main phase, postcombat
Mana: Mountain (76) - {T}: Add {R}.
Mana: Mountain (89) - {T}: Add {R}.
Mana: Mountain (55) - {T}: Add {R}.
Mana: Mountain (75) - {T}: Add {R}.
Add To Stack: Ai(1)-Krenko Goblins cast Beetleback Chief
Resolve Stack: Beetleback Chief - Creature 2 / 2
Add To Stack: Ai(1)-Krenko Goblins triggered Beetleback Chief
Add To Stack: Ai(3)-Selvala Ramp triggered Selvala, Heart of the Wilds
Resolve Stack: Whenever another creature enters, its controller may draw a card if its power is greater than each other creature's power. [Zone Changer: Beetleback Chief (6)]
Resolve Stack: When Beetleback Chief enters, create two 1/1 red Goblin creature tokens. [Zone Changer: Beetleback Chief (6)]
Add To Stack: Ai(3)-Selvala Ramp triggered Selvala, Heart of the Wilds
Add To Stack: Ai(3)-Selvala Ramp triggered Selvala, Heart of the Wilds
Resolve Stack: Whenever another creature enters, its controller may draw a card if its power is greater than each other creature's power. [Zone Changer: Goblin Token (443)]
Resolve Stack: Whenever another creature enters, its controller may draw a card if its power is greater than each other creature's power. [Zone Changer: Goblin Token (442)]
Mana: Mountain (51) - {T}: Add {R}.
Add To Stack: Ai(1)-Krenko Goblins cast Skirk Prospector
Resolve Stack: Skirk Prospector - Creature 1 / 1
Add To Stack: Ai(3)-Selvala Ramp triggered Selvala, Heart of the Wilds
Resolve Stack: Whenever another creature enters, its controller may draw a card if its power is greater than each other creature's power. [Zone Changer: Skirk Prospector (44)]
Zone Change: Goblin Token (442) was put into Graveyard from Battlefield.
Mana: Skirk Prospector (44) - Sacrifice a Goblin: Add {R}.
Add To Stack: Ai(1)-Krenko Goblins cast Spikeshot Elder
Resolve Stack: Spikeshot Elder - Creature 1 / 1
Add To Stack: Ai(3)-Selvala Ramp triggered Selvala, Heart of the Wilds
Resolve Stack: Whenever another creature enters, its controller may draw a card if its power is greater than each other creature's power. [Zone Changer: Spikeshot Elder (18)]
Phase: Ai(1)-Krenko Goblins' End step
Phase: Ai(1)-Krenko Goblins' Cleanup step
Turn: Turn 30 (Ai(2)-Drana Vampires)
Phase: Ai(2)-Drana Vampires' Untap step
Phase: Ai(2)-Drana Vampires' Upkeep step
Phase: Ai(2)-Drana Vampires' Draw step
Phase: Ai(2)-Drana Vampires' Main phase, precombat
Land: Ai(2)-Drana Vampires played Swamp (163)
Phase: Ai(2)-Drana Vampires' Beginning of Combat Step
Phase: Ai(2)-Drana Vampires' Declare Attackers Step
Combat: Ai(2)-Drana Vampires assigned Necropolis Regent (144) to attack Ai(1)-Krenko Goblins.
Phase: Ai(2)-Drana Vampires' Declare Blockers Step
Combat: Ai(1)-Krenko Goblins didn't block Necropolis Regent (144).
Phase: Ai(2)-Drana Vampires' First Strike Damage Step
Phase: Ai(2)-Drana Vampires' Combat Damage Step
Damage: Necropolis Regent (144) deals 6 combat damage to Ai(1)-Krenko Goblins.
Life: Life: Ai(1)-Krenko Goblins 31 > 25
Add To Stack: Ai(2)-Drana Vampires triggered Necropolis Regent
Resolve Stack: Whenever a creature you control deals combat damage to a player, put that many +1/+1 counters on it. [Damage Source: Necropolis Regent (144), Damaged: Ai(1)-Krenko Goblins, Amount: 6]
Phase: Ai(2)-Drana Vampires' End of Combat Step
Phase: Ai(2)-Drana Vampires' Main phase, postcombat
Life: Life: Ai(2)-Drana Vampires 27 > 26
Add To Stack: Ai(2)-Drana Vampires activated Swamp
Resolve Stack: Swamp (183) - Ai(2)-Drana Vampires draws a card.
Mana: Swamp (161) - {T}: Add {B}.
Mana: Charcoal Diamond (140) - {T}: Add {B}.
Mana: Swamp (156) - {T}: Add {B}.
Mana: Swamp (195) - {T}: Add {B}.
Mana: Swamp (167) - {T}: Add {B}.
Mana: Swamp (168) - {T}: Add {B}.
Mana: Swamp (163) - {T}: Add {B}.
Add To Stack: Ai(2)-Drana Vampires cast Butcher of Malakir
Resolve Stack: Butcher of Malakir - Creature 5 / 4
Add To Stack: Ai(3)-Selvala Ramp triggered Selvala, Heart of the Wilds
Resolve Stack: Whenever another creature enters, its controller may draw a card if its power is greater than each other creature's power. [Zone Changer: Butcher of Malakir (136)]
Phase: Ai(2)-Drana Vampires' End step
Phase: Ai(2)-Drana Vampires' Cleanup step
Turn: Turn 31 (Ai(3)-Selvala Ramp)
Phase: Ai(3)-Selvala Ramp's Untap step
Phase: Ai(3)-Selvala Ramp's Upkeep step
Phase: Ai(3)-Selvala Ramp's Draw step
Phase: Ai(3)-Selvala Ramp's Main phase, precombat
Land: Ai(3)-Selvala Ramp played Forest (271)
Mana: Forest (249) - {T}: Add {G}.
Mana: Forest (242) - {T}: Add {G}.
Mana: Forest (246) - {T}: Add {G}.
Mana: Forest (258) - {T}: Add {G}.
Mana: Forest (272) - {T}: Add {G}.
Mana: Forest (254) - {T}: Add {G}.
Mana: Forest (273) - {T}: Add {G}.
Mana: Forest (267) - {T}: Add {G}.
Add To Stack: Ai(3)-Selvala Ramp cast Craterhoof Behemoth
Resolve Stack: Craterhoof Behemoth - Creature 5 / 5
Add To Stack: Ai(3)-Selvala Ramp triggered Selvala, Heart of the Wilds
Add To Stack: Ai(3)-Selvala Ramp triggered Craterhoof Behemoth
Resolve Stack: When Craterhoof Behemoth enters, creatures you control gain trample and get +X/+X until end of turn, where X is the number of creatures you control. [Zone Changer: Craterhoof Behemoth (216)]
Resolve Stack: Whenever another creature enters, its controller may draw a card if its power is greater than each other creature's power. [Zone Changer: Craterhoof Behemoth (216)]
Phase: Ai(3)-Selvala Ramp's Beginning of Combat Step
Phase: Ai(3)-Selvala Ramp's Declare Attackers Step
Combat: Ai(3)-Selvala Ramp assigned Nylea, God of the Hunt (287), Craterhoof Behemoth (216), Yavimaya Elder (230) and Selvala, Heart of the Wilds (302) to attack Ai(2)-Drana Vampires.
Phase: Ai(3)-Selvala Ramp's Declare Blockers Step
Combat: Ai(2)-Drana Vampires assigned Butcher of Malakir (136) to block Nylea, God of the Hunt (287).
Ai(2)-Drana Vampires didn't block Craterhoof Behemoth (216).
Ai(2)-Drana Vampires didn't block Yavimaya Elder (230).
Ai(2)-Drana Vampires didn't block Selvala, Heart of the Wilds (302).
Phase: Ai(3)-Selvala Ramp's First Strike Damage Step
Phase: Ai(3)-Selvala Ramp's Combat Damage Step
Damage: Nylea, God of the Hunt (287) deals 4 combat damage to Ai(2)-Drana Vampires.
Damage: Nylea, God of the Hunt (287) deals 6 damage to Butcher of Malakir (136).
Damage: Craterhoof Behemoth (216) deals 9 combat damage to Ai(2)-Drana Vampires.
Damage: Yavimaya Elder (230) deals 7 combat damage to Ai(2)-Drana Vampires.
Damage: Selvala, Heart of the Wilds (302) deals 6 combat damage to Ai(2)-Drana Vampires.
Damage: Butcher of Malakir (136) deals 7 damage to Nylea, God of the Hunt (287).
Life: Life: Ai(2)-Drana Vampires 26 > 0
Phase: Ai(3)-Selvala Ramp's End of Combat Step
Phase: Ai(3)-Selvala Ramp's Main phase, postcombat
Phase: Ai(3)-Selvala Ramp's End step
Phase: Ai(3)-Selvala Ramp's Cleanup step
Turn: Turn 32 (Ai(4)-Talrand Control)
Phase: Ai(4)-Talrand Control's Untap step
Phase: Ai(4)-Talrand Control's Upkeep step
Mana: Island (358) - {T}: Add {U}.
Mana: Island (368) - {T}: Add {U}.
Add To Stack: Ai(4)-Talrand Control cast Reality Shift targeting [Nylea, God of the Hunt (287)]
Add To Stack: Ai(4)-Talrand Control triggered Talrand, Sky Summoner
Resolve Stack: Whenever you cast an instant or sorcery spell, create a 2/2 blue Drake creature token with flying. [Card: Reality Shift (388), Activator: Ai(4)-Talrand Control, SpellAbility: Exile target creature. Its controller manifests the top card of their library. (That player puts the top card of their library onto the battlefield face down as a 2/2 creature. If it's a creature card, it can be turned face up any time for its mana cost.) ]
Add To Stack: Ai(3)-Selvala Ramp triggered Selvala, Heart of the Wilds
Resolve Stack: Whenever another creature enters, its controller may draw a card if its power is greater than each other creature's power. [Zone Changer: Drake Token (446)]
Zone Change: Nylea, God of the Hunt (287) was put into Exile from Battlefield.
Resolve Stack: Reality Shift (388) - Exile Nylea, God of the Hunt (287). 
Add To Stack: Ai(3)-Selvala Ramp triggered Selvala, Heart of the Wilds
Resolve Stack: Whenever another creature enters, its controller may draw a card if its power is greater than each other creature's power. [Zone Changer: Face-down card (H2)]
Phase: Ai(4)-Talrand Control's Draw step
Phase: Ai(4)-Talrand Control's Main phase, precombat
Land: Ai(4)-Talrand Control played Island (375)
Mana: Island (377) - {T}: Add {U}.
Add To Stack: Ai(4)-Talrand Control cast Ponder
Add To Stack: Ai(4)-Talrand Control triggered Talrand, Sky Summoner
Resolve Stack: Whenever you cast an instant or sorcery spell, create a 2/2 blue Drake creature token with flying. [Card: Ponder (316), Activator: Ai(4)-Talrand Control, SpellAbility: Look at the top three cards of your library, then put them back in any order. You may shuffle. Draw a card. ]
Add To Stack: Ai(3)-Selvala Ramp triggered Selvala, Heart of the Wilds
Resolve Stack: Whenever another creature enters, its controller may draw a card if its power is greater than each other creature's power. [Zone Changer: Drake Token (449)]
Resolve Stack: Ponder (316) - Look at the top 3 cards of Ai(4)-Talrand Control's library. Then put them back in any order.You may have that player shuffle their library. Ai(4)-Talrand Control draws a card.
Phase: Ai(4)-Talrand Control's Beginning of Combat Step
Phase: Ai(4)-Talrand Control's Declare Attackers Step
Combat: Ai(4)-Talrand Control assigned Drake Token (438) to attack Ai(1)-Krenko Goblins.
Phase: Ai(4)-Talrand Control's Declare Blockers Step
Combat: Ai(1)-Krenko Goblins didn't block Drake Token (438).
Phase: Ai(4)-Talrand Control's First Strike Damage Step
Phase: Ai(4)-Talrand Control's Combat Damage Step
Damage: Drake Token (438) deals 4 combat damage to Ai(1)-Krenko Goblins.
Life: Life: Ai(1)-Krenko Goblins 25 > 21
Phase: Ai(4)-Talrand Control's End of Combat Step
Phase: Ai(4)-Talrand Control's Main phase, postcombat
Mana: Island (372) - {T}: Add {U}.
Mana: Island (369) - {T}: Add {U}.
Add To Stack: Ai(4)-Talrand Control cast Augur of Bolas
Resolve Stack: Augur of Bolas - Creature 1 / 3
Add To Stack: Ai(4)-Talrand Control triggered Augur of Bolas
Add To Stack: Ai(3)-Selvala Ramp triggered Selvala, Heart of the Wilds
Resolve Stack: Whenever another creature enters, its controller may draw a card if its power is greater than each other creature's power. [Zone Changer: Augur of Bolas (385)]
Resolve Stack: When Augur of Bolas enters, look at the top three cards from your library. You may reveal an instant or sorcery card from among them and put it into your hand. Put the rest on the bottom of your library in any order. [Zone Changer: Augur of Bolas (385)]
Mana: Island (347) - {T}: Add {U}.
Mana: Island (380) - {T}: Add {U}.
Add To Stack: Ai(4)-Talrand Control cast Sky Diamond
Replacement Effect: Sky Diamond enters tapped.
Resolve Stack: Sky Diamond
Phase: Ai(4)-Talrand Control's End step
Phase: Ai(4)-Talrand Control's Cleanup step
Turn: Turn 33 (Ai(1)-Krenko Goblins)
Phase: Ai(1)-Krenko Goblins' Untap step
Phase: Ai(1)-Krenko Goblins' Upkeep step
Mana: Mountain (76) - {T}: Add {R}.
Mana: Mountain (89) - {T}: Add {R}.
Mana: Mountain (55) - {T}: Add {R}.
Add To Stack: Ai(1)-Krenko Goblins activated Spikeshot Elder targeting [Selvala, Heart of the Wilds (302)]
Damage: Spikeshot Elder (18) deals 4 damage to Selvala, Heart of the Wilds (302).
Resolve Stack: Spikeshot Elder (18) - Spikeshot Elder (18) deals 4 damage to Selvala, Heart of the Wilds (302).
Zone Change: Selvala, Heart of the Wilds (302) was put into Graveyard from Battlefield.
Mana: Mountain (75) - {T}: Add {R}.
Mana: Mountain (51) - {T}: Add {R}.
Zone Change: Goblin Token (443) was put into Graveyard from Battlefield.
Mana: Skirk Prospector (44) - Sacrifice a Goblin: Add {R}.
Add To Stack: Ai(1)-Krenko Goblins activated Spikeshot Elder targeting [Yavimaya Elder (230)]
Damage: Spikeshot Elder (18) deals 3 damage to Yavimaya Elder (230).
Resolve Stack: Spikeshot Elder (18) - Spikeshot Elder (18) deals 3 damage to Yavimaya Elder (230).
Zone Change: Yavimaya Elder (230) was put into Graveyard from Battlefield.
Add To Stack: Ai(3)-Selvala Ramp triggered Yavimaya Elder
Resolve Stack: When Yavimaya Elder dies, you may search your library for up to two basic land cards, reveal them, put them into your hand, then shuffle. [Zone Changer: Yavimaya Elder (230)]
Phase: Ai(1)-Krenko Goblins' Draw step
Phase: Ai(1)-Krenko Goblins' Main phase, precombat
Land: Ai(1)-Krenko Goblins played Mountain (62)
Phase: Ai(1)-Krenko Goblins' Beginning of Combat Step
Phase: Ai(1)-Krenko Goblins' Declare Attackers Step
Phase: Ai(1)-Krenko Goblins' Declare Blockers Step
Phase: Ai(1)-Krenko Goblins' First Strike Damage Step
Phase: Ai(1)-Krenko Goblins' Combat Damage Step
Phase: Ai(1)-Krenko Goblins' End of Combat Step
Phase: Ai(1)-Krenko Goblins' Main phase, postcombat
Phase: Ai(1)-Krenko Goblins' End step
Phase: Ai(1)-Krenko Goblins' Cleanup step
Turn: Turn 34 (Ai(3)-Selvala Ramp)
Phase: Ai(3)-Selvala Ramp's Untap step
Phase: Ai(3)-Selvala Ramp's Upkeep step
Phase: Ai(3)-Selvala Ramp's Draw step
Phase: Ai(3)-Selvala Ramp's Main phase, precombat
Land: Ai(3)-Selvala Ramp played Forest (281)
Mana: Forest (249) - {T}: Add {G}.
Mana: Forest (242) - {T}: Add {G}.
Mana: Forest (246) - {T}: Add {G}.
Add To Stack: Ai(3)-Selvala Ramp cast Genesis Wave
Resolve Stack: Genesis Wave (295) - [Ai(3)-Selvala Ramp] Reveal the top X cards of your library. You may put any number of permanent cards with mana value X or less from among them onto the battlefield. Then put all cards revealed this way that weren't put onto the battlefield into your graveyard. (X=0)
Phase: Ai(3)-Selvala Ramp's Beginning of Combat Step
Phase: Ai(3)-Selvala Ramp's Declare Attackers Step
Phase: Ai(3)-Selvala Ramp's Declare Blockers Step
Phase: Ai(3)-Selvala Ramp's First Strike Damage Step
Phase: Ai(3)-Selvala Ramp's Combat Damage Step
Phase: Ai(3)-Selvala Ramp's End of Combat Step
Phase: Ai(3)-Selvala Ramp's Main phase, postcombat
Mana: Forest (258) - {T}: Add {G}.
Mana: Forest (272) - {T}: Add {G}.
Mana: Forest (254) - {T}: Add {G}.
Mana: Forest (273) - {T}: Add {G}.
Mana: Forest (267) - {T}: Add {G}.
Add To Stack: Ai(3)-Selvala Ramp cast Shamanic Revelation
Life: Life: Ai(3)-Selvala Ramp 40 > 44
Resolve Stack: Shamanic Revelation (298) - Ai(3)-Selvala Ramp draws two cards. Ai(3)-Selvala Ramp gains 4 life.
Mana: Forest (271) - {T}: Add {G}.
Mana: Forest (281) - {T}: Add {G}.
Add To Stack: Ai(3)-Selvala Ramp cast Priest of Titania
Resolve Stack: Priest of Titania - Creature 1 / 1
Phase: Ai(3)-Selvala Ramp's End step
Phase: Ai(3)-Selvala Ramp's Cleanup step
Turn: Turn 35 (Ai(4)-Talrand Control)
Phase: Ai(4)-Talrand Control's Untap step
Phase: Ai(4)-Talrand Control's Upkeep step
Mana: Island (358) - {T}: Add {U}.
Mana: Island (368) - {T}: Add {U}.
Add To Stack: Ai(4)-Talrand Control cast Boomerang targeting [Craterhoof Behemoth (216)]
Add To Stack: Ai(4)-Talrand Control triggered Talrand, Sky Summoner
Resolve Stack: Whenever you cast an instant or sorcery spell, create a 2/2 blue Drake creature token with flying. [Card: Boomerang (317), Activator: Ai(4)-Talrand Control, SpellAbility: Return target permanent to its owner's hand.]
Resolve Stack: Boomerang (317) - Return Craterhoof Behemoth (216) to its owner's hand.
Phase: Ai(4)-Talrand Control's Draw step
Phase: Ai(4)-Talrand Control's Main phase, precombat
Land: Ai(4)-Talrand Control played Island (349)
Phase: Ai(4)-Talrand Control's Beginning of Combat Step
Phase: Ai(4)-Talrand Control's Declare Attackers Step
Combat: Ai(4)-Talrand Control assigned Drake Token (438), Drake Token (446), Drake Token (449) and Talrand, Sky Summoner (403) to attack Ai(1)-Krenko Goblins.
Phase: Ai(4)-Talrand Control's Declare Blockers Step
Combat: Ai(1)-Krenko Goblins didn't block Drake Token (438).
Ai(1)-Krenko Goblins didn't block Drake Token (446).
Ai(1)-Krenko Goblins didn't block Drake Token (449).
Ai(1)-Krenko Goblins assigned Beetleback Chief (6) to block Talrand, Sky Summoner (403).
Phase: Ai(4)-Talrand Control's First Strike Damage Step
Phase: Ai(4)-Talrand Control's Combat Damage Step
Damage: Drake Token (438) deals 5 combat damage to Ai(1)-Krenko Goblins.
Damage: Drake Token (446) deals 5 combat damage to Ai(1)-Krenko Goblins.
Damage: Drake Token (449) deals 5 combat damage to Ai(1)-Krenko Goblins.
Damage: Talrand, Sky Summoner (403) deals 4 damage to Beetleback Chief (6).
Damage: Beetleback Chief (6) deals 4 damage to Talrand, Sky Summoner (403).
Life: Life: Ai(1)-Krenko Goblins 21 > 6
Zone Change: Talrand, Sky Summoner (403) was put into Graveyard from Battlefield.
Zone Change: Beetleback Chief (6) was put into Graveyard from Battlefield.
Phase: Ai(4)-Talrand Control's End of Combat Step
Phase: Ai(4)-Talrand Control's Main phase, postcombat
Mana: Island (377) - {T}: Add {U}.
Mana: Island (372) - {T}: Add {U}.
Mana: Island (369) - {T}: Add {U}.
Mana: Island (347) - {T}: Add {U}.
Mana: Island (380) - {T}: Add {U}.
Mana: Island (375) - {T}: Add {U}.
Mana: Sky Diamond (399) - {T}: Add {U}.
Mana: Island (349) - {T}: Add {U}.
Add To Stack: Ai(4)-Talrand Control cast Talrand, Sky Summoner
Resolve Stack: Talrand, Sky Summoner - Creature 2 / 2
Phase: Ai(4)-Talrand Control's End step
Phase: Ai(4)-Talrand Control's Cleanup step
Turn: Turn 36 (Ai(1)-Krenko Goblins)
Phase: Ai(1)-Krenko Goblins' Untap step
Phase: Ai(1)-Krenko Goblins' Upkeep step
Phase: Ai(1)-Krenko Goblins' Draw step
Phase: Ai(1)-Krenko Goblins' Main phase, precombat
Land: Ai(1)-Krenko Goblins played Mountain (53)
Phase: Ai(1)-Krenko Goblins' Beginning of Combat Step
Phase: Ai(1)-Krenko Goblins' Declare Attackers Step
Phase: Ai(1)-Krenko Goblins' Declare Blockers Step
Phase: Ai(1)-Krenko Goblins' First Strike Damage Step
Phase: Ai(1)-Krenko Goblins' Combat Damage Step
Phase: Ai(1)-Krenko Goblins' End of Combat Step
Phase: Ai(1)-Krenko Goblins' Main phase, postcombat
Mana: Mountain (76) - {T}: Add {R}.
Mana: Mountain (89) - {T}: Add {R}.
Mana: Mountain (55) - {T}: Add {R}.
Mana: Mountain (75) - {T}: Add {R}.
Mana: Mountain (51) - {T}: Add {R}.
Mana: Mountain (62) - {T}: Add {R}.
Add To Stack: Ai(1)-Krenko Goblins cast Krenko, Mob Boss
Resolve Stack: Krenko, Mob Boss - Creature 3 / 3
Phase: Ai(1)-Krenko Goblins' End step
Phase: Ai(1)-Krenko Goblins' Cleanup step
Turn: Turn 37 (Ai(3)-Selvala Ramp)
Phase: Ai(3)-Selvala Ramp's Untap step
Phase: Ai(3)-Selvala Ramp's Upkeep step
Phase: Ai(3)-Selvala Ramp's Draw step
Phase: Ai(3)-Selvala Ramp's Main phase, precombat
Land: Ai(3)-Selvala Ramp played Forest (261)
Mana: Forest (249) - {T}: Add {G}.
Mana: Forest (242) - {T}: Add {G}.
Mana: Forest (246) - {T}: Add {G}.
Mana: Forest (258) - {T}: Add {G}.
Mana: Forest (272) - {T}: Add {G}.
Mana: Forest (254) - {T}: Add {G}.
Mana: Forest (273) - {T}: Add {G}.
Mana: Forest (267) - {T}: Add {G}.
Add To Stack: Ai(3)-Selvala Ramp cast Craterhoof Behemoth
Resolve Stack: Craterhoof Behemoth - Creature 5 / 5
Add To Stack: Ai(3)-Selvala Ramp triggered Craterhoof Behemoth
Resolve Stack: When Craterhoof Behemoth enters, creatures you control gain trample and get +X/+X until end of turn, where X is the number of creatures you control. [Zone Changer: Craterhoof Behemoth (216)]
Phase: Ai(3)-Selvala Ramp's Beginning of Combat Step
Phase: Ai(3)-Selvala Ramp's Declare Attackers Step
Phase: Ai(3)-Selvala Ramp's Declare Blockers Step
Phase: Ai(3)-Selvala Ramp's First Strike Damage Step
Phase: Ai(3)-Selvala Ramp's Combat Damage Step
Phase: Ai(3)-Selvala Ramp's End of Combat Step
Phase: Ai(3)-Selvala Ramp's Main phase, postcombat
Mana: Forest (271) - {T}: Add {G}.
Mana: Forest (281) - {T}: Add {G}.
Mana: Forest (261) - {T}: Add {G}.
Add To Stack: Ai(3)-Selvala Ramp cast Wood Elves
Resolve Stack: Wood Elves - Creature 1 / 1
Add To Stack: Ai(3)-Selvala Ramp triggered Wood Elves
Resolve Stack: When Wood Elves enters, search your library for a Forest card, put that card onto the battlefield, then shuffle. [Zone Changer: Wood Elves (217)]
Phase: Ai(3)-Selvala Ramp's End step
Phase: Ai(3)-Selvala Ramp's Cleanup step
Turn: Turn 38 (Ai(4)-Talrand Control)
Phase: Ai(4)-Talrand Control's Untap step
Phase: Ai(4)-Talrand Control's Upkeep step
Phase: Ai(4)-Talrand Control's Draw step
Phase: Ai(4)-Talrand Control's Main phase, precombat
Phase: Ai(4)-Talrand Control's Beginning of Combat Step
Phase: Ai(4)-Talrand Control's Declare Attackers Step
Combat: Ai(4)-Talrand Control assigned Drake Token (438), Drake Token (446), Drake Token (449), Drake Token (452), Talrand, Sky Summoner (403), Archaeomancer (312) and Augur of Bolas (385) to attack Ai(1)-Krenko Goblins.
Phase: Ai(4)-Talrand Control's Declare Blockers Step
Combat: Ai(1)-Krenko Goblins didn't block Drake Token (438).
Ai(1)-Krenko Goblins didn't block Drake Token (446).
Ai(1)-Krenko Goblins didn't block Drake Token (449).
Ai(1)-Krenko Goblins didn't block Drake Token (452).
Ai(1)-Krenko Goblins assigned Spikeshot Elder (18) to block Talrand, Sky Summoner (403).
Ai(1)-Krenko Goblins assigned Skirk Prospector (44) to block Archaeomancer (312).
Ai(1)-Krenko Goblins assigned Krenko, Mob Boss (100) to block Augur of Bolas (385).
Phase: Ai(4)-Talrand Control's First Strike Damage Step
Phase: Ai(4)-Talrand Control's Combat Damage Step
Damage: Drake Token (438) deals 5 combat damage to Ai(1)-Krenko Goblins.
Damage: Drake Token (446) deals 5 combat damage to Ai(1)-Krenko Goblins.
Damage: Drake Token (449) deals 5 combat damage to Ai(1)-Krenko Goblins.
Damage: Drake Token (452) deals 5 combat damage to Ai(1)-Krenko Goblins.
Damage: Talrand, Sky Summoner (403) deals 4 damage to Spikeshot Elder (18).
Damage: Archaeomancer (312) deals 3 damage to Skirk Prospector (44).
Damage: Augur of Bolas (385) deals 3 damage to Krenko, Mob Boss (100).
Damage: Spikeshot Elder (18) deals 3 damage to Talrand, Sky Summoner (403).
Damage: Skirk Prospector (44) deals 3 damage to Archaeomancer (312).
Damage: Krenko, Mob Boss (100) deals 5 damage to Augur of Bolas (385).
Life: Life: Ai(1)-Krenko Goblins 6 > -14
Zone Change: Archaeomancer (312) was put into Graveyard from Battlefield.
Zone Change: Augur of Bolas (385) was put into Graveyard from Battlefield.
Zone Change: Talrand, Sky Summoner (403) was put into Graveyard from Battlefield.
Phase: Ai(4)-Talrand Control's End of Combat Step
Phase: Ai(4)-Talrand Control's Main phase, postcombat
Mana: Island (358) - {T}: Add {U}.
Mana: Island (368) - {T}: Add {U}.
Mana: Island (377) - {T}: Add {U}.
Mana: Island (372) - {T}: Add {U}.
Mana: Island (369) - {T}: Add {U}.
Mana: Island (347) - {T}: Add {U}.
Mana: Island (380) - {T}: Add {U}.
Mana: Island (375) - {T}: Add {U}.
Mana: Sky Diamond (399) - {T}: Add {U}.
Mana: Island (349) - {T}: Add {U}.
Add To Stack: Ai(4)-Talrand Control cast Talrand, Sky Summoner
Resolve Stack: Talrand, Sky Summoner - Creature 2 / 2
Phase: Ai(4)-Talrand Control's End step
Mana: Forest (277) - {T}: Add {G}.
Mana: Priest of Titania (224) - {T}: Add {G} for each Elf on the battlefield.
Add To Stack: Ai(3)-Selvala Ramp cast Naturalize targeting [Sky Diamond (399)]
Zone Change: Sky Diamond (399) was put into Graveyard from Battlefield.
Resolve Stack: Naturalize (212) - Destroy Sky Diamond (399).
Phase: Ai(4)-Talrand Control's Cleanup step
Turn: Turn 39 (Ai(3)-Selvala Ramp)
Phase: Ai(3)-Selvala Ramp's Untap step
Phase: Ai(3)-Selvala Ramp's Upkeep step
Phase: Ai(3)-Selvala Ramp's Draw step
Phase: Ai(3)-Selvala Ramp's Main phase, precombat
Phase: Ai(3)-Selvala Ramp's Beginning of Combat Step
Phase: Ai(3)-Selvala Ramp's Declare Attackers Step
Combat: Ai(3)-Selvala Ramp assigned Craterhoof Behemoth (216) to attack Ai(4)-Talrand Control.
Phase: Ai(3)-Selvala Ramp's Declare Blockers Step
Combat: Ai(4)-Talrand Control didn't block Craterhoof Behemoth (216).
Phase: Ai(3)-Selvala Ramp's First Strike Damage Step
Phase: Ai(3)-Selvala Ramp's Combat Damage Step
Damage: Craterhoof Behemoth (216) deals 5 combat damage to Ai(4)-Talrand Control.
Life: Life: Ai(4)-Talrand Control 40 > 35
Phase: Ai(3)-Selvala Ramp's End of Combat Step
Phase: Ai(3)-Selvala Ramp's Main phase, postcombat
Land: Ai(3)-Selvala Ramp played Forest (243)
Mana: Forest (249) - {T}: Add {G}.
Mana: Forest (242) - {T}: Add {G}.
Mana: Forest (246) - {T}: Add {G}.
Mana: Forest (258) - {T}: Add {G}.
Mana: Forest (272) - {T}: Add {G}.
Mana: Forest (254) - {T}: Add {G}.
Add To Stack: Ai(3)-Selvala Ramp cast Soul of the Harvest
Resolve Stack: Soul of the Harvest - Creature 6 / 6
Mana: Forest (273) - {T}: Add {G}.
Mana: Forest (267) - {T}: Add {G}.
Mana: Forest (271) - {T}: Add {G}.
Mana: Forest (281) - {T}: Add {G}.
Mana: Forest (261) - {T}: Add {G}.
Mana: Forest (277) - {T}: Add {G}.
Mana: Forest (243) - {T}: Add {G}.
Add To Stack: Ai(3)-Selvala Ramp cast Selvala, Heart of the Wilds
Resolve Stack: Selvala, Heart of the Wilds - Creature 2 / 3
Add To Stack: Ai(3)-Selvala Ramp triggered Soul of the Harvest
Resolve Stack: Whenever another nontoken creature you control enters, you may draw a card. [Zone Changer: Selvala, Heart of the Wilds (302)]
Phase: Ai(3)-Selvala Ramp's End step
Phase: Ai(3)-Selvala Ramp's Cleanup step
Turn: Turn 40 (Ai(4)-Talrand Control)
Phase: Ai(4)-Talrand Control's Untap step
Phase: Ai(4)-Talrand Control's Upkeep step
Phase: Ai(4)-Talrand Control's Draw step
Phase: Ai(4)-Talrand Control's Main phase, precombat
Land: Ai(4)-Talrand Control played Island (381)
Phase: Ai(4)-Talrand Control's Beginning of Combat Step
Phase: Ai(4)-Talrand Control's Declare Attackers Step
Combat: Ai(4)-Talrand Control assigned Drake Token (438), Drake Token (446), Drake Token (449) and Drake Token (452) to attack Ai(3)-Selvala Ramp.
Phase: Ai(4)-Talrand Control's Declare Blockers Step
Combat: Ai(3)-Selvala Ramp didn't block Drake Token (438).
Ai(3)-Selvala Ramp didn't block Drake Token (446).
Ai(3)-Selvala Ramp didn't block Drake Token (449).
Ai(3)-Selvala Ramp didn't block Drake Token (452).
Phase: Ai(4)-Talrand Control's First Strike Damage Step
Phase: Ai(4)-Talrand Control's Combat Damage Step
Damage: Drake Token (438) deals 2 combat damage to Ai(3)-Selvala Ramp.
Damage: Drake Token (446) deals 2 combat damage to Ai(3)-Selvala Ramp.
Damage: Drake Token (449) deals 2 combat damage to Ai(3)-Selvala Ramp.
Damage: Drake Token (452) deals 2 combat damage to Ai(3)-Selvala Ramp.
Life: Life: Ai(3)-Selvala Ramp 44 > 36
Phase: Ai(4)-Talrand Control's End of Combat Step
Phase: Ai(4)-Talrand Control's Main phase, postcombat
Mana: Island (358) - {T}: Add {U}.
Mana: Island (368) - {T}: Add {U}.
Mana: Island (377) - {T}: Add {U}.
Mana: Island (372) - {T}: Add {U}.
Mana: Island (369) - {T}: Add {U}.
Mana: Island (347) - {T}: Add {U}.
Mana: Island (380) - {T}: Add {U}.
Mana: Island (375) - {T}: Add {U}.
Mana: Island (349) - {T}: Add {U}.
Add To Stack: Ai(4)-Talrand Control cast Stroke of Genius targeting [Ai(4)-Talrand Control]
Add To Stack: Ai(4)-Talrand Control triggered Talrand, Sky Summoner
Resolve Stack: Whenever you cast an instant or sorcery spell, create a 2/2 blue Drake creature token with flying. [Card: Stroke of Genius (391), Activator: Ai(4)-Talrand Control, SpellAbility: Target player draws X cards.]
Add To Stack: Ai(3)-Selvala Ramp triggered Selvala, Heart of the Wilds
Resolve Stack: Whenever another creature enters, its controller may draw a card if its power is greater than each other creature's power. [Zone Changer: Drake Token (455)]
Resolve Stack: Stroke of Genius (391) - Ai(4)-Talrand Control draws six cards. (X=6)
Mana: Island (381) - {T}: Add {U}.
Add To Stack: Ai(4)-Talrand Control cast Mystic Remora
Resolve Stack: Mystic Remora
Phase: Ai(4)-Talrand Control's End step
Phase: Ai(4)-Talrand Control's Cleanup step
Turn: Turn 41 (Ai(3)-Selvala Ramp)
Phase: Ai(3)-Selvala Ramp's Untap step
Phase: Ai(3)-Selvala Ramp's Upkeep step
Phase: Ai(3)-Selvala Ramp's Draw step
Phase: Ai(3)-Selvala Ramp's Main phase, precombat
Land: Ai(3)-Selvala Ramp played Forest (279)
Phase: Ai(3)-Selvala Ramp's Beginning of Combat Step
Phase: Ai(3)-Selvala Ramp's Declare Attackers Step
Combat: Ai(3)-Selvala Ramp assigned Soul of the Harvest (215), Craterhoof Behemoth (216) and Selvala, Heart of the Wilds (302) to attack Ai(4)-Talrand Control.
Phase: Ai(3)-Selvala Ramp's Declare Blockers Step
Combat: Ai(4)-Talrand Control didn't block Soul of the Harvest (215).
Ai(4)-Talrand Control didn't block Craterhoof Behemoth (216).
Ai(4)-Talrand Control didn't block Selvala, Heart of the Wilds (302).
Phase: Ai(3)-Selvala Ramp's First Strike Damage Step
Phase: Ai(3)-Selvala Ramp's Combat Damage Step
Damage: Soul of the Harvest (215) deals 6 combat damage to Ai(4)-Talrand Control.
Damage: Craterhoof Behemoth (216) deals 5 combat damage to Ai(4)-Talrand Control.
Damage: Selvala, Heart of the Wilds (302) deals 2 combat damage to Ai(4)-Talrand Control.
Life: Life: Ai(4)-Talrand Control 35 > 22
Phase: Ai(3)-Selvala Ramp's End of Combat Step
Phase: Ai(3)-Selvala Ramp's Main phase, postcombat
Mana: Forest (249) - {T}: Add {G}.
Mana: Forest (242) - {T}: Add {G}.
Mana: Forest (246) - {T}: Add {G}.
Mana: Forest (258) - {T}: Add {G}.
Mana: Forest (272) - {T}: Add {G}.
Mana: Forest (254) - {T}: Add {G}.
Mana: Forest (273) - {T}: Add {G}.
Add To Stack: Ai(3)-Selvala Ramp cast Zendikar Resurgent
Add To Stack: Ai(4)-Talrand Control triggered Mystic Remora
Mana: Forest (267) - {T}: Add {G}.
Mana: Forest (271) - {T}: Add {G}.
Mana: Forest (281) - {T}: Add {G}.
Mana: Forest (261) - {T}: Add {G}.
Resolve Stack: Whenever an opponent casts a noncreature spell, you may draw a card unless that player pays {4}. [Card: Zendikar Resurgent (211), Activator: Ai(3)-Selvala Ramp, SpellAbility: Zendikar Resurgent]
Resolve Stack: Zendikar Resurgent
Phase: Ai(3)-Selvala Ramp's End step
Phase: Ai(3)-Selvala Ramp's Cleanup step
Turn: Turn 42 (Ai(4)-Talrand Control)
Phase: Ai(4)-Talrand Control's Untap step
Phase: Ai(4)-Talrand Control's Upkeep step
Add To Stack: Ai(4)-Talrand Control triggered Mystic Remora
Mana: Island (358) - {T}: Add {U}.
Resolve Stack: Cumulative upkeep {1} (At the beginning of your upkeep, put an age counter on this permanent, then sacrifice it unless you pay its upkeep cost for each age counter on it.) [Phase: Ai(4)-Talrand Control]
Mana: Island (368) - {T}: Add {U}.
Mana: Island (377) - {T}: Add {U}.
Mana: Island (372) - {T}: Add {U}.
Mana: Island (369) - {T}: Add {U}.
Add To Stack: Ai(4)-Talrand Control cast Fact or Fiction
Add To Stack: Ai(4)-Talrand Control triggered Talrand, Sky Summoner
Resolve Stack: Whenever you cast an instant or sorcery spell, create a 2/2 blue Drake creature token with flying. [Card: Fact or Fiction (321), Activator: Ai(4)-Talrand Control, SpellAbility: Reveal the top five cards of your library. An opponent separates those cards into two piles. Put one pile into your hand and the other into your graveyard. ]
Add To Stack: Ai(3)-Selvala Ramp triggered Selvala, Heart of the Wilds
Resolve Stack: Whenever another creature enters, its controller may draw a card if its power is greater than each other creature's power. [Zone Changer: Drake Token (471)]
Resolve Stack: Fact or Fiction (321) - Ai(4)-Talrand Control reveals the top five cards of their library. An opponent separates those cards into two piles. Ai(4)-Talrand Control puts one pile into their hand and the other into their graveyard.
Phase: Ai(4)-Talrand Control's Draw step
Phase: Ai(4)-Talrand Control's Main phase, precombat
Land: Ai(4)-Talrand Control played Island (340)
Phase: Ai(4)-Talrand Control's Beginning of Combat Step
Phase: Ai(4)-Talrand Control's Declare Attackers Step
Combat: Ai(4)-Talrand Control assigned Drake Token (438), Drake Token (446), Drake Token (449), Drake Token (452) and Drake Token (455) to attack Ai(3)-Selvala Ramp.
Phase: Ai(4)-Talrand Control's Declare Blockers Step
Combat: Ai(3)-Selvala Ramp didn't block Drake Token (438).
Ai(3)-Selvala Ramp didn't block Drake Token (446).
Ai(3)-Selvala Ramp didn't block Drake Token (449).
Ai(3)-Selvala Ramp didn't block Drake Token (452).
Ai(3)-Selvala Ramp didn't block Drake Token (455).
Mana: Island (347) - {T}: Add {U}.
Add To Stack: Ai(4)-Talrand Control cast Rapid Hybridization targeting [Craterhoof Behemoth (216)]
Add To Stack: Ai(4)-Talrand Control triggered Talrand, Sky Summoner
Resolve Stack: Whenever you cast an instant or sorcery spell, create a 2/2 blue Drake creature token with flying. [Card: Rapid Hybridization (329), Activator: Ai(4)-Talrand Control, SpellAbility: Destroy target creature. It can't be regenerated. That creature's controller creates a 3/3 green Frog Lizard creature token. ]
Add To Stack: Ai(3)-Selvala Ramp triggered Selvala, Heart of the Wilds
Resolve Stack: Whenever another creature enters, its controller may draw a card if its power is greater than each other creature's power. [Zone Changer: Drake Token (487)]
Zone Change: Craterhoof Behemoth (216) was put into Graveyard from Battlefield.
Resolve Stack: Rapid Hybridization (329) - Destroy Craterhoof Behemoth (216). It can't be regenerated. 
Add To Stack: Ai(3)-Selvala Ramp triggered Selvala, Heart of the Wilds
Resolve Stack: Whenever another creature enters, its controller may draw a card if its power is greater than each other creature's power. [Zone Changer: Frog Lizard Token (489)]
Phase: Ai(4)-Talrand Control's First Strike Damage Step
Phase: Ai(4)-Talrand Control's Combat Damage Step
Damage: Drake Token (438) deals 2 combat damage to Ai(3)-Selvala Ramp.
Damage: Drake Token (446) deals 2 combat damage to Ai(3)-Selvala Ramp.
Damage: Drake Token (449) deals 2 combat damage to Ai(3)-Selvala Ramp.
Damage: Drake Token (452) deals 2 combat damage to Ai(3)-Selvala Ramp.
Damage: Drake Token (455) deals 2 combat damage to Ai(3)-Selvala Ramp.
Life: Life: Ai(3)-Selvala Ramp 36 > 26
Phase: Ai(4)-Talrand Control's End of Combat Step
Phase: Ai(4)-Talrand Control's Main phase, postcombat
Mana: Island (380) - {T}: Add {U}.
Mana: Island (375) - {T}: Add {U}.
Add To Stack: Ai(4)-Talrand Control cast Mind Stone
Resolve Stack: Mind Stone
Mana: Island (349) - {T}: Add {U}.
Add To Stack: Ai(4)-Talrand Control cast Serum Visions
Add To Stack: Ai(4)-Talrand Control triggered Talrand, Sky Summoner
Resolve Stack: Whenever you cast an instant or sorcery spell, create a 2/2 blue Drake creature token with flying. [Card: Serum Visions (383), Activator: Ai(4)-Talrand Control, SpellAbility: Draw a card. Scry 2. ]
Add To Stack: Ai(3)-Selvala Ramp triggered Selvala, Heart of the Wilds
Resolve Stack: Whenever another creature enters, its controller may draw a card if its power is greater than each other creature's power. [Zone Changer: Drake Token (492)]
Resolve Stack: Ai(4)-Talrand Control scried 1 card(s) to the top of the library and 1 card(s) to the bottom of the library
Resolve Stack: Serum Visions (383) - Ai(4)-Talrand Control draws a card. Ai(4)-Talrand Control scries 2.
Phase: Ai(4)-Talrand Control's End step
Phase: Ai(4)-Talrand Control's Cleanup step
Turn: Turn 43 (Ai(3)-Selvala Ramp)
Phase: Ai(3)-Selvala Ramp's Untap step
Phase: Ai(3)-Selvala Ramp's Upkeep step
Phase: Ai(3)-Selvala Ramp's Draw step
Phase: Ai(3)-Selvala Ramp's Main phase, precombat
Land: Ai(3)-Selvala Ramp played Forest (265)
Phase: Ai(3)-Selvala Ramp's Beginning of Combat Step
Phase: Ai(3)-Selvala Ramp's Declare Attackers Step
Combat: Ai(3)-Selvala Ramp assigned Soul of the Harvest (215) to attack Ai(4)-Talrand Control.
Phase: Ai(3)-Selvala Ramp's Declare Blockers Step
Combat: Ai(4)-Talrand Control didn't block Soul of the Harvest (215).
Phase: Ai(3)-Selvala Ramp's First Strike Damage Step
Phase: Ai(3)-Selvala Ramp's Combat Damage Step
Damage: Soul of the Harvest (215) deals 6 combat damage to Ai(4)-Talrand Control.
Life: Life: Ai(4)-Talrand Control 22 > 16
Phase: Ai(3)-Selvala Ramp's End of Combat Step
Phase: Ai(3)-Selvala Ramp's Main phase, postcombat
Mana: Forest (249) - {T}: Add {G}.
Mana: Forest (242) - {T}: Add {G}.
Mana: Forest (246) - {T}: Add {G}.
Add To Stack: Ai(3)-Selvala Ramp cast Grave Sifter
Add To Stack: Ai(3)-Selvala Ramp triggered Zendikar Resurgent
Resolve Stack: Whenever you cast a creature spell, draw a card. [Card: Grave Sifter (238), Activator: Ai(3)-Selvala Ramp, SpellAbility: Grave Sifter - Creature 5 / 7]
Mana: Island (381) - {T}: Add {U}.
Mana: Island (340) - {T}: Add {U}.
Mana: Mind Stone (311) - {T}: Add {C}.
Add To Stack: Ai(4)-Talrand Control cast Dissolve targeting [Grave Sifter - Creature 5 / 7]
Add To Stack: Ai(4)-Talrand Control triggered Talrand, Sky Summoner
Resolve Stack: Whenever you cast an instant or sorcery spell, create a 2/2 blue Drake creature token with flying. [Card: Dissolve (387), Activator: Ai(4)-Talrand Control, SpellAbility: Counter target spell. Scry 1. (Look at the top card of your library. You may put that card on the bottom of your library.) ]
Add To Stack: Ai(3)-Selvala Ramp triggered Selvala, Heart of the Wilds
Resolve Stack: Whenever another creature enters, its controller may draw a card if its power is greater than each other creature's power. [Zone Changer: Drake Token (495)]
Zone Change: Send countered spell to Graveyard
Resolve Stack: Ai(4)-Talrand Control scried 1 card(s) to the top of the library
Resolve Stack: Dissolve (387) - Counter Grave Sifter (238). Ai(4)-Talrand Control scries 1.
Mana: Forest (258) - {T}: Add {G}.
Add To Stack: Ai(3)-Selvala Ramp cast Moss Diamond
Add To Stack: Ai(4)-Talrand Control triggered Mystic Remora
Mana: Forest (272) - {T}: Add {G}.
Mana: Forest (254) - {T}: Add {G}.
Resolve Stack: Whenever an opponent casts a noncreature spell, you may draw a card unless that player pays {4}. [Card: Moss Diamond (226), Activator: Ai(3)-Selvala Ramp, SpellAbility: Moss Diamond]
Replacement Effect: Moss Diamond enters tapped.
Resolve Stack: Moss Diamond
Phase: Ai(3)-Selvala Ramp's End step
Phase: Ai(3)-Selvala Ramp's Cleanup step
Turn: Turn 44 (Ai(4)-Talrand Control)
Phase: Ai(4)-Talrand Control's Untap step
Phase: Ai(4)-Talrand Control's Upkeep step
Add To Stack: Ai(4)-Talrand Control triggered Mystic Remora
Mana: Island (358) - {T}: Add {U}.
Mana: Island (368) - {T}: Add {U}.
Resolve Stack: Cumulative upkeep {1} (At the beginning of your upkeep, put an age counter on this permanent, then sacrifice it unless you pay its upkeep cost for each age counter on it.) [Phase: Ai(4)-Talrand Control]
Phase: Ai(4)-Talrand Control's Draw step
Phase: Ai(4)-Talrand Control's Main phase, precombat
Land: Ai(4)-Talrand Control played Island (371)
Phase: Ai(4)-Talrand Control's Beginning of Combat Step
Phase: Ai(4)-Talrand Control's Declare Attackers Step
Combat: Ai(4)-Talrand Control assigned Drake Token (438), Drake Token (446), Drake Token (449), Drake Token (452), Drake Token (455), Drake Token (471), Drake Token (487), Drake Token (492) and Drake Token (495) to attack Ai(3)-Selvala Ramp.
Phase: Ai(4)-Talrand Control's Declare Blockers Step
Combat: Ai(3)-Selvala Ramp didn't block Drake Token (438).
Ai(3)-Selvala Ramp didn't block Drake Token (446).
Ai(3)-Selvala Ramp didn't block Drake Token (449).
Ai(3)-Selvala Ramp didn't block Drake Token (452).
Ai(3)-Selvala Ramp didn't block Drake Token (455).
Ai(3)-Selvala Ramp didn't block Drake Token (471).
Ai(3)-Selvala Ramp didn't block Drake Token (487).
Ai(3)-Selvala Ramp didn't block Drake Token (492).
Ai(3)-Selvala Ramp didn't block Drake Token (495).
Phase: Ai(4)-Talrand Control's First Strike Damage Step
Phase: Ai(4)-Talrand Control's Combat Damage Step
Damage: Drake Token (438) deals 2 combat damage to Ai(3)-Selvala Ramp.
Damage: Drake Token (446) deals 2 combat damage to Ai(3)-Selvala Ramp.
Damage: Drake Token (449) deals 2 combat damage to Ai(3)-Selvala Ramp.
Damage: Drake Token (452) deals 2 combat damage to Ai(3)-Selvala Ramp.
Damage: Drake Token (455) deals 2 combat damage to Ai(3)-Selvala Ramp.
Damage: Drake Token (471) deals 2 combat damage to Ai(3)-Selvala Ramp.
Damage: Drake Token (487) deals 2 combat damage to Ai(3)-Selvala Ramp.
Damage: Drake Token (492) deals 2 combat damage to Ai(3)-Selvala Ramp.
Damage: Drake Token (495) deals 2 combat damage to Ai(3)-Selvala Ramp.
Life: Life: Ai(3)-Selvala Ramp 26 > 8
Phase: Ai(4)-Talrand Control's End of Combat Step
Phase: Ai(4)-Talrand Control's Main phase, postcombat
Phase: Ai(4)-Talrand Control's End step
Phase: Ai(4)-Talrand Control's Cleanup step
Turn: Turn 45 (Ai(3)-Selvala Ramp)
Phase: Ai(3)-Selvala Ramp's Untap step
Phase: Ai(3)-Selvala Ramp's Upkeep step
Phase: Ai(3)-Selvala Ramp's Draw step
Phase: Ai(3)-Selvala Ramp's Main phase, precombat
Land: Ai(3)-Selvala Ramp played Forest (259)
Phase: Ai(3)-Selvala Ramp's Beginning of Combat Step
Phase: Ai(3)-Selvala Ramp's Declare Attackers Step
Phase: Ai(3)-Selvala Ramp's Declare Blockers Step
Phase: Ai(3)-Selvala Ramp's First Strike Damage Step
Phase: Ai(3)-Selvala Ramp's Combat Damage Step
Phase: Ai(3)-Selvala Ramp's End of Combat Step
Phase: Ai(3)-Selvala Ramp's Main phase, postcombat
Phase: Ai(3)-Selvala Ramp's End step
Mana: Island (377) - {T}: Add {U}.
Mana: Island (372) - {T}: Add {U}.
Add To Stack: Ai(4)-Talrand Control cast Anticipate
Add To Stack: Ai(4)-Talrand Control triggered Talrand, Sky Summoner
Resolve Stack: Whenever you cast an instant or sorcery spell, create a 2/2 blue Drake creature token with flying. [Card: Anticipate (313), Activator: Ai(4)-Talrand Control, SpellAbility: Look at the top three cards of your library. Put one of them into your hand and the rest on the bottom of your library in any order.]
Add To Stack: Ai(3)-Selvala Ramp triggered Selvala, Heart of the Wilds
Resolve Stack: Whenever another creature enters, its controller may draw a card if its power is greater than each other creature's power. [Zone Changer: Drake Token (498)]
Resolve Stack: Anticipate (313) - Ai(4)-Talrand Control looks at the top three cards of their library. They put one of them into their hand and put the rest on the bottom of their library in any order.
Phase: Ai(3)-Selvala Ramp's Cleanup step
Turn: Turn 46 (Ai(4)-Talrand Control)
Phase: Ai(4)-Talrand Control's Untap step
Phase: Ai(4)-Talrand Control's Upkeep step
Add To Stack: Ai(4)-Talrand Control triggered Mystic Remora
Mana: Island (358) - {T}: Add {U}.
Mana: Island (368) - {T}: Add {U}.
Mana: Island (377) - {T}: Add {U}.
Resolve Stack: Cumulative upkeep {1} (At the beginning of your upkeep, put an age counter on this permanent, then sacrifice it unless you pay its upkeep cost for each age counter on it.) [Phase: Ai(4)-Talrand Control]
Phase: Ai(4)-Talrand Control's Draw step
Phase: Ai(4)-Talrand Control's Main phase, precombat
Land: Ai(4)-Talrand Control played Island (359)
Phase: Ai(4)-Talrand Control's Beginning of Combat Step
Phase: Ai(4)-Talrand Control's Declare Attackers Step
Combat: Ai(4)-Talrand Control assigned Drake Token (438), Drake Token (446), Drake Token (449), Drake Token (452), Talrand, Sky Summoner (403), Drake Token (455), Drake Token (471), Drake Token (487), Drake Token (492), Drake Token (495) and Drake Token (498) to attack Ai(3)-Selvala Ramp.
Phase: Ai(4)-Talrand Control's Declare Blockers Step
Combat: Ai(3)-Selvala Ramp didn't block Drake Token (438).
Ai(3)-Selvala Ramp didn't block Drake Token (446).
Ai(3)-Selvala Ramp didn't block Drake Token (449).
Ai(3)-Selvala Ramp didn't block Drake Token (452).
Ai(3)-Selvala Ramp assigned Wood Elves (217) and Soul of the Harvest (215) to block Talrand, Sky Summoner (403).
Ai(3)-Selvala Ramp didn't block Drake Token (455).
Ai(3)-Selvala Ramp didn't block Drake Token (471).
Ai(3)-Selvala Ramp didn't block Drake Token (487).
Ai(3)-Selvala Ramp didn't block Drake Token (492).
Ai(3)-Selvala Ramp didn't block Drake Token (495).
Ai(3)-Selvala Ramp didn't block Drake Token (498).
Phase: Ai(4)-Talrand Control's First Strike Damage Step
Phase: Ai(4)-Talrand Control's Combat Damage Step
Damage: Drake Token (438) deals 2 combat damage to Ai(3)-Selvala Ramp.
Damage: Drake Token (446) deals 2 combat damage to Ai(3)-Selvala Ramp.
Damage: Drake Token (449) deals 2 combat damage to Ai(3)-Selvala Ramp.
Damage: Drake Token (452) deals 2 combat damage to Ai(3)-Selvala Ramp.
Damage: Talrand, Sky Summoner (403) deals 1 damage to Soul of the Harvest (215).
Damage: Talrand, Sky Summoner (403) deals 1 damage to Wood Elves (217).
Damage: Drake Token (455) deals 2 combat damage to Ai(3)-Selvala Ramp.
Damage: Drake Token (471) deals 2 combat damage to Ai(3)-Selvala Ramp.
Damage: Drake Token (487) deals 2 combat damage to Ai(3)-Selvala Ramp.
Damage: Drake Token (492) deals 2 combat damage to Ai(3)-Selvala Ramp.
Damage: Drake Token (495) deals 2 combat damage to Ai(3)-Selvala Ramp.
Damage: Drake Token (498) deals 2 combat damage to Ai(3)-Selvala Ramp.
Damage: Wood Elves (217) deals 1 damage to Talrand, Sky Summoner (403).
Damage: Soul of the Harvest (215) deals 6 damage to Talrand, Sky Summoner (403).
Life: Life: Ai(3)-Selvala Ramp 8 > -12
Player Control: Ai(1)-Krenko Goblins has restored control over themself
Player Control: Ai(2)-Drana Vampires has restored control over themself
Player Control: Ai(3)-Selvala Ramp has restored control over themself
Player Control: Ai(4)-Talrand Control has restored control over themself
Game Outcome: Turn 23
Game Outcome: Ai(1)-Krenko Goblins has lost because life total reached 0
Game Outcome: Ai(2)-Drana Vampires has lost because life total reached 0
Game Outcome: Ai(3)-Selvala Ramp has lost because life total reached 0
Game Outcome: Ai(4)-Talrand Control has won because all opponents have lost
Match Result: Ai(1)-Krenko Goblins: 0 Ai(2)-Drana Vampires: 2 Ai(3)-Selvala Ramp: 0 Ai(4)-Talrand Control: 3 

Game Result: Game 5 ended in 38919 ms. Ai(4)-Talrand Control has won!


--- STDERR ---
Upcoming set Star Trek (TRK) dated in the future. All `upcoming` cards will be added to this set with unknown rarity.
The card A-Alrund's Epiphany was not assigned to any set. Adding it to UNKNOWN set... to fix see res/editions/ folder. 
The card A-Baba Lysaga, Night Witch was not assigned to any set. Adding it to UNKNOWN set... to fix see res/editions/ folder. 
The card A-Divide by Zero was not assigned to any set. Adding it to UNKNOWN set... to fix see res/editions/ folder. 
The card A-Esika's Chariot was not assigned to any set. Adding it to UNKNOWN set... to fix see res/editions/ folder. 
The card A-Faceless Haven was not assigned to any set. Adding it to UNKNOWN set... to fix see res/editions/ folder. 
The card A-Fires of Invention was not assigned to any set. Adding it to UNKNOWN set... to fix see res/editions/ folder. 
The card A-Goldspan Dragon was not assigned to any set. Adding it to UNKNOWN set... to fix see res/editions/ folder. 
The card A-Hullbreaker Horror was not assigned to any set. Adding it to UNKNOWN set... to fix see res/editions/ folder. 
The card A-Kumano Faces Kakkazan was not assigned to any set. Adding it to UNKNOWN set... to fix see res/editions/ folder. 
The card A-Luminarch Aspirant was not assigned to any set. Adding it to UNKNOWN set... to fix see res/editions/ folder. 
The card A-Monster Manual was not assigned to any set. Adding it to UNKNOWN set... to fix see res/editions/ folder. 
The card A-Omnath, Locus of Creation was not assigned to any set. Adding it to UNKNOWN set... to fix see res/editions/ folder. 
The card A-The Meathook Massacre was not assigned to any set. Adding it to UNKNOWN set... to fix see res/editions/ folder. 
The card A-Unholy Heat was not assigned to any set. Adding it to UNKNOWN set... to fix see res/editions/ folder. 
The card Blinding Radiance was not assigned to any set. Adding it to UNKNOWN set... to fix see res/editions/ folder. 
The card Goblin Bruiser was not assigned to any set. Adding it to UNKNOWN set... to fix see res/editions/ folder. 
The card Ogre Painbringer was not assigned to any set. Adding it to UNKNOWN set... to fix see res/editions/ folder. 
The card Titanic Pelagosaur was not assigned to any set. Adding it to UNKNOWN set... to fix see res/editions/ folder. 
The card Treetop Recluse was not assigned to any set. Adding it to UNKNOWN set... to fix see res/editions/ folder. 
Upcoming set Star Trek (TRK) dated in the future. All `upcoming` cards will be added to this set with unknown rarity.
java.util.concurrent.TimeoutException
	at java.base/java.util.concurrent.FutureTask.get(FutureTask.java:204)
	at forge.ai.AiController.chooseSpellAbilityToPlayFromList(AiController.java:1680)
	at forge.ai.AiController.getSpellAbilityToPlay(AiController.java:1569)
	at forge.ai.AiController.chooseSpellAbilityToPlay(AiController.java:1389)
	at forge.ai.PlayerControllerAi.chooseSpellAbilityToPlay(PlayerControllerAi.java:833)
	at forge.game.phase.PhaseHandler.mainLoopStep(PhaseHandler.java:1063)
	at forge.game.phase.PhaseHandler.mainGameLoop(PhaseHandler.java:1042)
	at forge.game.phase.PhaseHandler.startFirstTurn(PhaseHandler.java:1036)
	at forge.game.GameAction.startGame(GameAction.java:2373)
	at forge.game.Match.startGame(Match.java:92)
	at forge.game.Match.startGame(Match.java:77)
	at forge.view.SimulateMatch.lambda$simulateSingleMatch$0(SimulateMatch.java:182)
	at forge.view.TimeLimitedCodeBlock.lambda$runWithTimeout$0(TimeLimitedCodeBlock.java:18)
	at java.base/java.util.concurrent.FutureTask.run(FutureTask.java:264)
	at java.base/java.util.concurrent.ThreadPoolExecutor.runWorker(ThreadPoolExecutor.java:1136)
	at java.base/java.util.concurrent.ThreadPoolExecutor$Worker.run(ThreadPoolExecutor.java:635)
	at java.base/java.lang.Thread.run(Thread.java:840)
Warning: default (ie. inherited from base class) implementation of confirmAction is used by Krenko, Mob Boss for forge.ai.ability.PermanentCreatureAi. Consider declaring an overloaded method
Warning: default (ie. inherited from base class) implementation of confirmAction is used by Talrand, Sky Summoner for forge.ai.ability.PermanentCreatureAi. Consider declaring an overloaded method
java.util.concurrent.TimeoutException
	at java.base/java.util.concurrent.FutureTask.get(FutureTask.java:204)
	at forge.ai.AiController.chooseSpellAbilityToPlayFromList(AiController.java:1680)
	at forge.ai.AiController.getSpellAbilityToPlay(AiController.java:1569)
	at forge.ai.AiController.chooseSpellAbilityToPlay(AiController.java:1389)
	at forge.ai.PlayerControllerAi.chooseSpellAbilityToPlay(PlayerControllerAi.java:833)
	at forge.game.phase.PhaseHandler.mainLoopStep(PhaseHandler.java:1063)
	at forge.game.phase.PhaseHandler.mainGameLoop(PhaseHandler.java:1042)
	at forge.game.phase.PhaseHandler.startFirstTurn(PhaseHandler.java:1036)
	at forge.game.GameAction.startGame(GameAction.java:2373)
	at forge.game.Match.startGame(Match.java:92)
	at forge.game.Match.startGame(Match.java:77)
	at forge.view.SimulateMatch.lambda$simulateSingleMatch$0(SimulateMatch.java:182)
	at forge.view.TimeLimitedCodeBlock.lambda$runWithTimeout$0(TimeLimitedCodeBlock.java:18)
	at java.base/java.util.concurrent.FutureTask.run(FutureTask.java:264)
	at java.base/java.util.concurrent.ThreadPoolExecutor.runWorker(ThreadPoolExecutor.java:1136)
	at java.base/java.util.concurrent.ThreadPoolExecutor$Worker.run(ThreadPoolExecutor.java:635)
	at java.base/java.lang.Thread.run(Thread.java:840)
Warning: default (ie. inherited from base class) implementation of confirmAction is used by Krenko, Mob Boss for forge.ai.ability.PermanentCreatureAi. Consider declaring an overloaded method
Warning: default (ie. inherited from base class) implementation of confirmAction is used by Talrand, Sky Summoner for forge.ai.ability.PermanentCreatureAi. Consider declaring an overloaded method
java.lang.InterruptedException
	at java.base/java.util.concurrent.FutureTask.awaitDone(FutureTask.java:418)
	at java.base/java.util.concurrent.FutureTask.get(FutureTask.java:203)
	at forge.ai.AiController.chooseSpellAbilityToPlayFromList(AiController.java:1680)
	at forge.ai.AiController.getSpellAbilityToPlay(AiController.java:1569)
	at forge.ai.AiController.chooseSpellAbilityToPlay(AiController.java:1389)
	at forge.ai.PlayerControllerAi.chooseSpellAbilityToPlay(PlayerControllerAi.java:833)
	at forge.game.phase.PhaseHandler.mainLoopStep(PhaseHandler.java:1063)
	at forge.game.phase.PhaseHandler.mainGameLoop(PhaseHandler.java:1042)
	at forge.game.phase.PhaseHandler.startFirstTurn(PhaseHandler.java:1036)
	at forge.game.GameAction.startGame(GameAction.java:2373)
	at forge.game.Match.startGame(Match.java:92)
	at forge.game.Match.startGame(Match.java:77)
	at forge.view.SimulateMatch.lambda$simulateSingleMatch$0(SimulateMatch.java:182)
	at forge.view.TimeLimitedCodeBlock.lambda$runWithTimeout$0(TimeLimitedCodeBlock.java:18)
	at java.base/java.util.concurrent.FutureTask.run(FutureTask.java:264)
	at java.base/java.util.concurrent.ThreadPoolExecutor.runWorker(ThreadPoolExecutor.java:1136)
	at java.base/java.util.concurrent.ThreadPoolExecutor$Worker.run(ThreadPoolExecutor.java:635)
	at java.base/java.lang.Thread.run(Thread.java:840)
Warning: default (ie. inherited from base class) implementation of confirmAction is used by Selvala, Heart of the Wilds for forge.ai.ability.PermanentCreatureAi. Consider declaring an overloaded method
Warning: default (ie. inherited from base class) implementation of chooseSingleCard is used by Urge to Feed for forge.ai.ability.TapAi. Consider declaring an overloaded method
Warning: default (ie. inherited from base class) implementation of chooseSingleCard is used by Urge to Feed for forge.ai.ability.TapAi. Consider declaring an overloaded method
Warning: default (ie. inherited from base class) implementation of confirmAction is used by Talrand, Sky Summoner for forge.ai.ability.PermanentCreatureAi. Consider declaring an overloaded method
Warning: default (ie. inherited from base class) implementation of confirmAction is used by Talrand, Sky Summoner for forge.ai.ability.PermanentCreatureAi. Consider declaring an overloaded method
Warning: default (ie. inherited from base class) implementation of confirmAction is used by Krenko, Mob Boss for forge.ai.ability.PermanentCreatureAi. Consider declaring an overloaded method
Warning: default (ie. inherited from base class) implementation of confirmAction is used by Talrand, Sky Summoner for forge.ai.ability.PermanentCreatureAi. Consider declaring an overloaded method
Warning: default (ie. inherited from base class) implementation of chooseSinglePlayer is used by Sphinx of Uthuun for forge.ai.ability.TwoPilesAi. Consider declaring an overloaded method
Warning: default (ie. inherited from base class) implementation of confirmAction is used by Talrand, Sky Summoner for forge.ai.ability.PermanentCreatureAi. Consider declaring an overloaded method
Warning: default (ie. inherited from base class) implementation of confirmAction is used by Krenko, Mob Boss for forge.ai.ability.PermanentCreatureAi. Consider declaring an overloaded method
Warning: default (ie. inherited from base class) implementation of confirmAction is used by Krenko, Mob Boss for forge.ai.ability.PermanentCreatureAi. Consider declaring an overloaded method
Warning: default (ie. inherited from base class) implementation of confirmAction is used by Talrand, Sky Summoner for forge.ai.ability.PermanentCreatureAi. Consider declaring an overloaded method
Warning: default (ie. inherited from base class) implementation of confirmAction is used by Selvala, Heart of the Wilds for forge.ai.ability.PermanentCreatureAi. Consider declaring an overloaded method
Warning: default (ie. inherited from base class) implementation of confirmAction is used by Selvala, Heart of the Wilds for forge.ai.ability.PermanentCreatureAi. Consider declaring an overloaded method
Warning: default (ie. inherited from base class) implementation of confirmAction is used by Krenko, Mob Boss for forge.ai.ability.PermanentCreatureAi. Consider declaring an overloaded method
Warning: default (ie. inherited from base class) implementation of confirmAction is used by Selvala, Heart of the Wilds for forge.ai.ability.PermanentCreatureAi. Consider declaring an overloaded method
Warning: default (ie. inherited from base class) implementation of confirmAction is used by Talrand, Sky Summoner for forge.ai.ability.PermanentCreatureAi. Consider declaring an overloaded method
Warning: default (ie. inherited from base class) implementation of confirmAction is used by Krenko, Mob Boss for forge.ai.ability.PermanentCreatureAi. Consider declaring an overloaded method
Warning: default (ie. inherited from base class) implementation of confirmAction is used by Krenko, Mob Boss for forge.ai.ability.PermanentCreatureAi. Consider declaring an overloaded method
Warning: default (ie. inherited from base class) implementation of chooseSinglePlayer is used by Sphinx of Uthuun for forge.ai.ability.TwoPilesAi. Consider declaring an overloaded method
Warning: default (ie. inherited from base class) implementation of confirmAction is used by Krenko, Mob Boss for forge.ai.ability.PermanentCreatureAi. Consider declaring an overloaded method
Warning: default (ie. inherited from base class) implementation of confirmAction is used by Talrand, Sky Summoner for forge.ai.ability.PermanentCreatureAi. Consider declaring an overloaded method
java.util.concurrent.TimeoutException
	at java.base/java.util.concurrent.FutureTask.get(FutureTask.java:204)
	at forge.ai.AiController.chooseSpellAbilityToPlayFromList(AiController.java:1680)
	at forge.ai.AiController.getSpellAbilityToPlay(AiController.java:1569)
	at forge.ai.AiController.chooseSpellAbilityToPlay(AiController.java:1389)
	at forge.ai.PlayerControllerAi.chooseSpellAbilityToPlay(PlayerControllerAi.java:833)
	at forge.game.phase.PhaseHandler.mainLoopStep(PhaseHandler.java:1063)
	at forge.game.phase.PhaseHandler.mainGameLoop(PhaseHandler.java:1042)
	at forge.game.phase.PhaseHandler.startFirstTurn(PhaseHandler.java:1036)
	at forge.game.GameAction.startGame(GameAction.java:2373)
	at forge.game.Match.startGame(Match.java:92)
	at forge.game.Match.startGame(Match.java:77)
	at forge.view.SimulateMatch.lambda$simulateSingleMatch$0(SimulateMatch.java:182)
	at forge.view.TimeLimitedCodeBlock.lambda$runWithTimeout$0(TimeLimitedCodeBlock.java:18)
	at java.base/java.util.concurrent.FutureTask.run(FutureTask.java:264)
	at java.base/java.util.concurrent.ThreadPoolExecutor.runWorker(ThreadPoolExecutor.java:1136)
	at java.base/java.util.concurrent.ThreadPoolExecutor$Worker.run(ThreadPoolExecutor.java:635)
	at java.base/java.lang.Thread.run(Thread.java:840)
Warning: default (ie. inherited from base class) implementation of confirmAction is used by Krenko, Mob Boss for forge.ai.ability.PermanentCreatureAi. Consider declaring an overloaded method
Warning: default (ie. inherited from base class) implementation of confirmAction is used by Selvala, Heart of the Wilds for forge.ai.ability.PermanentCreatureAi. Consider declaring an overloaded method
Warning: default (ie. inherited from base class) implementation of confirmAction is used by Talrand, Sky Summoner for forge.ai.ability.PermanentCreatureAi. Consider declaring an overloaded method
Warning: default (ie. inherited from base class) implementation of confirmAction is used by Selvala, Heart of the Wilds for forge.ai.ability.PermanentCreatureAi. Consider declaring an overloaded method
Warning: default (ie. inherited from base class) implementation of confirmAction is used by Talrand, Sky Summoner for forge.ai.ability.PermanentCreatureAi. Consider declaring an overloaded method
Warning: default (ie. inherited from base class) implementation of confirmAction is used by Talrand, Sky Summoner for forge.ai.ability.PermanentCreatureAi. Consider declaring an overloaded method
Warning: default (ie. inherited from base class) implementation of chooseSinglePlayer is used by Fact or Fiction for forge.ai.ability.TwoPilesAi. Consider declaring an overloaded method
